filename,mean,std,min,max,zero_fraction,white_fraction
sample_00001.jpg,134.60222399037434,18.55833303795361,17,255,0.0,3.881309553843467e-05
sample_00002.jpg,103.439791185546,19.666633777988697,3,202,0.0,0.0
sample_00003.jpg,94.51105202895457,21.615269045821684,50,148,0.0,0.0
sample_00004.jpg,150.6117137922335,16.844021876600326,65,241,0.0,0.0
sample_00005.jpg,105.30802072619302,14.108040142374477,58,178,0.0,0.0
sample_00006.jpg,198.9101476838285,15.128802623569312,134,255,0.0,7.762619107686934e-05
sample_00007.jpg,115.51376894564225,15.374806858075711,44,196,0.0,0.0
sample_00008.jpg,106.50303712472588,18.88580616565708,53,251,0.0,0.0
sample_00009.jpg,117.65254516873993,15.90609095067289,27,187,0.0,0.0
sample_00010.jpg,156.88214403539754,42.23591692741968,0,215,0.048846280735120026,0.0
sample_00011.jpg,38.455064138640374,19.845997447426186,0,123,5.8219643307652e-05,0.0
sample_00012.jpg,134.4941877389431,20.050125675987378,0,227,0.004482912534689204,0.0
sample_00013.jpg,137.12065050748123,13.076938666998641,53,213,0.0,0.0
sample_00014.jpg,112.92410099167459,19.07450435508856,28,186,0.0,0.0
sample_00015.jpg,117.65879407712163,24.81228363357169,0,229,0.006229501833918764,0.0
sample_00016.jpg,103.25738904306313,68.25705802915556,0,214,0.273865202119195,0.0
sample_00017.jpg,117.20968774864639,20.60101311175456,4,200,0.0,0.0
sample_00018.jpg,104.68398377612607,52.859481128082685,0,247,0.09978846862931554,0.0
sample_00019.jpg,127.42952512177608,17.069181317582995,0,208,1.9406547769217335e-05,0.0
sample_00020.jpg,133.46608705777328,19.72761349112607,22,193,0.0,0.0
sample_00021.jpg,135.81410467891865,26.31716893200651,0,239,0.00029109821653826003,0.0
sample_00022.jpg,102.05678355877274,13.163403867096765,73,179,0.0,0.0
sample_00023.jpg,113.35863300277514,15.870254509885992,24,210,0.0,0.0
sample_00024.jpg,128.4168526460828,15.511231542592109,52,238,0.0,0.0
sample_00025.jpg,80.82611733198782,55.79806078115393,0,184,0.266626559801277,0.0
sample_00026.jpg,100.51322556230473,46.51235865646297,0,205,0.14413243028197714,0.0
sample_00027.jpg,107.35502338489006,70.82209762747844,0,228,0.2800558908575754,0.0
sample_00028.jpg,138.20557356051933,19.147394205753628,10,255,0.0,1.9406547769217335e-05
sample_00029.jpg,167.38217314521918,25.421407412384383,0,240,0.0014360845349220828,0.0
sample_00030.jpg,146.40761512934463,13.87783258513457,88,206,0.0,0.0
sample_00031.jpg,129.01804808942538,20.676606112047793,15,207,0.0,0.0
sample_00032.jpg,67.09245279357255,15.29088885877702,24,113,0.0,0.0
sample_00033.jpg,81.54404316016223,20.023416929296143,38,247,0.0,0.0
sample_00034.jpg,159.27153641638688,14.198822645086658,14,230,0.0,0.0
sample_00035.jpg,126.3778842981622,13.296956637222934,52,180,0.0,0.0
sample_00036.jpg,184.43672495099847,16.78619660987129,9,253,0.0,0.0
sample_00037.jpg,129.7585437326554,21.26977257494794,0,230,0.00013584583438452133,0.0
sample_00038.jpg,172.1952492771061,14.362143289620375,109,255,0.0,0.000116439286615304
sample_00039.jpg,104.42770090628578,76.87762990627343,0,255,0.32127539831939295,3.881309553843467e-05
sample_00040.jpg,174.75454598381495,17.986280540316425,66,223,0.0,0.0
sample_00041.jpg,91.25752488889752,20.516169404245566,0,245,0.001513710725998952,0.0
sample_00042.jpg,42.5234528129791,15.316942997575026,10,106,0.0,0.0
sample_00043.jpg,180.4906169341536,24.96622637207184,100,236,0.0,0.0
sample_00044.jpg,125.43969415280716,16.14559792717537,0,191,0.000174658929922956,0.0
sample_00045.jpg,61.65860001164393,41.4986831025417,0,255,0.19854839022686255,0.0010867666750761706
sample_00046.jpg,42.28434473791457,13.740681853817803,3,87,0.0,0.0
sample_00047.jpg,123.5440043470667,14.254573020228834,72,181,0.0,0.0
sample_00048.jpg,101.14046459275359,22.095936732777993,1,255,0.0,0.0005045702419996507
sample_00049.jpg,101.24522113761184,14.436076556531583,42,180,0.0,0.0
sample_00050.jpg,109.04552776106658,61.959704733099784,0,203,0.2224378505307691,0.0
sample_00051.jpg,152.24149508044013,16.33476186453446,41,235,0.0,0.0
sample_00052.jpg,134.54190843990762,12.733473697995832,103,228,0.0,0.0
sample_00053.jpg,136.06860214636419,14.764875958180065,65,196,0.0,0.0
sample_00054.jpg,83.60166120048905,17.084986136992708,0,160,1.9406547769217335e-05,0.0
sample_00055.jpg,77.32919326980924,18.44533682827763,10,216,0.0,0.0
sample_00056.jpg,133.4731316346135,23.33220437431198,40,193,0.0,0.0
sample_00057.jpg,70.05647305400842,36.56308572559262,0,158,0.15084709581012634,0.0
sample_00058.jpg,94.95433639309903,13.694646956625293,47,200,0.0,0.0
sample_00059.jpg,147.2458615536882,19.74084861002631,8,253,0.0,0.0
sample_00060.jpg,126.79947214190068,22.56401983006101,0,232,1.9406547769217335e-05,0.0
sample_00061.jpg,152.53414582079995,14.782703648652845,53,242,0.0,0.0
sample_00062.jpg,125.69968367327137,50.04881306175604,0,233,0.10875429369869394,0.0
sample_00063.jpg,141.5754623610006,13.278419339800301,64,197,0.0,0.0
sample_00064.jpg,111.93141726018358,22.61638383054726,17,225,0.0,0.0
sample_00065.jpg,122.23142308214791,17.824566629438245,0,254,0.000989733936230084,0.0
sample_00066.jpg,105.27850336703604,70.0597624859699,0,250,0.28230705039880455,0.0
sample_00067.jpg,133.11690504376176,19.74583290163032,0,251,0.00015525238215373868,0.0
sample_00068.jpg,140.17304818645812,16.884575802302592,86,244,0.0,0.0
sample_00069.jpg,168.91556211065614,14.82162345549561,70,234,0.0,0.0
sample_00070.jpg,167.84647480059772,21.01926346639183,32,224,0.0,0.0
sample_00071.jpg,143.6872440761513,15.422471248444424,92,203,0.0,0.0
sample_00072.jpg,171.91509635350968,30.35755458321675,34,238,0.0,0.0
sample_00073.jpg,121.77754274292147,19.616552109423473,3,173,0.0,0.0
sample_00074.jpg,132.318364416154,15.00423082755274,63,225,0.0,0.0
sample_00075.jpg,125.60882221661589,16.212909356588984,30,198,0.0,0.0
sample_00076.jpg,131.76871276368647,20.859859088226077,0,243,0.00015525238215373868,0.0
sample_00077.jpg,65.63209066739118,12.847737369127389,0,108,0.0005045702419996507,0.0
sample_00078.jpg,122.30206291602786,16.249472627888828,71,183,0.0,0.0
sample_00079.jpg,122.31494886374662,45.082597102721685,0,228,0.09365599953424285,0.0
sample_00080.jpg,145.9313590405403,15.358093250573724,59,237,0.0,0.0
sample_00081.jpg,103.3177434066254,55.15314748063587,0,194,0.17921946864872207,0.0
sample_00082.jpg,144.8199460497972,15.619339835334067,64,186,0.0,0.0
sample_00083.jpg,70.81086378544121,16.52729738638349,34,179,0.0,0.0
sample_00084.jpg,78.2376137708863,15.39867110891254,25,252,0.0,0.0
sample_00085.jpg,124.62326068815618,41.71826434453866,0,220,0.06452677133264764,0.0
sample_00086.jpg,68.68885481961614,15.315749756312034,28,180,0.0,0.0
sample_00087.jpg,72.19736459081294,18.7054116678939,26,188,0.0,0.0
sample_00088.jpg,120.26328863358498,21.26210573559071,28,223,0.0,0.0
sample_00089.jpg,135.4323584777504,14.917306838206775,94,255,0.0,9.703273884608666e-05
sample_00090.jpg,109.50154282054766,22.619520090263077,3,193,0.0,0.0
sample_00091.jpg,131.88555958780492,19.02383525998822,56,244,0.0,0.0
sample_00092.jpg,156.8518504143298,14.702435132625718,30,207,0.0,0.0
sample_00093.jpg,102.21063866948708,19.36894632092373,12,220,0.0,0.0
sample_00094.jpg,104.43016553785247,16.34281969098466,40,161,0.0,0.0
sample_00095.jpg,144.70692231558928,29.780683176025796,25,194,0.0,0.0
sample_00096.jpg,81.07081449280987,17.18359772959091,14,196,0.0,0.0
sample_00097.jpg,120.44105261115101,16.8091776204412,22,191,0.0,0.0
sample_00098.jpg,180.62473558578665,18.52256720272624,19,255,0.0,3.881309553843467e-05
sample_00099.jpg,129.60352422907488,20.799065777666534,52,205,0.0,0.0
sample_00100.jpg,132.10923945739293,43.16421134559779,0,187,0.07104737138310466,0.0
sample_00101.jpg,146.55403753226338,20.370545063467485,0,208,0.00042694405092278136,0.0
sample_00102.jpg,136.5076946961905,16.358925819820804,46,207,0.0,0.0
sample_00103.jpg,113.4638747113276,64.240761583517,0,241,0.17677424362980068,0.0
sample_00104.jpg,127.0516990432572,16.08518042904267,1,210,0.0,0.0
sample_00105.jpg,139.12544392478023,18.605644930960676,40,223,0.0,0.0
sample_00106.jpg,81.07582138213434,15.768148037593555,22,140,0.0,0.0
sample_00107.jpg,133.98371790642162,13.673236259430182,70,203,0.0,0.0
sample_00108.jpg,142.34984183663568,14.908420004833518,72,217,0.0,0.0
sample_00109.jpg,121.44182887306177,12.609568601797962,68,156,0.0,0.0
sample_00110.jpg,78.223932154709,13.051256178442433,16,136,0.0,0.0
sample_00111.jpg,153.56447825496323,48.0938771331521,0,215,0.0630324671544179,0.0
sample_00112.jpg,122.5209299617691,25.002190777900754,0,245,0.001280832152768344,0.0
sample_00113.jpg,112.81885928312212,16.472192850740093,6,200,0.0,0.0
sample_00114.jpg,118.42288808243902,14.386136786043881,45,166,0.0,0.0
sample_00115.jpg,118.7141609579072,23.546249686498257,65,178,0.0,0.0
sample_00116.jpg,85.10656135380077,23.00790338109653,0,255,0.0014554910826913002,0.00048516369423043333
sample_00117.jpg,127.44689398202954,17.78718301118369,44,207,0.0,0.0
sample_00118.jpg,183.2617555163112,20.144352548036295,0,249,0.0002522851209998253,0.0
sample_00119.jpg,65.56564264782938,14.917791904852939,3,123,0.0,0.0
sample_00120.jpg,38.59933241475674,15.545966405933164,0,104,0.0008150750063071281,0.0
sample_00121.jpg,88.09804187933008,11.811228033374869,13,185,0.0,0.0
sample_00122.jpg,113.77692173339285,15.630246928816614,53,164,0.0,0.0
sample_00123.jpg,117.89568980574046,17.453910348358082,60,171,0.0,0.0
sample_00124.jpg,63.64035785674086,19.189804080293516,0,174,1.9406547769217335e-05,0.0
sample_00125.jpg,103.25308078945837,17.349364757212065,3,167,0.0,0.0
sample_00126.jpg,128.38031011663335,68.9950887117914,0,202,0.19612257175571038,0.0
sample_00127.jpg,145.95973141337888,16.080160161804837,103,253,0.0,0.0
sample_00128.jpg,71.98721108502009,16.64978575126955,28,205,0.0,0.0
sample_00129.jpg,105.0056084923053,19.95253317509719,17,185,0.0,0.0
sample_00130.jpg,111.03576626753866,44.248892720952796,0,205,5.8219643307652e-05,0.0
sample_00131.jpg,132.86863707815016,32.79606711143695,0,208,0.03215664965359312,0.0
sample_00132.jpg,179.53381590948786,15.923668646124833,93,238,0.0,0.0
sample_00133.jpg,129.9300199887442,15.09447028185173,29,230,0.0,0.0
sample_00134.jpg,169.78786702633468,15.163063538913567,95,217,0.0,0.0
sample_00135.jpg,81.28799316889518,28.04968733451417,22,152,0.0,0.0
sample_00136.jpg,82.05278580993227,22.156721452179255,0,144,0.023753614469522018,0.0
sample_00137.jpg,75.13184808554406,14.835845633767525,10,138,0.0,0.0
sample_00138.jpg,52.792544004347064,15.633625943864113,2,227,0.0,0.0
sample_00139.jpg,87.73546934735779,20.235989193615886,9,126,0.0,0.0
sample_00140.jpg,156.93467756020883,58.03050511458522,0,252,0.08635913757301714,0.0
sample_00141.jpg,115.3111839934794,26.94486654839195,23,173,0.0,0.0
sample_00142.jpg,129.6158085738128,19.23587193973982,0,255,0.0002522851209998253,1.9406547769217335e-05
sample_00143.jpg,113.17855964602457,16.774002321689427,19,190,0.0,0.0
sample_00144.jpg,150.68788449222768,14.915294640441793,73,212,0.0,0.0
sample_00145.jpg,155.75295464689788,16.319578795811996,62,198,0.0,0.0
sample_00146.jpg,132.77484523278153,16.37968859587243,50,227,0.0,0.0
sample_00147.jpg,134.21721748918085,16.763839911110573,51,207,0.0,0.0
sample_00148.jpg,163.7958043043723,13.903204756575454,113,231,0.0,0.0
sample_00149.jpg,81.66723592540123,12.207023096656936,30,146,0.0,0.0
sample_00150.jpg,82.02163830076267,15.955085317469116,16,157,0.0,0.0
sample_00151.jpg,132.88548196161386,26.061099598510435,26,222,0.0,0.0
sample_00152.jpg,150.94882493353256,17.540249359614705,58,228,0.0,0.0
sample_00153.jpg,142.09414116322847,14.563954151514459,67,199,0.0,0.0
sample_00154.jpg,148.70579673581867,17.45476844143172,24,234,0.0,0.0
sample_00155.jpg,133.45333695588891,16.52792873055275,48,228,0.0,0.0
sample_00156.jpg,110.75664189097401,14.574447827444901,45,156,0.0,0.0
sample_00157.jpg,143.07945040656716,15.540897916295032,45,215,0.0,0.0
sample_00158.jpg,108.50631683129888,18.49179495083231,4,227,0.0,0.0
sample_00159.jpg,172.58811543014613,17.685039535578696,86,251,0.0,0.0
sample_00160.jpg,129.19538512294048,16.300656507064968,28,194,0.0,0.0
sample_00161.jpg,129.37349841836635,18.18129382513615,4,250,0.0,0.0
sample_00162.jpg,188.78088066913776,26.529316478221425,93,246,0.0,0.0
sample_00163.jpg,72.72209823594481,10.055133819863135,21,161,0.0,0.0
sample_00164.jpg,147.7573405266937,70.01477538813677,0,223,0.15837683634458266,0.0
sample_00165.jpg,93.06912612315395,65.09089624417567,0,238,0.2213510838556929,0.0
sample_00166.jpg,106.00258107085331,12.71069831712985,65,240,0.0,0.0
sample_00167.jpg,195.33066816743968,23.083942034371056,32,252,0.0,0.0
sample_00168.jpg,49.871198742455704,42.98404150450815,0,177,0.3624366861379029,0.0
sample_00169.jpg,80.93723922451436,18.599788296131514,10,191,0.0,0.0
sample_00170.jpg,133.42995206582702,44.64144587168168,0,217,0.07601544761202429,0.0
sample_00171.jpg,96.66203497059908,15.372849555769442,3,167,0.0,0.0
sample_00172.jpg,97.87017019542394,64.49719865493545,0,184,0.2637543907314328,0.0
sample_00173.jpg,55.87830153893924,28.78557424569268,0,154,0.15521356905820025,0.0
sample_00174.jpg,124.22488307554968,20.74988542736333,3,218,0.0,0.0
sample_00175.jpg,185.15909487861205,14.613399057466157,26,250,0.0,0.0
sample_00176.jpg,113.28110384443711,22.729673820256707,1,198,0.0,0.0
sample_00177.jpg,94.84197248151526,17.07691973740948,59,222,0.0,0.0
sample_00178.jpg,84.98193250402686,14.651705674432595,26,114,0.0,0.0
sample_00179.jpg,151.660191348561,15.145482050775282,12,183,0.0,0.0
sample_00180.jpg,58.59092937957267,22.13130198070454,0,184,1.9406547769217335e-05,0.0
sample_00181.jpg,74.28176366706127,15.187615564777104,0,165,0.000232878573230608,0.0
sample_00182.jpg,136.25511847697413,17.508969050609274,0,237,7.762619107686934e-05,0.0
sample_00183.jpg,110.99639038211492,13.65405645059937,61,182,0.0,0.0
sample_00184.jpg,98.3033049350851,14.436819443888863,56,160,0.0,0.0
sample_00185.jpg,122.25071319063052,57.27829164991828,0,214,0.15030371247258825,0.0
sample_00186.jpg,25.69182402142483,13.741449005898183,5,105,0.0,0.0
sample_00187.jpg,86.61968988336665,20.202783448203004,0,255,0.0014748976304605173,0.0012032059616914747
sample_00188.jpg,134.26922703720234,14.462010945490682,42,173,0.0,0.0
sample_00189.jpg,119.14787789400144,13.414486203741788,59,185,0.0,0.0
sample_00190.jpg,138.52149275165442,21.55635145489773,35,234,0.0,0.0
sample_00191.jpg,91.70509810009898,48.31395741062333,0,171,0.1847309282151798,0.0
sample_00192.jpg,79.78549942750683,18.44882173914886,24,195,0.0,0.0
sample_00193.jpg,133.19674358128432,18.562485920598718,44,203,0.0,0.0
sample_00194.jpg,129.09959440315163,19.293727383492353,82,210,0.0,0.0
sample_00195.jpg,109.91164198800675,55.58523602095643,0,228,0.1727376816938035,0.0
sample_00196.jpg,135.4887150924722,25.837031703710835,0,255,1.9406547769217335e-05,1.9406547769217335e-05
sample_00197.jpg,167.94242077276874,22.7788782768317,0,226,0.004890450037842768,0.0
sample_00198.jpg,123.16396592210212,14.814078453021498,73,234,0.0,0.0
sample_00199.jpg,43.05635661472181,33.88913409829312,0,243,0.24002018280968,0.0
sample_00200.jpg,149.5102175474005,16.203397053785338,33,215,0.0,0.0
sample_00201.jpg,174.48811348949135,20.34714015459879,91,237,0.0,0.0
sample_00202.jpg,53.559743057307536,13.754437221721124,0,141,5.8219643307652e-05,0.0
sample_00203.jpg,144.57115410739584,17.05438738740281,35,192,0.0,0.0
sample_00204.jpg,122.7580391624134,21.351702268043937,32,221,0.0,0.0
sample_00205.jpg,70.03273884608667,14.958789067486526,5,152,0.0,0.0
sample_00206.jpg,126.51200294979526,15.776555504538887,10,204,0.0,0.0
sample_00207.jpg,143.57423974849115,17.588832843850287,8,253,0.0,0.0
sample_00208.jpg,110.29761881658872,20.730938530017415,7,190,0.0,0.0
sample_00209.jpg,123.32799006384754,17.722036960606037,0,227,9.703273884608666e-05,0.0
sample_00210.jpg,100.21430650701546,15.274540259662658,56,165,0.0,0.0
sample_00211.jpg,118.79176774243629,17.942197328915448,25,217,0.0,0.0
sample_00212.jpg,109.07182363329387,43.17872712229476,0,219,0.10978284073046246,0.0
sample_00213.jpg,156.72231170797028,51.29096807628905,0,211,0.07250286246579596,0.0
sample_00214.jpg,74.67934561120923,12.923603198802041,12,124,0.0,0.0
sample_00215.jpg,74.52845970230355,17.949702624002967,0,182,7.762619107686934e-05,0.0
sample_00216.jpg,224.9094102350133,15.044274820491657,159,255,0.0,0.0026392904966135574
sample_00217.jpg,80.11661394554523,57.77548579333898,0,190,0.30957325001455493,0.0
sample_00218.jpg,68.60237924275651,21.0038269682755,10,179,0.0,0.0
sample_00219.jpg,69.0750257136758,17.414077386477942,0,205,3.881309553843467e-05,0.0
sample_00220.jpg,142.21521861476063,17.236154010005098,56,245,0.0,0.0
sample_00221.jpg,137.12340623726445,22.161908589148837,0,206,0.008267189349686585,0.0
sample_00222.jpg,136.52915833802325,76.7830741949493,0,230,0.21378253022569815,0.0
sample_00223.jpg,87.97426691765801,29.039650877693244,0,251,0.029905490112363913,0.0
sample_00224.jpg,156.20832929030254,18.59793076350724,91,216,0.0,0.0
sample_00225.jpg,179.64841157406508,15.530830145931695,1,232,0.0,0.0
sample_00226.jpg,184.70071222030313,83.89787130067482,0,251,0.14712103863843662,0.0
sample_00227.jpg,98.61794329406742,23.29951384825919,10,228,0.0,0.0
sample_00228.jpg,129.59003667837527,15.653779804095567,42,182,0.0,0.0
sample_00229.jpg,65.18189757224087,14.340524563774434,26,154,0.0,0.0
sample_00230.jpg,76.3433988627763,54.28547054804323,0,224,0.28981738438549165,0.0
sample_00231.jpg,107.41510605678356,54.61960300174527,0,241,0.1849638067884104,0.0
sample_00232.jpg,199.6056589493295,15.138541376066076,126,236,0.0,0.0
sample_00233.jpg,151.2311319839314,19.617932248237345,21,225,0.0,0.0
sample_00234.jpg,108.87183915853208,20.438282016995082,59,167,0.0,0.0
sample_00235.jpg,146.85837101438025,20.119475849547765,89,213,0.0,0.0
sample_00236.jpg,133.34646509732383,14.92580416876657,59,192,0.0,0.0
sample_00237.jpg,126.08453492208271,16.306828814688835,19,203,0.0,0.0
sample_00238.jpg,29.035630421704283,15.756841952676915,0,144,1.9406547769217335e-05,0.0
sample_00239.jpg,120.54039472918163,19.948686413562207,35,214,0.0,0.0
sample_00240.jpg,95.00234819228008,49.80383781957876,0,221,0.18733140561625491,0.0
sample_00241.jpg,150.8578276310427,27.22188958519847,0,255,0.0008344815540763453,1.9406547769217335e-05
sample_00242.jpg,104.92866153040036,65.90051788919503,0,255,0.24749170370082865,0.00015525238215373868
sample_00243.jpg,98.78507248345592,14.617319400825941,59,252,0.0,0.0
sample_00244.jpg,123.45273535290806,11.801821424565635,43,163,0.0,0.0
sample_00245.jpg,60.697937083972135,13.000528736101169,29,113,0.0,0.0
sample_00246.jpg,186.88150361932117,11.789682472504989,127,243,0.0,0.0
sample_00247.jpg,123.46719323099614,16.87769364358062,23,227,0.0,0.0
sample_00248.jpg,103.75996041064255,26.20294384876739,21,252,0.0,0.0
sample_00249.jpg,132.98476586000118,16.31051842638079,24,205,0.0,0.0
sample_00250.jpg,127.44840769275554,19.273546674793256,16,211,0.0,0.0
sample_00251.jpg,102.36940363678706,20.269096066350986,17,186,0.0,0.0
sample_00252.jpg,137.49145141570767,18.19131964402828,0,255,3.881309553843467e-05,7.762619107686934e-05
sample_00253.jpg,108.29484368025771,20.286197457688264,60,225,0.0,0.0
sample_00254.jpg,129.61687593394012,17.484471262450107,7,225,0.0,0.0
sample_00255.jpg,87.49032583593704,18.33486390778652,9,143,0.0,0.0
sample_00256.jpg,101.97721671291895,16.266399924647946,36,166,0.0,0.0
sample_00257.jpg,137.7725940732403,14.189911638013632,91,239,0.0,0.0
sample_00258.jpg,109.19358031399794,17.05690466601875,35,211,0.0,0.0
sample_00259.jpg,174.0895224048594,20.454041956290073,0,254,0.00031050476430747735,0.0
sample_00260.jpg,75.52374391119564,18.347991284243516,9,148,0.0,0.0
sample_00261.jpg,139.19179491160318,15.781516077420724,56,219,0.0,0.0
sample_00262.jpg,134.67148595936268,76.12320129114795,0,255,0.21958508800869414,1.9406547769217335e-05
sample_00263.jpg,185.48768654544043,18.392610420792305,97,231,0.0,0.0
sample_00264.jpg,135.5155737545848,23.62006076840483,2,255,0.0,0.00021347202546139068
sample_00265.jpg,63.76669448271847,17.31947679485889,16,227,0.0,0.0
sample_00266.jpg,139.10134099245084,13.67171003241416,79,223,0.0,0.0
sample_00267.jpg,75.44002406411923,38.53721149895615,0,158,0.16823536261134506,0.0
sample_00268.jpg,110.63991150614217,26.51956018646213,26,182,0.0,0.0
sample_00269.jpg,132.15455374643403,62.98325641377591,0,209,0.1606668089813503,0.0
sample_00270.jpg,187.40567447456772,17.224410343589845,49,235,0.0,0.0
sample_00271.jpg,187.08164334646509,17.016856233652558,123,243,0.0,0.0
sample_00272.jpg,84.95664577228357,15.473847268342832,33,162,0.0,0.0
sample_00273.jpg,93.90958489394322,15.456042252047858,33,179,0.0,0.0
sample_00274.jpg,13.955267907391955,12.374555113088377,0,51,0.17580391624133984,0.0
sample_00275.jpg,70.78883735372315,17.012993049119594,12,194,0.0,0.0
sample_00276.jpg,95.73944768965049,57.29281970568969,0,232,0.22305886005938402,0.0
sample_00277.jpg,191.43171806167402,19.628965325884923,81,245,0.0,0.0
sample_00278.jpg,80.3015971588814,18.074909665611404,21,173,0.0,0.0
sample_00279.jpg,134.63292514894525,16.96560121264316,4,198,0.0,0.0
sample_00280.jpg,143.33156086863707,19.949458875881728,1,250,0.0,0.0
sample_00281.jpg,89.96058530148072,17.05353937911965,4,138,0.0,0.0
sample_00282.jpg,78.49383842108327,10.833159209748203,56,141,0.0,0.0
sample_00283.jpg,141.42773971938132,17.181447618474873,104,246,0.0,0.0
sample_00284.jpg,160.15771701372043,15.059130500626864,59,210,0.0,0.0
sample_00285.jpg,118.61082109103612,14.230818762329518,51,198,0.0,0.0
sample_00286.jpg,208.11709910923946,18.22993688330096,32,248,0.0,0.0
sample_00287.jpg,148.74672514506395,16.899424580245313,52,173,0.0,0.0
sample_00288.jpg,67.26520988181413,11.239336507285932,16,135,0.0,0.0
sample_00289.jpg,96.99280017077761,13.308809930262395,16,166,0.0,0.0
sample_00290.jpg,78.09813891206893,14.10105439781555,14,163,0.0,0.0
sample_00291.jpg,117.1053387412913,16.37385983640189,34,201,0.0,0.0
sample_00292.jpg,120.67036037959207,16.432010214246667,38,202,0.0,0.0
sample_00293.jpg,80.70599080129635,16.27626968125489,27,156,0.0,0.0
sample_00294.jpg,71.84494168332395,17.92128586423665,41,225,0.0,0.0
sample_00295.jpg,118.40658658231287,15.758377729896656,50,255,0.0,3.881309553843467e-05
sample_00296.jpg,74.46670806730191,54.53782979689726,0,172,0.3063323565370956,0.0
sample_00297.jpg,138.8398765743562,16.77238006531763,67,201,0.0,0.0
sample_00298.jpg,158.47839080905896,15.613919697205256,79,216,0.0,0.0
sample_00299.jpg,146.11176230860292,61.52603698857697,0,254,0.10522230200469639,0.0
sample_00300.jpg,87.37074268858312,54.620521889403165,0,212,0.25352714005705523,0.0
sample_00301.jpg,152.4295251217761,15.588124445113616,20,204,0.0,0.0
sample_00302.jpg,144.21102680044248,17.21363442862176,22,250,0.0,0.0
sample_00303.jpg,110.78070601020785,59.59882571937732,0,210,0.1949387723417881,0.0
sample_00304.jpg,147.91629955947135,21.252641837486546,32,253,0.0,0.0
sample_00305.jpg,59.7674319315337,16.054663956208895,5,128,0.0,0.0
sample_00306.jpg,140.27693143666673,39.76255432871661,0,227,0.05251411826350211,0.0
sample_00307.jpg,205.95728618835994,39.416681308954985,33,255,0.0,0.000116439286615304
sample_00308.jpg,121.14527741660036,59.33232407668166,0,233,0.15913369170758213,0.0
sample_00309.jpg,185.94604979720157,17.6395212656744,131,232,0.0,0.0
sample_00310.jpg,122.94407032932912,16.694179345835394,31,174,0.0,0.0
sample_00311.jpg,53.41132177996856,11.286225857895177,11,116,0.0,0.0
sample_00312.jpg,127.03615439849405,23.142929212001324,0,255,0.0010091404839993013,0.00021347202546139068
sample_00313.jpg,110.4565002231753,15.083218440754324,48,168,0.0,0.0
sample_00314.jpg,72.68396436957829,39.283837676256184,0,189,0.17832676745133808,0.0
sample_00315.jpg,171.98664829513478,14.123266132115678,115,224,0.0,0.0
sample_00316.jpg,126.07034873566342,34.237585612080935,9,221,0.0,0.0
sample_00317.jpg,185.89955170874654,17.045681614133155,125,248,0.0,0.0
sample_00318.jpg,139.15296240951696,19.29332577898296,36,198,0.0,0.0
sample_00319.jpg,126.83896446661103,44.915204214428144,0,213,0.08375866017194201,0.0
sample_00320.jpg,115.89968755458092,38.148052805265806,0,198,0.06398338799510955,0.0
sample_00321.jpg,137.993945157096,18.790330549775515,0,199,1.9406547769217335e-05,0.0
sample_00322.jpg,75.97636282481709,20.33565932898839,0,182,3.881309553843467e-05,0.0
sample_00323.jpg,92.92914669409458,19.02604071279253,6,157,0.0,0.0
sample_00324.jpg,75.38549166488774,14.874610039354646,27,161,0.0,0.0
sample_00325.jpg,54.28067690038619,29.76678274787235,0,141,0.18709852704302432,0.0
sample_00326.jpg,125.885889499117,19.824923624016037,14,218,0.0,0.0
sample_00327.jpg,160.14628655708435,13.688427167743772,99,225,0.0,0.0
sample_00328.jpg,77.4235867181587,50.214080184336794,0,168,0.24219371615983232,0.0
sample_00329.jpg,182.40175435191833,11.762206009813257,107,232,0.0,0.0
sample_00330.jpg,122.10324283413223,16.020882826124456,44,181,0.0,0.0
sample_00331.jpg,123.37481806361467,20.36612081897795,65,249,0.0,0.0
sample_00332.jpg,127.54241301014963,16.13972565351065,11,240,0.0,0.0
sample_00333.jpg,139.04894331347396,54.861407928842475,0,207,0.11550777232238157,0.0
sample_00334.jpg,124.43230025810709,17.690782049337813,33,192,0.0,0.0
sample_00335.jpg,130.88668516757554,16.49842805631954,0,216,3.881309553843467e-05,0.0
sample_00336.jpg,125.88142599313008,19.8037301912695,62,214,0.0,0.0
sample_00337.jpg,115.33484057521008,36.19642942137997,0,204,0.05602670340973044,0.0
sample_00338.jpg,49.54066642085039,18.80675147845711,0,115,0.0011643928661530401,0.0
sample_00339.jpg,117.79576549127675,22.157746297248785,0,241,3.881309553843467e-05,0.0
sample_00340.jpg,155.2044479807487,17.319380397300684,32,222,0.0,0.0
sample_00341.jpg,131.53868695297794,13.308581577455245,38,182,0.0,0.0
sample_00342.jpg,98.40458770789265,19.935248650228836,15,151,0.0,0.0
sample_00343.jpg,78.67633759630499,14.938859239850167,12,159,0.0,0.0
sample_00344.jpg,124.86985969065962,36.36269990795467,0,196,0.055560946263269226,0.0
sample_00345.jpg,121.99755477498108,19.507833418153123,69,194,0.0,0.0
sample_00346.jpg,117.41004094781579,59.07237660752411,0,221,0.17595916862349356,0.0
sample_00347.jpg,95.56653534902676,50.47062260094274,0,254,0.18001513710726,0.0
sample_00348.jpg,110.7644045100817,16.44742896134879,55,166,0.0,0.0
sample_00349.jpg,99.1415319528809,19.262210530368677,11,243,0.0,0.0
sample_00350.jpg,113.68578858506861,22.51808539260613,23,172,0.0,0.0
sample_00351.jpg,198.22290360767724,17.75943736443295,7,252,0.0,0.0
sample_00352.jpg,183.58388480273246,14.614667184814762,55,242,0.0,0.0
sample_00353.jpg,123.62654039472918,14.75125057127186,60,196,0.0,0.0
sample_00354.jpg,121.09340371441324,11.711820940872649,80,184,0.0,0.0
sample_00355.jpg,128.85534359292825,19.561019966447727,52,198,0.0,0.0
sample_00356.jpg,155.8671039608764,24.00213378765274,44,223,0.0,0.0
sample_00357.jpg,98.72939509790604,20.688602066189652,0,254,0.00036872440761512933,0.0
sample_00358.jpg,95.27749422655204,14.255991991196545,19,187,0.0,0.0
sample_00359.jpg,137.08224494944594,37.799142376395366,0,223,0.04915678549942751,0.0
sample_00360.jpg,134.76277436006907,24.87448675028325,0,255,0.00029109821653826003,0.000116439286615304
sample_00361.jpg,112.12631721942984,14.970790452493562,59,216,0.0,0.0
sample_00362.jpg,96.16053096314697,17.062850694874093,40,187,0.0,0.0
sample_00363.jpg,174.0221234644569,20.999322506142548,0,241,3.881309553843467e-05,0.0
sample_00364.jpg,159.16245221137612,17.58083887544652,2,209,0.0,0.0
sample_00365.jpg,112.92776882920298,21.88291445028484,35,238,0.0,0.0
sample_00366.jpg,134.98664829513478,20.54600181099894,27,242,0.0,0.0
sample_00367.jpg,87.17390207455996,25.612269132872218,3,241,0.0,0.0
sample_00368.jpg,130.3913718488618,99.31515969465602,0,255,0.3447961342156844,0.00013584583438452133
sample_00369.jpg,49.92796289468067,21.417214011001388,5,234,0.0,0.0
sample_00370.jpg,202.86952977934754,15.97290847688001,106,255,0.0,0.0006016029808457373
sample_00371.jpg,131.76657804343185,18.06883193326131,27,214,0.0,0.0
sample_00372.jpg,66.97201575811678,16.403590887184542,10,144,0.0,0.0
sample_00373.jpg,129.4811465388422,12.670842591238657,65,171,0.0,0.0
sample_00374.jpg,51.468745754817675,26.55059388215857,0,107,0.14411302373420792,0.0
sample_00375.jpg,111.65365134196279,16.899320197638378,41,165,0.0,0.0
sample_00376.jpg,124.20200275572978,21.22882137336507,24,233,0.0,0.0
sample_00377.jpg,123.64192978711017,20.153555873043658,0,231,3.881309553843467e-05,0.0
sample_00378.jpg,79.08418560422287,14.350001555464393,23,166,0.0,0.0
sample_00379.jpg,101.41031263948456,60.12491795490838,0,185,0.23462516252983756,0.0
sample_00380.jpg,130.54338333753807,96.11977721299225,0,241,0.330474101962002,0.0
sample_00381.jpg,124.2871004676978,18.92600667061606,24,209,0.0,0.0
sample_00382.jpg,112.23840943934484,14.367305100161657,53,171,0.0,0.0
sample_00383.jpg,73.99596343806401,17.39859638176938,4,199,0.0,0.0
sample_00384.jpg,74.50437617652196,40.83450497347379,0,163,0.19392963185778883,0.0
sample_00385.jpg,60.20543771468493,19.649568870591025,0,119,0.00174658929922956,0.0
sample_00386.jpg,119.1661200489045,18.097312005538136,16,198,0.0,0.0
sample_00387.jpg,116.006307128025,18.25065363680996,24,194,0.0,0.0
sample_00388.jpg,119.44681635583846,36.09996946833293,0,204,0.055386287333346274,0.0
sample_00389.jpg,89.92120941605698,73.32290823274647,0,187,0.3696559219080518,0.0
sample_00390.jpg,96.10980224727822,21.04654618843879,3,157,0.0,0.0
sample_00391.jpg,36.38357041665858,25.876321145327474,0,108,0.2593879174833589,0.0
sample_00392.jpg,100.69399755477498,16.437897854967556,31,169,0.0,0.0
sample_00393.jpg,117.20825166411147,18.673712239328022,22,200,0.0,0.0
sample_00394.jpg,83.76291020590347,61.92372987634945,0,184,0.32280851559316115,0.0
sample_00395.jpg,141.22971530594424,17.846509229290934,0,237,7.762619107686934e-05,0.0
sample_00396.jpg,122.17679365017757,46.8922333695691,0,238,0.10050651089677658,0.0
sample_00397.jpg,69.75821382134332,15.46349419566084,0,255,0.0008150750063071281,9.703273884608666e-05
sample_00398.jpg,184.42878767296085,73.98807383814105,0,255,0.11560480506122765,0.0008927011973839974
sample_00399.jpg,75.10302936210678,22.992282078274155,0,255,0.00021347202546139068,0.00029109821653826003
sample_00400.jpg,121.6878068660366,14.795874608583953,57,181,0.0,0.0
sample_00401.jpg,119.15115760057444,20.55555967760717,0,229,0.00015525238215373868,0.0
sample_00402.jpg,190.2660443633682,14.391558613987556,123,248,0.0,0.0
sample_00403.jpg,81.62199926255118,21.037743376755706,0,184,0.00013584583438452133,0.0
sample_00404.jpg,87.31745230840886,16.739286507088195,28,211,0.0,0.0
sample_00405.jpg,122.85043373634264,19.393230461660053,10,197,0.0,0.0
sample_00406.jpg,42.83485027848396,29.46386930331793,0,121,0.09361718643870443,0.0
sample_00407.jpg,67.78117176735431,40.04580245879775,0,144,0.2261445011546896,0.0
sample_00408.jpg,126.17566807040696,18.188771603918756,83,214,0.0,0.0
sample_00409.jpg,154.1356711754546,16.17510320962314,73,247,0.0,0.0
sample_00410.jpg,75.32372062333832,44.084904430684,0,184,0.20972656174193172,0.0
sample_00411.jpg,171.26031943177628,19.669600108105406,41,215,0.0,0.0
sample_00412.jpg,105.45764520949368,50.19152083585338,0,224,0.16431523996196318,0.0
sample_00413.jpg,128.14983795532612,56.09744561313703,1,224,0.0,0.0
sample_00414.jpg,168.67478507248344,13.497653615080917,108,239,0.0,0.0
sample_00415.jpg,137.10890954608084,25.32725466040392,0,252,0.00021347202546139068,0.0
sample_00416.jpg,144.19391022531002,22.247885190457563,16,255,0.0,9.703273884608666e-05
sample_00417.jpg,97.92049137378952,12.99270127809991,32,141,0.0,0.0
sample_00418.jpg,108.03161326631606,15.616261962439763,33,196,0.0,0.0
sample_00419.jpg,126.28391779386365,15.277666596647402,26,184,0.0,0.0
sample_00420.jpg,185.01385627510723,15.232161658617693,144,250,0.0,0.0
sample_00421.jpg,86.39108075064527,16.898740968078535,31,146,0.0,0.0
sample_00422.jpg,68.9743445438491,14.927675382146885,0,212,7.762619107686934e-05,0.0
sample_00423.jpg,126.73063711696327,15.765071172050563,31,179,0.0,0.0
sample_00424.jpg,118.21556793262046,18.41462779381678,28,196,0.0,0.0
sample_00425.jpg,125.94077121620835,16.659563592367075,0,213,0.000174658929922956,0.0
sample_00426.jpg,52.17060296143919,27.03092072674474,2,134,0.0,0.0
sample_00427.jpg,128.79475635079277,16.255525317352497,1,189,0.0,0.0
sample_00428.jpg,131.3822313648625,17.155221019874713,66,208,0.0,0.0
sample_00429.jpg,151.71949775854372,18.33829730230689,50,200,0.0,0.0
sample_00430.jpg,88.41570765976441,26.051483163243475,0,218,7.762619107686934e-05,0.0
sample_00431.jpg,143.43557996468007,10.958481085636773,66,201,0.0,0.0
sample_00432.jpg,116.70183780007375,37.31214834833071,0,236,0.0553086611422694,0.0
sample_00433.jpg,128.0762871392808,17.24609746585954,3,201,0.0,0.0
sample_00434.jpg,115.51479749267403,18.9427358707667,0,240,0.00019406547769217333,0.0
sample_00435.jpg,68.95489918298433,53.367560850941764,0,255,0.350385219973219,5.8219643307652e-05
sample_00436.jpg,69.34902676162937,14.40281119104787,37,158,0.0,0.0
sample_00437.jpg,123.08238079528033,14.59153818951556,74,179,0.0,0.0
sample_00438.jpg,105.90044440994392,17.838666934347582,4,193,0.0,0.0
sample_00439.jpg,83.26097925440044,18.35097751851841,0,255,0.00042694405092278136,1.9406547769217335e-05
sample_00440.jpg,89.47501406974713,48.51252417526379,0,164,0.19618079139901803,0.0
sample_00441.jpg,65.96008073123872,19.018297634126828,0,123,0.00038813095538434665,0.0
sample_00442.jpg,199.03924003958934,14.27649838962938,128,233,0.0,0.0
sample_00443.jpg,101.03813386636651,14.75978818084482,0,162,0.004541132177996856,0.0
sample_00444.jpg,73.55578412156261,13.1279912305425,27,125,0.0,0.0
sample_00445.jpg,70.38376448213627,14.498265223460928,0,133,0.00013584583438452133,0.0
sample_00446.jpg,34.692871975004365,22.60944341360666,3,131,0.0,0.0
sample_00447.jpg,155.62830639057617,16.770388732947183,1,180,0.0,0.0
sample_00448.jpg,80.26639368122805,14.754318904359403,36,255,0.0,3.881309553843467e-05
sample_00449.jpg,162.8203924003959,20.54964265632184,102,222,0.0,0.0
sample_00450.jpg,137.2437268334336,17.451626244192813,42,232,0.0,0.0
sample_00451.jpg,130.73234489316695,37.538169620250216,0,236,0.04407226998389256,0.0
sample_00452.jpg,125.74179588193056,18.092503823495946,24,217,0.0,0.0
sample_00453.jpg,65.69739370063459,19.16358521548423,8,151,0.0,0.0
sample_00454.jpg,128.09777018766133,18.271394142991827,40,221,0.0,0.0
sample_00455.jpg,114.68283878980768,57.41883809618356,0,217,0.17898659007549148,0.0
sample_00456.jpg,70.56925226571445,41.33142362517334,0,214,0.20681557957654914,0.0
sample_00457.jpg,164.9805158260397,14.740216101970097,56,247,0.0,0.0
sample_00458.jpg,54.05076752896427,16.025067687545828,1,164,0.0,0.0
sample_00459.jpg,104.48743426031943,17.545656648246037,11,232,0.0,0.0
sample_00460.jpg,169.23683750897553,20.453736255438752,0,255,0.000116439286615304,9.703273884608666e-05
sample_00461.jpg,22.997651807719926,17.24602634887787,0,112,0.16528556735042405,0.0
sample_00462.jpg,122.17766694482718,20.42148990830751,0,253,0.0007374488152302587,0.0
sample_00463.jpg,101.16039511731258,15.714422282652627,27,155,0.0,0.0
sample_00464.jpg,29.32236216499447,23.583267598587447,0,131,0.31638494828155017,0.0
sample_00465.jpg,187.63709755671564,15.195347822202885,71,254,0.0,0.0
sample_00466.jpg,141.43037900987792,15.55459914730281,87,214,0.0,0.0
sample_00467.jpg,158.210813328417,15.906353120928308,83,233,0.0,0.0
sample_00468.jpg,111.96252595625764,14.156460586736932,48,160,0.0,0.0
sample_00469.jpg,168.18370238118342,24.1088660274001,69,218,0.0,0.0
sample_00470.jpg,115.92864212385258,65.12267508037044,0,207,0.21812959692600284,0.0
sample_00471.jpg,103.5232587475014,18.130379892460827,0,247,7.762619107686934e-05,0.0
sample_00472.jpg,128.0898523161715,13.283703964126213,64,190,0.0,0.0
sample_00473.jpg,42.73987463370141,32.959703363809446,0,152,0.00042694405092278136,0.0
sample_00474.jpg,113.67358186652176,17.302734220915134,21,196,0.0,0.0
sample_00475.jpg,57.5919191135089,13.667476580151424,0,133,0.000232878573230608,0.0
sample_00476.jpg,80.8612431834501,21.705532878902932,0,249,0.0009703273884608667,0.0
sample_00477.jpg,76.6396980341167,55.25095426197703,0,229,0.3054008422441732,0.0
sample_00478.jpg,120.9189970696113,18.36541733523077,16,191,0.0,0.0
sample_00479.jpg,120.06761241242795,75.49343389953121,0,250,0.21974034039084786,0.0
sample_00480.jpg,93.65147780861263,17.039312672934447,49,208,0.0,0.0
sample_00481.jpg,112.36006908731005,22.54192954375534,19,200,0.0,0.0
sample_00482.jpg,100.09237516738148,18.362567433493144,1,207,0.0,0.0
sample_00483.jpg,174.43340643132993,17.10170839685888,59,243,0.0,0.0
sample_00484.jpg,128.41782297347126,16.718026426678477,0,195,0.000116439286615304,0.0
sample_00485.jpg,99.72747384967688,16.73183306503095,3,192,0.0,0.0
sample_00486.jpg,131.1079974383357,19.34481469393336,57,201,0.0,0.0
sample_00487.jpg,112.5543480370277,19.744953400198142,21,226,0.0,0.0
sample_00488.jpg,100.68206252789692,14.53531036951648,46,174,0.0,0.0
sample_00489.jpg,150.77509751790254,21.370446166603084,56,241,0.0,0.0
sample_00490.jpg,110.2006054842904,23.78550777670703,0,166,0.017135981680218907,0.0
sample_00491.jpg,99.17628907993557,16.814855399519004,0,201,1.9406547769217335e-05,0.0
sample_00492.jpg,124.69003861903006,48.08969720846048,0,255,0.10528052164800404,0.00013584583438452133
sample_00493.jpg,64.8557511304314,18.181005172970625,21,176,0.0,0.0
sample_00494.jpg,146.06586582312872,15.5272655074473,91,197,0.0,0.0
sample_00495.jpg,55.53740612082517,12.88269193429573,0,89,0.0009703273884608667,0.0
sample_00496.jpg,85.13784470880475,53.21686186021464,0,220,0.2491994799045198,0.0
sample_00497.jpg,94.76917852083292,14.285759223681445,47,196,0.0,0.0
sample_00498.jpg,103.46294319703468,21.43179525140363,0,221,5.8219643307652e-05,0.0
sample_00499.jpg,170.97797356828193,16.63870995197871,66,255,0.0,9.703273884608666e-05
sample_00500.jpg,133.4092064662617,19.604366399002846,4,239,0.0,0.0
sample_00501.jpg,110.06982475887365,18.158668736895084,25,207,0.0,0.0
sample_00502.jpg,136.6997224863669,15.128123275523027,80,225,0.0,0.0
sample_00503.jpg,94.39705796735818,22.05239271577639,0,202,0.006384754216072503,0.0
sample_00504.jpg,148.27438917890896,18.483088202574567,14,222,0.0,0.0
sample_00505.jpg,94.29889964874148,68.50241828196863,0,199,0.3188495798482408,0.0
sample_00506.jpg,123.69851928040521,18.693119002310077,58,206,0.0,0.0
sample_00507.jpg,115.2194492421743,14.972309416159758,42,198,0.0,0.0
sample_00508.jpg,180.57169749073338,14.237578345646119,121,233,0.0,0.0
sample_00509.jpg,113.34050728715869,23.923101047075438,0,228,0.00019406547769217333,0.0
sample_00510.jpg,150.61621611131596,15.360207160605501,86,190,0.0,0.0
sample_00511.jpg,135.38892662384288,17.256341939729396,8,237,0.0,0.0
sample_00512.jpg,151.0772186535737,17.266899428954908,28,213,0.0,0.0
sample_00513.jpg,122.71586873411088,11.073904184208935,43,198,0.0,0.0
sample_00514.jpg,172.84546566011372,18.321580312029575,62,254,0.0,0.0
sample_00515.jpg,146.34545595683983,15.619804560995979,12,215,0.0,0.0
sample_00516.jpg,156.56925226571445,14.766192001719084,85,190,0.0,0.0
sample_00517.jpg,129.39760135069574,70.05934334858581,0,220,0.19352209435463524,0.0
sample_00518.jpg,150.54012303751287,62.46103053312636,0,255,0.08678608162393991,5.8219643307652e-05
sample_00519.jpg,130.62688971258902,14.506475209533088,37,189,0.0,0.0
sample_00520.jpg,122.39608763996972,48.33744675890471,0,230,0.11273263599138349,0.0
sample_00521.jpg,126.98309689689302,15.621401463719021,65,210,0.0,0.0
sample_00522.jpg,128.102757670438,15.496535636803102,0,185,0.0005433833375380853,0.0
sample_00523.jpg,175.32876632575832,13.886469759359272,110,218,0.0,0.0
sample_00524.jpg,155.27318597294726,18.38206294039991,76,215,0.0,0.0
sample_00525.jpg,112.2162471617924,20.70898232082664,43,187,0.0,0.0
sample_00526.jpg,113.97651807719924,48.07221961348655,0,243,0.12358089619437598,0.0
sample_00527.jpg,113.11546895922685,17.050123972214514,43,193,0.0,0.0
sample_00528.jpg,122.00320208038193,20.138544024246094,47,215,0.0,0.0
sample_00529.jpg,146.3177434066254,11.78703705793782,54,214,0.0,0.0
sample_00530.jpg,116.60331075704943,15.185442021406184,64,178,0.0,0.0
sample_00531.jpg,49.477517514409364,27.61217673813181,0,127,0.0004463505986919987,0.0
sample_00532.jpg,63.653806594344935,14.262900327603019,14,140,0.0,0.0
sample_00533.jpg,190.37318791360204,10.89948465176745,129,246,0.0,0.0
sample_00534.jpg,157.1024471656737,14.166018806699807,80,222,0.0,0.0
sample_00535.jpg,148.48828814842128,18.14622799060388,51,224,0.0,0.0
sample_00536.jpg,70.67036037959207,20.0932748688806,0,167,0.023481922800752973,0.0
sample_00537.jpg,71.77327330241224,55.29498574924441,0,187,0.3221292864212385,0.0
sample_00538.jpg,121.05899590521842,43.08634457901695,0,245,0.05319334743542471,0.0
sample_00539.jpg,155.77624250422093,18.09216083733425,6,221,0.0,0.0
sample_00540.jpg,108.00871353994837,23.514894899297932,17,173,0.0,0.0
sample_00541.jpg,105.59426730578897,22.055082840126186,4,226,0.0,0.0
sample_00542.jpg,116.18110190378233,20.26718422403214,54,214,0.0,0.0
sample_00543.jpg,35.851345844087795,24.89468407231488,0,114,0.21946864872207883,0.0
sample_00544.jpg,119.50796638785927,19.924894872808732,11,240,0.0,0.0
sample_00545.jpg,84.85522715364164,16.002428056761136,20,161,0.0,0.0
sample_00546.jpg,131.2519940227833,12.415912406848259,21,231,0.0,0.0
sample_00547.jpg,134.33695588891692,18.405041950295026,0,216,0.000116439286615304,0.0
sample_00548.jpg,152.0250926662656,14.817648383827459,83,207,0.0,0.0
sample_00549.jpg,123.04849696287528,14.427735680716863,40,216,0.0,0.0
sample_00550.jpg,139.61229598866657,18.56807993643373,41,189,0.0,0.0
sample_00551.jpg,72.87529352403502,52.24191512179173,0,179,0.3158027518484737,0.0
sample_00552.jpg,208.4513186749209,12.462375312980159,165,234,0.0,0.0
sample_00553.jpg,128.0400357080479,17.616733151532276,0,208,1.9406547769217335e-05,0.0
sample_00554.jpg,145.28601370102274,13.256657093235487,93,208,0.0,0.0
sample_00555.jpg,113.35807021288983,21.123595725788235,3,213,0.0,0.0
sample_00556.jpg,112.31652079411593,23.22244660980421,74,198,0.0,0.0
sample_00557.jpg,124.0263540918706,40.405321456001815,0,227,0.0671854683770304,0.0
sample_00558.jpg,123.76543305711347,17.253331825717208,0,191,0.000116439286615304,0.0
sample_00559.jpg,78.16251043101943,53.248969907819586,0,171,0.28743037900987795,0.0
sample_00560.jpg,114.41854101573871,21.04552523343094,1,188,0.0,0.0
sample_00561.jpg,146.62038851908633,18.0507635574919,55,250,0.0,0.0
sample_00562.jpg,77.16272390304489,51.386166578424856,0,208,0.11562421160899687,0.0
sample_00563.jpg,42.74680277125502,33.40990351047512,0,148,0.3086999553649401,0.0
sample_00564.jpg,76.22263191600847,17.150482986618517,17,175,0.0,0.0
sample_00565.jpg,133.32445807215353,24.48384451887596,0,255,0.0002522851209998253,7.762619107686934e-05
sample_00566.jpg,142.88484154553745,16.319421551033994,58,232,0.0,0.0
sample_00567.jpg,115.70983329775466,62.489256415572356,0,210,0.2030895224048594,0.0
sample_00568.jpg,108.4126802383124,12.567165786178922,51,171,0.0,0.0
sample_00569.jpg,99.35508160453337,13.741900856731549,25,208,0.0,0.0
sample_00570.jpg,117.87622503832793,15.005334275885142,43,179,0.0,0.0
sample_00571.jpg,141.50670496225428,23.630925818462114,9,248,0.0,0.0
sample_00572.jpg,126.16002639290497,20.512671954044695,23,234,0.0,0.0
sample_00573.jpg,136.4252944943624,19.59016555738962,0,232,7.762619107686934e-05,0.0
sample_00574.jpg,69.06454617788042,17.342660265203723,0,193,0.001222612509460692,0.0
sample_00575.jpg,114.18896155562886,32.433496726945584,0,198,3.881309553843467e-05,0.0
sample_00576.jpg,157.60569776242505,62.9750227595871,0,246,0.1149837955326127,0.0
sample_00577.jpg,85.44512798618254,39.20856431742219,0,185,0.1380387742824429,0.0
sample_00578.jpg,123.20303130276154,15.197564874654143,69,178,0.0,0.0
sample_00579.jpg,149.25711735139436,24.53930048276001,66,223,0.0,0.0
sample_00580.jpg,134.33167730792368,17.17142660740214,0,218,3.881309553843467e-05,0.0
sample_00581.jpg,163.29855033088165,11.973927362262382,113,251,0.0,0.0
sample_00582.jpg,87.00067922917192,16.409861913332833,9,167,0.0,0.0
sample_00583.jpg,136.47146267150538,21.697618979231308,92,205,0.0,0.0
sample_00584.jpg,75.08127462205748,16.719723076183904,27,135,0.0,0.0
sample_00585.jpg,134.2942226707291,18.147704369010153,41,182,0.0,0.0
sample_00586.jpg,99.0,36.08890697245155,0,160,0.08540821673232549,0.0
sample_00587.jpg,154.9772555260145,13.591909274957692,94,255,0.0,0.00015525238215373868
sample_00588.jpg,154.66904073434378,18.420212620093825,24,223,0.0,0.0
sample_00589.jpg,182.94822333055174,19.116182559161597,118,246,0.0,0.0
sample_00590.jpg,95.99751596188554,52.03197806997486,0,198,0.19082458421471404,0.0
sample_00591.jpg,87.72174891808496,63.47483437615168,0,223,0.29525121776087254,0.0
sample_00592.jpg,98.2137825302257,65.28345142304117,0,250,0.2820547652778047,0.0
sample_00593.jpg,147.2942226707291,21.125988860791626,40,211,0.0,0.0
sample_00594.jpg,186.84364144462342,19.649234051898283,91,231,0.0,0.0
sample_00595.jpg,112.84142909817773,50.304078239740626,0,198,0.13935841953074968,0.0
sample_00596.jpg,125.30747734285548,20.96613753438782,13,225,0.0,0.0
sample_00597.jpg,152.27066312173727,67.90074327120453,0,255,0.13997942905936464,3.881309553843467e-05
sample_00598.jpg,137.0508257486076,15.29563625136376,5,239,0.0,0.0
sample_00599.jpg,132.6429195210464,16.53830491591818,63,187,0.0,0.0
sample_00600.jpg,99.41454326689825,49.62126347330803,0,217,0.16448989889188612,0.0
sample_00601.jpg,124.91137029633798,13.141466264345281,27,194,0.0,0.0
sample_00602.jpg,129.4866385918609,17.42005693566035,49,192,0.0,0.0
sample_00603.jpg,101.4242853538784,15.79464220228751,48,148,0.0,0.0
sample_00604.jpg,77.10632847522754,15.136309010411315,33,145,0.0,0.0
sample_00605.jpg,113.67346542723514,19.4777082824924,0,217,1.9406547769217335e-05,0.0
sample_00606.jpg,107.51223582836849,64.0762412021045,0,214,0.05901531176618991,0.0
sample_00607.jpg,114.8107473461546,14.997084470302838,12,200,0.0,0.0
sample_00608.jpg,127.20726193017524,21.772540459697385,0,254,0.0005627898853073027,0.0
sample_00609.jpg,178.8940208426323,20.016081682821675,2,253,0.0,0.0
sample_00610.jpg,121.97859457781055,22.072297352646185,0,248,0.000349317859845912,0.0
sample_00611.jpg,124.74674455161171,14.894310924044916,44,247,0.0,0.0
sample_00612.jpg,119.68155795765492,33.02937393414323,0,250,0.03663956218828233,0.0
sample_00613.jpg,117.89196374856877,13.345023407783135,64,174,0.0,0.0
sample_00614.jpg,130.55817112693822,15.94726548615775,10,191,0.0,0.0
sample_00615.jpg,152.75336218440103,12.767192060691613,62,201,0.0,0.0
sample_00616.jpg,120.09431582215839,15.947396756647956,63,174,0.0,0.0
sample_00617.jpg,92.87502183236624,22.84752875381973,54,135,0.0,0.0
sample_00618.jpg,175.42622600865533,15.988458522273241,79,243,0.0,0.0
sample_00619.jpg,107.73104465446642,50.14070124328146,0,219,0.1430844767024394,0.0
sample_00620.jpg,98.86980147101632,16.65416477440047,52,143,0.0,0.0
sample_00621.jpg,142.11847697413108,17.487458570185062,42,227,0.0,0.0
sample_00622.jpg,143.81687981524968,21.738046973320778,11,255,0.0,1.9406547769217335e-05
sample_00623.jpg,61.60331075704943,24.138797080321694,5,255,0.0,0.000174658929922956
sample_00624.jpg,146.0986046692154,15.08479142329325,84,208,0.0,0.0
sample_00625.jpg,100.90655747249122,64.59617436862474,0,241,0.2557977061460537,0.0
sample_00626.jpg,152.0975955287314,15.904099075597824,81,225,0.0,0.0
sample_00627.jpg,142.46146829940423,16.667451818192003,26,220,0.0,0.0
sample_00628.jpg,122.53808534999709,14.018735233944778,74,174,0.0,0.0
sample_00629.jpg,209.58481631702537,14.349960144025381,145,255,0.0,0.00040753750315356403
sample_00630.jpg,115.3320460323313,15.251858862117835,68,165,0.0,0.0
sample_00631.jpg,137.83141531952882,28.969029183668177,0,255,0.0008927011973839974,9.703273884608666e-05
sample_00632.jpg,123.24617205845252,19.54431801163648,20,208,0.0,0.0
sample_00633.jpg,132.28601370102274,18.203771501076464,6,255,0.0,0.00027169166876904265
sample_00634.jpg,180.1313823283976,16.22977832234362,84,255,0.0,5.8219643307652e-05
sample_00635.jpg,85.07564672320441,14.887212135163095,4,186,0.0,0.0
sample_00636.jpg,75.04905975276058,14.672126079196849,16,163,0.0,0.0
sample_00637.jpg,71.34103126394845,15.029343146633254,6,254,0.0,0.0
sample_00638.jpg,110.41770653418463,22.75214153845155,5,230,0.0,0.0
sample_00639.jpg,138.38001901841682,22.155972584966033,0,255,7.762619107686934e-05,3.881309553843467e-05
sample_00640.jpg,127.08723243222263,15.099665586917984,85,221,0.0,0.0
sample_00641.jpg,154.00752974053447,14.236865257684963,90,214,0.0,0.0
sample_00642.jpg,177.2886141784238,24.060640708217306,0,251,0.006675852432610763,0.0
sample_00643.jpg,118.7364784878418,15.430158363966207,60,186,0.0,0.0
sample_00644.jpg,67.70907644239166,15.750202814028485,0,167,0.00087329464961478,0.0
sample_00645.jpg,70.58456403190436,14.892547110712716,14,113,0.0,0.0
sample_00646.jpg,184.56251819363854,20.43897003762709,114,255,0.0,9.703273884608666e-05
sample_00647.jpg,101.89262357119291,14.655602376525925,41,255,0.0,1.9406547769217335e-05
sample_00648.jpg,139.7108230316909,15.181204765390921,76,222,0.0,0.0
sample_00649.jpg,121.19662714199771,13.935852861923326,74,194,0.0,0.0
sample_00650.jpg,80.08571872149663,15.184709793859966,0,205,0.00029109821653826003,0.0
sample_00651.jpg,146.68202371480137,14.722352911876333,81,210,0.0,0.0
sample_00652.jpg,105.90614993498806,14.991742920084425,42,176,0.0,0.0
sample_00653.jpg,71.1499155815172,15.974895463362412,5,180,0.0,0.0
sample_00654.jpg,125.37274156300336,17.913357813276352,0,250,0.00027169166876904265,0.0
sample_00655.jpg,87.0704845814978,16.826184809846204,15,147,0.0,0.0
sample_00656.jpg,130.51636942304333,13.425649447191786,43,208,0.0,0.0
sample_00657.jpg,137.4948281550195,21.46173171370853,1,233,0.0,0.0
sample_00658.jpg,144.17679365017756,16.319312599088974,35,227,0.0,0.0
sample_00659.jpg,100.54613906732132,16.293067259483955,2,200,0.0,0.0
sample_00660.jpg,147.2871586873411,14.852222772279077,75,218,0.0,0.0
sample_00661.jpg,40.034155524073824,20.72709643583204,1,117,0.0,0.0
sample_00662.jpg,110.26105688059151,14.55388088557743,60,175,0.0,0.0
sample_00663.jpg,130.07712162083487,15.10086634813576,39,197,0.0,0.0
sample_00664.jpg,160.95947912825787,14.782582361030345,101,230,0.0,0.0
sample_00665.jpg,142.11445981874283,10.668009095217327,65,197,0.0,0.0
sample_00666.jpg,97.60777426303635,15.060816329403563,31,170,0.0,0.0
sample_00667.jpg,178.23745851850416,16.976646705435297,55,224,0.0,0.0
sample_00668.jpg,115.14617011779775,18.49773653181642,23,171,0.0,0.0
sample_00669.jpg,82.17923887519649,23.08330637831111,7,207,0.0,0.0
sample_00670.jpg,148.28467464922664,16.460575755539537,59,196,0.0,0.0
sample_00671.jpg,175.41382522463078,22.596703029666536,120,232,0.0,0.0
sample_00672.jpg,139.59647965223468,59.686154568099234,0,200,0.1259484950222205,0.0
sample_00673.jpg,125.13126588911099,17.677990972237026,27,183,0.0,0.0
sample_00674.jpg,145.3761183023152,13.469270480682306,77,199,0.0,0.0
sample_00675.jpg,117.6406489549574,15.170956102846034,39,193,0.0,0.0
sample_00676.jpg,63.876438510353395,32.297600190278935,0,204,0.000640416076384172,0.0
sample_00677.jpg,109.18511905917056,26.294696659063018,0,224,0.02286091327213802,0.0
sample_00678.jpg,160.83114362786003,13.649951432508516,94,218,0.0,0.0
sample_00679.jpg,91.44279920045024,20.57179183339679,28,234,0.0,0.0
sample_00680.jpg,43.321430650701544,16.616289944041142,8,193,0.0,0.0
sample_00681.jpg,194.5755205806439,14.072087414231166,101,251,0.0,0.0
sample_00682.jpg,82.06047080284888,21.68955853729059,6,207,0.0,0.0
sample_00683.jpg,112.26193017524113,13.603880676284048,63,178,0.0,0.0
sample_00684.jpg,83.44569077606785,17.312303557951406,0,154,0.002833355974305731,0.0
sample_00685.jpg,146.99738011605115,18.322781533521223,45,231,0.0,0.0
sample_00686.jpg,65.03068175202313,40.10644023102783,0,220,0.1781132954258767,0.0
sample_00687.jpg,93.47483941081721,16.166678031408143,51,153,0.0,0.0
sample_00688.jpg,118.9054318927206,21.220483423310544,13,226,0.0,0.0
sample_00689.jpg,174.875041238914,16.047269047559205,69,252,0.0,0.0
sample_00690.jpg,137.09282151798016,18.614740107165122,76,187,0.0,0.0
sample_00691.jpg,138.50503599914612,16.76877263215341,4,237,0.0,0.0
sample_00692.jpg,186.2374197054086,21.674590536641933,1,253,0.0,0.0
sample_00693.jpg,125.03258359370452,18.10535080702417,5,207,0.0,0.0
sample_00694.jpg,135.11482854315045,14.527922097605886,75,233,0.0,0.0
sample_00695.jpg,113.7862174697743,17.11306213295904,32,186,0.0,0.0
sample_00696.jpg,109.45421025053854,17.878528966302458,48,155,0.0,0.0
sample_00697.jpg,97.40330687573987,14.006466761862711,35,213,0.0,0.0
sample_00698.jpg,141.90021153137067,14.090935465640618,80,207,0.0,0.0
sample_00699.jpg,108.22633856663238,13.689797992080493,36,163,0.0,0.0
sample_00700.jpg,138.00809253041976,19.05397701179814,0,237,0.0010091404839993013,0.0
sample_00701.jpg,129.3061965107027,20.00644039962728,33,209,0.0,0.0
sample_00702.jpg,129.6991596964816,19.656262463449114,0,250,0.00038813095538434665,0.0
sample_00703.jpg,93.5254128743038,44.608009340353995,0,200,0.15756176133827554,0.0
sample_00704.jpg,128.92014205592966,17.46121386079793,0,209,3.881309553843467e-05,0.0
sample_00705.jpg,96.79541617341691,15.158623771930387,49,165,0.0,0.0
sample_00706.jpg,92.18531312464826,16.155680879034257,3,186,0.0,0.0
sample_00707.jpg,148.53049738981932,17.256302467114345,60,240,0.0,0.0
sample_00708.jpg,155.21684876477323,23.175723246372264,42,255,0.0,5.8219643307652e-05
sample_00709.jpg,185.89714529682314,24.137343721978652,57,246,0.0,0.0
sample_00710.jpg,150.82776688854818,15.797138424193644,40,236,0.0,0.0
sample_00711.jpg,180.01013021793554,14.297160324350497,77,216,0.0,0.0
sample_00712.jpg,44.913194511828294,28.056932468608338,0,142,0.1440936171864387,0.0
sample_00713.jpg,137.3621844010169,32.39244868891453,0,217,0.00174658929922956,0.0
sample_00714.jpg,150.0737642880708,17.53991996470341,67,254,0.0,0.0
sample_00715.jpg,34.79170952279299,15.013228409378828,0,161,3.881309553843467e-05,0.0
sample_00716.jpg,128.02410293232936,15.084716854159552,60,218,0.0,0.0
sample_00717.jpg,125.18193638533641,15.691136082670845,15,177,0.0,0.0
sample_00718.jpg,96.02396708649498,22.659376176348687,3,185,0.0,0.0
sample_00719.jpg,166.56294513768947,16.00108678279777,70,238,0.0,0.0
sample_00720.jpg,34.400104795357954,12.979086086754531,0,179,5.8219643307652e-05,0.0
sample_00721.jpg,109.67655106833045,41.036029483194596,0,192,0.09681926682062528,0.0
sample_00722.jpg,33.08379747326748,20.715652893563895,0,105,0.05356207184303984,0.0
sample_00723.jpg,111.52892545945002,16.957925987311103,4,202,0.0,0.0
sample_00724.jpg,121.55749189776631,13.297172705544863,98,187,0.0,0.0
sample_00725.jpg,84.56861184963807,25.486263855315354,0,200,0.00013584583438452133,0.0
sample_00726.jpg,129.09425760251509,16.56577877752628,71,215,0.0,0.0
sample_00727.jpg,105.43777290457801,17.478470144878727,42,189,0.0,0.0
sample_00728.jpg,180.10898717227192,13.645311643137855,105,225,0.0,0.0
sample_00729.jpg,163.2817442605135,32.098454314935786,75,255,0.0,0.0005045702419996507
sample_00730.jpg,32.69403636787052,15.787976026970483,0,170,0.00015525238215373868,0.0
sample_00731.jpg,120.45428787672961,18.565755428834056,33,214,0.0,0.0
sample_00732.jpg,143.31040773156863,32.25922460342884,5,217,0.0,0.0
sample_00733.jpg,92.63455529895786,45.83421303069992,0,195,0.17203904597411165,0.0
sample_00734.jpg,129.47039531137807,21.407558262869543,0,254,9.703273884608666e-05,0.0
sample_00735.jpg,152.90477207009644,14.738980631319707,103,221,0.0,0.0
sample_00736.jpg,63.1874284383551,32.62642736884854,0,154,0.16192823458634945,0.0
sample_00737.jpg,135.40035708047895,15.520892645410182,80,200,0.0,0.0
sample_00738.jpg,74.70203186555143,32.7543775682553,0,198,0.09332608822216616,0.0
sample_00739.jpg,112.61128684818257,20.781165028869147,37,206,0.0,0.0
sample_00740.jpg,97.46862931553106,18.482627330471626,20,193,0.0,0.0
sample_00741.jpg,115.9058782433193,22.116092188480785,0,239,3.881309553843467e-05,0.0
sample_00742.jpg,161.4729569756836,14.835433804578575,79,228,0.0,0.0
sample_00743.jpg,118.51440936171865,18.766970455929023,64,219,0.0,0.0
sample_00744.jpg,217.45948883153176,13.653370195934386,163,255,0.0,0.0007374488152302587
sample_00745.jpg,173.90399580818567,49.05370671724464,0,255,0.05616254924411496,0.00027169166876904265
sample_00746.jpg,84.00172718275147,13.97655447915501,47,133,0.0,0.0
sample_00747.jpg,123.75582681596771,17.54947971462852,44,189,0.0,0.0
sample_00748.jpg,91.14667468803974,50.214977585689866,0,239,0.19152321993440588,0.0
sample_00749.jpg,100.900269751014,15.58439545546277,26,179,0.0,0.0
sample_00750.jpg,137.32333249238292,9.695135486701664,53,195,0.0,0.0
sample_00751.jpg,62.82875662248443,40.43400966442335,0,154,0.20887267364008616,0.0
sample_00752.jpg,51.98268935938986,16.495029004312286,0,184,0.0006016029808457373,0.0
sample_00753.jpg,35.219041704671156,14.643752722749376,0,94,0.004521725630227639,0.0
sample_00754.jpg,186.35919579266044,19.1848994493642,98,252,0.0,0.0
sample_00755.jpg,26.655242678879855,20.1178070797751,0,176,0.22690135651768906,0.0
sample_00756.jpg,130.66281123250985,18.44933307728549,5,247,0.0,0.0
sample_00757.jpg,118.25591414543267,16.732642826222477,57,195,0.0,0.0
sample_00758.jpg,75.40157969298842,15.27149751430126,0,169,7.762619107686934e-05,0.0
sample_00759.jpg,105.88317258242931,23.655271427469373,0,195,0.015738710240835257,0.0
sample_00760.jpg,178.02255040850784,14.223097035671811,75,214,0.0,0.0
sample_00761.jpg,67.37378951658289,44.7358321434011,0,185,0.27658211880688544,0.0
sample_00762.jpg,129.82687418735082,17.366315160717164,20,236,0.0,0.0
sample_00763.jpg,153.2250577344796,16.942712381211237,54,230,0.0,0.0
sample_00764.jpg,124.03060412583206,18.932049409751144,29,212,0.0,0.0
sample_00765.jpg,146.16503328222942,15.794340993424196,86,191,0.0,0.0
sample_00766.jpg,72.0311475091696,14.251221161380375,6,147,0.0,0.0
sample_00767.jpg,178.1366220962953,15.58942528393972,122,239,0.0,0.0
sample_00768.jpg,157.86690989539872,13.81147217107688,108,213,0.0,0.0
sample_00769.jpg,116.85522715364164,18.069133516317553,40,195,0.0,0.0
sample_00770.jpg,149.1506724368802,14.510148033554882,62,231,0.0,0.0
sample_00771.jpg,35.83223039453512,21.364189347158263,0,130,0.16000698635719693,0.0
sample_00772.jpg,78.62102893516273,13.855634354653944,10,122,0.0,0.0
sample_00773.jpg,98.05689999805935,15.31485183930739,44,152,0.0,0.0
sample_00774.jpg,157.54988453104076,12.783936051734939,72,209,0.0,0.0
sample_00775.jpg,66.89510760930737,47.767404906525684,0,219,0.2978905082574861,0.0
sample_00776.jpg,117.98107861592501,20.637611593340026,45,172,0.0,0.0
sample_00777.jpg,134.8255739486503,14.624112409147097,63,189,0.0,0.0
sample_00778.jpg,92.43589046944439,21.443175744898937,6,173,0.0,0.0
sample_00779.jpg,165.75250829629917,14.698867992484603,102,233,0.0,0.0
sample_00780.jpg,150.55962661802093,20.595627696372233,0,206,0.0003299113120766947,0.0
sample_00781.jpg,148.58731976168758,18.109625481813428,62,200,0.0,0.0
sample_00782.jpg,173.25773836092299,18.66768246734646,33,240,0.0,0.0
sample_00783.jpg,64.43330939859108,45.69558848294802,0,246,0.290205515340876,0.0
sample_00784.jpg,138.83731491005065,48.747052931777176,14,229,0.0,0.0
sample_00785.jpg,94.33695588891692,37.24137946641248,0,179,0.006442973859380155,0.0
sample_00786.jpg,99.05573560519319,14.782959480430703,24,164,0.0,0.0
sample_00787.jpg,77.6530691455297,15.959458644630443,14,170,0.0,0.0
sample_00788.jpg,135.10460129247608,19.718509578592375,0,240,5.8219643307652e-05,0.0
sample_00789.jpg,132.53140949756448,16.348675500640528,77,236,0.0,0.0
sample_00790.jpg,88.42013235265578,11.59384792730361,55,138,0.0,0.0
sample_00791.jpg,117.56224650196977,14.283336884527662,61,222,0.0,0.0
sample_00792.jpg,194.43315414620892,20.108282625023538,6,255,0.0,1.9406547769217335e-05
sample_00793.jpg,144.551126550098,15.998413167434727,41,239,0.0,0.0
sample_00794.jpg,70.101496244833,16.56471736937537,24,222,0.0,0.0
sample_00795.jpg,55.388771371460734,17.133915258615474,0,126,1.9406547769217335e-05,0.0
sample_00796.jpg,135.01271128878884,22.21661973297818,0,231,0.000698635719691824,0.0
sample_00797.jpg,118.7179452347222,17.82516071729075,12,240,0.0,0.0
sample_00798.jpg,95.72731859729473,14.649552749151475,50,217,0.0,0.0
sample_00799.jpg,72.73226726697588,14.503617270071986,22,141,0.0,0.0
sample_00800.jpg,146.45312348386346,14.874162806769972,23,218,0.0,0.0
sample_00801.jpg,101.0086359137573,36.49380876145495,0,242,0.08117758931863611,0.0
sample_00802.jpg,138.1877971627627,21.604328056194845,0,218,0.00669525898037998,0.0
sample_00803.jpg,103.3073997166644,15.859905010469067,25,179,0.0,0.0
sample_00804.jpg,65.64761590560656,15.438996706206709,3,182,0.0,0.0
sample_00805.jpg,100.96000310504765,17.18088815237978,42,181,0.0,0.0
sample_00806.jpg,88.88528789613616,14.755883203980067,36,141,0.0,0.0
sample_00807.jpg,88.31983931378447,14.489892677890781,24,147,0.0,0.0
sample_00808.jpg,89.38159094878613,17.083785511402343,0,169,0.000174658929922956,0.0
sample_00809.jpg,132.0632459391799,16.065492163446724,69,191,0.0,0.0
sample_00810.jpg,106.03417493062159,14.422725045164272,53,158,0.0,0.0
sample_00811.jpg,102.92928253992898,11.503231205034728,58,143,0.0,0.0
sample_00812.jpg,152.76665566962293,14.808666228464947,107,211,0.0,0.0
sample_00813.jpg,141.32703914300686,24.01365457998813,0,233,0.005899590521842069,0.0
sample_00814.jpg,78.64561703118632,44.71119274752068,0,183,0.19086339731025248,0.0
sample_00815.jpg,121.47020124590037,49.266595896313355,0,247,0.10890954608084767,0.0
sample_00816.jpg,68.206019911118,43.94227460322108,0,211,0.22117642492576994,0.0
sample_00817.jpg,99.69933435541152,16.45822924636292,52,181,0.0,0.0
sample_00818.jpg,101.19711230569195,52.525661508737684,0,243,0.177337033515108,0.0
sample_00819.jpg,128.4932562246502,19.36000703093187,7,230,0.0,0.0
sample_00820.jpg,136.6147994333288,15.975380320274736,1,240,0.0,0.0
sample_00821.jpg,78.75107221176425,18.76873784914291,0,178,0.0005045702419996507,0.0
sample_00822.jpg,27.330648760891926,30.789146124485608,0,215,0.3026062993654059,0.0
sample_00823.jpg,76.3654641075899,14.48743606442276,16,137,0.0,0.0
sample_00824.jpg,30.56603077878476,27.450660047204902,1,122,0.0,0.0
sample_00825.jpg,152.44864057132875,14.182718180542345,72,220,0.0,0.0
sample_00826.jpg,81.42533330745793,41.25275091165586,0,180,0.15880378039550544,0.0
sample_00827.jpg,118.65299151933863,34.13626858115669,2,233,0.0,0.0
sample_00828.jpg,180.2373614857653,15.702740547344938,53,246,0.0,0.0
sample_00829.jpg,153.83632517611443,16.696511544898623,70,196,0.0,0.0
sample_00830.jpg,99.42364493780201,36.391764611858285,0,204,0.07694696190494672,0.0
sample_00831.jpg,162.47303460187467,16.975232777488944,0,216,0.0016495565603834733,0.0
sample_00832.jpg,125.60195229870558,18.99950034816084,0,255,0.00015525238215373868,5.8219643307652e-05
sample_00833.jpg,65.36431912127152,52.159422922634775,0,193,0.3247491703700829,0.0
sample_00834.jpg,132.80207261930175,33.91250153642572,0,250,0.025539016864290012,0.0
sample_00835.jpg,97.09194822333055,18.88918892882452,12,255,0.0,1.9406547769217335e-05
sample_00836.jpg,111.4742184012886,16.5834241199589,16,218,0.0,0.0
sample_00837.jpg,51.72724097110365,27.12798772164759,0,145,0.04663393428942925,0.0
sample_00838.jpg,49.026451124609444,10.0694448215812,0,83,7.762619107686934e-05,0.0
sample_00839.jpg,101.52419026179433,16.055803306794704,9,203,0.0,0.0
sample_00840.jpg,214.65885229676493,14.847358685557667,165,241,0.0,0.0
sample_00841.jpg,127.235789555396,16.570365654678447,9,205,0.0,0.0
sample_00842.jpg,102.75827204098663,17.064803964036866,0,246,0.000116439286615304,0.0
sample_00843.jpg,147.05600729686196,24.893081685200944,0,221,0.007956684585379107,0.0
sample_00844.jpg,109.11216984610607,12.745441002220359,4,162,0.0,0.0
sample_00845.jpg,137.18525490500494,17.578398346532214,58,230,0.0,0.0
sample_00846.jpg,134.10667779308739,19.7855002697325,0,255,7.762619107686934e-05,0.0011643928661530401
sample_00847.jpg,134.54336393099032,17.586902495424667,50,241,0.0,0.0
sample_00848.jpg,177.83890624696772,13.501227236405374,43,224,0.0,0.0
sample_00849.jpg,206.24879194240137,55.40855903588018,0,255,0.008189563158609714,0.0019018416813832988
sample_00850.jpg,124.67319373556639,16.8832267687672,54,191,0.0,0.0
sample_00851.jpg,109.69362883036736,10.877241941404032,42,164,0.0,0.0
sample_00852.jpg,151.36228143375575,20.700725492259703,20,209,0.0,0.0
sample_00853.jpg,172.02006637039338,14.10747075387009,122,237,0.0,0.0
sample_00854.jpg,83.3172970560267,20.229383887422486,2,207,0.0,0.0
sample_00855.jpg,78.00589959052184,20.040442239803152,21,176,0.0,0.0
sample_00856.jpg,127.44204234508723,17.03369869566511,19,239,0.0,0.0
sample_00857.jpg,39.72114731510412,15.202282655141387,0,89,0.001688369655921908,0.0
sample_00858.jpg,58.67769605464884,30.52562398977264,0,190,0.151351666052126,0.0
sample_00859.jpg,99.15837683634459,14.011755769585879,23,174,0.0,0.0
sample_00860.jpg,122.97089017834617,39.021353134056355,0,243,0.051660230161656544,0.0
sample_00861.jpg,130.86723980671078,19.43541780419989,22,185,0.0,0.0
sample_00862.jpg,122.40181257156165,16.683551334962868,6,196,0.0,0.0
sample_00863.jpg,50.80587630266452,38.916337254386164,0,162,0.31820916377185665,0.0
sample_00864.jpg,78.0136816161773,17.409818345271677,0,255,0.000232878573230608,9.703273884608666e-05
sample_00865.jpg,20.86555143705486,14.951665506872704,0,68,0.15218614760620233,0.0
sample_00866.jpg,140.63538978051196,59.35801331702023,0,247,0.11764249257699548,0.0
sample_00867.jpg,148.69180461487707,17.915053616839,62,221,0.0,0.0
sample_00868.jpg,131.04094781579306,12.59843933975346,71,184,0.0,0.0
sample_00869.jpg,115.72929806516719,14.897002551725684,54,182,0.0,0.0
sample_00870.jpg,132.3034407809195,17.346504790115347,42,221,0.0,0.0
sample_00871.jpg,35.45597624638553,26.169714808219982,0,149,0.2671117234955074,0.0
sample_00872.jpg,136.73896252595625,16.545064878215022,6,240,0.0,0.0
sample_00873.jpg,156.51536028255933,23.62189139090154,0,253,0.007180422674610413,0.0
sample_00874.jpg,94.99642919521047,20.35913239853396,46,247,0.0,0.0
sample_00875.jpg,100.97851695161948,15.590395640442614,32,210,0.0,0.0
sample_00876.jpg,130.05001067360126,17.318460983922314,0,235,1.9406547769217335e-05,0.0
sample_00877.jpg,138.68330454695413,16.012064412062756,82,229,0.0,0.0
sample_00878.jpg,123.8655320305071,16.668561119533898,50,205,0.0,0.0
sample_00879.jpg,131.12645306526423,18.356116183324005,30,184,0.0,0.0
sample_00880.jpg,40.3461739991073,17.14019244518694,0,208,3.881309553843467e-05,0.0
sample_00881.jpg,77.15589279823013,55.03592349852307,0,248,0.3042946690213278,0.0
sample_00882.jpg,168.135554736168,13.344958395425385,127,228,0.0,0.0
sample_00883.jpg,105.94993110675541,16.617483330563676,47,171,0.0,0.0
sample_00884.jpg,85.47251062508491,13.444179942672875,17,137,0.0,0.0
sample_00885.jpg,113.42830250926663,39.48769755428307,0,228,0.08016844883463681,0.0
sample_00886.jpg,147.54635253934677,16.03046688886854,56,207,0.0,0.0
sample_00887.jpg,99.90197752721768,18.827791791036965,1,255,0.0,1.9406547769217335e-05
sample_00888.jpg,135.0955772477634,15.105897277149216,76,195,0.0,0.0
sample_00889.jpg,95.60245686894758,23.92895880221772,25,169,0.0,0.0
sample_00890.jpg,92.6943080595393,39.06555837217291,0,253,0.004909856585611986,0.0
sample_00891.jpg,125.94927128413127,36.28503660209225,0,200,0.035048225271206504,0.0
sample_00892.jpg,137.10896776572415,39.7408123382611,0,231,0.053135127792117064,0.0
sample_00893.jpg,125.35669234799822,19.19290389468992,0,201,0.0019018416813832988,0.0
sample_00894.jpg,126.09615944419647,16.05000079044137,35,207,0.0,0.0
sample_00895.jpg,144.53369947020124,18.2998021798609,76,243,0.0,0.0
sample_00896.jpg,177.9568010246657,13.813773939963557,71,255,0.0,1.9406547769217335e-05
sample_00897.jpg,138.3809117196142,21.717123169027666,24,237,0.0,0.0
sample_00898.jpg,107.39152710124397,56.394690493793036,0,218,0.186535737157717,0.0
sample_00899.jpg,69.83093015583458,41.72868396125643,0,180,0.19988744202293854,0.0
sample_00900.jpg,147.58244871819753,19.643264163149322,0,251,5.8219643307652e-05,0.0
sample_00901.jpg,91.61507112499757,15.045164099905136,37,157,0.0,0.0
sample_00902.jpg,171.50503599914612,16.886227942233415,21,255,0.0,0.000116439286615304
sample_00903.jpg,143.97083195870286,53.44339596279247,0,226,0.09551902812008772,0.0
sample_00904.jpg,106.2601253662986,15.379254818455474,11,179,0.0,0.0
sample_00905.jpg,48.61664305536688,46.18301329296324,0,198,0.2453957965417532,0.0
sample_00906.jpg,134.2731083467562,16.42673540346261,37,211,0.0,0.0
sample_00907.jpg,139.47287934949253,17.995291328082242,1,249,0.0,0.0
sample_00908.jpg,122.82722350521065,33.925543670792145,0,242,0.03564982825205224,0.0
sample_00909.jpg,118.97302489860078,18.11502944649787,15,197,0.0,0.0
sample_00910.jpg,100.2918938849968,57.648934855402686,0,223,0.22086592016146248,0.0
sample_00911.jpg,99.89431194084884,14.506595503492193,25,214,0.0,0.0
sample_00912.jpg,120.45091113741776,17.24038968522241,53,155,0.0,0.0
sample_00913.jpg,118.72807545265772,61.50022775722782,0,212,0.19127093481340604,0.0
sample_00914.jpg,168.95350191154495,17.082968060504477,99,226,0.0,0.0
sample_00915.jpg,193.32936792873915,20.98179105906764,57,255,0.0,0.000116439286615304
sample_00916.jpg,151.29897727493255,23.142042976359043,0,222,0.00029109821653826003,0.0
sample_00917.jpg,138.5944419647189,69.31261246958829,0,233,0.17539637873818625,0.0
sample_00918.jpg,138.9669118360535,23.570296173420047,0,254,5.8219643307652e-05,0.0
sample_00919.jpg,124.10287410972462,17.847029986762855,17,216,0.0,0.0
sample_00920.jpg,192.11040385025908,11.500932035513255,138,221,0.0,0.0
sample_00921.jpg,143.67688097964253,13.046042654578452,44,195,0.0,0.0
sample_00922.jpg,137.67858875584622,63.361224259024894,0,246,0.151798016650818,0.0
sample_00923.jpg,133.1736109763434,18.076936109094124,64,197,0.0,0.0
sample_00924.jpg,138.37109200644298,22.008923428609187,1,230,0.0,0.0
sample_00925.jpg,129.66886607541383,19.75604227437293,0,255,3.881309553843467e-05,1.9406547769217335e-05
sample_00926.jpg,93.4255467794834,16.622694455835493,26,160,0.0,0.0
sample_00927.jpg,106.13382755341652,18.248211087300003,38,185,0.0,0.0
sample_00928.jpg,78.4409361718644,48.78228925167286,0,189,0.2362359059946826,0.0
sample_00929.jpg,149.36833627665973,17.14042456622831,44,193,0.0,0.0
sample_00930.jpg,196.3909254982631,14.205641563206562,131,240,0.0,0.0
sample_00931.jpg,118.90199693376545,18.002012284269135,46,207,0.0,0.0
sample_00932.jpg,133.10547458712568,14.524499472789591,31,236,0.0,0.0
sample_00933.jpg,102.59752760581421,17.26674341634247,37,211,0.0,0.0
sample_00934.jpg,136.03099225678744,14.915005958154369,70,232,0.0,0.0
sample_00935.jpg,172.05148557123172,22.706392146370398,84,220,0.0,0.0
sample_00936.jpg,161.19697645985755,16.1313289321351,106,213,0.0,0.0
sample_00937.jpg,76.2528673174329,16.376020884867483,8,150,0.0,0.0
sample_00938.jpg,100.68619612257176,20.233254199634686,0,233,1.9406547769217335e-05,0.0
sample_00939.jpg,136.82144035397542,19.20743041727924,33,224,0.0,0.0
sample_00940.jpg,54.54767218459508,18.76135848823069,13,169,0.0,0.0
sample_00941.jpg,106.34138058180831,65.75186303343139,0,200,0.251722331114518,0.0
sample_00942.jpg,173.50103825030564,25.802586896435617,42,234,0.0,0.0
sample_00943.jpg,34.19123212171787,21.18086027491646,0,159,5.8219643307652e-05,0.0
sample_00944.jpg,136.1949387723418,23.301699897449716,10,254,0.0,0.0
sample_00945.jpg,152.13706844689398,17.24137617501975,7,231,0.0,0.0
sample_00946.jpg,161.8294164451086,20.581099210577786,60,217,0.0,0.0
sample_00947.jpg,140.92526538454075,21.747874381494253,0,248,0.0002522851209998253,0.0
sample_00948.jpg,108.88350249374139,18.028765370512577,0,206,0.00019406547769217333,0.0
sample_00949.jpg,113.54658541792,19.404036933033712,4,222,0.0,0.0
sample_00950.jpg,87.93306681674397,53.52429690310434,0,185,0.23714801373983582,0.0
sample_00951.jpg,139.03673659492713,15.959955089601753,82,255,0.0,0.000116439286615304
sample_00952.jpg,127.33544217819092,13.24517371546692,65,187,0.0,0.0
sample_00953.jpg,99.95592773001611,14.832248413624004,40,145,0.0,0.0
sample_00954.jpg,126.78650856799084,16.433455507319497,27,203,0.0,0.0
sample_00955.jpg,163.47580973820567,75.2382781813474,0,255,0.14025112072813367,3.881309553843467e-05
sample_00956.jpg,108.2137825302257,71.07387208645616,0,249,0.2797453860932679,0.0
sample_00957.jpg,164.54351918337247,17.397761755898067,98,212,0.0,0.0
sample_00958.jpg,69.82307050398805,31.176604526365832,0,242,0.07331793747210309,0.0
sample_00959.jpg,124.51435114207534,18.39901456255284,0,232,5.8219643307652e-05,0.0
sample_00960.jpg,103.13454559568399,15.769832484598867,0,232,1.9406547769217335e-05,0.0
sample_00961.jpg,114.03817267946205,16.282510380001746,10,173,0.0,0.0
sample_00962.jpg,98.3035572202061,11.538459802299394,46,138,0.0,0.0
sample_00963.jpg,58.06699140289934,11.711783904888424,7,143,0.0,0.0
sample_00964.jpg,117.64375400260047,16.956575694967036,53,164,0.0,0.0
sample_00965.jpg,71.68761280055891,15.262436397311504,38,196,0.0,0.0
sample_00966.jpg,140.5212404665334,84.48804205089388,0,247,0.24141745424906363,0.0
sample_00967.jpg,125.01760173882668,13.974302270043376,50,173,0.0,0.0
sample_00968.jpg,153.19534630984495,14.524721199999894,107,222,0.0,0.0
sample_00969.jpg,140.99934017737584,17.49674257258764,71,208,0.0,0.0
sample_00970.jpg,55.61592501309942,48.69300910868038,0,236,0.32688389062469675,0.0
sample_00971.jpg,123.6296842554678,13.957126025778763,75,253,0.0,0.0
sample_00972.jpg,128.11841875448778,16.703639550561824,33,181,0.0,0.0
sample_00973.jpg,122.73065652351103,14.019359050396403,66,186,0.0,0.0
sample_00974.jpg,110.90236565817307,33.562181566015155,0,223,0.04261677890120127,0.0
sample_00975.jpg,86.10316520794116,61.06944173294855,0,231,0.278328708106115,0.0
sample_00976.jpg,116.50251314793611,18.17744882332738,43,188,0.0,0.0
sample_00977.jpg,156.2516641114712,17.760180793255618,87,247,0.0,0.0
sample_00978.jpg,132.66354868132507,20.36351984195623,31,247,0.0,0.0
sample_00979.jpg,138.13078072541674,14.954664208105699,111,236,0.0,0.0
sample_00980.jpg,77.20378815812455,17.351786550895028,47,215,0.0,0.0
sample_00981.jpg,119.52682955229095,19.466097099601075,17,190,0.0,0.0
sample_00982.jpg,120.19588969318248,13.270118197587935,32,200,0.0,0.0
sample_00983.jpg,81.28471346232219,68.50957762597743,0,169,0.383162879155427,0.0
sample_00984.jpg,114.38446311785596,74.78482091033796,0,255,0.25418696268120866,0.00027169166876904265
sample_00985.jpg,173.18674920918318,41.06825019812757,0,255,0.03225368239243921,0.000174658929922956
sample_00986.jpg,121.88130955384347,36.73858269484494,0,241,0.048846280735120026,0.0
sample_00987.jpg,122.12526926585029,23.496633811657514,11,234,0.0,0.0
sample_00988.jpg,141.52545168739934,15.839679131849271,32,218,0.0,0.0
sample_00989.jpg,28.520289545692716,15.079862719721158,0,129,0.000116439286615304,0.0
sample_00990.jpg,143.8290283141532,91.03646130296241,0,255,0.26639368122804635,0.00031050476430747735
sample_00991.jpg,67.5214345320111,17.31447939487711,7,162,0.0,0.0
sample_00992.jpg,82.5201148867628,46.60227837315027,0,176,0.2014205592967067,0.0
sample_00993.jpg,85.83378291835665,26.82405636038984,0,213,0.02251159541229211,0.0
sample_00994.jpg,128.22670729104,12.528788952237814,3,249,0.0,0.0
sample_00995.jpg,125.04333482116866,20.176658822610936,42,249,0.0,0.0
sample_00996.jpg,91.98942343146578,35.308306901312434,0,255,0.07234761008364222,1.9406547769217335e-05
sample_00997.jpg,144.02744085854567,21.000307821921552,39,221,0.0,0.0
sample_00998.jpg,129.96446661103457,19.5599813097616,59,232,0.0,0.0
sample_00999.jpg,127.09270507869356,14.358375264775487,68,194,0.0,0.0
sample_01000.jpg,125.55068019949931,12.371018181032337,60,237,0.0,0.0
sample_01001.jpg,88.05796735818666,54.56783469546088,0,180,0.2475499233441363,0.0
sample_01002.jpg,142.3301635971977,15.393917421020353,86,210,0.0,0.0
sample_01003.jpg,70.03881309553843,14.677032669107684,3,164,0.0,0.0
sample_01004.jpg,197.5141182635021,16.389473385016817,143,253,0.0,0.0
sample_01005.jpg,169.4623610006016,16.941745757428126,0,239,0.0008150750063071281,0.0
sample_01006.jpg,102.97960371829456,63.60591715395684,0,230,0.2464243435735217,0.0
sample_01007.jpg,109.36744357546236,79.25190387098965,0,233,0.3225174173766229,0.0
sample_01008.jpg,93.31626850899494,72.91931026941535,0,243,0.33431659842030703,0.0
sample_01009.jpg,127.75188728677055,15.5117387880606,0,246,1.9406547769217335e-05,0.0
sample_01010.jpg,124.447107454055,21.490643936662238,4,179,0.0,0.0
sample_01011.jpg,119.50344466222904,20.23075732777681,0,187,0.000989733936230084,0.0
sample_01012.jpg,124.17089405965572,32.389998114470394,0,255,0.033689766927361295,1.9406547769217335e-05
sample_01013.jpg,114.60676512255235,17.449508189543458,47,194,0.0,0.0
sample_01014.jpg,121.82415727066312,22.444302165664492,0,249,0.00013584583438452133,0.0
sample_01015.jpg,93.63930990316133,55.84838143421386,0,255,0.20650507481224165,0.0010285470317685187
sample_01016.jpg,102.6082400201828,17.895901199200825,15,158,0.0,0.0
sample_01017.jpg,73.81670515631974,14.62184137733206,0,126,1.9406547769217335e-05,0.0
sample_01018.jpg,97.7519260998661,14.963868631562066,61,200,0.0,0.0
sample_01019.jpg,75.71159929360167,13.688368888241968,24,123,0.0,0.0
sample_01020.jpg,109.64293892759417,22.10971630465801,31,214,0.0,0.0
sample_01021.jpg,137.4598381493916,22.997061886732244,7,237,0.0,0.0
sample_01022.jpg,181.95418114071688,16.37177526592692,59,226,0.0,0.0
sample_01023.jpg,159.65318558481633,13.493062769935975,61,223,0.0,0.0
sample_01024.jpg,83.63061576976072,16.09572700949201,9,154,0.0,0.0
sample_01025.jpg,137.27359351045044,14.422282392145105,85,188,0.0,0.0
sample_01026.jpg,110.26191076869335,60.275780019309614,0,255,0.19573444080032604,5.8219643307652e-05
sample_01027.jpg,120.62912146558249,16.348180334785425,0,203,0.000174658929922956,0.0
sample_01028.jpg,60.066195734440804,45.04633842878239,0,254,0.2753206932018863,0.0
sample_01029.jpg,58.82324516291797,38.481858887367586,0,141,0.26125094606920374,0.0
sample_01030.jpg,58.30268392555648,18.46708017267698,2,143,0.0,0.0
sample_01031.jpg,118.22736711366414,14.087496967956508,74,166,0.0,0.0
sample_01032.jpg,119.34017737584661,15.639932965606903,24,189,0.0,0.0
sample_01033.jpg,133.98924877253586,17.153726863763964,32,207,0.0,0.0
sample_01034.jpg,154.29334937607948,20.769691187266666,0,246,0.000116439286615304,0.0
sample_01035.jpg,94.65858060509616,16.16670010639927,27,168,0.0,0.0
sample_01036.jpg,157.08692192745832,17.93731317768543,60,249,0.0,0.0
sample_01037.jpg,88.75351743678317,16.610717596845696,1,209,0.0,0.0
sample_01038.jpg,157.70647596499057,22.25334634710845,0,235,0.0006792291719226067,0.0
sample_01039.jpg,117.49921403481535,14.235532841303595,61,203,0.0,0.0
sample_01040.jpg,138.46682450658852,19.423062625833342,47,202,0.0,0.0
sample_01041.jpg,84.03318519668537,18.2089638806287,11,182,0.0,0.0
sample_01042.jpg,118.43703545576277,24.35176862503642,0,255,0.0005627898853073027,0.000116439286615304
sample_01043.jpg,80.08115818277086,34.049889765494946,0,146,0.08420501077063401,0.0
sample_01044.jpg,111.51118787478896,36.28284809505616,0,182,0.0668361505171845,0.0
sample_01045.jpg,150.32552543228084,58.62969489244422,0,219,0.11366415028430593,0.0
sample_01046.jpg,80.37392536241728,38.71607180232882,0,220,0.1425410933649013,0.0
sample_01047.jpg,118.30107318209164,26.474551618830755,0,193,0.010576568534223446,0.0
sample_01048.jpg,104.07211473151041,60.9628501260643,0,178,0.22987055832637932,0.0
sample_01049.jpg,126.4280114110501,20.061345693467395,30,236,0.0,0.0
sample_01050.jpg,118.27766888548196,18.120522542673996,21,251,0.0,0.0
sample_01051.jpg,131.86493042752625,17.91197656911326,56,200,0.0,0.0
sample_01052.jpg,131.05765685342234,35.23036023320338,0,221,0.02276388053329193,0.0
sample_01053.jpg,190.22315589279822,16.48081675565941,119,231,0.0,0.0
sample_01054.jpg,140.5800034931786,12.819407811108823,88,202,0.0,0.0
sample_01055.jpg,116.62017504706088,16.118206533219638,54,186,0.0,0.0
sample_01056.jpg,95.68821440353976,45.589044499031466,0,219,0.13417687127636865,0.0
sample_01057.jpg,94.96202138601564,17.784537994765355,0,235,0.0002522851209998253,0.0
sample_01058.jpg,121.0667585243261,15.494755651821837,64,197,0.0,0.0
sample_01059.jpg,103.79460109841061,44.152187161675805,0,169,0.12464825632168293,0.0
sample_01060.jpg,167.96681480331463,17.327662414492035,92,249,0.0,0.0
sample_01061.jpg,125.63603019658832,14.538669516128717,61,171,0.0,0.0
sample_01062.jpg,85.27782413786412,22.18613323542524,35,222,0.0,0.0
sample_01063.jpg,153.32892157814047,16.069368795417194,74,244,0.0,0.0
sample_01064.jpg,138.63634070135262,18.767529283724286,0,242,0.000465757146461216,0.0
sample_01065.jpg,136.77760096256478,14.315722939709268,63,219,0.0,0.0
sample_01066.jpg,129.43098061285878,16.789068606462582,15,201,0.0,0.0
sample_01067.jpg,124.5848551301209,15.823535424807243,3,242,0.0,0.0
sample_01068.jpg,197.88016456752507,17.023591134957616,114,246,0.0,0.0
sample_01069.jpg,74.95078499485726,16.290940208697773,34,142,0.0,0.0
sample_01070.jpg,135.62314424886958,17.309271393391878,50,222,0.0,0.0
sample_01071.jpg,146.69989714529683,17.345213588318803,67,237,0.0,0.0
sample_01072.jpg,60.317976285198625,38.41572889840724,0,144,0.24780220846513615,0.0
sample_01073.jpg,115.92324710357275,17.927533169436376,8,182,0.0,0.0
sample_01074.jpg,89.78280191736692,30.402003302260926,0,169,0.06916493624949058,0.0
sample_01075.jpg,159.23435347086107,54.754806566698505,0,236,0.06811698266995284,0.0
sample_01076.jpg,103.85662442508102,54.35997769868268,0,199,0.1842651710687186,0.0
sample_01077.jpg,131.81418230510974,78.97099967287743,0,229,0.2345669428865299,0.0
sample_01078.jpg,63.91150614217237,35.27338068856922,0,152,0.18546837703041005,0.0
sample_01079.jpg,96.58217702652875,16.824511366457106,0,197,0.00015525238215373868,0.0
sample_01080.jpg,122.76391934638747,15.622122481900595,32,217,0.0,0.0
sample_01081.jpg,91.49290690679035,12.17433512375978,29,178,0.0,0.0
sample_01082.jpg,127.26220186690989,16.536880704148555,69,199,0.0,0.0
sample_01083.jpg,75.65939568010246,51.409402294612065,0,185,0.27178870150788875,0.0
sample_01084.jpg,80.75441013798056,14.464641529366641,23,147,0.0,0.0
sample_01085.jpg,106.95454986512449,12.588282481123752,61,166,0.0,0.0
sample_01086.jpg,131.29243726833434,67.79321365184516,0,227,0.1896407848007918,0.0
sample_01087.jpg,107.56826253177822,13.57751426313564,58,185,0.0,0.0
sample_01088.jpg,92.1823245162918,60.977274685930134,0,183,0.2670535038521997,0.0
sample_01089.jpg,60.046323429525124,13.617918266650284,8,108,0.0,0.0
sample_01090.jpg,194.77335092860332,22.365319871448836,31,254,0.0,0.0
sample_01091.jpg,150.12369733548098,15.635973910359311,68,177,0.0,0.0
sample_01092.jpg,125.64907139668924,15.185051521543668,46,206,0.0,0.0
sample_01093.jpg,134.10025422577579,90.62835393235166,0,251,0.28554794387626387,0.0
sample_01094.jpg,98.27990063847543,40.073879451105086,0,255,0.0009703273884608667,0.00021347202546139068
sample_01095.jpg,127.75378912845194,18.396278145233175,0,212,5.8219643307652e-05,0.0
sample_01096.jpg,110.76405519222186,16.441610669655972,61,167,0.0,0.0
sample_01097.jpg,107.22055541539716,16.448519470491526,7,160,0.0,0.0
sample_01098.jpg,55.763065458285624,11.785880942135003,25,84,0.0,0.0
sample_01099.jpg,106.09480098585263,15.238027399725924,47,198,0.0,0.0
sample_01100.jpg,168.40693590017273,42.10292680004689,0,250,0.04333482116866231,0.0
sample_01101.jpg,70.66589687360515,41.232727147896284,0,199,0.1998486289274001,0.0
sample_01102.jpg,87.83729550350289,16.074175689446605,38,147,0.0,0.0
sample_01103.jpg,161.43798637660348,14.99960997860623,75,209,0.0,0.0
sample_01104.jpg,148.4587707892643,17.761347888836237,60,201,0.0,0.0
sample_01105.jpg,152.51477808612626,17.484522669803912,2,249,0.0,0.0
sample_01106.jpg,118.0717460071028,59.362151596050126,0,232,0.16590657687903898,0.0
sample_01107.jpg,163.2184401016903,17.643622909540124,69,253,0.0,0.0
sample_01108.jpg,141.06382813561297,17.66906977979182,31,228,0.0,0.0
sample_01109.jpg,120.34454384909469,19.597564291515614,34,224,0.0,0.0
sample_01110.jpg,120.38871315181743,18.247778752503553,2,236,0.0,0.0
sample_01111.jpg,142.43754002600477,52.23791095186956,0,238,0.09627588348308719,0.0
sample_01112.jpg,161.880843796697,18.43681038141741,54,231,0.0,0.0
sample_01113.jpg,99.1854683770304,16.6897460512516,33,157,0.0,0.0
sample_01114.jpg,98.70238118341128,40.69341471301983,0,198,0.09350074715208911,0.0
sample_01115.jpg,123.71251140134682,19.749059905487346,0,215,1.9406547769217335e-05,0.0
sample_01116.jpg,134.65776553008985,17.26636440742098,62,185,0.0,0.0
sample_01117.jpg,147.85724543460964,18.113535673876665,63,206,0.0,0.0
sample_01118.jpg,117.18234392283956,16.255493891391584,0,253,1.9406547769217335e-05,0.0
sample_01119.jpg,115.94573929243727,18.32997049258063,0,179,3.881309553843467e-05,0.0
sample_01120.jpg,131.48980185914726,17.987538240957267,34,233,0.0,0.0
sample_01121.jpg,80.52859554813794,48.68562310612699,0,157,0.24275650604513963,0.0
sample_01122.jpg,132.84785266548934,19.98690753370615,21,251,0.0,0.0
sample_01123.jpg,120.91701760173882,14.976819835886799,70,176,0.0,0.0
sample_01124.jpg,159.14617011779774,13.955618298277848,104,194,0.0,0.0
sample_01125.jpg,178.17407673348987,23.660953517861095,34,245,0.0,0.0
sample_01126.jpg,101.45442372256399,43.97586248703523,0,177,0.13014030934037144,0.0
sample_01127.jpg,121.03130276155174,20.104126711201253,0,226,9.703273884608666e-05,0.0
sample_01128.jpg,126.88208581575424,16.064622811160767,34,209,0.0,0.0
sample_01129.jpg,115.80740941993828,22.764156262880356,0,173,0.00021347202546139068,0.0
sample_01130.jpg,146.81734557239614,17.88045374653298,9,217,0.0,0.0
sample_01131.jpg,143.71672262221273,20.272649120336343,84,216,0.0,0.0
sample_01132.jpg,100.55690970133323,17.01734993945197,1,210,0.0,0.0
sample_01133.jpg,93.21877001300238,18.92023805696393,0,218,3.881309553843467e-05,0.0
sample_01134.jpg,154.24143686079682,12.063308008381577,82,202,0.0,0.0
sample_01135.jpg,105.03840555803528,13.53748220276436,62,156,0.0,0.0
sample_01136.jpg,144.97141415513593,67.89280376264357,0,241,0.15798870538919832,0.0
sample_01137.jpg,57.21065807603485,12.94016575109126,0,154,0.0017077762036911254,0.0
sample_01138.jpg,89.24667662869452,14.68290165559984,7,180,0.0,0.0
sample_01139.jpg,28.50505540569388,16.386316872358005,0,113,0.000174658929922956,0.0
sample_01140.jpg,136.8391779386365,12.7754597195167,72,189,0.0,0.0
sample_01141.jpg,125.76795590832347,13.992603076085596,57,186,0.0,0.0
sample_01142.jpg,132.73374216460633,15.408596530114485,74,186,0.0,0.0
sample_01143.jpg,84.6842166546993,17.081033871746712,3,198,0.0,0.0
sample_01144.jpg,74.68930117021483,21.824405540718647,6,176,0.0,0.0
sample_01145.jpg,150.85344175124686,17.19551211975931,14,222,0.0,0.0
sample_01146.jpg,150.5398901589396,10.689528984973764,65,183,0.0,0.0
sample_01147.jpg,136.80962176638397,19.80909214884175,0,255,0.0005433833375380853,9.703273884608666e-05
sample_01148.jpg,79.60955966543112,19.535909594505657,50,253,0.0,0.0
sample_01149.jpg,122.89928001707776,19.843962942077212,11,177,0.0,0.0
sample_01150.jpg,52.237671990529606,39.20134102672536,0,151,0.28855595878049256,0.0
sample_01151.jpg,39.886025344951385,17.176583524589155,0,119,0.0023093791845368626,0.0
sample_01152.jpg,151.6117720118768,18.68477704099826,2,247,0.0,0.0
sample_01153.jpg,131.65204059849793,55.426891062255756,0,255,0.12957751945506413,5.8219643307652e-05
sample_01154.jpg,136.25432280851558,15.012177904851821,76,247,0.0,0.0
sample_01155.jpg,59.17974344543849,22.500602442855932,4,253,0.0,0.0
sample_01156.jpg,77.35576083370529,53.69283431049664,0,246,0.2871780938888781,0.0
sample_01157.jpg,131.16555725901918,67.22721235700973,0,227,0.17888955733664538,0.0
sample_01158.jpg,137.03786217469775,19.57468508361033,10,237,0.0,0.0
sample_01159.jpg,127.19063051873702,20.13232267277838,36,198,0.0,0.0
sample_01160.jpg,117.37522560111782,12.927741934972207,54,166,0.0,0.0
sample_01161.jpg,125.87583690737254,40.758306237434276,0,220,0.06305187370218712,0.0
sample_01162.jpg,148.90294785460614,11.090292089476947,112,180,0.0,0.0
sample_01163.jpg,117.38124163092627,13.341025129507514,18,182,0.0,0.0
sample_01164.jpg,76.40792563410895,33.632273750502414,0,148,0.11894273127753303,0.0
sample_01165.jpg,136.8332007219236,12.705659453411766,34,205,0.0,0.0
sample_01166.jpg,138.4467387296474,17.08426845768291,15,240,0.0,0.0
sample_01167.jpg,114.79363077102214,19.02812504621361,13,190,0.0,0.0
sample_01168.jpg,167.24925769954783,19.287077410661993,56,228,0.0,0.0
sample_01169.jpg,85.50356110151566,13.335797605279632,47,131,0.0,0.0
sample_01170.jpg,181.74754022007025,17.253834019881655,88,253,0.0,0.0
sample_01171.jpg,118.94401210968581,15.503424705144514,25,173,0.0,0.0
sample_01172.jpg,99.24731704477091,14.017698806385212,38,148,0.0,0.0
sample_01173.jpg,133.97548953016747,12.350215387841484,76,192,0.0,0.0
sample_01174.jpg,79.07071746007102,20.521409888318402,7,249,0.0,0.0
sample_01175.jpg,70.77593199945662,53.31511786891107,0,155,0.3338508412738458,0.0
sample_01176.jpg,139.51491393196065,23.825253449802307,0,255,0.0002522851209998253,1.9406547769217335e-05
sample_01177.jpg,129.11453744493392,15.16633182893525,70,183,0.0,0.0
sample_01178.jpg,68.20305070930932,13.385268444453986,41,159,0.0,0.0
sample_01179.jpg,86.51126550098003,17.95847692336806,0,239,0.0005045702419996507,0.0
sample_01180.jpg,75.1552135690582,14.117255840092678,15,154,0.0,0.0
sample_01181.jpg,118.04579945273535,14.91157211326434,37,187,0.0,0.0
sample_01182.jpg,217.89675716586777,15.23851443386358,145,255,0.0,7.762619107686934e-05
sample_01183.jpg,183.2746220574822,14.8689389859285,107,238,0.0,0.0
sample_01184.jpg,132.25176114421006,11.946430676029859,81,190,0.0,0.0
sample_01185.jpg,106.13229443614276,16.235278144072357,54,157,0.0,0.0
sample_01186.jpg,141.56638009664462,23.542832485014273,11,253,0.0,0.0
sample_01187.jpg,93.907081449281,17.715574684645414,37,176,0.0,0.0
sample_01188.jpg,75.56090745017369,56.04759046680745,0,181,0.3198393137844709,0.0
sample_01189.jpg,94.24859787692367,51.894560977862696,0,202,0.2052242426594733,0.0
sample_01190.jpg,125.44745677191484,19.37655370033147,31,206,0.0,0.0
sample_01191.jpg,98.6898833666479,20.55570256826669,2,255,0.0,5.8219643307652e-05
sample_01192.jpg,105.89615556288692,19.061215010736248,29,182,0.0,0.0
sample_01193.jpg,140.2794154747812,14.819313183736753,70,180,0.0,0.0
sample_01194.jpg,132.65124493003938,53.56933027076703,0,228,0.11488676279376661,0.0
sample_01195.jpg,129.43849094684546,18.55107521427841,0,255,0.00349317859845912,0.0036872440761512933
sample_01196.jpg,109.95039686390189,41.11561508439882,0,184,0.00677288517145685,0.0
sample_01197.jpg,179.9142036523123,16.198377276381503,86,245,0.0,0.0
sample_01198.jpg,127.75730171359817,15.701931639362359,27,192,0.0,0.0
sample_01199.jpg,136.08187622503831,18.14366025541389,0,244,0.00038813095538434665,0.0
sample_01200.jpg,129.6068621552912,14.196495628971688,48,173,0.0,0.0
sample_01201.jpg,130.3721593665703,14.279367279678754,46,214,0.0,0.0
sample_01202.jpg,120.61871955597819,21.356469254080626,57,194,0.0,0.0
sample_01203.jpg,81.80445962467736,19.935509823083812,46,192,0.0,0.0
sample_01204.jpg,100.17483358885288,57.506291372373646,0,228,0.21166721651885345,0.0
sample_01205.jpg,147.64550059189972,65.4507565747637,0,242,0.13831046595121194,0.0
sample_01206.jpg,151.38782045062004,21.03361609882896,76,208,0.0,0.0
sample_01207.jpg,121.84238001901842,15.579139171834035,44,218,0.0,0.0
sample_01208.jpg,122.59970113916435,20.8729003359203,12,216,0.0,0.0
sample_01209.jpg,133.5048613402162,17.66333002976462,31,202,0.0,0.0
sample_01210.jpg,127.33249238293,20.187429507411203,30,206,0.0,0.0
sample_01211.jpg,154.56236294125637,16.111548031949,85,205,0.0,0.0
sample_01212.jpg,111.64955656038347,21.96135924961336,3,201,0.0,0.0
sample_01213.jpg,85.7344602068738,16.72301216890347,2,204,0.0,0.0
sample_01214.jpg,120.58110966640145,19.7473402344237,50,223,0.0,0.0
sample_01215.jpg,156.5001261425605,21.200839632002907,45,212,0.0,0.0
sample_01216.jpg,142.8493857827631,62.22088095488208,0,255,0.09218110190378234,3.881309553843467e-05
sample_01217.jpg,180.24555104892391,16.36426378662453,85,255,0.0,1.9406547769217335e-05
sample_01218.jpg,94.08954181140717,14.6388936893238,42,145,0.0,0.0
sample_01219.jpg,124.68580799161637,15.108645610455927,82,229,0.0,0.0
sample_01220.jpg,152.12418249917522,17.268868760161922,64,216,0.0,0.0
sample_01221.jpg,96.46197286964622,61.41458777083896,0,245,0.25946554367443575,0.0
sample_01222.jpg,182.30662345475363,18.423708760395098,0,255,0.000523976789768868,0.000698635719691824
sample_01223.jpg,120.33912942226708,20.9587490861118,12,185,0.0,0.0
sample_01224.jpg,156.6576102777077,15.359437667125745,122,222,0.0,0.0
sample_01225.jpg,58.96281705447418,20.268714691152784,0,215,3.881309553843467e-05,0.0
sample_01226.jpg,52.35595489918298,14.524851757678285,14,93,0.0,0.0
sample_01227.jpg,111.78751770847484,15.943333527710609,63,182,0.0,0.0
sample_01228.jpg,156.67501795105667,18.308035007411547,32,209,0.0,0.0
sample_01229.jpg,114.70096450542412,15.005634707977858,44,181,0.0,0.0
sample_01230.jpg,146.31058239049855,13.851008709260695,68,211,0.0,0.0
sample_01231.jpg,125.4085854567331,19.72452467462698,0,234,0.0006016029808457373,0.0
sample_01232.jpg,58.359603330163594,17.562693002311793,18,185,0.0,0.0
sample_01233.jpg,189.4084496108987,24.718474390793972,27,255,0.0,9.703273884608666e-05
sample_01234.jpg,106.11399406159639,13.507083794705583,43,182,0.0,0.0
sample_01235.jpg,60.37400298860835,35.101775550380005,0,155,0.21021172543616215,0.0
sample_01236.jpg,74.64623804071493,56.321465179371685,0,160,0.3284946340895418,0.0
sample_01237.jpg,144.09763434182693,18.760305790922075,60,231,0.0,0.0
sample_01238.jpg,72.71550000970328,17.489055154796088,20,157,0.0,0.0
sample_01239.jpg,83.84012885947719,15.741934926653748,16,168,0.0,0.0
sample_01240.jpg,190.39641755128181,19.75663976335258,0,254,0.002561664305536688,0.0
sample_01241.jpg,107.74175706883503,18.975474498575736,28,203,0.0,0.0
sample_01242.jpg,120.111839934794,14.133159951708274,45,195,0.0,0.0
sample_01243.jpg,134.74975256651595,20.673435758395282,20,241,0.0,0.0
sample_01244.jpg,92.88984843486192,17.1560882058881,12,164,0.0,0.0
sample_01245.jpg,132.3953501911545,23.636695930562745,2,255,0.0,5.8219643307652e-05
sample_01246.jpg,100.26736400861651,15.551862232889485,17,165,0.0,0.0
sample_01247.jpg,149.95167769605465,16.10378177596443,83,255,0.0,9.703273884608666e-05
sample_01248.jpg,53.49688524908304,43.8097462729794,0,149,0.3385860389295348,0.0
sample_01249.jpg,90.98406722428147,14.503718667039955,16,147,0.0,0.0
sample_01250.jpg,119.5514370548623,16.974454870443807,22,157,0.0,0.0
sample_01251.jpg,113.0421122086592,19.82520240504205,0,250,0.000232878573230608,0.0
sample_01252.jpg,104.26338566632381,16.954787879275234,44,152,0.0,0.0
sample_01253.jpg,56.714743154340276,18.672734159261978,0,158,1.9406547769217335e-05,0.0
sample_01254.jpg,147.7080478953599,19.410795356034615,50,197,0.0,0.0
sample_01255.jpg,116.04950610335928,18.84960651523215,36,255,0.0,1.9406547769217335e-05
sample_01256.jpg,59.350501659259834,17.200709243661198,0,178,1.9406547769217335e-05,0.0
sample_01257.jpg,83.59622736711367,24.544975120301036,31,136,0.0,0.0
sample_01258.jpg,82.68976692736129,57.567729187205956,0,247,0.2915639736847212,0.0
sample_01259.jpg,96.67653166178269,17.851830550923193,21,148,0.0,0.0
sample_01260.jpg,192.99303304935086,31.07577993616342,74,255,0.0,3.881309553843467e-05
sample_01261.jpg,81.9737041277727,16.328457160637566,27,177,0.0,0.0
sample_01262.jpg,129.9677851307031,19.25599617370332,0,239,0.00013584583438452133,0.0
sample_01263.jpg,150.43167924857846,20.60920158818765,11,252,0.0,0.0
sample_01264.jpg,49.76698558093501,37.05023677310372,0,149,0.30052979875409963,0.0
sample_01265.jpg,127.39998835607133,16.1694766579615,95,193,0.0,0.0
sample_01266.jpg,125.9206272196239,17.264188115770512,8,205,0.0,0.0
sample_01267.jpg,96.80826330804014,56.025988285248204,0,197,0.22127345766461604,0.0
sample_01268.jpg,137.53148712375557,21.057488599547717,76,217,0.0,0.0
sample_01269.jpg,87.44871819751984,37.18077351832328,0,240,0.07717984047817733,0.0
sample_01270.jpg,50.855149527450564,13.681817190770238,8,86,0.0,0.0
sample_01271.jpg,135.9666401443847,26.91382269922428,0,251,0.014205592967067089,0.0
sample_01272.jpg,88.18814648062256,67.4915817296913,0,253,0.33144442935046287,0.0
sample_01273.jpg,78.95251217760872,16.053386160835725,23,207,0.0,0.0
sample_01274.jpg,94.00091210774515,19.5714914038145,0,193,0.000232878573230608,0.0
sample_01275.jpg,139.60067146655282,22.71659704923169,0,255,0.0033379262163053813,0.0035513982417667723
sample_01276.jpg,87.16190882803858,58.384680767253656,0,184,0.2852568456597256,0.0
sample_01277.jpg,127.97052145393856,74.66170038901805,0,235,0.2160725028624658,0.0
sample_01278.jpg,145.73331522055543,15.503200477743098,65,234,0.0,0.0
sample_01279.jpg,134.91352442314036,18.042867970731255,30,236,0.0,0.0
sample_01280.jpg,115.31958702866348,17.34921401047518,38,216,0.0,0.0
sample_01281.jpg,176.18020920258496,16.159389303638694,101,212,0.0,0.0
sample_01282.jpg,131.16190882803858,16.62652308393477,71,223,0.0,0.0
sample_01283.jpg,142.7760096256477,11.782185768136683,54,195,0.0,0.0
sample_01284.jpg,148.76289079935572,19.153819768728567,9,227,0.0,0.0
sample_01285.jpg,169.51860117603678,27.95466370848432,93,238,0.0,0.0
sample_01286.jpg,48.01416677987153,10.764751127505656,17,75,0.0,0.0
sample_01287.jpg,72.11783655805469,15.646334643555804,46,232,0.0,0.0
sample_01288.jpg,112.45143511420753,16.13162128341374,0,255,0.0005821964330765201,1.9406547769217335e-05
sample_01289.jpg,104.38941178753711,47.09422613078469,0,237,0.12319276523899164,0.0
sample_01290.jpg,35.108172097265616,14.643234789917559,0,99,0.0014166779871528654,0.0
sample_01291.jpg,136.30281977139086,15.419425271479936,65,182,0.0,0.0
sample_01292.jpg,70.78190921616954,19.254908995395265,1,211,0.0,0.0
sample_01293.jpg,107.23780783636398,11.692345255941635,23,153,0.0,0.0
sample_01294.jpg,146.47256884472822,17.176507740908658,81,205,0.0,0.0
sample_01295.jpg,70.66393681228047,15.353144923754927,8,152,0.0,0.0
sample_01296.jpg,46.82846552426789,17.94883134412233,0,152,1.9406547769217335e-05,0.0
sample_01297.jpg,121.10233072638708,16.540822724284286,61,185,0.0,0.0
sample_01298.jpg,148.25688447282113,56.284530995937196,0,231,0.10594034427215743,0.0
sample_01299.jpg,134.2318112131033,15.85434097019507,0,249,0.00031050476430747735,0.0
sample_01300.jpg,115.12686060276738,14.261285477401552,55,183,0.0,0.0
sample_01301.jpg,92.76979953036154,58.863825378006915,0,217,0.2510819150381339,0.0
sample_01302.jpg,113.98466882726233,12.577941821832152,57,141,0.0,0.0
sample_01303.jpg,75.25506025733083,22.59032587050027,0,255,1.9406547769217335e-05,0.0007180422674610414
sample_01304.jpg,157.59956529332996,14.860312291862583,64,198,0.0,0.0
sample_01305.jpg,90.89543752061945,54.01614969383441,0,178,0.21415125463331328,0.0
sample_01306.jpg,175.84045877078927,26.35139315041797,32,242,0.0,0.0
sample_01307.jpg,121.64984765860001,20.193036480386088,10,227,0.0,0.0
sample_01308.jpg,90.80455665741621,19.89337990082458,0,228,0.00029109821653826003,0.0
sample_01309.jpg,112.91315569873275,16.640628702746053,45,190,0.0,0.0
sample_01310.jpg,163.27526247355857,17.48443758290174,62,249,0.0,0.0
sample_01311.jpg,98.1432979487279,13.74528680638538,34,137,0.0,0.0
sample_01312.jpg,147.62549244114965,10.539706961408944,96,175,0.0,0.0
sample_01313.jpg,184.4222670729104,15.864725415911856,52,218,0.0,0.0
sample_01314.jpg,51.66989462244561,19.393181735522568,0,124,0.0061518756428418945,0.0
sample_01315.jpg,169.2317335869122,60.030030565084914,0,236,0.09245279357255137,0.0
sample_01316.jpg,113.88429816219993,19.25478456767965,0,191,0.00036872440761512933,0.0
sample_01317.jpg,162.91569795649053,13.139828133900433,58,219,0.0,0.0
sample_01318.jpg,124.81462865570843,19.454847446128046,45,255,0.0,1.9406547769217335e-05
sample_01319.jpg,137.18537134429155,33.25643571790212,0,249,0.03320460323313086,0.0
sample_01320.jpg,112.35207358962914,14.30173526820806,23,165,0.0,0.0
sample_01321.jpg,109.63537037396418,14.439851278120534,41,161,0.0,0.0
sample_01322.jpg,114.16148188398766,18.489055172092897,70,196,0.0,0.0
sample_01323.jpg,73.94061596382619,30.87594780885813,0,234,0.00669525898037998,0.0
sample_01324.jpg,148.06293543441558,15.058862235907963,32,229,0.0,0.0
sample_01325.jpg,113.75947524694833,18.460250811531772,26,228,0.0,0.0
sample_01326.jpg,150.3262434745483,17.12514512654929,16,255,0.0,3.881309553843467e-05
sample_01327.jpg,117.87870907644239,63.49312171494124,0,227,0.18748665799840866,0.0
sample_01328.jpg,123.60596945409381,17.018377544508525,4,219,0.0,0.0
sample_01329.jpg,66.45399677851307,19.11703902465401,27,136,0.0,0.0
sample_01330.jpg,116.55428981738439,57.59723674694217,0,219,0.16126841196219605,0.0
sample_01331.jpg,96.10184556269286,33.65771369786895,0,175,0.07341497021094917,0.0
sample_01332.jpg,191.0562207688874,17.03168484050046,80,255,0.0,0.0008150750063071281
sample_01333.jpg,124.15785285955481,20.57185332802307,28,215,0.0,0.0
sample_01334.jpg,152.45890663509869,13.686972454924113,46,177,0.0,0.0
sample_01335.jpg,113.09769256147024,15.447729513991629,50,162,0.0,0.0
sample_01336.jpg,139.61790448097187,75.06205108027623,0,246,0.162335772089503,0.0
sample_01337.jpg,169.52919715111878,22.969393787372464,90,255,0.0,0.00021347202546139068
sample_01338.jpg,141.6167012750102,14.390620501197725,0,216,5.8219643307652e-05,0.0
sample_01339.jpg,129.19792738069825,15.534797626314301,37,178,0.0,0.0
sample_01340.jpg,138.24289235187953,18.26722084704992,0,247,3.881309553843467e-05,0.0
sample_01341.jpg,122.32218750606455,19.44958767908911,17,190,0.0,0.0
sample_01342.jpg,124.38807273574103,18.603798427965366,0,232,1.9406547769217335e-05,0.0
sample_01343.jpg,121.21351083855693,14.135849975558964,69,182,0.0,0.0
sample_01344.jpg,136.81804420811582,15.17716216180062,28,240,0.0,0.0
sample_01345.jpg,133.99254788565662,10.90315324001149,72,184,0.0,0.0
sample_01346.jpg,151.57303654252945,20.255121154627805,108,213,0.0,0.0
sample_01347.jpg,122.69481262978128,36.3340766086985,0,233,0.03846377767858876,0.0
sample_01348.jpg,96.3875293524035,22.08610437909007,0,209,0.009780900075685536,0.0
sample_01349.jpg,103.23101554464476,14.57695737696788,52,157,0.0,0.0
sample_01350.jpg,168.8060121484989,17.457342679626777,70,227,0.0,0.0
sample_01351.jpg,98.30693395951793,13.95952147727712,22,176,0.0,0.0
sample_01352.jpg,90.39849405189311,18.6304332011096,8,162,0.0,0.0
sample_01353.jpg,204.0765976440451,15.544260372511134,78,246,0.0,0.0
sample_01354.jpg,99.47776979953036,29.71667879767029,0,168,3.881309553843467e-05,0.0
sample_01355.jpg,130.92903025480797,18.567687483569117,34,223,0.0,0.0
sample_01356.jpg,132.40897358768848,44.99513177464156,0,244,0.0783830464398688,0.0
sample_01357.jpg,60.78689669894622,16.463443828148137,38,206,0.0,0.0
sample_01358.jpg,155.11585709018223,16.7909038216335,27,218,0.0,0.0
sample_01359.jpg,60.43511420753362,12.450397073343309,0,88,0.0006792291719226067,0.0
sample_01360.jpg,88.0748898678414,21.1924036485692,43,128,0.0,0.0
sample_01361.jpg,117.3946515554348,17.619268824070666,16,211,0.0,0.0
sample_01362.jpg,152.2674416348076,17.962902481713762,77,218,0.0,0.0
sample_01363.jpg,127.57858681519144,13.717456190319128,89,177,0.0,0.0
sample_01364.jpg,139.3065846416581,18.65793105133272,0,255,1.9406547769217335e-05,3.881309553843467e-05
sample_01365.jpg,138.97909914805254,18.093113546912498,0,249,1.9406547769217335e-05,0.0
sample_01366.jpg,94.34842515864852,17.035194088111364,0,218,0.0005821964330765201,0.0
sample_01367.jpg,132.90810999631276,76.82810490598668,0,240,0.22769702497622699,0.0
sample_01368.jpg,121.07403597973956,62.07178623034305,0,255,0.16707096974519203,0.00042694405092278136
sample_01369.jpg,112.36131110636728,14.125992254014088,52,177,0.0,0.0
sample_01370.jpg,155.6968891303926,18.45672337455714,55,212,0.0,0.0
sample_01371.jpg,63.05635661472181,15.710893016444205,34,176,0.0,0.0
sample_01372.jpg,134.86110733761572,19.068387119000363,28,232,0.0,0.0
sample_01373.jpg,126.83325894156688,14.068546177724757,71,183,0.0,0.0
sample_01374.jpg,122.78889557336646,13.671002273791153,54,180,0.0,0.0
sample_01375.jpg,162.32932911564362,22.437905236303635,0,215,0.0029109821653826003,0.0
sample_01376.jpg,58.934464088183354,14.44990844829736,5,117,0.0,0.0
sample_01377.jpg,89.69069844165422,17.11783647199673,11,172,0.0,0.0
sample_01378.jpg,81.05684177841604,55.877424484223184,0,168,0.2948630868054882,0.0
sample_01379.jpg,98.99109239457393,18.273709156576054,41,189,0.0,0.0
sample_01380.jpg,157.6222515476722,80.07621131274172,0,252,0.10366977818315899,0.0
sample_01381.jpg,128.51999844747618,22.130775600045908,0,246,0.000349317859845912,0.0
sample_01382.jpg,161.56476935317977,14.14314562023456,83,229,0.0,0.0
sample_01383.jpg,94.68206252789692,16.44797074501531,35,166,0.0,0.0
sample_01384.jpg,141.49453705680295,20.677749028842435,0,243,0.000116439286615304,0.0
sample_01385.jpg,112.34004153001223,31.117802659303603,0,192,0.035611015156513805,0.0
sample_01386.jpg,132.48636690019214,13.852388179826773,63,198,0.0,0.0
sample_01387.jpg,107.58601952298706,17.64241170931359,0,208,0.00015525238215373868,0.0
sample_01388.jpg,73.97937083972133,29.63827186096965,1,138,0.0,0.0
sample_01389.jpg,109.13908672786198,14.325708179103747,0,176,3.881309553843467e-05,0.0
sample_01390.jpg,59.64643210619263,41.724480558462126,0,221,0.2790855634691145,0.0
sample_01391.jpg,112.70562207688874,14.78786292907819,67,175,0.0,0.0
sample_01392.jpg,113.71449086921928,50.826744013337894,0,176,0.14108560228221,0.0
sample_01393.jpg,128.99144171243378,13.186945777368743,73,193,0.0,0.0
sample_01394.jpg,144.64990587824332,17.05913353003777,96,185,0.0,0.0
sample_01395.jpg,88.25973723534321,66.87962930420302,0,254,0.33202662578353936,0.0
sample_01396.jpg,140.58543732655397,18.486785118377856,2,246,0.0,0.0
sample_01397.jpg,119.12963573909838,75.95189484379414,0,214,0.25833996390382113,0.0
sample_01398.jpg,130.33685885617808,14.931871783849713,52,213,0.0,0.0
sample_01399.jpg,200.06990238506472,13.36394000367847,69,235,0.0,0.0
sample_01400.jpg,145.17673543053425,21.918300871780733,72,240,0.0,0.0
sample_01401.jpg,195.67556133439422,23.521139411016264,132,247,0.0,0.0
sample_01402.jpg,85.73496477711579,32.49047959355775,0,144,0.08884317568747696,0.0
sample_01403.jpg,118.17436783170642,20.355882148300925,11,213,0.0,0.0
sample_01404.jpg,69.96578625628287,47.88221272162208,0,188,0.2854509111374178,0.0
sample_01405.jpg,98.33780977701876,58.637856024892436,0,255,0.22730889402084264,5.8219643307652e-05
sample_01406.jpg,164.04667274738497,24.938956213887984,0,234,0.001397271439383648,0.0
sample_01407.jpg,84.98660948203924,15.45558332766578,30,196,0.0,0.0
sample_01408.jpg,127.52516058918279,15.300494680948427,13,233,0.0,0.0
sample_01409.jpg,97.95218226629665,27.624114454135714,19,179,0.0,0.0
sample_01410.jpg,97.33146383589823,12.160544277074523,41,152,0.0,0.0
sample_01411.jpg,155.57759708125522,12.153547107425474,69,193,0.0,0.0
sample_01412.jpg,100.68817559044422,73.49403645009271,0,226,0.31770459352985697,0.0
sample_01413.jpg,140.15921131789867,19.529302561257484,5,232,0.0,0.0
sample_01414.jpg,62.39269149411011,16.35749608449817,2,152,0.0,0.0
sample_01415.jpg,110.90863397310252,21.83143725541816,26,171,0.0,0.0
sample_01416.jpg,161.79559083234685,18.659699895936953,41,221,0.0,0.0
sample_01417.jpg,110.64561703118632,19.540057443002237,2,206,0.0,0.0
sample_01418.jpg,102.73085058898873,13.423515545562058,48,156,0.0,0.0
sample_01419.jpg,130.89103223427585,19.777056589849224,16,255,0.0,7.762619107686934e-05
sample_01420.jpg,88.01637912631722,14.373961398559642,0,176,0.00015525238215373868,0.0
sample_01421.jpg,152.60146713501135,17.982662535283197,65,252,0.0,0.0
sample_01422.jpg,119.22476663626307,14.125768074611035,62,217,0.0,0.0
sample_01423.jpg,127.56275107221177,16.51420012615187,12,197,0.0,0.0
sample_01424.jpg,93.95041627044965,17.684180378654553,23,173,0.0,0.0
sample_01425.jpg,119.88676279376662,19.599346315628846,1,234,0.0,0.0
sample_01426.jpg,187.74035979739566,14.985175305245518,131,251,0.0,0.0
sample_01427.jpg,101.91468881600652,17.002554607032266,1,212,0.0,0.0
sample_01428.jpg,118.7839469036853,47.92538400519729,0,198,0.11502260862815114,0.0
sample_01429.jpg,137.77944458460286,19.42106464885524,2,251,0.0,0.0
sample_01430.jpg,131.56944633119215,12.758375302288679,60,178,0.0,0.0
sample_01431.jpg,119.35118088843176,13.990353723032186,38,191,0.0,0.0
sample_01432.jpg,28.87702070678647,13.600670536929554,1,185,0.0,0.0
sample_01433.jpg,112.99045197849755,17.93794696291134,0,216,9.703273884608666e-05,0.0
sample_01434.jpg,140.94989229365987,28.656520271088024,28,220,0.0,0.0
sample_01435.jpg,94.08511711851578,17.294765198305942,34,186,0.0,0.0
sample_01436.jpg,82.85480020959072,47.96843409199495,0,231,0.19843195094024724,0.0
sample_01437.jpg,108.46222515476722,19.65696458992566,25,200,0.0,0.0
sample_01438.jpg,103.54260707562732,35.059357464063154,0,188,0.0777038172679462,0.0
sample_01439.jpg,127.37968910710474,14.552874192712132,68,187,0.0,0.0
sample_01440.jpg,152.99239263327448,15.205268767581915,79,249,0.0,0.0
sample_01441.jpg,146.24836499835044,16.04466334126038,56,221,0.0,0.0
sample_01442.jpg,165.87993168895184,21.328923509581504,38,227,0.0,0.0
sample_01443.jpg,88.00166896310816,17.808854758696842,3,188,0.0,0.0
sample_01444.jpg,77.50707368666188,16.85615205927382,11,143,0.0,0.0
sample_01445.jpg,137.09697451920277,14.869499935771756,76,237,0.0,0.0
sample_01446.jpg,126.08267189349687,18.981602274236867,16,202,0.0,0.0
sample_01447.jpg,136.64344349783616,13.170242851687071,77,190,0.0,0.0
sample_01448.jpg,109.70020765006113,15.788366065347379,62,176,0.0,0.0
sample_01449.jpg,124.70333210425197,15.847091588743853,40,207,0.0,0.0
sample_01450.jpg,79.49182014011528,54.583079055751774,0,185,0.12212540511168468,0.0
sample_01451.jpg,132.68181024277592,21.47961558751533,0,237,1.9406547769217335e-05,0.0
sample_01452.jpg,189.70777620369114,17.448109494973263,137,237,0.0,0.0
sample_01453.jpg,165.47580973820567,17.31206133244193,68,210,0.0,0.0
sample_01454.jpg,92.05918997069611,14.965300073939064,26,182,0.0,0.0
sample_01455.jpg,154.19418191697878,17.928580767582936,6,230,0.0,0.0
sample_01456.jpg,49.87036426090163,35.630877524951025,0,243,0.28512099982534106,0.0
sample_01457.jpg,147.21469463797087,19.26462787179543,37,201,0.0,0.0
sample_01458.jpg,149.27444739855227,40.58505715396786,0,255,0.03871606279958858,1.9406547769217335e-05
sample_01459.jpg,133.73603213724311,18.28830922862433,2,203,0.0,0.0
sample_01460.jpg,90.5167769605465,17.117111677043116,5,211,0.0,0.0
sample_01461.jpg,96.4583826583089,17.71508495401908,6,255,0.0,3.881309553843467e-05
sample_01462.jpg,146.44210056473054,17.542739390193564,49,209,0.0,0.0
sample_01463.jpg,125.12171786760854,19.572056407609168,55,241,0.0,0.0
sample_01464.jpg,119.01546701857207,35.09654241852905,0,241,0.03491237943682198,0.0
sample_01465.jpg,152.85214151254632,15.080723275876116,94,212,0.0,0.0
sample_01466.jpg,145.83259911894274,20.93999285256909,15,240,0.0,0.0
sample_01467.jpg,176.4016379126317,18.06832460653772,0,241,9.703273884608666e-05,0.0
sample_01468.jpg,149.5106638979992,21.40710921055946,11,255,0.0,3.881309553843467e-05
sample_01469.jpg,142.27658211880689,13.667075646818976,92,209,0.0,0.0
sample_01470.jpg,198.38238661724466,13.555379939137605,134,234,0.0,0.0
sample_01471.jpg,186.32855285373284,15.34317255886075,134,212,0.0,0.0
sample_01472.jpg,152.11775893186362,63.8373759607874,0,254,0.12455122358283685,0.0
sample_01473.jpg,57.03237012167905,14.64827331433848,20,157,0.0,0.0
sample_01474.jpg,51.20850394923247,32.5861248759125,0,193,0.11137417764753828,0.0
sample_01475.jpg,94.59442255817113,26.530099154232442,0,169,0.03793980088881989,0.0
sample_01476.jpg,143.60783248267967,16.69979563084109,90,191,0.0,0.0
sample_01477.jpg,112.5854955461973,15.164764005038736,0,177,0.000116439286615304,0.0
sample_01478.jpg,102.19891711463448,61.75390814088077,0,254,0.22954064701430263,0.0
sample_01479.jpg,156.1796075996041,16.737340796858287,74,244,0.0,0.0
sample_01480.jpg,148.34594112053406,22.372401534823947,44,223,0.0,0.0
sample_01481.jpg,84.23165596072114,19.880942437518925,0,181,0.000174658929922956,0.0
sample_01482.jpg,193.7055250441499,18.56572357991045,69,241,0.0,0.0
sample_01483.jpg,102.2008577694114,16.800651586513688,0,251,3.881309553843467e-05,0.0
sample_01484.jpg,95.54119039764016,14.701435759217084,49,141,0.0,0.0
sample_01485.jpg,129.64895495740262,16.189048481422496,60,194,0.0,0.0
sample_01486.jpg,126.88480273244193,14.253110582213123,86,184,0.0,0.0
sample_01487.jpg,104.18348890915794,13.853324993315182,57,163,0.0,0.0
sample_01488.jpg,184.38582157619982,17.539766093579164,59,255,0.0,3.881309553843467e-05
sample_01489.jpg,79.48576529721127,22.931651019154128,3,255,0.0,0.00040753750315356403
sample_01490.jpg,189.13122707601545,25.403130450944772,94,255,0.0,5.8219643307652e-05
sample_01491.jpg,122.30099555590056,16.680411575065246,27,211,0.0,0.0
sample_01492.jpg,167.80094703953114,12.270405624689998,75,225,0.0,0.0
sample_01493.jpg,79.72760969551126,22.56840994738328,36,255,0.0,1.9406547769217335e-05
sample_01494.jpg,133.4921888645229,13.592266051115814,64,192,0.0,0.0
sample_01495.jpg,130.45184265171068,12.591984323164741,0,182,5.8219643307652e-05,0.0
sample_01496.jpg,131.25271206505076,15.424489198538236,5,214,0.0,0.0
sample_01497.jpg,115.43433794562286,17.072415455634353,67,251,0.0,0.0
sample_01498.jpg,97.61831201847504,17.72858707296512,12,227,0.0,0.0
sample_01499.jpg,132.0791204952551,14.608605986035224,53,218,0.0,0.0
sample_01500.jpg,165.54291758039162,22.906197582105516,43,249,0.0,0.0
sample_01501.jpg,176.20510780337287,68.42063634290811,0,252,0.10844378893438646,0.0
sample_01502.jpg,126.41611519726756,18.080995176628715,50,209,0.0,0.0
sample_01503.jpg,118.56919404607115,19.925763920579794,51,185,0.0,0.0
sample_01504.jpg,149.74375594325525,18.283621043239982,30,230,0.0,0.0
sample_01505.jpg,142.60622173921482,54.31887461501822,0,223,0.09501445787808807,0.0
sample_01506.jpg,128.20652448136002,16.009220406036953,4,199,0.0,0.0
sample_01507.jpg,80.47776979953036,18.55785148449288,53,230,0.0,0.0
sample_01508.jpg,43.74953909449048,28.860459292427144,0,237,0.19913058665993907,0.0
sample_01509.jpg,80.77979390246269,13.840421426267184,9,171,0.0,0.0
sample_01510.jpg,127.39897921558735,17.29154766038901,6,204,0.0,0.0
sample_01511.jpg,90.2061557569524,56.53247735671524,0,200,0.2391468881600652,0.0
sample_01512.jpg,73.2189446719323,29.245640600831873,0,130,0.08166275301286655,0.0
sample_01513.jpg,153.339051796076,17.947182750157783,69,226,0.0,0.0
sample_01514.jpg,193.43396922121525,15.84363029784743,108,247,0.0,0.0
sample_01515.jpg,126.86807428826486,13.616383904439282,71,198,0.0,0.0
sample_01516.jpg,83.77286576490908,18.39122455566676,11,157,0.0,0.0
sample_01517.jpg,137.50806342059812,18.139760771131325,48,182,0.0,0.0
sample_01518.jpg,177.20182809679986,15.410961647486332,49,228,0.0,0.0
sample_01519.jpg,114.0228221001766,62.0372686457649,0,234,0.19187253779425179,0.0
sample_01520.jpg,137.43497836169925,18.469219812406006,0,185,5.8219643307652e-05,0.0
sample_01521.jpg,175.57132876632576,18.85611077414268,105,249,0.0,0.0
sample_01522.jpg,172.13468144151838,14.488543644130116,80,208,0.0,0.0
sample_01523.jpg,87.86083564594695,12.880291181423706,9,173,0.0,0.0
sample_01524.jpg,138.49636127229329,21.133348988638954,0,255,1.9406547769217335e-05,1.9406547769217335e-05
sample_01525.jpg,109.87678782821324,14.259870880223467,26,185,0.0,0.0
sample_01526.jpg,113.01290535426654,21.295055042126766,6,204,0.0,0.0
sample_01527.jpg,122.45376389993984,18.660226210798953,9,245,0.0,0.0
sample_01528.jpg,129.87867026334686,16.333580073075815,53,196,0.0,0.0
sample_01529.jpg,139.89607793669583,67.17569484351232,0,224,0.1633449125735023,0.0
sample_01530.jpg,140.94049952453958,24.09477781728718,0,244,0.0007374488152302587,0.0
sample_01531.jpg,132.40154087989288,9.261220307740563,10,177,0.0,0.0
sample_01532.jpg,132.07582138213434,15.728745779801518,65,196,0.0,0.0
sample_01533.jpg,70.39137184886181,25.851785566482118,0,172,0.0004463505986919987,0.0
sample_01534.jpg,145.33736342642007,14.70397692258947,61,216,0.0,0.0
sample_01535.jpg,123.52560693978148,18.45395874199453,19,205,0.0,0.0
sample_01536.jpg,49.50909196762988,14.979104641416658,0,115,5.8219643307652e-05,0.0
sample_01537.jpg,54.73494537056803,16.18207563839334,0,114,0.0013196452483067787,0.0
sample_01538.jpg,169.01793165013876,15.459480743584127,114,211,0.0,0.0
sample_01539.jpg,149.10832734964777,16.87529522196028,64,244,0.0,0.0
sample_01540.jpg,129.81266859438375,19.686694179797747,0,255,0.0015331172737681694,3.881309553843467e-05
sample_01541.jpg,119.25214927516544,13.680560405692221,31,173,0.0,0.0
sample_01542.jpg,134.59067709445168,15.176290455397,79,189,0.0,0.0
sample_01543.jpg,120.5891439771779,62.397077088857905,0,255,0.18645811096664014,1.9406547769217335e-05
sample_01544.jpg,112.03945351161482,20.93442908234944,58,156,0.0,0.0
sample_01545.jpg,63.79929748297076,50.291801652032504,0,187,0.3346853228279221,0.0
sample_01546.jpg,180.27427273962235,16.458481530872202,105,244,0.0,0.0
sample_01547.jpg,138.05400842244174,17.488885081962387,38,210,0.0,0.0
sample_01548.jpg,61.53884220536009,48.57185788174763,0,183,0.3242640066758524,0.0
sample_01549.jpg,107.96927943488133,16.34494002310243,0,192,0.000523976789768868,0.0
sample_01550.jpg,203.33006656445886,13.782793009436892,94,249,0.0,0.0
sample_01551.jpg,193.40385025907742,12.248583092427513,144,247,0.0,0.0
sample_01552.jpg,157.3806012148499,15.57011901694509,80,248,0.0,0.0
sample_01553.jpg,197.83929437792312,17.467784280828788,76,249,0.0,0.0
sample_01554.jpg,70.65747443187331,47.39383625648482,0,160,0.2719439538900425,0.0
sample_01555.jpg,166.89541811407167,16.809048435348238,82,255,0.0,0.000116439286615304
sample_01556.jpg,131.88311436278602,18.882790626065994,13,219,0.0,0.0
sample_01557.jpg,112.15845446253566,14.915913941866734,36,232,0.0,0.0
sample_01558.jpg,145.5773447961342,36.793019581180396,0,224,0.03640668361505172,0.0
sample_01559.jpg,73.80785577053697,39.53743550488497,0,241,0.18368297463564207,0.0
sample_01560.jpg,67.3378485901143,17.867549999087036,0,162,0.00013584583438452133,0.0
sample_01561.jpg,136.4123115139048,23.00967720328621,4,235,0.0,0.0
sample_01562.jpg,54.90700382308991,13.933907725972224,0,128,7.762619107686934e-05,0.0
sample_01563.jpg,60.49799142230589,35.84739716526262,0,149,0.2190999243144637,0.0
sample_01564.jpg,140.0409672223408,15.83490732452813,64,243,0.0,0.0
sample_01565.jpg,136.34487376040676,13.356052486689483,0,191,1.9406547769217335e-05,0.0
sample_01566.jpg,102.08249723456694,22.371688082208994,0,225,3.881309553843467e-05,0.0
sample_01567.jpg,151.2892545945002,24.505376770434832,0,233,0.0009121077451532147,0.0
sample_01568.jpg,77.40794504065671,20.652400344632127,16,195,0.0,0.0
sample_01569.jpg,136.06516718740903,18.581981959269182,28,232,0.0,0.0
sample_01570.jpg,127.29736653146772,12.690199764856567,32,195,0.0,0.0
sample_01571.jpg,132.1089483591764,13.214117626762484,80,186,0.0,0.0
sample_01572.jpg,125.80350870383667,17.27440430981874,31,210,0.0,0.0
sample_01573.jpg,134.54237419705407,16.539192009380994,33,205,0.0,0.0
sample_01574.jpg,60.39012982980458,29.051575293834546,0,162,0.1304120010091405,0.0
sample_01575.jpg,24.346426284228297,17.6577268656438,2,111,0.0,0.0
sample_01576.jpg,122.24465834772653,18.178924566094427,66,193,0.0,0.0
sample_01577.jpg,114.37035455762775,14.84509348278967,28,255,0.0,3.881309553843467e-05
sample_01578.jpg,135.2444836887966,14.266908686512304,0,217,1.9406547769217335e-05,0.0
sample_01579.jpg,96.62304721613073,61.00727846381013,0,237,0.251896990044441,0.0
sample_01580.jpg,110.25137301325468,22.301389985630536,11,225,0.0,0.0
sample_01581.jpg,130.45300704457685,19.892825679326993,30,210,0.0,0.0
sample_01582.jpg,116.14162898561975,18.987623473410803,0,217,7.762619107686934e-05,0.0
sample_01583.jpg,145.6193987851501,18.752644065144406,39,190,0.0,0.0
sample_01584.jpg,79.76302664519008,48.09533809302088,0,189,0.22591162258145897,0.0
sample_01585.jpg,120.1325855343593,14.662950546259932,35,184,0.0,0.0
sample_01586.jpg,101.74579363077102,49.36265513284158,0,207,0.14795552019251296,0.0
sample_01587.jpg,128.01857206621514,40.04875767191684,0,240,0.06972772613479788,0.0
sample_01588.jpg,128.67839469036852,17.53363532338165,0,215,0.00021347202546139068,0.0
sample_01589.jpg,147.91336917075822,12.675272208820799,59,176,0.0,0.0
sample_01590.jpg,105.13266316055036,26.440815290057596,0,202,0.01339051796075996,0.0
sample_01591.jpg,65.27450561819558,17.064439525378233,4,118,0.0,0.0
sample_01592.jpg,130.31985872033223,17.47954454357947,4,240,0.0,0.0
sample_01593.jpg,90.92010324283413,22.479239999570932,32,135,0.0,0.0
sample_01594.jpg,112.29463020823226,18.102869601110402,0,213,5.8219643307652e-05,0.0
sample_01595.jpg,150.21118205282463,22.17512888416538,0,255,5.8219643307652e-05,0.000174658929922956
sample_01596.jpg,90.06179044809718,17.863780644495584,38,135,0.0,0.0
sample_01597.jpg,130.12639484562092,17.222880237831042,0,251,3.881309553843467e-05,0.0
sample_01598.jpg,137.5856702051272,19.47166566380344,26,208,0.0,0.0
sample_01599.jpg,140.90013390517962,14.098053429546896,103,255,0.0,3.881309553843467e-05
sample_01600.jpg,57.02059034718314,22.385673608874182,0,101,0.0780337285800229,0.0
sample_01601.jpg,191.36447437365368,24.986578246880875,0,255,0.003434958955151468,0.003027421451997904
sample_01602.jpg,115.34246734848338,17.634644322139355,22,177,0.0,0.0
sample_01603.jpg,214.06169341535835,14.008057550919487,152,240,0.0,0.0
sample_01604.jpg,138.35919579266044,21.67830740881573,0,180,0.006637039337072328,0.0
sample_01605.jpg,88.8498321333618,49.61802082381275,0,189,0.1941431038832502,0.0
sample_01606.jpg,137.64272545556872,21.84922131422133,3,221,0.0,0.0
sample_01607.jpg,143.42494517650255,16.79121798344545,61,225,0.0,0.0
sample_01608.jpg,109.12781152360806,26.142096159018475,0,255,0.0009703273884608667,0.000465757146461216
sample_01609.jpg,161.56899998059345,18.209317535161336,86,246,0.0,0.0
sample_01610.jpg,157.33928467464924,18.706115319205253,56,217,0.0,0.0
sample_01611.jpg,131.7718372178773,63.38943621099306,0,214,0.1665858060509616,0.0
sample_01612.jpg,133.68476003803684,21.103099831290912,48,220,0.0,0.0
sample_01613.jpg,60.06307128024996,14.823567310430047,0,144,5.8219643307652e-05,0.0
sample_01614.jpg,77.31287236313533,28.23847644916198,0,162,9.703273884608666e-05,0.0
sample_01615.jpg,145.2321217178676,16.696855019296855,69,216,0.0,0.0
sample_01616.jpg,130.43123289797978,15.742490655155986,0,240,0.0006016029808457373,0.0
sample_01617.jpg,137.8493857827631,14.662689751399437,72,208,0.0,0.0
sample_01618.jpg,194.30947621727572,20.578511274949303,89,255,0.0,1.9406547769217335e-05
sample_01619.jpg,161.15626152263775,21.025389108802145,76,214,0.0,0.0
sample_01620.jpg,117.93421180306235,17.748207627631743,10,219,0.0,0.0
sample_01621.jpg,141.48529954006483,22.846166274518502,4,255,0.0,5.8219643307652e-05
sample_01622.jpg,126.82943585165634,13.142498232438042,42,197,0.0,0.0
sample_01623.jpg,110.30718624463894,21.319274162429082,0,194,0.00087329464961478,0.0
sample_01624.jpg,92.67693919928584,16.51409181429543,36,183,0.0,0.0
sample_01625.jpg,150.63608841623164,17.00969419129067,78,210,0.0,0.0
sample_01626.jpg,113.53992897203517,52.945830813452105,0,207,0.1515845446253566,0.0
sample_01627.jpg,175.62279493100974,15.65394762635215,11,241,0.0,0.0
sample_01628.jpg,109.31836441615401,14.60179738213932,55,220,0.0,0.0
sample_01629.jpg,171.4005123328611,15.272021770681317,67,232,0.0,0.0
sample_01630.jpg,139.72652292883618,16.33321098251365,57,233,0.0,0.0
sample_01631.jpg,149.16885637213997,20.344929576135122,13,250,0.0,0.0
sample_01632.jpg,121.72904578004619,14.777312863766413,13,206,0.0,0.0
sample_01633.jpg,97.38770401133343,67.41212518131256,0,186,0.29783228861417843,0.0
sample_01634.jpg,121.27526247355858,13.864342262027913,7,196,0.0,0.0
sample_01635.jpg,138.57847037590483,16.095234966308514,37,225,0.0,0.0
sample_01636.jpg,94.51702924566749,68.59368274583542,0,254,0.30526499640978866,0.0
sample_01637.jpg,54.350928603310756,14.216376514968957,11,167,0.0,0.0
sample_01638.jpg,98.22992877796969,18.1597828620013,0,223,7.762619107686934e-05,0.0
sample_01639.jpg,124.16728444177065,20.669547194375482,8,181,0.0,0.0
sample_01640.jpg,92.14545207553029,14.26710649404538,50,192,0.0,0.0
sample_01641.jpg,37.18917502765433,16.196704841457457,0,80,1.9406547769217335e-05,0.0
sample_01642.jpg,65.99130586659939,15.283244429976088,0,189,1.9406547769217335e-05,0.0
sample_01643.jpg,124.91104038502591,20.09230490209365,28,207,0.0,0.0
sample_01644.jpg,101.70323507151313,17.178865758911677,0,244,3.881309553843467e-05,0.0
sample_01645.jpg,177.22189446719324,12.777027730677489,104,222,0.0,0.0
sample_01646.jpg,105.09505327097362,18.914028263621482,1,238,0.0,0.0
sample_01647.jpg,104.95321081332841,55.889089209571175,0,172,0.20089658250693784,0.0
sample_01648.jpg,55.64829513477847,22.50670538741694,0,89,0.08599041316540201,0.0
sample_01649.jpg,85.58256515748414,17.168869233781933,6,160,0.0,0.0
sample_01650.jpg,178.07543325117894,17.889330212095096,110,224,0.0,0.0
sample_01651.jpg,108.13803877428245,69.20798827379028,0,187,0.2589415668846669,0.0
sample_01652.jpg,91.41434920142056,24.755584992897163,9,179,0.0,0.0
sample_01653.jpg,36.97574181528848,35.10802719696415,0,179,0.0045023190824584215,0.0
sample_01654.jpg,129.04333482116866,18.472402177523126,0,207,5.8219643307652e-05,0.0
sample_01655.jpg,172.77599021909992,15.270555936637223,69,221,0.0,0.0
sample_01656.jpg,169.61390673213143,19.060781464091313,107,208,0.0,0.0
sample_01657.jpg,117.65044926158086,15.567322002633219,54,168,0.0,0.0
sample_01658.jpg,96.89161443070893,18.689290982863152,0,191,1.9406547769217335e-05,0.0
sample_01659.jpg,118.98494051893108,12.237681144559017,52,159,0.0,0.0
sample_01660.jpg,132.49246055619165,20.758498915877972,52,195,0.0,0.0
sample_01661.jpg,62.062372644530264,18.189270760836152,10,205,0.0,0.0
sample_01662.jpg,176.14599545886782,17.333359587229374,0,236,9.703273884608666e-05,0.0
sample_01663.jpg,194.60210755108773,16.381795767570672,78,238,0.0,0.0
sample_01664.jpg,106.91034174930621,19.908402767295474,0,246,0.00038813095538434665,0.0
sample_01665.jpg,150.5966543111646,13.36475220823486,73,199,0.0,0.0
sample_01666.jpg,139.92751654408198,21.42807366739141,0,246,3.881309553843467e-05,0.0
sample_01667.jpg,151.44656407071747,16.515578376172947,68,255,0.0,1.9406547769217335e-05
sample_01668.jpg,155.66457722835685,79.87895329987266,0,241,0.18127656271225911,0.0
sample_01669.jpg,93.4918007335675,25.855510415534866,1,193,0.0,0.0
sample_01670.jpg,49.89254594500184,15.20598157248103,2,103,0.0,0.0
sample_01671.jpg,81.99202390886686,13.021960651675066,34,169,0.0,0.0
sample_01672.jpg,78.30512915057541,15.896421569613915,36,215,0.0,0.0
sample_01673.jpg,191.62285315065304,16.050350224290355,16,255,0.0,0.00013584583438452133
sample_01674.jpg,55.2459973995226,16.623464460461854,0,158,7.762619107686934e-05,0.0
sample_01675.jpg,83.94323584777504,17.216370210541786,0,156,9.703273884608666e-05,0.0
sample_01676.jpg,100.04931203788158,57.266694253835915,0,235,0.20274020454501349,0.0
sample_01677.jpg,70.25257621921637,42.27963917044911,0,191,0.21354965165246753,0.0
sample_01678.jpg,160.08179859884726,15.95078341908219,0,231,0.00031050476430747735,0.0
sample_01679.jpg,133.02507325971783,31.987906102812207,0,231,0.03310757049428477,0.0
sample_01680.jpg,89.85705136913195,59.453351659168895,0,233,0.2579518329484368,0.0
sample_01681.jpg,129.3035572202061,16.863564873887373,31,213,0.0,0.0
sample_01682.jpg,98.77952221079393,17.884627132588896,5,241,0.0,0.0
sample_01683.jpg,131.76700498748278,14.158886820428604,22,207,0.0,0.0
sample_01684.jpg,89.50101884375789,19.346025609256465,0,211,3.881309553843467e-05,0.0
sample_01685.jpg,130.81936385336414,15.463113961777733,30,219,0.0,0.0
sample_01686.jpg,109.4133788740321,36.6873118486261,0,183,0.03553338896543694,0.0
sample_01687.jpg,61.337033515108,19.0310948643319,0,136,0.000523976789768868,0.0
sample_01688.jpg,125.18727318597294,35.37925939114596,0,255,0.0014943041782297347,0.000931514292922432
sample_01689.jpg,89.86667701682548,19.50762270634731,0,253,0.0007374488152302587,0.0
sample_01690.jpg,89.99530361543985,56.712606702902605,0,174,0.24906363407013526,0.0
sample_01691.jpg,126.97731374565778,17.071760918474393,52,211,0.0,0.0
sample_01692.jpg,158.7076597644045,24.41474402325905,25,236,0.0,0.0
sample_01693.jpg,141.39756253760018,16.747905393530097,28,201,0.0,0.0
sample_01694.jpg,129.26398726930466,17.58854030902866,2,207,0.0,0.0
sample_01695.jpg,82.33165790137592,44.89207128788332,0,230,0.1990529604688622,0.0
sample_01696.jpg,123.07147431543403,17.705326323421247,1,201,0.0,0.0
sample_01697.jpg,143.57746123542083,15.520182699241992,51,201,0.0,0.0
sample_01698.jpg,128.3642609016282,12.29720893725478,60,198,0.0,0.0
sample_01699.jpg,116.29406741834696,13.541498392107295,73,180,0.0,0.0
sample_01700.jpg,35.634652331696714,22.03806915692727,0,114,0.17541578528595547,0.0
sample_01701.jpg,74.67988899454676,20.51345450797086,30,113,0.0,0.0
sample_01702.jpg,79.0720565118671,16.64225845620572,11,201,0.0,0.0
sample_01703.jpg,126.1427933784859,50.88556406348672,0,255,0.11001571930369307,3.881309553843467e-05
sample_01704.jpg,146.39696093461933,18.026567990796188,62,194,0.0,0.0
sample_01705.jpg,64.31644316792486,15.390833624711968,17,203,0.0,0.0
sample_01706.jpg,46.964951774728796,16.863176443588845,0,168,0.0010867666750761706,0.0
sample_01707.jpg,146.38729647383028,20.650449551202648,25,212,0.0,0.0
sample_01708.jpg,24.499776824700653,10.36868742734068,6,67,0.0,0.0
sample_01709.jpg,103.8719555978187,15.000521485649656,77,209,0.0,0.0
sample_01710.jpg,147.07820838750993,15.98836810841842,113,207,0.0,0.0
sample_01711.jpg,125.90680975761222,16.32024910281494,74,199,0.0,0.0
sample_01712.jpg,154.85553765840595,17.080792466814902,67,222,0.0,0.0
sample_01713.jpg,133.5421801315764,17.366248126663873,16,235,0.0,0.0
sample_01714.jpg,153.33581090259852,17.60670175013762,65,240,0.0,0.0
sample_01715.jpg,115.77300161074346,11.887860728525803,49,162,0.0,0.0
sample_01716.jpg,116.2424654078286,16.474215242106233,41,233,0.0,0.0
sample_01717.jpg,79.45089173087,59.772513755395636,0,232,0.32370121679054514,0.0
sample_01718.jpg,106.18684624192203,23.395606494311657,20,190,0.0,0.0
sample_01719.jpg,101.1948029265074,88.28238067456947,0,216,0.41374759843971354,0.0
sample_01720.jpg,119.11956374080614,15.083575877321891,41,189,0.0,0.0
sample_01721.jpg,153.18696268120863,17.264448586429975,88,255,0.0,0.000756855362999476
sample_01722.jpg,70.85516893399833,19.2299353021416,2,134,0.0,0.0
sample_01723.jpg,122.11853519377438,16.345754272074977,22,241,0.0,0.0
sample_01724.jpg,141.2577189543752,103.5348148578131,0,255,0.3317549341147703,0.0006016029808457373
sample_01725.jpg,139.64220147877893,17.0575362394968,57,219,0.0,0.0
sample_01726.jpg,154.79124376564653,15.180211111592554,41,222,0.0,0.0
sample_01727.jpg,117.59044421587843,18.229626731848047,2,188,0.0,0.0
sample_01728.jpg,125.15956063575851,17.808991100927894,0,255,0.0032214869296900775,1.9406547769217335e-05
sample_01729.jpg,81.29005026295873,12.221411566297139,34,154,0.0,0.0
sample_01730.jpg,136.22748355295076,12.317281009744066,74,186,0.0,0.0
sample_01731.jpg,134.80944710745405,24.718968843744605,0,254,9.703273884608666e-05,0.0
sample_01732.jpg,123.89239069261968,19.257400912040676,2,168,0.0,0.0
sample_01733.jpg,144.41174872401947,16.529273612819438,58,206,0.0,0.0
sample_01734.jpg,145.73892371286072,16.65107608930915,73,218,0.0,0.0
sample_01735.jpg,120.98825903859962,62.31381908904176,0,255,0.17933590793533738,3.881309553843467e-05
sample_01736.jpg,132.12177608725185,20.552538905474695,0,235,0.00027169166876904265,0.0
sample_01737.jpg,172.13281841293252,23.579934124300056,0,253,0.00042694405092278136,0.0
sample_01738.jpg,123.95911040385026,20.749097357570303,55,190,0.0,0.0
sample_01739.jpg,193.31229016670224,31.236644684956808,0,255,0.011779774495914922,9.703273884608666e-05
sample_01740.jpg,47.38031011663335,29.91693107750599,0,138,0.2261639077024588,0.0
sample_01741.jpg,141.39241980244134,15.39742415712048,56,219,0.0,0.0
sample_01742.jpg,134.6119078577112,18.408164070351106,17,236,0.0,0.0
sample_01743.jpg,151.6335267519261,14.425359869966737,78,253,0.0,0.0
sample_01744.jpg,114.17178676085311,49.636203221203715,0,205,0.1308777581556017,0.0
sample_01745.jpg,69.62982010130217,15.26594750619489,12,148,0.0,0.0
sample_01746.jpg,122.42890411224747,16.724880519979806,0,234,1.9406547769217335e-05,0.0
sample_01747.jpg,111.50924722001203,22.1210662404423,4,243,0.0,0.0
sample_01748.jpg,101.27136175745697,20.053671772719362,0,247,0.0002522851209998253,0.0
sample_01749.jpg,185.71771235614895,18.244451692013385,0,234,1.9406547769217335e-05,0.0
sample_01750.jpg,158.3875875720468,17.918577393445815,0,255,9.703273884608666e-05,9.703273884608666e-05
sample_01751.jpg,60.91265112849075,13.19818483571658,0,94,5.8219643307652e-05,0.0
sample_01752.jpg,73.58679578489783,16.48464510229375,29,215,0.0,0.0
sample_01753.jpg,107.71835277222534,17.96311318843443,0,227,5.8219643307652e-05,0.0
sample_01754.jpg,129.14388014516098,22.061978045629424,0,251,0.0005821964330765201,0.0
sample_01755.jpg,135.67418346950262,12.93599479392959,0,227,9.703273884608666e-05,0.0
sample_01756.jpg,115.00890760542607,20.754715886001613,26,197,0.0,0.0
sample_01757.jpg,134.808360340779,15.016300120593971,49,191,0.0,0.0
sample_01758.jpg,124.87187797162763,19.37334755476365,2,234,0.0,0.0
sample_01759.jpg,82.82997923499389,44.95565196372777,0,140,0.20046963845601506,0.0
sample_01760.jpg,111.14065865823129,37.433836268422496,0,191,0.06375050942187895,0.0
sample_01761.jpg,131.48524132042152,17.222891075086775,25,220,0.0,0.0
sample_01762.jpg,173.2560888043626,20.831831347940632,92,218,0.0,0.0
sample_01763.jpg,166.8626986745328,14.16639102160742,96,229,0.0,0.0
sample_01764.jpg,123.03782336160221,18.982453629980544,31,209,0.0,0.0
sample_01765.jpg,129.52071648974365,14.815467311942527,46,192,0.0,0.0
sample_01766.jpg,96.21913873741,56.794002534860766,0,214,0.22247666362630752,0.0
sample_01767.jpg,88.58464165809544,24.955821970675856,24,158,0.0,0.0
sample_01768.jpg,159.96213782530225,17.411298465870917,44,223,0.0,0.0
sample_01769.jpg,112.8097382056706,61.90822622810893,0,228,0.2026431718061674,0.0
sample_01770.jpg,102.44470104213161,17.43973617423286,23,198,0.0,0.0
sample_01771.jpg,85.44460400939276,48.34825306198277,0,220,0.20951308971647034,0.0
sample_01772.jpg,154.11969958664054,13.547704297690238,0,191,3.881309553843467e-05,0.0
sample_01773.jpg,128.88257097944847,13.83865747193715,6,176,0.0,0.0
sample_01774.jpg,93.56876710202022,15.3034426664335,15,160,0.0,0.0
sample_01775.jpg,102.68476003803683,17.06664515131865,0,201,3.881309553843467e-05,0.0
sample_01776.jpg,66.26260940441306,16.955451188114058,15,212,0.0,0.0
sample_01777.jpg,138.0059384036174,17.053913333899786,28,202,0.0,0.0
sample_01778.jpg,55.0707950862621,19.83510188166829,0,179,3.881309553843467e-05,0.0
sample_01779.jpg,146.17310640610143,18.724162603110223,71,207,0.0,0.0
sample_01780.jpg,134.54943818044208,34.03479306553322,18,200,0.0,0.0
sample_01781.jpg,123.33769333773215,20.995255856143892,0,243,0.00013584583438452133,0.0
sample_01782.jpg,95.48799705020474,26.196507353820575,0,167,0.03213724310582391,0.0
sample_01783.jpg,65.0477207009645,14.30630264815956,23,151,0.0,0.0
sample_01784.jpg,124.5414814958567,19.170554781947423,0,230,3.881309553843467e-05,0.0
sample_01785.jpg,138.90116245221137,16.560002605099793,53,233,0.0,0.0
sample_01786.jpg,53.55939373944769,16.29455481892901,0,134,5.8219643307652e-05,0.0
sample_01787.jpg,74.99522598924877,17.8221960096048,12,162,0.0,0.0
sample_01788.jpg,135.24285353878398,15.133496103619306,0,248,1.9406547769217335e-05,0.0
sample_01789.jpg,105.996215723185,17.805418781858545,34,237,0.0,0.0
sample_01790.jpg,110.9084010945293,19.43433981075449,1,185,0.0,0.0
sample_01791.jpg,82.29197151118788,16.380335796782376,0,157,0.00015525238215373868,0.0
sample_01792.jpg,108.47177317626968,37.20897805342909,0,255,0.05689999805934522,3.881309553843467e-05
sample_01793.jpg,158.87892254846784,28.104360232810063,5,231,0.0,0.0
sample_01794.jpg,111.9705602670341,19.948646611211323,25,189,0.0,0.0
sample_01795.jpg,88.26072696927943,57.72669174080901,0,190,0.25700091210774517,0.0
sample_01796.jpg,149.04428574200935,14.49616816599351,80,210,0.0,0.0
sample_01797.jpg,97.1924741407751,22.757522090245597,12,183,0.0,0.0
sample_01798.jpg,72.80053950202799,18.531646356644252,10,163,0.0,0.0
sample_01799.jpg,150.8326767451338,17.63756357317238,54,213,0.0,0.0
sample_01800.jpg,102.18804944788371,70.26543987072779,0,237,0.29243726833433603,0.0
sample_01801.jpg,127.5849909759553,17.84485528920496,56,207,0.0,0.0
sample_01802.jpg,189.675833026063,24.44382646699426,0,255,0.0003299113120766947,0.0006210095286149547
sample_01803.jpg,196.12887888373538,16.606365457225987,61,245,0.0,0.0
sample_01804.jpg,120.6429777406897,20.54936884734819,54,205,0.0,0.0
sample_01805.jpg,25.44017931650139,18.013288500721934,0,120,0.0007180422674610414,0.0
sample_01806.jpg,106.83719847076404,37.791259085773724,0,246,0.06679733742164606,0.0
sample_01807.jpg,209.51749500281394,15.437542980712811,65,254,0.0,0.0
sample_01808.jpg,167.25238215373867,14.82658709213317,76,214,0.0,0.0
sample_01809.jpg,183.9563740806148,17.840125003474487,53,247,0.0,0.0
sample_01810.jpg,133.83653864813988,21.17632379192926,59,223,0.0,0.0
sample_01811.jpg,114.05742397484912,14.25663720955261,16,165,0.0,0.0
sample_01812.jpg,67.00285276252208,15.536405454315236,4,119,0.0,0.0
sample_01813.jpg,124.64128937103379,19.899238499184083,47,221,0.0,0.0
sample_01814.jpg,105.06316831298881,15.708321706123012,32,178,0.0,0.0
sample_01815.jpg,85.33903238952823,34.45835452868019,0,208,1.9406547769217335e-05,0.0
sample_01816.jpg,105.94767994721418,16.54618451586302,47,245,0.0,0.0
sample_01817.jpg,55.56872828892468,30.280787587695624,0,139,0.1635777911467329,0.0
sample_01818.jpg,33.59059946826059,15.329578239330598,3,97,0.0,0.0
sample_01819.jpg,186.77760096256478,20.72561677557879,47,251,0.0,0.0
sample_01820.jpg,130.63387606978594,16.889322460644145,66,218,0.0,0.0
sample_01821.jpg,135.30784606726309,14.773558218342908,63,191,0.0,0.0
sample_01822.jpg,125.66092879737623,14.553661858500856,37,204,0.0,0.0
sample_01823.jpg,92.28774088377419,67.4344151794695,0,219,0.31329930718624466,0.0
sample_01824.jpg,51.82710706592404,12.14628974359316,25,130,0.0,0.0
sample_01825.jpg,116.74633701410856,20.94899419266338,20,245,0.0,0.0
sample_01826.jpg,133.70579673581867,13.539641577613633,75,222,0.0,0.0
sample_01827.jpg,107.49313978536358,13.252184896379228,46,136,0.0,0.0
sample_01828.jpg,101.4549865124493,13.86363688733602,36,167,0.0,0.0
sample_01829.jpg,187.57239612645307,17.08875598896447,11,253,0.0,0.0
sample_01830.jpg,111.43736536707485,70.99094710153157,0,217,0.25624405674474565,0.0
sample_01831.jpg,163.45135748801647,14.91754090316236,106,215,0.0,0.0
sample_01832.jpg,125.28246230278096,15.521115911143507,25,181,0.0,0.0
sample_01833.jpg,100.97316074443518,43.56311597309278,0,249,0.1251528265636826,0.0
sample_01834.jpg,88.86394069359002,30.727373115208728,0,194,0.037629296124512414,0.0
sample_01835.jpg,152.62851986260165,11.343116303435574,53,191,0.0,0.0
sample_01836.jpg,78.44798074870461,29.152125691735993,0,226,0.08022666847794446,0.0
sample_01837.jpg,155.0418017038949,86.06170331865418,0,252,0.2072231170797027,0.0
sample_01838.jpg,150.83578179277688,19.00859892661206,0,200,7.762619107686934e-05,0.0
sample_01839.jpg,74.9700556967921,16.750776089513113,0,172,9.703273884608666e-05,0.0
sample_01840.jpg,170.63040229773526,21.383151009998226,96,254,0.0,0.0
sample_01841.jpg,116.99258669875216,15.086220125989932,18,193,0.0,0.0
sample_01842.jpg,68.80360573657552,28.97222780677526,0,160,0.102330726387083,0.0
sample_01843.jpg,104.93190242387782,62.13939110443276,0,228,0.2282598148615343,0.0
sample_01844.jpg,137.78264666498475,18.8681914444743,6,251,0.0,0.0
sample_01845.jpg,70.15418502202643,15.425401854595217,43,214,0.0,0.0
sample_01846.jpg,133.11484794969823,16.275413911186163,8,211,0.0,0.0
sample_01847.jpg,137.29168041297135,17.159756930698272,40,214,0.0,0.0
sample_01848.jpg,154.35219002891574,20.31857725815933,0,255,0.000174658929922956,0.0004463505986919987
sample_01849.jpg,119.63232354596441,22.897513077685336,20,181,0.0,0.0
sample_01850.jpg,96.86991791030293,12.743456409548447,60,150,0.0,0.0
sample_01851.jpg,171.91140910943352,21.431968696364677,97,221,0.0,0.0
sample_01852.jpg,122.16998195191057,20.429514410669185,52,194,0.0,0.0
sample_01853.jpg,130.75996041064255,21.75348236577581,47,226,0.0,0.0
sample_01854.jpg,112.3900522036135,15.501779722878204,36,190,0.0,0.0
sample_01855.jpg,110.23495507384192,43.32506295607093,0,193,0.1075899008325409,0.0
sample_01856.jpg,167.16264627685382,22.92059514162599,80,251,0.0,0.0
sample_01857.jpg,131.03799802053211,14.401420489150881,85,236,0.0,0.0
sample_01858.jpg,89.0405984979332,28.753222320702026,20,143,0.0,0.0
sample_01859.jpg,144.1996545634497,11.739764898602674,32,223,0.0,0.0
sample_01860.jpg,150.8149003473772,12.732928661062529,105,213,0.0,0.0
sample_01861.jpg,151.44359486890878,63.185935343293785,0,239,0.12664713074191233,0.0
sample_01862.jpg,85.48097187991229,13.049525661467259,0,136,0.00029109821653826003,0.0
sample_01863.jpg,127.22868675891246,16.315943162010182,15,182,0.0,0.0
sample_01864.jpg,158.87721477226415,17.04888053857796,77,255,0.0,1.9406547769217335e-05
sample_01865.jpg,130.236041840517,16.39938950070766,66,195,0.0,0.0
sample_01866.jpg,115.1641017679365,14.595110801875764,47,171,0.0,0.0
sample_01867.jpg,101.49341147703235,54.15545305686707,0,242,0.17667721089095462,0.0
sample_01868.jpg,109.7123367424169,14.319103203703227,16,153,0.0,0.0
sample_01869.jpg,153.09485920549594,17.006716380006857,80,224,0.0,0.0
sample_01870.jpg,135.20105183488909,18.08286771116044,0,250,0.00038813095538434665,0.0
sample_01871.jpg,115.88517145684955,58.98778783357952,0,213,0.1710687185856508,0.0
sample_01872.jpg,120.4379669700557,10.435668640986574,71,159,0.0,0.0
sample_01873.jpg,170.99522598924878,39.070813852935906,43,255,0.0,0.00027169166876904265
sample_01874.jpg,113.24527935725514,33.76653474204568,0,215,0.0022899726367676455,0.0
sample_01875.jpg,86.77445710182616,14.402115226031931,28,186,0.0,0.0
sample_01876.jpg,115.27074074792836,14.090711668564682,13,177,0.0,0.0
sample_01877.jpg,111.25471093947098,15.353690034814958,71,220,0.0,0.0
sample_01878.jpg,98.5921713986299,58.43047299737203,0,226,0.22191387374100022,0.0
sample_01879.jpg,74.28172485396573,52.917931015963255,0,204,0.2184401016903103,0.0
sample_01880.jpg,115.31933474354247,20.80758293305734,0,240,0.000116439286615304,0.0
sample_01881.jpg,125.13726251237168,20.77677268641169,29,247,0.0,0.0
sample_01882.jpg,145.10254419841255,16.766194665394735,48,189,0.0,0.0
sample_01883.jpg,116.43105823904986,18.41452971183432,0,249,1.9406547769217335e-05,0.0
sample_01884.jpg,65.15443730714743,18.084837938710308,16,224,0.0,0.0
sample_01885.jpg,112.2872945331755,30.308484303304652,0,206,0.03374798657066894,0.0
sample_01886.jpg,144.22556230472162,43.691098566567824,0,232,0.046827999767121424,0.0
sample_01887.jpg,119.92722544586543,19.722442407739873,49,216,0.0,0.0
sample_01888.jpg,149.7205845252188,15.592023571456208,44,225,0.0,0.0
sample_01889.jpg,83.56426478293777,31.55253044305265,15,163,0.0,0.0
sample_01890.jpg,124.3808534999709,20.96232663060822,0,237,0.00013584583438452133,0.0
sample_01891.jpg,144.61497409225873,81.55824940776431,0,249,0.22253488326961518,0.0
sample_01892.jpg,103.21213297366532,53.90117375652062,0,197,0.1860699800112558,0.0
sample_01893.jpg,127.24231015544645,12.821966007895007,85,228,0.0,0.0
sample_01894.jpg,131.65990025034446,14.6094723150048,69,210,0.0,0.0
sample_01895.jpg,74.47004599351821,15.207237338089561,8,122,0.0,0.0
sample_01896.jpg,56.991771623745855,29.072633910332282,0,255,0.06722428147256884,0.00013584583438452133
sample_01897.jpg,77.76527780473131,52.14010753364871,0,161,0.27691203011896215,0.0
sample_01898.jpg,144.13706844689398,15.829443083248037,4,255,0.0,5.8219643307652e-05
sample_01899.jpg,183.8254963224592,16.094597065653115,50,219,0.0,0.0
sample_01900.jpg,103.26474412466766,15.139736966090913,18,159,0.0,0.0
sample_01901.jpg,60.00655941314599,14.754125268611961,16,139,0.0,0.0
sample_01902.jpg,129.09864348231093,15.97298365060899,32,185,0.0,0.0
sample_01903.jpg,139.47505288284268,16.897092494291368,57,226,0.0,0.0
sample_01904.jpg,142.28273399444973,15.585900499071451,63,224,0.0,0.0
sample_01905.jpg,142.24898600787907,45.41650877954261,0,214,0.06510896776572415,0.0
sample_01906.jpg,123.96462186341671,20.589104046812356,37,212,0.0,0.0
sample_01907.jpg,126.14846009043451,26.87312928438255,4,216,0.0,0.0
sample_01908.jpg,101.33293873352869,17.814727480018416,30,207,0.0,0.0
sample_01909.jpg,106.57821809078384,73.84797383263411,0,197,0.30313027615517474,0.0
sample_01910.jpg,167.17751169244502,22.836099068938946,90,231,0.0,0.0
sample_01911.jpg,140.61916590657688,16.366921473825034,99,249,0.0,0.0
sample_01912.jpg,137.673562459974,16.205040865619793,0,229,1.9406547769217335e-05,0.0
sample_01913.jpg,53.798521221059985,33.64050016166348,0,136,0.21576199809815833,0.0
sample_01914.jpg,112.80346989074114,67.26359787934072,0,243,0.23730326612198957,0.0
sample_01915.jpg,122.65487395447224,14.02176573710304,2,221,0.0,0.0
sample_01916.jpg,30.904345126045527,16.788170869778245,0,108,0.0078014322032253685,0.0
sample_01917.jpg,155.5648663859186,17.93840141430676,7,254,0.0,0.0
sample_01918.jpg,124.26474412466766,23.31051778681543,9,232,0.0,0.0
sample_01919.jpg,59.762754953521316,17.410582629438142,4,149,0.0,0.0
sample_01920.jpg,63.12618137359545,16.65314167975142,0,177,1.9406547769217335e-05,0.0
sample_01921.jpg,173.59562576413282,26.770938178123206,65,255,0.0,0.000174658929922956
sample_01922.jpg,68.90176405519222,14.793256373010998,14,114,0.0,0.0
sample_01923.jpg,91.96221545149334,16.248851611879704,1,249,0.0,0.0
sample_01924.jpg,93.9479904519785,15.776023967429518,25,139,0.0,0.0
sample_01925.jpg,176.95458867822003,26.07981669078578,67,234,0.0,0.0
sample_01926.jpg,165.67899629334937,72.96765385262162,0,240,0.13006268314929456,0.0
sample_01927.jpg,46.8331230957325,13.266341194185863,5,111,0.0,0.0
sample_01928.jpg,62.67693919928584,20.89936510693413,0,121,0.04572182654427604,0.0
sample_01929.jpg,141.15218614760622,51.67435442651947,0,235,0.08802810068116983,0.0
sample_01930.jpg,129.05342622600867,15.422412290612865,30,175,0.0,0.0
sample_01931.jpg,155.8701313823284,17.685948527434874,11,219,0.0,0.0
sample_01932.jpg,66.92897203516466,23.263273200947115,26,148,0.0,0.0
sample_01933.jpg,103.58477750392983,16.659271590334086,41,234,0.0,0.0
sample_01934.jpg,145.41718255739485,21.47868762597947,52,201,0.0,0.0
sample_01935.jpg,101.01515651380775,63.73232748539318,0,234,0.2597178287954356,0.0
sample_01936.jpg,130.68466300529798,18.793404399609614,30,204,0.0,0.0
sample_01937.jpg,121.58431174678337,40.10286119439543,0,245,0.06411923382949407,0.0
sample_01938.jpg,122.87459488831531,18.065324457668602,49,199,0.0,0.0
sample_01939.jpg,149.19113508897902,15.102352520408688,99,211,0.0,0.0
sample_01940.jpg,168.84998738574396,21.59630352811239,0,237,3.881309553843467e-05,0.0
sample_01941.jpg,122.48826874187351,15.15448158098724,76,208,0.0,0.0
sample_01942.jpg,127.19975159618855,13.194491505261148,92,191,0.0,0.0
sample_01943.jpg,138.19416251043103,20.56413353296927,0,255,0.0006792291719226067,7.762619107686934e-05
sample_01944.jpg,79.1902035746861,48.11172987321981,0,176,0.23388771371460731,0.0
sample_01945.jpg,82.6307516155951,19.583216383699458,33,171,0.0,0.0
sample_01946.jpg,105.11129655145646,16.657900909766006,17,164,0.0,0.0
sample_01947.jpg,140.07005763744687,19.49492121329038,14,255,0.0,1.9406547769217335e-05
sample_01948.jpg,98.47930291680413,19.010231225242432,29,157,0.0,0.0
sample_01949.jpg,81.88480273244193,51.06036756853939,0,143,0.23963205185429565,0.0
sample_01950.jpg,157.5870092569233,17.84179482044574,34,206,0.0,0.0
sample_01951.jpg,122.21779968561393,51.19198258692547,0,208,0.12162083486968503,0.0
sample_01952.jpg,42.6139843583225,16.478071621309063,0,82,0.0002522851209998253,0.0
sample_01953.jpg,181.08148809408294,19.476775232505194,40,243,0.0,0.0
sample_01954.jpg,56.06671971123057,14.194003926830305,7,113,0.0,0.0
sample_01955.jpg,70.06673911777834,51.228540086332075,0,175,0.3099225678744008,0.0
sample_01956.jpg,94.42805022414562,32.37572507163099,0,173,0.0822837625414815,0.0
sample_01957.jpg,123.26321100739389,15.75763909463982,41,245,0.0,0.0
sample_01958.jpg,80.72920103242834,48.440169125285955,0,206,0.2367792893322207,0.0
sample_01959.jpg,133.49261580857382,19.708450295919334,0,248,3.881309553843467e-05,0.0
sample_01960.jpg,105.08474839410817,21.10482478703682,21,255,0.0,0.00027169166876904265
sample_01961.jpg,192.6220380756467,19.785248299034436,0,252,1.9406547769217335e-05,0.0
sample_01962.jpg,107.59112344505036,16.440449770967184,29,188,0.0,0.0
sample_01963.jpg,100.92237380892313,53.7858105599857,0,208,0.2022938539463215,0.0
sample_01964.jpg,96.98135030759379,19.48095976166889,3,193,0.0,0.0
sample_01965.jpg,103.36845271594636,15.376403544393687,0,182,3.881309553843467e-05,0.0
sample_01966.jpg,105.07116381066972,65.60104347856557,0,188,0.24985930252867317,0.0
sample_01967.jpg,156.59011430456636,18.836878615307754,0,255,1.9406547769217335e-05,3.881309553843467e-05
sample_01968.jpg,74.74004929263134,13.565719307368745,18,190,0.0,0.0
sample_01969.jpg,116.97993362960663,24.54768854718558,22,184,0.0,0.0
sample_01970.jpg,186.02390886685168,10.544209577343304,37,232,0.0,0.0
sample_01971.jpg,144.79751208057598,16.428157567413546,95,255,0.0,3.881309553843467e-05
sample_01972.jpg,137.08542762328008,13.724863105018413,61,193,0.0,0.0
sample_01973.jpg,152.65838653961848,16.943933684609195,76,198,0.0,0.0
sample_01974.jpg,126.15730947621728,20.996492597087013,0,242,7.762619107686934e-05,0.0
sample_01975.jpg,125.11847697413107,19.04999428274507,0,232,0.00036872440761512933,0.0
sample_01976.jpg,83.9499505133032,15.641233237473172,29,156,0.0,0.0
sample_01977.jpg,122.333249238293,14.881888905695536,28,204,0.0,0.0
sample_01978.jpg,117.32170234237032,20.60937504477696,8,200,0.0,0.0
sample_01979.jpg,130.663471055134,55.93680768569121,0,193,0.006753478623687632,0.0
sample_01980.jpg,155.1850220264317,77.43316930884521,0,233,0.17842380019018417,0.0
sample_01981.jpg,41.42521686817132,16.993130448251183,0,134,0.0008344815540763453,0.0
sample_01982.jpg,63.56936870500107,18.066765314204705,14,138,0.0,0.0
sample_01983.jpg,162.57365755205805,18.106614704729846,70,223,0.0,0.0
sample_01984.jpg,131.87344990199693,14.616609818780798,52,187,0.0,0.0
sample_01985.jpg,86.36303828911875,44.1549820017474,0,211,0.1579692988414291,0.0
sample_01986.jpg,134.2682567098139,12.824628328488348,81,218,0.0,0.0
sample_01987.jpg,152.94152807157135,17.995826474483234,32,217,0.0,0.0
sample_01988.jpg,182.92382930000582,14.629865101919346,128,250,0.0,0.0
sample_01989.jpg,135.23569252265713,17.172434804445555,84,209,0.0,0.0
sample_01990.jpg,140.25234334064314,13.644866377418246,35,206,0.0,0.0
sample_01991.jpg,101.05492053018689,60.381866603877754,0,200,0.2284926934347649,0.0
sample_01992.jpg,153.00527858099323,21.86388595154776,0,220,0.00015525238215373868,0.0
sample_01993.jpg,128.68850550175628,68.67215304934471,0,240,0.177337033515108,0.0
sample_01994.jpg,155.91651303149683,19.902264073634452,4,213,0.0,0.0
sample_01995.jpg,162.62011682741758,16.615579623041835,44,214,0.0,0.0
sample_01996.jpg,63.994255661860315,45.58212435523607,0,167,0.30155834578586815,0.0
sample_01997.jpg,138.27634924023366,22.3323282292599,33,222,0.0,0.0
sample_01998.jpg,81.2939703856081,21.14687170570957,0,215,3.881309553843467e-05,0.0
sample_01999.jpg,164.12134914320092,14.488796054886638,81,255,0.0,0.0008538881018455627
sample_02000.jpg,120.80523588658814,19.317991507630243,0,208,7.762619107686934e-05,0.0
sample_02001.jpg,140.12057288129014,22.367461233367756,3,254,0.0,0.0
sample_02002.jpg,141.19189194434202,14.708467108634919,85,255,0.0,3.881309553843467e-05
sample_02003.jpg,87.47142385840982,13.502802820727188,30,130,0.0,0.0
sample_02004.jpg,202.3892177220594,23.110232864159894,38,255,0.0,0.000116439286615304
sample_02005.jpg,73.1668769042675,41.57061197479371,0,158,0.1886316443167925,0.0
sample_02006.jpg,114.57914960507675,14.829180237329417,56,168,0.0,0.0
sample_02007.jpg,132.26732519552098,14.622048964750766,35,193,0.0,0.0
sample_02008.jpg,75.72599895204642,34.97184290840082,0,180,0.1466552814919754,0.0
sample_02009.jpg,107.56832075142152,20.752948025974586,15,197,0.0,0.0
sample_02010.jpg,110.67820062489083,13.14892884795079,34,181,0.0,0.0
sample_02011.jpg,151.11546895922683,18.63009759477966,48,229,0.0,0.0
sample_02012.jpg,125.08857148401871,23.304986428537088,0,255,0.009974965553377709,1.9406547769217335e-05
sample_02013.jpg,59.49147082225543,19.490728557636658,11,196,0.0,0.0
sample_02014.jpg,116.08154631372625,18.291152787671983,16,204,0.0,0.0
sample_02015.jpg,156.42758446699918,11.402324455878293,93,213,0.0,0.0
sample_02016.jpg,38.994178035669236,12.05414200702495,16,86,0.0,0.0
sample_02017.jpg,139.20435094800985,14.706599764292651,68,255,0.0,0.00021347202546139068
sample_02018.jpg,74.5257233790681,12.84047506717441,32,154,0.0,0.0
sample_02019.jpg,110.35112266878845,22.693238216553365,5,199,0.0,0.0
sample_02020.jpg,74.16466455782181,14.773215485189231,19,169,0.0,0.0
sample_02021.jpg,124.64396747462594,16.584177869386128,0,183,5.8219643307652e-05,0.0
sample_02022.jpg,101.42975800034932,17.300984657453853,3,245,0.0,0.0
sample_02023.jpg,130.42422713423508,18.425704241059833,0,220,1.9406547769217335e-05,0.0
sample_02024.jpg,175.00097032738847,21.527956002922224,86,244,0.0,0.0
sample_02025.jpg,69.03270003299113,18.517350575103954,14,182,0.0,0.0
sample_02026.jpg,161.14686875351742,14.586456226879024,71,241,0.0,0.0
sample_02027.jpg,58.261406198451354,14.856645716873688,23,175,0.0,0.0
sample_02028.jpg,118.85844864057132,20.169874504712233,5,243,0.0,0.0
sample_02029.jpg,117.41399988356072,19.555536543372945,0,236,1.9406547769217335e-05,0.0
sample_02030.jpg,82.80218905858837,66.86258697464378,0,227,0.3623978730423645,0.0
sample_02031.jpg,163.9487473073415,11.355129213386782,105,216,0.0,0.0
sample_02032.jpg,165.47443187331405,15.027933369106087,73,223,0.0,0.0
sample_02033.jpg,98.59407324031127,20.715043055483548,3,223,0.0,0.0
sample_02034.jpg,102.18077199247026,16.452178159020058,0,176,1.9406547769217335e-05,0.0
sample_02035.jpg,152.78447088047508,22.40417431191309,44,230,0.0,0.0
sample_02036.jpg,95.673562459974,37.80169717081173,0,157,0.09971084243823866,0.0
sample_02037.jpg,205.80011255797706,13.886085290483525,155,255,0.0,3.881309553843467e-05
sample_02038.jpg,97.95495740262764,15.134928124507113,53,255,0.0,7.762619107686934e-05
sample_02039.jpg,139.2664907139669,18.171174758495457,2,254,0.0,0.0
sample_02040.jpg,131.56154786625007,19.870106951004843,1,204,0.0,0.0
sample_02041.jpg,122.26969279434881,16.01838749616796,11,203,0.0,0.0
sample_02042.jpg,117.96951231345456,15.785583166634623,34,199,0.0,0.0
sample_02043.jpg,144.00234819228007,68.4437883886454,0,208,0.15915309825535134,0.0
sample_02044.jpg,165.93199945661667,14.92610462108646,99,235,0.0,0.0
sample_02045.jpg,89.86702633468532,18.67610994039914,0,218,3.881309553843467e-05,0.0
sample_02046.jpg,84.5505637602127,16.36392725952124,26,153,0.0,0.0
sample_02047.jpg,115.47253003163267,14.347667551654226,61,165,0.0,0.0
sample_02048.jpg,150.10223369364823,18.16280136408837,63,232,0.0,0.0
sample_02049.jpg,137.99014147373325,18.935836770042584,0,246,7.762619107686934e-05,0.0
sample_02050.jpg,95.86366900192125,72.44808174681155,0,243,0.28442236410564925,0.0
sample_02051.jpg,134.18771953657165,18.28622485118281,29,234,0.0,0.0
sample_02052.jpg,182.56781618117952,15.37902262513961,78,244,0.0,0.0
sample_02053.jpg,171.13419627782415,72.2361863840682,0,255,0.12420190572299093,1.9406547769217335e-05
sample_02054.jpg,186.4320867860816,11.84301288092881,114,244,0.0,0.0
sample_02055.jpg,123.97341302955617,14.719023247547529,77,168,0.0,0.0
sample_02056.jpg,41.10885132643754,18.618128781936164,0,142,0.00021347202546139068,0.0
sample_02057.jpg,130.55196103165207,22.12372921122837,0,254,0.000116439286615304,0.0
sample_02058.jpg,111.68784567913214,21.35053737520156,14,221,0.0,0.0
sample_02059.jpg,147.26833433600495,18.528197986159768,70,199,0.0,0.0
sample_02060.jpg,122.13534126414253,12.203096518260052,45,190,0.0,0.0
sample_02061.jpg,124.67794833976984,17.197483278957236,19,236,0.0,0.0
sample_02062.jpg,133.38390032797065,15.518424914987666,72,197,0.0,0.0
sample_02063.jpg,138.12839372004115,16.32106602770482,57,208,0.0,0.0
sample_02064.jpg,143.9307186244639,16.36619588968134,77,210,0.0,0.0
sample_02065.jpg,68.47740107512274,24.498356995902597,0,148,0.05785091890003687,0.0
sample_02066.jpg,184.0061130625473,17.8357912915643,139,246,0.0,0.0
sample_02067.jpg,99.27860039977489,20.527011342630924,2,234,0.0,0.0
sample_02068.jpg,154.2040598497933,16.280730469124155,76,244,0.0,0.0
sample_02069.jpg,127.13231384269052,16.399881693128584,62,206,0.0,0.0
sample_02070.jpg,161.49372198179665,10.571512617443503,111,195,0.0,0.0
sample_02071.jpg,105.00650119350269,24.333259712351893,36,255,0.0,3.881309553843467e-05
sample_02072.jpg,115.29210735702226,58.767296390734245,0,205,0.18583710143802518,0.0
sample_02073.jpg,143.97694502125017,75.52619202928578,0,250,0.19057229909371423,0.0
sample_02074.jpg,136.93912165964795,16.183741411933912,42,190,0.0,0.0
sample_02075.jpg,74.01275010188438,19.93265097968112,6,138,0.0,0.0
sample_02076.jpg,73.44774787013138,13.213986329241957,9,100,0.0,0.0
sample_02077.jpg,131.52985697374294,17.529553986328715,34,207,0.0,0.0
sample_02078.jpg,176.17438723825418,14.538566874526019,129,242,0.0,0.0
sample_02079.jpg,141.9436433852782,16.801866263540948,74,205,0.0,0.0
sample_02080.jpg,108.08696074055386,22.755902777037804,3,208,0.0,0.0
sample_02081.jpg,168.0271109472336,15.696286306989396,90,217,0.0,0.0
sample_02082.jpg,147.28613014030935,17.721464051627194,53,252,0.0,0.0
sample_02083.jpg,117.38782045062004,21.931118800980805,15,188,0.0,0.0
sample_02084.jpg,36.255467794833976,14.946356252100719,2,178,0.0,0.0
sample_02085.jpg,151.43635622659085,20.600461178372,25,255,0.0,3.881309553843467e-05
sample_02086.jpg,114.03691125385706,22.0282421259493,25,188,0.0,0.0
sample_02087.jpg,154.6052902249219,16.80148201608378,37,219,0.0,0.0
sample_02088.jpg,123.49713753420404,16.580841103969327,79,218,0.0,0.0
sample_02089.jpg,132.8331230957325,13.923262761633158,86,219,0.0,0.0
sample_02090.jpg,163.78707135787616,30.69587268215964,67,223,0.0,0.0
sample_02091.jpg,176.8432727202158,22.292753940960395,127,226,0.0,0.0
sample_02092.jpg,73.0563566147218,47.41864510420168,0,230,0.253507733509286,0.0
sample_02093.jpg,120.21451997904093,19.418302672603776,0,249,0.00029109821653826003,0.0
sample_02094.jpg,147.12786974325138,15.595928464009436,27,247,0.0,0.0
sample_02095.jpg,151.9660191348561,17.276033188805012,77,245,0.0,0.0
sample_02096.jpg,124.13916435405305,14.03285489014313,71,181,0.0,0.0
sample_02097.jpg,95.13186749209183,68.28008452228326,0,254,0.3060800714160958,0.0
sample_02098.jpg,117.88063032467154,17.853634120196727,41,195,0.0,0.0
sample_02099.jpg,75.34192396514584,17.953272337153116,9,226,0.0,0.0
sample_02100.jpg,158.01102291913293,18.938528239265857,0,255,7.762619107686934e-05,0.0006016029808457373
sample_02101.jpg,84.3548099128646,13.230473571623946,25,120,0.0,0.0
sample_02102.jpg,130.2731083467562,17.406081610770816,0,236,7.762619107686934e-05,0.0
sample_02103.jpg,179.7342079217528,18.593693300879792,49,244,0.0,0.0
sample_02104.jpg,118.21180306235324,18.69781449335592,10,218,0.0,0.0
sample_02105.jpg,19.376118302315202,19.559626865270097,0,96,0.28601370102272505,0.0
sample_02106.jpg,72.18839876574356,16.83346840832286,6,173,0.0,0.0
sample_02107.jpg,149.5957616099672,11.532881233145734,67,197,0.0,0.0
sample_02108.jpg,68.92115119641367,12.451258489838233,17,150,0.0,0.0
sample_02109.jpg,194.04871043490073,21.288889690413285,48,255,0.0,0.00040753750315356403
sample_02110.jpg,150.81905334859982,15.239283687374611,5,237,0.0,0.0
sample_02111.jpg,120.91432009159891,19.29125879614012,20,200,0.0,0.0
sample_02112.jpg,143.17496943468726,12.152662856031217,93,192,0.0,0.0
sample_02113.jpg,58.26866424731705,25.612133483840363,0,166,0.09417997632401172,0.0
sample_02114.jpg,89.52417085524657,63.66362231120019,0,216,0.3064099827281725,0.0
sample_02115.jpg,130.1325855343593,17.235436192309756,5,205,0.0,0.0
sample_02116.jpg,84.58844534145821,39.137968435731764,0,202,0.13105241708552465,0.0
sample_02117.jpg,186.11818587591452,11.650775857536239,110,233,0.0,0.0
sample_02118.jpg,184.62904383939141,25.226020608884443,0,254,0.007025170292456675,0.0
sample_02119.jpg,112.989404024918,22.592700832112914,0,217,9.703273884608666e-05,0.0
sample_02120.jpg,144.39548603698887,18.962775682217725,6,247,0.0,0.0
sample_02121.jpg,143.90067728851716,14.360088645459802,102,201,0.0,0.0
sample_02122.jpg,81.27926022239903,14.48151398258374,4,188,0.0,0.0
sample_02123.jpg,124.59739175997981,12.244423052665793,62,192,0.0,0.0
sample_02124.jpg,103.56942692464438,51.54094089245998,0,211,0.17366919598672592,0.0
sample_02125.jpg,121.82980457606396,12.871094354620423,64,170,0.0,0.0
sample_02126.jpg,115.33852781928623,12.866141409391139,77,182,0.0,0.0
sample_02127.jpg,134.45190087135398,16.46186192106353,14,227,0.0,0.0
sample_02128.jpg,120.83471443264958,22.53537103997599,0,244,0.008208969706378933,0.0
sample_02129.jpg,84.77581556017,15.856288444576663,1,139,0.0,0.0
sample_02130.jpg,201.3099225678744,13.305190404049158,135,244,0.0,0.0
sample_02131.jpg,24.239573832210986,15.606649070735477,0,80,0.048496962875274115,0.0
sample_02132.jpg,132.5117894777698,13.566624911613326,71,176,0.0,0.0
sample_02133.jpg,66.31052417085525,26.055343173551183,0,148,0.0746763958159483,0.0
sample_02134.jpg,118.29886083564595,15.515650861888236,0,255,0.0003299113120766947,0.00013584583438452133
sample_02135.jpg,116.60926856721458,72.22129334934075,0,237,0.2550408507830542,0.0
sample_02136.jpg,118.76436569698616,16.381687915819704,31,192,0.0,0.0
sample_02137.jpg,132.6893205767626,14.700993874140865,43,206,0.0,0.0
sample_02138.jpg,169.73440198723048,10.25334823102085,87,250,0.0,0.0
sample_02139.jpg,137.05488171709135,14.054725405560205,72,203,0.0,0.0
sample_02140.jpg,186.00436647324807,15.129629999601725,138,244,0.0,0.0
sample_02141.jpg,111.07349259640202,25.283487184416884,5,226,0.0,0.0
sample_02142.jpg,136.75493411477032,16.33265321683961,43,212,0.0,0.0
sample_02143.jpg,64.42748743426031,19.86422274145474,1,255,0.0,7.762619107686934e-05
sample_02144.jpg,140.32888276504494,19.573473687713907,36,233,0.0,0.0
sample_02145.jpg,66.99881620058608,25.577682402777008,5,220,0.0,0.0
sample_02146.jpg,152.95218226629666,79.0887556317928,0,252,0.1826156145083351,0.0
sample_02147.jpg,93.6414058103204,21.372516217483007,0,166,3.881309553843467e-05,0.0
sample_02148.jpg,130.29125346892042,15.891818082528564,63,197,0.0,0.0
sample_02149.jpg,126.74831648198102,15.01517207455941,95,221,0.0,0.0
sample_02150.jpg,99.45894544819421,16.218356722659532,33,153,0.0,0.0
sample_02151.jpg,23.240253061382912,12.99436839364417,2,88,0.0,0.0
sample_02152.jpg,104.61283937200412,14.526740248797731,49,163,0.0,0.0
sample_02153.jpg,114.3841332065439,52.24079322489915,0,246,0.14160957907197888,0.0
sample_02154.jpg,183.99472141900677,16.10144908211451,87,248,0.0,0.0
sample_02155.jpg,181.58698985037552,46.26314397154269,0,253,0.040637311028741095,0.0
sample_02156.jpg,135.77841603757108,16.237912923454942,11,215,0.0,0.0
sample_02157.jpg,119.24722001203206,16.212988138616065,62,152,0.0,0.0
sample_02158.jpg,116.2774554134565,42.4764398499079,0,239,0.07869355120417629,0.0
sample_02159.jpg,143.32816472277747,14.469607262497389,67,193,0.0,0.0
sample_02160.jpg,119.18721496632963,12.317011192626268,8,183,0.0,0.0
sample_02161.jpg,124.01199324652137,15.034084189025233,49,174,0.0,0.0
sample_02162.jpg,139.6251431232898,20.554930721833156,44,230,0.0,0.0
sample_02163.jpg,34.35271400570552,22.733127687804696,0,247,0.19457004793417298,0.0
sample_02164.jpg,97.98969512313455,16.043211898668712,28,130,0.0,0.0
sample_02165.jpg,40.70045993518213,20.740509915604946,0,126,0.10588212462884977,0.0
sample_02166.jpg,117.92792408158513,17.460203519503406,12,204,0.0,0.0
sample_02167.jpg,114.61068524520174,61.21130789854176,0,197,0.16639174057326941,0.0
sample_02168.jpg,118.64852801335171,17.542111023473968,60,206,0.0,0.0
sample_02169.jpg,163.07110559102642,13.353303985913954,98,223,0.0,0.0
sample_02170.jpg,150.14087213025675,16.201064719154793,54,248,0.0,0.0
sample_02171.jpg,106.49711812765626,16.111257727175587,55,176,0.0,0.0
sample_02172.jpg,128.91084631954823,15.85487000483048,29,198,0.0,0.0
sample_02173.jpg,169.07778144345903,19.295710496262203,72,242,0.0,0.0
sample_02174.jpg,122.55514370548623,16.020943883636907,59,167,0.0,0.0
sample_02175.jpg,136.34708610685246,31.70496038924151,0,205,0.023540142444060625,0.0
sample_02176.jpg,158.5532612703526,16.351402298515538,104,228,0.0,0.0
sample_02177.jpg,75.50550175629257,25.281898291606122,0,254,0.04667274738496769,0.0
sample_02178.jpg,154.39292437268335,18.862960537899337,109,200,0.0,0.0
sample_02179.jpg,147.14287100467698,19.272544325298277,74,225,0.0,0.0
sample_02180.jpg,189.024976226979,16.603399080365104,88,255,0.0,0.00013584583438452133
sample_02181.jpg,151.47879834656214,20.70126648562412,41,211,0.0,0.0
sample_02182.jpg,129.0771022142871,21.669257686745357,0,255,0.0005627898853073027,0.00040753750315356403
sample_02183.jpg,151.58272040986628,22.49905440870563,10,218,0.0,0.0
sample_02184.jpg,183.9505715228318,16.59989353584529,18,244,0.0,0.0
sample_02185.jpg,97.84575675833027,45.54416744818695,0,198,3.881309553843467e-05,0.0
sample_02186.jpg,53.744279920045024,16.303259120852527,0,167,0.0016301500126142561,0.0
sample_02187.jpg,90.78086126259,16.08304674439437,24,169,0.0,0.0
sample_02188.jpg,142.223679869588,19.251482302414278,45,231,0.0,0.0
sample_02189.jpg,135.29827863921287,17.47744570725104,42,213,0.0,0.0
sample_02190.jpg,130.9773137456578,20.491000121661312,9,239,0.0,0.0
sample_02191.jpg,171.85732306080072,17.23910806861981,60,244,0.0,0.0
sample_02192.jpg,184.09974965553377,15.874799604672571,123,233,0.0,0.0
sample_02193.jpg,204.67724970405015,17.22350421366472,30,255,0.0,0.0002522851209998253
sample_02194.jpg,135.64400628772148,16.464938870921163,43,233,0.0,0.0
sample_02195.jpg,111.81559898309689,17.493112964101662,7,212,0.0,0.0
sample_02196.jpg,71.5257233790681,16.07423259489361,12,140,0.0,0.0
sample_02197.jpg,90.66762405635662,18.03615711080835,9,162,0.0,0.0
sample_02198.jpg,117.1561644898989,20.263759973353313,0,244,7.762619107686934e-05,0.0
sample_02199.jpg,128.2239903743523,18.75194295565516,0,233,7.762619107686934e-05,0.0
sample_02200.jpg,86.62100952861495,17.380442854169925,16,172,0.0,0.0
sample_02201.jpg,130.5714257990646,14.943868509413363,64,190,0.0,0.0
sample_02202.jpg,156.07485105474586,14.197827352411482,104,198,0.0,0.0
sample_02203.jpg,73.91542626482175,55.043818130745315,0,177,0.3283393817073881,0.0
sample_02204.jpg,116.80781695744145,44.011556804096784,0,197,0.014399658444759262,0.0
sample_02205.jpg,117.15833802324904,37.96776254975232,0,175,0.0581032040210367,0.0
sample_02206.jpg,187.75547749810787,15.082263904274464,122,245,0.0,0.0
sample_02207.jpg,128.06157697607173,18.973079682779215,0,250,0.000232878573230608,0.0
sample_02208.jpg,119.57513244968852,21.747799503909828,12,236,0.0,0.0
sample_02209.jpg,157.90100719982922,18.097406385171883,83,252,0.0,0.0
sample_02210.jpg,169.5440819732578,16.033311907453363,68,241,0.0,0.0
sample_02211.jpg,109.12338683071668,14.73945844081051,45,186,0.0,0.0
sample_02212.jpg,153.98154437307147,28.32523325377913,6,235,0.0,0.0
sample_02213.jpg,140.19903355392108,21.02336067411355,0,246,3.881309553843467e-05,0.0
sample_02214.jpg,131.49170370082865,14.974875750735565,73,185,0.0,0.0
sample_02215.jpg,157.0996720293427,19.690683873072114,55,210,0.0,0.0
sample_02216.jpg,184.06322653263211,15.587097127032218,63,233,0.0,0.0
sample_02217.jpg,109.78022084651361,14.930897775401537,52,201,0.0,0.0
sample_02218.jpg,123.79407712162083,19.64347557609202,20,209,0.0,0.0
sample_02219.jpg,169.354188903336,14.049324052869915,53,247,0.0,0.0
sample_02220.jpg,176.0321566496536,20.782256506360373,73,209,0.0,0.0
sample_02221.jpg,139.96308874614294,19.1031958715561,6,230,0.0,0.0
sample_02222.jpg,84.94129519299811,19.282775894926374,8,141,0.0,0.0
sample_02223.jpg,99.87810747346154,13.14076122315201,50,154,0.0,0.0
sample_02224.jpg,140.89959052184207,17.001472254726437,6,214,0.0,0.0
sample_02225.jpg,92.3159774107784,55.13970993705666,0,212,0.2215645558811543,0.0
sample_02226.jpg,107.37433289992043,22.031196177524812,32,192,0.0,0.0
sample_02227.jpg,183.82487531293057,14.616237995550623,129,212,0.0,0.0
sample_02228.jpg,153.71520891148674,16.179916707060137,66,254,0.0,0.0
sample_02229.jpg,143.38415261309166,21.95533755589528,66,194,0.0,0.0
sample_02230.jpg,175.89126511284908,16.805283294062917,103,225,0.0,0.0
sample_02231.jpg,136.43579343670555,14.84625930561976,68,196,0.0,0.0
sample_02232.jpg,90.38686952977935,13.969187832387998,39,170,0.0,0.0
sample_02233.jpg,95.60950144578781,15.577522561246813,13,152,0.0,0.0
sample_02234.jpg,128.30124784102156,18.95636162093206,0,178,1.9406547769217335e-05,0.0
sample_02235.jpg,148.96239011042326,19.10316200069633,62,239,0.0,0.0
sample_02236.jpg,100.5348056434241,16.803367429806702,38,208,0.0,0.0
sample_02237.jpg,65.50266840031827,19.832002157010933,25,172,0.0,0.0
sample_02238.jpg,141.85349997089017,19.01641803212837,40,230,0.0,0.0
sample_02239.jpg,117.45584040055114,20.195465182232102,14,185,0.0,0.0
sample_02240.jpg,86.80389683479206,29.995536607528898,0,151,0.057055250441498964,0.0
sample_02241.jpg,171.05660889984281,20.94636336480182,0,251,0.00019406547769217333,0.0
sample_02242.jpg,106.51312852956588,63.52250044519861,0,232,0.2257175571037668,0.0
sample_02243.jpg,127.66383977954162,16.868355696690028,64,195,0.0,0.0
sample_02244.jpg,195.90995361835084,18.81261540394233,130,240,0.0,0.0
sample_02245.jpg,150.8313570998855,20.60010647817592,11,253,0.0,0.0
sample_02246.jpg,57.142696345747055,44.41634183267288,0,232,0.2911952492771061,0.0
sample_02247.jpg,137.4283219158144,23.723996902139245,0,254,0.00048516369423043333,0.0
sample_02248.jpg,103.35352908071184,57.83194086594502,0,191,0.21155077723223817,0.0
sample_02249.jpg,137.57759708125522,19.729226237982974,20,243,0.0,0.0
sample_02250.jpg,105.8787672960857,17.271022535901903,12,218,0.0,0.0
sample_02251.jpg,164.06293543441558,17.817649322578188,71,220,0.0,0.0
sample_02252.jpg,103.84129325234333,66.8924978037116,0,208,0.26577267169943136,0.0
sample_02253.jpg,152.52428729453317,24.76313211904933,72,220,0.0,0.0
sample_02254.jpg,135.53397116187003,19.902117782128794,25,220,0.0,0.0
sample_02255.jpg,165.65413650565702,12.876241303676217,48,218,0.0,0.0
sample_02256.jpg,129.47218071377281,80.33360723011052,0,238,0.24902482097459683,0.0
sample_02257.jpg,130.03570804789535,15.847290255978017,18,166,0.0,0.0
sample_02258.jpg,100.63160550369695,59.30196231268965,0,250,0.21593665702808126,0.0
sample_02259.jpg,162.7976285198626,10.498289700461216,125,203,0.0,0.0
sample_02260.jpg,159.52488889751402,11.309819499725027,113,202,0.0,0.0
sample_02261.jpg,136.9921209416057,18.03825536741719,25,234,0.0,0.0
sample_02262.jpg,160.13279900638474,17.83153272938462,22,223,0.0,0.0
sample_02263.jpg,171.40041530012226,13.402694915513178,109,234,0.0,0.0
sample_02264.jpg,163.21688757786876,17.433760307398284,67,253,0.0,0.0
sample_02265.jpg,157.30301383686856,15.407027033755902,54,228,0.0,0.0
sample_02266.jpg,108.76455976246386,15.47120234567964,49,220,0.0,0.0
sample_02267.jpg,76.41531952880902,50.53954706787701,0,236,0.261988394884434,0.0
sample_02268.jpg,157.9662714199771,19.185897186514865,98,206,0.0,0.0
sample_02269.jpg,168.38855789943526,61.701313699800515,0,255,0.0841856042228648,1.9406547769217335e-05
sample_02270.jpg,115.98955927730016,51.64434712132796,0,255,0.13708785344175126,1.9406547769217335e-05
sample_02271.jpg,143.53073026839255,19.285174127618504,48,249,0.0,0.0
sample_02272.jpg,127.67195171650916,13.89130802280355,95,228,0.0,0.0
sample_02273.jpg,134.97360709503386,22.920714627381322,72,198,0.0,0.0
sample_02274.jpg,153.0031632672864,23.852459615219043,0,228,0.000931514292922432,0.0
sample_02275.jpg,125.6571057074657,15.489410518243316,8,198,0.0,0.0
sample_02276.jpg,75.58675697180229,15.667693296292192,12,150,0.0,0.0
sample_02277.jpg,113.66519823788546,25.166870745181242,43,255,0.0,0.00040753750315356403
sample_02278.jpg,154.94129519299813,14.399733142643308,1,229,0.0,0.0
sample_02279.jpg,90.66849735100622,50.83917899588432,0,189,0.20994003376739312,0.0
sample_02280.jpg,87.29965650410449,15.318914382003664,0,206,0.0010091404839993013,0.0
sample_02281.jpg,208.43167924857846,19.61365858263742,145,255,0.0,1.9406547769217335e-05
sample_02282.jpg,94.14715985173397,55.86913690852592,0,184,0.22798812319276524,0.0
sample_02283.jpg,119.37301325467213,13.572983418129933,64,191,0.0,0.0
sample_02284.jpg,145.77106095596653,17.416857777857405,4,255,0.0,1.9406547769217335e-05
sample_02285.jpg,129.89697063789322,19.41191415119945,1,196,0.0,0.0
sample_02286.jpg,119.08622329173863,20.081750825473325,42,205,0.0,0.0
sample_02287.jpg,117.2328203535873,19.006830313347454,38,170,0.0,0.0
sample_02288.jpg,88.28290865337965,19.290409247835086,36,159,0.0,0.0
sample_02289.jpg,117.05121387956297,14.290352258907758,74,166,0.0,0.0
sample_02290.jpg,158.85522715364164,13.704444359195383,79,209,0.0,0.0
sample_02291.jpg,98.01030487686545,49.764767842139925,0,230,0.14003764870267227,0.0
sample_02292.jpg,106.08855207747094,16.710695815337576,0,182,0.00040753750315356403,0.0
sample_02293.jpg,51.635079275747636,26.251568914541103,0,159,0.12697704205398902,0.0
sample_02294.jpg,140.07232820353587,17.105775901428203,0,216,1.9406547769217335e-05,0.0
sample_02295.jpg,179.83366647907005,14.681922144136863,79,233,0.0,0.0
sample_02296.jpg,136.86978206446855,17.25128594532325,19,229,0.0,0.0
sample_02297.jpg,94.26367676454035,43.70060537658091,0,162,0.15187564284189486,0.0
sample_02298.jpg,110.71396689242951,17.152790726188943,0,222,0.00021347202546139068,0.0
sample_02299.jpg,189.3923809893458,14.723811057561527,93,227,0.0,0.0
sample_02300.jpg,95.4261095693687,51.591497026098786,0,225,0.1922218556540977,0.0
sample_02301.jpg,48.8468047119098,20.70777497154333,0,175,0.04523666285004561,0.0
sample_02302.jpg,91.32758252634439,15.958922073689864,8,167,0.0,0.0
sample_02303.jpg,64.11977721283161,19.993011808220974,2,174,0.0,0.0
sample_02304.jpg,110.85905024355218,25.68708047631169,0,185,0.028585844864057134,0.0
sample_02305.jpg,98.48580411030682,16.832016233151254,0,223,1.9406547769217335e-05,0.0
sample_02306.jpg,155.87929127287546,20.588000598155492,23,240,0.0,0.0
sample_02307.jpg,140.6018746725145,17.936528658403738,67,212,0.0,0.0
sample_02308.jpg,143.5991577558268,13.446388512782534,42,254,0.0,0.0
sample_02309.jpg,191.90040559684837,16.862712757930257,132,252,0.0,0.0
sample_02310.jpg,106.78115236080653,22.329884615075024,28,184,0.0,0.0
sample_02311.jpg,125.21682935822547,75.17054533795358,0,242,0.23850647208368103,0.0
sample_02312.jpg,88.87042248054493,23.391140382756085,0,255,0.00042694405092278136,0.000232878573230608
sample_02313.jpg,72.29336878262725,16.27362274070333,34,197,0.0,0.0
sample_02314.jpg,125.40887655494964,18.457041790609438,0,252,0.00013584583438452133,0.0
sample_02315.jpg,55.16726503522288,22.833112628065507,0,242,1.9406547769217335e-05,0.0
sample_02316.jpg,106.57359933241476,58.099126103309736,0,233,0.19274583244386656,0.0
sample_02317.jpg,138.439286615304,15.648211026776428,8,253,0.0,0.0
sample_02318.jpg,197.74806419686,15.765951378607882,126,251,0.0,0.0
sample_02319.jpg,121.42356731161094,16.296511930754253,43,185,0.0,0.0
sample_02320.jpg,123.6082400201828,21.607398513051113,54,242,0.0,0.0
sample_02321.jpg,188.50313415746473,12.2460524534041,135,231,0.0,0.0
sample_02322.jpg,33.338547225834,24.49726027343565,0,153,0.23427584466999166,0.0
sample_02323.jpg,99.40128859477187,20.808616212831566,0,203,0.002173533350152341,0.0
sample_02324.jpg,90.47844902870229,12.924798062986369,17,163,0.0,0.0
sample_02325.jpg,119.6149934988065,13.021255078421694,44,179,0.0,0.0
sample_02326.jpg,122.61359622736711,59.010607901236135,0,240,0.15577635894350753,0.0
sample_02327.jpg,133.7136563876652,16.883983909348185,32,216,0.0,0.0
sample_02328.jpg,113.71542238351219,81.84198625069567,0,254,0.2983562654039473,0.0
sample_02329.jpg,88.84133206543888,14.217092874494263,23,222,0.0,0.0
sample_02330.jpg,129.1614042577966,40.40878674259856,0,245,0.051427351588425936,0.0
sample_02331.jpg,116.55298957868385,11.034349381300823,94,189,0.0,0.0
sample_02332.jpg,185.70472937569136,19.66550635754617,91,253,0.0,0.0
sample_02333.jpg,164.4434396165266,13.317454873055862,108,205,0.0,0.0
sample_02334.jpg,109.96326340507287,58.54416742623139,0,196,0.19418191697878864,0.0
sample_02335.jpg,116.09889576743193,86.61427079235726,0,243,0.3367812299869976,0.0
sample_02336.jpg,73.38939238098935,49.63251784513891,0,163,0.2749713753420404,0.0
sample_02337.jpg,99.50994585573173,18.83174079129565,0,255,3.881309553843467e-05,1.9406547769217335e-05
sample_02338.jpg,184.31009722680432,16.819383234766047,52,253,0.0,0.0
sample_02339.jpg,188.27520425391526,23.546185997958595,110,228,0.0,0.0
sample_02340.jpg,114.77049816608124,21.38601231780404,26,201,0.0,0.0
sample_02341.jpg,126.44813600108677,13.825562650582844,82,181,0.0,0.0
sample_02342.jpg,114.84443711308195,15.817898818479687,8,198,0.0,0.0
sample_02343.jpg,138.23662403695008,17.713045511005753,57,199,0.0,0.0
sample_02344.jpg,112.35005530866114,68.93746214292587,0,251,0.1120728133672301,0.0
sample_02345.jpg,95.40619845135748,20.489806950498295,0,193,7.762619107686934e-05,0.0
sample_02346.jpg,71.06864095945973,16.623335156612026,10,175,0.0,0.0
sample_02347.jpg,59.79225290613053,12.948701378232544,11,168,0.0,0.0
sample_02348.jpg,141.7539443808341,30.617931476456757,0,240,0.0006016029808457373,0.0
sample_02349.jpg,142.3195676221157,16.247788170292115,66,242,0.0,0.0
sample_02350.jpg,45.22556230472161,16.350993553504143,3,167,0.0,0.0
sample_02351.jpg,150.72768732170235,16.68750314260556,37,217,0.0,0.0
sample_02352.jpg,99.24343573521706,16.507676204594773,28,160,0.0,0.0
sample_02353.jpg,114.02095907159075,59.53971359918105,0,249,0.177337033515108,0.0
sample_02354.jpg,127.3241087542937,20.268348602866503,0,245,0.0006210095286149547,0.0
sample_02355.jpg,134.93983970191542,22.63408751035952,18,226,0.0,0.0
sample_02356.jpg,132.67691979273806,12.767811368279688,38,204,0.0,0.0
sample_02357.jpg,127.84785266548934,17.29709368418328,37,180,0.0,0.0
sample_02358.jpg,88.52894486599779,15.605514738535854,8,170,0.0,0.0
sample_02359.jpg,112.59618855401813,16.054863758450054,40,177,0.0,0.0
sample_02360.jpg,129.35709988550136,14.860893795226444,75,188,0.0,0.0
sample_02361.jpg,152.700556967921,72.56116175442988,0,239,0.15346697975897067,0.0
sample_02362.jpg,154.20435094800985,14.627812961620782,33,221,0.0,0.0
sample_02363.jpg,109.98585262667623,17.32778193402677,6,185,0.0,0.0
sample_02364.jpg,95.83799413922257,17.445113899682443,0,159,0.0006792291719226067,0.0
sample_02365.jpg,62.02648993770498,16.9965429092398,0,211,3.881309553843467e-05,0.0
sample_02366.jpg,103.51739797007511,15.089337647202797,7,162,0.0,0.0
sample_02367.jpg,35.901589396262295,17.06858421130383,0,158,0.001339051796075996,0.0
sample_02368.jpg,100.60909390828465,62.70162563612068,0,179,0.25385705136913195,0.0
sample_02369.jpg,119.24764695608299,24.184428540094355,0,255,0.0010673601273069534,3.881309553843467e-05
sample_02370.jpg,68.94341050670496,13.503641280615394,33,116,0.0,0.0
sample_02371.jpg,102.4728987560403,15.409892122774675,38,199,0.0,0.0
sample_02372.jpg,89.98383434570825,24.70811874400165,10,176,0.0,0.0
sample_02373.jpg,87.37553610588212,19.08591820901001,52,142,0.0,0.0
sample_02374.jpg,133.65235110326225,15.538220066162776,66,224,0.0,0.0
sample_02375.jpg,135.00727745541346,18.980192581583893,0,236,1.9406547769217335e-05,0.0
sample_02376.jpg,179.56403190436453,15.902480235985616,97,221,0.0,0.0
sample_02377.jpg,112.97853635816725,16.84636808416588,46,171,0.0,0.0
sample_02378.jpg,117.7772710512527,19.44495225435983,1,227,0.0,0.0
sample_02379.jpg,136.2756894176095,12.165041348804953,75,168,0.0,0.0
sample_02380.jpg,115.18199460497972,14.438438226155105,39,192,0.0,0.0
sample_02381.jpg,140.74591007005765,13.904732235437548,81,210,0.0,0.0
sample_02382.jpg,90.9590909973025,41.76242117859466,0,192,0.13169283316190883,0.0
sample_02383.jpg,134.37122785227737,17.8051078895001,93,255,0.0,1.9406547769217335e-05
sample_02384.jpg,83.84336975295464,21.120233235496116,0,211,0.00031050476430747735,0.0
sample_02385.jpg,133.46142948630867,24.864574724513965,0,255,1.9406547769217335e-05,0.00031050476430747735
sample_02386.jpg,120.29193269809234,15.678356203265711,65,183,0.0,0.0
sample_02387.jpg,131.5175920355528,18.202416244208855,0,235,3.881309553843467e-05,0.0
sample_02388.jpg,135.39335131673425,20.894067473411667,0,252,0.0014360845349220828,0.0
sample_02389.jpg,125.16722622212734,12.095528548057557,49,159,0.0,0.0
sample_02390.jpg,163.23557608337052,19.114239124779633,76,249,0.0,0.0
sample_02391.jpg,96.96960934619341,55.112989430051265,0,210,0.20407925634108948,0.0
sample_02392.jpg,126.9104193754973,22.83959121552698,0,249,5.8219643307652e-05,0.0
sample_02393.jpg,77.32554483882862,14.197652177597032,20,178,0.0,0.0
sample_02394.jpg,83.7413301247841,19.847696395504947,0,189,3.881309553843467e-05,0.0
sample_02395.jpg,171.12486172834716,51.40193265187372,0,234,0.058219643307652,0.0
sample_02396.jpg,143.50759766345166,73.98809617751385,0,247,0.1828290865337965,0.0
sample_02397.jpg,128.74484270993034,13.708306304679118,81,187,0.0,0.0
sample_02398.jpg,57.82198373731297,30.472425722145104,0,182,0.04857458906635099,0.0
sample_02399.jpg,196.95369597702265,20.132455255046853,32,246,0.0,0.0
sample_02400.jpg,131.63880533291933,16.744645475665724,0,191,1.9406547769217335e-05,0.0
sample_02401.jpg,129.22798812319277,17.25466117910204,39,220,0.0,0.0
sample_02402.jpg,124.99757418152885,13.16808449829368,61,160,0.0,0.0
sample_02403.jpg,145.65140018242155,76.03268803697922,0,243,0.19084399076248326,0.0
sample_02404.jpg,70.36998583322013,47.99645882535406,0,157,0.2738263890236566,0.0
sample_02405.jpg,108.30530380950533,20.14330606481481,0,209,0.000174658929922956,0.0
sample_02406.jpg,61.24071881852937,47.947042282353785,0,224,0.19986803547516932,0.0
sample_02407.jpg,101.66601331289176,18.40415498381444,0,217,3.881309553843467e-05,0.0
sample_02408.jpg,77.44388596712531,23.101478675441268,0,179,0.023928273399444974,0.0
sample_02409.jpg,91.37396417551282,61.58448816231758,0,236,0.2772419414310388,0.0
sample_02410.jpg,109.87238254186963,13.786165216154227,36,177,0.0,0.0
sample_02411.jpg,95.47542160725028,15.56856684671924,14,165,0.0,0.0
sample_02412.jpg,139.10454307283277,19.85618392013191,18,227,0.0,0.0
sample_02413.jpg,89.03910419375497,42.429561146518324,0,219,0.12627840633429718,0.0
sample_02414.jpg,131.01016903103107,25.27338947042815,49,181,0.0,0.0
sample_02415.jpg,29.270876593762736,12.65862469094647,0,95,0.0007180422674610414,0.0
sample_02416.jpg,168.81154301461314,16.6125718831043,41,232,0.0,0.0
sample_02417.jpg,116.80849618661337,20.342503943134062,12,197,0.0,0.0
sample_02418.jpg,125.46111898154437,19.192778694594196,9,209,0.0,0.0
sample_02419.jpg,107.65615478662501,22.427322618434548,10,210,0.0,0.0
sample_02420.jpg,181.1345261891362,24.320172142673886,0,255,0.00021347202546139068,0.0007374488152302587
sample_02421.jpg,159.77672766791517,60.54494362668411,0,227,0.09992431446370005,0.0
sample_02422.jpg,96.47588736439674,16.05186380759848,50,165,0.0,0.0
sample_02423.jpg,16.53237982495294,17.93736648738025,0,65,0.47037590483028974,0.0
sample_02424.jpg,149.18859283122126,10.013154086828104,98,204,0.0,0.0
sample_02425.jpg,59.263754390731435,15.53790288839699,8,179,0.0,0.0
sample_02426.jpg,114.5123522676551,14.510058563841977,43,187,0.0,0.0
sample_02427.jpg,86.6337208174038,17.203907654998417,0,228,0.000174658929922956,0.0
sample_02428.jpg,135.61767160239864,16.542925842560397,40,166,0.0,0.0
sample_02429.jpg,156.7310058413709,26.161223284786818,32,224,0.0,0.0
sample_02430.jpg,89.460478565468,17.36005793236024,32,179,0.0,0.0
sample_02431.jpg,108.17634729957888,51.75141562165696,0,189,0.15899784587319762,0.0
sample_02432.jpg,79.59042480933067,40.83090234637628,0,179,0.1706223679869588,0.0
sample_02433.jpg,116.77781443459023,20.234579404590484,4,219,0.0,0.0
sample_02434.jpg,107.11331483242446,12.159165978434023,52,162,0.0,0.0
sample_02435.jpg,115.22076888742262,36.88412761632835,0,180,0.0592287837916513,0.0
sample_02436.jpg,116.79376661685653,13.404514967678043,31,158,0.0,0.0
sample_02437.jpg,110.27883327834812,21.08787415287428,7,180,0.0,0.0
sample_02438.jpg,126.72196239011042,17.571311446583174,0,247,1.9406547769217335e-05,0.0
sample_02439.jpg,110.84113799996119,18.00187023888915,29,181,0.0,0.0
sample_02440.jpg,115.88536552232723,21.49573085961327,50,185,0.0,0.0
sample_02441.jpg,64.1521861476062,35.362105953257455,0,164,0.13241087542936986,0.0
sample_02442.jpg,120.57070775679715,19.771002961384937,57,225,0.0,0.0
sample_02443.jpg,82.49979623124842,17.5244817003275,4,172,0.0,0.0
sample_02444.jpg,148.56698169962544,14.076971754685548,94,214,0.0,0.0
sample_02445.jpg,140.8894991170021,19.157500254119135,32,214,0.0,0.0
sample_02446.jpg,52.75953346659163,14.045576514599972,1,102,0.0,0.0
sample_02447.jpg,152.08362281433756,21.22086500303173,52,255,0.0,0.000116439286615304
sample_02448.jpg,109.9099730248986,18.98294950129108,1,228,0.0,0.0
sample_02449.jpg,128.27567001106172,28.921642961152365,15,251,0.0,0.0
sample_02450.jpg,101.21820722311708,16.974866767300764,30,246,0.0,0.0
sample_02451.jpg,99.70036290244329,18.455955208563875,0,251,0.000465757146461216,0.0
sample_02452.jpg,174.13714607308506,17.70934303606745,79,235,0.0,0.0
sample_02453.jpg,126.9287585631392,15.510178974499906,0,248,0.000116439286615304,0.0
sample_02454.jpg,135.47204486793845,20.917544647015667,78,185,0.0,0.0
sample_02455.jpg,110.5557259019193,17.228023509942304,35,175,0.0,0.0
sample_02456.jpg,161.3047604261678,10.38465508305575,96,226,0.0,0.0
sample_02457.jpg,62.850084418482794,52.19973391066778,0,170,0.3588270682528285,0.0
sample_02458.jpg,108.5779852122106,39.0785109910526,0,169,0.08548584292340236,0.0
sample_02459.jpg,144.12455122358284,14.435780297725122,45,220,0.0,0.0
sample_02460.jpg,58.45003784276815,46.514372265683534,0,191,0.14648062256205244,0.0
sample_02461.jpg,100.82836849152905,20.66725526192811,13,153,0.0,0.0
sample_02462.jpg,91.17182557394865,34.410953144234085,0,171,0.09398591084631955,0.0
sample_02463.jpg,102.9614197830348,16.42283972124985,21,206,0.0,0.0
sample_02464.jpg,117.82312872363136,18.946727370317113,24,195,0.0,0.0
sample_02465.jpg,161.77141027382638,20.761257130074185,0,255,1.9406547769217335e-05,9.703273884608666e-05
sample_02466.jpg,126.28442236410565,14.466723925742835,41,191,0.0,0.0
sample_02467.jpg,129.74932562246502,13.68090526100551,32,208,0.0,0.0
sample_02468.jpg,72.43792815696015,39.969743382445316,0,164,0.15049777795028044,0.0
sample_02469.jpg,138.5086262104834,27.460818907090523,12,223,0.0,0.0
sample_02470.jpg,96.14285159812921,17.29001511919038,0,185,5.8219643307652e-05,0.0
sample_02471.jpg,189.7825690387937,22.68723489307782,72,232,0.0,0.0
sample_02472.jpg,23.897028857536533,17.281437844930686,0,129,0.20227444739855227,0.0
sample_02473.jpg,122.40520871742126,22.123102945666997,0,199,0.000465757146461216,0.0
sample_02474.jpg,35.60340778978827,20.545106568245465,6,120,0.0,0.0
sample_02475.jpg,130.97964253139008,15.855420321397766,9,239,0.0,0.0
sample_02476.jpg,164.987638029071,18.86369492721974,99,238,0.0,0.0
sample_02477.jpg,193.51473927303073,17.349153615078247,110,238,0.0,0.0
sample_02478.jpg,130.82483649983504,18.680112223452305,0,237,0.0005627898853073027,0.0
sample_02479.jpg,16.248287372159368,17.11442088381298,0,101,0.34031322168099515,0.0
sample_02480.jpg,191.97405344563256,16.955498080665112,109,245,0.0,0.0
sample_02481.jpg,143.5055405693881,15.876499598445983,53,200,0.0,0.0
sample_02482.jpg,128.0861844786431,15.086372616453357,55,188,0.0,0.0
sample_02483.jpg,87.342079217528,56.695427530233246,0,210,0.2631139746550486,0.0
sample_02484.jpg,99.76027091540686,17.043333602781978,5,170,0.0,0.0
sample_02485.jpg,116.06710784218595,43.636865334770164,0,238,0.0872130256748627,0.0
sample_02486.jpg,128.95978963302218,11.938224136080299,34,204,0.0,0.0
sample_02487.jpg,123.16225814589842,21.190949582017,55,230,0.0,0.0
sample_02488.jpg,127.27559238487065,20.573952791749054,19,249,0.0,0.0
sample_02489.jpg,52.572240874070914,29.21751074511477,0,129,0.0035513982417667723,0.0
sample_02490.jpg,108.74540549981563,45.1935637841209,0,206,0.10914242465407828,0.0
sample_02491.jpg,136.56232412816084,17.111873142655,6,239,0.0,0.0
sample_02492.jpg,159.69308544702983,17.799690793412804,83,242,0.0,0.0
sample_02493.jpg,148.42773971938132,31.529265322428795,37,232,0.0,0.0
sample_02494.jpg,151.00110617322284,15.254352728428321,76,221,0.0,0.0
sample_02495.jpg,41.63892177220594,28.913814861320656,0,221,0.21380193677346737,0.0
sample_02496.jpg,130.75448776417164,11.541533291462457,79,189,0.0,0.0
sample_02497.jpg,134.61491587261543,18.035625234362413,11,230,0.0,0.0
sample_02498.jpg,109.96974519202779,25.153418071103445,0,249,0.0031050476430747732,0.0
sample_02499.jpg,92.26814027052727,52.06782421736914,0,229,0.19136796755225213,0.0
sample_02500.jpg,142.62479380542996,67.06880675598403,0,224,0.14863474936443555,0.0
sample_02501.jpg,126.1587455607522,17.20019073671227,0,203,1.9406547769217335e-05,0.0
sample_02502.jpg,104.15387451726212,16.33143028244023,1,185,0.0,0.0
sample_02503.jpg,123.41679442643948,65.4410334396927,0,214,0.18729259252071648,0.0
sample_02504.jpg,93.64759649905878,45.339001102314796,0,178,0.1623163655417338,0.0
sample_02505.jpg,124.19268761280055,26.666168651277715,0,254,1.9406547769217335e-05,0.0
sample_02506.jpg,103.25562304721613,57.14935695383797,0,229,0.19080517766694483,0.0
sample_02507.jpg,82.91437831124222,38.27445424405325,0,248,0.13163461351860117,0.0
sample_02508.jpg,151.34644569077608,83.4936519584439,0,255,0.2139377826078519,0.001106173222845388
sample_02509.jpg,153.04284965747442,17.943806548322463,46,223,0.0,0.0
sample_02510.jpg,132.88988724795746,19.657838542490996,5,242,0.0,0.0
sample_02511.jpg,123.34138058180831,13.097192478455176,64,186,0.0,0.0
sample_02512.jpg,98.15851268217897,20.753992317163796,30,232,0.0,0.0
sample_02513.jpg,98.00454113217799,17.432054236985692,29,174,0.0,0.0
sample_02514.jpg,90.66457722835685,67.27122286806,0,200,0.31611325661278117,0.0
sample_02515.jpg,148.32389528226824,20.235579214445345,41,212,0.0,0.0
sample_02516.jpg,128.8771953657164,13.862023540672826,65,168,0.0,0.0
sample_02517.jpg,139.5856702051272,29.05069413031157,35,220,0.0,0.0
sample_02518.jpg,142.16447049234412,14.13474488881252,73,189,0.0,0.0
sample_02519.jpg,120.25343010731821,15.432480420357347,10,242,0.0,0.0
sample_02520.jpg,134.1515651380776,13.951254798608513,72,196,0.0,0.0
sample_02521.jpg,125.40891536804517,50.202183688650486,20,239,0.0,0.0
sample_02522.jpg,112.72838595742203,13.65304811366884,51,164,0.0,0.0
sample_02523.jpg,86.84445651962972,31.145580169614142,0,255,0.031108696074055385,9.703273884608666e-05
sample_02524.jpg,105.75031535640125,16.173808017163946,50,189,0.0,0.0
sample_02525.jpg,124.86071920666032,11.983996215789144,76,167,0.0,0.0
sample_02526.jpg,98.13848512488113,64.08623490184067,0,255,0.270469056259582,5.8219643307652e-05
sample_02527.jpg,91.48262143647267,19.103438102813445,8,223,0.0,0.0
sample_02528.jpg,144.70280812746222,12.825222948683566,100,194,0.0,0.0
sample_02529.jpg,188.64010557161987,15.87008716275098,143,249,0.0,0.0
sample_02530.jpg,137.50833511226688,18.802423035250843,25,221,0.0,0.0
sample_02531.jpg,135.5259174445458,16.999557432057113,57,226,0.0,0.0
sample_02532.jpg,74.9102835296629,14.493212805525824,31,112,0.0,0.0
sample_02533.jpg,107.46554367443575,18.28546809128052,0,205,0.00015525238215373868,0.0
sample_02534.jpg,138.41114712103865,21.9991396719913,27,242,0.0,0.0
sample_02535.jpg,148.2739234217625,15.604347910624368,83,219,0.0,0.0
sample_02536.jpg,135.74540549981563,13.122476968482506,7,193,0.0,0.0
sample_02537.jpg,41.814997380116054,21.339417749073757,4,83,0.0,0.0
sample_02538.jpg,104.2633274466805,52.638325382849274,0,248,0.17335869122241845,0.0
sample_02539.jpg,127.76217275708824,88.15826147720688,0,235,0.29717246599002506,0.0
sample_02540.jpg,194.48786120437035,16.135778324611273,130,238,0.0,0.0
sample_02541.jpg,110.03516466455783,37.05359858989432,0,216,0.06468202371480138,0.0
sample_02542.jpg,126.52160919094102,87.12296880935605,0,246,0.2982592326651012,0.0
sample_02543.jpg,141.50963535096741,20.442191688597497,60,212,0.0,0.0
sample_02544.jpg,185.0687185856508,14.682277909980591,117,250,0.0,0.0
sample_02545.jpg,131.01665081798598,16.030835015185446,66,228,0.0,0.0
sample_02546.jpg,94.65087620563177,51.69392063587113,0,241,0.1771235614896466,0.0
sample_02547.jpg,117.44116905043762,17.7246124797696,19,229,0.0,0.0
sample_02548.jpg,98.10632847522754,17.81023459288097,12,190,0.0,0.0
sample_02549.jpg,145.17134041025443,18.007308442916706,62,228,0.0,0.0
sample_02550.jpg,132.79104970016883,12.80944498132997,0,209,1.9406547769217335e-05,0.0
sample_02551.jpg,136.19501639853286,15.465083368363315,78,203,0.0,0.0
sample_02552.jpg,72.25249859302528,12.238687633521057,23,211,0.0,0.0
sample_02553.jpg,98.76710202022163,57.83513928242579,0,183,0.23270391430068504,0.0
sample_02554.jpg,58.294474955850106,9.375324597504994,28,82,0.0,0.0
sample_02555.jpg,78.19451182829087,12.25242426801094,51,162,0.0,0.0
sample_02556.jpg,137.97382056705933,17.27973087263066,7,229,0.0,0.0
sample_02557.jpg,131.70245880960235,14.218473771121632,74,203,0.0,0.0
sample_02558.jpg,144.7835199596344,15.867019625875194,56,207,0.0,0.0
sample_02559.jpg,123.00314386073862,21.020627573225585,6,199,0.0,0.0
sample_02560.jpg,152.15752294824273,15.52006098585004,88,228,0.0,0.0
sample_02561.jpg,177.49453705680295,17.39751415158979,121,241,0.0,0.0
sample_02562.jpg,71.70253643579343,13.724073048251562,11,168,0.0,0.0
sample_02563.jpg,66.3426420074133,22.206385738305237,3,168,0.0,0.0
sample_02564.jpg,138.80964117293175,18.420609776227234,3,241,0.0,0.0
sample_02565.jpg,99.1876807234761,58.33462942602746,0,214,0.22336936482369152,0.0
sample_02566.jpg,126.24968464359875,28.858441270850328,0,255,0.01979467872460168,5.8219643307652e-05
sample_02567.jpg,131.74299908789226,23.004910402690463,0,255,0.0005045702419996507,0.00015525238215373868
sample_02568.jpg,98.58324438665606,13.651310107079405,57,206,0.0,0.0
sample_02569.jpg,56.83054202487919,33.53146381582815,0,125,0.20625278969124183,0.0
sample_02570.jpg,76.7540026004774,47.48146895144735,0,166,0.23043334821168662,0.0
sample_02571.jpg,89.15177861010305,23.256430764854684,0,171,0.0004463505986919987,0.0
sample_02572.jpg,160.50130994197443,15.0268780269811,47,217,0.0,0.0
sample_02573.jpg,82.05922878379165,40.92807594270309,0,175,0.1472374779250519,0.0
sample_02574.jpg,129.9809621766384,17.28807371425811,61,213,0.0,0.0
sample_02575.jpg,127.57136757942129,13.854442611516896,69,194,0.0,0.0
sample_02576.jpg,119.81926682062527,17.68228590749311,42,198,0.0,0.0
sample_02577.jpg,141.02606299365405,18.61523997731796,40,242,0.0,0.0
sample_02578.jpg,116.61835083157057,13.555468009152229,64,183,0.0,0.0
sample_02579.jpg,149.16643055366882,17.2092299243431,0,228,0.00019406547769217333,0.0
sample_02580.jpg,92.33716936094238,18.940147359636736,25,148,0.0,0.0
sample_02581.jpg,84.83585941896796,16.420690338184635,14,149,0.0,0.0
sample_02582.jpg,152.62188282326457,18.450233688291437,62,239,0.0,0.0
sample_02583.jpg,119.2881096081818,19.182003194037524,17,205,0.0,0.0
sample_02584.jpg,120.38983873158804,18.561424478562135,0,227,1.9406547769217335e-05,0.0
sample_02585.jpg,91.94606920374935,57.085111135700934,0,223,0.2255040850783054,0.0
sample_02586.jpg,138.56403190436453,14.83127628129525,99,190,0.0,0.0
sample_02587.jpg,177.83762541481497,15.11512639613438,112,235,0.0,0.0
sample_02588.jpg,98.25096547575151,18.501174984292373,7,152,0.0,0.0
sample_02589.jpg,146.2861495468571,13.77041335244007,17,191,0.0,0.0
sample_02590.jpg,129.5375807797551,35.15020719736346,0,215,0.047351976556890295,0.0
sample_02591.jpg,173.44964971181275,29.68044849401933,40,236,0.0,0.0
sample_02592.jpg,135.7673154922471,39.08850566920827,0,217,0.05769566651788313,0.0
sample_02593.jpg,115.70467115604805,13.961943104712452,61,182,0.0,0.0
sample_02594.jpg,102.88938267771546,19.614738900420598,28,165,0.0,0.0
sample_02595.jpg,52.057326942110265,30.2937236202518,12,133,0.0,0.0
sample_02596.jpg,137.640260824002,21.501122962104517,5,246,0.0,0.0
sample_02597.jpg,124.12808321527683,17.1220534983481,41,195,0.0,0.0
sample_02598.jpg,135.92198567796774,56.876748096498915,0,247,0.09394709775078111,0.0
sample_02599.jpg,154.29835626540395,24.619006905134984,0,255,1.9406547769217335e-05,0.00038813095538434665
sample_02600.jpg,103.80463428360729,14.92009434500639,25,172,0.0,0.0
sample_02601.jpg,143.88975140212307,16.741699828345215,51,220,0.0,0.0
sample_02602.jpg,97.9261192726426,15.868996951806896,0,202,7.762619107686934e-05,0.0
sample_02603.jpg,114.94207145490888,18.234957991064274,0,227,0.0007374488152302587,0.0
sample_02604.jpg,123.72467930679811,58.88119916078209,0,196,0.15826039705796735,0.0
sample_02605.jpg,58.31112577383609,16.854007251505834,0,154,0.0003299113120766947,0.0
sample_02606.jpg,78.23456694288653,12.500524384476263,42,132,0.0,0.0
sample_02607.jpg,96.73958353548487,47.452362703492184,0,215,0.12262997535368433,0.0
sample_02608.jpg,126.44933920704845,16.250337633103328,66,210,0.0,0.0
sample_02609.jpg,124.12035940926468,35.32359331462834,17,206,0.0,0.0
sample_02610.jpg,128.28341322362164,17.558356764792382,0,252,1.9406547769217335e-05,0.0
sample_02611.jpg,131.7815016786664,18.009816458218083,87,219,0.0,0.0
sample_02612.jpg,156.19986803547516,20.43605476593309,63,210,0.0,0.0
sample_02613.jpg,170.74792835102565,13.395125464030617,107,251,0.0,0.0
sample_02614.jpg,138.12037881581244,17.066290967171156,48,211,0.0,0.0
sample_02615.jpg,148.71691668769043,17.259612619890653,14,228,0.0,0.0
sample_02616.jpg,144.7661705059287,14.830509887694415,66,255,0.0,5.8219643307652e-05
sample_02617.jpg,116.4017737584661,57.72272114341594,0,255,0.16800248403811446,3.881309553843467e-05
sample_02618.jpg,191.20530186885054,19.64447196553625,107,252,0.0,0.0
sample_02619.jpg,170.24021424828737,15.812381603739393,68,238,0.0,0.0
sample_02620.jpg,136.09792544004347,14.697590656702419,64,206,0.0,0.0
sample_02621.jpg,117.37790370470996,19.336787542526043,45,202,0.0,0.0
sample_02622.jpg,65.72638708300181,15.010901439128792,2,162,0.0,0.0
sample_02623.jpg,69.40922587280949,16.621667657144275,11,255,0.0,1.9406547769217335e-05
sample_02624.jpg,132.18451745618972,26.735465279095106,0,254,5.8219643307652e-05,0.0
sample_02625.jpg,15.7882357507423,15.169675791037696,0,90,0.279667759902191,0.0
sample_02626.jpg,98.40522812396902,15.82325837707121,56,177,0.0,0.0
sample_02627.jpg,132.8223912748161,18.6551401654738,22,229,0.0,0.0
sample_02628.jpg,115.37179064216267,52.82887549315806,0,255,0.1291117623086029,0.000640416076384172
sample_02629.jpg,76.21966271419977,49.977034574858685,0,239,0.2643559937122785,0.0
sample_02630.jpg,90.32430281977139,32.35604446188268,0,168,0.06551650526887771,0.0
sample_02631.jpg,44.06219798560034,27.552383567915818,0,210,0.20536008849385784,0.0
sample_02632.jpg,85.53399056841778,67.58346791680528,0,201,0.36235905994682605,0.0
sample_02633.jpg,128.23967086494983,47.18663692733748,18,211,0.0,0.0
sample_02634.jpg,71.58537910691066,15.987604496536704,25,132,0.0,0.0
sample_02635.jpg,110.79502804246152,15.888479197216514,56,163,0.0,0.0
sample_02636.jpg,113.97108424382387,16.741072841152,56,189,0.0,0.0
sample_02637.jpg,124.58256515748414,18.45001186167656,14,217,0.0,0.0
sample_02638.jpg,204.87434260319432,15.29413363210706,51,243,0.0,0.0
sample_02639.jpg,137.6754448951076,12.318680576162771,91,206,0.0,0.0
sample_02640.jpg,117.11657513244968,14.358900065277279,52,184,0.0,0.0
sample_02641.jpg,92.46624231015545,14.93502362858923,10,175,0.0,0.0
sample_02642.jpg,167.57850918900036,16.857346476798032,96,220,0.0,0.0
sample_02643.jpg,85.20347765336024,17.74750265223616,13,166,0.0,0.0
sample_02644.jpg,120.99076248326185,16.18281419845353,65,185,0.0,0.0
sample_02645.jpg,160.42137437171303,17.345383924868223,89,242,0.0,0.0
sample_02646.jpg,146.51481689922178,15.783024508212003,49,206,0.0,0.0
sample_02647.jpg,60.28768266413088,18.31448691778906,4,199,0.0,0.0
sample_02648.jpg,112.9533466591628,41.2321599447346,0,217,0.08379747326748045,0.0
sample_02649.jpg,158.39622348580411,27.218174704320337,0,201,0.015195326903297172,0.0
sample_02650.jpg,98.03640668361506,14.053916868434396,31,144,0.0,0.0
sample_02651.jpg,83.12719051407944,15.464218187709672,49,214,0.0,0.0
sample_02652.jpg,66.97143356168371,18.28359524905015,7,173,0.0,0.0
sample_02653.jpg,151.31980050068893,15.442035537991183,21,224,0.0,0.0
sample_02654.jpg,168.97007510333987,20.64074615013258,6,243,0.0,0.0
sample_02655.jpg,108.23672106968891,48.84729420615066,0,238,0.1396107046517495,0.0
sample_02656.jpg,116.13029556172252,30.519648668881928,28,185,0.0,0.0
sample_02657.jpg,117.41190397640163,53.41846230185454,0,217,0.13957189155621105,0.0
sample_02658.jpg,157.54998156377962,19.687744406924214,42,241,0.0,0.0
sample_02659.jpg,80.6355450328941,18.695840893685318,4,133,0.0,0.0
sample_02660.jpg,157.78827456383783,17.53921485761673,74,224,0.0,0.0
sample_02661.jpg,122.72281627821226,67.82730501367676,0,255,0.21141493139785364,7.762619107686934e-05
sample_02662.jpg,147.80694366279184,20.399089030389565,0,224,0.0005045702419996507,0.0
sample_02663.jpg,100.79564905199014,66.68030444678709,0,240,0.2730695336606571,0.0
sample_02664.jpg,73.21168662306663,14.695597428954514,17,116,0.0,0.0
sample_02665.jpg,65.0776650041724,18.314720984182898,0,175,0.00021347202546139068,0.0
sample_02666.jpg,161.99070426361854,21.24333062835235,45,214,0.0,0.0
sample_02667.jpg,124.782122688195,21.270787637301527,83,181,0.0,0.0
sample_02668.jpg,28.242523627471908,13.948535013715508,3,149,0.0,0.0
sample_02669.jpg,86.51856236294125,15.954583954240274,0,207,1.9406547769217335e-05,0.0
sample_02670.jpg,107.71288012575442,18.99899597136182,21,187,0.0,0.0
sample_02671.jpg,100.08736827805701,18.30471203382013,0,216,1.9406547769217335e-05,0.0
sample_02672.jpg,109.40004657571464,17.37380229507978,17,221,0.0,0.0
sample_02673.jpg,87.62780182033418,42.999552656688785,0,203,0.12724873372275805,0.0
sample_02674.jpg,65.94725300316327,24.03399666442916,0,246,0.05998563915465078,0.0
sample_02675.jpg,81.42740980806924,16.29390229626862,33,141,0.0,0.0
sample_02676.jpg,163.31945118282908,11.343091826798487,103,205,0.0,0.0
sample_02677.jpg,159.31853907508395,16.613747388661977,99,209,0.0,0.0
sample_02678.jpg,116.81544373071475,14.477349335118733,13,194,0.0,0.0
sample_02679.jpg,44.76993537619593,33.612801765765965,0,133,0.2716528556735042,0.0
sample_02680.jpg,103.58240990510198,15.35284718463787,24,218,0.0,0.0
sample_02681.jpg,124.4912961633255,16.58518660738979,64,187,0.0,0.0
sample_02682.jpg,74.92755535717751,15.815521915319305,15,180,0.0,0.0
sample_02683.jpg,132.55657979002115,13.73217092178508,62,183,0.0,0.0
sample_02684.jpg,87.13481728735275,27.888209433959243,1,217,0.0,0.0
sample_02685.jpg,84.03526169729666,41.459987950033685,0,181,0.1353606706902909,0.0
sample_02686.jpg,172.05090337479865,15.234297693154431,79,223,0.0,0.0
sample_02687.jpg,114.51493333850841,11.782002983455754,72,162,0.0,0.0
sample_02688.jpg,64.53967668691416,15.808003524530685,1,211,0.0,0.0
sample_02689.jpg,87.5211240272468,26.80826037550681,0,233,0.04345126045527761,0.0
sample_02690.jpg,125.98482407964447,15.014018646991184,62,183,0.0,0.0
sample_02691.jpg,17.334762949018998,13.457064160291074,0,65,0.15961885540181256,0.0
sample_02692.jpg,102.48712375555512,45.26103693627011,0,198,0.13196452483067786,0.0
sample_02693.jpg,133.09157949892293,13.496972660553189,71,167,0.0,0.0
sample_02694.jpg,111.12063110093345,16.23691865931098,54,217,0.0,0.0
sample_02695.jpg,119.75477886238816,15.076606689691591,6,195,0.0,0.0
sample_02696.jpg,97.63865008053718,21.36090217922391,15,179,0.0,0.0
sample_02697.jpg,133.16604242271342,13.377176494250191,0,178,0.00015525238215373868,0.0
sample_02698.jpg,77.65336024374623,37.51824549716707,0,255,0.12094160569776242,1.9406547769217335e-05
sample_02699.jpg,126.04127772710513,18.38858507282981,73,185,0.0,0.0
sample_02700.jpg,86.62949018999011,16.46135216011437,27,172,0.0,0.0
sample_02701.jpg,66.0577538861612,12.399165086896694,21,144,0.0,0.0
sample_02702.jpg,128.2421354965165,12.077561412552177,74,190,0.0,0.0
sample_02703.jpg,133.25672922043898,17.71189118832195,6,219,0.0,0.0
sample_02704.jpg,141.6070562207689,17.929317165643543,32,211,0.0,0.0
sample_02705.jpg,75.35805080634206,23.463998345447415,0,213,3.881309553843467e-05,0.0
sample_02706.jpg,160.78328708106116,14.278400183828307,23,228,0.0,0.0
sample_02707.jpg,120.82743697723612,16.568156941574312,22,188,0.0,0.0
sample_02708.jpg,80.30105377554386,17.644253984520375,0,223,0.0003299113120766947,0.0
sample_02709.jpg,123.17681305672534,18.39207948309689,18,206,0.0,0.0
sample_02710.jpg,69.28403423315027,13.565081202488669,0,134,0.000116439286615304,0.0
sample_02711.jpg,43.37547788623882,14.625779716544706,0,105,1.9406547769217335e-05,0.0
sample_02712.jpg,154.34867744376953,20.22846680940725,1,255,0.0,0.00027169166876904265
sample_02713.jpg,133.72673640086165,17.153436749188753,40,202,0.0,0.0
sample_02714.jpg,137.88227988123194,19.136615550347415,2,248,0.0,0.0
sample_02715.jpg,108.93863649595373,15.158840572016924,45,172,0.0,0.0
sample_02716.jpg,131.00430825360476,14.198470274079682,81,220,0.0,0.0
sample_02717.jpg,130.64161928234586,21.382339076175725,1,247,0.0,0.0
sample_02718.jpg,158.8977274932562,21.857230749697393,54,215,0.0,0.0
sample_02719.jpg,128.88668516757554,18.324978451077666,18,191,0.0,0.0
sample_02720.jpg,185.14434590230744,16.00000627994467,68,240,0.0,0.0
sample_02721.jpg,141.0946263269227,17.3247005828911,49,242,0.0,0.0
sample_02722.jpg,118.67874400822838,14.799577618532783,3,190,0.0,0.0
sample_02723.jpg,136.2937763201304,16.51040366604933,25,213,0.0,0.0
sample_02724.jpg,105.83401579692989,18.655899976000004,22,188,0.0,0.0
sample_02725.jpg,57.72287449785558,18.134246939578738,0,151,3.881309553843467e-05,0.0
sample_02726.jpg,58.22901667022453,15.740582120245337,32,179,0.0,0.0
sample_02727.jpg,81.04702206524482,26.579262595691418,0,237,0.03386442585728425,0.0
sample_02728.jpg,57.79275747637253,14.912268331964839,7,182,0.0,0.0
sample_02729.jpg,134.79999611869044,21.124611116475446,58,225,0.0,0.0
sample_02730.jpg,100.70884356381843,18.329140687931133,19,221,0.0,0.0
sample_02731.jpg,121.0223175299346,19.756119617830453,8,227,0.0,0.0
sample_02732.jpg,136.02097847813852,14.54469871242034,91,229,0.0,0.0
sample_02733.jpg,177.23839003279707,12.004164906324732,133,223,0.0,0.0
sample_02734.jpg,135.5625376001863,19.366412743921895,0,242,1.9406547769217335e-05,0.0
sample_02735.jpg,213.02330726387083,23.886466360761485,178,255,0.0,0.001863028585844864
sample_02736.jpg,139.24118457567585,13.517084423468484,63,208,0.0,0.0
sample_02737.jpg,76.40806147994333,16.871132507845747,13,168,0.0,0.0
sample_02738.jpg,83.67173824448369,29.927869859539157,0,153,0.000116439286615304,0.0
sample_02739.jpg,147.85511071435502,19.170262562867677,82,254,0.0,0.0
sample_02740.jpg,126.94335228706166,69.89415785127774,0,219,0.19720933843078656,0.0
sample_02741.jpg,135.8362087368278,22.017519607493906,68,235,0.0,0.0
sample_02742.jpg,117.15183682974636,14.181177160157489,53,187,0.0,0.0
sample_02743.jpg,84.50338644258572,19.291795444732813,31,187,0.0,0.0
sample_02744.jpg,141.77560208814455,14.684189469751967,33,205,0.0,0.0
sample_02745.jpg,77.33363736924838,16.919735165502857,0,211,5.8219643307652e-05,0.0
sample_02746.jpg,71.42411069494848,18.227790671124854,5,159,0.0,0.0
sample_02747.jpg,29.028624657959597,14.251916840421782,0,183,0.00040753750315356403,0.0
sample_02748.jpg,152.19451182829087,16.581893032470642,81,237,0.0,0.0
sample_02749.jpg,127.88804362591938,41.1172391810284,0,247,0.06501193502687806,0.0
sample_02750.jpg,60.028430592481904,19.581363185011263,6,124,0.0,0.0
sample_02751.jpg,86.98319392963185,18.18279440622606,0,184,1.9406547769217335e-05,0.0
sample_02752.jpg,139.56958217702652,20.3099566320068,33,214,0.0,0.0
sample_02753.jpg,114.01476838285238,14.43526616788437,53,177,0.0,0.0
sample_02754.jpg,119.75549690465563,14.30143119215396,31,173,0.0,0.0
sample_02755.jpg,132.2544392478022,16.447644398190782,9,212,0.0,0.0
sample_02756.jpg,153.62923790486911,15.79636885727644,94,246,0.0,0.0
sample_02757.jpg,79.50507481224165,44.80961620389104,0,255,0.08354518814648063,0.004172407770381727
sample_02758.jpg,81.1837800073745,44.179345650933094,0,228,0.1917755050554057,0.0
sample_02759.jpg,122.58893050515243,17.0083631501076,17,204,0.0,0.0
sample_02760.jpg,123.58592249024821,67.32782742023859,0,252,0.10760930738031012,0.0
sample_02761.jpg,128.52265714452056,14.142755728459163,86,201,0.0,0.0
sample_02762.jpg,127.26189136214559,16.627592547915267,24,181,0.0,0.0
sample_02763.jpg,151.58048865687283,14.382022211520013,91,254,0.0,0.0
sample_02764.jpg,140.31543402744086,20.301145874267828,2,245,0.0,0.0
sample_02765.jpg,98.90168642900115,24.909907313714978,1,251,0.0,0.0
sample_02766.jpg,134.39927031380387,18.42455250482051,0,246,3.881309553843467e-05,0.0
sample_02767.jpg,113.73286886995672,12.75497538368706,52,160,0.0,0.0
sample_02768.jpg,118.33152205554154,26.621149970265993,5,189,0.0,0.0
sample_02769.jpg,152.00349317859846,16.71719938297765,67,223,0.0,0.0
sample_02770.jpg,165.62271730481865,9.1624367068659,102,229,0.0,0.0
sample_02771.jpg,185.9816608123581,19.858123799038545,19,237,0.0,0.0
sample_02772.jpg,193.9462244561315,17.033483837960322,93,246,0.0,0.0
sample_02773.jpg,174.90465563080983,19.73838115458369,73,234,0.0,0.0
sample_02774.jpg,112.89912476469561,20.45692209210383,14,235,0.0,0.0
sample_02775.jpg,71.40652836266956,48.45793232707693,0,228,0.2682178967183528,0.0
sample_02776.jpg,180.68943701604923,20.296878197902394,27,227,0.0,0.0
sample_02777.jpg,115.15391333035767,18.61519010154292,23,193,0.0,0.0
sample_02778.jpg,114.60798773506181,14.421670452151025,48,187,0.0,0.0
sample_02779.jpg,123.344602068738,20.649813404291102,0,253,1.9406547769217335e-05,0.0
sample_02780.jpg,75.22303945351162,17.711079752805112,34,179,0.0,0.0
sample_02781.jpg,99.91133148324245,21.237308351030688,2,249,0.0,0.0
sample_02782.jpg,98.94230433348211,21.021559989980275,0,243,0.00019406547769217333,0.0
sample_02783.jpg,134.24809330668168,17.900271844188744,57,209,0.0,0.0
sample_02784.jpg,91.34927904675037,66.75568095071598,0,209,0.3200527858099323,0.0
sample_02785.jpg,129.37547788623883,18.84270242107636,2,225,0.0,0.0
sample_02786.jpg,104.41322362164995,49.56835010617491,0,175,0.15428205476527782,0.0
sample_02787.jpg,186.47674125249858,18.386074822352686,78,228,0.0,0.0
sample_02788.jpg,166.98748277668886,22.47318775506104,52,252,0.0,0.0
sample_02789.jpg,121.5839042092802,20.305967296083054,22,232,0.0,0.0
sample_02790.jpg,174.90219099924315,58.88190250062836,0,255,0.010809447107454054,0.000116439286615304
sample_02791.jpg,95.5041627044965,16.95562915929294,14,209,0.0,0.0
sample_02792.jpg,91.91043878204506,13.186899015057179,29,129,0.0,0.0
sample_02793.jpg,103.68953404878806,22.12190198280189,23,178,0.0,0.0
sample_02794.jpg,141.1586291214656,20.984029900589956,25,232,0.0,0.0
sample_02795.jpg,141.00048516369424,13.902403200957606,71,203,0.0,0.0
sample_02796.jpg,63.72198179665819,44.553848469915096,0,164,0.2776300723864232,0.0
sample_02797.jpg,125.1540103630965,15.460363421218702,58,169,0.0,0.0
sample_02798.jpg,211.58607774263035,18.039113691611163,170,255,0.0,0.0003299113120766947
sample_02799.jpg,110.76176521958509,68.77747084781642,0,255,0.26146441809466514,0.00015525238215373868
sample_02800.jpg,95.03370917347513,26.667017438700757,27,170,0.0,0.0
sample_02801.jpg,142.1424828737216,18.004045751642,63,228,0.0,0.0
sample_02802.jpg,120.42659473306294,72.90478435626147,0,227,0.24430902986667702,0.0
sample_02803.jpg,137.5955675444895,23.277741309227103,0,232,1.9406547769217335e-05,0.0
sample_02804.jpg,202.3860156416775,15.835085178918305,52,247,0.0,0.0
sample_02805.jpg,76.50977119680181,17.82175200855722,14,162,0.0,0.0
sample_02806.jpg,126.60148654155913,16.79291891018627,60,191,0.0,0.0
sample_02807.jpg,156.64718896155563,15.294489251036737,111,223,0.0,0.0
sample_02808.jpg,115.85375225601118,21.0177840586222,13,202,0.0,0.0
sample_02809.jpg,153.0228221001766,21.31867273633235,24,208,0.0,0.0
sample_02810.jpg,127.09699392575055,16.957552960997194,28,183,0.0,0.0
sample_02811.jpg,122.96215723185003,10.940420392208289,73,208,0.0,0.0
sample_02812.jpg,91.22490248209746,60.89147073725007,0,206,0.2788914979914223,0.0
sample_02813.jpg,119.12220303130276,14.611401445910227,59,195,0.0,0.0
sample_02814.jpg,131.95212404665335,15.49571283876657,49,178,0.0,0.0
sample_02815.jpg,55.97024976226979,43.68832151147319,0,163,0.34186574550253257,0.0
sample_02816.jpg,128.40179316501388,20.038149527306956,13,221,0.0,0.0
sample_02817.jpg,128.6814415183683,25.72512887948465,23,255,0.0,0.0007374488152302587
sample_02818.jpg,83.42694405092278,13.123219533821223,39,161,0.0,0.0
sample_02819.jpg,68.67736614333676,19.915178090752875,21,118,0.0,0.0
sample_02820.jpg,120.86285392691494,12.887857594879362,39,175,0.0,0.0
sample_02821.jpg,92.62091249587611,54.389822644022644,0,224,0.20679617302877992,0.0
sample_02822.jpg,131.9673387801044,14.824714760629682,13,211,0.0,0.0
sample_02823.jpg,178.46750373576046,41.091293929761946,41,255,0.0,3.881309553843467e-05
sample_02824.jpg,105.66632381765608,17.43101543480171,22,206,0.0,0.0
sample_02825.jpg,128.54485823516853,18.397768280517386,22,196,0.0,0.0
sample_02826.jpg,129.7125114013468,21.747697673315244,64,253,0.0,0.0
sample_02827.jpg,110.90675153796892,17.09251495364182,34,184,0.0,0.0
sample_02828.jpg,82.04803120572882,19.823911953979962,4,132,0.0,0.0
sample_02829.jpg,122.00960624114576,19.31511160108498,1,192,0.0,0.0
sample_02830.jpg,189.69908207029053,20.68576117654565,0,255,0.0010673601273069534,0.00015525238215373868
sample_02831.jpg,125.6964427797939,35.82535294075428,19,240,0.0,0.0
sample_02832.jpg,131.99769062081546,15.613773367996796,36,199,0.0,0.0
sample_02833.jpg,183.1460730850589,17.035009042448493,91,253,0.0,0.0
sample_02834.jpg,108.46257447262707,23.06013529440871,44,255,0.0,1.9406547769217335e-05
sample_02835.jpg,137.82431252304528,20.41126213601495,0,255,9.703273884608666e-05,3.881309553843467e-05
sample_02836.jpg,129.63523452812979,15.866987644303366,0,235,3.881309553843467e-05,0.0
sample_02837.jpg,191.55964602456868,16.68372782694923,142,251,0.0,0.0
sample_02838.jpg,80.98546449572086,14.070028124161118,37,138,0.0,0.0
sample_02839.jpg,60.26557860622174,36.12140334208214,0,204,0.191445593743329,0.0
sample_02840.jpg,120.86479458169187,14.360901744669036,43,198,0.0,0.0
sample_02841.jpg,152.81569601583575,28.159516790271812,0,231,0.010731820916377185,0.0
sample_02842.jpg,97.84172019639426,17.63467491058561,12,173,0.0,0.0
sample_02843.jpg,94.14626715053659,18.8276622761162,51,136,0.0,0.0
sample_02844.jpg,134.85163694230434,44.38554224287176,0,250,0.0641580469250325,0.0
sample_02845.jpg,52.91713404102544,45.48690187516192,0,246,0.2932911564361816,0.0
sample_02846.jpg,174.38073706068428,20.571268107345837,85,239,0.0,0.0
sample_02847.jpg,117.1941042907877,14.632270210066139,65,217,0.0,0.0
sample_02848.jpg,157.9254206369229,14.26822697687516,79,236,0.0,0.0
sample_02849.jpg,130.21620834869685,16.72457327802448,0,249,0.00038813095538434665,0.0
sample_02850.jpg,145.1872343728774,15.4098601096837,77,202,0.0,0.0
sample_02851.jpg,125.78852684895884,18.5710657750202,0,177,1.9406547769217335e-05,0.0
sample_02852.jpg,148.54153971550002,15.377682488414512,73,213,0.0,0.0
sample_02853.jpg,154.12845193968445,18.499646758965685,71,194,0.0,0.0
sample_02854.jpg,75.61627433095927,31.48813307649928,0,147,0.09505327097362651,0.0
sample_02855.jpg,112.82454540161851,16.63091266319179,0,196,1.9406547769217335e-05,0.0
sample_02856.jpg,129.3623008403035,16.81875395772275,14,189,0.0,0.0
sample_02857.jpg,123.89712589027538,16.894457301228822,0,230,9.703273884608666e-05,0.0
sample_02858.jpg,118.26431718061674,22.518600926447558,0,205,0.018727318597294727,0.0
sample_02859.jpg,88.566263657358,21.764334899277515,0,159,0.015156513807758738,0.0
sample_02860.jpg,84.16417939412757,16.81720069140488,43,139,0.0,0.0
sample_02861.jpg,146.74383356944634,18.14022919411597,28,241,0.0,0.0
sample_02862.jpg,157.73504240330686,12.594897427392993,97,202,0.0,0.0
sample_02863.jpg,86.222670729104,14.742429512497475,36,145,0.0,0.0
sample_02864.jpg,133.09881814124086,13.349928490332161,99,209,0.0,0.0
sample_02865.jpg,98.53752256011178,18.627455057977404,23,255,0.0,1.9406547769217335e-05
sample_02866.jpg,174.3317937472103,16.504425318128504,85,231,0.0,0.0
sample_02867.jpg,125.8587203322401,19.28382358165526,0,210,3.881309553843467e-05,0.0
sample_02868.jpg,142.82798036057366,20.667217292018577,0,255,1.9406547769217335e-05,1.9406547769217335e-05
sample_02869.jpg,90.15104116128782,13.732626079897338,16,189,0.0,0.0
sample_02870.jpg,129.87205263055756,58.35835930638664,0,243,0.10516408236138873,0.0
sample_02871.jpg,125.90475266354868,21.517532884374102,0,212,0.0007180422674610414,0.0
sample_02872.jpg,150.02016340313222,14.43013258936609,81,208,0.0,0.0
sample_02873.jpg,104.03741582409906,40.893310450616895,0,216,0.09615944419647189,0.0
sample_02874.jpg,112.62440567447457,17.41446341456071,58,187,0.0,0.0
sample_02875.jpg,141.7983853752256,20.78857772712438,0,253,7.762619107686934e-05,0.0
sample_02876.jpg,139.55407634535894,15.88114315401612,57,200,0.0,0.0
sample_02877.jpg,160.85384928875,14.916868319098716,68,234,0.0,0.0
sample_02878.jpg,79.07419123212172,43.86568723612767,0,247,0.19381319257117352,0.0
sample_02879.jpg,105.71394748588173,58.865933715722484,0,255,0.1991693997554775,3.881309553843467e-05
sample_02880.jpg,83.26845077529158,19.676020738109184,0,169,0.00013584583438452133,0.0
sample_02881.jpg,134.07192066603272,17.580811472144564,4,255,0.0,7.762619107686934e-05
sample_02882.jpg,139.62956781618118,15.709799090653963,56,242,0.0,0.0
sample_02883.jpg,120.84311746783365,18.539626386281814,5,219,0.0,0.0
sample_02884.jpg,135.99604106425508,19.416536909939857,96,212,0.0,0.0
sample_02885.jpg,75.86322265132256,38.6476426202102,0,145,0.17013720429272836,0.0
sample_02886.jpg,129.5213763123678,14.561780928064,60,192,0.0,0.0
sample_02887.jpg,129.45292941838576,20.724045873342508,1,239,0.0,0.0
sample_02888.jpg,125.34974480389684,18.140882992878346,7,227,0.0,0.0
sample_02889.jpg,96.76514195889693,17.554363401601723,12,222,0.0,0.0
sample_02890.jpg,104.230491567855,16.443430680292135,67,189,0.0,0.0
sample_02891.jpg,108.87506064546177,36.939249235317206,0,203,0.060412583205573564,0.0
sample_02892.jpg,175.41246676628694,12.881874895970656,128,228,0.0,0.0
sample_02893.jpg,139.6287333346271,15.389373553298258,57,233,0.0,0.0
sample_02894.jpg,137.42092802111432,16.84231254441787,44,223,0.0,0.0
sample_02895.jpg,164.878573230608,15.693650193053214,95,242,0.0,0.0
sample_02896.jpg,126.94707834423335,21.333433506453325,26,245,0.0,0.0
sample_02897.jpg,129.428438355101,15.203351222081535,59,180,0.0,0.0
sample_02898.jpg,165.6198451357488,13.210407206166693,36,235,0.0,0.0
sample_02899.jpg,84.64839216751731,16.142202433318193,28,135,0.0,0.0
sample_02900.jpg,184.36317413495314,14.656439675316426,92,243,0.0,0.0
sample_02901.jpg,135.07120262376526,22.35070715780132,41,196,0.0,0.0
sample_02902.jpg,158.6041646451513,18.104926800048574,63,245,0.0,0.0
sample_02903.jpg,141.27087659376272,22.850595693419162,0,252,0.000232878573230608,0.0
sample_02904.jpg,61.3421374371713,21.822605879336148,0,204,0.0020570940635370374,0.0
sample_02905.jpg,161.54227716431524,17.556839794097908,46,204,0.0,0.0
sample_02906.jpg,24.047914766442197,12.139919504155806,1,118,0.0,0.0
sample_02907.jpg,158.94702012459004,19.814026654188915,0,203,9.703273884608666e-05,0.0
sample_02908.jpg,142.09777018766133,15.97120596611059,17,229,0.0,0.0
sample_02909.jpg,132.22162277552445,12.149368484463729,88,244,0.0,0.0
sample_02910.jpg,125.63407013526364,19.101517682352565,0,187,0.0003299113120766947,0.0
sample_02911.jpg,78.97954549865125,53.63255267300651,0,191,0.29005026295872227,0.0
sample_02912.jpg,142.438529759941,24.493584421888603,4,252,0.0,0.0
sample_02913.jpg,41.06433270585496,13.777807345808181,3,90,0.0,0.0
sample_02914.jpg,145.9333773215083,20.261921082408534,84,227,0.0,0.0
sample_02915.jpg,77.34918201401153,15.96191673238349,0,240,0.000174658929922956,0.0
sample_02916.jpg,65.222418443983,18.811723939129653,0,207,3.881309553843467e-05,0.0
sample_02917.jpg,147.4343767587184,13.384663747783987,52,214,0.0,0.0
sample_02918.jpg,128.2125211046207,17.336222748146294,12,208,0.0,0.0
sample_02919.jpg,146.9677269110598,17.19027477880147,33,246,0.0,0.0
sample_02920.jpg,97.99027731956762,11.159579087810055,47,147,0.0,0.0
sample_02921.jpg,95.71286071920666,16.02786263794923,22,206,0.0,0.0
sample_02922.jpg,86.49449824370743,55.669386290628346,0,181,0.26367676454035593,0.0
sample_02923.jpg,50.5876302664519,14.543818223524658,7,122,0.0,0.0
sample_02924.jpg,103.61066583865396,19.270654682391243,5,225,0.0,0.0
sample_02925.jpg,79.85053076908149,17.581689741392253,0,201,0.00019406547769217333,0.0
sample_02926.jpg,112.67754080226669,13.156321115904278,69,163,0.0,0.0
sample_02927.jpg,119.49775854373266,17.18386391493425,59,195,0.0,0.0
sample_02928.jpg,66.41345650022318,17.865930997531617,25,221,0.0,0.0
sample_02929.jpg,124.325428399542,15.520798404832355,24,202,0.0,0.0
sample_02930.jpg,139.68747695472453,18.196147695864735,58,241,0.0,0.0
sample_02931.jpg,127.18185875914534,15.605059412988155,0,243,1.9406547769217335e-05,0.0
sample_02932.jpg,95.94585573172388,19.934803659220222,29,255,0.0,1.9406547769217335e-05
sample_02933.jpg,146.7103184614489,14.853536550397347,91,209,0.0,0.0
sample_02934.jpg,107.8457955714258,19.42318809621146,0,255,0.00013584583438452133,3.881309553843467e-05
sample_02935.jpg,101.2594267305789,19.963155714635366,9,242,0.0,0.0
sample_02936.jpg,98.09980787517708,17.116528885945794,23,154,0.0,0.0
sample_02937.jpg,105.93599720545713,19.806467674711108,0,207,5.8219643307652e-05,0.0
sample_02938.jpg,117.57037784548507,30.245735860300233,28,173,0.0,0.0
sample_02939.jpg,161.8155989830969,15.989421038819922,103,238,0.0,0.0
sample_02940.jpg,106.89184730928216,17.24688803548706,12,252,0.0,0.0
sample_02941.jpg,120.38624852025073,45.86992923936563,0,192,0.09815831861670128,0.0
sample_02942.jpg,68.55031147509169,20.72816093663854,9,176,0.0,0.0
sample_02943.jpg,85.32944555493023,61.8930288699082,0,220,0.3216635292747773,0.0
sample_02944.jpg,141.07391954045295,56.79166148776378,0,251,0.114207533621844,0.0
sample_02945.jpg,184.90510198140854,14.44018052699808,92,253,0.0,0.0
sample_02946.jpg,115.2457451144016,55.71771287399432,0,253,0.16020105183488909,0.0
sample_02947.jpg,84.42715752294825,19.03940745371558,0,239,0.000640416076384172,0.0
sample_02948.jpg,109.30627413689379,13.151461592702422,23,162,0.0,0.0
sample_02949.jpg,143.06557472491218,21.90004330270196,73,214,0.0,0.0
sample_02950.jpg,150.66541170991093,15.754981951509503,60,217,0.0,0.0
sample_02951.jpg,107.63434182693241,64.70403455528287,0,255,0.24091288400706398,7.762619107686934e-05
sample_02952.jpg,162.37074268858314,64.15714797704081,0,231,0.10660016689631081,0.0
sample_02953.jpg,93.00013584583438,20.67822686626038,11,206,0.0,0.0
sample_02954.jpg,111.17654136505656,22.40296015336666,0,176,0.016107434648450387,0.0
sample_02955.jpg,143.83428748859865,16.3772929024812,57,234,0.0,0.0
sample_02956.jpg,160.69106716606183,27.394935789361323,76,220,0.0,0.0
sample_02957.jpg,73.00846125482738,15.238973889125292,18,151,0.0,0.0
sample_02958.jpg,35.86801606862155,13.898132718458358,14,68,0.0,0.0
sample_02959.jpg,145.66279182596207,16.199284763540543,94,210,0.0,0.0
sample_02960.jpg,136.457955714258,17.465963807701428,37,201,0.0,0.0
sample_02961.jpg,177.3893535678938,24.417174301875846,0,247,0.000232878573230608,0.0
sample_02962.jpg,109.30353781365832,76.19646657722758,0,227,0.29818160647402436,0.0
sample_02963.jpg,79.62510431019426,39.805744168659224,0,142,0.16528556735042405,0.0
sample_02964.jpg,162.6595121193891,69.23531939809168,0,255,0.12631721942983562,0.0002522851209998253
sample_02965.jpg,169.84412660831765,17.574354188628217,12,233,0.0,0.0
sample_02966.jpg,79.78757592811814,17.87864109304487,20,157,0.0,0.0
sample_02967.jpg,96.36416386888936,13.066606155145093,30,172,0.0,0.0
sample_02968.jpg,20.99429447495585,18.460373486154058,0,105,0.16780841856042228,0.0
sample_02969.jpg,136.66956471113355,15.613393003149087,96,183,0.0,0.0
sample_02970.jpg,127.32610762871393,84.01396902164772,0,241,0.2714976032913505,0.0
sample_02971.jpg,118.91907469580237,14.24433555257341,61,178,0.0,0.0
sample_02972.jpg,138.79223349958275,16.521632589283996,0,239,0.000116439286615304,0.0
sample_02973.jpg,159.74986900580257,11.099189591108821,95,212,0.0,0.0
sample_02974.jpg,85.65475751518562,52.89458629513502,0,161,0.249665237050981,0.0
sample_02975.jpg,79.45917832676746,14.104245328845753,4,171,0.0,0.0
sample_02976.jpg,120.45378330648761,18.16120432152146,35,205,0.0,0.0
sample_02977.jpg,162.19513283781947,18.315293037210864,56,229,0.0,0.0
sample_02978.jpg,69.1750664674261,34.16573088837557,0,175,0.15003202080381922,0.0
sample_02979.jpg,178.71286071920667,21.668795031724926,84,245,0.0,0.0
sample_02980.jpg,137.6448601758233,16.412533202344513,50,225,0.0,0.0
sample_02981.jpg,130.73442139377826,15.485938465036822,61,209,0.0,0.0
sample_02982.jpg,114.32521492751654,18.944748406199707,52,201,0.0,0.0
sample_02983.jpg,127.32148887034485,72.99426835886777,0,207,0.218323662403695,0.0
sample_02984.jpg,180.4706281899513,15.659671946201863,91,250,0.0,0.0
sample_02985.jpg,111.98641541656154,23.054997157227444,0,245,0.0014554910826913002,0.0
sample_02986.jpg,153.5343592928254,15.298955947201923,21,183,0.0,0.0
sample_02987.jpg,128.1934832812591,22.87121873249369,19,189,0.0,0.0
sample_02988.jpg,115.46544664169691,15.255655269874183,47,181,0.0,0.0
sample_02989.jpg,92.0973432436104,16.537856663643822,38,171,0.0,0.0
sample_02990.jpg,126.08375866017194,21.969421594903032,30,199,0.0,0.0
sample_02991.jpg,131.23185002619883,11.67842746376797,78,176,0.0,0.0
sample_02992.jpg,94.07184303984164,20.49589476664635,8,171,0.0,0.0
sample_02993.jpg,84.73968056822372,35.26514954569727,24,193,0.0,0.0
sample_02994.jpg,112.70661181082497,13.330966091696366,68,165,0.0,0.0
sample_02995.jpg,149.69407518096605,14.440926019287277,88,237,0.0,0.0
sample_02996.jpg,140.39236158279803,17.36126043809267,9,228,0.0,0.0
sample_02997.jpg,170.4802732441926,14.975551888804922,11,203,0.0,0.0
sample_02998.jpg,85.87529352403502,17.846030095250818,40,143,0.0,0.0
sample_02999.jpg,86.28739156591433,45.61696003671587,0,172,0.18546837703041005,0.0
sample_03000.jpg,135.44900929573637,18.933788623653253,0,244,3.881309553843467e-05,0.0
sample_03001.jpg,167.71311300432765,12.854590789570365,99,229,0.0,0.0
sample_03002.jpg,55.98338799510955,38.97627021179439,0,168,0.2853538783985717,0.0
sample_03003.jpg,75.1364862504609,12.744717303058,23,144,0.0,0.0
sample_03004.jpg,65.05488171709135,12.83226171955739,27,133,0.0,0.0
sample_03005.jpg,99.61716703215664,14.799405134113027,0,209,3.881309553843467e-05,0.0
sample_03006.jpg,125.58221583962428,11.380864321679756,66,187,0.0,0.0
sample_03007.jpg,132.84880358633004,19.345234542190124,0,255,0.00019406547769217333,5.8219643307652e-05
sample_03008.jpg,167.46399115061422,29.035262487679752,0,227,0.0007180422674610414,0.0
sample_03009.jpg,89.54831260067147,23.29740919251661,12,172,0.0,0.0
sample_03010.jpg,180.3954084107978,17.603590679557563,89,236,0.0,0.0
sample_03011.jpg,47.61821498573619,12.093461958720981,25,102,0.0,0.0
sample_03012.jpg,49.22692076306546,34.94475936527984,0,159,0.2685672145781987,0.0
sample_03013.jpg,172.2712259116226,26.212919422486934,83,233,0.0,0.0
sample_03014.jpg,90.65908517533816,19.514206339217782,43,155,0.0,0.0
sample_03015.jpg,96.45912010712415,17.329926230552473,0,206,0.00015525238215373868,0.0
sample_03016.jpg,128.86677404956433,19.22666540749818,41,213,0.0,0.0
sample_03017.jpg,149.00520095480215,17.278126432391986,57,251,0.0,0.0
sample_03018.jpg,109.84022589221604,18.458676293191218,14,187,0.0,0.0
sample_03019.jpg,131.5975276058142,14.437333927628739,29,230,0.0,0.0
sample_03020.jpg,204.00657881969377,22.36366370613804,123,242,0.0,0.0
sample_03021.jpg,74.33798443594868,14.729427607022913,30,236,0.0,0.0
sample_03022.jpg,106.65997787653555,13.808188197339687,52,172,0.0,0.0
sample_03023.jpg,43.994178035669236,32.06984685350427,0,135,0.14155135942867123,0.0
sample_03024.jpg,151.3282617555163,16.338897910833047,74,252,0.0,0.0
sample_03025.jpg,139.0619068873838,15.036345518955546,21,221,0.0,0.0
sample_03026.jpg,121.83490849812726,19.649146816353102,0,253,0.000116439286615304,0.0
sample_03027.jpg,127.68417784160376,20.496540637801917,0,254,0.0006210095286149547,0.0
sample_03028.jpg,102.46241922024491,17.674468589785125,17,169,0.0,0.0
sample_03029.jpg,149.86632769896562,14.572877168239446,85,241,0.0,0.0
sample_03030.jpg,130.13355586174777,50.03381977737911,0,239,0.10786159250130994,0.0
sample_03031.jpg,133.26026121213297,17.321263590919525,3,208,0.0,0.0
sample_03032.jpg,138.7330823419822,15.712941185150333,12,248,0.0,0.0
sample_03033.jpg,71.56998971452968,16.866404845558016,7,146,0.0,0.0
sample_03034.jpg,129.899765180772,14.111522779106178,37,222,0.0,0.0
sample_03035.jpg,74.54229657086302,28.636003363494126,0,246,0.017271827514603426,0.0
sample_03036.jpg,102.99990296726115,18.881058810220505,26,161,0.0,0.0
sample_03037.jpg,119.62605523103495,19.95470888119274,2,208,0.0,0.0
sample_03038.jpg,115.01509829416445,40.25668872239002,0,231,0.06520600050457025,0.0
sample_03039.jpg,118.37338197907974,11.178207398729171,39,209,0.0,0.0
sample_03040.jpg,154.9185507190126,19.403961290931363,13,241,0.0,0.0
sample_03041.jpg,127.16121019231889,20.07443881004519,0,177,3.881309553843467e-05,0.0
sample_03042.jpg,87.88742261639077,55.607957598300054,0,197,0.2532166352927478,0.0
sample_03043.jpg,91.79823012284345,18.83283004654625,14,194,0.0,0.0
sample_03044.jpg,54.51054745871257,23.776022367126334,13,94,0.0,0.0
sample_03045.jpg,121.94166391740573,18.060681525184503,46,214,0.0,0.0
sample_03046.jpg,135.10083642220886,17.57344206733143,56,216,0.0,0.0
sample_03047.jpg,88.04098662888859,12.963323955682368,44,157,0.0,0.0
sample_03048.jpg,27.938073706068426,14.205556997966193,0,74,3.881309553843467e-05,0.0
sample_03049.jpg,146.26571445205613,19.745906649015946,50,200,0.0,0.0
sample_03050.jpg,105.99852510236954,12.73655964682352,39,153,0.0,0.0
sample_03051.jpg,122.99862213510839,33.22899485003789,0,187,0.03776514195889693,0.0
sample_03052.jpg,128.46581536610452,21.946727171620047,0,188,0.009315142929224321,0.0
sample_03053.jpg,102.14805255293136,17.59255583107251,15,153,0.0,0.0
sample_03054.jpg,145.4132430281977,13.967824676733185,97,217,0.0,0.0
sample_03055.jpg,111.80601214849891,16.65529935581254,27,219,0.0,0.0
sample_03056.jpg,88.16006520600051,14.668886346044667,46,145,0.0,0.0
sample_03057.jpg,179.84859011430456,17.97987100129558,93,222,0.0,0.0
sample_03058.jpg,153.0907256108211,61.323365533472064,0,252,0.11298492111238331,0.0
sample_03059.jpg,23.582875662248444,12.255209167908843,1,157,0.0,0.0
sample_03060.jpg,64.07663645714064,11.6394254288225,33,90,0.0,0.0
sample_03061.jpg,108.8887228550913,22.869987066576446,13,217,0.0,0.0
sample_03062.jpg,64.73277183721788,31.167581845398114,0,243,0.04983601467135011,0.0
sample_03063.jpg,87.78590696501,15.015264620528107,8,175,0.0,0.0
sample_03064.jpg,121.1092588639407,16.42018756226508,36,197,0.0,0.0
sample_03065.jpg,115.87575928118147,64.55782670609587,0,208,0.20708727124531817,0.0
sample_03066.jpg,142.21993440586854,13.409382274689959,73,252,0.0,0.0
sample_03067.jpg,149.4588872285509,24.485878618388313,49,239,0.0,0.0
sample_03068.jpg,152.5636631799569,17.242604430198554,35,253,0.0,0.0
sample_03069.jpg,132.0598886064158,13.813082266601707,28,220,0.0,0.0
sample_03070.jpg,168.56502163830075,16.217853550864742,41,208,0.0,0.0
sample_03071.jpg,155.96180791399019,18.81066803407973,49,247,0.0,0.0
sample_03072.jpg,123.56853422344699,15.850786049086757,73,207,0.0,0.0
sample_03073.jpg,95.45865434997768,11.750607451023113,41,192,0.0,0.0
sample_03074.jpg,150.66514001824214,18.45521671470643,7,254,0.0,0.0
sample_03075.jpg,103.83081371654796,17.959668458103963,29,236,0.0,0.0
sample_03076.jpg,137.12453181703506,61.663567379084114,0,210,0.14257990646043975,0.0
sample_03077.jpg,123.11473151041162,19.953077030681364,36,170,0.0,0.0
sample_03078.jpg,139.1699043257195,25.17792667723875,0,203,0.014671350113528304,0.0
sample_03079.jpg,129.14589842612898,71.31893113610498,0,221,0.2012070872712453,0.0
sample_03080.jpg,163.82105222302005,28.37054782522201,77,221,0.0,0.0
sample_03081.jpg,136.0503793980089,18.21156521637611,39,202,0.0,0.0
sample_03082.jpg,139.14987676842168,11.16208764263128,89,180,0.0,0.0
sample_03083.jpg,88.7761260649343,13.127390668708271,0,191,0.000116439286615304,0.0
sample_03084.jpg,121.18927206039318,14.209431913988226,32,191,0.0,0.0
sample_03085.jpg,156.06918434279726,17.326242846620612,106,225,0.0,0.0
sample_03086.jpg,62.99355702614062,15.209335066889146,37,204,0.0,0.0
sample_03087.jpg,129.48997651807719,26.128711468809016,4,222,0.0,0.0
sample_03088.jpg,129.42409128840072,18.02746913372254,19,221,0.0,0.0
sample_03089.jpg,111.13627277843544,17.539648043207443,24,216,0.0,0.0
sample_03090.jpg,93.68858312794737,75.35465380797775,0,241,0.3591569795649052,0.0
sample_03091.jpg,104.28603310757049,35.96183543470796,28,179,0.0,0.0
sample_03092.jpg,120.4441382522463,19.049937109162585,66,255,0.0,0.00038813095538434665
sample_03093.jpg,127.85280133517048,15.730371714291293,0,255,1.9406547769217335e-05,1.9406547769217335e-05
sample_03094.jpg,185.71683906149934,47.783079415912425,0,255,0.006132469095072678,0.00013584583438452133
sample_03095.jpg,186.67723029750238,14.544668939529048,21,245,0.0,0.0
sample_03096.jpg,115.81092200508452,18.372442407322794,0,201,0.00015525238215373868,0.0
sample_03097.jpg,62.268606027673734,16.5564839768408,0,151,0.000232878573230608,0.0
sample_03098.jpg,156.13858215762,13.012626325316775,89,229,0.0,0.0
sample_03099.jpg,134.76820819344448,21.484542872995345,0,233,1.9406547769217335e-05,0.0
sample_03100.jpg,95.72681402705273,21.7032418814673,11,184,0.0,0.0
sample_03101.jpg,122.68060703681422,17.069901613244085,69,188,0.0,0.0
sample_03102.jpg,141.2381765607716,17.965049300041475,71,209,0.0,0.0
sample_03103.jpg,78.03174911215044,21.882136195129497,0,255,0.0034737720506899028,0.0029497952609210346
sample_03104.jpg,53.338508412738456,17.089711155030976,0,183,1.9406547769217335e-05,0.0
sample_03105.jpg,151.318364416154,20.04940734588358,112,211,0.0,0.0
sample_03106.jpg,28.933144442935046,22.538268405444708,0,101,0.2681208639795067,0.0
sample_03107.jpg,167.10089464185216,12.748965997189606,105,210,0.0,0.0
sample_03108.jpg,80.56273166566399,18.70276209490639,0,158,0.00021347202546139068,0.0
sample_03109.jpg,129.26092103475713,29.493323611363003,0,249,0.025461390673213142,0.0
sample_03110.jpg,77.18083021211356,17.87883550760909,5,128,0.0,0.0
sample_03111.jpg,106.33354033650954,49.27508192128359,0,238,0.14366667313551593,0.0
sample_03112.jpg,134.89217722059422,62.67401220683218,0,250,0.15022608628151138,0.0
sample_03113.jpg,178.94121756680704,15.537544822568078,91,244,0.0,0.0
sample_03114.jpg,142.68545867375653,13.81118317066789,93,230,0.0,0.0
sample_03115.jpg,141.39637873818626,19.306145645475297,47,214,0.0,0.0
sample_03116.jpg,51.2967455219391,21.6920689879525,5,109,0.0,0.0
sample_03117.jpg,99.5721244347843,18.422450416181007,19,250,0.0,0.0
sample_03118.jpg,54.29676492848687,43.766493855585274,0,230,0.01135283044499214,0.0
sample_03119.jpg,160.94432261445013,17.40343106368809,77,254,0.0,0.0
sample_03120.jpg,160.62277552446196,19.99442542516604,115,198,0.0,0.0
sample_03121.jpg,169.0336121407363,15.332002665220665,65,232,0.0,0.0
sample_03122.jpg,146.8371014380252,16.46090204554584,59,193,0.0,0.0
sample_03123.jpg,83.14552970172136,15.86283341145343,23,143,0.0,0.0
sample_03124.jpg,117.02010518348891,13.221068849059602,70,172,0.0,0.0
sample_03125.jpg,105.74495914921694,58.069225049809674,0,232,0.19786916105493993,0.0
sample_03126.jpg,57.815657202740205,17.654934524650752,1,176,0.0,0.0
sample_03127.jpg,114.96272002173534,58.51733579434292,0,243,0.15139047914766443,0.0
sample_03128.jpg,133.34803702769315,18.46096742550968,25,251,0.0,0.0
sample_03129.jpg,113.99978652797454,18.989259013480073,0,251,1.9406547769217335e-05,0.0
sample_03130.jpg,113.77651419588969,13.98827376817619,4,155,0.0,0.0
sample_03131.jpg,160.5591414543267,32.94146528313604,86,237,0.0,0.0
sample_03132.jpg,121.21675173203438,19.28878965894726,61,172,0.0,0.0
sample_03133.jpg,67.42673057889732,16.66824231276527,9,172,0.0,0.0
sample_03134.jpg,118.25936851093559,11.89361438855522,79,230,0.0,0.0
sample_03135.jpg,49.12726814027053,13.84420188451367,0,98,0.00031050476430747735,0.0
sample_03136.jpg,157.56936870500107,79.34502938220237,0,222,0.1792388751964913,0.0
sample_03137.jpg,46.323681810242775,21.587414453556782,0,96,0.09383065846416581,0.0
sample_03138.jpg,48.43740418017039,14.123489785223402,22,87,0.0,0.0
sample_03139.jpg,102.19361912709348,26.19718386300802,12,172,0.0,0.0
sample_03140.jpg,141.16280152923596,13.154342332276082,96,201,0.0,0.0
sample_03141.jpg,149.98168021890586,13.910434165012123,88,213,0.0,0.0
sample_03142.jpg,142.69993595839236,21.06698871095733,17,241,0.0,0.0
sample_03143.jpg,88.08839682508878,11.823462209548266,50,142,0.0,0.0
sample_03144.jpg,135.6577461235421,17.63799525363551,40,230,0.0,0.0
sample_03145.jpg,90.54794387626386,18.55542262201513,0,189,7.762619107686934e-05,0.0
sample_03146.jpg,96.52620854276233,47.709292765501594,0,207,0.15329232082904773,0.0
sample_03147.jpg,217.9646412699645,17.77528704032284,136,255,0.0,0.0019212482291525162
sample_03148.jpg,105.97968134448563,18.77849286441582,0,189,3.881309553843467e-05,0.0
sample_03149.jpg,131.29298065167188,13.033390771121525,59,224,0.0,0.0
sample_03150.jpg,72.62190222981233,16.272327842132494,51,218,0.0,0.0
sample_03151.jpg,91.51549612839372,17.245869462383858,53,144,0.0,0.0
sample_03152.jpg,123.38019367734674,18.914394657172622,0,236,7.762619107686934e-05,0.0
sample_03153.jpg,61.49892293659881,13.827850829454464,17,141,0.0,0.0
sample_03154.jpg,88.72188476391935,13.557309576373724,58,253,0.0,0.0
sample_03155.jpg,143.0792369345417,21.92191567986627,62,240,0.0,0.0
sample_03156.jpg,91.02771255021445,17.158637486421426,24,160,0.0,0.0
sample_03157.jpg,131.60618292611926,60.574214361224925,0,227,0.1529430029692018,0.0
sample_03158.jpg,114.778086126259,35.655582527942684,70,252,0.0,0.0
sample_03159.jpg,122.50697665392303,21.764870672949424,0,197,0.0071027964835335446,0.0
sample_03160.jpg,128.71734363174136,11.592986319049793,85,191,0.0,0.0
sample_03161.jpg,96.38584098274758,22.518005720003394,29,215,0.0,0.0
sample_03162.jpg,44.816064740243355,16.83085332077273,0,155,0.000174658929922956,0.0
sample_03163.jpg,105.18172291331095,18.026969100425468,0,195,0.00019406547769217333,0.0
sample_03164.jpg,87.05416367482388,18.56803258029563,21,143,0.0,0.0
sample_03165.jpg,169.7870907644239,17.42019737148067,86,254,0.0,0.0
sample_03166.jpg,165.50507481224165,15.568069353098457,67,231,0.0,0.0
sample_03167.jpg,129.30303324341634,44.397833690362184,0,205,0.08020726193017524,0.0
sample_03168.jpg,133.98835607133847,22.84655017736266,0,238,5.8219643307652e-05,0.0
sample_03169.jpg,139.17762813173164,16.059071930144324,37,181,0.0,0.0
sample_03170.jpg,144.09957499660385,13.907922308873035,68,219,0.0,0.0
sample_03171.jpg,78.06520600050457,56.336681058000856,0,251,0.09138543344524443,0.0
sample_03172.jpg,144.94688427875565,16.24451929947666,71,211,0.0,0.0
sample_03173.jpg,214.35143317355275,15.52785694724118,171,255,0.0,0.00013584583438452133
sample_03174.jpg,87.74292146170117,53.923077580278004,0,171,0.23889460303906537,0.0
sample_03175.jpg,137.70370082865958,18.01608197827405,90,221,0.0,0.0
sample_03176.jpg,135.0823419821848,15.857893756941454,24,233,0.0,0.0
sample_03177.jpg,103.45684954103514,54.16109179409091,0,246,0.17830736090356886,0.0
sample_03178.jpg,117.11566302470453,74.20705547318192,0,220,0.2605134972539735,0.0
sample_03179.jpg,125.70533097867221,13.111108912725435,55,173,0.0,0.0
sample_03180.jpg,135.25308078945835,14.841066818979762,70,187,0.0,0.0
sample_03181.jpg,135.8452910011838,22.300608404317792,0,250,1.9406547769217335e-05,0.0
sample_03182.jpg,128.566011372237,16.965087566196942,0,210,3.881309553843467e-05,0.0
sample_03183.jpg,189.35316035630422,18.522399920081437,72,255,0.0,3.881309553843467e-05
sample_03184.jpg,55.243144637000526,32.409833434969734,0,156,0.09171534475732113,0.0
sample_03185.jpg,71.01833918764191,17.108845724349564,21,190,0.0,0.0
sample_03186.jpg,118.08482602029925,13.221851963868241,62,190,0.0,0.0
sample_03187.jpg,142.9016476159056,14.461335644103254,50,198,0.0,0.0
sample_03188.jpg,131.996215723185,24.886728686711706,8,233,0.0,0.0
sample_03189.jpg,211.0276155174756,18.089248159385026,150,255,0.0,5.8219643307652e-05
sample_03190.jpg,104.98622135108386,16.48700541443316,44,168,0.0,0.0
sample_03191.jpg,125.56544858235169,15.506378605542986,68,194,0.0,0.0
sample_03192.jpg,108.26557860622174,15.631253737283064,29,182,0.0,0.0
sample_03193.jpg,102.1673814745095,55.40533649015505,0,200,0.19763628248170934,0.0
sample_03194.jpg,165.22855091307807,17.84633714297279,127,214,0.0,0.0
sample_03195.jpg,31.136253371887676,14.986661360316148,2,80,0.0,0.0
sample_03196.jpg,151.90296726115392,14.753741879964211,61,238,0.0,0.0
sample_03197.jpg,133.4191814318151,14.719757684760342,0,238,0.0007956684585379107,0.0
sample_03198.jpg,183.65372896815384,15.253281213729288,125,255,0.0,1.9406547769217335e-05
sample_03199.jpg,141.2387393506569,15.893145532560167,112,236,0.0,0.0
sample_03200.jpg,111.68342098624076,26.26947660988813,0,170,0.030914630596363214,0.0
sample_03201.jpg,120.78761474121369,16.255752332543302,29,214,0.0,0.0
sample_03202.jpg,89.31739408876555,55.347143502852326,0,216,0.25255681266859437,0.0
sample_03203.jpg,109.15860971491782,21.057909544928123,38,181,0.0,0.0
sample_03204.jpg,125.10153505792854,19.903531619112684,44,255,0.0,0.0011449863183838227
sample_03205.jpg,114.07391954045295,14.362895123237125,48,179,0.0,0.0
sample_03206.jpg,102.20427332181877,68.52732259212229,0,193,0.2811426575326515,0.0
sample_03207.jpg,129.3704515903666,18.567551602524247,24,244,0.0,0.0
sample_03208.jpg,125.17844320673795,23.917559367879743,6,212,0.0,0.0
sample_03209.jpg,112.79502804246152,16.70100996765795,47,189,0.0,0.0
sample_03210.jpg,102.54716761435309,15.92506054008115,56,178,0.0,0.0
sample_03211.jpg,116.60738613208096,13.188107447694474,61,188,0.0,0.0
sample_03212.jpg,92.91334976421045,13.759728444076448,39,144,0.0,0.0
sample_03213.jpg,124.91005065108968,26.123111811773494,0,240,0.007490927438917891,0.0
sample_03214.jpg,131.83828523743912,18.33224617440055,34,220,0.0,0.0
sample_03215.jpg,166.53674629820102,22.825289946546274,0,244,0.00019406547769217333,0.0
sample_03216.jpg,83.36447437365366,15.887812726572923,18,136,0.0,0.0
sample_03217.jpg,146.57750004851636,14.878115395284055,70,211,0.0,0.0
sample_03218.jpg,62.95033864425857,27.128833470614737,0,250,0.09101670903762929,0.0
sample_03219.jpg,71.6454423722564,16.962670607715125,0,185,0.0002522851209998253,0.0
sample_03220.jpg,104.59712006831104,15.555276431617054,41,199,0.0,0.0
sample_03221.jpg,77.13417687127637,16.942426765455636,26,189,0.0,0.0
sample_03222.jpg,149.53948262143646,19.27208904569483,55,216,0.0,0.0
sample_03223.jpg,145.84659123988433,17.344015879708863,40,217,0.0,0.0
sample_03224.jpg,120.884880358633,18.933979696584668,29,195,0.0,0.0
sample_03225.jpg,139.68089813503076,93.06667984430837,0,241,0.2770866890488851,0.0
sample_03226.jpg,123.09579071978885,47.607865960755355,0,205,0.08795047449009295,0.0
sample_03227.jpg,158.77932814531624,14.23344250444637,76,234,0.0,0.0
sample_03228.jpg,83.5305167963671,19.135460628067076,50,182,0.0,0.0
sample_03229.jpg,106.83560713384696,27.100677981117887,21,181,0.0,0.0
sample_03230.jpg,159.1458790195812,33.16651952754281,0,252,1.9406547769217335e-05,0.0
sample_03231.jpg,91.93382367210697,43.32330792161343,0,218,0.13293485221913873,0.0
sample_03232.jpg,148.4466805100041,15.60442824096357,69,232,0.0,0.0
sample_03233.jpg,112.44576840225892,32.64505951481788,0,196,0.052164800403656196,0.0
sample_03234.jpg,103.36230084030352,14.550949011332554,40,168,0.0,0.0
sample_03235.jpg,124.22779405771507,20.677787246021555,12,224,0.0,0.0
sample_03236.jpg,84.29936540588794,57.29995894806654,0,197,0.2792602223990374,0.0
sample_03237.jpg,178.40394729181625,15.775864186804919,10,236,0.0,0.0
sample_03238.jpg,149.13033437481806,20.538128429058137,0,211,0.00029109821653826003,0.0
sample_03239.jpg,119.81916978788644,14.46100113899866,13,180,0.0,0.0
sample_03240.jpg,77.96648489200255,14.942005997723749,7,153,0.0,0.0
sample_03241.jpg,146.2688777193425,17.53895352147753,64,244,0.0,0.0
sample_03242.jpg,66.22117642492577,11.815551412533814,28,123,0.0,0.0
sample_03243.jpg,128.56463350734538,18.205574278649387,15,211,0.0,0.0
sample_03244.jpg,140.07601544761204,17.15960380390679,53,226,0.0,0.0
sample_03245.jpg,153.79791961807913,19.20001019701775,11,241,0.0,0.0
sample_03246.jpg,118.00438587979585,15.197631992513916,65,174,0.0,0.0
sample_03247.jpg,99.74268858312794,19.361850064066406,8,211,0.0,0.0
sample_03248.jpg,73.42552737293563,48.27835979481237,0,179,0.2710512526926585,0.0
sample_03249.jpg,122.84878417978226,17.010567990523473,51,196,0.0,0.0
sample_03250.jpg,119.49523569252266,15.013583659975879,28,203,0.0,0.0
sample_03251.jpg,113.21087154806031,13.250669770598675,49,157,0.0,0.0
sample_03252.jpg,147.1937937860234,21.420866346062432,0,222,0.000174658929922956,0.0
sample_03253.jpg,96.768499291661,16.58948801903213,29,191,0.0,0.0
sample_03254.jpg,186.3274660870578,15.219931103824289,122,255,0.0,0.0011643928661530401
sample_03255.jpg,56.77067282501116,23.24560994056556,10,163,0.0,0.0
sample_03256.jpg,48.70100331851967,15.154814016072786,3,101,0.0,0.0
sample_03257.jpg,154.3877816375245,18.779577754923157,27,255,0.0,5.8219643307652e-05
sample_03258.jpg,123.92827339944498,17.052177136787975,2,237,0.0,0.0
sample_03259.jpg,117.21801315763939,14.898949893052198,49,185,0.0,0.0
sample_03260.jpg,128.0487880610918,12.73415615126008,63,162,0.0,0.0
sample_03261.jpg,97.88711211162646,23.17874987298377,0,214,0.00019406547769217333,0.0
sample_03262.jpg,168.34685322827923,16.46356098504782,96,237,0.0,0.0
sample_03263.jpg,155.11513904791477,21.762910809608158,30,207,0.0,0.0
sample_03264.jpg,47.11378058957092,28.603369166511534,0,99,0.22428147256884473,0.0
sample_03265.jpg,169.572823070504,44.73929582848597,1,248,0.0,0.0
sample_03266.jpg,99.13136292184983,20.073881955356637,5,219,0.0,0.0
sample_03267.jpg,140.7587960177764,13.014798829172017,64,183,0.0,0.0
sample_03268.jpg,37.65489336102001,28.82785857672608,0,136,0.2528285043373634,0.0
sample_03269.jpg,126.2878573230608,23.106199821437233,0,236,0.0035125851462283375,0.0
sample_03270.jpg,63.19944109142425,15.39850392438771,22,162,0.0,0.0
sample_03271.jpg,81.60655165052688,18.619399763397343,27,255,0.0,5.8219643307652e-05
sample_03272.jpg,150.09410235013294,16.794175719431273,81,215,0.0,0.0
sample_03273.jpg,110.3585941896796,13.771607092847075,47,186,0.0,0.0
sample_03274.jpg,110.47718760309729,17.581666918271846,67,152,0.0,0.0
sample_03275.jpg,66.79896757165868,15.612026842033595,11,113,0.0,0.0
sample_03276.jpg,77.21067748258262,24.926346075236996,0,171,1.9406547769217335e-05,0.0
sample_03277.jpg,159.29173863261465,28.61717318535244,59,232,0.0,0.0
sample_03278.jpg,92.15164276426866,18.49169360844713,6,173,0.0,0.0
sample_03279.jpg,110.83116303440781,12.592309794278435,37,149,0.0,0.0
sample_03280.jpg,122.42735158842594,15.028435525237608,18,243,0.0,0.0
sample_03281.jpg,131.5653127365173,15.745223341194773,43,191,0.0,0.0
sample_03282.jpg,143.24386267926798,19.7551526550908,6,248,0.0,0.0
sample_03283.jpg,163.06243086417356,12.652301543277417,100,208,0.0,0.0
sample_03284.jpg,96.55857866444138,19.512711216388517,0,250,5.8219643307652e-05,0.0
sample_03285.jpg,142.07308505889887,18.090259297495,0,208,1.9406547769217335e-05,0.0
sample_03286.jpg,164.17397970075103,21.206476180480816,46,215,0.0,0.0
sample_03287.jpg,189.50839333191018,14.167158848424036,137,248,0.0,0.0
sample_03288.jpg,101.74707446292379,35.301733630509936,0,225,0.001571930369306604,0.0
sample_03289.jpg,144.1509247220012,16.832231484177157,66,237,0.0,0.0
sample_03290.jpg,121.75817500824779,17.840274951012763,0,229,0.0010673601273069534,0.0
sample_03291.jpg,122.4252944943624,15.610409651964467,37,187,0.0,0.0
sample_03292.jpg,141.91556211065614,20.471775453676834,5,255,0.0,3.881309553843467e-05
sample_03293.jpg,81.24840381144598,16.940034990641667,22,189,0.0,0.0
sample_03294.jpg,141.33726639368123,17.53148425092546,53,213,0.0,0.0
sample_03295.jpg,128.48842399425567,15.965171820800604,15,197,0.0,0.0
sample_03296.jpg,40.69778183158998,13.7091991186059,0,195,5.8219643307652e-05,0.0
sample_03297.jpg,107.44421587843739,55.59771487716233,0,255,0.18255739486502745,1.9406547769217335e-05
sample_03298.jpg,135.76952783869277,15.03456716359551,89,186,0.0,0.0
sample_03299.jpg,156.8657843156281,17.839882332146974,9,254,0.0,0.0
sample_03300.jpg,122.81977139086727,16.76347729408452,36,193,0.0,0.0
sample_03301.jpg,66.28465524267888,15.615179008298435,0,138,7.762619107686934e-05,0.0
sample_03302.jpg,125.66939005220361,23.945774958182245,0,255,0.00021347202546139068,0.001571930369306604
sample_03303.jpg,167.8625628286984,16.484378225867864,113,210,0.0,0.0
sample_03304.jpg,169.46045915892023,14.275929516125588,68,220,0.0,0.0
sample_03305.jpg,138.21477226416192,19.685008158106555,19,235,0.0,0.0
sample_03306.jpg,33.5234528129791,13.941440188586116,0,111,0.0020182809679986026,0.0
sample_03307.jpg,190.29426148382464,16.997232693932812,56,254,0.0,0.0
sample_03308.jpg,76.62576413281842,14.34306385232255,38,236,0.0,0.0
sample_03309.jpg,107.2498981156242,17.567289429524944,1,199,0.0,0.0
sample_03310.jpg,129.74263036348464,12.268543536591382,27,204,0.0,0.0
sample_03311.jpg,17.158900813134352,15.01488256253724,0,100,0.04222864794581692,0.0
sample_03312.jpg,122.44289623318907,11.627232545704784,49,157,0.0,0.0
sample_03313.jpg,151.62258145898426,17.317594672965516,7,254,0.0,0.0
sample_03314.jpg,107.59548991829844,21.739918227874245,43,254,0.0,0.0
sample_03315.jpg,215.5517669661744,17.42955322588217,134,254,0.0,0.0
sample_03316.jpg,138.83083312309574,20.444951657804747,82,239,0.0,0.0
sample_03317.jpg,120.52605329038018,19.411215959877413,13,195,0.0,0.0
sample_03318.jpg,152.26449183954665,17.42805453176986,15,215,0.0,0.0
sample_03319.jpg,98.96341865745502,59.48188617080395,0,248,0.22911370296337985,0.0
sample_03320.jpg,172.75291583380232,17.90522449629616,111,224,0.0,0.0
sample_03321.jpg,160.29253430107318,14.638559271008196,61,207,0.0,0.0
sample_03322.jpg,121.25637990257913,16.243849290661906,53,234,0.0,0.0
sample_03323.jpg,141.43177628131733,20.789157427266705,66,191,0.0,0.0
sample_03324.jpg,65.19305633720818,46.947321024919226,0,225,0.3001998874420229,0.0
sample_03325.jpg,106.05717168972811,17.004856977522117,57,177,0.0,0.0
sample_03326.jpg,138.88839294377922,19.530791743138128,64,209,0.0,0.0
sample_03327.jpg,109.27809582953289,98.74600313561575,0,246,0.43181509441285487,0.0
sample_03328.jpg,72.93537619592851,16.618386034315698,10,141,0.0,0.0
sample_03329.jpg,152.92369345417143,20.01765893669544,47,237,0.0,0.0
sample_03330.jpg,134.15430146131305,12.134522681537517,75,192,0.0,0.0
sample_03331.jpg,212.29909371421917,15.424522655735537,92,246,0.0,0.0
sample_03332.jpg,111.32502086203885,17.482794180223255,38,172,0.0,0.0
sample_03333.jpg,130.9894816511091,97.01925251573367,0,255,0.3348793883056143,0.0011643928661530401
sample_03334.jpg,98.42137437171301,19.40359150857391,11,174,0.0,0.0
sample_03335.jpg,137.85074424110695,13.54604209850046,85,194,0.0,0.0
sample_03336.jpg,98.0535232587475,18.709109711971998,0,224,0.00013584583438452133,0.0
sample_03337.jpg,139.07496749403248,18.8613081536038,43,207,0.0,0.0
sample_03338.jpg,137.59851733975043,14.751774812281475,52,202,0.0,0.0
sample_03339.jpg,141.60371829455258,12.155841424218604,60,197,0.0,0.0
sample_03340.jpg,149.25727260377653,19.96206125138044,67,255,0.0,1.9406547769217335e-05
sample_03341.jpg,134.13897028857536,14.69376364626331,20,201,0.0,0.0
sample_03342.jpg,104.30534262260086,46.62421784682895,0,226,0.1432009159890547,0.0
sample_03343.jpg,134.23448931669546,14.462187841676377,71,203,0.0,0.0
sample_03344.jpg,47.49389664072658,38.253502852885255,0,191,0.13518601176036796,0.0
sample_03345.jpg,134.13470084806613,91.3735887561821,0,255,0.29383453977371965,1.9406547769217335e-05
sample_03346.jpg,97.13807758737798,24.076526006515333,0,255,0.0002522851209998253,0.00031050476430747735
sample_03347.jpg,70.97358768848609,22.502145314370253,6,176,0.0,0.0
sample_03348.jpg,118.23177240000776,16.20601023231206,41,185,0.0,0.0
sample_03349.jpg,134.11975780628384,18.442707982891022,0,246,7.762619107686934e-05,0.0
sample_03350.jpg,177.31062120359408,18.78640040062802,100,255,0.0,1.9406547769217335e-05
sample_03351.jpg,125.28094859205495,18.496222920445796,0,233,3.881309553843467e-05,0.0
sample_03352.jpg,131.94119816025926,16.95964403259195,81,200,0.0,0.0
sample_03353.jpg,171.8008500067923,18.183451253516747,114,239,0.0,0.0
sample_03354.jpg,132.55116536319355,28.61112149185006,58,238,0.0,0.0
sample_03355.jpg,83.83496671777057,16.255103415942106,20,165,0.0,0.0
sample_03356.jpg,114.22758058568961,12.032125100595,74,158,0.0,0.0
sample_03357.jpg,170.90005627898853,23.71470154187036,55,245,0.0,0.0
sample_03358.jpg,163.48349473112228,14.314282466596149,98,206,0.0,0.0
sample_03359.jpg,158.00487104349008,27.991941580459343,86,226,0.0,0.0
sample_03360.jpg,79.63071280249956,17.44205124244723,9,171,0.0,0.0
sample_03361.jpg,126.27567001106173,14.906544571977195,45,185,0.0,0.0
sample_03362.jpg,167.71431621028935,12.995207527220776,103,208,0.0,0.0
sample_03363.jpg,140.2121523802131,17.446591803802406,39,185,0.0,0.0
sample_03364.jpg,93.34260319431776,20.15843131079644,9,188,0.0,0.0
sample_03365.jpg,172.6915911428516,14.230769232902464,82,217,0.0,0.0
sample_03366.jpg,92.8670457412331,34.76406426729622,0,180,0.08921190009509208,0.0
sample_03367.jpg,141.94461371266667,19.7940844158968,0,254,7.762619107686934e-05,0.0
sample_03368.jpg,81.60616351957151,20.822653635687246,2,198,0.0,0.0
sample_03369.jpg,133.1745036775408,14.436791359842974,0,215,7.762619107686934e-05,0.0
sample_03370.jpg,114.87500242581847,13.106116967966008,89,211,0.0,0.0
sample_03371.jpg,56.56981505559976,21.118702474717416,0,202,0.043257194977585435,0.0
sample_03372.jpg,174.04764307477342,15.129089991624838,25,223,0.0,0.0
sample_03373.jpg,71.52506355644394,16.030952541622025,34,255,0.0,1.9406547769217335e-05
sample_03374.jpg,103.08158512682179,13.376957197943796,53,201,0.0,0.0
sample_03375.jpg,137.03809505327098,13.61285103693741,51,185,0.0,0.0
sample_03376.jpg,124.10590153117661,17.32872290985219,2,172,0.0,0.0
sample_03377.jpg,177.66129752178384,12.82152337348081,111,247,0.0,0.0
sample_03378.jpg,106.53104077315686,20.46319692865429,0,182,7.762619107686934e-05,0.0
sample_03379.jpg,69.88371596576685,14.437704315669798,41,187,0.0,0.0
sample_03380.jpg,83.76124124279532,14.787629312728974,31,142,0.0,0.0
sample_03381.jpg,61.73166566399503,26.05055891697123,0,218,7.762619107686934e-05,0.0
sample_03382.jpg,86.58246812474529,17.28988061553656,23,167,0.0,0.0
sample_03383.jpg,40.02119195016399,29.564323629393883,0,173,0.002716916687690427,0.0
sample_03384.jpg,138.31380387742826,23.62243430507663,12,231,0.0,0.0
sample_03385.jpg,141.72749325622465,19.57379593151176,0,253,5.8219643307652e-05,0.0
sample_03386.jpg,44.037551669933436,29.629922654496642,0,181,0.25063556443944185,0.0
sample_03387.jpg,141.67486269867453,22.93545846278819,8,216,0.0,0.0
sample_03388.jpg,97.92452793572551,18.75659469975741,2,212,0.0,0.0
sample_03389.jpg,131.56647712938346,24.181891796736856,0,255,0.0025810708533059055,1.9406547769217335e-05
sample_03390.jpg,149.99421684876478,18.474384519092688,40,226,0.0,0.0
sample_03391.jpg,115.3940887655495,70.36018210592083,0,241,0.23800190184168138,0.0
sample_03392.jpg,96.79619243532768,12.396992068621705,60,144,0.0,0.0
sample_03393.jpg,143.88227988123194,15.52091344892537,47,174,0.0,0.0
sample_03394.jpg,177.7410778396631,22.465536562182905,94,239,0.0,0.0
sample_03395.jpg,158.30679811368356,14.916474435447421,88,220,0.0,0.0
sample_03396.jpg,90.69036853034214,15.199829342649721,37,168,0.0,0.0
sample_03397.jpg,97.21878941955016,58.18955277243438,0,179,0.2393797667332958,0.0
sample_03398.jpg,120.98701701954239,40.961157930072574,0,237,0.0790428690640222,0.0
sample_03399.jpg,149.4916260746376,28.93893813665647,0,226,0.009625647693531797,0.0
sample_03400.jpg,71.16330609947796,18.380543370856774,18,211,0.0,0.0
sample_03401.jpg,148.20957130935977,15.585164601400384,55,222,0.0,0.0
sample_03402.jpg,126.4648838518116,83.3031476100474,0,212,0.27761066583865396,0.0
sample_03403.jpg,162.73694424498825,17.395862366233487,84,232,0.0,0.0
sample_03404.jpg,57.04055968483767,12.455335585433428,29,88,0.0,0.0
sample_03405.jpg,132.11397465504862,13.738495264998333,100,236,0.0,0.0
sample_03406.jpg,124.4336781229987,13.572580412845438,55,170,0.0,0.0
sample_03407.jpg,63.80661375147975,17.618598883198032,2,194,0.0,0.0
sample_03408.jpg,121.49424595858643,17.22973355483934,0,245,0.000116439286615304,0.0
sample_03409.jpg,163.6287915542704,13.015540226539066,76,208,0.0,0.0
sample_03410.jpg,78.21205534747423,24.358244342357416,20,141,0.0,0.0
sample_03411.jpg,151.24817093287274,18.686021220292083,37,217,0.0,0.0
sample_03412.jpg,138.5170098391197,97.15859014267255,0,252,0.3112422131227076,0.0
sample_03413.jpg,109.04657571464612,27.19652474247359,0,183,0.034252556812668596,0.0
sample_03414.jpg,115.4334258378777,14.990124552516567,31,255,0.0,1.9406547769217335e-05
sample_03415.jpg,56.77436006908731,38.09456827389805,0,206,0.19363853364125055,0.0
sample_03416.jpg,84.0682140154088,16.37935535353433,15,133,0.0,0.0
sample_03417.jpg,160.5318364416154,55.25342088381672,0,240,0.07531681189233247,0.0
sample_03418.jpg,183.23223815715423,16.83292239651043,13,235,0.0,0.0
sample_03419.jpg,150.89136214558792,15.90830685657181,64,217,0.0,0.0
sample_03420.jpg,202.5494769935376,15.028494808245398,91,247,0.0,0.0
sample_03421.jpg,149.66987521589783,16.01729356082347,55,252,0.0,0.0
sample_03422.jpg,105.22100176599585,30.892184497858295,0,180,0.0034543655029206856,0.0
sample_03423.jpg,134.29278658619418,94.26920982109124,0,255,0.16002639290496615,3.881309553843467e-05
sample_03424.jpg,99.71353994837858,43.72158135859571,0,189,0.13260494090706204,0.0
sample_03425.jpg,163.863436123348,85.43345569356116,0,255,0.19175609850763647,0.00048516369423043333
sample_03426.jpg,93.82553513555473,17.805276709086005,0,202,0.00036872440761512933,0.0
sample_03427.jpg,129.04612936404743,35.653522903137656,0,208,3.881309553843467e-05,0.0
sample_03428.jpg,70.78744008228377,38.88725163589655,0,145,0.19792738069824758,0.0
sample_03429.jpg,139.64497661510993,22.31093147105585,0,239,0.000116439286615304,0.0
sample_03430.jpg,130.26779095266744,15.877203093597405,11,188,0.0,0.0
sample_03431.jpg,93.9193657940189,11.949075873485773,35,155,0.0,0.0
sample_03432.jpg,110.59620796056589,13.771493937702065,0,233,0.0003299113120766947,0.0
sample_03433.jpg,160.02449106328476,17.99126336579217,81,226,0.0,0.0
sample_03434.jpg,148.36327116769198,78.80888528037114,0,248,0.19295930446932796,0.0
sample_03435.jpg,59.42568262531778,23.650125772604632,0,137,0.0002522851209998253,0.0
sample_03436.jpg,51.27916318966019,17.083811332015852,0,115,0.0007180422674610414,0.0
sample_03437.jpg,112.99726367676455,11.847636269195508,37,150,0.0,0.0
sample_03438.jpg,141.57953773603214,56.43564318052463,0,255,0.0938112519163966,9.703273884608666e-05
sample_03439.jpg,139.64868326573387,14.632612748294706,62,213,0.0,0.0
sample_03440.jpg,81.03041006035437,14.779038664365007,3,159,0.0,0.0
sample_03441.jpg,75.4002600477401,46.123432933227264,0,177,0.23503270003299112,0.0
sample_03442.jpg,146.74480389683478,53.6703742849286,0,248,0.08870732985309243,0.0
sample_03443.jpg,157.41409691629957,40.38604489680563,0,255,0.015059481068912651,0.0023287857323060802
sample_03444.jpg,119.81391061344098,18.137310517659277,0,251,0.00015525238215373868,0.0
sample_03445.jpg,92.33848900619068,17.3745007609941,0,168,0.003357332764074599,0.0
sample_03446.jpg,109.67928739156592,57.055522482589545,0,193,0.1790254031710299,0.0
sample_03447.jpg,62.13576820819345,56.23555546531404,0,170,0.38966407265811487,0.0
sample_03448.jpg,163.15670787323643,14.05612737696906,52,195,0.0,0.0
sample_03449.jpg,114.4519590909973,13.189737271738144,49,181,0.0,0.0
sample_03450.jpg,181.41431038832502,15.845761634066703,131,244,0.0,0.0
sample_03451.jpg,134.40489821265695,18.58580660553396,35,218,0.0,0.0
sample_03452.jpg,107.60829823982611,12.783450170384437,40,152,0.0,0.0
sample_03453.jpg,146.9929942362553,17.583386014567818,19,238,0.0,0.0
sample_03454.jpg,126.66409206466261,20.26452248964528,17,244,0.0,0.0
sample_03455.jpg,80.42348968541987,53.282504255332015,0,177,0.2740786741446564,0.0
sample_03456.jpg,117.71322944361428,12.811881020369347,46,169,0.0,0.0
sample_03457.jpg,135.59195792660444,17.402887581498824,0,212,1.9406547769217335e-05,0.0
sample_03458.jpg,117.43950008732946,36.91649870140747,3,190,0.0,0.0
sample_03459.jpg,66.60321372431058,37.6416010034112,0,158,0.20462263967862757,0.0
sample_03460.jpg,166.8225271206505,11.942158471369968,125,221,0.0,0.0
sample_03461.jpg,117.26817908362281,17.140358929538515,23,210,0.0,0.0
sample_03462.jpg,164.19412369733547,16.475425318912542,89,228,0.0,0.0
sample_03463.jpg,67.07840245298763,18.31494883671629,26,202,0.0,0.0
sample_03464.jpg,108.1750664674261,50.82585019628066,0,234,0.15010964699489607,0.0
sample_03465.jpg,79.04467387296474,16.325269139625636,25,155,0.0,0.0
sample_03466.jpg,100.55803528110384,17.19848652478101,5,198,0.0,0.0
sample_03467.jpg,128.49593432824236,17.765960769760063,5,236,0.0,0.0
sample_03468.jpg,76.83170641774535,14.040746131288032,21,132,0.0,0.0
sample_03469.jpg,76.82404083137651,15.998511435331837,49,181,0.0,0.0
sample_03470.jpg,110.998486289274,40.74041675789522,0,214,0.08989112926701469,0.0
sample_03471.jpg,138.7108812513342,80.39763063667338,0,244,0.22175862135884647,0.0
sample_03472.jpg,198.36476547187021,14.503766802260053,137,238,0.0,0.0
sample_03473.jpg,159.84123503270004,16.745103667717427,47,252,0.0,0.0
sample_03474.jpg,115.9791379611481,18.646617319676,15,177,0.0,0.0
sample_03475.jpg,116.44848531894661,68.60545690762727,0,227,0.09210347571270547,0.0
sample_03476.jpg,138.42108327349646,15.017803568305771,74,208,0.0,0.0
sample_03477.jpg,124.40829435851656,16.53199251963528,39,189,0.0,0.0
sample_03478.jpg,127.34533951755323,19.43609822792695,43,224,0.0,0.0
sample_03479.jpg,81.5926759688719,18.794384638542507,33,253,0.0,0.0
sample_03480.jpg,101.45009606241146,40.3607699468675,0,239,0.09920627219623901,0.0
sample_03481.jpg,134.03576626753866,21.744407304415923,0,253,0.0006210095286149547,0.0
sample_03482.jpg,101.67340720759184,14.060181190216598,6,156,0.0,0.0
sample_03483.jpg,138.20169225096546,21.819096782089417,5,244,0.0,0.0
sample_03484.jpg,176.13109123018106,17.19746461774703,105,218,0.0,0.0
sample_03485.jpg,136.0019600613247,13.84558777520693,28,224,0.0,0.0
sample_03486.jpg,125.48580411030682,14.420265868671063,65,175,0.0,0.0
sample_03487.jpg,165.72766791515457,18.948257243288847,89,247,0.0,0.0
sample_03488.jpg,143.59717828795436,49.48810007795884,0,255,0.031690892507131904,1.9406547769217335e-05
sample_03489.jpg,126.08338993576433,18.52789420044811,0,172,7.762619107686934e-05,0.0
sample_03490.jpg,134.19654951580662,17.48811643908092,42,218,0.0,0.0
sample_03491.jpg,144.48605639542782,22.206168970242466,70,214,0.0,0.0
sample_03492.jpg,70.03557220206098,49.95831672742782,0,204,0.2880707950862621,0.0
sample_03493.jpg,90.46257447262707,21.16177047647969,0,210,0.0006210095286149547,0.0
sample_03494.jpg,180.8771371460731,16.303523244239873,32,238,0.0,0.0
sample_03495.jpg,104.59081294028606,22.42788486288808,0,228,1.9406547769217335e-05,0.0
sample_03496.jpg,36.49991267053504,13.917406240541489,7,110,0.0,0.0
sample_03497.jpg,122.14475343981059,18.297003125990503,62,198,0.0,0.0
sample_03498.jpg,120.44078091948224,19.82293367856998,40,207,0.0,0.0
sample_03499.jpg,140.78328708106116,15.355577682823366,77,192,0.0,0.0
sample_03500.jpg,108.884880358633,58.6665895916111,0,214,0.18789419550156222,0.0
sample_03501.jpg,123.9309709095849,13.592800279560931,69,183,0.0,0.0
sample_03502.jpg,79.72392245143512,16.879453792952763,6,171,0.0,0.0
sample_03503.jpg,155.15449552679073,15.182946442045425,79,247,0.0,0.0
sample_03504.jpg,89.03541694967882,53.67323874119409,0,190,0.2358671815870675,0.0
sample_03505.jpg,183.61231539521435,27.822295976464122,88,238,0.0,0.0
sample_03506.jpg,54.17135981680219,37.959566112514516,0,185,0.24033068757398746,0.0
sample_03507.jpg,59.62972306856334,47.51051940380215,0,212,0.34483494731122283,0.0
sample_03508.jpg,111.48956898057405,21.781601720725007,40,185,0.0,0.0
sample_03509.jpg,169.11013215859032,17.928483880748537,91,226,0.0,0.0
sample_03510.jpg,64.75833026062993,14.994407599066427,0,162,1.9406547769217335e-05,0.0
sample_03511.jpg,133.1583574297968,28.748831108347897,0,255,0.00031050476430747735,0.0031632672863824256
sample_03512.jpg,151.99908789225483,12.738190703520248,77,199,0.0,0.0
sample_03513.jpg,131.70701934832812,17.103244887445822,35,207,0.0,0.0
sample_03514.jpg,112.13951367191291,14.490960279776129,49,188,0.0,0.0
sample_03515.jpg,141.14056162549244,68.69891482108353,0,255,0.0968386733683945,1.9406547769217335e-05
sample_03516.jpg,98.42946690213277,12.618867103346277,32,139,0.0,0.0
sample_03517.jpg,47.45323992315007,15.695902070274995,4,180,0.0,0.0
sample_03518.jpg,98.09225872809486,16.263759590915676,40,248,0.0,0.0
sample_03519.jpg,126.67839469036853,14.048264308113522,69,179,0.0,0.0
sample_03520.jpg,100.22806574938384,11.499795403648815,50,181,0.0,0.0
sample_03521.jpg,89.75545809156009,15.142995771447309,20,144,0.0,0.0
sample_03522.jpg,156.44165421413186,66.20185650537591,0,255,0.11634225387645791,0.00013584583438452133
sample_03523.jpg,140.49444002406412,24.00988505742059,0,255,0.0005045702419996507,3.881309553843467e-05
sample_03524.jpg,97.6661879718217,47.24470387948635,0,189,0.15628092918550718,0.0
sample_03525.jpg,166.72735741039025,61.480343925908294,0,239,0.0986240757631625,0.0
sample_03526.jpg,130.29697840051233,18.66662537317416,10,254,0.0,0.0
sample_03527.jpg,129.6432300258107,29.046555791045073,0,208,0.02751848473675018,0.0
sample_03528.jpg,38.63471055134002,32.88163659557469,0,166,0.06712724873372276,0.0
sample_03529.jpg,90.01785402394768,22.10757721448368,0,194,0.005841370878534417,0.0
sample_03530.jpg,85.37250868443013,16.836724719034212,2,198,0.0,0.0
sample_03531.jpg,92.67509557724776,14.699616379133591,25,211,0.0,0.0
sample_03532.jpg,140.66090939082846,12.632894309149103,50,196,0.0,0.0
sample_03533.jpg,98.82147916707098,15.170354800990728,30,142,0.0,0.0
sample_03534.jpg,104.01760173882668,17.73839681698445,5,199,0.0,0.0
sample_03535.jpg,87.74674455161171,16.531512467687264,27,138,0.0,0.0
sample_03536.jpg,163.38844146014864,14.27818406912918,89,197,0.0,0.0
sample_03537.jpg,125.73744881523025,22.54914954795521,0,255,0.0010673601273069534,7.762619107686934e-05
sample_03538.jpg,64.57854800209591,21.10021440767523,17,254,0.0,0.0
sample_03539.jpg,108.44933920704845,17.63756613746988,40,181,0.0,0.0
sample_03540.jpg,139.67212637543906,18.07612056562585,32,227,0.0,0.0
sample_03541.jpg,122.36606571057075,16.82312808783827,10,202,0.0,0.0
sample_03542.jpg,107.26567563896059,16.294253750402728,10,224,0.0,0.0
sample_03543.jpg,74.18028682877603,16.462240395343144,8,157,0.0,0.0
sample_03544.jpg,153.61586679345612,13.694588086169118,87,223,0.0,0.0
sample_03545.jpg,123.42700227056609,17.664865184684164,70,204,0.0,0.0
sample_03546.jpg,75.18663276989656,15.990782966310341,7,159,0.0,0.0
sample_03547.jpg,107.56636069009684,55.377171881108985,0,255,0.1811601234256438,1.9406547769217335e-05
sample_03548.jpg,57.123328611073376,26.71604753120027,0,103,0.13825224630790428,0.0
sample_03549.jpg,142.79871528653769,16.35003986494828,81,231,0.0,0.0
sample_03550.jpg,141.94051893108735,18.71461908105385,20,205,0.0,0.0
sample_03551.jpg,129.3254866191853,15.718626485293077,37,196,0.0,0.0
sample_03552.jpg,145.52444254691534,11.26782128001597,97,179,0.0,0.0
sample_03553.jpg,96.2790273438258,16.182665821007195,2,186,0.0,0.0
sample_03554.jpg,164.83019270701934,13.664851850592168,90,208,0.0,0.0
sample_03555.jpg,119.17815210852142,17.69465205972568,37,187,0.0,0.0
sample_03556.jpg,103.12290166702245,54.052004391951385,0,175,0.18803004133594675,0.0
sample_03557.jpg,48.51522443672495,18.033329164324783,0,172,9.703273884608666e-05,0.0
sample_03558.jpg,155.2701973645908,52.55850102730483,0,255,0.08045954705117507,3.881309553843467e-05
sample_03559.jpg,103.14613130470221,17.2117934856154,48,217,0.0,0.0
sample_03560.jpg,151.4092064662617,19.255273024772265,106,210,0.0,0.0
sample_03561.jpg,33.70581614236644,25.977116875333397,0,174,0.1612101923188884,0.0
sample_03562.jpg,159.81860699800112,13.184939984238905,84,242,0.0,0.0
sample_03563.jpg,144.71713015971588,16.199441830043426,47,201,0.0,0.0
sample_03564.jpg,139.2831221254051,14.666179788130288,7,233,0.0,0.0
sample_03565.jpg,118.20105183488909,15.547465136317404,57,168,0.0,0.0
sample_03566.jpg,147.45931417260184,17.427848924819784,56,182,0.0,0.0
sample_03567.jpg,101.66273360631877,19.03394066679912,5,186,0.0,0.0
sample_03568.jpg,147.1972675580741,16.57906545104486,46,221,0.0,0.0
sample_03569.jpg,101.67476566593568,17.34418936388996,12,168,0.0,0.0
sample_03570.jpg,82.38228958450581,18.727827311154947,37,145,0.0,0.0
sample_03571.jpg,127.27221564555882,15.963970373231943,1,187,0.0,0.0
sample_03572.jpg,136.82805798676475,18.040752142611872,0,252,0.00038813095538434665,0.0
sample_03573.jpg,167.4600904345126,21.626124612890212,100,240,0.0,0.0
sample_03574.jpg,158.04414989617496,27.53680769246488,36,214,0.0,0.0
sample_03575.jpg,125.78928370432183,18.925086568815637,0,200,0.00027169166876904265,0.0
sample_03576.jpg,136.6091909410235,25.51055483951766,0,227,3.881309553843467e-05,0.0
sample_03577.jpg,108.5477304042384,14.94079790259183,59,200,0.0,0.0
sample_03578.jpg,111.08399153874517,13.775420195712478,54,158,0.0,0.0
sample_03579.jpg,41.85012323157834,18.93732711649179,3,82,0.0,0.0
sample_03580.jpg,126.18306196510703,17.181949669564847,47,211,0.0,0.0
sample_03581.jpg,81.23472219526869,11.70233454484102,12,182,0.0,0.0
sample_03582.jpg,185.22988996487416,27.323794396345917,0,255,0.0007762619107686933,9.703273884608666e-05
sample_03583.jpg,22.71443264957597,14.297541852035367,0,159,0.0006598226241533894,0.0
sample_03584.jpg,108.32630169419161,10.977640836234588,50,183,0.0,0.0
sample_03585.jpg,105.97191872537795,28.915944653357226,16,195,0.0,0.0
sample_03586.jpg,81.23264569465738,16.435353522679232,16,169,0.0,0.0
sample_03587.jpg,78.70474878223912,51.51075722562206,0,217,0.2596207960565895,0.0
sample_03588.jpg,81.49125735022997,15.650381187657725,31,147,0.0,0.0
sample_03589.jpg,142.21118205282463,18.822559045067408,5,248,0.0,0.0
sample_03590.jpg,116.0566088998428,70.45253151723372,0,224,0.24281472568844728,0.0
sample_03591.jpg,71.21275398319393,34.56651449531574,0,167,0.043431853907508394,0.0
sample_03592.jpg,88.34520367171883,40.696432831291055,0,164,0.14131848085544063,0.0
sample_03593.jpg,78.77696054648838,13.64315090170982,34,127,0.0,0.0
sample_03594.jpg,98.90653806594345,55.2374900230695,0,230,0.20615575695239574,0.0
sample_03595.jpg,142.73973878786703,12.8716983881901,74,194,0.0,0.0
sample_03596.jpg,70.05367851112966,48.82480142273968,0,220,0.29594985348056435,0.0
sample_03597.jpg,144.8556929107881,13.85696311950191,81,198,0.0,0.0
sample_03598.jpg,101.89924120398223,72.65769001625998,0,250,0.3095150303712473,0.0
sample_03599.jpg,92.92363523452813,62.67293209705032,0,238,0.2813561295581129,0.0
sample_03600.jpg,148.01573871024084,39.76642057073966,32,255,0.0,1.9406547769217335e-05
sample_03601.jpg,153.093423120961,16.35789077957723,48,218,0.0,0.0
sample_03602.jpg,147.06260552310349,15.678719230012389,24,206,0.0,0.0
sample_03603.jpg,113.08804750722894,18.271389944755093,11,193,0.0,0.0
sample_03604.jpg,96.25632168293582,18.20728375158096,49,202,0.0,0.0
sample_03605.jpg,133.66092879737624,16.723448574604465,84,206,0.0,0.0
sample_03606.jpg,144.92313066428613,16.9713920936546,58,255,0.0,3.881309553843467e-05
sample_03607.jpg,126.894467193231,28.311903825840556,25,224,0.0,0.0
sample_03608.jpg,54.327252615032315,42.27968112772562,0,255,0.28221001765995846,9.703273884608666e-05
sample_03609.jpg,142.41073958353547,15.930277856345802,65,220,0.0,0.0
sample_03610.jpg,131.1748335888529,16.250079633348363,9,208,0.0,0.0
sample_03611.jpg,86.45259950707369,14.545032377391301,34,143,0.0,0.0
sample_03612.jpg,139.64621863416716,24.768902013832765,0,255,1.9406547769217335e-05,1.9406547769217335e-05
sample_03613.jpg,140.4910438782045,17.68519204077968,0,224,9.703273884608666e-05,0.0
sample_03614.jpg,136.85018145122163,21.588174563936548,22,243,0.0,0.0
sample_03615.jpg,97.74459042480933,49.69115223678047,0,225,0.1720972656174193,0.0
sample_03616.jpg,135.3176851869821,22.773784443603102,32,232,0.0,0.0
sample_03617.jpg,125.90298666770168,20.570249565677056,0,224,0.000698635719691824,0.0
sample_03618.jpg,137.1658677637835,17.489654404318514,36,213,0.0,0.0
sample_03619.jpg,128.00683110481475,20.688773214003994,24,198,0.0,0.0
sample_03620.jpg,116.86134021618894,15.632382065805087,17,228,0.0,0.0
sample_03621.jpg,68.65797900211531,14.96357446113295,33,134,0.0,0.0
sample_03622.jpg,121.99743833569447,15.95301426343479,24,205,0.0,0.0
sample_03623.jpg,99.1813153758078,17.715088223391877,29,155,0.0,0.0
sample_03624.jpg,115.01185740068699,18.25413083700275,19,218,0.0,0.0
sample_03625.jpg,136.94927128413127,22.78452144369263,4,233,0.0,0.0
sample_03626.jpg,55.07498690058026,16.473657813215098,12,173,0.0,0.0
sample_03627.jpg,127.06788410409672,19.447328307599342,60,215,0.0,0.0
sample_03628.jpg,120.57455025325545,20.659374506413716,55,207,0.0,0.0
sample_03629.jpg,63.30085971006618,16.373776012198494,0,148,0.000174658929922956,0.0
sample_03630.jpg,152.46137126666537,19.645625907888594,79,213,0.0,0.0
sample_03631.jpg,172.24007840245298,24.987238874721154,59,229,0.0,0.0
sample_03632.jpg,114.38749053930796,17.029934487278314,26,197,0.0,0.0
sample_03633.jpg,88.80783636398921,19.247659041469184,6,200,0.0,0.0
sample_03634.jpg,88.55463913524423,14.905283846077587,36,200,0.0,0.0
sample_03635.jpg,142.12490054144268,16.73053758406458,0,255,3.881309553843467e-05,5.8219643307652e-05
sample_03636.jpg,116.19885889499118,11.841627080111214,28,167,0.0,0.0
sample_03637.jpg,79.7324419259058,41.07365533366085,0,210,0.16934153583419045,0.0
sample_03638.jpg,161.98061285877856,17.535890472992243,1,246,0.0,0.0
sample_03639.jpg,132.42537212055348,17.161651832809362,30,180,0.0,0.0
sample_03640.jpg,117.53154534339886,14.323108886539751,69,172,0.0,0.0
sample_03641.jpg,86.73335403365095,18.596339233274037,7,214,0.0,0.0
sample_03642.jpg,134.08317646373885,22.860242494511844,0,255,3.881309553843467e-05,0.00019406547769217333
sample_03643.jpg,94.53552368569156,62.802850019237106,0,200,0.279221409303499,0.0
sample_03644.jpg,151.1888257097945,17.68374493331805,54,191,0.0,0.0
sample_03645.jpg,136.83360825942674,12.637131404247008,65,190,0.0,0.0
sample_03646.jpg,97.89671835277223,45.280097002949404,0,198,0.1375730171359817,0.0
sample_03647.jpg,146.7727299190747,15.062279862061418,63,192,0.0,0.0
sample_03648.jpg,82.1582992101535,17.520181986250964,4,173,0.0,0.0
sample_03649.jpg,80.49007355081605,54.3692682808693,0,252,0.27347707116381065,0.0
sample_03650.jpg,69.55199984474761,20.413950001475303,0,255,5.8219643307652e-05,0.00013584583438452133
sample_03651.jpg,206.8508994934891,16.85601953747796,89,255,0.0,0.001688369655921908
sample_03652.jpg,139.22315589279822,74.22286682760026,0,214,0.1906693318325603,0.0
sample_03653.jpg,114.31145568514818,46.44097126025238,0,226,0.11218925265384541,0.0
sample_03654.jpg,127.29096237070388,16.418527970756216,41,207,0.0,0.0
sample_03655.jpg,104.46602883812999,16.397076298860004,38,238,0.0,0.0
sample_03656.jpg,137.73669195986727,17.00308104480006,54,227,0.0,0.0
sample_03657.jpg,125.82906712724873,16.069603272587933,80,202,0.0,0.0
sample_03658.jpg,120.11649750625861,20.178071430662246,0,255,5.8219643307652e-05,7.762619107686934e-05
sample_03659.jpg,63.38093112616197,37.04358417418436,0,198,0.2143841332065439,0.0
sample_03660.jpg,127.03634846397175,39.28035193619854,0,228,0.03924003958935745,0.0
sample_03661.jpg,131.23404296609675,17.71700985155476,0,253,1.9406547769217335e-05,0.0
sample_03662.jpg,133.91686234935668,18.098830287917746,1,219,0.0,0.0
sample_03663.jpg,162.98942343146578,16.174726902362536,107,220,0.0,0.0
sample_03664.jpg,103.12127151700984,44.25210256985251,0,187,0.12711288788837355,0.0
sample_03665.jpg,102.31176618991248,14.833517224528523,57,158,0.0,0.0
sample_03666.jpg,141.465524267888,17.438817178351925,35,193,0.0,0.0
sample_03667.jpg,96.46779483397698,15.212252241026613,41,251,0.0,0.0
sample_03668.jpg,148.18694327466088,19.219919592827424,0,217,0.00015525238215373868,0.0
sample_03669.jpg,98.74433813968832,48.72492643230621,0,186,0.1720972656174193,0.0
sample_03670.jpg,110.66838091171961,17.2898937991199,33,183,0.0,0.0
sample_03671.jpg,138.646063381785,14.60894505004078,33,213,0.0,0.0
sample_03672.jpg,122.25787420675736,17.005232323101104,54,203,0.0,0.0
sample_03673.jpg,60.5693492984533,15.513700089131222,6,183,0.0,0.0
sample_03674.jpg,97.41557181393001,17.507331198063174,0,255,1.9406547769217335e-05,3.881309553843467e-05
sample_03675.jpg,98.14671350113528,17.871318188016183,14,197,0.0,0.0
sample_03676.jpg,87.71590754720643,19.91263018141469,33,128,0.0,0.0
sample_03677.jpg,68.34349589551515,12.594498800657826,23,162,0.0,0.0
sample_03678.jpg,130.78037609889577,37.555923489717856,0,205,0.04999126705350385,0.0
sample_03679.jpg,86.4932562246502,11.236530558062977,59,148,0.0,0.0
sample_03680.jpg,159.33656775796155,11.968936734393573,100,215,0.0,0.0
sample_03681.jpg,126.54664363756332,16.089585833802783,75,244,0.0,0.0
sample_03682.jpg,135.3015389392381,22.898954140293128,26,226,0.0,0.0
sample_03683.jpg,146.58526266762405,16.707911139317364,66,221,0.0,0.0
sample_03684.jpg,53.35469347357799,16.199000596281664,1,131,0.0,0.0
sample_03685.jpg,122.63905761804033,16.853474007145508,63,196,0.0,0.0
sample_03686.jpg,121.09313202274447,15.677621310641603,24,202,0.0,0.0
sample_03687.jpg,91.17774457101827,16.535428188136486,20,177,0.0,0.0
sample_03688.jpg,177.7214772264162,17.02271311419537,113,241,0.0,0.0
sample_03689.jpg,154.10807506452676,15.228253021169746,80,207,0.0,0.0
sample_03690.jpg,109.73861320809641,32.57093864168582,9,220,0.0,0.0
sample_03691.jpg,128.68431368743813,22.429166506015,0,255,0.000698635719691824,0.000349317859845912
sample_03692.jpg,84.91631896601913,21.676931667546132,0,210,1.9406547769217335e-05,0.0
sample_03693.jpg,175.688951852355,14.343369149223772,108,255,0.0,0.00015525238215373868
sample_03694.jpg,57.57705369791768,30.8391107865533,0,148,0.16701275010188438,0.0
sample_03695.jpg,194.83818820470026,14.972297974462181,142,252,0.0,0.0
sample_03696.jpg,81.43230025810709,14.80356481539428,49,134,0.0,0.0
sample_03697.jpg,129.89196374856877,18.70654703419014,43,210,0.0,0.0
sample_03698.jpg,96.60507675289642,17.1095090736627,26,174,0.0,0.0
sample_03699.jpg,131.46604824467775,19.402977981983863,0,231,9.703273884608666e-05,0.0
sample_03700.jpg,136.67831706417746,21.36661416714237,39,183,0.0,0.0
sample_03701.jpg,34.80991286460051,15.700150731607089,1,94,0.0,0.0
sample_03702.jpg,87.09495623823479,56.15374047913549,0,179,0.26911059791573677,0.0
sample_03703.jpg,147.19336684197248,18.9071314350841,51,221,0.0,0.0
sample_03704.jpg,88.6193405655068,48.04524169542639,0,243,0.18674920918317842,0.0
sample_03705.jpg,176.52892545945002,17.03629723507943,73,228,0.0,0.0
sample_03706.jpg,97.41906499252848,29.989137712317667,0,241,0.03605736575520581,0.0
sample_03707.jpg,155.12949989326398,13.817091146378516,111,214,0.0,0.0
sample_03708.jpg,206.86252401560287,18.748113100927394,103,254,0.0,0.0
sample_03709.jpg,125.66211259679015,12.854744847935613,60,179,0.0,0.0
sample_03710.jpg,75.96056589493296,17.480600231718253,4,162,0.0,0.0
sample_03711.jpg,157.3341419394904,14.01289438721417,87,209,0.0,0.0
sample_03712.jpg,142.67647344213938,14.281659418334723,81,201,0.0,0.0
sample_03713.jpg,134.770013002387,20.18309879181234,0,255,1.9406547769217335e-05,0.0006210095286149547
sample_03714.jpg,120.67332958140076,21.501314147262306,34,247,0.0,0.0
sample_03715.jpg,79.87969881037863,21.56481360000076,4,170,0.0,0.0
sample_03716.jpg,47.091598905470704,18.631153145061187,0,110,0.001339051796075996,0.0
sample_03717.jpg,85.97873042364493,32.95635630231462,0,177,0.09262745250247434,0.0
sample_03718.jpg,215.17510528052165,69.7016495948215,0,255,0.07417182557394865,0.0077432125599177165
sample_03719.jpg,158.68008306002446,14.418280233485326,79,196,0.0,0.0
sample_03720.jpg,152.67839469036852,30.11381192909954,0,213,0.011779774495914922,0.0
sample_03721.jpg,111.39113897028858,13.531622477976832,68,174,0.0,0.0
sample_03722.jpg,185.47511110248598,19.061542333353785,50,250,0.0,0.0
sample_03723.jpg,172.20468085932194,34.29086102021343,27,237,0.0,0.0
sample_03724.jpg,110.02451046983252,67.31713377661464,0,227,0.24244600128083216,0.0
sample_03725.jpg,150.00987793281453,16.162578337109945,57,206,0.0,0.0
sample_03726.jpg,47.049952453957964,16.222381529503117,0,132,0.00019406547769217333,0.0
sample_03727.jpg,73.99215975470123,15.907781673061299,23,123,0.0,0.0
sample_03728.jpg,148.21894467193232,16.119469374241984,25,182,0.0,0.0
sample_03729.jpg,129.67688097964253,11.96981725945911,96,233,0.0,0.0
sample_03730.jpg,111.74651167303848,13.559798348635804,46,160,0.0,0.0
sample_03731.jpg,63.69861631314406,44.650463692134146,0,193,0.2826951813541889,0.0
sample_03732.jpg,55.13778648916144,15.94722522666651,0,97,0.00015525238215373868,0.0
sample_03733.jpg,120.42071454908886,17.488682921765946,1,225,0.0,0.0
sample_03734.jpg,174.4362786003998,20.841604311441294,6,255,0.0,0.002173533350152341
sample_03735.jpg,179.50394923247103,14.832407079094216,123,243,0.0,0.0
sample_03736.jpg,195.42240291874478,13.633590448895664,118,232,0.0,0.0
sample_03737.jpg,53.348289312814146,38.644024091038766,0,174,0.30827301131401735,0.0
sample_03738.jpg,168.33289992043316,21.871677255349542,37,218,0.0,0.0
sample_03739.jpg,159.6081235808962,14.968176271931915,90,203,0.0,0.0
sample_03740.jpg,83.29711424634672,32.318244443721994,27,191,0.0,0.0
sample_03741.jpg,76.69857750004851,15.272292483173763,31,170,0.0,0.0
sample_03742.jpg,113.21778027906616,18.481066209979538,57,227,0.0,0.0
sample_03743.jpg,182.84839604882688,17.977057442886114,83,255,0.0,3.881309553843467e-05
sample_03744.jpg,152.97370412777272,17.59276313867831,62,245,0.0,0.0
sample_03745.jpg,115.8703836674494,13.998560578751933,72,170,0.0,0.0
sample_03746.jpg,117.57990646043976,16.567052157851645,54,180,0.0,0.0
sample_03747.jpg,153.9036658968736,21.497036256798722,48,228,0.0,0.0
sample_03748.jpg,102.57456965980322,15.82398950310607,0,247,0.0002522851209998253,0.0
sample_03749.jpg,100.35259756641891,17.122266583037174,10,176,0.0,0.0
sample_03750.jpg,135.64823691513516,17.040414010390563,0,239,3.881309553843467e-05,0.0
sample_03751.jpg,156.67686157309475,13.706817801315516,112,215,0.0,0.0
sample_03752.jpg,99.0938694715597,18.312227418481367,0,219,3.881309553843467e-05,0.0
sample_03753.jpg,168.54031710299054,17.72868095537194,78,209,0.0,0.0
sample_03754.jpg,88.30454695414232,14.25212583360854,29,180,0.0,0.0
sample_03755.jpg,115.3210813328417,14.210319405821998,21,171,0.0,0.0
sample_03756.jpg,105.75644782549632,43.46530223749859,0,175,0.11546895922684314,0.0
sample_03757.jpg,109.18478914785848,20.842774455930435,0,255,0.003920122649381901,0.00019406547769217333
sample_03758.jpg,58.24914126026121,13.548116719314136,13,98,0.0,0.0
sample_03759.jpg,144.10013778648917,18.842186440293943,37,196,0.0,0.0
sample_03760.jpg,31.207611248035086,19.74039776851619,0,95,0.16386888936327118,0.0
sample_03761.jpg,124.22521298686176,20.125258075374546,23,225,0.0,0.0
sample_03762.jpg,160.75996041064255,15.061125721917213,112,228,0.0,0.0
sample_03763.jpg,55.09262745250248,30.938420673390723,0,197,0.17714296803741583,0.0
sample_03764.jpg,209.67730792369346,14.775844124942404,44,243,0.0,0.0
sample_03765.jpg,101.00842244173184,32.16268224062017,0,189,0.04521725630227639,0.0
sample_03766.jpg,109.07316268508995,16.489984314569227,39,184,0.0,0.0
sample_03767.jpg,98.38343457082419,57.22263345340455,0,233,0.22711482854315046,0.0
sample_03768.jpg,118.30272273865202,16.031434913727313,40,255,0.0,1.9406547769217335e-05
sample_03769.jpg,91.46404937025753,15.936189960836337,14,138,0.0,0.0
sample_03770.jpg,184.71973063711695,13.059918722168907,117,231,0.0,0.0
sample_03771.jpg,85.6439868811737,25.936251929434306,10,150,0.0,0.0
sample_03772.jpg,148.5218032564187,13.386736529087678,55,181,0.0,0.0
sample_03773.jpg,117.38863552562634,17.72575073794653,56,187,0.0,0.0
sample_03774.jpg,118.40967222340818,18.31071553885524,34,191,0.0,0.0
sample_03775.jpg,171.95187176153235,14.33208891174128,68,222,0.0,0.0
sample_03776.jpg,114.209804187933,17.829762232190944,5,198,0.0,0.0
sample_03777.jpg,81.45370568029654,40.87388233950316,0,174,0.1304120010091405,0.0
sample_03778.jpg,127.27110947233597,22.35459010983341,0,175,0.002095907159075472,0.0
sample_03779.jpg,148.91168080110228,27.120120976415716,0,250,0.0008538881018455627,0.0
sample_03780.jpg,171.03879368899067,15.205848475260503,99,246,0.0,0.0
sample_03781.jpg,88.30247045353101,17.785170346601326,5,189,0.0,0.0
sample_03782.jpg,108.60218517727881,21.060479449407662,30,187,0.0,0.0
sample_03783.jpg,166.47767276679153,17.686421255785067,83,250,0.0,0.0
sample_03784.jpg,79.31405616254925,16.665844304402118,12,187,0.0,0.0
sample_03785.jpg,103.84643598750219,61.52478641205466,0,224,0.22284538803392265,0.0
sample_03786.jpg,94.96605794795164,60.29703713396246,0,247,0.24896660133128917,0.0
sample_03787.jpg,105.91152554872014,47.77200116049315,0,240,0.12623959323875875,0.0
sample_03788.jpg,163.41809466514002,13.250242034813597,110,217,0.0,0.0
sample_03789.jpg,76.47608142987444,15.856704901854965,48,173,0.0,0.0
sample_03790.jpg,130.98067107842186,17.113420352814867,15,235,0.0,0.0
sample_03791.jpg,156.34130295561724,18.850489739964395,5,246,0.0,0.0
sample_03792.jpg,139.66370393370724,18.405706689098626,70,205,0.0,0.0
sample_03793.jpg,112.66733295814008,18.489406851587827,70,202,0.0,0.0
sample_03794.jpg,135.21356905820025,60.87840840876776,0,240,0.13741776475382794,0.0
sample_03795.jpg,198.89246831881076,18.711549637377104,108,244,0.0,0.0
sample_03796.jpg,123.33373440198723,15.879747707918758,71,202,0.0,0.0
sample_03797.jpg,153.9502610180675,14.523876673755007,45,223,0.0,0.0
sample_03798.jpg,134.9092743891789,13.173229968698378,82,188,0.0,0.0
sample_03799.jpg,126.38910128277281,40.13732238506147,0,246,0.044712686060276736,0.0
sample_03800.jpg,134.58244871819753,26.254175367095222,0,223,0.011954433425837878,0.0
sample_03801.jpg,194.9559277300161,14.512927471288972,90,231,0.0,0.0
sample_03802.jpg,161.92167517320343,20.310480783694672,0,247,3.881309553843467e-05,0.0
sample_03803.jpg,124.7245628675115,19.328537954328873,0,223,1.9406547769217335e-05,0.0
sample_03804.jpg,119.85990413165402,73.78405925576757,0,249,0.23788546255506607,0.0
sample_03805.jpg,174.18612819965458,18.667608588210484,54,243,0.0,0.0
sample_03806.jpg,65.92920491373789,38.150322441614314,0,165,0.2049913640862427,0.0
sample_03807.jpg,133.4578780880669,21.827930591543897,36,213,0.0,0.0
sample_03808.jpg,186.59021133730522,31.467178643255416,138,242,0.0,0.0
sample_03809.jpg,109.9885889499117,14.02958817829974,20,154,0.0,0.0
sample_03810.jpg,161.1477808612626,19.793834270142007,35,250,0.0,0.0
sample_03811.jpg,111.7113276019329,22.986960165203367,2,218,0.0,0.0
sample_03812.jpg,49.40353975431311,24.316718853093878,0,116,0.12988802421937162,0.0
sample_03813.jpg,77.87071357876147,14.197923302339783,40,138,0.0,0.0
sample_03814.jpg,119.9228977857129,13.352486619682857,31,185,0.0,0.0
sample_03815.jpg,129.72677521395718,16.400664085859596,56,218,0.0,0.0
sample_03816.jpg,104.14452056123736,46.37479955027759,0,193,0.12501698072929807,0.0
sample_03817.jpg,128.9731413378874,24.932342545755134,0,235,0.013506957247375264,0.0
sample_03818.jpg,64.85955481379418,36.19855033353464,0,134,0.18354712880125754,0.0
sample_03819.jpg,193.26487997050205,18.251890626607548,133,237,0.0,0.0
sample_03820.jpg,101.55570649537154,19.142046549374268,1,215,0.0,0.0
sample_03821.jpg,92.82380795280328,17.247507507256252,57,135,0.0,0.0
sample_03822.jpg,142.70082865958975,24.098111405028046,0,245,0.007917871489840671,0.0
sample_03823.jpg,154.45312348386346,68.2887515458009,0,235,0.1391643540530575,0.0
sample_03824.jpg,160.35211240272469,19.872159914617374,95,246,0.0,0.0
sample_03825.jpg,72.82586504686681,39.58306903082525,0,122,0.19422073007432708,0.0
sample_03826.jpg,115.14774204816705,19.330048226007843,29,218,0.0,0.0
sample_03827.jpg,145.32760193289215,16.274101294713265,70,202,0.0,0.0
sample_03828.jpg,127.45968289700946,16.35976409060726,1,245,0.0,0.0
sample_03829.jpg,66.90830406179045,34.213401560964236,0,250,0.12237769023268451,0.0
sample_03830.jpg,135.0535814783908,19.882816211860582,2,251,0.0,0.0
sample_03831.jpg,101.22777465116731,17.746894706103042,10,197,0.0,0.0
sample_03832.jpg,162.54025888334724,16.838027164229647,40,226,0.0,0.0
sample_03833.jpg,115.38914009586834,19.817816507588446,13,184,0.0,0.0
sample_03834.jpg,116.94257602515088,15.652759814138578,59,162,0.0,0.0
sample_03835.jpg,161.329717246599,15.579510561407325,53,222,0.0,0.0
sample_03836.jpg,120.6507403597974,13.369398393757184,69,207,0.0,0.0
sample_03837.jpg,133.6490325835937,15.921567689474239,29,226,0.0,0.0
sample_03838.jpg,60.551863998913234,18.616279144896293,0,179,0.00698635719691824,0.0
sample_03839.jpg,93.76203691125386,14.675181234204388,37,219,0.0,0.0
sample_03840.jpg,75.30464398688117,40.570969485057645,0,217,0.17885074424110695,0.0
sample_03841.jpg,118.40088105726872,19.16387156841372,20,222,0.0,0.0
sample_03842.jpg,106.13210037066506,16.354272852677667,57,205,0.0,0.0
sample_03843.jpg,125.15490306429389,22.107240123108834,16,250,0.0,0.0
sample_03844.jpg,171.21331677307924,12.17327787298072,85,207,0.0,0.0
sample_03845.jpg,118.57961536222321,14.078761456569687,87,211,0.0,0.0
sample_03846.jpg,188.97659570339033,23.594693001219063,0,241,0.000349317859845912,0.0
sample_03847.jpg,78.06765122552349,17.92388733270667,11,238,0.0,0.0
sample_03848.jpg,174.53296202138603,40.95315642597404,0,225,0.023753614469522018,0.0
sample_03849.jpg,150.67724970405015,21.10940099885682,11,254,0.0,0.0
sample_03850.jpg,135.31267829765764,19.09926113335724,0,248,3.881309553843467e-05,0.0
sample_03851.jpg,103.5520774709387,25.083461568312302,0,188,0.02280269362883037,0.0
sample_03852.jpg,55.44997962312484,15.831611957437763,16,181,0.0,0.0
sample_03853.jpg,98.76729608569931,59.502628533942946,0,255,0.22800752974053445,3.881309553843467e-05
sample_03854.jpg,113.05354266529527,19.292287154378656,31,186,0.0,0.0
sample_03855.jpg,175.3244774787013,13.551294314856921,56,199,0.0,0.0
sample_03856.jpg,91.11803062353238,46.566214299501645,0,236,0.16124900541442683,0.0
sample_03857.jpg,140.3517824914126,16.683100448385037,31,207,0.0,0.0
sample_03858.jpg,172.23518795241515,18.333223939758096,35,233,0.0,0.0
sample_03859.jpg,154.7766306351763,16.02895082717936,63,252,0.0,0.0
sample_03860.jpg,126.93628830367366,17.771809549551975,19,229,0.0,0.0
sample_03861.jpg,103.70011061732228,66.98041938029338,0,190,0.25474975256651594,0.0
sample_03862.jpg,148.75017951056685,15.638442052127933,44,233,0.0,0.0
sample_03863.jpg,133.49612839372003,13.694935986151302,37,189,0.0,0.0
sample_03864.jpg,148.26614139610706,16.744753660585047,54,242,0.0,0.0
sample_03865.jpg,124.50282365270043,20.45853672753018,37,231,0.0,0.0
sample_03866.jpg,150.6252013429331,15.599114907891588,99,209,0.0,0.0
sample_03867.jpg,115.28923518795241,20.46231807962935,0,255,0.0006210095286149547,3.881309553843467e-05
sample_03868.jpg,97.21830425585593,47.50623890680123,0,183,0.16355838459896369,0.0
sample_03869.jpg,59.07921752799395,15.265006013311664,1,183,0.0,0.0
sample_03870.jpg,129.09187059713946,18.32513716060746,15,213,0.0,0.0
sample_03871.jpg,97.60311669157174,17.77106726001788,34,169,0.0,0.0
sample_03872.jpg,117.17353335015234,46.37377752812808,0,204,0.10966640144384715,0.0
sample_03873.jpg,61.43905373673077,32.86504727548412,0,170,0.09392769120301189,0.0
sample_03874.jpg,136.63828135612957,25.812503424495414,73,194,0.0,0.0
sample_03875.jpg,131.4713656387665,18.43496172636097,0,206,5.8219643307652e-05,0.0
sample_03876.jpg,117.77338974169885,95.15086966732225,0,239,0.3744881523025869,0.0
sample_03877.jpg,76.57965417531875,13.575712615328175,23,169,0.0,0.0
sample_03878.jpg,69.45360864755769,47.7081408894283,0,208,0.2723708979409653,0.0
sample_03879.jpg,142.8175396378738,22.95038279420746,0,255,0.00013584583438452133,0.00013584583438452133
sample_03880.jpg,112.9394127578645,20.890355021487583,1,244,0.0,0.0
sample_03881.jpg,70.36827805701644,19.48928660185533,2,126,0.0,0.0
sample_03882.jpg,186.5923654641076,22.74776518321032,0,253,0.00029109821653826003,0.0
sample_03883.jpg,77.94055774418288,50.29864100598978,0,200,0.2498010828853655,0.0
sample_03884.jpg,84.56911641988006,17.75213105507224,22,195,0.0,0.0
sample_03885.jpg,167.8450969357061,21.18285846313,86,221,0.0,0.0
sample_03886.jpg,77.74573541112771,17.56544977003331,0,199,0.00013584583438452133,0.0
sample_03887.jpg,120.5706107240583,72.94174679034235,0,225,0.23672106968891304,0.0
sample_03888.jpg,162.99144171243378,16.790937854981745,65,239,0.0,0.0
sample_03889.jpg,121.96755225212986,21.02187122482297,0,246,0.000232878573230608,0.0
sample_03890.jpg,121.78270488462807,13.518132008669214,28,185,0.0,0.0
sample_03891.jpg,134.91057462787944,18.07388215754809,23,228,0.0,0.0
sample_03892.jpg,89.5406664208504,17.522310396509006,19,193,0.0,0.0
sample_03893.jpg,142.7239224514351,14.99035541647748,81,205,0.0,0.0
sample_03894.jpg,136.46694094587514,18.569455042034956,81,255,0.0,0.000116439286615304
sample_03895.jpg,84.43228085155931,24.293789404168933,3,200,0.0,0.0
sample_03896.jpg,145.3816103553339,19.880843013285777,100,197,0.0,0.0
sample_03897.jpg,115.73735178249142,22.453487071348707,0,254,0.00036872440761512933,0.0
sample_03898.jpg,63.0150012614256,21.810281018136905,18,213,0.0,0.0
sample_03899.jpg,128.59294766054066,20.044825989436863,0,246,7.762619107686934e-05,0.0
sample_03900.jpg,67.16346135186012,42.306011876127876,0,124,0.24735585786644415,0.0
sample_03901.jpg,221.8330648760892,14.070549422131995,129,255,0.0,0.000116439286615304
sample_03902.jpg,121.43435735217062,24.748193812267306,0,211,0.015467018572066215,0.0
sample_03903.jpg,114.7757573405267,24.527687252300545,0,179,5.8219643307652e-05,0.0
sample_03904.jpg,102.96048826874187,15.966575852477966,14,234,0.0,0.0
sample_03905.jpg,138.44041219507463,15.511458796256015,38,173,0.0,0.0
sample_03906.jpg,122.8263113974655,19.70523507131857,0,210,0.00013584583438452133,0.0
sample_03907.jpg,100.36354285936075,12.74896166107851,51,157,0.0,0.0
sample_03908.jpg,117.14628655708437,17.51263688587071,48,222,0.0,0.0
sample_03909.jpg,58.08362281433756,18.831066567878093,14,132,0.0,0.0
sample_03910.jpg,39.545091113741776,18.060411195134847,0,102,0.08651438995517087,0.0
sample_03911.jpg,166.9020939665043,41.826438191497594,0,239,0.034446622290360766,0.0
sample_03912.jpg,101.30899105358148,15.514379212844156,0,213,7.762619107686934e-05,0.0
sample_03913.jpg,99.63692289778571,18.907171925903835,20,155,0.0,0.0
sample_03914.jpg,113.65671757651032,15.996572362051,31,228,0.0,0.0
sample_03915.jpg,123.39762075724349,19.743947956768324,34,252,0.0,0.0
sample_03916.jpg,128.75572978322887,15.056951901187315,48,210,0.0,0.0
sample_03917.jpg,111.655397931262,16.23037579690951,62,180,0.0,0.0
sample_03918.jpg,215.32255623047217,14.33166450896524,168,255,0.0,0.0015331172737681694
sample_03919.jpg,132.79432940674184,12.697707599453276,87,196,0.0,0.0
sample_03920.jpg,124.99204331541462,22.29879829667371,19,182,0.0,0.0
sample_03921.jpg,203.52116284034233,18.132727528995648,98,255,0.0,0.0007180422674610414
sample_03922.jpg,94.66343224203847,63.097986148767646,0,238,0.2791243765646529,0.0
sample_03923.jpg,158.79007937278038,16.415329007469737,62,203,0.0,0.0
sample_03924.jpg,102.20503017718178,31.264571632253187,0,254,0.04426633546158474,0.0
sample_03925.jpg,155.14376370587436,27.764894789067057,0,235,0.00042694405092278136,0.0
sample_03926.jpg,163.08360340778978,16.996737581280172,48,219,0.0,0.0
sample_03927.jpg,139.45244425469153,16.0659142408052,65,231,0.0,0.0
sample_03928.jpg,187.1577364202682,15.10650854842085,136,244,0.0,0.0
sample_03929.jpg,125.36220380756467,14.149465538816914,49,188,0.0,0.0
sample_03930.jpg,108.79493100972267,32.897222547999704,0,208,0.043412447359739176,0.0
sample_03931.jpg,125.75474004929264,12.289699167859855,33,188,0.0,0.0
sample_03932.jpg,79.09243338702478,16.300111158527386,0,156,0.00019406547769217333,0.0
sample_03933.jpg,84.86838479302916,17.8877222296351,25,143,0.0,0.0
sample_03934.jpg,107.60237924275651,14.211359622019563,14,165,0.0,0.0
sample_03935.jpg,111.41244735973918,19.21475982706252,13,218,0.0,0.0
sample_03936.jpg,162.50229967591065,14.355289152123817,106,242,0.0,0.0
sample_03937.jpg,135.20650507481224,17.431976665482612,79,254,0.0,0.0
sample_03938.jpg,150.7395059092938,15.527080490769514,86,232,0.0,0.0
sample_03939.jpg,126.39731025247919,11.169100190637783,72,225,0.0,0.0
sample_03940.jpg,143.68237303266122,14.32261394661753,1,193,0.0,0.0
sample_03941.jpg,190.68959226843137,20.56556019344582,33,244,0.0,0.0
sample_03942.jpg,122.11859341341768,15.421181816019818,72,198,0.0,0.0
sample_03943.jpg,122.93949038405557,18.2947629403986,72,202,0.0,0.0
sample_03944.jpg,94.09945855731723,22.227524026077838,7,178,0.0,0.0
sample_03945.jpg,122.62935434415571,13.981838966658762,24,213,0.0,0.0
sample_03946.jpg,130.62310543577402,17.180407392076035,0,225,1.9406547769217335e-05,0.0
sample_03947.jpg,115.00409478157931,48.51262579428861,0,219,0.12268819499699199,0.0
sample_03948.jpg,172.4693473577985,17.026611139443453,79,217,0.0,0.0
sample_03949.jpg,100.22010906479846,15.92050220804993,37,170,0.0,0.0
sample_03950.jpg,190.93586135962275,14.862723884677672,45,250,0.0,0.0
sample_03951.jpg,112.34361233480176,15.390972275854145,31,186,0.0,0.0
sample_03952.jpg,94.73966116167595,41.496515163577634,0,196,0.12185371344291564,0.0
sample_03953.jpg,161.1229210735702,18.63718301601867,89,216,0.0,0.0
sample_03954.jpg,80.72914281278503,60.07266855170539,0,204,0.2661219895592773,0.0
sample_03955.jpg,110.79079741504783,17.476298283417297,41,194,0.0,0.0
sample_03956.jpg,154.008325408993,19.469470589903757,0,255,0.00021347202546139068,0.000640416076384172
sample_03957.jpg,111.89438956703992,16.39961152602648,41,190,0.0,0.0
sample_03958.jpg,146.46063381785015,15.10423100221666,91,184,0.0,0.0
sample_03959.jpg,126.16384948281551,16.87373132655484,1,179,0.0,0.0
sample_03960.jpg,96.08271070659241,18.63437346359692,6,141,0.0,0.0
sample_03961.jpg,79.651613654447,16.352592477097126,8,169,0.0,0.0
sample_03962.jpg,147.99604106425508,21.854208279827205,0,192,0.0022511595412292107,0.0
sample_03963.jpg,129.2074754022007,16.594423562457344,6,189,0.0,0.0
sample_03964.jpg,125.01901841681384,23.846563841272257,6,230,0.0,0.0
sample_03965.jpg,96.83023152011489,56.678892229966124,0,210,0.10989928001707776,0.0
sample_03966.jpg,177.45937239224514,15.208414645615594,113,241,0.0,0.0
sample_03967.jpg,92.57233790680976,47.07262669558249,0,232,0.150458964854742,0.0
sample_03968.jpg,155.30487686545442,31.672153629642416,38,225,0.0,0.0
sample_03969.jpg,80.2482679656116,19.57046110872779,0,183,1.9406547769217335e-05,0.0
sample_03970.jpg,109.4026664596635,22.433165423901762,11,212,0.0,0.0
sample_03971.jpg,81.06988297851696,12.3605186220386,5,173,0.0,0.0
sample_03972.jpg,160.68173261658484,18.059182386918827,101,207,0.0,0.0
sample_03973.jpg,62.441304896272,16.714309345784304,3,186,0.0,0.0
sample_03974.jpg,137.28746919210542,18.021119571854925,2,252,0.0,0.0
sample_03975.jpg,183.6033301635972,14.669718662182547,138,250,0.0,0.0
sample_03976.jpg,132.92402336548352,36.37891425303047,0,237,0.04125832055735605,0.0
sample_03977.jpg,101.14667468803974,19.05168004916928,0,236,9.703273884608666e-05,0.0
sample_03978.jpg,111.27551475867958,12.870877333690833,66,175,0.0,0.0
sample_03979.jpg,104.0948786120437,15.801284451506087,25,178,0.0,0.0
sample_03980.jpg,75.58237109200644,18.379686999863928,26,255,0.0,3.881309553843467e-05
sample_03981.jpg,194.97927380698246,13.831059893896182,89,254,0.0,0.0
sample_03982.jpg,182.41252498593025,17.840301241672044,83,247,0.0,0.0
sample_03983.jpg,121.08527237089794,12.219079019472511,84,164,0.0,0.0
sample_03984.jpg,153.6003803683363,22.335895251036426,0,248,1.9406547769217335e-05,0.0
sample_03985.jpg,120.17819092161696,20.455842590060996,55,227,0.0,0.0
sample_03986.jpg,68.3071474315434,16.63620081573839,0,161,0.00029109821653826003,0.0
sample_03987.jpg,129.16809951677695,15.177204319091922,38,201,0.0,0.0
sample_03988.jpg,180.35843893729745,51.402424778269015,0,232,0.05517281530788488,0.0
sample_03989.jpg,98.62044673872964,19.421314615066628,0,249,0.0002522851209998253,0.0
sample_03990.jpg,138.8969318247977,16.5040933064141,0,247,3.881309553843467e-05,0.0
sample_03991.jpg,152.78800287216907,20.45020095446749,58,207,0.0,0.0
sample_03992.jpg,141.02163830076267,11.619963730153309,61,197,0.0,0.0
sample_03993.jpg,82.41440742106387,74.54680541613688,0,228,0.40295755788002874,0.0
sample_03994.jpg,87.9599642919521,22.03684705572977,0,212,0.00036872440761512933,0.0
sample_03995.jpg,106.9312814143492,54.80175391083983,0,230,0.17013720429272836,0.0
sample_03996.jpg,171.25426458887227,14.684146080682336,98,245,0.0,0.0
sample_03997.jpg,134.4559180267422,18.983887325546625,0,248,0.00027169166876904265,0.0
sample_03998.jpg,166.97760484387433,14.29835845517923,33,207,0.0,0.0
sample_03999.jpg,135.03786217469775,15.130128387170684,72,217,0.0,0.0
sample_04000.jpg,159.11900095092085,15.520078429119481,85,235,0.0,0.0
sample_04001.jpg,148.2046420462264,12.709353445272,104,198,0.0,0.0
sample_04002.jpg,161.3908672786198,25.182953584477918,14,248,0.0,0.0
sample_04003.jpg,109.90601408915369,14.210826821435145,43,245,0.0,0.0
sample_04004.jpg,132.25529313590405,16.428112310499404,0,179,0.00019406547769217333,0.0
sample_04005.jpg,144.8043819984863,11.733929975314382,34,203,0.0,0.0
sample_04006.jpg,133.8047507228939,18.953359684535798,0,226,7.762619107686934e-05,0.0
sample_04007.jpg,128.29344640881834,15.028984008192479,64,195,0.0,0.0
sample_04008.jpg,95.27700906285781,66.62092762551097,0,243,0.29416445108579636,0.0
sample_04009.jpg,129.32938733528692,17.579979618232784,14,198,0.0,0.0
sample_04010.jpg,124.67928739156592,17.808268508823804,17,209,0.0,0.0
sample_04011.jpg,111.41970540860487,41.503097398836374,0,241,0.09747908944477866,0.0
sample_04012.jpg,62.6974519202779,18.186172014955027,8,204,0.0,0.0
sample_04013.jpg,95.80418793300859,26.084556505918655,0,187,0.011740961400376487,0.0
sample_04014.jpg,111.55489142036524,12.811002142134052,70,172,0.0,0.0
sample_04015.jpg,148.58198296105107,19.062783144048407,77,208,0.0,0.0
sample_04016.jpg,152.4019096043005,22.904761974286057,0,240,0.004094781579304857,0.0
sample_04017.jpg,115.75212016534378,66.58957844991656,0,255,0.12814143492014204,9.703273884608666e-05
sample_04018.jpg,115.0352422907489,13.044508856905985,50,180,0.0,0.0
sample_04019.jpg,109.67561955403754,74.63649870813718,0,233,0.2949018999010266,0.0
sample_04020.jpg,129.98560034155523,16.42497961267249,12,197,0.0,0.0
sample_04021.jpg,109.81620058607774,15.842355547800688,0,248,5.8219643307652e-05,0.0
sample_04022.jpg,148.34997768247007,14.292033830940571,63,205,0.0,0.0
sample_04023.jpg,97.68516757553999,17.738409091229528,20,201,0.0,0.0
sample_04024.jpg,188.54371324885017,15.679022325261043,138,255,0.0,1.9406547769217335e-05
sample_04025.jpg,146.95806245027072,41.41404428641538,0,204,0.05358147839080906,0.0
sample_04026.jpg,73.64146402996371,18.186557114263056,27,135,0.0,0.0
sample_04027.jpg,82.73713831046595,19.481323095494172,7,152,0.0,0.0
sample_04028.jpg,117.74016573191795,16.196894246743955,0,179,1.9406547769217335e-05,0.0
sample_04029.jpg,106.16742028760504,51.044392310241626,0,255,0.14467581361951523,1.9406547769217335e-05
sample_04030.jpg,56.63828135612956,20.821245088831123,0,123,3.881309553843467e-05,0.0
sample_04031.jpg,124.06202332667041,18.947308008450733,17,206,0.0,0.0
sample_04032.jpg,115.15990995361835,14.412329268883921,7,180,0.0,0.0
sample_04033.jpg,129.03052649964098,20.470627136503627,44,240,0.0,0.0
sample_04034.jpg,53.29754119039764,17.209004051940898,0,133,0.001047953579537736,0.0
sample_04035.jpg,221.82446777542742,12.44382070653904,148,244,0.0,0.0
sample_04036.jpg,136.548603698888,20.52063736110726,65,246,0.0,0.0
sample_04037.jpg,110.8617477536921,15.384061655006832,0,191,1.9406547769217335e-05,0.0
sample_04038.jpg,122.16821595606358,12.81485447964693,32,206,0.0,0.0
sample_04039.jpg,145.96207960565894,13.120720630194242,101,201,0.0,0.0
sample_04040.jpg,120.71881852937182,20.686445550432175,38,254,0.0,0.0
sample_04041.jpg,133.80201439965845,26.5322837790909,35,255,0.0,1.9406547769217335e-05
sample_04042.jpg,108.18486677404957,28.99227649019581,0,255,1.9406547769217335e-05,0.00040753750315356403
sample_04043.jpg,56.233441363115915,38.49749387375776,0,149,0.2791631896601913,0.0
sample_04044.jpg,88.32463273108347,28.524465341383497,0,255,0.002484038114459819,0.0006792291719226067
sample_04045.jpg,51.93725863106212,15.216042789828192,0,98,0.0005045702419996507,0.0
sample_04046.jpg,114.31720002328785,81.70444195437462,0,225,0.3122319470589377,0.0
sample_04047.jpg,199.70927050786935,14.009743950756798,76,229,0.0,0.0
sample_04048.jpg,115.78809990490791,53.1750827058133,0,216,0.14863474936443555,0.0
sample_04049.jpg,153.05761804032682,13.310334802580252,89,234,0.0,0.0
sample_04050.jpg,171.78767296085698,16.94702601903597,77,246,0.0,0.0
sample_04051.jpg,93.91872537794252,19.031334439311273,30,255,0.0,1.9406547769217335e-05
sample_04052.jpg,126.00896582506938,17.733284072740677,0,216,0.0006210095286149547,0.0
sample_04053.jpg,108.4719478351996,53.2067938169254,0,172,0.1672844417706534,0.0
sample_04054.jpg,123.38320169225096,28.559274407748184,0,255,0.00031050476430747735,0.0011837994139222573
sample_04055.jpg,155.8034892972889,10.683325418437926,113,193,0.0,0.0
sample_04056.jpg,160.16608123580897,14.533791208708347,98,226,0.0,0.0
sample_04057.jpg,139.76296842554677,23.778167460302328,18,201,0.0,0.0
sample_04058.jpg,100.71879912282404,17.15032651165619,0,218,0.00013584583438452133,0.0
sample_04059.jpg,35.979506685555705,23.196044490863578,0,244,0.17650255196103165,0.0
sample_04060.jpg,25.790428690640223,17.24076100862764,0,112,0.000174658929922956,0.0
sample_04061.jpg,141.48302897397582,17.037687071362548,1,226,0.0,0.0
sample_04062.jpg,126.42843835510101,21.68779170586786,0,255,0.002095907159075472,0.0008150750063071281
sample_04063.jpg,80.13252731471599,15.576986596262081,24,172,0.0,0.0
sample_04064.jpg,36.650720953249625,12.827792687878723,2,177,0.0,0.0
sample_04065.jpg,138.72048749247998,20.36019131132456,1,255,0.0,1.9406547769217335e-05
sample_04066.jpg,107.59236546410759,18.00958570351686,38,228,0.0,0.0
sample_04067.jpg,125.58165304973897,14.149204166727962,20,208,0.0,0.0
sample_04068.jpg,93.69382289584506,58.82245230440726,0,207,0.25486619185313125,0.0
sample_04069.jpg,125.62390110423257,20.462111309708675,56,225,0.0,0.0
sample_04070.jpg,116.83415164276427,19.97984908308988,1,223,0.0,0.0
sample_04071.jpg,122.93516272390305,13.745061251866794,50,165,0.0,0.0
sample_04072.jpg,111.03205961691475,20.444745993948324,0,190,1.9406547769217335e-05,0.0
sample_04073.jpg,154.91645481185353,14.93024225223541,6,231,0.0,0.0
sample_04074.jpg,23.18300374546372,19.681249801690207,0,84,0.007490927438917891,0.0
sample_04075.jpg,79.24002018280969,57.25615813213856,0,221,0.32428341322362164,0.0
sample_04076.jpg,106.2802305497875,16.07794181189058,0,255,0.0006016029808457373,0.0003299113120766947
sample_04077.jpg,134.48892856449766,15.709915668902003,9,247,0.0,0.0
sample_04078.jpg,141.5277998796794,14.067567484868908,73,194,0.0,0.0
sample_04079.jpg,187.77294339110017,16.431032711006374,105,255,0.0,1.9406547769217335e-05
sample_04080.jpg,103.48879271866328,17.630990519410716,3,218,0.0,0.0
sample_04081.jpg,188.79064216266568,19.064081873420243,88,255,0.0,5.8219643307652e-05
sample_04082.jpg,69.61105396960934,21.033011272540207,1,199,0.0,0.0
sample_04083.jpg,76.10302936210678,14.569505440988069,38,236,0.0,0.0
sample_04084.jpg,93.06264433619903,24.493413377515356,0,250,0.0008927011973839974,0.0
sample_04085.jpg,132.01583574297968,12.454163727194148,0,208,7.762619107686934e-05,0.0
sample_04086.jpg,123.11777833841138,22.336265886750027,58,250,0.0,0.0
sample_04087.jpg,132.33769333773216,13.962060634109099,79,201,0.0,0.0
sample_04088.jpg,127.78115236080653,20.88075291845561,42,194,0.0,0.0
sample_04089.jpg,77.49797201575812,49.377995694943756,0,218,0.249218886452289,0.0
sample_04090.jpg,115.85854567331018,17.040185097492916,63,187,0.0,0.0
sample_04091.jpg,35.80335345145452,13.75650552449444,0,111,5.8219643307652e-05,0.0
sample_04092.jpg,109.00558908575753,22.406719094380996,1,197,0.0,0.0
sample_04093.jpg,65.06219798560033,19.517172411244317,0,155,0.004094781579304857,0.0
sample_04094.jpg,152.17755050554058,14.465224822001796,52,240,0.0,0.0
sample_04095.jpg,30.14977973568282,21.895174553102404,0,77,0.24805449358613596,0.0
sample_04096.jpg,153.07056220768888,15.156424276094343,101,226,0.0,0.0
sample_04097.jpg,182.22981233868308,14.843794266512143,62,255,0.0,3.881309553843467e-05
sample_04098.jpg,117.25899978652798,15.560026000791778,43,197,0.0,0.0
sample_04099.jpg,79.09431582215839,11.839606488583328,54,155,0.0,0.0
sample_04100.jpg,101.62914087213025,12.478745447053429,1,161,0.0,0.0
sample_04101.jpg,134.66830328552854,12.14153231029345,38,180,0.0,0.0
sample_04102.jpg,135.06803935647886,15.6227661860407,95,228,0.0,0.0
sample_04103.jpg,182.14944982437075,14.276068445978517,103,229,0.0,0.0
sample_04104.jpg,133.66774049564324,14.315127189258257,11,201,0.0,0.0
sample_04105.jpg,125.8204506200392,19.85623326804743,15,246,0.0,0.0
sample_04106.jpg,147.48700731626852,16.825103823714375,40,210,0.0,0.0
sample_04107.jpg,115.34797880804983,18.838902720183437,7,214,0.0,0.0
sample_04108.jpg,115.91346620349707,14.307367118477822,33,179,0.0,0.0
sample_04109.jpg,113.60820120708728,59.53554751347498,0,255,0.18575947524694833,0.00019406547769217333
sample_04110.jpg,130.68052941062314,13.979644974743039,53,208,0.0,0.0
sample_04111.jpg,96.57668497351007,46.475546114938915,0,181,0.16192823458634945,0.0
sample_04112.jpg,128.96320518542956,17.796784479081172,58,198,0.0,0.0
sample_04113.jpg,195.1115294300297,64.45906895224965,0,255,0.06640920646626172,5.8219643307652e-05
sample_04114.jpg,132.0854858429234,72.26560304267436,0,223,0.20087717595916862,0.0
sample_04115.jpg,136.98942343146578,27.145100363568073,27,209,0.0,0.0
sample_04116.jpg,84.04931203788158,14.224368568876828,28,143,0.0,0.0
sample_04117.jpg,127.68607968328514,18.806211270504424,0,206,0.00015525238215373868,0.0
sample_04118.jpg,116.10048710434901,15.884485004515424,41,198,0.0,0.0
sample_04119.jpg,72.31568631256185,17.91424288150884,0,165,5.8219643307652e-05,0.0
sample_04120.jpg,152.29305827786294,16.816617051995138,15,216,0.0,0.0
sample_04121.jpg,142.2874303790099,21.828979243530885,12,253,0.0,0.0
sample_04122.jpg,107.63228473286887,15.73146105335992,48,173,0.0,0.0
sample_04123.jpg,78.42684701818393,15.407404753848366,38,186,0.0,0.0
sample_04124.jpg,107.03023540142443,14.604805156575086,72,210,0.0,0.0
sample_04125.jpg,112.23006462380407,18.43670154403871,0,213,1.9406547769217335e-05,0.0
sample_04126.jpg,191.11304314075568,19.17906386119522,0,232,0.001397271439383648,0.0
sample_04127.jpg,202.3551204176289,19.525458903976908,92,249,0.0,0.0
sample_04128.jpg,136.52246307904286,12.648814723305893,40,200,0.0,0.0
sample_04129.jpg,104.08767878282133,13.436480003397534,37,146,0.0,0.0
sample_04130.jpg,95.59471365638767,51.230624804428096,0,217,0.18979603718294552,0.0
sample_04131.jpg,98.3058860059384,21.979929160324506,0,160,0.021444235284985153,0.0
sample_04132.jpg,143.23136486250462,20.020861671198695,108,207,0.0,0.0
sample_04133.jpg,111.34984183663568,22.162048758059168,16,212,0.0,0.0
sample_04134.jpg,55.192299481845176,15.179744545316579,23,98,0.0,0.0
sample_04135.jpg,136.20173106406102,11.65227301219702,113,189,0.0,0.0
sample_04136.jpg,117.48993770498166,18.382320364084197,19,200,0.0,0.0
sample_04137.jpg,120.27935725513788,15.7761943627153,19,220,0.0,0.0
sample_04138.jpg,195.41795881930562,18.032680834542365,115,255,0.0,0.00019406547769217333
sample_04139.jpg,103.75617613382755,13.286937054357862,52,162,0.0,0.0
sample_04140.jpg,179.14993498806498,18.664391712178652,22,227,0.0,0.0
sample_04141.jpg,175.83397698383433,15.43807359060314,95,240,0.0,0.0
sample_04142.jpg,161.30705039880456,29.054569674187963,37,248,0.0,0.0
sample_04143.jpg,74.36109763434183,15.893470959761627,14,112,0.0,0.0
sample_04144.jpg,103.84082749519688,88.61447067380655,0,234,0.4002988608356459,0.0
sample_04145.jpg,114.03623202468513,19.459300862274436,18,200,0.0,0.0
sample_04146.jpg,143.28240408313766,17.04213046966098,39,228,0.0,0.0
sample_04147.jpg,118.81297909914805,13.565364323573377,56,194,0.0,0.0
sample_04148.jpg,152.76820819344448,15.01623480449316,77,216,0.0,0.0
sample_04149.jpg,182.26070756273165,18.94218811566434,45,229,0.0,0.0
sample_04150.jpg,73.54611966077354,26.57879734034764,0,255,0.0007762619107686933,7.762619107686934e-05
sample_04151.jpg,114.1432979487279,17.626874557589442,69,241,0.0,0.0
sample_04152.jpg,112.32847522754177,14.418446499351079,6,230,0.0,0.0
sample_04153.jpg,55.90892507131906,16.48496032532531,17,109,0.0,0.0
sample_04154.jpg,145.76978012381377,15.560950472256115,18,189,0.0,0.0
sample_04155.jpg,184.63597197694503,15.012767026511204,81,253,0.0,0.0
sample_04156.jpg,114.74546371945894,10.359955551927294,9,163,0.0,0.0
sample_04157.jpg,87.54365502920686,19.753046585902258,0,196,1.9406547769217335e-05,0.0
sample_04158.jpg,197.70738807273574,17.99511104088022,88,245,0.0,0.0
sample_04159.jpg,143.48962720021734,23.144481764544306,7,255,0.0,1.9406547769217335e-05
sample_04160.jpg,118.81447340332629,13.044610293376515,21,182,0.0,0.0
sample_04161.jpg,55.08032370121679,23.974068764922485,0,127,1.9406547769217335e-05,0.0
sample_04162.jpg,126.87820450620039,15.24125025826599,39,188,0.0,0.0
sample_04163.jpg,140.68532282792214,16.890560970184925,52,195,0.0,0.0
sample_04164.jpg,97.92117060296144,20.31103778811845,19,143,0.0,0.0
sample_04165.jpg,125.45141570765976,9.781700619391106,48,182,0.0,0.0
sample_04166.jpg,123.17933590793534,20.60819966791508,0,255,1.9406547769217335e-05,1.9406547769217335e-05
sample_04167.jpg,73.66349046168177,34.4625251994879,0,146,0.1275204253915271,0.0
sample_04168.jpg,46.64641269964486,14.941160798338766,0,153,3.881309553843467e-05,0.0
sample_04169.jpg,181.9980399386753,13.531954631695982,94,240,0.0,0.0
sample_04170.jpg,62.48401870791205,29.215935780962692,0,251,0.10147683828523744,0.0
sample_04171.jpg,156.74047623668227,19.886870942141137,107,218,0.0,0.0
sample_04172.jpg,104.86512449300393,13.570270332610246,49,170,0.0,0.0
sample_04173.jpg,99.63971744066448,17.47559288838458,28,218,0.0,0.0
sample_04174.jpg,189.45809156009238,14.467657715465105,100,247,0.0,0.0
sample_04175.jpg,28.3132022744474,15.73554976517089,0,83,0.014593723922451436,0.0
sample_04176.jpg,78.52005666711949,56.61274076152088,0,168,0.3088163946515554,0.0
sample_04177.jpg,123.62132003337926,14.182845085514337,76,205,0.0,0.0
sample_04178.jpg,81.63564206563295,16.661182096028163,38,248,0.0,0.0
sample_04179.jpg,177.64332705854954,15.588552323268283,107,237,0.0,0.0
sample_04180.jpg,65.57614159017253,24.432097547405004,6,156,0.0,0.0
sample_04181.jpg,105.3018494440024,28.808940877735267,4,210,0.0,0.0
sample_04182.jpg,124.80244134370936,15.29956698868683,82,254,0.0,0.0
sample_04183.jpg,120.36752120165343,20.06055760596757,26,243,0.0,0.0
sample_04184.jpg,77.43711308195385,22.638707141793127,16,137,0.0,0.0
sample_04185.jpg,123.65667876341477,15.188269286480255,49,178,0.0,0.0
sample_04186.jpg,166.29206854392672,17.891530387355335,73,225,0.0,0.0
sample_04187.jpg,184.85611985483902,19.696985185046884,24,247,0.0,0.0
sample_04188.jpg,204.95746084728987,13.60839139534801,163,255,0.0,3.881309553843467e-05
sample_04189.jpg,122.23474160181645,18.852756590222402,23,191,0.0,0.0
sample_04190.jpg,106.66585806050962,29.563132169593906,1,221,0.0,0.0
sample_04191.jpg,121.39222573696365,83.94007196432538,0,255,0.28911874866579984,3.881309553843467e-05
sample_04192.jpg,112.16811892332473,12.71975347355506,46,175,0.0,0.0
sample_04193.jpg,159.9528420889208,16.45281057347284,68,200,0.0,0.0
sample_04194.jpg,43.34143880145161,17.129429409458968,0,192,3.881309553843467e-05,0.0
sample_04195.jpg,27.36255312542452,11.248012352425485,5,69,0.0,0.0
sample_04196.jpg,70.75388616119079,44.13219262249461,0,163,0.24401793165013877,0.0
sample_04197.jpg,95.20718430398416,16.039275585833035,0,234,0.0005433833375380853,0.0
sample_04198.jpg,183.7013720429273,17.57884941094042,86,255,0.0,1.9406547769217335e-05
sample_04199.jpg,87.42463467173825,55.5532000748464,0,210,0.24760814298744396,0.0
sample_04200.jpg,55.5447612024297,13.293968155678648,6,125,0.0,0.0
sample_04201.jpg,92.06986357196918,69.64322050020283,0,245,0.296008073123872,0.0
sample_04202.jpg,144.79906460439753,13.723955000187523,84,212,0.0,0.0
sample_04203.jpg,129.77150730656524,13.78543104739075,69,202,0.0,0.0
sample_04204.jpg,47.229210735702225,16.074532993432467,0,98,0.005860777426303635,0.0
sample_04205.jpg,121.31537580779755,13.171349297210831,62,176,0.0,0.0
sample_04206.jpg,146.0865532030507,14.133552320067265,64,224,0.0,0.0
sample_04207.jpg,46.741815288478335,29.520623878746456,0,173,0.19563740806147994,0.0
sample_04208.jpg,136.72182654427604,22.96292794325788,37,214,0.0,0.0
sample_04209.jpg,135.86011760367947,16.758398129046917,0,235,1.9406547769217335e-05,0.0
sample_04210.jpg,98.21578140464592,14.336194576244369,15,231,0.0,0.0
sample_04211.jpg,67.67670632071261,43.47006591937592,0,165,0.25997011391643543,0.0
sample_04212.jpg,110.13603989986221,45.62266447537918,0,198,0.11255797706146053,0.0
sample_04213.jpg,135.41126356032527,16.21023536327884,22,211,0.0,0.0
sample_04214.jpg,125.5227541772594,12.534588424799665,62,164,0.0,0.0
sample_04215.jpg,128.91389314754798,20.28091110656665,57,242,0.0,0.0
sample_04216.jpg,186.54291758039162,14.223695698874467,114,243,0.0,0.0
sample_04217.jpg,146.87242135496516,17.35050718885764,32,228,0.0,0.0
sample_04218.jpg,182.76168759339402,28.49422963593675,0,242,0.010149624483300666,0.0
sample_04219.jpg,124.87232432222632,17.609858181103263,12,196,0.0,0.0
sample_04220.jpg,25.883851811601236,11.909754855947417,0,59,0.00015525238215373868,0.0
sample_04221.jpg,53.86927749422655,17.889903884882287,0,142,0.000116439286615304,0.0
sample_04222.jpg,150.06252789691243,77.96391743644267,0,255,0.19068873838032951,0.001863028585844864
sample_04223.jpg,177.86989850375517,15.815154551901701,111,226,0.0,0.0
sample_04224.jpg,127.67754080226669,16.371287596846315,0,194,7.762619107686934e-05,0.0
sample_04225.jpg,73.52300646238041,53.40583867780338,0,255,0.2775524461953463,0.000523976789768868
sample_04226.jpg,150.07770381726795,18.43720009798653,90,207,0.0,0.0
sample_04227.jpg,62.246773661433366,13.008436890823937,4,173,0.0,0.0
sample_04228.jpg,136.54718702090085,19.482417336598427,3,229,0.0,0.0
sample_04229.jpg,113.68148033146383,14.173643845994132,49,242,0.0,0.0
sample_04230.jpg,106.16152069708319,17.19157261840443,45,182,0.0,0.0
sample_04231.jpg,43.81802480156805,24.12735741956892,0,132,0.14085272370897942,0.0
sample_04232.jpg,116.75466242310155,57.65012851392985,0,206,0.15804692503250597,0.0
sample_04233.jpg,118.41269964486017,60.6077341188731,0,201,0.18302315201148867,0.0
sample_04234.jpg,127.98055463913525,17.629128431633458,68,199,0.0,0.0
sample_04235.jpg,110.78185099652623,16.69195537138882,0,159,0.00021347202546139068,0.0
sample_04236.jpg,71.56845659725592,50.68976393796843,0,176,0.2980069475441014,0.0
sample_04237.jpg,79.91988977080867,32.87184386105814,0,169,0.07025170292456676,0.0
sample_04238.jpg,192.217120456442,19.669201892359702,93,230,0.0,0.0
sample_04239.jpg,83.94733062935434,63.64584932589863,0,225,0.3260494090706204,0.0
sample_04240.jpg,138.53622232141123,13.919527246960776,95,249,0.0,0.0
sample_04241.jpg,108.56389605853015,18.93483385841784,0,157,0.00013584583438452133,0.0
sample_04242.jpg,65.16064740243358,31.74719909851394,0,132,0.1589784393254284,0.0
sample_04243.jpg,106.66092879737623,22.524606768355444,42,216,0.0,0.0
sample_04244.jpg,81.49288750024259,13.799848742898625,0,132,0.00021347202546139068,0.0
sample_04245.jpg,137.1625298375672,58.82406448429428,0,245,0.13208096411729317,0.0
sample_04246.jpg,94.53872576607347,18.09913219704328,38,182,0.0,0.0
sample_04247.jpg,127.91996739699975,17.926511533073295,61,213,0.0,0.0
sample_04248.jpg,80.54340274408585,55.907096425095375,0,202,0.2833550039783423,0.0
sample_04249.jpg,126.99501251722332,21.524399352245684,11,248,0.0,0.0
sample_04250.jpg,126.72483455918027,18.26147755264944,0,248,3.881309553843467e-05,0.0
sample_04251.jpg,38.45595683983776,27.211520531194008,0,210,0.010751227464146402,0.0
sample_04252.jpg,131.1782103281647,17.153928494512922,0,241,0.00015525238215373868,0.0
sample_04253.jpg,208.94626326922705,15.70591046368917,157,249,0.0,0.0
sample_04254.jpg,77.13239146888161,19.262733421319567,22,251,0.0,0.0
sample_04255.jpg,137.0965863882474,16.05161958939344,0,248,7.762619107686934e-05,0.0
sample_04256.jpg,161.51367191290342,20.604155115448226,57,222,0.0,0.0
sample_04257.jpg,100.72436880203381,37.37309880950043,4,218,0.0,0.0
sample_04258.jpg,118.68963108152691,17.97816477778882,0,199,7.762619107686934e-05,0.0
sample_04259.jpg,186.50226086281512,14.438309684973827,48,245,0.0,0.0
sample_04260.jpg,67.29408682489472,34.0868365527332,0,162,0.15940538337635118,0.0
sample_04261.jpg,81.39474858817366,17.281108690025707,0,193,0.00019406547769217333,0.0
sample_04262.jpg,165.94620504958374,12.721303716633695,111,215,0.0,0.0
sample_04263.jpg,125.79644472044868,16.544004569247104,73,197,0.0,0.0
sample_04264.jpg,151.87083001804808,53.836877744521765,0,243,0.08913427390401521,0.0
sample_04265.jpg,139.83444274098082,26.86843499760098,56,196,0.0,0.0
sample_04266.jpg,80.9647577092511,14.983846995592408,1,151,0.0,0.0
sample_04267.jpg,132.40289933823672,16.05918022912277,9,206,0.0,0.0
sample_04268.jpg,146.26082400201827,16.677709262628667,47,222,0.0,0.0
sample_04269.jpg,114.89173086999554,15.685236515284934,5,179,0.0,0.0
sample_04270.jpg,91.40161850608395,16.39624349459014,35,222,0.0,0.0
sample_04271.jpg,109.87560402879932,17.400698500031947,0,249,0.0011449863183838227,0.0
sample_04272.jpg,162.78254963224592,18.9479925429052,71,211,0.0,0.0
sample_04273.jpg,162.354188903336,15.993843724765604,106,217,0.0,0.0
sample_04274.jpg,140.2511013215859,24.37022242967645,0,201,0.014865415591220477,0.0
sample_04275.jpg,89.7841991888063,15.230752613249742,28,151,0.0,0.0
sample_04276.jpg,174.09938093112615,16.26133872805631,111,252,0.0,0.0
sample_04277.jpg,110.04737138310466,13.23371141246222,58,166,0.0,0.0
sample_04278.jpg,151.86865648469794,16.730563640512784,22,222,0.0,0.0
sample_04279.jpg,131.96986163131442,13.580765607822817,48,209,0.0,0.0
sample_04280.jpg,127.20881445399678,19.062200435028412,31,227,0.0,0.0
sample_04281.jpg,156.64348231093172,14.796155728115707,30,207,0.0,0.0
sample_04282.jpg,66.62869452153157,19.211555675074063,23,191,0.0,0.0
sample_04283.jpg,136.24514351142076,13.986855143712203,68,186,0.0,0.0
sample_04284.jpg,73.17566807040696,23.272027386586604,0,164,0.0004463505986919987,0.0
sample_04285.jpg,43.11962196044946,18.872263483333782,0,194,1.9406547769217335e-05,0.0
sample_04286.jpg,146.90490791593083,17.489052280078017,92,198,0.0,0.0
sample_04287.jpg,130.80771992470258,15.820300779871014,6,203,0.0,0.0
sample_04288.jpg,130.40759572279688,13.168283137233853,50,211,0.0,0.0
sample_04289.jpg,139.00789846494206,19.23425193608269,72,224,0.0,0.0
sample_04290.jpg,143.9079547439306,19.89065688881834,57,227,0.0,0.0
sample_04291.jpg,139.47297638223137,17.956171192834727,38,185,0.0,0.0
sample_04292.jpg,89.09006578819694,15.117652027839835,38,164,0.0,0.0
sample_04293.jpg,101.1392031671486,15.543817050971755,35,159,0.0,0.0
sample_04294.jpg,109.71152166741058,17.667013413495493,0,205,5.8219643307652e-05,0.0
sample_04295.jpg,45.42566321877001,29.922538867193715,0,135,0.2105804498437773,0.0
sample_04296.jpg,144.72165188534612,18.33898993258339,43,208,0.0,0.0
sample_04297.jpg,39.61675949465349,15.740894898818608,0,153,0.000232878573230608,0.0
sample_04298.jpg,166.89512701585514,17.662721472912434,31,255,0.0,9.703273884608666e-05
sample_04299.jpg,167.21158959032778,18.692830671303344,106,218,0.0,0.0
sample_04300.jpg,215.22649381901454,18.95247039396199,110,255,0.0,0.007316268508994935
sample_04301.jpg,130.07774263036347,17.04953186923946,38,205,0.0,0.0
sample_04302.jpg,130.86883114362786,12.181790441177682,53,194,0.0,0.0
sample_04303.jpg,47.770032408934775,23.43493210349233,0,107,0.00013584583438452133,0.0
sample_04304.jpg,51.2142871004677,40.89042356290065,0,163,0.3530245104698325,0.0
sample_04305.jpg,165.42942808903723,13.72109270753963,75,252,0.0,0.0
sample_04306.jpg,104.95891633837256,14.299129268114205,63,155,0.0,0.0
sample_04307.jpg,69.74779250519126,34.303660202511345,0,139,0.1595412292107357,0.0
sample_04308.jpg,147.7394282831027,18.555885151396414,47,218,0.0,0.0
sample_04309.jpg,143.9523375186788,19.070290184626472,46,229,0.0,0.0
sample_04310.jpg,104.32028566438316,16.192951760805236,45,147,0.0,0.0
sample_04311.jpg,109.24654078286014,80.15707061372953,0,236,0.3285528537328495,0.0
sample_04312.jpg,91.6272778435444,57.0876261537849,0,234,0.23608065361252886,0.0
sample_04313.jpg,179.36794814570436,14.113778257256818,53,228,0.0,0.0
sample_04314.jpg,156.4682217780279,17.572600650011818,73,204,0.0,0.0
sample_04315.jpg,119.26216305381436,15.64234087049228,36,174,0.0,0.0
sample_04316.jpg,130.9454093811252,17.54629888285796,0,223,3.881309553843467e-05,0.0
sample_04317.jpg,128.9646218634167,27.11195194666271,0,239,0.00013584583438452133,0.0
sample_04318.jpg,27.277377787265422,22.731654215745984,0,93,0.2623183061965107,0.0
sample_04319.jpg,143.86229113702964,17.427920116268613,60,254,0.0,0.0
sample_04320.jpg,92.14331735527567,19.283044195939116,36,254,0.0,0.0
sample_04321.jpg,95.5119835432475,12.804879127127423,50,208,0.0,0.0
sample_04322.jpg,119.0885132643754,19.05838747095606,15,205,0.0,0.0
sample_04323.jpg,159.64484076927556,19.36126466843499,0,236,0.000349317859845912,0.0
sample_04324.jpg,123.56218828232646,52.83757755359362,0,234,0.11692445030953444,0.0
sample_04325.jpg,130.7483941081721,14.62523945426324,52,188,0.0,0.0
sample_04326.jpg,150.64480195618,27.814959069414847,0,255,0.009839119718993188,1.9406547769217335e-05
sample_04327.jpg,126.21469463797085,21.165203548260635,48,224,0.0,0.0
sample_04328.jpg,163.81897572240874,19.304860172986555,69,251,0.0,0.0
sample_04329.jpg,81.90294785460614,55.02155585804508,0,192,0.26749985445089175,0.0
sample_04330.jpg,98.74831648198102,12.274734894864784,42,165,0.0,0.0
sample_04331.jpg,124.82227483552951,18.26688749015446,33,190,0.0,0.0
sample_04332.jpg,131.59459721710104,19.297856073709646,27,222,0.0,0.0
sample_04333.jpg,59.369811174290206,33.527612140444255,0,255,0.17328106503134158,5.8219643307652e-05
sample_04334.jpg,109.99691435890469,13.22503536738309,57,174,0.0,0.0
sample_04335.jpg,120.2041956956277,20.214284841839795,30,187,0.0,0.0
sample_04336.jpg,158.0056084923053,18.009180933600454,17,231,0.0,0.0
sample_04337.jpg,119.29166100642357,20.70610063998389,44,234,0.0,0.0
sample_04338.jpg,149.30875817500825,20.917434092866017,76,206,0.0,0.0
sample_04339.jpg,133.7942905936463,16.96838729539612,5,254,0.0,0.0
sample_04340.jpg,175.14287100467698,15.85717939735131,51,221,0.0,0.0
sample_04341.jpg,136.1618312018475,61.98255160448075,0,238,0.11191756098507637,0.0
sample_04342.jpg,120.7973762347416,15.057627923830548,35,200,0.0,0.0
sample_04343.jpg,164.24527935725513,26.27378990965274,0,233,0.000174658929922956,0.0
sample_04344.jpg,81.77921170602961,48.78635969117572,0,250,0.17248539657280365,0.0
sample_04345.jpg,80.53296202138601,51.06535576659119,0,150,0.21380193677346737,0.0
sample_04346.jpg,73.92873915659143,36.44548965726005,0,157,0.1435308273011314,0.0
sample_04347.jpg,78.36367870519513,49.50555592221258,0,167,0.24885016204467386,0.0
sample_04348.jpg,181.80700188243515,18.978324123640714,126,235,0.0,0.0
sample_04349.jpg,131.5364357934367,19.15125664132141,42,227,0.0,0.0
sample_04350.jpg,98.61968988336665,19.16537332083697,7,240,0.0,0.0
sample_04351.jpg,143.99673969997477,13.205011298592058,92,200,0.0,0.0
sample_04352.jpg,151.82305109744027,20.97690717876118,108,224,0.0,0.0
sample_04353.jpg,85.23611946670806,22.92050804832729,0,207,5.8219643307652e-05,0.0
sample_04354.jpg,148.3432047972986,14.194018149851981,101,197,0.0,0.0
sample_04355.jpg,86.90151177007122,17.257427514143842,28,171,0.0,0.0
sample_04356.jpg,112.56216887577868,15.12772834750086,24,206,0.0,0.0
sample_04357.jpg,123.20093539560247,13.729830591534254,84,198,0.0,0.0
sample_04358.jpg,97.9966620737837,35.13419088093335,0,235,0.0811581827708669,0.0
sample_04359.jpg,102.8062644336199,27.10264734195962,37,176,0.0,0.0
sample_04360.jpg,90.86621125967902,18.876280156318327,17,174,0.0,0.0
sample_04361.jpg,184.60197170525336,20.83164865821103,117,251,0.0,0.0
sample_04362.jpg,137.42544974674456,14.86186524709979,98,238,0.0,0.0
sample_04363.jpg,134.19519105746278,16.006256641413323,34,220,0.0,0.0
sample_04364.jpg,87.47992392633275,14.400184658385946,31,174,0.0,0.0
sample_04365.jpg,108.25232393409536,16.44879961799177,42,214,0.0,0.0
sample_04366.jpg,142.8202565545615,24.431545382818214,0,225,0.0006016029808457373,0.0
sample_04367.jpg,101.2028178307361,17.43434653518922,26,179,0.0,0.0
sample_04368.jpg,96.84348619224126,15.70668178908158,22,173,0.0,0.0
sample_04369.jpg,97.18962137825302,18.36357559951718,3,191,0.0,0.0
sample_04370.jpg,103.0978478138524,14.604148564618718,0,201,1.9406547769217335e-05,0.0
sample_04371.jpg,130.21329736653146,20.02758710269457,0,228,3.881309553843467e-05,0.0
sample_04372.jpg,136.91430068505113,54.885110483166805,0,246,0.11201459372392245,0.0
sample_04373.jpg,145.23398474645344,13.656717237682985,98,204,0.0,0.0
sample_04374.jpg,45.449707931456075,14.76549463792218,17,77,0.0,0.0
sample_04375.jpg,124.3898581381358,13.376339256246922,61,175,0.0,0.0
sample_04376.jpg,195.8403035184071,23.818725699583663,100,252,0.0,0.0
sample_04377.jpg,140.93442527508782,17.024799702377205,56,223,0.0,0.0
sample_04378.jpg,136.50121290923556,20.93121829430303,0,255,0.0011449863183838227,0.00027169166876904265
sample_04379.jpg,194.49903937588542,77.1167194466921,0,246,0.11424634671738244,0.0
sample_04380.jpg,159.76791709522794,39.75226988076835,5,244,0.0,0.0
sample_04381.jpg,134.8450969357061,15.55926155419329,68,205,0.0,0.0
sample_04382.jpg,122.50610335927342,19.151058275169238,15,193,0.0,0.0
sample_04383.jpg,126.89504938966407,20.743664251355984,3,224,0.0,0.0
sample_04384.jpg,151.23522676551067,19.520404796691995,27,228,0.0,0.0
sample_04385.jpg,79.52453957965417,44.27530518670774,0,147,0.18509965262279493,0.0
sample_04386.jpg,118.06097537309088,16.35086959963778,54,189,0.0,0.0
sample_04387.jpg,124.97512080575986,68.04040271868334,0,237,0.18519668536164102,0.0
sample_04388.jpg,112.08393331910186,18.703644328639545,44,157,0.0,0.0
sample_04389.jpg,110.0801296357391,41.815328405094704,0,156,0.09208406916493625,0.0
sample_04390.jpg,146.45828562557006,17.423723692545625,15,219,0.0,0.0
sample_04391.jpg,120.08517533815909,15.939353106639752,65,188,0.0,0.0
sample_04392.jpg,141.46253565953154,14.524430114019081,58,222,0.0,0.0
sample_04393.jpg,180.6211065613538,16.144241827022345,78,246,0.0,0.0
sample_04394.jpg,82.99726367676455,14.154543976452354,37,130,0.0,0.0
sample_04395.jpg,127.75027654330572,16.21498869628594,76,201,0.0,0.0
sample_04396.jpg,126.72025461390673,14.280992877213896,73,174,0.0,0.0
sample_04397.jpg,128.36385336412505,11.251766332235068,60,173,0.0,0.0
sample_04398.jpg,141.4580721535446,25.20814770205395,13,200,0.0,0.0
sample_04399.jpg,124.78988530730268,18.52525943706443,32,195,0.0,0.0
sample_04400.jpg,124.49738981932504,62.99789249050691,0,251,0.1770071222030313,0.0
sample_04401.jpg,68.20877564090124,16.29098237935863,19,211,0.0,0.0
sample_04402.jpg,141.5965960915213,16.33166111532263,44,215,0.0,0.0
sample_04403.jpg,134.58440877952222,20.808758418163713,3,255,0.0,0.00015525238215373868
sample_04404.jpg,143.4981660812358,14.33157668415895,90,189,0.0,0.0
sample_04405.jpg,137.07126084340857,15.672963993737369,20,195,0.0,0.0
sample_04406.jpg,107.65695045508355,59.36999468062064,0,201,0.20582584564031906,0.0
sample_04407.jpg,114.31989753342778,32.831181041557066,0,232,0.00015525238215373868,0.0
sample_04408.jpg,120.16443167924858,14.936864919956083,59,205,0.0,0.0
sample_04409.jpg,177.37840827495197,38.86377678427748,0,254,0.02773195676221157,0.0
sample_04410.jpg,154.96634904616818,15.14503978818934,69,226,0.0,0.0
sample_04411.jpg,121.30247045353101,15.516124992677655,41,190,0.0,0.0
sample_04412.jpg,157.0945098876361,19.120877171695838,102,230,0.0,0.0
sample_04413.jpg,162.9561994216849,13.267994186809425,89,200,0.0,0.0
sample_04414.jpg,99.87331405616256,13.103336689575265,68,159,0.0,0.0
sample_04415.jpg,96.34204040443245,17.34621678458994,14,180,0.0,0.0
sample_04416.jpg,58.28374313493373,34.87573758040862,0,124,0.2207882939703856,0.0
sample_04417.jpg,127.57660734731898,36.471727691617694,47,196,0.0,0.0
sample_04418.jpg,114.72054571212327,16.021100324769947,53,232,0.0,0.0
sample_04419.jpg,136.38869374526965,16.3017464022681,14,245,0.0,0.0
sample_04420.jpg,147.30540084224418,16.80467999199982,83,219,0.0,0.0
sample_04421.jpg,142.65877467057385,16.815090058724845,0,230,3.881309553843467e-05,0.0
sample_04422.jpg,142.91455297017214,15.170941955007342,91,184,0.0,0.0
sample_04423.jpg,142.0693395951794,16.64284837339993,66,225,0.0,0.0
sample_04424.jpg,88.41689145917833,36.53263840938464,16,154,0.0,0.0
sample_04425.jpg,139.34060431989752,15.140116826698598,76,238,0.0,0.0
sample_04426.jpg,143.46932795125076,15.302374367226706,73,200,0.0,0.0
sample_04427.jpg,128.24343573521708,15.304657326940623,26,202,0.0,0.0
sample_04428.jpg,137.54547924469716,20.22912173885869,6,221,0.0,0.0
sample_04429.jpg,146.79916163713636,16.766368499194847,43,211,0.0,0.0
sample_04430.jpg,156.34281666634323,16.797230979325846,84,203,0.0,0.0
sample_04431.jpg,44.461138388092145,14.280256302763698,0,114,0.00029109821653826003,0.0
sample_04432.jpg,104.3019852898368,15.70264289800044,58,248,0.0,0.0
sample_04433.jpg,88.00912107745154,15.360396309627873,24,242,0.0,0.0
sample_04434.jpg,151.82376913970774,14.731933995367887,77,200,0.0,0.0
sample_04435.jpg,111.17671602398649,22.040126502101565,3,204,0.0,0.0
sample_04436.jpg,96.67674513380814,38.538343440638855,0,251,0.05134972539734906,0.0
sample_04437.jpg,111.04296609676105,39.9479091995818,0,193,0.08263308040132741,0.0
sample_04438.jpg,94.62706437151895,17.317009882211202,39,191,0.0,0.0
sample_04439.jpg,89.88540433542278,51.145942146181504,0,197,0.2049913640862427,0.0
sample_04440.jpg,129.79355314483107,23.555396789965393,41,206,0.0,0.0
sample_04441.jpg,149.37770963923228,13.465346740220163,84,223,0.0,0.0
sample_04442.jpg,107.53154534339886,14.125599242537143,51,168,0.0,0.0
sample_04443.jpg,136.98622135108386,20.990244195755594,3,240,0.0,0.0
sample_04444.jpg,127.74016573191795,71.32209582594166,0,252,0.20097420869801472,0.0
sample_04445.jpg,101.29111762308602,14.121933984945937,30,165,0.0,0.0
sample_04446.jpg,147.8378582933882,17.697467042823558,91,223,0.0,0.0
sample_04447.jpg,70.94767994721418,13.789765709497797,25,173,0.0,0.0
sample_04448.jpg,150.01556405131092,11.044436379943832,72,199,0.0,0.0
sample_04449.jpg,86.18638048477557,52.63685362004194,0,174,0.24411496438898483,0.0
sample_04450.jpg,97.28599429447496,63.054063052246335,0,250,0.25277028469405577,0.0
sample_04451.jpg,138.95470511750665,17.25626983010249,33,212,0.0,0.0
sample_04452.jpg,126.3305323216053,13.318308029047525,75,187,0.0,0.0
sample_04453.jpg,191.67208756234353,18.597308671942983,152,226,0.0,0.0
sample_04454.jpg,127.2823652700421,17.385922073615756,20,247,0.0,0.0
sample_04455.jpg,85.83355003978342,18.183396308492874,0,194,0.0008538881018455627,0.0
sample_04456.jpg,153.66779871528655,15.22674041788902,85,228,0.0,0.0
sample_04457.jpg,64.18476974131072,45.85377377377748,0,195,0.305206776766481,0.0
sample_04458.jpg,120.68210134099245,26.61735599792624,0,162,0.023035572202060976,0.0
sample_04459.jpg,129.976789768868,15.433806275467038,47,182,0.0,0.0
sample_04460.jpg,101.70321566496536,18.408045649666054,22,208,0.0,0.0
sample_04461.jpg,130.08300180480893,19.116899341300297,0,216,0.000232878573230608,0.0
sample_04462.jpg,62.8118147062819,31.965764961620003,0,174,0.13939723262628811,0.0
sample_04463.jpg,102.1861670127501,14.37520812728644,0,150,0.0009703273884608667,0.0
sample_04464.jpg,117.52595625764133,15.640290012970764,59,245,0.0,0.0
sample_04465.jpg,71.11343127171108,56.39146153145192,0,193,0.36167983077490345,0.0
sample_04466.jpg,126.60657105707466,12.935091755073982,59,184,0.0,0.0
sample_04467.jpg,46.45065885229676,11.62750841964784,8,117,0.0,0.0
sample_04468.jpg,37.731704477090574,21.59715063184352,0,120,0.08121640241417455,0.0
sample_04469.jpg,121.06980535232587,15.601306447674785,37,201,0.0,0.0
sample_04470.jpg,159.34728017233013,22.374210564871646,84,212,0.0,0.0
sample_04471.jpg,114.73352869258088,11.585454240378535,78,211,0.0,0.0
sample_04472.jpg,124.46562130062684,13.810869424781155,71,189,0.0,0.0
sample_04473.jpg,107.24407615129344,22.008927518023434,10,209,0.0,0.0
sample_04474.jpg,106.18498321333618,14.27885126175777,20,196,0.0,0.0
sample_04475.jpg,101.01606862155292,22.674173011177135,45,183,0.0,0.0
sample_04476.jpg,75.2500921811019,12.914809054865577,23,152,0.0,0.0
sample_04477.jpg,85.66393681228047,14.678456003781093,19,149,0.0,0.0
sample_04478.jpg,104.52655786062218,16.791673304666812,28,189,0.0,0.0
sample_04479.jpg,89.99994178035669,38.85699569219872,0,171,0.12503638727706728,0.0
sample_04480.jpg,114.14566554755575,31.919460517975292,0,214,0.008694133400609365,0.0
sample_04481.jpg,49.911292670146906,14.378925832559956,24,98,0.0,0.0
sample_04482.jpg,128.69884919171727,17.287058020594905,0,209,1.9406547769217335e-05,0.0
sample_04483.jpg,194.20124590036679,12.440474878530386,111,235,0.0,0.0
sample_04484.jpg,136.5870674765666,17.48222198630203,0,255,0.00019406547769217333,5.8219643307652e-05
sample_04485.jpg,181.37431349337265,15.37571801017543,91,243,0.0,0.0
sample_04486.jpg,91.76731549224708,46.69115303892267,0,229,0.16074443517242717,0.0
sample_04487.jpg,89.9774884045877,21.631693716383843,16,160,0.0,0.0
sample_04488.jpg,149.67668691416483,18.319398807907127,20,255,0.0,1.9406547769217335e-05
sample_04489.jpg,169.30827301131401,18.070594167343135,88,236,0.0,0.0
sample_04490.jpg,130.06677793087388,19.411460871260367,46,195,0.0,0.0
sample_04491.jpg,195.3901104232568,17.347686494531875,116,255,0.0,0.000640416076384172
sample_04492.jpg,130.42902055153408,16.549113912102147,27,221,0.0,0.0
sample_04493.jpg,87.37992198567797,15.126436578723768,0,226,3.881309553843467e-05,0.0
sample_04494.jpg,125.41072017698771,16.427367423811432,41,192,0.0,0.0
sample_04495.jpg,90.6593762735547,50.41838834103832,0,255,0.20178928370432184,0.000232878573230608
sample_04496.jpg,180.9111568243125,15.4478055561257,26,244,0.0,0.0
sample_04497.jpg,149.3073414970211,15.737733408668337,63,243,0.0,0.0
sample_04498.jpg,65.76304605173786,16.89432699753728,0,167,1.9406547769217335e-05,0.0
sample_04499.jpg,80.29596926002833,14.035403494000631,37,118,0.0,0.0
sample_04500.jpg,121.3664150284306,19.573909580509238,35,220,0.0,0.0
sample_04501.jpg,77.46923091851191,35.34570001143124,0,208,0.13407983853752256,0.0
sample_04502.jpg,131.3283393817074,16.119983415580048,82,186,0.0,0.0
sample_04503.jpg,162.96629082652487,18.64757160133882,112,218,0.0,0.0
sample_04504.jpg,153.10531933474354,15.10255228638172,99,227,0.0,0.0
sample_04505.jpg,143.63013060606647,71.44103697212088,0,239,0.16018164528711987,0.0
sample_04506.jpg,103.41700789846495,23.70637436742335,34,166,0.0,0.0
sample_04507.jpg,127.98135030759379,18.883898535372047,44,187,0.0,0.0
sample_04508.jpg,91.08853267092317,49.51131132611621,0,225,0.1677113858215762,0.0
sample_04509.jpg,118.71150226086282,18.56744067816428,14,201,0.0,0.0
sample_04510.jpg,150.19078577111918,13.142565768229266,66,189,0.0,0.0
sample_04511.jpg,64.81800539502028,28.536185222237958,0,175,0.08569931494886375,0.0
sample_04512.jpg,117.46397174406644,15.590919772678165,47,184,0.0,0.0
sample_04513.jpg,134.5868734110889,19.232583842596345,57,197,0.0,0.0
sample_04514.jpg,102.89757224087407,30.690768863180534,0,195,0.05113625337188767,0.0
sample_04515.jpg,117.76345358924101,17.520068994017937,30,192,0.0,0.0
sample_04516.jpg,27.90401521473345,26.766338296973323,0,130,0.01040190960430049,0.0
sample_04517.jpg,151.64400628772148,18.856733203528247,46,215,0.0,0.0
sample_04518.jpg,147.7908168215956,17.242636400880798,12,219,0.0,0.0
sample_04519.jpg,57.16089968755458,30.882550687741656,0,147,0.15348638630673989,0.0
sample_04520.jpg,120.98383434570825,19.454461503383147,0,202,3.881309553843467e-05,0.0
sample_04521.jpg,139.62846164295834,13.31440199317127,91,208,0.0,0.0
sample_04522.jpg,44.76044557433678,13.955301166029582,21,83,0.0,0.0
sample_04523.jpg,208.70131382328398,17.340746995348717,159,253,0.0,0.0
sample_04524.jpg,76.45853791069106,22.484550281974567,0,135,0.03596033301635972,0.0
sample_04525.jpg,94.65112849075278,47.55777984125314,0,184,0.17405732694211026,0.0
sample_04526.jpg,93.27299190746957,17.34480051454151,2,183,0.0,0.0
sample_04527.jpg,147.48122416503327,11.542956603981402,57,204,0.0,0.0
sample_04528.jpg,62.70820314774205,13.437674888773586,11,103,0.0,0.0
sample_04529.jpg,94.68536164101768,28.6286635362457,32,255,0.0,0.00013584583438452133
sample_04530.jpg,123.00273632323545,32.969491040102355,0,229,0.041568825321663526,0.0
sample_04531.jpg,118.52589803799802,14.619748125176988,55,182,0.0,0.0
sample_04532.jpg,117.29692018086902,55.69885683307038,0,248,0.10440722699838925,0.0
sample_04533.jpg,135.01269188224106,22.036798309199376,49,245,0.0,0.0
sample_04534.jpg,95.08373925362417,64.97055309904586,0,247,0.20178928370432184,0.0
sample_04535.jpg,166.83190048322305,14.73660791495431,85,223,0.0,0.0
sample_04536.jpg,99.77375846610646,12.571770691194503,42,165,0.0,0.0
sample_04537.jpg,65.83882862077665,37.70567175766845,0,149,0.20877564090124007,0.0
sample_04538.jpg,127.9168429428089,15.5956921667238,21,204,0.0,0.0
sample_04539.jpg,133.41328184129324,22.76747568177415,0,252,0.00015525238215373868,0.0
sample_04540.jpg,117.3801548642512,52.07512336992193,0,214,0.1194667080673019,0.0
sample_04541.jpg,77.11329542587669,46.82725113768929,0,187,0.22645500591899706,0.0
sample_04542.jpg,149.60445574336782,45.4243808107736,0,221,0.05561916590657688,0.0
sample_04543.jpg,170.59682897009452,14.292529860897154,85,243,0.0,0.0
sample_04544.jpg,104.29406741834696,23.17287940614753,0,245,0.013157639387529353,0.0
sample_04545.jpg,150.43078654738108,14.970416207054248,88,227,0.0,0.0
sample_04546.jpg,104.27854218013158,16.626642657413974,49,176,0.0,0.0
sample_04547.jpg,137.51017873430496,14.569418124372481,52,207,0.0,0.0
sample_04548.jpg,144.96320518542956,15.006858799864052,73,194,0.0,0.0
sample_04549.jpg,121.97403403908478,41.033445674334516,0,204,0.06716606182926119,0.0
sample_04550.jpg,130.33978924489122,17.774337203260735,36,168,0.0,0.0
sample_04551.jpg,39.437287740883775,15.790952506108644,0,189,0.00036872440761512933,0.0
sample_04552.jpg,129.98719167847233,19.456051518831988,0,236,5.8219643307652e-05,0.0
sample_04553.jpg,116.68083991538745,13.687379281412776,68,166,0.0,0.0
sample_04554.jpg,130.07945040656716,19.174176053862524,12,220,0.0,0.0
sample_04555.jpg,132.3719458945448,20.346997238629452,30,237,0.0,0.0
sample_04556.jpg,105.67208756234353,62.75290646156065,0,254,0.22216615886200003,0.0
sample_04557.jpg,79.89400143608454,14.870783220687843,18,149,0.0,0.0
sample_04558.jpg,100.0435676997419,24.10593827616249,0,204,0.007956684585379107,0.0
sample_04559.jpg,143.66446078907023,30.110039839838308,15,219,0.0,0.0
sample_04560.jpg,136.71235614896466,71.79789776207805,0,225,0.19272642589609734,0.0
sample_04561.jpg,130.57519066933185,14.442411928534895,42,195,0.0,0.0
sample_04562.jpg,132.7006151875643,15.27095696979221,36,205,0.0,0.0
sample_04563.jpg,200.8175396378738,19.180681750670054,92,253,0.0,0.0
sample_04564.jpg,91.84269052378272,60.07394688452303,0,222,0.26596673717712355,0.0
sample_04565.jpg,25.768285819635544,11.721306672588904,6,93,0.0,0.0
sample_04566.jpg,162.2891769683091,19.365172765592543,92,220,0.0,0.0
sample_04567.jpg,124.11335364552,17.907249431538943,0,194,0.001863028585844864,0.0
sample_04568.jpg,136.21209416056976,18.95781441451645,54,207,0.0,0.0
sample_04569.jpg,74.90484969628753,18.670167158523252,1,136,0.0,0.0
sample_04570.jpg,74.89165324380446,63.62659396057785,0,181,0.38914009586834597,0.0
sample_04571.jpg,130.48613402161888,17.033901025199174,24,204,0.0,0.0
sample_04572.jpg,104.28242348968541,20.148402863757394,26,207,0.0,0.0
sample_04573.jpg,109.67971433561684,19.679385960442616,0,184,1.9406547769217335e-05,0.0
sample_04574.jpg,106.18614760620233,13.507816579226176,49,172,0.0,0.0
sample_04575.jpg,123.08903724116517,66.41005639793417,0,255,0.19495817888955733,0.00019406547769217333
sample_04576.jpg,157.85916668283878,23.944481158923114,0,241,5.8219643307652e-05,0.0
sample_04577.jpg,55.380892313066425,18.4388359135682,0,172,0.0198140852723709,0.0
sample_04578.jpg,98.00747152089114,13.982551042429467,33,188,0.0,0.0
sample_04579.jpg,125.4058103204021,20.652649128284516,55,232,0.0,0.0
sample_04580.jpg,81.14343379456228,52.318696419986765,0,225,0.2579130198528984,0.0
sample_04581.jpg,101.12556036406684,14.455458052530899,29,230,0.0,0.0
sample_04582.jpg,110.61932115895904,15.665358420422384,48,186,0.0,0.0
sample_04583.jpg,141.49971860505735,21.84398991300638,61,228,0.0,0.0
sample_04584.jpg,78.77224475538047,53.893381740261965,0,239,0.2860913272138019,0.0
sample_04585.jpg,99.78967183527722,15.930005440198194,21,225,0.0,0.0
sample_04586.jpg,125.22988996487415,70.47806229811336,0,250,0.13885384928875003,0.0
sample_04587.jpg,170.65159424789925,17.951518646255394,0,238,1.9406547769217335e-05,0.0
sample_04588.jpg,170.90143414388015,16.524625665703283,90,238,0.0,0.0
sample_04589.jpg,151.01036309650877,18.92253531842264,44,231,0.0,0.0
sample_04590.jpg,89.02505385317006,16.617402652079775,35,253,0.0,0.0
sample_04591.jpg,187.78854625550662,14.733979211821497,112,252,0.0,0.0
sample_04592.jpg,194.68765161365445,15.756952287679841,127,253,0.0,0.0
sample_04593.jpg,98.17883133769334,20.819874989403242,2,255,0.0,0.000116439286615304
sample_04594.jpg,121.80112169846106,11.450697574369071,68,186,0.0,0.0
sample_04595.jpg,147.7139668924295,19.70244563867634,8,242,0.0,0.0
sample_04596.jpg,140.48671621805198,18.599452391981707,0,255,1.9406547769217335e-05,1.9406547769217335e-05
sample_04597.jpg,133.35731335752683,17.744913981723727,0,231,5.8219643307652e-05,0.0
sample_04598.jpg,159.82010130217935,18.937177927431836,103,223,0.0,0.0
sample_04599.jpg,118.51580663315802,16.390986219964947,41,201,0.0,0.0
sample_04600.jpg,136.40179316501388,19.494554968828098,1,241,0.0,0.0
sample_04601.jpg,111.48027324419259,56.96993425575138,0,189,0.17562925731141688,0.0
sample_04602.jpg,122.01158570901822,14.205224131294283,61,190,0.0,0.0
sample_04603.jpg,123.01397271439383,17.999615066818038,41,181,0.0,0.0
sample_04604.jpg,101.61765219585088,17.544368522212146,9,177,0.0,0.0
sample_04605.jpg,119.97096780453725,15.467489559812869,53,197,0.0,0.0
sample_04606.jpg,101.8726542335384,16.426266859884304,0,244,1.9406547769217335e-05,0.0
sample_04607.jpg,129.80704069553067,17.704426768327956,0,231,9.703273884608666e-05,0.0
sample_04608.jpg,76.97750781113548,23.49865086826227,2,190,0.0,0.0
sample_04609.jpg,219.4786236876322,7.801503046554617,175,238,0.0,0.0
sample_04610.jpg,184.35220943546352,18.622042538307817,83,247,0.0,0.0
sample_04611.jpg,153.6670806730191,16.842083071036736,61,251,0.0,0.0
sample_04612.jpg,178.70928991441713,16.3359880829153,87,239,0.0,0.0
sample_04613.jpg,132.88107667527024,20.140546762650335,47,226,0.0,0.0
sample_04614.jpg,115.95883871218149,15.941935589749976,23,193,0.0,0.0
sample_04615.jpg,124.45945001843621,15.24807224059955,32,224,0.0,0.0
sample_04616.jpg,90.50032020803819,52.472341154990545,0,237,0.20384637776785888,0.0
sample_04617.jpg,83.50924722001203,12.733371658099827,20,133,0.0,0.0
sample_04618.jpg,101.46294319703468,20.31705715469761,0,255,0.00015525238215373868,1.9406547769217335e-05
sample_04619.jpg,166.5585010382503,14.512140504520424,98,239,0.0,0.0
sample_04620.jpg,111.21618894214907,17.310487151467218,42,202,0.0,0.0
sample_04621.jpg,139.15036193211589,18.539529683231684,0,250,5.8219643307652e-05,0.0
sample_04622.jpg,195.1884375788391,16.973404366941594,27,249,0.0,0.0
sample_04623.jpg,152.17813270197365,15.394429237557576,65,229,0.0,0.0
sample_04624.jpg,112.37623474160182,73.26638615224518,0,220,0.2747190902210406,0.0
sample_04625.jpg,120.24287294533175,17.199790185217868,32,191,0.0,0.0
sample_04626.jpg,139.1689534048788,19.97538952910776,46,196,0.0,0.0
sample_04627.jpg,117.67602709154069,14.100654512794371,46,189,0.0,0.0
sample_04628.jpg,130.87482776688856,14.610897494183007,63,191,0.0,0.0
sample_04629.jpg,205.21205534747423,18.505912084215197,104,252,0.0,0.0
sample_04630.jpg,59.677637835005534,14.388010658424175,35,118,0.0,0.0
sample_04631.jpg,127.64072658114848,19.84761650244707,66,195,0.0,0.0
sample_04632.jpg,130.08047895359894,44.47493690918215,0,222,0.004560538725766073,0.0
sample_04633.jpg,124.72559141454326,20.0342038360442,25,243,0.0,0.0
sample_04634.jpg,150.72642589609734,15.636669478969019,100,211,0.0,0.0
sample_04635.jpg,78.67016631411438,54.06224300043221,0,216,0.27710609559665433,0.0
sample_04636.jpg,161.30703099225678,16.461881034435336,54,205,0.0,0.0
sample_04637.jpg,132.109064798463,16.50921189605602,0,253,5.8219643307652e-05,0.0
sample_04638.jpg,138.70525335248112,26.538554052705976,0,219,0.010285470317685187,0.0
sample_04639.jpg,131.05100040753752,60.84995635015025,0,213,0.15088590890566478,0.0
sample_04640.jpg,100.22818218867046,34.167156940529566,0,224,0.06421626656834016,0.0
sample_04641.jpg,151.69267790952668,17.53987273450444,66,252,0.0,0.0
sample_04642.jpg,163.70364260901627,15.267067106950627,113,232,0.0,0.0
sample_04643.jpg,143.42773971938132,16.900167365628732,50,255,0.0,1.9406547769217335e-05
sample_04644.jpg,111.40179316501387,13.536920442604682,56,169,0.0,0.0
sample_04645.jpg,131.3729744415766,14.26245508698744,0,209,7.762619107686934e-05,0.0
sample_04646.jpg,131.97054086048632,65.34671349622886,0,235,0.17075821382134332,0.0
sample_04647.jpg,109.71072599895204,22.623922671258295,0,198,0.001280832152768344,0.0
sample_04648.jpg,149.40860486328086,22.540965540396147,21,206,0.0,0.0
sample_04649.jpg,128.76457916901163,26.165980289647443,0,243,9.703273884608666e-05,0.0
sample_04650.jpg,199.5926759688719,18.198213718708207,53,250,0.0,0.0
sample_04651.jpg,115.45230840885715,20.190583654308547,18,204,0.0,0.0
sample_04652.jpg,61.75120805759863,16.491138965200296,15,193,0.0,0.0
sample_04653.jpg,117.23344136311592,17.22505432034455,9,190,0.0,0.0
sample_04654.jpg,67.63641832754371,35.83325262084758,0,175,0.16710978284073047,0.0
sample_04655.jpg,140.06984416542142,64.91039173930577,0,237,0.15247724582274058,0.0
sample_04656.jpg,134.11603174911215,20.29345216716733,0,224,5.8219643307652e-05,0.0
sample_04657.jpg,127.88717033126977,20.062369521386767,38,204,0.0,0.0
sample_04658.jpg,126.01775699120883,14.853472418514107,45,174,0.0,0.0
sample_04659.jpg,106.37283859574221,15.355242805951807,48,169,0.0,0.0
sample_04660.jpg,51.26078518892274,18.660000258042217,0,115,0.00174658929922956,0.0
sample_04661.jpg,181.11570183780006,14.331155623170362,130,241,0.0,0.0
sample_04662.jpg,77.05618195579189,14.485282436681375,19,171,0.0,0.0
sample_04663.jpg,104.48252440373382,16.403241208177846,0,198,0.000174658929922956,0.0
sample_04664.jpg,119.71423858409827,19.576058154944526,0,229,3.881309553843467e-05,0.0
sample_04665.jpg,167.01077063401192,17.757946410582246,73,243,0.0,0.0
sample_04666.jpg,131.7072328203536,15.469537508977979,51,221,0.0,0.0
sample_04667.jpg,108.56624425081023,12.895991124079043,62,160,0.0,0.0
sample_04668.jpg,118.93163073220904,19.627167910280328,20,247,0.0,0.0
sample_04669.jpg,142.17083584001242,16.268384958703038,65,204,0.0,0.0
sample_04670.jpg,81.53725086844301,18.276813010641725,4,164,0.0,0.0
sample_04671.jpg,177.9211317898659,13.40878816819816,121,233,0.0,0.0
sample_04672.jpg,13.757903316579014,17.49192201418255,0,141,0.00040753750315356403,0.0
sample_04673.jpg,114.93392070484582,18.054072753143544,43,202,0.0,0.0
sample_04674.jpg,200.6843330939859,13.959859173720389,118,245,0.0,0.0
sample_04675.jpg,70.99472141900678,20.56553685520211,16,255,0.0,3.881309553843467e-05
sample_04676.jpg,136.59552873139398,17.010047915577278,0,247,5.8219643307652e-05,0.0
sample_04677.jpg,88.95796541753188,51.60266545680349,0,255,0.2150633623784665,3.881309553843467e-05
sample_04678.jpg,151.62807351200294,70.49779405745467,0,244,0.14931397853635817,0.0
sample_04679.jpg,170.3222845388034,17.806819583114446,81,253,0.0,0.0
sample_04680.jpg,48.90793533738283,12.923851279981987,27,85,0.0,0.0
sample_04681.jpg,145.1666828387898,15.033253366086727,68,207,0.0,0.0
sample_04682.jpg,81.87224669603525,14.194205854041064,34,164,0.0,0.0
sample_04683.jpg,83.88010634788178,16.959605966191074,32,137,0.0,0.0
sample_04684.jpg,74.75149915581517,60.385307119955925,0,207,0.31848085544062565,0.0
sample_04685.jpg,153.2845193968445,16.81964267200303,47,223,0.0,0.0
sample_04686.jpg,135.14838246424344,15.932085449474618,32,210,0.0,0.0
sample_04687.jpg,64.1937937860234,19.539851440451272,2,164,0.0,0.0
sample_04688.jpg,151.75963049933048,29.50918626534892,0,240,0.012342564381222224,0.0
sample_04689.jpg,122.28306390576181,13.941216994600804,72,187,0.0,0.0
sample_04690.jpg,75.9422461138388,41.73383587929025,0,209,0.16875933940111393,0.0
sample_04691.jpg,134.60670690290905,19.81465062131017,0,204,3.881309553843467e-05,0.0
sample_04692.jpg,127.40769275553572,18.260336045934753,9,209,0.0,0.0
sample_04693.jpg,117.57532651516621,18.51489383812636,4,215,0.0,0.0
sample_04694.jpg,92.17514409361719,18.829576141207603,7,148,0.0,0.0
sample_04695.jpg,139.68770983329776,19.11403367143407,66,203,0.0,0.0
sample_04696.jpg,208.73050127112887,18.406007787979117,113,252,0.0,0.0
sample_04697.jpg,149.88567602709153,16.57559661143475,84,215,0.0,0.0
sample_04698.jpg,136.7993362960663,12.542805000957165,76,206,0.0,0.0
sample_04699.jpg,164.74946146829942,14.348153246756835,98,221,0.0,0.0
sample_04700.jpg,75.59345223078266,14.418297099493103,23,140,0.0,0.0
sample_04701.jpg,67.23346076966368,31.775499714314062,0,154,0.12239709678045373,0.0
sample_04702.jpg,112.05472646470919,16.587130826881673,0,220,9.703273884608666e-05,0.0
sample_04703.jpg,131.81379417415437,15.087914951108134,72,188,0.0,0.0
sample_04704.jpg,69.77391371848861,14.728437071243993,34,190,0.0,0.0
sample_04705.jpg,113.82415727066312,25.896369896592443,0,255,0.0014360845349220828,0.000174658929922956
sample_04706.jpg,127.95912981039803,19.175851643511628,30,243,0.0,0.0
sample_04707.jpg,63.11548836577461,15.963423990014642,29,97,0.0,0.0
sample_04708.jpg,91.79134079838538,66.93650521566681,0,190,0.31838382270177956,0.0
sample_04709.jpg,31.196161384851248,12.338964999679915,2,74,0.0,0.0
sample_04710.jpg,59.80554639135244,36.63548043639016,0,160,0.2239127481612296,0.0
sample_04711.jpg,130.2661025830115,76.96947579265151,0,216,0.23066622678491724,0.0
sample_04712.jpg,132.24646315666905,18.558042399020284,41,214,0.0,0.0
sample_04713.jpg,100.13679675522522,19.886972591475313,1,218,0.0,0.0
sample_04714.jpg,64.006559413146,17.610386463778802,0,136,0.000349317859845912,0.0
sample_04715.jpg,194.6857885850686,14.936349004673554,98,254,0.0,0.0
sample_04716.jpg,113.33590793533739,27.165236286112023,0,197,0.014380251896990045,0.0
sample_04717.jpg,112.55442566321877,22.942045949735775,70,162,0.0,0.0
sample_04718.jpg,197.7311222806575,15.550163910644077,120,255,0.0,0.00029109821653826003
sample_04719.jpg,142.1671291893885,15.836654970577747,31,221,0.0,0.0
sample_04720.jpg,134.50651089677658,17.859954502776247,53,194,0.0,0.0
sample_04721.jpg,95.96873605154379,52.982969965114144,0,213,0.16119078577111917,0.0
sample_04722.jpg,72.27227386520212,13.574779608481172,19,154,0.0,0.0
sample_04723.jpg,138.38194026664596,16.71085555292722,61,185,0.0,0.0
sample_04724.jpg,174.57637446874577,10.433440295569618,137,238,0.0,0.0
sample_04725.jpg,51.104271381164004,30.07282290313966,0,180,0.17850142638126104,0.0
sample_04726.jpg,71.07353140949756,15.121657533728186,0,138,0.0005627898853073027,0.0
sample_04727.jpg,130.99316889518525,14.96245088063041,3,193,0.0,0.0
sample_04728.jpg,75.99596343806401,30.84454758603426,20,153,0.0,0.0
sample_04729.jpg,82.0352422907489,27.28256535897796,0,206,1.9406547769217335e-05,0.0
sample_04730.jpg,84.65068214015409,16.18499581443083,41,238,0.0,0.0
sample_04731.jpg,127.31613266316054,77.4468321046209,0,249,0.24506588522967648,0.0
sample_04732.jpg,42.576141590172526,15.73814025711932,2,145,0.0,0.0
sample_04733.jpg,164.82528285043372,17.17256561694487,50,252,0.0,0.0
sample_04734.jpg,124.44153777484523,17.27470347996534,58,191,0.0,0.0
sample_04735.jpg,150.6385142347028,17.223944915661974,92,222,0.0,0.0
sample_04736.jpg,134.18700149430418,18.61201003475533,0,198,0.002852762522074948,0.0
sample_04737.jpg,191.27598051582603,17.9005417440596,120,249,0.0,0.0
sample_04738.jpg,132.53858992023908,20.131185699288856,31,209,0.0,0.0
sample_04739.jpg,112.31836441615401,13.842068808670772,16,165,0.0,0.0
sample_04740.jpg,182.5387063595257,16.107548076937814,32,243,0.0,0.0
sample_04741.jpg,204.45851850414329,20.422995662608844,42,255,0.0,7.762619107686934e-05
sample_04742.jpg,110.5676415222496,17.644360525478042,6,193,0.0,0.0
sample_04743.jpg,129.4615459255953,14.798966626393113,27,191,0.0,0.0
sample_04744.jpg,134.33134739661162,25.330235806634764,30,225,0.0,0.0
sample_04745.jpg,154.53546546604824,14.151353754091176,93,244,0.0,0.0
sample_04746.jpg,132.2671893496866,27.60385583175524,0,240,0.007044576840225893,0.0
sample_04747.jpg,137.60366007490927,17.617285122163008,93,240,0.0,0.0
sample_04748.jpg,75.38104756544858,13.180175858851507,17,131,0.0,0.0
sample_04749.jpg,119.02841118593413,24.90071667428407,0,255,0.0026004774010751227,0.0002522851209998253
sample_04750.jpg,95.17089405965572,16.7591666767757,59,170,0.0,0.0
sample_04751.jpg,134.0697859457781,19.37077143230215,0,254,5.8219643307652e-05,0.0
sample_04752.jpg,175.1545731529818,16.19095130519804,75,253,0.0,0.0
sample_04753.jpg,56.158862000038816,24.57575349950557,0,148,0.09769256147024005,0.0
sample_04754.jpg,129.42607075627316,16.863045199452724,33,190,0.0,0.0
sample_04755.jpg,91.4666498476586,22.064373901381877,9,167,0.0,0.0
sample_04756.jpg,143.36658968736052,20.870537286050627,77,230,0.0,0.0
sample_04757.jpg,127.08490364649033,25.30655209711061,45,193,0.0,0.0
sample_04758.jpg,159.56731161093754,19.92386914279536,33,255,0.0,5.8219643307652e-05
sample_04759.jpg,116.26845077529158,19.144573412668343,61,223,0.0,0.0
sample_04760.jpg,127.02286091327214,17.3645095091007,22,240,0.0,0.0
sample_04761.jpg,119.38589920239089,14.066258923152251,52,180,0.0,0.0
sample_04762.jpg,124.97574181528847,16.59703172366408,45,199,0.0,0.0
sample_04763.jpg,92.79724038890721,27.48771090439005,0,255,0.018824351336140813,5.8219643307652e-05
sample_04764.jpg,103.77156552620855,58.671800188470776,0,213,0.19305633720817403,0.0
sample_04765.jpg,142.8282714587902,23.758442109433574,52,214,0.0,0.0
sample_04766.jpg,116.96747462593879,26.665837403385297,0,204,0.00174658929922956,0.0
sample_04767.jpg,126.22734770711638,14.487713375149328,29,223,0.0,0.0
sample_04768.jpg,105.79553261270352,32.43749005635298,0,193,0.05363969803411671,0.0
sample_04769.jpg,85.37850530769082,19.756527907791693,36,254,0.0,0.0
sample_04770.jpg,180.9943332880514,20.682203546643724,12,246,0.0,0.0
sample_04771.jpg,88.6764540355916,49.794630308755764,0,252,0.20235207358962914,0.0
sample_04772.jpg,131.40850783054202,22.278530417952485,46,210,0.0,0.0
sample_04773.jpg,76.12433775155738,40.41840218163951,0,188,0.168584680471191,0.0
sample_04774.jpg,93.69490966252013,69.6676886920588,0,250,0.31960643521124027,0.0
sample_04775.jpg,104.17401851384658,62.94591870514973,0,252,0.1879718216926391,0.0
sample_04776.jpg,70.83535484872596,18.3904592665415,2,195,0.0,0.0
sample_04777.jpg,62.43798637660347,40.7903972724513,0,181,0.2656756389605853,0.0
sample_04778.jpg,68.32507908168216,40.639570351350244,0,246,0.21488870344854355,0.0
sample_04779.jpg,105.33478235556677,16.596392111658275,42,247,0.0,0.0
sample_04780.jpg,189.13305129150575,14.084228734512926,125,247,0.0,0.0
sample_04781.jpg,30.187603097285024,22.914702964763304,0,122,0.19439538900425005,0.0
sample_04782.jpg,151.895728618836,17.773283075885608,49,214,0.0,0.0
sample_04783.jpg,140.1288012575443,94.6318296411878,0,255,0.2900890760542607,3.881309553843467e-05
sample_04784.jpg,90.20553474742378,33.317932349867824,13,222,0.0,0.0
sample_04785.jpg,132.95212404665335,19.7107579834819,35,215,0.0,0.0
sample_04786.jpg,93.24551223582837,15.915452147044359,0,151,0.0014943041782297347,0.0
sample_04787.jpg,128.52560693978148,13.367606380367738,24,202,0.0,0.0
sample_04788.jpg,109.09375303227309,19.531862325203008,0,217,0.00015525238215373868,0.0
sample_04789.jpg,102.06935900172718,12.797827761265198,46,167,0.0,0.0
sample_04790.jpg,149.66673135515924,48.51388900362787,0,218,0.07300743270779561,0.0
sample_04791.jpg,148.6888742261639,13.098690615962404,84,215,0.0,0.0
sample_04792.jpg,117.73508121640242,17.812797307072056,24,199,0.0,0.0
sample_04793.jpg,108.52677133264764,18.2517671100158,56,201,0.0,0.0
sample_04794.jpg,118.14828543150459,15.45310274425986,17,207,0.0,0.0
sample_04795.jpg,108.81437637058744,52.681928392838095,0,200,0.16635292747773098,0.0
sample_04796.jpg,131.75833026062995,16.638601181815158,26,240,0.0,0.0
sample_04797.jpg,34.20774709386947,14.547664988106696,0,168,3.881309553843467e-05,0.0
sample_04798.jpg,111.11836053484446,17.44298431631205,58,191,0.0,0.0
sample_04799.jpg,142.48293194123698,20.03240172514445,1,230,0.0,0.0
sample_04800.jpg,78.39771778998234,21.43674582405192,34,146,0.0,0.0
sample_04801.jpg,141.0292456674882,22.28464287823578,0,255,1.9406547769217335e-05,1.9406547769217335e-05
sample_04802.jpg,100.15488365774613,19.324319113369985,1,211,0.0,0.0
sample_04803.jpg,153.4191814318151,24.47453624074289,0,248,0.00038813095538434665,0.0
sample_04804.jpg,102.06179044809718,52.767718273737366,0,202,0.1690504376176522,0.0
sample_04805.jpg,65.3964175512818,39.047928701413525,0,246,0.22523239340953638,0.0
sample_04806.jpg,91.65999728308331,12.794202339612653,44,132,0.0,0.0
sample_04807.jpg,122.00869413340061,17.559748824112017,0,220,5.8219643307652e-05,0.0
sample_04808.jpg,180.414814958567,12.326877827894888,103,241,0.0,0.0
sample_04809.jpg,79.58351607832482,45.17481012536451,0,248,0.20778590696500998,0.0
sample_04810.jpg,46.81674396941528,19.37988782907984,14,104,0.0,0.0
sample_04811.jpg,132.52391857012557,15.3713822284061,76,179,0.0,0.0
sample_04812.jpg,138.00741330124785,14.706731051184006,74,193,0.0,0.0
sample_04813.jpg,113.16722622212734,15.251103873931186,0,165,0.004055968483766423,0.0
sample_04814.jpg,101.6206602107551,17.05958955723591,24,196,0.0,0.0
sample_04815.jpg,188.44619534630985,16.805228625230313,27,250,0.0,0.0
sample_04816.jpg,162.784393254284,34.60528394593926,49,255,0.0,5.8219643307652e-05
sample_04817.jpg,138.64825632168294,16.31324918970334,84,198,0.0,0.0
sample_04818.jpg,177.4121174484271,16.37697194694092,44,230,0.0,0.0
sample_04819.jpg,157.43575462361,14.141222749919592,27,223,0.0,0.0
sample_04820.jpg,123.26418133478235,84.80858199014126,0,255,0.3019076636457141,3.881309553843467e-05
sample_04821.jpg,140.8149585670205,13.386035498199996,66,190,0.0,0.0
sample_04822.jpg,191.36212618137358,24.92305250500658,102,250,0.0,0.0
sample_04823.jpg,152.2703332104252,23.508401949575436,0,221,0.007296861961225718,0.0
sample_04824.jpg,183.21083273496478,15.013602036076481,87,242,0.0,0.0
sample_04825.jpg,115.44974674455162,59.048774662904364,0,235,0.13640862426982864,0.0
sample_04826.jpg,131.4543072832774,12.360020370655244,82,183,0.0,0.0
sample_04827.jpg,95.68650662733606,28.715565583965112,8,255,0.0,1.9406547769217335e-05
sample_04828.jpg,105.26462768538104,17.77027617409637,0,149,0.0057249315919191135,0.0
sample_04829.jpg,185.7129577519455,18.367710982381734,56,248,0.0,0.0
sample_04830.jpg,121.02777076985775,17.229268773205654,44,224,0.0,0.0
sample_04831.jpg,132.25143123289797,15.979066324285302,46,199,0.0,0.0
sample_04832.jpg,110.96485474198995,18.075616919767143,27,184,0.0,0.0
sample_04833.jpg,87.80057831512352,62.042860625660964,0,205,0.3166178268547808,0.0
sample_04834.jpg,189.68732170234236,15.480700303327001,54,248,0.0,0.0
sample_04835.jpg,123.06021851772788,15.908843784568685,34,196,0.0,0.0
sample_04836.jpg,86.48939432164413,26.554500596891206,0,250,0.04626520988181412,0.0
sample_04837.jpg,104.69570533097867,15.381467579801779,53,177,0.0,0.0
sample_04838.jpg,157.88210522230202,15.794128569134461,81,219,0.0,0.0
sample_04839.jpg,70.81447340332629,37.64283860258203,0,227,0.1689534048788061,0.0
sample_04840.jpg,25.635331560868636,25.08916990211109,0,135,0.2556230472161307,0.0
sample_04841.jpg,165.21413184808554,14.615693343164363,83,250,0.0,0.0
sample_04842.jpg,98.89450600632654,17.745154246347273,11,169,0.0,0.0
sample_04843.jpg,99.65984203070116,19.048052516349493,0,202,0.00013584583438452133,0.0
sample_04844.jpg,90.1349725397349,28.26708073993354,0,241,0.04589648547419899,0.0
sample_04845.jpg,116.97890508257485,15.310349486846988,29,254,0.0,0.0
sample_04846.jpg,135.9431970346795,17.291128107023592,30,176,0.0,0.0
sample_04847.jpg,156.09777018766133,25.253757047676793,100,216,0.0,0.0
sample_04848.jpg,117.65795959556755,20.113463851026527,4,207,0.0,0.0
sample_04849.jpg,109.14056162549244,19.279658509449835,0,252,0.000116439286615304,0.0
sample_04850.jpg,153.28678996293348,20.394172055669312,69,255,0.0,0.0002522851209998253
sample_04851.jpg,156.44941683323952,17.054579149653026,86,236,0.0,0.0
sample_04852.jpg,167.43195094024725,15.17532182578977,94,210,0.0,0.0
sample_04853.jpg,210.83774185410158,12.896435223900221,148,238,0.0,0.0
sample_04854.jpg,36.1509247220012,33.3102065271902,0,196,0.365211822468901,0.0
sample_04855.jpg,173.71363698111742,17.58686446663554,11,233,0.0,0.0
sample_04856.jpg,83.34033262822877,15.488796705831254,24,139,0.0,0.0
sample_04857.jpg,122.81317316462574,81.2814146629978,0,245,0.27613576820819347,0.0
sample_04858.jpg,39.10308758175008,18.408196469853184,0,123,0.006287721477226416,0.0
sample_04859.jpg,151.59257893613304,12.526469172765841,69,206,0.0,0.0
sample_04860.jpg,115.53847348095248,24.37255473620416,0,255,0.000232878573230608,0.00029109821653826003
sample_04861.jpg,128.0950726775214,16.462801580469527,34,226,0.0,0.0
sample_04862.jpg,91.31318286789963,66.393591440409,0,190,0.3263599138349279,0.0
sample_04863.jpg,119.08767878282133,15.799686978654934,31,242,0.0,0.0
sample_04864.jpg,149.20895029983117,15.045146877566813,74,227,0.0,0.0
sample_04865.jpg,140.80799161637137,19.095142552897993,40,237,0.0,0.0
sample_04866.jpg,125.69983892565351,12.448586582329277,60,191,0.0,0.0
sample_04867.jpg,122.09831357099885,16.395387990965048,27,214,0.0,0.0
sample_04868.jpg,98.49114091094336,13.076261405724061,53,150,0.0,0.0
sample_04869.jpg,85.93079625065496,19.785423090294483,2,234,0.0,0.0
sample_04870.jpg,135.8776223097673,10.99535140209785,61,181,0.0,0.0
sample_04871.jpg,36.75105280521648,12.84146070019967,19,89,0.0,0.0
sample_04872.jpg,91.38003842496458,28.806443515658128,35,182,0.0,0.0
sample_04873.jpg,161.82310931708358,17.00851827721628,107,215,0.0,0.0
sample_04874.jpg,129.0552892545945,17.820327720059865,7,243,0.0,0.0
sample_04875.jpg,22.168177142968037,14.64734362828023,0,88,0.01571930369306604,0.0
sample_04876.jpg,146.45077529158337,14.079975635614412,105,196,0.0,0.0
sample_04877.jpg,135.90564536474608,16.184922054518353,42,191,0.0,0.0
sample_04878.jpg,138.13627277843545,17.97758824600256,11,252,0.0,0.0
sample_04879.jpg,138.5212404665334,18.644437035124422,3,233,0.0,0.0
sample_04880.jpg,111.21052223020047,14.151503792004872,55,183,0.0,0.0
sample_04881.jpg,24.14729569756836,16.360291681167098,0,77,0.22556230472161307,0.0
sample_04882.jpg,94.78072541675562,22.0466987888691,0,169,0.004715791107919812,0.0
sample_04883.jpg,107.8163558384599,14.112105786413917,44,172,0.0,0.0
sample_04884.jpg,106.13004327660153,14.250640073154099,0,184,7.762619107686934e-05,0.0
sample_04885.jpg,122.55403753226338,18.920587293789705,0,255,0.00019406547769217333,3.881309553843467e-05
sample_04886.jpg,177.88466688660753,16.99085738592225,124,223,0.0,0.0
sample_04887.jpg,96.65557259019194,64.68575088927867,0,207,0.2790661569213453,0.0
sample_04888.jpg,123.70150788876167,21.264799453538267,0,255,0.0007180422674610414,1.9406547769217335e-05
sample_04889.jpg,52.14240524753052,16.562714969042823,7,211,0.0,0.0
sample_04890.jpg,118.65229288361893,19.07246483837061,40,212,0.0,0.0
sample_04891.jpg,115.59376273554697,32.5394248176848,18,180,0.0,0.0
sample_04892.jpg,109.17413495313319,20.751963674154656,0,255,0.0004463505986919987,3.881309553843467e-05
sample_04893.jpg,134.6563488521027,14.211163304979571,38,206,0.0,0.0
sample_04894.jpg,152.1222418443983,13.988358854517674,58,222,0.0,0.0
sample_04895.jpg,83.65801781521085,15.884599793041705,20,163,0.0,0.0
sample_04896.jpg,111.48411574065089,11.82927849130071,35,155,0.0,0.0
sample_04897.jpg,113.53948262143648,14.20684965377188,56,159,0.0,0.0
sample_04898.jpg,150.71532535077336,12.731577140485202,64,203,0.0,0.0
sample_04899.jpg,103.00522036134991,19.419333470640048,0,244,0.0008344815540763453,0.0
sample_04900.jpg,145.20089658250694,16.42375609831417,63,244,0.0,0.0
sample_04901.jpg,136.03547516932213,16.768249643619427,7,242,0.0,0.0
sample_04902.jpg,162.14527741660035,23.727876809536806,51,229,0.0,0.0
sample_04903.jpg,99.48561004482913,16.474841300923945,0,193,0.0028139494265365136,0.0
sample_04904.jpg,139.67515379689107,13.338173627912864,60,181,0.0,0.0
sample_04905.jpg,94.09672223408178,58.19414672693238,0,236,0.1578528595548138,0.0
sample_04906.jpg,153.7671020202216,17.06983712931307,72,197,0.0,0.0
sample_04907.jpg,114.14669409458752,57.08543290737981,0,182,0.17448427099303304,0.0
sample_04908.jpg,129.27140057055252,14.07128000906033,79,252,0.0,0.0
sample_04909.jpg,133.59011430456636,11.97993124475829,39,193,0.0,0.0
sample_04910.jpg,134.90869219274583,20.777572803829745,0,254,0.000349317859845912,0.0
sample_04911.jpg,116.9853092433387,17.195877035579993,23,249,0.0,0.0
sample_04912.jpg,89.84967688097964,14.232647494871417,32,145,0.0,0.0
sample_04913.jpg,91.24502707213414,57.308980815545986,0,223,0.2277164315239962,0.0
sample_04914.jpg,156.76644219759746,23.17032043772439,0,217,5.8219643307652e-05,0.0
sample_04915.jpg,150.758660171942,22.176651058240175,95,239,0.0,0.0
sample_04916.jpg,107.44439053736731,15.445532568848545,42,180,0.0,0.0
sample_04917.jpg,83.48774476508373,16.68773549754436,1,252,0.0,0.0
sample_04918.jpg,117.21127908556348,15.18591775728624,38,204,0.0,0.0
sample_04919.jpg,146.90213277959984,16.10281151353773,55,255,0.0,1.9406547769217335e-05
sample_04920.jpg,137.44596246773662,15.9207205595949,16,217,0.0,0.0
sample_04921.jpg,94.15734828931281,58.27786191505195,0,196,0.24549282928059926,0.0
sample_04922.jpg,91.86163131440549,16.962155308531393,9,188,0.0,0.0
sample_04923.jpg,37.09307380310116,20.150772498480436,0,99,0.000232878573230608,0.0
sample_04924.jpg,116.2536241727959,17.512056814100042,31,196,0.0,0.0
sample_04925.jpg,194.91977333152207,16.19150416296091,87,255,0.0,0.00021347202546139068
sample_04926.jpg,109.45287119874246,58.39499554765708,0,255,0.17974344543849094,0.0003299113120766947
sample_04927.jpg,119.01606862155292,81.76022193892034,0,246,0.30202410293232934,0.0
sample_04928.jpg,43.21384074986901,15.075272647077067,7,181,0.0,0.0
sample_04929.jpg,128.6973742940868,24.281531862491747,67,201,0.0,0.0
sample_04930.jpg,87.79791961807913,15.954450300982172,9,186,0.0,0.0
sample_04931.jpg,133.5885617807448,16.91665295284868,14,216,0.0,0.0
sample_04932.jpg,138.897746899804,18.684397797064022,90,212,0.0,0.0
sample_04933.jpg,186.858642706049,15.318488940709226,52,237,0.0,0.0
sample_04934.jpg,155.7276485086068,18.67153155300444,32,226,0.0,0.0
sample_04935.jpg,197.38661724465834,36.4991645947181,0,255,0.01651497215160395,1.9406547769217335e-05
sample_04936.jpg,124.78427681499738,29.34246718306435,0,225,0.019930524558986203,0.0
sample_04937.jpg,166.85730365425295,19.175089481507968,63,230,0.0,0.0
sample_04938.jpg,137.70686409594597,86.80439276910286,0,254,0.2596207960565895,0.0
sample_04939.jpg,134.6977042053989,19.36893249940177,23,255,0.0,1.9406547769217335e-05
sample_04940.jpg,98.89924120398223,20.954666286267564,0,182,3.881309553843467e-05,0.0
sample_04941.jpg,130.72774554134566,16.9353196705386,73,203,0.0,0.0
sample_04942.jpg,57.95563663179957,11.964039627115689,12,100,0.0,0.0
sample_04943.jpg,147.29362106774826,17.273936950535056,12,219,0.0,0.0
sample_04944.jpg,128.57094063537036,21.90599537571286,61,199,0.0,0.0
sample_04945.jpg,150.05802557782997,19.832794089344283,47,234,0.0,0.0
sample_04946.jpg,53.8985619748103,17.446589597621387,0,129,0.00019406547769217333,0.0
sample_04947.jpg,193.88181412408548,14.199554932562625,104,225,0.0,0.0
sample_04948.jpg,156.1714180364455,39.89824889137701,68,242,0.0,0.0
sample_04949.jpg,158.05202895456927,20.09247069353996,67,202,0.0,0.0
sample_04950.jpg,30.223582836849154,14.622253690101122,0,171,3.881309553843467e-05,0.0
sample_04951.jpg,124.0895806245027,16.53855296351945,35,191,0.0,0.0
sample_04952.jpg,104.73110287410972,15.651329669579221,0,186,0.002095907159075472,0.0
sample_04953.jpg,119.13974655048614,16.871152059066695,63,194,0.0,0.0
sample_04954.jpg,128.36688078557705,28.32955805426439,0,255,0.00029109821653826003,1.9406547769217335e-05
sample_04955.jpg,110.59366570280812,77.5011208042267,0,237,0.30784606726309455,0.0
sample_04956.jpg,127.44188709270507,15.106140050657748,18,193,0.0,0.0
sample_04957.jpg,60.43614275456539,18.10247466838185,4,254,0.0,0.0
sample_04958.jpg,107.92823458634943,20.711575722966675,7,236,0.0,0.0
sample_04959.jpg,115.41072017698771,74.80489316441357,0,202,0.27029439732965904,0.0
sample_04960.jpg,166.6180209202585,23.04775697522171,75,222,0.0,0.0
sample_04961.jpg,105.00824778280192,44.40230688353524,0,235,0.12004890450037843,0.0
sample_04962.jpg,182.42869064022202,14.73664498663513,93,238,0.0,0.0
sample_04963.jpg,161.36523122901667,16.602962804625783,87,224,0.0,0.0
sample_04964.jpg,141.70465174950027,15.283141570062435,58,192,0.0,0.0
sample_04965.jpg,153.5169516194764,17.20554919853031,10,252,0.0,0.0
sample_04966.jpg,115.50899493489104,20.460069689139463,18,239,0.0,0.0
sample_04967.jpg,167.62279493100974,25.45301303802538,0,247,0.001804808942537212,0.0
sample_04968.jpg,167.8959226843137,19.6061240830862,97,233,0.0,0.0
sample_04969.jpg,170.75250829629917,13.262167573666733,128,225,0.0,0.0
sample_04970.jpg,119.28296687302296,22.43569348034168,0,255,7.762619107686934e-05,0.00013584583438452133
sample_04971.jpg,98.91208833860544,17.92984974099428,30,172,0.0,0.0
sample_04972.jpg,135.20336121407362,47.343085799899875,32,214,0.0,0.0
sample_04973.jpg,93.83089134273904,74.05097870264424,0,235,0.36798695879989907,0.0
sample_04974.jpg,107.73543053426226,70.67348998336284,0,201,0.272972500921811,0.0
sample_04975.jpg,161.6485280133517,21.318300567351326,37,205,0.0,0.0
sample_04976.jpg,123.53498030235401,16.967547645909427,71,197,0.0,0.0
sample_04977.jpg,96.33130858351608,20.949439091090966,21,157,0.0,0.0
sample_04978.jpg,166.771274427992,11.295393209144862,107,253,0.0,0.0
sample_04979.jpg,86.54588678220031,15.87267386166262,30,174,0.0,0.0
sample_04980.jpg,154.58508800869413,21.989744416630685,1,255,0.0,0.001688369655921908
sample_04981.jpg,147.46096372916222,10.953993835732842,100,254,0.0,0.0
sample_04982.jpg,186.86064158046926,21.446792724014845,74,245,0.0,0.0
sample_04983.jpg,125.25981486153428,21.474202404544997,39,195,0.0,0.0
sample_04984.jpg,155.00355139824177,18.294010318251956,83,234,0.0,0.0
sample_04985.jpg,182.8882959110404,19.60676260499692,24,255,0.0,0.001222612509460692
sample_04986.jpg,115.19841254439248,14.8656747843076,55,155,0.0,0.0
sample_04987.jpg,60.914358904694446,16.682480907872264,5,140,0.0,0.0
sample_04988.jpg,137.58596130334374,14.736905241833888,62,229,0.0,0.0
sample_04989.jpg,167.21341380581808,17.989902576211307,91,236,0.0,0.0
sample_04990.jpg,119.83050321178365,20.71414994580021,56,188,0.0,0.0
sample_04991.jpg,65.45780046187583,15.4047707811275,2,117,0.0,0.0
sample_04992.jpg,214.32816472277747,13.490588485789177,138,255,0.0,0.000232878573230608
sample_04993.jpg,127.67948145704361,23.43366897640726,0,218,0.009664460789070232,0.0
sample_04994.jpg,120.53676570474879,16.45308020607172,0,242,0.00013584583438452133,0.0
sample_04995.jpg,78.82926119272642,17.4534352978001,5,207,0.0,0.0
sample_04996.jpg,113.41958896931826,17.53324168462965,0,194,1.9406547769217335e-05,0.0
sample_04997.jpg,162.427176929496,15.268428215799522,70,205,0.0,0.0
sample_04998.jpg,137.38428845892605,24.146749332106406,0,255,0.005433833375380854,1.9406547769217335e-05
sample_04999.jpg,143.1902035746861,13.138279503079698,66,196,0.0,0.0
sample_05000.jpg,109.05232005278582,17.70162291335379,45,184,0.0,0.0
sample_05001.jpg,84.40136622096296,17.015506718228213,15,192,0.0,0.0
sample_05002.jpg,119.89652428729454,11.59658999210414,56,188,0.0,0.0
sample_05003.jpg,131.81544373071475,23.583764057220815,21,241,0.0,0.0
sample_05004.jpg,111.75912592908847,39.545798455148386,0,216,0.0017271827514603428,0.0
sample_05005.jpg,86.11282966873023,21.060053641576825,27,123,0.0,0.0
sample_05006.jpg,182.91556211065614,19.85861141703972,3,230,0.0,0.0
sample_05007.jpg,177.57059131751052,18.126627311036227,45,233,0.0,0.0
sample_05008.jpg,136.06635098682295,16.677248241223072,1,255,0.0,9.703273884608666e-05
sample_05009.jpg,104.90900269751015,20.019569843745685,1,199,0.0,0.0
sample_05010.jpg,113.75770925110132,15.971191728949753,63,239,0.0,0.0
sample_05011.jpg,41.891012827728076,14.699699207340462,20,124,0.0,0.0
sample_05012.jpg,134.00900463816492,20.876585434397903,1,215,0.0,0.0
sample_05013.jpg,35.070503988045566,28.9609028637038,0,176,0.002154126802383124,0.0
sample_05014.jpg,34.60109841060374,16.638780852936318,0,210,0.0036290244328436414,0.0
sample_05015.jpg,157.6891265112849,12.75202272868764,86,217,0.0,0.0
sample_05016.jpg,195.123949620602,17.244183395194177,111,255,0.0,0.000698635719691824
sample_05017.jpg,178.0936948126298,27.543744048294506,0,253,0.008577694113994061,0.0
sample_05018.jpg,59.687418735081216,44.84872164869596,0,255,0.30559490772186537,0.0002522851209998253
sample_05019.jpg,53.603349570144964,15.637649561070159,2,127,0.0,0.0
sample_05020.jpg,157.73554697354888,70.57868900692173,0,255,0.14322032253682393,0.0002522851209998253
sample_05021.jpg,86.84490287022841,23.248352013196993,0,154,0.02670340973044305,0.0
sample_05022.jpg,98.55050554056939,20.028500918028676,16,188,0.0,0.0
sample_05023.jpg,77.59354926352151,14.236952645173623,18,168,0.0,0.0
sample_05024.jpg,93.96549515806633,34.61674867958781,0,144,0.08131343515302063,0.0
sample_05025.jpg,145.3072056511867,16.864526439362066,62,224,0.0,0.0
sample_05026.jpg,31.117099109239458,13.770516018381542,2,161,0.0,0.0
sample_05027.jpg,172.5245201731064,17.528592438867225,75,255,0.0,3.881309553843467e-05
sample_05028.jpg,186.93644355605582,16.27409300749382,55,253,0.0,0.0
sample_05029.jpg,149.0350482252712,22.088197409575667,69,237,0.0,0.0
sample_05030.jpg,99.0830988375478,15.21665625376415,26,162,0.0,0.0
sample_05031.jpg,178.09449048108831,18.329043357028063,112,253,0.0,0.0
sample_05032.jpg,25.292165576665568,14.304062066614774,2,94,0.0,0.0
sample_05033.jpg,128.14273515884258,15.80562666538971,10,201,0.0,0.0
sample_05034.jpg,165.51716509150188,12.148365319622094,128,230,0.0,0.0
sample_05035.jpg,159.67270857187214,19.50070906258781,78,212,0.0,0.0
sample_05036.jpg,187.64843098061286,40.45164181175164,27,243,0.0,0.0
sample_05037.jpg,90.19115449552679,17.95570781001696,41,128,0.0,0.0
sample_05038.jpg,67.5601505948107,52.68038494736714,0,226,0.33189077994915483,0.0
sample_05039.jpg,135.6601137223699,17.10704071105477,48,185,0.0,0.0
sample_05040.jpg,93.2695763550622,18.08757480743077,35,151,0.0,0.0
sample_05041.jpg,101.75569097013333,57.942039046540216,0,245,0.22082710706592404,0.0
sample_05042.jpg,138.10914242465407,27.941013414120825,0,219,0.0006210095286149547,0.0
sample_05043.jpg,78.23221875060645,15.171452659794461,26,141,0.0,0.0
sample_05044.jpg,124.62013623396534,21.342985650498715,48,210,0.0,0.0
sample_05045.jpg,112.47367501795105,11.530222932507877,81,255,0.0,3.881309553843467e-05
sample_05046.jpg,18.533641250557938,24.076254110857036,0,139,0.2494517650255196,0.0
sample_05047.jpg,29.755361058821247,13.859987253495978,0,98,0.0026198839488443403,0.0
sample_05048.jpg,110.8049447883716,14.841103384468955,30,248,0.0,0.0
sample_05049.jpg,160.2506549709872,20.801189540897436,0,255,3.881309553843467e-05,0.000232878573230608
sample_05050.jpg,128.4739661161676,69.92142527039009,0,253,0.19926643249432358,0.0
sample_05051.jpg,175.1306254730346,17.238362100484242,108,233,0.0,0.0
sample_05052.jpg,145.78121058044985,18.4164107941088,85,218,0.0,0.0
sample_05053.jpg,123.66645966349046,14.489828868687152,81,190,0.0,0.0
sample_05054.jpg,62.71759591686235,39.213021486259144,0,146,0.24718119893652118,0.0
sample_05055.jpg,108.19571503425256,18.54042266721731,3,200,0.0,0.0
sample_05056.jpg,145.39057618040326,12.794288882746102,94,190,0.0,0.0
sample_05057.jpg,185.9730637116963,70.30085672656627,0,255,0.10167090376292962,0.0008150750063071281
sample_05058.jpg,115.13772826951813,18.763330137024024,11,209,0.0,0.0
sample_05059.jpg,148.81344485629452,24.770393401093983,0,235,0.004638164916842943,0.0
sample_05060.jpg,87.16922509654758,16.449676830414372,19,146,0.0,0.0
sample_05061.jpg,181.98426128975916,30.85284685430873,90,255,0.0,1.9406547769217335e-05
sample_05062.jpg,161.85941896795978,14.516159581467216,82,211,0.0,0.0
sample_05063.jpg,139.52702361776863,23.254295568944123,43,210,0.0,0.0
sample_05064.jpg,128.25903859962352,16.976792965801284,13,184,0.0,0.0
sample_05065.jpg,108.40185138465718,15.833776921334826,0,206,0.0007374488152302587,0.0
sample_05066.jpg,82.05973335403365,34.35667374601485,0,174,0.06452677133264764,0.0
sample_05067.jpg,104.00859710066176,31.634528154033706,0,255,0.002192939897921559,0.00019406547769217333
sample_05068.jpg,77.00366783752838,14.596671707914945,34,133,0.0,0.0
sample_05069.jpg,116.80300413359467,15.306960474489179,30,172,0.0,0.0
sample_05070.jpg,84.4263618544897,13.703118022470388,46,253,0.0,0.0
sample_05071.jpg,110.34050728715869,15.865935513043054,0,250,1.9406547769217335e-05,0.0
sample_05072.jpg,74.92955423159773,17.025280082474946,18,147,0.0,0.0
sample_05073.jpg,108.66632381765608,14.062831019412704,55,159,0.0,0.0
sample_05074.jpg,35.40154087989288,15.986736626962323,0,180,0.00031050476430747735,0.0
sample_05075.jpg,177.24729763822313,16.338007805806328,98,210,0.0,0.0
sample_05076.jpg,128.67713326476354,78.18129395853632,0,224,0.2271536416386889,0.0
sample_05077.jpg,127.83849870946457,17.73644764762395,19,191,0.0,0.0
sample_05078.jpg,136.55085485842923,16.917471385190165,49,233,0.0,0.0
sample_05079.jpg,132.0113334238972,30.29779083027063,0,211,0.00038813095538434665,0.0
sample_05080.jpg,65.34533951755323,24.398694891972113,0,176,1.9406547769217335e-05,0.0
sample_05081.jpg,130.26088222166157,12.683172046312489,58,179,0.0,0.0
sample_05082.jpg,168.63670942576024,76.36351705869755,0,255,0.14459818742843836,7.762619107686934e-05
sample_05083.jpg,65.2868481825768,18.64246764293389,3,140,0.0,0.0
sample_05084.jpg,152.87395447223892,20.09547179959028,2,252,0.0,0.0
sample_05085.jpg,131.2678103592152,14.319440158563207,9,180,0.0,0.0
sample_05086.jpg,91.7847037590483,76.73894220474727,0,211,0.38966407265811487,0.0
sample_05087.jpg,65.5080634205981,15.574400580962392,3,169,0.0,0.0
sample_05088.jpg,58.89584505812261,15.192158651641046,31,148,0.0,0.0
sample_05089.jpg,95.48396048826874,36.2062578652601,0,194,0.07743212559917716,0.0
sample_05090.jpg,123.99472141900678,17.40962952123009,0,226,0.0004463505986919987,0.0
sample_05091.jpg,92.66612975217838,56.32039146624212,0,221,0.2264938190145355,0.0
sample_05092.jpg,135.40159909953618,21.58489852388483,1,228,0.0,0.0
sample_05093.jpg,107.03745463719459,24.146533697628502,8,209,0.0,0.0
sample_05094.jpg,139.24007840245298,14.558123718900593,56,191,0.0,0.0
sample_05095.jpg,81.94863086805488,42.85077460714354,0,237,0.16045333695588893,0.0
sample_05096.jpg,180.36992761357683,15.237747559421733,39,253,0.0,0.0
sample_05097.jpg,125.95831473539172,17.34124194528764,0,171,0.0008538881018455627,0.0
sample_05098.jpg,121.80826330804014,18.649289300460786,7,204,0.0,0.0
sample_05099.jpg,73.94189679597896,58.79335886917193,0,181,0.3517824914126026,0.0
sample_05100.jpg,138.02967261153913,14.279550433025861,37,207,0.0,0.0
sample_05101.jpg,93.95103727997827,16.49641070206786,34,187,0.0,0.0
sample_05102.jpg,95.35451881464806,18.267662623484053,26,194,0.0,0.0
sample_05103.jpg,103.0519513283782,50.99417902127375,0,182,0.1625686506627336,0.0
sample_05104.jpg,114.18071377282695,16.658677064470254,61,184,0.0,0.0
sample_05105.jpg,96.6213006268315,18.944935872343393,11,185,0.0,0.0
sample_05106.jpg,107.45733470472938,15.66784319971741,50,186,0.0,0.0
sample_05107.jpg,159.28649886471695,14.697198197984983,4,237,0.0,0.0
sample_05108.jpg,129.00539502027985,17.021476047153346,0,205,0.0002522851209998253,0.0
sample_05109.jpg,114.51169244503096,81.13565607419534,0,221,0.3127171107531681,0.0
sample_05110.jpg,129.89070232296376,61.82428991243578,0,252,0.1576199809815832,0.0
sample_05111.jpg,74.94711715732888,35.43266666553985,0,210,0.11651691280638088,0.0
sample_05112.jpg,143.43142696345748,26.001104637231343,36,199,0.0,0.0
sample_05113.jpg,75.92753595062975,15.925062861623138,3,152,0.0,0.0
sample_05114.jpg,86.5462749131557,16.072332031308843,24,212,0.0,0.0
sample_05115.jpg,120.39958081856818,18.300057170193018,33,201,0.0,0.0
sample_05116.jpg,38.337848590114305,14.138941621078665,0,101,0.000116439286615304,0.0
sample_05117.jpg,82.05643424091288,51.47854953381424,0,164,0.24952939121659648,0.0
sample_05118.jpg,165.5875720468086,12.841681774600561,92,208,0.0,0.0
sample_05119.jpg,156.86252401560287,12.367770697485788,81,215,0.0,0.0
sample_05120.jpg,72.88631644316793,12.820371793579788,16,119,0.0,0.0
sample_05121.jpg,85.46977430184944,42.85895797549757,0,177,0.17262124240718818,0.0
sample_05122.jpg,140.9533466591628,24.42742910216822,0,203,0.01106173222845388,0.0
sample_05123.jpg,130.52323934095364,14.696804048236526,36,231,0.0,0.0
sample_05124.jpg,119.3799025791302,13.824206204829176,39,202,0.0,0.0
sample_05125.jpg,217.9999417803567,12.867156694321038,112,249,0.0,0.0
sample_05126.jpg,145.0346212812203,14.234349505609963,87,215,0.0,0.0
sample_05127.jpg,147.14358904694444,21.633856913651478,0,226,0.00040753750315356403,0.0
sample_05128.jpg,138.21727570882416,22.331117953015628,15,254,0.0,0.0
sample_05129.jpg,136.06454617788043,15.4428601301522,65,218,0.0,0.0
sample_05130.jpg,181.75417725940733,16.587017041614725,90,249,0.0,0.0
sample_05131.jpg,143.55093248462032,13.442556831749547,87,201,0.0,0.0
sample_05132.jpg,118.86083564594695,13.110593293676633,66,178,0.0,0.0
sample_05133.jpg,173.11098604669215,15.151017924608787,5,231,0.0,0.0
sample_05134.jpg,135.9207630654583,15.451747340293702,62,198,0.0,0.0
sample_05135.jpg,142.876050379398,57.7458426101507,0,230,0.1101709716858468,0.0
sample_05136.jpg,60.8348890915795,17.101517471586885,12,192,0.0,0.0
sample_05137.jpg,125.75231423082148,15.425303588958712,68,201,0.0,0.0
sample_05138.jpg,87.97599410040948,45.83886096084188,0,175,0.17768635137495392,0.0
sample_05139.jpg,107.43187331405616,15.918508811040063,33,192,0.0,0.0
sample_05140.jpg,192.1010693007821,16.460020759263923,84,253,0.0,0.0
sample_05141.jpg,133.7804149119913,14.878516901399133,60,215,0.0,0.0
sample_05142.jpg,110.44637000523977,17.04046759407356,60,153,0.0,0.0
sample_05143.jpg,137.4234702788721,20.158407614774678,15,249,0.0,0.0
sample_05144.jpg,138.326437540026,13.411598903810567,80,218,0.0,0.0
sample_05145.jpg,105.76981893690932,16.59861318197169,39,210,0.0,0.0
sample_05146.jpg,97.08313765064332,60.60247883127994,0,235,0.2430476042616779,0.0
sample_05147.jpg,123.84874536668671,25.433975974548208,0,255,0.016941916202526733,0.000116439286615304
sample_05148.jpg,116.01560286440645,15.857434730802774,61,165,0.0,0.0
sample_05149.jpg,120.55980127695085,15.758787427054456,0,193,1.9406547769217335e-05,0.0
sample_05150.jpg,44.84102156067457,20.772881772646496,0,154,0.0010673601273069534,0.0
sample_05151.jpg,167.31663723340256,42.65713485738695,0,246,0.03231190203574686,0.0
sample_05152.jpg,128.97607172660057,19.451286064792555,38,234,0.0,0.0
sample_05153.jpg,136.4506976653923,18.069132980841246,61,197,0.0,0.0
sample_05154.jpg,110.22874497855577,14.896451365591263,13,180,0.0,0.0
sample_05155.jpg,133.94195501562228,18.154589300867777,31,207,0.0,0.0
sample_05156.jpg,164.1193502687807,18.914984286395295,51,221,0.0,0.0
sample_05157.jpg,95.09491742513924,13.331931365374674,69,158,0.0,0.0
sample_05158.jpg,72.5573754584797,17.51358506005291,29,199,0.0,0.0
sample_05159.jpg,139.44210056473054,82.53350739278777,0,255,0.2339847464534534,5.8219643307652e-05
sample_05160.jpg,105.91404839993014,13.935590045673674,43,166,0.0,0.0
sample_05161.jpg,80.77680529410623,16.198474524219492,16,130,0.0,0.0
sample_05162.jpg,107.99934017737584,17.954563664244848,6,187,0.0,0.0
sample_05163.jpg,119.00289157561761,17.702021761279884,60,157,0.0,0.0
sample_05164.jpg,158.01086766675076,40.268653289810594,0,230,0.029963709755671565,0.0
sample_05165.jpg,44.56143142696346,17.755768670975815,0,157,0.023307263870830017,0.0
sample_05166.jpg,32.782860137010225,23.510384408777277,0,202,3.881309553843467e-05,0.0
sample_05167.jpg,121.16041452386035,19.90069468550153,48,198,0.0,0.0
sample_05168.jpg,63.054765277804734,17.004263456294932,20,148,0.0,0.0
sample_05169.jpg,98.87909720739778,66.96750900423994,0,206,0.24361039414698518,0.0
sample_05170.jpg,67.81051446758136,15.58990434768413,0,170,3.881309553843467e-05,0.0
sample_05171.jpg,174.42350909196762,23.695950789503016,0,251,1.9406547769217335e-05,0.0
sample_05172.jpg,134.23644937802015,33.73298164046112,53,226,0.0,0.0
sample_05173.jpg,138.16185060839527,13.263724016195983,85,199,0.0,0.0
sample_05174.jpg,142.5767237866056,75.70311879005465,0,234,0.1931339633992509,0.0
sample_05175.jpg,122.9614197830348,17.201374167055544,71,244,0.0,0.0
sample_05176.jpg,198.0289351627239,13.171117994835354,129,245,0.0,0.0
sample_05177.jpg,113.16235517863727,15.901047947468724,44,219,0.0,0.0
sample_05178.jpg,108.40501465194356,16.43649193341031,18,167,0.0,0.0
sample_05179.jpg,20.356789380737062,12.975350039750825,0,98,0.00015525238215373868,0.0
sample_05180.jpg,90.13004327660153,17.73519237708695,23,189,0.0,0.0
sample_05181.jpg,127.47635312154321,16.158922644821597,4,194,0.0,0.0
sample_05182.jpg,106.02212346445691,16.88909384178011,34,192,0.0,0.0
sample_05183.jpg,145.421626656834,14.549358180468198,62,188,0.0,0.0
sample_05184.jpg,112.4626715053659,69.71008355302214,0,246,0.2530419763628248,0.0
sample_05185.jpg,132.13815521356906,18.40319717933604,0,221,0.0007956684585379107,0.0
sample_05186.jpg,157.54415959944885,16.39914912199855,80,243,0.0,0.0
sample_05187.jpg,119.04426633546159,15.632277631585104,0,205,1.9406547769217335e-05,0.0
sample_05188.jpg,136.748821052223,13.447834854620403,12,202,0.0,0.0
sample_05189.jpg,36.00556967920976,14.540582628615983,0,91,0.01688369655921908,0.0
sample_05190.jpg,136.91010887073298,12.488006724312006,2,231,0.0,0.0
sample_05191.jpg,175.18537134429155,26.02461351686651,93,250,0.0,0.0
sample_05192.jpg,133.36393099031613,14.092084938977397,88,198,0.0,0.0
sample_05193.jpg,72.59820683498613,43.71428684878626,0,255,0.221894467193231,3.881309553843467e-05
sample_05194.jpg,117.56090745017369,14.93639804538031,50,166,0.0,0.0
sample_05195.jpg,129.83314250228028,16.114775506411803,2,213,0.0,0.0
sample_05196.jpg,204.36133051291506,17.459990713964444,90,255,0.0,0.0025810708533059055
sample_05197.jpg,132.50934425275088,21.9472478676999,0,223,5.8219643307652e-05,0.0
sample_05198.jpg,101.9015893962623,18.43896891172382,32,160,0.0,0.0
sample_05199.jpg,77.19181431815095,20.970087579697523,22,137,0.0,0.0
sample_05200.jpg,98.19992625511847,18.583453002306744,25,193,0.0,0.0
sample_05201.jpg,91.59939063440005,19.49912866180087,0,169,0.00019406547769217333,0.0
sample_05202.jpg,162.10000194065478,13.657197425189471,107,214,0.0,0.0
sample_05203.jpg,72.21158959032778,15.1673362913974,5,140,0.0,0.0
sample_05204.jpg,103.64309417997633,19.09882472721795,0,223,0.0018436220380756466,0.0
sample_05205.jpg,106.5191639659221,14.554957630437016,49,198,0.0,0.0
sample_05206.jpg,87.58149779735683,57.72900660612426,0,220,0.2682178967183528,0.0
sample_05207.jpg,127.99738011605116,20.53656926599516,14,245,0.0,0.0
sample_05208.jpg,112.24681247452891,14.847164632926795,56,186,0.0,0.0
sample_05209.jpg,131.55366880785576,15.488674695346747,31,217,0.0,0.0
sample_05210.jpg,123.1275398319393,15.628815974539622,60,193,0.0,0.0
sample_05211.jpg,129.02990549011236,17.11805332758864,15,215,0.0,0.0
sample_05212.jpg,91.5800034931786,16.362296476348344,29,152,0.0,0.0
sample_05213.jpg,52.00199887442023,16.301860055595323,18,112,0.0,0.0
sample_05214.jpg,93.84692115119641,31.893926457227305,32,205,0.0,0.0
sample_05215.jpg,95.98107861592501,19.725671308055556,0,244,0.00031050476430747735,0.0
sample_05216.jpg,156.6328281162064,19.13576124786174,84,214,0.0,0.0
sample_05217.jpg,116.16604242271342,14.209429395157958,55,173,0.0,0.0
sample_05218.jpg,123.65807603485416,17.89392968220555,36,207,0.0,0.0
sample_05219.jpg,68.4461565332143,47.134370417345664,0,189,0.26759688718973784,0.0
sample_05220.jpg,175.9210153505793,25.004912297559706,0,246,0.00048516369423043333,0.0
sample_05221.jpg,198.4353858992024,21.65285271569048,111,250,0.0,0.0
sample_05222.jpg,115.29610510586272,18.89576599160799,21,217,0.0,0.0
sample_05223.jpg,81.1637912631722,16.261254909129207,0,186,1.9406547769217335e-05,0.0
sample_05224.jpg,20.006792291719226,17.05417360438359,0,95,0.20739777600962564,0.0
sample_05225.jpg,119.87678782821324,15.368471835680229,68,202,0.0,0.0
sample_05226.jpg,96.87915542704108,12.946355235895739,49,155,0.0,0.0
sample_05227.jpg,126.68497351006229,18.211174109490386,1,201,0.0,0.0
sample_05228.jpg,163.2333831434726,19.273142018530454,94,227,0.0,0.0
sample_05229.jpg,111.95689805740457,19.72959770420537,26,240,0.0,0.0
sample_05230.jpg,141.26720875623434,15.72340551052364,43,243,0.0,0.0
sample_05231.jpg,164.77624250422093,15.743407487329705,58,200,0.0,0.0
sample_05232.jpg,134.17603679481456,16.642643682449776,24,197,0.0,0.0
sample_05233.jpg,128.99720545712123,13.955987182885565,53,194,0.0,0.0
sample_05234.jpg,112.02138601564168,22.123577154750507,24,226,0.0,0.0
sample_05235.jpg,129.51112965514565,22.14350730176006,33,243,0.0,0.0
sample_05236.jpg,185.1777251644705,17.98007698994036,106,254,0.0,0.0
sample_05237.jpg,104.84670767917095,16.921399368913267,14,221,0.0,0.0
sample_05238.jpg,131.2747967164121,19.32605840758126,2,234,0.0,0.0
sample_05239.jpg,42.76785887558462,20.18534945320677,10,114,0.0,0.0
sample_05240.jpg,100.78012381377476,13.084359587373017,46,171,0.0,0.0
sample_05241.jpg,147.0728133672301,17.325134195125866,66,229,0.0,0.0
sample_05242.jpg,126.67094257602515,14.988882074759823,68,177,0.0,0.0
sample_05243.jpg,73.07147431543403,44.0514567528927,0,200,0.189213840749869,0.0
sample_05244.jpg,96.38978051194474,23.38057918067057,0,182,0.024199965068214015,0.0
sample_05245.jpg,139.60701740767334,32.619789286243915,0,207,0.02447165673698306,0.0
sample_05246.jpg,159.45368627374876,18.102200007146283,48,236,0.0,0.0
sample_05247.jpg,153.10524170855246,18.29399224415283,50,223,0.0,0.0
sample_05248.jpg,145.75569097013332,15.266732836820658,82,226,0.0,0.0
sample_05249.jpg,174.2717692949601,17.43303010339598,107,219,0.0,0.0
sample_05250.jpg,93.29152516058919,20.315877093982476,0,211,0.0037454637194589456,0.0
sample_05251.jpg,129.11983543247493,20.035705778177647,0,186,0.00019406547769217333,0.0
sample_05252.jpg,130.21054163674825,35.28000868018881,0,245,0.03400027169166877,0.0
sample_05253.jpg,109.20961012245532,14.05331845828686,51,175,0.0,0.0
sample_05254.jpg,125.35463525393467,18.756225276853048,15,234,0.0,0.0
sample_05255.jpg,83.98305808379747,18.167914793439735,22,161,0.0,0.0
sample_05256.jpg,87.24256244056745,14.09368851541561,28,158,0.0,0.0
sample_05257.jpg,81.47084166197675,14.269287866302152,0,176,9.703273884608666e-05,0.0
sample_05258.jpg,185.12348386345553,18.017309472534983,115,228,0.0,0.0
sample_05259.jpg,155.50096062411458,14.84999235496111,75,233,0.0,0.0
sample_05260.jpg,109.72182654427604,15.835993216837595,47,225,0.0,0.0
sample_05261.jpg,126.95099846688272,16.874539630446325,0,255,5.8219643307652e-05,1.9406547769217335e-05
sample_05262.jpg,127.70348735663413,19.05208808145658,64,227,0.0,0.0
sample_05263.jpg,51.26006714665528,34.027673844742935,0,165,0.06730190766364572,0.0
sample_05264.jpg,148.2615614508335,10.34451162212592,79,188,0.0,0.0
sample_05265.jpg,133.3264957596693,18.294385145319257,0,243,0.00027169166876904265,0.0
sample_05266.jpg,126.66970055696792,17.47582828339865,27,205,0.0,0.0
sample_05267.jpg,71.53723146189525,13.776713633035339,22,154,0.0,0.0
sample_05268.jpg,156.8455432863048,11.9413651535898,109,236,0.0,0.0
sample_05269.jpg,141.45593743329,18.552210689101678,0,189,5.8219643307652e-05,0.0
sample_05270.jpg,124.05449358613596,18.44021027548696,58,194,0.0,0.0
sample_05271.jpg,67.39187641910381,13.177530204309546,10,113,0.0,0.0
sample_05272.jpg,137.1376312367793,20.398376672473383,29,215,0.0,0.0
sample_05273.jpg,179.29455258204118,18.025239538883255,76,246,0.0,0.0
sample_05274.jpg,141.09757612218363,24.161586178121997,37,222,0.0,0.0
sample_05275.jpg,38.746666925420634,22.370887699625577,1,123,0.0,0.0
sample_05276.jpg,147.35372314618954,12.973239704906536,108,171,0.0,0.0
sample_05277.jpg,125.35438296881368,16.793087682562508,0,240,1.9406547769217335e-05,0.0
sample_05278.jpg,69.02668400318268,16.13593326346206,26,122,0.0,0.0
sample_05279.jpg,146.49189776630635,18.416206098941295,49,212,0.0,0.0
sample_05280.jpg,129.56220768887422,14.388589687376076,32,193,0.0,0.0
sample_05281.jpg,105.16674105843312,15.260102246746165,53,177,0.0,0.0
sample_05282.jpg,135.0768499291661,19.26370905124859,32,226,0.0,0.0
sample_05283.jpg,96.59764404510082,57.9779956522796,0,196,0.2104834171049312,0.0
sample_05284.jpg,196.78982708765938,29.008479698459677,0,255,1.9406547769217335e-05,5.8219643307652e-05
sample_05285.jpg,79.79229171922607,24.21487605513357,7,160,0.0,0.0
sample_05286.jpg,103.87865085679908,44.3230091813121,0,188,0.12658891109860468,0.0
sample_05287.jpg,86.51107143550234,13.249375952196045,58,181,0.0,0.0
sample_05288.jpg,204.54953521318092,13.49871160348541,145,241,0.0,0.0
sample_05289.jpg,103.35618777775622,57.78835929239473,0,202,0.21465582487531293,0.0
sample_05290.jpg,127.08428263696172,13.167125242329563,38,216,0.0,0.0
sample_05291.jpg,126.84461177201187,19.323161138763567,24,224,0.0,0.0
sample_05292.jpg,111.41388344427409,14.90820372721864,17,167,0.0,0.0
sample_05293.jpg,146.84383551010112,17.148050205447472,76,208,0.0,0.0
sample_05294.jpg,119.8188786896699,14.93362610316588,70,179,0.0,0.0
sample_05295.jpg,61.17403792039434,16.34167153534054,11,186,0.0,0.0
sample_05296.jpg,89.55755011740962,53.09671940543239,0,255,0.18414873178210328,1.9406547769217335e-05
sample_05297.jpg,120.82134332123658,13.779507027559236,51,192,0.0,0.0
sample_05298.jpg,149.81589008131343,20.122909388471165,104,223,0.0,0.0
sample_05299.jpg,103.82904772070097,19.273331191561493,26,158,0.0,0.0
sample_05300.jpg,157.219895592773,14.963929255842569,67,245,0.0,0.0
sample_05301.jpg,127.10762871392808,17.99431680695105,0,199,0.000174658929922956,0.0
sample_05302.jpg,178.8503949232471,22.66406828779138,6,241,0.0,0.0
sample_05303.jpg,118.8133866366512,14.972632842782064,73,176,0.0,0.0
sample_05304.jpg,146.3749733159968,18.434124158358358,31,201,0.0,0.0
sample_05305.jpg,184.2338877137146,18.40234811906295,80,241,0.0,0.0
sample_05306.jpg,192.00962564769353,13.550829230862782,100,254,0.0,0.0
sample_05307.jpg,132.85980709891518,12.366203928523392,67,182,0.0,0.0
sample_05308.jpg,56.21345261891362,33.942937743512275,0,147,0.2133943992703138,0.0
sample_05309.jpg,139.79027343825805,22.244112243660634,15,254,0.0,0.0
sample_05310.jpg,134.78658619418192,28.951156448235732,6,229,0.0,0.0
sample_05311.jpg,176.99491548448447,23.66749370874801,108,237,0.0,0.0
sample_05312.jpg,127.65700867472685,12.577846225452099,77,217,0.0,0.0
sample_05313.jpg,130.63531215432087,13.892269224649155,75,210,0.0,0.0
sample_05314.jpg,77.50028139494265,17.001194742633082,26,224,0.0,0.0
sample_05315.jpg,166.97890508257487,19.84658800013344,106,214,0.0,0.0
sample_05316.jpg,120.11676919792738,25.251085335792762,27,193,0.0,0.0
sample_05317.jpg,122.12292107357023,22.31902466416652,0,201,0.00013584583438452133,0.0
sample_05318.jpg,73.49808845504474,15.661491252369029,35,178,0.0,0.0
sample_05319.jpg,129.81259096819267,17.522247354178305,58,208,0.0,0.0
sample_05320.jpg,121.49112150439558,25.972957911019712,1,219,0.0,0.0
sample_05321.jpg,165.25878631450252,15.111800478465405,64,209,0.0,0.0
sample_05322.jpg,122.4451473927303,68.86376967659423,0,247,0.21001765995847,0.0
sample_05323.jpg,96.900774321256,52.86909398120254,0,172,0.19206660327194394,0.0
sample_05324.jpg,192.71877971627626,13.971897337521556,98,227,0.0,0.0
sample_05325.jpg,132.55217450367755,17.441389295720214,0,246,5.8219643307652e-05,0.0
sample_05326.jpg,118.3730908808632,60.22143899414975,0,255,0.0004463505986919987,1.9406547769217335e-05
sample_05327.jpg,112.3725863106212,51.585870677076386,0,208,0.13029556172252518,0.0
sample_05328.jpg,89.42337324613325,20.99428015264909,0,255,0.0031050476430747732,0.003376739311843816
sample_05329.jpg,130.77106095596653,16.20358588889223,44,205,0.0,0.0
sample_05330.jpg,115.6066680898135,76.9707443577421,0,255,0.2820741718255739,0.00013584583438452133
sample_05331.jpg,79.95680102466572,16.735153364400418,0,164,0.000116439286615304,0.0
sample_05332.jpg,120.52063886355256,16.630246110353966,55,165,0.0,0.0
sample_05333.jpg,155.68953404878806,20.252319358470412,45,217,0.0,0.0
sample_05334.jpg,95.06798113683557,17.195625919946604,29,166,0.0,0.0
sample_05335.jpg,116.59527644627298,15.087966487210519,1,234,0.0,0.0
sample_05336.jpg,135.79306798113683,25.097932148656778,0,247,0.00048516369423043333,0.0
sample_05337.jpg,134.84307865473812,17.538965380092726,17,236,0.0,0.0
sample_05338.jpg,134.8427099303305,13.44529055651483,88,235,0.0,0.0
sample_05339.jpg,80.04230627413689,11.861862983653195,24,155,0.0,0.0
sample_05340.jpg,63.568592443090296,21.797638081836904,0,255,0.00021347202546139068,7.762619107686934e-05
sample_05341.jpg,114.65631003900717,14.926426752015354,63,216,0.0,0.0
sample_05342.jpg,127.90568417784161,13.51842750701793,80,224,0.0,0.0
sample_05343.jpg,82.42791437831124,19.630517715902776,0,251,0.000698635719691824,0.0
sample_05344.jpg,134.00886879233053,25.562011358121755,7,253,0.0,0.0
sample_05345.jpg,78.37530322730889,63.73380275180436,0,255,0.34522307826660714,9.703273884608666e-05
sample_05346.jpg,64.50757825690388,21.41555515630389,0,147,0.035766267538667545,0.0
sample_05347.jpg,138.8427099303305,72.71886004457608,0,254,0.19282345863494343,0.0
sample_05348.jpg,127.6946767839469,17.140202862577464,9,199,0.0,0.0
sample_05349.jpg,86.37070387548759,14.063162242363887,13,149,0.0,0.0
sample_05350.jpg,84.03881309553843,14.137282771046099,4,111,0.0,0.0
sample_05351.jpg,165.53098255351355,15.394818050172153,93,240,0.0,0.0
sample_05352.jpg,120.98822022550408,20.210749851242863,27,214,0.0,0.0
sample_05353.jpg,10.492615808573813,11.376258945848736,0,61,0.0017077762036911254,0.0
sample_05354.jpg,201.83597585825459,16.948511037610697,148,255,0.0,0.00013584583438452133
sample_05355.jpg,85.81977139086727,53.94216756646741,0,200,0.25374061208251664,0.0
sample_05356.jpg,98.55248500844185,55.02363938203185,0,200,0.20470026586970444,0.0
sample_05357.jpg,83.11071435502339,15.903417677802118,1,222,0.0,0.0
sample_05358.jpg,127.0991674591007,20.082813495572783,28,208,0.0,0.0
sample_05359.jpg,132.1566108404976,19.66426571934657,0,252,0.000465757146461216,0.0
sample_05360.jpg,110.76324011721555,48.81862072231029,0,204,0.1262978128820664,0.0
sample_05361.jpg,115.88730617710415,15.912872740422692,47,190,0.0,0.0
sample_05362.jpg,36.70218711793359,15.82465054822226,0,101,0.0013196452483067787,0.0
sample_05363.jpg,91.67620175047061,31.27477199025276,0,244,0.047351976556890295,0.0
sample_05364.jpg,121.11929204913739,66.86060239315697,0,228,0.2078053135127792,0.0
sample_05365.jpg,97.64994469133886,16.6819112567145,7,177,0.0,0.0
sample_05366.jpg,67.18828232645694,59.685607135537644,0,223,0.3693648236915135,0.0
sample_05367.jpg,164.41019620019796,18.20111142965899,79,230,0.0,0.0
sample_05368.jpg,218.58223524617205,18.016781955481612,78,255,0.0,0.0005045702419996507
sample_05369.jpg,43.277086689048886,22.637428674061763,5,91,0.0,0.0
sample_05370.jpg,138.7433484057521,88.13516234972482,0,240,0.26478293776320133,0.0
sample_05371.jpg,81.28797376234742,15.06074161400677,7,134,0.0,0.0
sample_05372.jpg,186.72332084845428,25.254633444541252,119,255,0.0,0.000116439286615304
sample_05373.jpg,76.66292767179647,46.58447533054033,0,145,0.23316967144714626,0.0
sample_05374.jpg,82.00271691668769,14.866011712921114,45,187,0.0,0.0
sample_05375.jpg,143.25150885908906,18.23005559072513,30,206,0.0,0.0
sample_05376.jpg,129.08569931494887,13.123057102702923,35,197,0.0,0.0
sample_05377.jpg,105.25086844301268,20.673569978022392,2,218,0.0,0.0
sample_05378.jpg,63.18273205379495,19.216453561074978,0,182,0.00038813095538434665,0.0
sample_05379.jpg,16.07312387199441,11.930241316395103,0,117,0.0011255797706146054,0.0
sample_05380.jpg,126.05395020279842,14.201936735989298,75,195,0.0,0.0
sample_05381.jpg,159.0534068194609,28.51191135207544,38,255,0.0,0.000465757146461216
sample_05382.jpg,57.85445089173087,37.86211051173048,0,140,0.25183877040113334,0.0
sample_05383.jpg,47.23233518989307,14.728180388060812,0,110,1.9406547769217335e-05,0.0
sample_05384.jpg,129.59731413378873,14.615550604611098,37,204,0.0,0.0
sample_05385.jpg,184.69723844825245,17.718909204232187,26,245,0.0,0.0
sample_05386.jpg,115.02097847813853,14.250588829998954,57,179,0.0,0.0
sample_05387.jpg,203.77754274292147,19.250686480506015,57,255,0.0,7.762619107686934e-05
sample_05388.jpg,169.0752779987968,15.853406367193,110,243,0.0,0.0
sample_05389.jpg,139.3956606959188,21.625554371378872,0,255,9.703273884608666e-05,3.881309553843467e-05
sample_05390.jpg,171.73154922470843,61.55337691435099,0,255,0.08942537212055347,0.0011255797706146054
sample_05391.jpg,218.51291505754043,18.3147530218048,129,255,0.0,3.881309553843467e-05
sample_05392.jpg,43.5427429214617,18.081624368381526,7,237,0.0,0.0
sample_05393.jpg,116.60051621417067,19.73156700035851,17,207,0.0,0.0
sample_05394.jpg,117.49834074016573,14.864416709918013,6,248,0.0,0.0
sample_05395.jpg,157.4085854567331,55.14254314821437,8,255,0.0,0.03559160860874459
sample_05396.jpg,153.63828135612957,27.410045964414774,84,239,0.0,0.0
sample_05397.jpg,126.27836752120166,14.576498801235157,23,205,0.0,0.0
sample_05398.jpg,92.84391313629219,15.570039212678454,31,172,0.0,0.0
sample_05399.jpg,147.2918162588057,21.085465315694368,22,255,0.0,5.8219643307652e-05
sample_05400.jpg,59.275340099749656,41.763106057734795,0,164,0.29234023559548994,0.0
sample_05401.jpg,105.41809466514002,18.366899110955337,53,225,0.0,0.0
sample_05402.jpg,100.15007083389936,18.888483177849697,7,198,0.0,0.0
sample_05403.jpg,147.76322071066778,18.222672396813433,12,218,0.0,0.0
sample_05404.jpg,189.2393797667333,14.531773189799335,89,228,0.0,0.0
sample_05405.jpg,140.14731510411613,12.676152115083392,51,207,0.0,0.0
sample_05406.jpg,122.0008150750063,19.555472447984368,0,247,5.8219643307652e-05,0.0
sample_05407.jpg,122.1097634341827,35.697711902308036,0,213,0.044363368200430825,0.0
sample_05408.jpg,20.75124687069417,22.85708173195473,0,87,0.46053678511129653,0.0
sample_05409.jpg,149.5155155349415,17.16957842924125,51,214,0.0,0.0
sample_05410.jpg,68.12008771759592,57.996071529517465,0,188,0.3941081720972656,0.0
sample_05411.jpg,111.3515302062916,13.6465407030369,2,190,0.0,0.0
sample_05412.jpg,176.40788682101342,16.5660340677179,142,229,0.0,0.0
sample_05413.jpg,142.76116361660425,19.86077393691879,3,255,0.0,1.9406547769217335e-05
sample_05414.jpg,111.5082574860758,17.857745681826806,49,166,0.0,0.0
sample_05415.jpg,76.39905684177842,17.18880026164243,10,216,0.0,0.0
sample_05416.jpg,139.1173125812649,20.674423166849486,32,245,0.0,0.0
sample_05417.jpg,120.10083642220886,20.585931861781443,25,222,0.0,0.0
sample_05418.jpg,50.6844689398203,17.29086550115993,0,125,9.703273884608666e-05,0.0
sample_05419.jpg,126.20415688253216,17.511852843082682,0,205,0.0010673601273069534,0.0
sample_05420.jpg,126.78431562809291,14.62157931585163,76,225,0.0,0.0
sample_05421.jpg,124.13784470880475,91.4894375240293,0,255,0.3199751596188554,3.881309553843467e-05
sample_05422.jpg,82.09755671563586,20.150692065043273,0,255,0.002775136330998079,0.00013584583438452133
sample_05423.jpg,150.63112034000272,14.703222668658766,49,198,0.0,0.0
sample_05424.jpg,156.9816414058103,18.323629884708872,72,208,0.0,0.0
sample_05425.jpg,77.80312057288128,15.612535958352897,4,175,0.0,0.0
sample_05426.jpg,94.85990413165402,16.301415329473596,47,176,0.0,0.0
sample_05427.jpg,199.1093753032273,15.136235374622636,128,244,0.0,0.0
sample_05428.jpg,62.194434202099785,14.025195418841452,15,152,0.0,0.0
sample_05429.jpg,149.35438296881367,60.731272358378824,0,255,0.11364474373653671,1.9406547769217335e-05
sample_05430.jpg,107.83960488268742,21.634203506590655,23,176,0.0,0.0
sample_05431.jpg,153.71132760193288,15.77431300090997,12,224,0.0,0.0
sample_05432.jpg,21.346251625298375,19.686779689499915,0,101,0.26497700324089346,0.0
sample_05433.jpg,125.07910108870733,16.74528761354163,26,241,0.0,0.0
sample_05434.jpg,95.50346406877681,62.61868757492139,0,241,0.26759688718973784,0.0
sample_05435.jpg,149.10595975081992,17.295726133303173,65,243,0.0,0.0
sample_05436.jpg,155.48854043354228,35.27295072800044,0,229,0.011527489374915096,0.0
sample_05437.jpg,107.24661840905121,74.53999484985218,0,255,0.30804013274078673,7.762619107686934e-05
sample_05438.jpg,144.42603194317763,16.06766842980152,1,221,0.0,0.0
sample_05439.jpg,57.68685594519591,15.078474116398286,12,164,0.0,0.0
sample_05440.jpg,87.72819189194435,15.043872300848538,16,150,0.0,0.0
sample_05441.jpg,71.00562789885308,14.266513102551968,25,133,0.0,0.0
sample_05442.jpg,139.2835102563605,19.12120167670927,31,201,0.0,0.0
sample_05443.jpg,81.1379999611869,28.442042632254722,0,238,0.011624522113761183,0.0
sample_05444.jpg,92.71447146267151,16.39333899377753,2,187,0.0,0.0
sample_05445.jpg,69.50973238370626,15.00450317573536,21,122,0.0,0.0
sample_05446.jpg,101.59118166469366,58.41748812970478,0,219,0.22620272079799725,0.0
sample_05447.jpg,150.4482912534689,36.87975030677716,0,255,0.00407537503153564,0.004521725630227639
sample_05448.jpg,20.64026082400202,13.845757171535892,0,88,0.0184750334762949,0.0
sample_05449.jpg,166.2555066079295,15.37713897935622,96,206,0.0,0.0
sample_05450.jpg,122.36014671350114,15.889900448855602,64,152,0.0,0.0
sample_05451.jpg,165.1265306914553,19.813634707405267,22,219,0.0,0.0
sample_05452.jpg,127.33369558889169,19.329705303477155,0,198,9.703273884608666e-05,0.0
sample_05453.jpg,68.64041607638417,19.887686675511823,7,175,0.0,0.0
sample_05454.jpg,100.33239535019115,15.698878534933414,5,198,0.0,0.0
sample_05455.jpg,114.51625298375671,23.44411552561866,0,193,0.0169031031069883,0.0
sample_05456.jpg,148.19193075743755,11.87529551856551,79,208,0.0,0.0
sample_05457.jpg,97.32434163286693,20.394715615762706,0,213,3.881309553843467e-05,0.0
sample_05458.jpg,169.18114071687788,12.728067848797421,102,226,0.0,0.0
sample_05459.jpg,83.65821188068854,23.650980287347878,44,251,0.0,0.0
sample_05460.jpg,90.6165072095325,32.363776284432,2,169,0.0,0.0
sample_05461.jpg,149.8412544392478,16.12777042772427,72,236,0.0,0.0
sample_05462.jpg,69.98860835645947,14.623086619770058,5,160,0.0,0.0
sample_05463.jpg,140.2274059267597,56.9060910051822,0,208,0.04694443905373673,0.0
sample_05464.jpg,130.56263463292515,13.049621213058597,75,184,0.0,0.0
sample_05465.jpg,100.59774107783966,12.088885919856942,0,154,1.9406547769217335e-05,0.0
sample_05466.jpg,149.23324729763823,12.999942228616378,93,210,0.0,0.0
sample_05467.jpg,158.4682799976712,15.148791686800338,97,199,0.0,0.0
sample_05468.jpg,141.573327640746,80.99125845759434,0,244,0.22191387374100022,0.0
sample_05469.jpg,111.29059364629626,20.77149113300947,1,240,0.0,0.0
sample_05470.jpg,133.67177705757922,13.590861529503792,48,176,0.0,0.0
sample_05471.jpg,105.53981253274856,15.700002079460322,56,161,0.0,0.0
sample_05472.jpg,92.90614993498806,19.906129599577813,0,171,0.005045702419996507,0.0
sample_05473.jpg,78.37388654932174,17.81197588494283,0,175,0.000232878573230608,0.0
sample_05474.jpg,81.0974014632537,20.941666597312693,27,151,0.0,0.0
sample_05475.jpg,109.32981427933785,19.40416664169125,12,215,0.0,0.0
sample_05476.jpg,133.33511226687884,22.876238121526523,4,205,0.0,0.0
sample_05477.jpg,124.18500261988395,15.868037928044519,22,226,0.0,0.0
sample_05478.jpg,78.99402278328708,31.09474608174263,0,188,0.058724213549651655,0.0
sample_05479.jpg,122.872013817462,17.32510402242489,0,233,3.881309553843467e-05,0.0
sample_05480.jpg,128.0580061712822,35.290212357985766,0,255,0.0368336276659745,1.9406547769217335e-05
sample_05481.jpg,49.50439558306973,13.807216852574035,3,102,0.0,0.0
sample_05482.jpg,80.79811368355683,45.063410374083695,0,204,0.18504143297948727,0.0
sample_05483.jpg,114.64326883890625,16.144864538586084,23,196,0.0,0.0
sample_05484.jpg,137.77907586019523,14.634409635583724,67,233,0.0,0.0
sample_05485.jpg,134.99437210114692,14.939494735041492,56,186,0.0,0.0
sample_05486.jpg,99.26555919967397,17.43583512544216,10,222,0.0,0.0
sample_05487.jpg,123.72551378835219,16.65949278632399,5,207,0.0,0.0
sample_05488.jpg,111.33742164606338,70.94487483519464,0,193,0.26000892701197387,0.0
sample_05489.jpg,146.80535232587474,18.00417283179187,55,212,0.0,0.0
sample_05490.jpg,129.37792311125773,16.012861569095964,34,224,0.0,0.0
sample_05491.jpg,161.15228318034505,74.20223256600818,0,255,0.15699897145296823,3.881309553843467e-05
sample_05492.jpg,168.96559219080518,25.091377954697418,99,248,0.0,0.0
sample_05493.jpg,111.69547245240544,18.721066210219252,0,250,0.00021347202546139068,0.0
sample_05494.jpg,121.75963049933047,13.761718833936097,38,203,0.0,0.0
sample_05495.jpg,73.97351006229502,13.226335672108194,9,137,0.0,0.0
sample_05496.jpg,129.13386636651205,18.08029049705114,8,244,0.0,0.0
sample_05497.jpg,128.82786392128705,15.526903488989984,27,191,0.0,0.0
sample_05498.jpg,130.03285528537327,13.684156346459808,76,184,0.0,0.0
sample_05499.jpg,137.31291117623087,22.316118235779374,7,237,0.0,0.0
sample_05500.jpg,108.36441615401036,12.757334274081991,64,166,0.0,0.0
sample_05501.jpg,79.29090415106057,18.947060947039756,0,164,0.00021347202546139068,0.0
sample_05502.jpg,154.04535310213666,21.430822502036328,107,201,0.0,0.0
sample_05503.jpg,165.7925245977993,13.293200184890178,103,222,0.0,0.0
sample_05504.jpg,127.04719672417474,16.708337160922046,14,190,0.0,0.0
sample_05505.jpg,147.36265015816338,13.997891566900428,85,194,0.0,0.0
sample_05506.jpg,47.94325525432281,36.66655771653643,0,129,0.1498961749694347,0.0
sample_05507.jpg,77.39826117331988,15.635920125777304,51,252,0.0,0.0
sample_05508.jpg,74.90426749985446,30.26118867297437,0,228,0.000174658929922956,0.0
sample_05509.jpg,177.44926158085738,14.09363645380348,67,240,0.0,0.0
sample_05510.jpg,68.88080498360146,14.12050607755623,19,117,0.0,0.0
sample_05511.jpg,174.98629897727494,21.25154162972215,0,243,3.881309553843467e-05,0.0
sample_05512.jpg,158.2149275165441,18.835271818876205,1,255,0.0,7.762619107686934e-05
sample_05513.jpg,81.9152710124396,15.806119562223065,36,226,0.0,0.0
sample_05514.jpg,52.774340662539544,17.360638255104,0,120,0.0002522851209998253,0.0
sample_05515.jpg,116.43761765219585,36.172078370780405,0,215,0.061324690950726776,0.0
sample_05516.jpg,176.57456965980322,18.224925547097108,96,225,0.0,0.0
sample_05517.jpg,47.09744027634924,28.54902694722638,0,128,0.19443420209978846,0.0
sample_05518.jpg,94.71222030313028,16.99769874987032,16,164,0.0,0.0
sample_05519.jpg,62.003357332764075,15.952923487692685,0,121,0.005977216712918939,0.0
sample_05520.jpg,141.52339459333578,16.5256683040655,2,222,0.0,0.0
sample_05521.jpg,126.40969162995594,18.946482570880807,0,248,9.703273884608666e-05,0.0
sample_05522.jpg,188.10163209066738,14.765577988177323,143,250,0.0,0.0
sample_05523.jpg,132.16722622212734,21.141667264808042,0,255,0.000116439286615304,1.9406547769217335e-05
sample_05524.jpg,123.32991131207669,21.977084593582784,30,207,0.0,0.0
sample_05525.jpg,123.60034155524073,19.974445352855163,11,249,0.0,0.0
sample_05526.jpg,128.99103417493063,24.110974427619954,0,226,0.008325408992994237,0.0
sample_05527.jpg,172.10954996215725,15.587414971423165,70,238,0.0,0.0
sample_05528.jpg,78.97612994624386,47.18754348060526,0,255,0.22232141124415378,1.9406547769217335e-05
sample_05529.jpg,166.98942343146578,15.105251671821009,61,205,0.0,0.0
sample_05530.jpg,142.34341826932408,17.292932812110113,16,238,0.0,0.0
sample_05531.jpg,87.84228298627957,16.047715796411474,31,178,0.0,0.0
sample_05532.jpg,138.71016320906674,15.795750086913648,88,255,0.0,5.8219643307652e-05
sample_05533.jpg,128.77329270896,21.18409890482303,41,234,0.0,0.0
sample_05534.jpg,128.33524811271323,14.174665541643916,68,218,0.0,0.0
sample_05535.jpg,108.4740243358109,20.51750727990967,18,198,0.0,0.0
sample_05536.jpg,89.13058665993907,15.880065762620392,34,146,0.0,0.0
sample_05537.jpg,83.1626462768538,16.31200849843919,27,170,0.0,0.0
sample_05538.jpg,129.13066428613013,15.726148650884989,0,249,0.000174658929922956,0.0
sample_05539.jpg,128.1763861126744,21.098198947959425,0,227,0.0005821964330765201,0.0
sample_05540.jpg,128.56443944186768,75.87627732223864,0,248,0.2366822565933746,0.0
sample_05541.jpg,138.33744105261115,20.808136103696118,37,198,0.0,0.0
sample_05542.jpg,130.52145393855886,17.251290610994214,9,197,0.0,0.0
sample_05543.jpg,83.56339148828815,13.011474790773272,0,146,0.00027169166876904265,0.0
sample_05544.jpg,89.51192532360419,57.130146627742874,0,185,0.26751926099866097,0.0
sample_05545.jpg,116.13512779211706,15.27322248203076,52,221,0.0,0.0
sample_05546.jpg,147.82384676589882,12.408228632956485,38,185,0.0,0.0
sample_05547.jpg,77.70414717925829,16.530395867495184,0,208,1.9406547769217335e-05,0.0
sample_05548.jpg,138.96229307768442,14.685308453446806,40,182,0.0,0.0
sample_05549.jpg,85.77775621494692,51.24578828452725,0,192,0.20312833550039783,0.0
sample_05550.jpg,97.67957848978246,17.665193030882815,38,203,0.0,0.0
sample_05551.jpg,119.33573327640747,24.46634159552815,0,201,0.00013584583438452133,0.0
sample_05552.jpg,77.16860408701896,13.954921679283201,26,141,0.0,0.0
sample_05553.jpg,173.18271264724717,15.273895044458964,87,232,0.0,0.0
sample_05554.jpg,148.05823904985542,18.76595427609053,27,249,0.0,0.0
sample_05555.jpg,122.88940208426322,18.377958500924137,69,177,0.0,0.0
sample_05556.jpg,121.36047662481322,18.54817194085955,43,215,0.0,0.0
sample_05557.jpg,67.67909332608822,16.717529135035484,20,194,0.0,0.0
sample_05558.jpg,125.76477323448931,20.888458425697873,0,177,5.8219643307652e-05,0.0
sample_05559.jpg,65.99144171243377,26.465820594147775,20,214,0.0,0.0
sample_05560.jpg,137.27336063187718,14.032481761797621,0,203,1.9406547769217335e-05,0.0
sample_05561.jpg,134.9204331541462,19.343909684795772,55,225,0.0,0.0
sample_05562.jpg,136.1475867957849,12.861398217077216,38,199,0.0,0.0
sample_05563.jpg,129.23631353218576,17.114898260796416,55,211,0.0,0.0
sample_05564.jpg,141.8948359176386,20.3082998631513,9,235,0.0,0.0
sample_05565.jpg,119.50986822954064,34.86575537101914,0,215,0.041762890799355704,0.0
sample_05566.jpg,80.51565138077588,45.16153150233189,0,184,0.1958120669914029,0.0
sample_05567.jpg,81.80288769430805,17.66663342973673,8,189,0.0,0.0
sample_05568.jpg,174.5341652273477,21.16187595025452,88,242,0.0,0.0
sample_05569.jpg,65.67907391954046,16.336924576223012,8,129,0.0,0.0
sample_05570.jpg,159.55091307807254,18.043029314919487,75,252,0.0,0.0
sample_05571.jpg,79.75745696598032,16.168067480262444,15,197,0.0,0.0
sample_05572.jpg,126.37334316598421,14.89317380092366,5,210,0.0,0.0
sample_05573.jpg,162.82374973315996,14.37134268601975,99,232,0.0,0.0
sample_05574.jpg,175.95538434667856,17.11894750874133,116,237,0.0,0.0
sample_05575.jpg,138.40332628228765,22.19209624235486,20,238,0.0,0.0
sample_05576.jpg,144.65879407712163,13.460684503917935,62,192,0.0,0.0
sample_05577.jpg,132.50392982592328,19.562697403426732,7,248,0.0,0.0
sample_05578.jpg,100.39018804944789,18.796400731344665,27,170,0.0,0.0
sample_05579.jpg,126.1069882978517,18.582639906118143,0,202,0.000756855362999476,0.0
sample_05580.jpg,103.7776397756603,15.570887119725395,2,160,0.0,0.0
sample_05581.jpg,97.24628849773914,58.591720256029305,0,233,0.2263967862756894,0.0
sample_05582.jpg,157.01864969240623,82.57907528645696,0,254,0.18758369073725475,0.0
sample_05583.jpg,103.34508723243222,14.680008255205262,53,176,0.0,0.0
sample_05584.jpg,204.79949154844846,19.650761454814255,86,251,0.0,0.0
sample_05585.jpg,36.63733043528887,16.995765095744062,0,104,0.004114188127074075,0.0
sample_05586.jpg,129.03506763181898,21.662287594184946,0,198,7.762619107686934e-05,0.0
sample_05587.jpg,136.49671059015313,21.73507375476548,0,255,0.001047953579537736,0.00042694405092278136
sample_05588.jpg,64.8757398746337,44.27958033992205,0,206,0.25366298589143976,0.0
sample_05589.jpg,93.82852374391119,43.59428381740155,0,167,0.14667468803974462,0.0
sample_05590.jpg,114.1460730850589,14.33220594691531,40,189,0.0,0.0
sample_05591.jpg,115.97847813852394,22.525308672545396,48,174,0.0,0.0
sample_05592.jpg,144.18748665799842,15.434960185012605,69,212,0.0,0.0
sample_05593.jpg,127.62223214112441,15.098613898158279,7,253,0.0,0.0
sample_05594.jpg,131.49030642938928,17.08799579768094,8,200,0.0,0.0
sample_05595.jpg,115.68056822371868,20.376731936889307,2,232,0.0,0.0
sample_05596.jpg,154.42036523122903,19.952910597776793,43,199,0.0,0.0
sample_05597.jpg,117.91362145587921,14.063509790060646,22,188,0.0,0.0
sample_05598.jpg,145.1535640124978,17.312808873295406,87,216,0.0,0.0
sample_05599.jpg,173.69578295716974,28.69591793917525,59,223,0.0,0.0
sample_05600.jpg,18.07506452677133,16.09736456822164,0,131,0.2037493450290128,0.0
sample_05601.jpg,176.21915814395777,28.508941201765722,11,254,0.0,0.0
sample_05602.jpg,123.65520386578432,20.66850358504127,4,181,0.0,0.0
sample_05603.jpg,112.2839566069592,55.14196623793385,0,247,0.15711541073958354,0.0
sample_05604.jpg,144.1539521434532,13.739807527255433,78,222,0.0,0.0
sample_05605.jpg,135.86036988880048,28.05089951499073,0,253,0.00040753750315356403,0.0
sample_05606.jpg,155.86062217392148,22.272333545327726,0,255,0.00019406547769217333,3.881309553843467e-05
sample_05607.jpg,137.2067185468377,16.82714785251662,39,221,0.0,0.0
sample_05608.jpg,166.0365619359972,17.33136569974317,34,211,0.0,0.0
sample_05609.jpg,103.85683789710649,24.284595935349472,0,214,0.016670224533757688,0.0
sample_05610.jpg,145.24735585786644,11.519296660167587,77,207,0.0,0.0
sample_05611.jpg,121.01899901026606,16.49972486576742,5,203,0.0,0.0
sample_05612.jpg,185.44821362727785,16.642207499800755,91,252,0.0,0.0
sample_05613.jpg,177.93636592986473,21.759894991007627,94,250,0.0,0.0
sample_05614.jpg,131.63119796619378,20.202774429964865,36,196,0.0,0.0
sample_05615.jpg,119.56810727939607,13.878632980410435,66,173,0.0,0.0
sample_05616.jpg,131.70428302509268,18.545029030535748,0,247,0.0002522851209998253,0.0
sample_05617.jpg,54.47126860602767,17.01766374600879,11,104,0.0,0.0
sample_05618.jpg,149.12447359739176,16.404229718894747,85,255,0.0,5.8219643307652e-05
sample_05619.jpg,79.89508820275961,16.43429421221507,6,157,0.0,0.0
sample_05620.jpg,125.60406761241242,18.485213611683406,31,202,0.0,0.0
sample_05621.jpg,82.59184148731782,13.324414375099193,57,167,0.0,0.0
sample_05622.jpg,75.49837955326127,17.250775148836244,6,163,0.0,0.0
sample_05623.jpg,64.88577305983038,21.023426651429233,0,240,0.0026975101399212094,0.0
sample_05624.jpg,120.03955054435366,11.634751877898944,15,174,0.0,0.0
sample_05625.jpg,180.23142308214793,22.86671875110861,0,238,0.00027169166876904265,0.0
sample_05626.jpg,127.09433522870617,86.00595494534846,0,223,0.2849657474431873,0.0
sample_05627.jpg,82.84496108987172,12.683033138183202,41,137,0.0,0.0
sample_05628.jpg,88.60478565467989,43.90080197596583,0,183,0.16546022628034698,0.0
sample_05629.jpg,107.2203419433717,20.274679517569716,4,251,0.0,0.0
sample_05630.jpg,108.21531564749947,17.16501272242941,17,190,0.0,0.0
sample_05631.jpg,149.8597876923674,18.14990054174615,44,245,0.0,0.0
sample_05632.jpg,128.07052339459332,13.23734649520667,45,195,0.0,0.0
sample_05633.jpg,88.23852587863145,20.047241494172212,0,166,0.0005821964330765201,0.0
sample_05634.jpg,106.91643540530575,16.555933615964943,42,232,0.0,0.0
sample_05635.jpg,181.00652060005046,13.354545305675558,75,216,0.0,0.0
sample_05636.jpg,75.54272351491393,43.22073066035642,0,148,0.2000426944050923,0.0
sample_05637.jpg,84.37543907314328,55.39570291465521,0,221,0.26507403597973955,0.0
sample_05638.jpg,82.4679694929069,69.40352677691445,0,235,0.33975043179568787,0.0
sample_05639.jpg,139.10351452580102,66.65454366350366,0,227,0.16530497389819326,0.0
sample_05640.jpg,100.42261639077024,52.04726027895539,0,186,0.17807448233033826,0.0
sample_05641.jpg,140.81299850569582,13.65019758359991,7,220,0.0,0.0
sample_05642.jpg,167.11302373420793,14.380263431467437,112,227,0.0,0.0
sample_05643.jpg,133.0862426982864,77.08495025699078,0,254,0.22333055172815308,0.0
sample_05644.jpg,138.47365561140327,23.539139002577794,0,254,7.762619107686934e-05,0.0
sample_05645.jpg,145.44739855227152,39.818208858701425,21,251,0.0,0.0
sample_05646.jpg,157.82097459682896,17.990377974822888,74,213,0.0,0.0
sample_05647.jpg,198.91606668089813,21.19905081017268,102,252,0.0,0.0
sample_05648.jpg,179.45481185351937,16.72190122045259,37,244,0.0,0.0
sample_05649.jpg,87.73548875390557,40.14181441399367,0,192,0.11874866579984086,0.0
sample_05650.jpg,126.91750276543306,14.280674776533534,47,245,0.0,0.0
sample_05651.jpg,68.06887383803296,39.66408529711784,0,170,0.1362533718876749,0.0
sample_05652.jpg,121.83075549690466,23.074810398747832,17,249,0.0,0.0
sample_05653.jpg,191.26070756273165,17.477525763718543,107,221,0.0,0.0
sample_05654.jpg,130.84694055774418,15.444373398899122,63,191,0.0,0.0
sample_05655.jpg,78.05721050282365,13.07835170296567,31,179,0.0,0.0
sample_05656.jpg,64.3963593316385,18.060444116829313,37,206,0.0,0.0
sample_05657.jpg,129.63723340255,13.31842127002771,55,170,0.0,0.0
sample_05658.jpg,62.678317064177456,46.30595775664854,0,173,0.2842477051757263,0.0
sample_05659.jpg,182.11607056220768,21.311663864409848,8,247,0.0,0.0
sample_05660.jpg,113.21042519746162,15.066916121479817,44,190,0.0,0.0
sample_05661.jpg,47.01492363523453,25.519493189826022,0,83,0.175997981719032,0.0
sample_05662.jpg,124.02443284364145,61.72339090322378,0,229,0.17267946205049584,0.0
sample_05663.jpg,176.33024122338878,24.05114131298576,24,244,0.0,0.0
sample_05664.jpg,115.53672689165325,55.12702613902573,0,194,0.15783345300704457,0.0
sample_05665.jpg,192.86017582332278,14.433936379675032,123,242,0.0,0.0
sample_05666.jpg,143.7326942110268,15.634802581372089,74,199,0.0,0.0
sample_05667.jpg,99.64425857284247,20.66416563395597,16,238,0.0,0.0
sample_05668.jpg,101.25789361330513,36.43750143245393,0,229,0.03993867530904927,0.0
sample_05669.jpg,122.7628325797124,15.097337654084258,42,192,0.0,0.0
sample_05670.jpg,124.0616546022628,18.07899627242655,29,218,0.0,0.0
sample_05671.jpg,146.5785480020959,32.79050804577222,0,216,0.025306138291059405,0.0
sample_05672.jpg,164.05814201711658,20.748593676273728,125,228,0.0,0.0
sample_05673.jpg,139.06006326534572,19.229897446815748,52,215,0.0,0.0
sample_05674.jpg,85.90343301830038,22.431186636438696,21,146,0.0,0.0
sample_05675.jpg,103.04257796580566,61.577325819922514,0,222,0.22117642492576994,0.0
sample_05676.jpg,127.44353664926547,18.62040800323069,37,246,0.0,0.0
sample_05677.jpg,140.70894059655728,19.81813462743516,40,241,0.0,0.0
sample_05678.jpg,156.12288226047468,15.923330193133953,39,220,0.0,0.0
sample_05679.jpg,113.71980826330804,16.13512400157886,53,161,0.0,0.0
sample_05680.jpg,124.44745677191484,12.118013109112692,48,205,0.0,0.0
sample_05681.jpg,31.60497972015758,14.320475637238363,5,101,0.0,0.0
sample_05682.jpg,135.1507888761668,18.333961526276603,0,239,5.8219643307652e-05,0.0
sample_05683.jpg,144.90459741116652,16.586483425194096,0,233,3.881309553843467e-05,0.0
sample_05684.jpg,150.2421549030643,16.152984480496258,95,209,0.0,0.0
sample_05685.jpg,132.0928603310757,19.738425442355478,70,255,0.0,0.0005627898853073027
sample_05686.jpg,111.29552290942964,15.630513288574054,21,189,0.0,0.0
sample_05687.jpg,128.60360185526596,16.440238942619892,20,192,0.0,0.0
sample_05688.jpg,165.84901705835549,21.57132716218291,0,255,0.000232878573230608,1.9406547769217335e-05
sample_05689.jpg,118.52554872013818,14.645003659273371,51,212,0.0,0.0
sample_05690.jpg,67.82184789147858,14.787973808924459,11,155,0.0,0.0
sample_05691.jpg,100.72669758776611,48.67866248309634,0,205,0.15738710240835257,0.0
sample_05692.jpg,184.14692697316073,19.551024397362013,29,247,0.0,0.0
sample_05693.jpg,113.23315026489938,32.89036139166142,0,222,0.0266451900871354,0.0
sample_05694.jpg,108.36660909390828,72.8929159327884,0,202,0.28869180461487703,0.0
sample_05695.jpg,27.87451726212424,15.84333696594986,0,167,0.11719614197830348,0.0
sample_05696.jpg,199.46100254225775,16.455507035207535,43,252,0.0,0.0
sample_05697.jpg,137.37924275650604,15.069597212782172,80,250,0.0,0.0
sample_05698.jpg,73.36063187719536,17.35711183930786,0,139,0.0002522851209998253,0.0
sample_05699.jpg,136.80168448834638,16.644505939830932,12,240,0.0,0.0
sample_05700.jpg,93.72149663296396,50.865671949358365,0,251,0.19957693725863107,0.0
sample_05701.jpg,197.99361524578393,16.519964110661522,95,255,0.0,0.000116439286615304
sample_05702.jpg,120.46599002503444,18.99894162295838,0,242,9.703273884608666e-05,0.0
sample_05703.jpg,54.58627180810806,16.586802678844744,4,116,0.0,0.0
sample_05704.jpg,129.98397019154262,13.686463087820059,62,176,0.0,0.0
sample_05705.jpg,90.80149042286868,15.937515318458592,40,170,0.0,0.0
sample_05706.jpg,174.4324943235848,14.767254084433327,122,239,0.0,0.0
sample_05707.jpg,143.22752236604632,14.398783729356884,20,233,0.0,0.0
sample_05708.jpg,128.6261522637738,13.612792571184075,79,237,0.0,0.0
sample_05709.jpg,132.67352364687846,17.395959092167097,14,229,0.0,0.0
sample_05710.jpg,122.48165110908421,15.404740807279808,66,174,0.0,0.0
sample_05711.jpg,90.83368588561781,20.79048961011205,0,229,0.000232878573230608,0.0
sample_05712.jpg,107.95817888955733,15.277523433571535,46,172,0.0,0.0
sample_05713.jpg,75.82243008791166,17.244161957234557,33,157,0.0,0.0
sample_05714.jpg,118.0466533408372,26.328112602195834,0,226,0.0184750334762949,0.0
sample_05715.jpg,136.96708649498342,19.851487344317274,0,255,0.0004463505986919987,9.703273884608666e-05
sample_05716.jpg,125.31797628519863,23.233295142826336,0,222,0.00320208038192086,0.0
sample_05717.jpg,177.01610743464846,16.752519515152247,95,247,0.0,0.0
sample_05718.jpg,101.10599856391546,16.190751862770675,29,171,0.0,0.0
sample_05719.jpg,99.02286091327214,15.10715288300207,7,199,0.0,0.0
sample_05720.jpg,121.41477614547148,14.802618229281755,61,196,0.0,0.0
sample_05721.jpg,125.74109724621087,13.716274105083052,61,198,0.0,0.0
sample_05722.jpg,87.16695453045858,16.362984523483405,14,182,0.0,0.0
sample_05723.jpg,104.74369772361194,14.13812809633386,48,167,0.0,0.0
sample_05724.jpg,87.84121562615226,18.86045178738292,31,231,0.0,0.0
sample_05725.jpg,133.08016844883463,37.69543105480471,5,231,0.0,0.0
sample_05726.jpg,118.79285450911138,32.11069782677234,0,252,0.030157775233363736,0.0
sample_05727.jpg,139.76917852083292,18.92993041987707,0,241,7.762619107686934e-05,0.0
sample_05728.jpg,114.16584835723573,15.336393492543468,43,201,0.0,0.0
sample_05729.jpg,126.85117118515787,15.18061266962022,17,224,0.0,0.0
sample_05730.jpg,132.0740747928351,41.10111106095914,0,223,0.06536125288672398,0.0
sample_05731.jpg,87.9104193754973,14.533939302212012,25,153,0.0,0.0
sample_05732.jpg,161.45188146480623,15.52112665080952,99,224,0.0,0.0
sample_05733.jpg,207.49389664072658,18.947480364879198,104,249,0.0,0.0
sample_05734.jpg,132.00376487026722,22.87664531023755,0,240,7.762619107686934e-05,0.0
sample_05735.jpg,171.1449475052883,19.97805778196871,113,227,0.0,0.0
sample_05736.jpg,82.10640610141861,16.66237093806075,6,158,0.0,0.0
sample_05737.jpg,106.23188883929438,47.1348610504436,0,204,0.13460381532729143,0.0
sample_05738.jpg,124.60072968619612,20.390706890362395,50,222,0.0,0.0
sample_05739.jpg,127.01092588639406,17.565449893424066,87,189,0.0,0.0
sample_05740.jpg,149.43169865512624,17.388475957061665,50,213,0.0,0.0
sample_05741.jpg,125.59246249684644,17.48976113890283,65,212,0.0,0.0
sample_05742.jpg,102.68128626598615,14.30007976635224,41,202,0.0,0.0
sample_05743.jpg,139.36594927128414,18.46240228084123,0,193,3.881309553843467e-05,0.0
sample_05744.jpg,124.48122416503328,18.25263512423965,58,231,0.0,0.0
sample_05745.jpg,142.50323119020356,56.878943243337204,0,203,0.10935589667953968,0.0
sample_05746.jpg,129.88480273244193,15.013227614871367,80,189,0.0,0.0
sample_05747.jpg,134.1758233227891,21.827904015597383,0,188,9.703273884608666e-05,0.0
sample_05748.jpg,108.89782452599508,15.11721558974451,50,172,0.0,0.0
sample_05749.jpg,177.62557006734073,14.288411453841546,42,232,0.0,0.0
sample_05750.jpg,133.00712220303132,12.907510326207712,67,193,0.0,0.0
sample_05751.jpg,116.93642414950804,18.287978263198614,23,255,0.0,1.9406547769217335e-05
sample_05752.jpg,149.996468008306,19.377615997088693,12,253,0.0,0.0
sample_05753.jpg,104.67069029090415,15.301356707124425,10,216,0.0,0.0
sample_05754.jpg,215.04422752236604,20.618903179889156,120,254,0.0,0.0
sample_05755.jpg,140.95643230025811,16.882959292543372,11,239,0.0,0.0
sample_05756.jpg,161.5685924430903,19.481489090984702,0,233,3.881309553843467e-05,0.0
sample_05757.jpg,149.54957402627647,18.338264492508955,5,245,0.0,0.0
sample_05758.jpg,172.6039511731258,19.367352020204223,103,239,0.0,0.0
sample_05759.jpg,89.06155756952396,14.063264306878263,20,138,0.0,0.0
sample_05760.jpg,143.10335927341885,22.75394385601608,2,245,0.0,0.0
sample_05761.jpg,129.2477633953696,16.044822019081554,3,223,0.0,0.0
sample_05762.jpg,110.43492014205593,25.55259221193744,0,185,0.02148304838052359,0.0
sample_05763.jpg,129.66323817656078,20.51034388340399,0,242,0.00040753750315356403,0.0
sample_05764.jpg,143.5134972539735,19.79029910459419,65,214,0.0,0.0
sample_05765.jpg,125.8214597605232,18.24901734681656,11,201,0.0,0.0
sample_05766.jpg,102.24950998466883,49.5268045153873,0,211,0.1528071571348173,0.0
sample_05767.jpg,160.4304760426168,15.088087835882941,82,224,0.0,0.0
sample_05768.jpg,135.67311610937531,12.591717094828283,0,246,1.9406547769217335e-05,0.0
sample_05769.jpg,145.74008810572687,20.963930602507247,0,226,1.9406547769217335e-05,0.0
sample_05770.jpg,181.66306351763086,15.240005245365547,124,227,0.0,0.0
sample_05771.jpg,130.13732073201498,15.347477899908654,51,216,0.0,0.0
sample_05772.jpg,121.23419821847891,13.604171665149597,59,166,0.0,0.0
sample_05773.jpg,106.04502319082458,22.29552783747662,0,255,0.0003299113120766947,0.00019406547769217333
sample_05774.jpg,141.98684236061246,35.14981674888043,57,208,0.0,0.0
sample_05775.jpg,89.32845582099401,20.40737945354073,3,227,0.0,0.0
sample_05776.jpg,203.15616448989888,15.353428660417645,126,245,0.0,0.0
sample_05777.jpg,179.54619728696463,13.599065626359724,89,234,0.0,0.0
sample_05778.jpg,122.87628325797124,17.78065486733534,16,188,0.0,0.0
sample_05779.jpg,128.77181781132956,20.202055775980895,0,251,0.000116439286615304,0.0
sample_05780.jpg,95.4252944943624,45.111434080700704,0,222,0.14025112072813367,0.0
sample_05781.jpg,68.31281414349202,17.925750911134994,29,177,0.0,0.0
sample_05782.jpg,122.14673290768305,16.956132865168655,67,200,0.0,0.0
sample_05783.jpg,149.7833841138,18.525915229391938,91,220,0.0,0.0
sample_05784.jpg,126.64782937763201,22.18471592852512,35,242,0.0,0.0
sample_05785.jpg,96.44208115818277,18.77842861750863,0,237,0.000232878573230608,0.0
sample_05786.jpg,127.30635176308486,29.0104358105825,51,191,0.0,0.0
sample_05787.jpg,88.341070077044,45.34587156456481,0,166,0.15971588814065865,0.0
sample_05788.jpg,93.74622057482195,57.38633742992154,0,255,0.23499388693745268,1.9406547769217335e-05
sample_05789.jpg,90.82685478080305,64.60275554459389,0,208,0.31277533039647576,0.0
sample_05790.jpg,127.881096081818,16.85001150179815,76,204,0.0,0.0
sample_05791.jpg,126.83562654039473,14.976279871067975,12,182,0.0,0.0
sample_05792.jpg,128.23412059228784,32.338087425394924,0,253,0.027557297832288614,0.0
sample_05793.jpg,129.93415358341903,17.00760713909771,67,201,0.0,0.0
sample_05794.jpg,142.60356304217044,21.75261594495672,37,242,0.0,0.0
sample_05795.jpg,127.26602495682043,19.02095075336137,42,201,0.0,0.0
sample_05796.jpg,126.75060645461778,21.137587609716412,0,255,1.9406547769217335e-05,9.703273884608666e-05
sample_05797.jpg,110.76205631780162,16.615901271282517,34,182,0.0,0.0
sample_05798.jpg,79.61578916726504,18.689968889810608,23,170,0.0,0.0
sample_05799.jpg,114.38194026664597,17.440212079346654,33,209,0.0,0.0
sample_05800.jpg,114.92879737623474,24.652920632504735,50,187,0.0,0.0
sample_05801.jpg,126.5308855207747,13.964880761901526,59,184,0.0,0.0
sample_05802.jpg,114.4762366822566,22.579550807098464,22,194,0.0,0.0
sample_05803.jpg,138.94733062935435,16.561997887245305,0,214,3.881309553843467e-05,0.0
sample_05804.jpg,128.0228221001766,17.920084955215863,0,208,0.00015525238215373868,0.0
sample_05805.jpg,157.30509033747987,85.24117708919809,0,255,0.1903200139727144,5.8219643307652e-05
sample_05806.jpg,128.15882318694327,18.102859560003772,0,248,0.0005045702419996507,0.0
sample_05807.jpg,100.58184711521668,15.440335114632854,63,191,0.0,0.0
sample_05808.jpg,88.52861495468571,16.411065227818874,25,134,0.0,0.0
sample_05809.jpg,133.9393545382212,21.57583397400106,36,236,0.0,0.0
sample_05810.jpg,110.51301209027926,14.5355729173761,17,173,0.0,0.0
sample_05811.jpg,138.8820470026587,15.083415510556975,42,219,0.0,0.0
sample_05812.jpg,126.13070309922568,18.937829872300842,18,220,0.0,0.0
sample_05813.jpg,98.93931572512565,14.646987660143566,37,213,0.0,0.0
sample_05814.jpg,83.72652292883619,44.46284949892129,0,196,0.16072502862465796,0.0
sample_05815.jpg,112.44772846358362,14.134644897996273,52,141,0.0,0.0
sample_05816.jpg,137.57598633779037,16.499168717519037,40,250,0.0,0.0
sample_05817.jpg,110.67332958140076,16.830614350012816,0,245,0.00013584583438452133,0.0
sample_05818.jpg,104.64454967105901,11.824142713314675,57,190,0.0,0.0
sample_05819.jpg,124.06732131421141,16.943890095301736,27,209,0.0,0.0
sample_05820.jpg,119.3621844010169,29.17971876096419,0,229,0.03879368899066545,0.0
sample_05821.jpg,43.11952492771061,31.986917569106105,0,177,0.0019212482291525162,0.0
sample_05822.jpg,137.50255196103166,13.923117725991025,80,208,0.0,0.0
sample_05823.jpg,118.88035863300277,20.388060894851996,39,214,0.0,0.0
sample_05824.jpg,65.40458770789265,59.047186761295016,0,192,0.3755361058821246,0.0
sample_05825.jpg,112.94601098410604,19.186318180019086,0,196,0.00015525238215373868,0.0
sample_05826.jpg,95.61485765297212,74.26309452785345,0,227,0.3395563663179957,0.0
sample_05827.jpg,104.21331677307924,17.07595207142301,32,152,0.0,0.0
sample_05828.jpg,62.568941760950146,18.05791264928061,0,168,0.000349317859845912,0.0
sample_05829.jpg,103.8607968328514,13.766491274459941,41,154,0.0,0.0
sample_05830.jpg,173.70731044654465,19.60939458516545,115,233,0.0,0.0
sample_05831.jpg,81.12845193968445,51.46206120867519,0,174,0.24345514176483146,0.0
sample_05832.jpg,162.8105532806769,13.986871289836353,74,216,0.0,0.0
sample_05833.jpg,147.0579867647344,14.918402353626988,43,235,0.0,0.0
sample_05834.jpg,102.39554425663219,20.68338751991707,0,243,1.9406547769217335e-05,0.0
sample_05835.jpg,134.34240912884007,13.099645080047367,47,215,0.0,0.0
sample_05836.jpg,165.5027072134138,16.34122895593141,14,242,0.0,0.0
sample_05837.jpg,65.08420501077063,15.044037792871926,13,142,0.0,0.0
sample_05838.jpg,204.0871353994838,15.85913531662618,119,243,0.0,0.0
sample_05839.jpg,118.01785402394768,20.071313975689435,9,238,0.0,0.0
sample_05840.jpg,125.25863106212036,16.860826021563255,0,212,0.00013584583438452133,0.0
sample_05841.jpg,156.60639639814474,14.678451732019363,117,209,0.0,0.0
sample_05842.jpg,133.33695588891692,47.95682009945934,0,251,0.09140483999301365,0.0
sample_05843.jpg,130.73325700091212,60.6500232966486,0,244,0.1533893535678938,0.0
sample_05844.jpg,79.97007510333987,29.095037024356017,0,247,0.05979157367695861,0.0
sample_05845.jpg,89.26905237827243,16.969132036094436,6,191,0.0,0.0
sample_05846.jpg,113.45021250169808,35.575369989309266,0,243,0.014380251896990045,0.0
sample_05847.jpg,36.01558345785868,15.293040520687569,0,131,0.00087329464961478,0.0
sample_05848.jpg,54.2521104620699,24.408725975025185,0,241,0.0005821964330765201,0.0
sample_05849.jpg,123.30464398688117,51.08499239687015,0,255,0.006540006598226241,0.00048516369423043333
sample_05850.jpg,95.98325214927516,39.743292331977514,0,201,0.11739020745599565,0.0
sample_05851.jpg,143.27856158667936,11.557946477756406,52,199,0.0,0.0
sample_05852.jpg,125.15888140658659,15.419855345232813,17,180,0.0,0.0
sample_05853.jpg,88.71786760853112,66.28578491405467,0,190,0.3070309922567874,0.0
sample_05854.jpg,129.26507403597975,17.44684297042374,31,213,0.0,0.0
sample_05855.jpg,129.62846164295834,16.468639589624257,18,227,0.0,0.0
sample_05856.jpg,88.10859904131654,42.46559173945879,0,168,0.15610627025558424,0.0
sample_05857.jpg,209.44522501892138,11.494182806210228,173,252,0.0,0.0
sample_05858.jpg,125.64575287702071,18.334333693416486,30,221,0.0,0.0
sample_05859.jpg,55.23126782976576,48.37129400286565,0,167,0.19292049137378953,0.0
sample_05860.jpg,100.81600652060006,19.172738703867452,0,221,5.8219643307652e-05,0.0
sample_05861.jpg,98.9564323002581,11.659038852034552,59,189,0.0,0.0
sample_05862.jpg,118.17580391624134,15.710902930345505,22,188,0.0,0.0
sample_05863.jpg,193.65190475266354,17.24492494917613,0,245,3.881309553843467e-05,0.0
sample_05864.jpg,156.52221079392186,15.73070748146261,76,198,0.0,0.0
sample_05865.jpg,97.29226260940442,66.81717688093842,0,250,0.2719245473422733,0.0
sample_05866.jpg,116.62655980127695,17.1723197464104,7,180,0.0,0.0
sample_05867.jpg,37.44749558501038,14.559100276719523,0,105,7.762619107686934e-05,0.0
sample_05868.jpg,123.03526169729666,11.553648448693773,29,192,0.0,0.0
sample_05869.jpg,128.17588154243242,17.07302296635447,9,219,0.0,0.0
sample_05870.jpg,199.84016767257273,13.596861614061243,141,253,0.0,0.0
sample_05871.jpg,191.7998408663083,16.385983262827654,114,245,0.0,0.0
sample_05872.jpg,131.16633352092995,16.625156909087586,6,230,0.0,0.0
sample_05873.jpg,88.89285644976616,16.39558300768451,11,143,0.0,0.0
sample_05874.jpg,86.85712899532302,43.628207449249985,0,195,0.1634613518601176,0.0
sample_05875.jpg,121.39302140542219,54.16862767823651,0,248,0.13103301053775543,0.0
sample_05876.jpg,167.23860350482252,19.824210161893504,81,243,0.0,0.0
sample_05877.jpg,119.70065400065982,18.844905471357023,18,226,0.0,0.0
sample_05878.jpg,68.98152496652371,28.935771969812542,0,164,0.10634788177531099,0.0
sample_05879.jpg,202.9158338023249,13.375026810445833,53,255,0.0,1.9406547769217335e-05
sample_05880.jpg,78.2160530963147,19.27892206461515,38,134,0.0,0.0
sample_05881.jpg,141.51363309980786,38.80956677699237,0,216,0.03830852529643502,0.0
sample_05882.jpg,86.87917483358885,56.29304281094478,0,208,0.25890275378912847,0.0
sample_05883.jpg,115.09402472394186,15.172331524652773,18,202,0.0,0.0
sample_05884.jpg,135.85429563934872,12.991875859792913,50,226,0.0,0.0
sample_05885.jpg,77.116128781851,19.730064829993886,0,192,7.762619107686934e-05,0.0
sample_05886.jpg,180.16778901201266,17.13667898911664,90,251,0.0,0.0
sample_05887.jpg,116.27567001106173,37.96004877734819,0,167,0.07302683925556483,0.0
sample_05888.jpg,88.9531525936851,17.433264302241685,26,163,0.0,0.0
sample_05889.jpg,96.23547905063168,17.418851311513816,7,239,0.0,0.0
sample_05890.jpg,88.00652060005045,16.33695781566608,41,236,0.0,0.0
sample_05891.jpg,132.59269537541968,15.160766864479516,16,236,0.0,0.0
sample_05892.jpg,69.03867724970405,15.97359252936516,12,144,0.0,0.0
sample_05893.jpg,84.47687709833298,35.90968040234106,0,223,0.1147509169593821,0.0
sample_05894.jpg,113.42282986279571,19.90981987116132,37,205,0.0,0.0
sample_05895.jpg,94.28492693434765,15.598679591496023,21,206,0.0,0.0
sample_05896.jpg,191.8738962525956,17.672299416332585,123,231,0.0,0.0
sample_05897.jpg,74.64559762463855,24.054829559240847,0,239,0.0016495565603834733,0.0
sample_05898.jpg,79.77389431194085,17.631064742561133,19,158,0.0,0.0
sample_05899.jpg,98.03186555143705,17.25246676950059,0,234,5.8219643307652e-05,0.0
sample_05900.jpg,161.47082225542897,36.74028839814329,0,254,0.02452987638029071,0.0
sample_05901.jpg,95.5510683304547,19.176613655149353,37,182,0.0,0.0
sample_05902.jpg,73.6927943488133,16.554137012882777,7,255,0.0,3.881309553843467e-05
sample_05903.jpg,179.9093326088222,13.582331819731332,94,231,0.0,0.0
sample_05904.jpg,113.63560325253741,46.11225283459222,0,210,0.10683304546954142,0.0
sample_05905.jpg,135.57127054668246,55.82951257143941,0,229,0.11855460032214869,0.0
sample_05906.jpg,145.53948262143646,16.574815913079668,100,207,0.0,0.0
sample_05907.jpg,144.61710881251335,18.08754972359201,71,205,0.0,0.0
sample_05908.jpg,85.22759999223739,14.417193685259702,21,147,0.0,0.0
sample_05909.jpg,131.60930738031013,21.51605284695034,31,244,0.0,0.0
sample_05910.jpg,139.1732422519358,20.65534924781906,0,228,0.005414426827611636,0.0
sample_05911.jpg,114.91915232199344,12.398391146478794,33,180,0.0,0.0
sample_05912.jpg,128.120165343787,16.659771350503352,39,220,0.0,0.0
sample_05913.jpg,130.3008403035184,16.358010669480432,75,248,0.0,0.0
sample_05914.jpg,97.34885210269945,16.55320740516338,18,159,0.0,0.0
sample_05915.jpg,105.49498340740166,16.594008440785878,42,176,0.0,0.0
sample_05916.jpg,129.58799899085952,18.36534406675914,3,198,0.0,0.0
sample_05917.jpg,131.94587513827165,21.22672953073717,0,249,0.000174658929922956,0.0
sample_05918.jpg,80.87985406276077,15.53275927124858,23,178,0.0,0.0
sample_05919.jpg,142.84449533272527,16.267659545731586,55,216,0.0,0.0
sample_05920.jpg,130.36185448970483,35.46839333045173,0,255,0.02604358710628966,9.703273884608666e-05
sample_05921.jpg,83.7088629703662,20.29349573410746,12,168,0.0,0.0
sample_05922.jpg,111.56224650196977,61.068135494252445,0,191,0.1771235614896466,0.0
sample_05923.jpg,132.1547089988162,12.77960482939889,49,200,0.0,0.0
sample_05924.jpg,128.75580740941993,68.32181446469207,0,255,0.2014011527489375,0.000116439286615304
sample_05925.jpg,118.88402647053115,15.280437192650561,59,162,0.0,0.0
sample_05926.jpg,177.6982669952842,15.381153414596142,131,245,0.0,0.0
sample_05927.jpg,77.85185041432979,19.219211192695518,14,255,0.0,9.703273884608666e-05
sample_05928.jpg,128.75241126356033,14.527294055089286,29,215,0.0,0.0
sample_05929.jpg,59.19967396999748,34.95977859704603,0,165,0.21502454928292805,0.0
sample_05930.jpg,108.37935919579266,15.086617043791277,46,200,0.0,0.0
sample_05931.jpg,169.44677754274292,28.11130000377377,49,234,0.0,0.0
sample_05932.jpg,174.02449106328476,19.16636007341356,74,215,0.0,0.0
sample_05933.jpg,112.23229637679754,20.27091417822649,8,161,0.0,0.0
sample_05934.jpg,157.2968037415824,17.253057875246903,2,241,0.0,0.0
sample_05935.jpg,116.61510993809311,17.55726718904602,20,191,0.0,0.0
sample_05936.jpg,112.4631178559646,39.44532066188963,0,254,0.08125521550971297,0.0
sample_05937.jpg,118.64066836150518,18.527333790107424,19,191,0.0,0.0
sample_05938.jpg,136.8424382386617,14.163312632059508,100,197,0.0,0.0
sample_05939.jpg,88.23239340953637,37.93576521415035,17,160,0.0,0.0
sample_05940.jpg,83.13817462011683,16.82711565422188,28,138,0.0,0.0
sample_05941.jpg,114.90935201536999,21.557496179908636,13,182,0.0,0.0
sample_05942.jpg,120.05480409090028,15.60886216565611,67,209,0.0,0.0
sample_05943.jpg,68.62836461021949,16.412014253205484,3,132,0.0,0.0
sample_05944.jpg,120.78656678763414,13.310004362922491,75,209,0.0,0.0
sample_05945.jpg,129.33121155077723,16.096097799973876,74,192,0.0,0.0
sample_05946.jpg,163.0771022142871,19.04574014323756,77,234,0.0,0.0
sample_05947.jpg,99.10566865260338,47.95299608546964,0,201,0.1499155815172039,0.0
sample_05948.jpg,66.554910826913,15.176157669396487,1,156,0.0,0.0
sample_05949.jpg,56.95336606571057,41.7744087135017,0,247,0.2947078344233344,0.0
sample_05950.jpg,82.99532302198762,20.712964887098618,0,232,0.0015913369170758214,0.0
sample_05951.jpg,138.3824254303402,21.231572621861858,0,255,5.8219643307652e-05,1.9406547769217335e-05
sample_05952.jpg,87.438782045062,61.65235037229834,0,218,0.29381513322595043,0.0
sample_05953.jpg,165.03592151992083,21.747595662072523,53,221,0.0,0.0
sample_05954.jpg,122.4773040423839,10.759547071832134,26,197,0.0,0.0
sample_05955.jpg,129.47208368103398,15.630219226817227,18,206,0.0,0.0
sample_05956.jpg,86.16371363698111,61.691984308021524,0,255,0.30322730889402083,1.9406547769217335e-05
sample_05957.jpg,121.56026703409731,19.397989542896074,0,232,1.9406547769217335e-05,0.0
sample_05958.jpg,100.77845485066662,13.396427850548292,50,159,0.0,0.0
sample_05959.jpg,131.5059287003435,15.541083795659624,38,219,0.0,0.0
sample_05960.jpg,104.73841914261872,15.692909410437505,31,178,0.0,0.0
sample_05961.jpg,127.16402414174543,13.521456235393028,101,197,0.0,0.0
sample_05962.jpg,123.02406411923383,21.275963386659395,49,238,0.0,0.0
sample_05963.jpg,140.69648159288943,14.936534391186719,0,179,0.000116439286615304,0.0
sample_05964.jpg,94.98369849987385,33.719183497353974,0,228,0.06617632789303111,0.0
sample_05965.jpg,117.84218595354072,23.082983585135686,0,255,0.0035708047895359894,0.0035513982417667723
sample_05966.jpg,59.069087310058414,27.164072978492115,0,236,0.08457373517824913,0.0
sample_05967.jpg,142.21904170467116,17.796135887526333,3,239,0.0,0.0
sample_05968.jpg,134.57505482349745,11.66021125905518,71,198,0.0,0.0
sample_05969.jpg,94.1497215160395,57.57884109976281,0,216,0.24832618525490502,0.0
sample_05970.jpg,99.02563604960314,16.650061152238294,23,156,0.0,0.0
sample_05971.jpg,129.80599274195114,61.83635767019266,0,255,0.0918123774961672,1.9406547769217335e-05
sample_05972.jpg,138.6859050243552,76.04139558013719,0,218,0.19608375866017194,0.0
sample_05973.jpg,145.7823167536727,14.538659171708025,70,208,0.0,0.0
sample_05974.jpg,100.45512235828369,17.438497494622283,51,161,0.0,0.0
sample_05975.jpg,108.23507151312853,58.411981539687204,0,241,0.19866482951347786,0.0
sample_05976.jpg,110.66261716703215,16.358272394512205,63,207,0.0,0.0
sample_05977.jpg,152.65782374973315,11.752327057158652,107,194,0.0,0.0
sample_05978.jpg,88.60400939276911,14.537287952469374,15,170,0.0,0.0
sample_05979.jpg,171.37068446893983,13.765366334729544,90,219,0.0,0.0
sample_05980.jpg,163.77319567622115,14.736600287425894,58,225,0.0,0.0
sample_05981.jpg,77.79894816511091,18.44050185270052,2,148,0.0,0.0
sample_05982.jpg,118.211317898659,16.365202951253902,4,218,0.0,0.0
sample_05983.jpg,123.13276019328922,20.26153341706665,61,206,0.0,0.0
sample_05984.jpg,199.52430670108095,18.147358701415925,49,243,0.0,0.0
sample_05985.jpg,77.79436821983737,14.045005692378284,25,168,0.0,0.0
sample_05986.jpg,167.53092433387025,16.244410197397045,4,255,0.0,0.000174658929922956
sample_05987.jpg,77.94292534301073,17.73639029001073,38,202,0.0,0.0
sample_05988.jpg,141.87438141628985,13.503190649443614,64,205,0.0,0.0
sample_05989.jpg,116.42968037415824,14.539267971953542,58,219,0.0,0.0
sample_05990.jpg,136.580391624134,16.618199437284066,88,252,0.0,0.0
sample_05991.jpg,100.450387160628,60.86260126464831,0,193,0.24760814298744396,0.0
sample_05992.jpg,134.65425294494364,14.586742053385919,30,200,0.0,0.0
sample_05993.jpg,191.21304508141046,22.901377188358985,98,237,0.0,0.0
sample_05994.jpg,213.3338120281783,20.227042474966964,46,251,0.0,0.0
sample_05995.jpg,125.8267577480642,15.030039374915148,79,202,0.0,0.0
sample_05996.jpg,45.21230763259524,15.638397560020287,19,104,0.0,0.0
sample_05997.jpg,184.49044227522367,18.79274580725349,75,246,0.0,0.0
sample_05998.jpg,169.50096062411458,20.355227128383984,25,255,0.0,0.00036872440761512933
sample_05999.jpg,136.08436026315277,12.807744300786478,70,188,0.0,0.0
sample_06000.jpg,85.33747986570668,16.85647301287785,33,182,0.0,0.0
sample_06001.jpg,128.00811193696754,18.733517655661462,31,236,0.0,0.0
sample_06002.jpg,124.81645287119875,21.403939516291167,0,201,0.006345941120534068,0.0
sample_06003.jpg,129.5158260397058,16.829273983292445,27,195,0.0,0.0
sample_06004.jpg,132.71961419783034,17.367141206979415,18,216,0.0,0.0
sample_06005.jpg,139.7785130703099,15.927292622044293,0,251,0.00015525238215373868,0.0
sample_06006.jpg,162.74992722544587,15.585834328600683,83,203,0.0,0.0
sample_06007.jpg,122.99509014341439,17.864905265478086,0,195,0.000116439286615304,0.0
sample_06008.jpg,131.88876166818685,16.8894486686637,2,220,0.0,0.0
sample_06009.jpg,134.79095266743,17.075226365513114,0,199,7.762619107686934e-05,0.0
sample_06010.jpg,114.36032137243106,19.022966491839927,20,205,0.0,0.0
sample_06011.jpg,106.00312445419084,23.625380419216615,6,201,0.0,0.0
sample_06012.jpg,71.43068951464224,40.685646040104416,0,255,0.17477536920957132,7.762619107686934e-05
sample_06013.jpg,146.4610995749966,17.59847565667134,16,229,0.0,0.0
sample_06014.jpg,146.48533835316036,22.584267119660495,15,240,0.0,0.0
sample_06015.jpg,108.95484096334103,17.010285164348772,48,233,0.0,0.0
sample_06016.jpg,72.39426342447942,43.03391674863998,0,199,0.053678511129655146,0.0
sample_06017.jpg,132.17912243590987,15.24627325675919,45,206,0.0,0.0
sample_06018.jpg,136.26078518892274,60.62060700717697,0,215,0.130547846843525,0.0
sample_06019.jpg,144.4281278503367,15.934513264820483,31,207,0.0,0.0
sample_06020.jpg,145.3178016262687,77.90574512159876,0,232,0.20134293310562984,0.0
sample_06021.jpg,86.6489161443071,17.233446135412414,18,166,0.0,0.0
sample_06022.jpg,72.68091754157852,23.062186752446195,0,253,0.03658134254497467,0.0
sample_06023.jpg,150.8717033126977,17.362796012546184,26,226,0.0,0.0
sample_06024.jpg,106.62737487628326,47.42298671962205,0,224,0.030099555590056084,0.0
sample_06025.jpg,96.74437695278387,16.87710960000045,30,182,0.0,0.0
sample_06026.jpg,179.32418638048478,19.297796907567623,83,255,0.0,0.00027169166876904265
sample_06027.jpg,105.6997807060102,18.165154092836087,0,232,0.0005045702419996507,0.0
sample_06028.jpg,159.74299908789226,29.17672911417115,82,255,0.0,3.881309553843467e-05
sample_06029.jpg,133.3804653690155,17.233277464529685,61,206,0.0,0.0
sample_06030.jpg,72.06893205767626,16.307133109672485,4,140,0.0,0.0
sample_06031.jpg,187.61375147974925,15.377922367344425,106,241,0.0,0.0
sample_06032.jpg,120.49740922587281,19.3386008876794,64,222,0.0,0.0
sample_06033.jpg,90.05777329270896,18.88227572837565,0,255,0.003085641095305556,1.9406547769217335e-05
sample_06034.jpg,125.16672165188534,38.3966078621396,0,233,0.046595121193890816,0.0
sample_06035.jpg,74.35552795513206,49.93270651152517,0,192,0.262434745483126,0.0
sample_06036.jpg,90.24440606260552,52.06030967734045,0,249,0.21783849870946456,0.0
sample_06037.jpg,114.68330454695415,12.801221558802041,53,248,0.0,0.0
sample_06038.jpg,135.9056841778416,23.960641824378424,65,193,0.0,0.0
sample_06039.jpg,177.64744124667664,15.836133779827572,68,255,0.0,0.0032991131207669466
sample_06040.jpg,163.86198063226533,15.239746933368544,104,217,0.0,0.0
sample_06041.jpg,122.59638261949581,51.51464728232782,0,233,0.11793359079353374,0.0
sample_06042.jpg,107.10782277940577,12.099287908412467,66,143,0.0,0.0
sample_06043.jpg,136.58997845873196,11.363501715623261,78,189,0.0,0.0
sample_06044.jpg,50.73962234858041,13.796675703091141,0,143,0.00015525238215373868,0.0
sample_06045.jpg,98.69787886432883,15.502960986192239,8,213,0.0,0.0
sample_06046.jpg,78.99134467969493,15.728725652290406,5,188,0.0,0.0
sample_06047.jpg,27.983096896893013,17.457620246613878,0,184,0.006598226241533893,0.0
sample_06048.jpg,90.24945176502553,50.864851538832056,0,179,0.2136272778435444,0.0
sample_06049.jpg,84.28335500397834,24.33315559893667,2,163,0.0,0.0
sample_06050.jpg,54.75136330998079,14.709455246288353,28,103,0.0,0.0
sample_06051.jpg,115.2114537444934,18.439627770237543,23,173,0.0,0.0
sample_06052.jpg,120.2472006054843,21.1141827390551,21,209,0.0,0.0
sample_06053.jpg,93.790195812067,16.147206059255026,28,173,0.0,0.0
sample_06054.jpg,106.24749170370083,16.949720758545674,0,229,3.881309553843467e-05,0.0
sample_06055.jpg,181.54674067030217,15.771711197335973,98,254,0.0,0.0
sample_06056.jpg,147.92417861786566,15.227452458856462,59,231,0.0,0.0
sample_06057.jpg,80.58147839080905,17.859807864677308,0,252,0.0005627898853073027,0.0
sample_06058.jpg,165.41363115915308,16.15361850300507,83,214,0.0,0.0
sample_06059.jpg,96.11777833841138,60.14186528347249,0,208,0.2307632595237633,0.0
sample_06060.jpg,80.71218149003474,16.1870904625764,0,150,0.0002522851209998253,0.0
sample_06061.jpg,53.783131828679,36.23172940032885,0,146,0.2727590288963496,0.0
sample_06062.jpg,120.34978361699237,16.541458667261406,18,194,0.0,0.0
sample_06063.jpg,100.32117836558055,45.05740277986222,0,176,0.1315569873275243,0.0
sample_06064.jpg,61.141687205263054,33.269355528851136,0,198,0.14186186419297872,0.0
sample_06065.jpg,174.16528556735042,15.898085332860818,81,227,0.0,0.0
sample_06066.jpg,70.33200721923578,15.43622016626077,10,152,0.0,0.0
sample_06067.jpg,98.18886452289003,12.218263170687264,56,195,0.0,0.0
sample_06068.jpg,138.53849288750024,21.12158532394356,0,255,1.9406547769217335e-05,1.9406547769217335e-05
sample_06069.jpg,135.17694890255973,21.790018752384277,0,232,0.00038813095538434665,0.0
sample_06070.jpg,94.74175706883503,22.265090559618987,0,244,1.9406547769217335e-05,0.0
sample_06071.jpg,75.34332123658523,54.03282541745501,0,206,0.3079236934541714,0.0
sample_06072.jpg,150.371344291564,19.46318789291361,59,208,0.0,0.0
sample_06073.jpg,119.87242135496517,19.533704948733895,0,227,5.8219643307652e-05,0.0
sample_06074.jpg,138.36348463971743,14.202278291282914,11,204,0.0,0.0
sample_06075.jpg,115.79077800850007,15.245578684432756,81,252,0.0,0.0
sample_06076.jpg,103.04739078965243,19.073584653685327,4,238,0.0,0.0
sample_06077.jpg,179.27312775330395,14.597158099715713,107,235,0.0,0.0
sample_06078.jpg,76.5590056084923,47.674273982559605,0,241,0.2384676589881426,0.0
sample_06079.jpg,118.80618680742883,18.949187193922754,20,204,0.0,0.0
sample_06080.jpg,103.44439053736731,22.733365210404074,6,206,0.0,0.0
sample_06081.jpg,138.68869956723398,15.802764497090674,80,208,0.0,0.0
sample_06082.jpg,58.32736905431893,51.59544045795926,0,214,0.3209454870073163,0.0
sample_06083.jpg,62.41002154126802,14.556442709426392,33,194,0.0,0.0
sample_06084.jpg,113.52341399988356,19.72517715239682,22,221,0.0,0.0
sample_06085.jpg,107.06035436356227,12.44749675215893,38,155,0.0,0.0
sample_06086.jpg,116.45440431601622,52.31076613307199,0,231,9.703273884608666e-05,0.0
sample_06087.jpg,57.62591938520057,36.86156120255889,0,148,0.221894467193231,0.0
sample_06088.jpg,122.67037978613985,14.60956373785754,67,178,0.0,0.0
sample_06089.jpg,160.1564749946632,13.884225149837237,46,230,0.0,0.0
sample_06090.jpg,110.96813444856295,23.237872383137034,11,198,0.0,0.0
sample_06091.jpg,132.13116885637214,17.38335169572583,12,235,0.0,0.0
sample_06092.jpg,124.47664421975975,16.6464714450986,41,195,0.0,0.0
sample_06093.jpg,115.37565254516873,19.01689584287487,16,225,0.0,0.0
sample_06094.jpg,151.01855265966736,19.466549259629325,90,238,0.0,0.0
sample_06095.jpg,161.34479613421567,12.285626494096663,108,215,0.0,0.0
sample_06096.jpg,140.77895942090862,12.559971487642184,68,188,0.0,0.0
sample_06097.jpg,78.59240427720313,44.47638839986076,0,177,0.217877311805003,0.0
sample_06098.jpg,81.00952861495469,13.078499330686503,23,148,0.0,0.0
sample_06099.jpg,100.68683653864814,17.872501043983696,30,155,0.0,0.0
sample_06100.jpg,187.29249548797765,18.517586172390523,73,255,0.0,9.703273884608666e-05
sample_06101.jpg,148.51353606706903,13.45272233047065,102,202,0.0,0.0
sample_06102.jpg,105.00089270119739,16.108916026548282,24,198,0.0,0.0
sample_06103.jpg,127.18556540976925,17.08977544276674,4,210,0.0,0.0
sample_06104.jpg,121.33000834481554,17.352511375398347,64,170,0.0,0.0
sample_06105.jpg,134.2923984552388,21.544362362856226,0,220,5.8219643307652e-05,0.0
sample_06106.jpg,96.50451202235634,43.02091837492659,0,168,0.1352248248559064,0.0
sample_06107.jpg,172.26561741931727,22.365680630315822,6,230,0.0,0.0
sample_06108.jpg,154.0972656174193,12.315064845670484,84,228,0.0,0.0
sample_06109.jpg,153.59195792660444,16.603909647629855,68,204,0.0,0.0
sample_06110.jpg,129.9874439635933,19.13846263744581,67,218,0.0,0.0
sample_06111.jpg,116.88094082943586,16.14460850752639,58,165,0.0,0.0
sample_06112.jpg,134.96768809796424,17.583964739544886,0,206,1.9406547769217335e-05,0.0
sample_06113.jpg,122.41522249607017,40.60940856635353,0,236,0.056104329600807315,0.0
sample_06114.jpg,34.7476372528091,21.73524098040208,0,115,0.08653379650294009,0.0
sample_06115.jpg,129.011352830445,18.219220672503333,52,199,0.0,0.0
sample_06116.jpg,179.15335054047236,15.684763419595363,80,243,0.0,0.0
sample_06117.jpg,190.65532030507094,13.339293716466658,67,244,0.0,0.0
sample_06118.jpg,157.11339245861555,16.294482152333334,78,228,0.0,0.0
sample_06119.jpg,35.65240932290555,18.45024659345358,2,117,0.0,0.0
sample_06120.jpg,74.84034233150265,15.972389463733496,19,169,0.0,0.0
sample_06121.jpg,158.20559296706708,17.419009097388088,0,235,5.8219643307652e-05,0.0
sample_06122.jpg,169.2468124745289,19.391767775874406,0,230,0.0002522851209998253,0.0
sample_06123.jpg,130.10442663354615,15.79126311502699,62,208,0.0,0.0
sample_06124.jpg,65.09068679772555,46.233612443872524,0,206,0.2752818801063479,0.0
sample_06125.jpg,189.91362145587922,17.95661533619646,38,252,0.0,0.0
sample_06126.jpg,183.97120068311048,20.858876517352083,0,255,7.762619107686934e-05,0.0007374488152302587
sample_06127.jpg,96.47344213937782,17.52080013848752,14,225,0.0,0.0
sample_06128.jpg,135.5658755264026,13.667893856384689,85,254,0.0,0.0
sample_06129.jpg,111.93471637330435,16.58765304601215,54,166,0.0,0.0
sample_06130.jpg,93.86423179180656,16.506871965721256,5,190,0.0,0.0
sample_06131.jpg,134.95553959906073,14.243341371091468,33,219,0.0,0.0
sample_06132.jpg,134.0672048749248,14.778688664449534,75,198,0.0,0.0
sample_06133.jpg,103.28246230278096,59.49059923299086,0,226,0.21444235284985155,0.0
sample_06134.jpg,121.98383434570825,16.121713124551274,77,184,0.0,0.0
sample_06135.jpg,117.66880785577054,17.274173078296702,27,219,0.0,0.0
sample_06136.jpg,105.54487764171631,14.953478590860065,37,159,0.0,0.0
sample_06137.jpg,47.11036503716354,13.309630145671209,20,81,0.0,0.0
sample_06138.jpg,103.70996914358905,13.648777536306133,18,174,0.0,0.0
sample_06139.jpg,85.56150905315454,18.11797033813109,29,188,0.0,0.0
sample_06140.jpg,146.07896524287295,13.425549165015408,56,197,0.0,0.0
sample_06141.jpg,118.75050942187895,63.34923849085589,0,221,0.19963515690193873,0.0
sample_06142.jpg,31.23608065361253,31.287765615025744,0,141,0.48986007879058396,0.0
sample_06143.jpg,191.37318791360204,15.57704118013688,79,242,0.0,0.0
sample_06144.jpg,114.63608841623163,18.973598419300192,45,203,0.0,0.0
sample_06145.jpg,95.37640940053174,13.800401065123229,50,167,0.0,0.0
sample_06146.jpg,123.41196219604494,14.642959006033363,33,188,0.0,0.0
sample_06147.jpg,141.9837373129694,15.942965825880727,56,233,0.0,0.0
sample_06148.jpg,85.76545246366123,53.871355159148784,0,180,0.2572920103242834,0.0
sample_06149.jpg,35.510217547400494,21.39161909693545,0,100,0.0017077762036911254,0.0
sample_06150.jpg,77.99256729220438,14.231775192333938,29,137,0.0,0.0
sample_06151.jpg,140.55667682276,13.911615784081501,117,220,0.0,0.0
sample_06152.jpg,170.32554483882862,14.438645705475187,126,225,0.0,0.0
sample_06153.jpg,114.14595664577229,14.243848292907742,42,181,0.0,0.0
sample_06154.jpg,120.68483766422791,16.02587454722328,27,207,0.0,0.0
sample_06155.jpg,90.50781113547711,14.181801906931506,32,167,0.0,0.0
sample_06156.jpg,88.84354441188457,46.185614630087194,0,175,0.18647751751440936,0.0
sample_06157.jpg,92.9853092433387,19.03524885590757,13,148,0.0,0.0
sample_06158.jpg,89.99586640532516,28.154183339988776,1,235,0.0,0.0
sample_06159.jpg,72.53387412913116,17.518114606219083,8,207,0.0,0.0
sample_06160.jpg,89.10188437578839,44.818686805971055,0,227,0.16644996021657707,0.0
sample_06161.jpg,82.54068582739816,14.230148860987024,8,192,0.0,0.0
sample_06162.jpg,159.2398843369753,14.769687945203613,90,246,0.0,0.0
sample_06163.jpg,167.23229637679754,19.13403828242789,37,225,0.0,0.0
sample_06164.jpg,193.4064507364785,16.46128205518899,124,251,0.0,0.0
sample_06165.jpg,123.77791146732908,20.932489502812285,65,215,0.0,0.0
sample_06166.jpg,182.8879659997283,22.132007871707387,98,231,0.0,0.0
sample_06167.jpg,145.09016282093577,13.723018567154243,83,191,0.0,0.0
sample_06168.jpg,94.48167051563198,15.795247983863451,41,166,0.0,0.0
sample_06169.jpg,57.20741718255739,33.022952940810534,0,148,0.20438976110539697,0.0
sample_06170.jpg,150.62850045605387,17.36059876765511,16,226,0.0,0.0
sample_06171.jpg,107.12317335869122,17.626775102170047,32,167,0.0,0.0
sample_06172.jpg,151.09817772516448,14.698198320939422,41,196,0.0,0.0
sample_06173.jpg,110.37087853441751,15.330809871083765,44,164,0.0,0.0
sample_06174.jpg,125.9923732267267,19.841830264221127,53,249,0.0,0.0
sample_06175.jpg,135.6221739214811,16.025036147880186,16,219,0.0,0.0
sample_06176.jpg,90.38719944109143,18.740414614313735,25,202,0.0,0.0
sample_06177.jpg,126.29606629276718,16.06541746947111,4,219,0.0,0.0
sample_06178.jpg,44.82693240699412,33.26547743007996,0,186,0.28702284150672436,0.0
sample_06179.jpg,142.59700362902444,16.63252328833928,87,205,0.0,0.0
sample_06180.jpg,141.89801859147278,18.729055636584906,86,226,0.0,0.0
sample_06181.jpg,190.5857284247705,30.41091068369902,66,255,0.0,1.9406547769217335e-05
sample_06182.jpg,126.03002192939898,17.55673279916978,31,200,0.0,0.0
sample_06183.jpg,100.12189252653846,13.214880575409865,46,145,0.0,0.0
sample_06184.jpg,57.973548875390556,45.08685147191959,0,157,0.3382755341652273,0.0
sample_06185.jpg,111.43274660870578,29.41413722275256,0,221,0.03623202468512876,0.0
sample_06186.jpg,81.09757612218363,19.223302435900443,11,158,0.0,0.0
sample_06187.jpg,136.42772031283354,14.1369002368581,74,185,0.0,0.0
sample_06188.jpg,62.28042461526519,16.45258201361996,4,145,0.0,0.0
sample_06189.jpg,48.019484173960294,22.958586875621382,0,166,0.004812823846765899,0.0
sample_06190.jpg,132.3102524791865,13.254392424522983,41,191,0.0,0.0
sample_06191.jpg,144.40222010906479,14.693970836380249,63,183,0.0,0.0
sample_06192.jpg,127.30831182440956,21.219868253845114,77,178,0.0,0.0
sample_06193.jpg,122.51473927303073,21.5812118679751,43,214,0.0,0.0
sample_06194.jpg,171.35539210929767,11.43251226248399,123,232,0.0,0.0
sample_06195.jpg,93.97455801587455,29.65272868477515,17,156,0.0,0.0
sample_06196.jpg,91.18494440024064,51.75660097730206,0,255,0.1402705272759029,5.8219643307652e-05
sample_06197.jpg,128.17304818645812,24.1888652849816,12,222,0.0,0.0
sample_06198.jpg,119.25789361330513,21.438623628505745,0,199,0.007626773273302412,0.0
sample_06199.jpg,88.03685303421375,44.24553614904206,0,237,0.048302897397581944,0.0
sample_06200.jpg,91.64654854547925,77.69886097199205,0,230,0.396281705447418,0.0
sample_06201.jpg,94.17832676745134,19.07721056750714,38,139,0.0,0.0
sample_06202.jpg,58.90413165402007,17.169706470500834,0,228,1.9406547769217335e-05,0.0
sample_06203.jpg,131.00551145956646,17.18466146602335,31,232,0.0,0.0
sample_06204.jpg,46.59851733975043,16.547444824749206,0,116,0.0014360845349220828,0.0
sample_06205.jpg,157.65555318364417,15.241647393832823,32,201,0.0,0.0
sample_06206.jpg,141.17417376622873,21.43095687554816,22,255,0.0,3.881309553843467e-05
sample_06207.jpg,102.87919424013663,37.507395684166774,0,232,0.0781501678666382,0.0
sample_06208.jpg,141.45568514816898,15.53454447911643,61,210,0.0,0.0
sample_06209.jpg,122.39789244891226,17.405807037726067,0,243,0.000116439286615304,0.0
sample_06210.jpg,137.70874653107958,16.246328645937844,40,231,0.0,0.0
sample_06211.jpg,143.0841661976751,25.915777244050048,61,255,0.0,0.00042694405092278136
sample_06212.jpg,197.24281472568845,18.655032692502417,110,245,0.0,0.0
sample_06213.jpg,134.686933571387,17.619547070891496,0,231,1.9406547769217335e-05,0.0
sample_06214.jpg,118.63414776145471,75.68878435638081,0,253,0.25837877699935957,0.0
sample_06215.jpg,177.32323545964408,20.558298598233563,106,223,0.0,0.0
sample_06216.jpg,116.39003279706573,38.647983353094226,0,161,0.07195947912825787,0.0
sample_06217.jpg,167.92644918395467,14.33402414327609,102,209,0.0,0.0
sample_06218.jpg,106.66764346290438,18.26924354209379,30,238,0.0,0.0
sample_06219.jpg,79.56971802286091,15.890530262003944,15,168,0.0,0.0
sample_06220.jpg,204.40753750315358,26.21061180761376,10,255,0.0,0.0006016029808457373
sample_06221.jpg,143.70884356381842,26.27288945754627,0,202,0.014496691183605349,0.0
sample_06222.jpg,135.26495759669314,13.484593395326637,74,184,0.0,0.0
sample_06223.jpg,89.56469172698868,12.07459703580114,44,121,0.0,0.0
sample_06224.jpg,117.21292864212386,18.622013877678736,0,238,1.9406547769217335e-05,0.0
sample_06225.jpg,198.80389683479206,13.151533157040978,79,255,0.0,0.0002522851209998253
sample_06226.jpg,165.64307477342857,13.939346125191472,76,223,0.0,0.0
sample_06227.jpg,57.3996972578548,19.705045167347397,10,178,0.0,0.0
sample_06228.jpg,72.50255196103166,15.291802853078234,2,122,0.0,0.0
sample_06229.jpg,136.53003163267286,18.081075738227234,1,230,0.0,0.0
sample_06230.jpg,112.14939160472744,56.49171292231162,0,241,0.1698461060761901,0.0
sample_06231.jpg,150.75142152962408,18.323077198842892,2,248,0.0,0.0
sample_06232.jpg,59.68474063148906,14.573683048742472,0,173,5.8219643307652e-05,0.0
sample_06233.jpg,42.605697762425045,22.339100876173354,9,81,0.0,0.0
sample_06234.jpg,129.74459042480933,16.787222972886088,69,211,0.0,0.0
sample_06235.jpg,94.07347318985425,13.799840436826807,24,162,0.0,0.0
sample_06236.jpg,135.05266937064565,15.416171664854076,28,231,0.0,0.0
sample_06237.jpg,125.01001377864891,18.283523540896272,31,230,0.0,0.0
sample_06238.jpg,92.61955403753227,19.4790194344652,4,207,0.0,0.0
sample_06239.jpg,86.99163577791147,14.720477325716493,39,147,0.0,0.0
sample_06240.jpg,124.70620427332182,16.08444865002708,82,167,0.0,0.0
sample_06241.jpg,83.14502513147936,18.67506163663585,34,184,0.0,0.0
sample_06242.jpg,158.9332414756739,16.659765767540023,100,217,0.0,0.0
sample_06243.jpg,137.66232606881562,21.641891999737194,75,207,0.0,0.0
sample_06244.jpg,205.62787944652527,21.40753038727394,139,255,0.0,5.8219643307652e-05
sample_06245.jpg,63.826854780803046,42.098294933924535,0,211,0.2688000931514293,0.0
sample_06246.jpg,169.70909584893943,11.552933229066156,72,221,0.0,0.0
sample_06247.jpg,88.83970191542626,67.65370106094791,0,241,0.25554542102505384,0.0
sample_06248.jpg,99.18381882047002,36.82916521391741,0,168,0.08798928758563139,0.0
sample_06249.jpg,64.47004599351821,17.958606764154247,22,212,0.0,0.0
sample_06250.jpg,48.590444215878435,26.69689910595871,0,110,0.1593277571852743,0.0
sample_06251.jpg,148.49942750684082,23.931703458383105,0,240,0.0003299113120766947,0.0
sample_06252.jpg,161.38042655591997,21.62451886150226,0,221,0.000523976789768868,0.0
sample_06253.jpg,121.94081002930389,15.65346921362934,33,228,0.0,0.0
sample_06254.jpg,131.09099730248985,17.73572019405617,40,199,0.0,0.0
sample_06255.jpg,177.32793184420424,17.486042988243163,65,232,0.0,0.0
sample_06256.jpg,149.50047546042035,24.6983188126171,27,212,0.0,0.0
sample_06257.jpg,139.34011915620331,17.644524728093085,0,250,0.00021347202546139068,0.0
sample_06258.jpg,141.96958993964563,16.91322897255532,0,228,1.9406547769217335e-05,0.0
sample_06259.jpg,99.00980030662346,15.698117848117864,18,192,0.0,0.0
sample_06260.jpg,152.60373770110036,17.952789729941145,0,248,1.9406547769217335e-05,0.0
sample_06261.jpg,105.78396631023307,21.814535444618336,18,193,0.0,0.0
sample_06262.jpg,134.76477323448933,11.509169369341446,90,245,0.0,0.0
sample_06263.jpg,80.22265132255623,16.63236643928493,0,207,0.0006598226241533894,0.0
sample_06264.jpg,131.87482776688856,16.548861785358383,29,222,0.0,0.0
sample_06265.jpg,113.68582739816414,18.362091085134697,23,208,0.0,0.0
sample_06266.jpg,159.75561334394226,17.56497403830407,15,241,0.0,0.0
sample_06267.jpg,136.75978575171263,96.03542806311445,0,254,0.3124260125366299,0.0
sample_06268.jpg,140.82780570164374,80.2672672562388,0,241,0.22375749577907586,0.0
sample_06269.jpg,82.76226978982709,16.45509775404678,34,188,0.0,0.0
sample_06270.jpg,154.61714762560888,13.329036014588198,83,226,0.0,0.0
sample_06271.jpg,81.64251198354324,13.969364929661033,10,165,0.0,0.0
sample_06272.jpg,127.44167362067962,51.16145424283736,0,254,0.10661957344408003,0.0
sample_06273.jpg,142.4512604552776,14.648291752055643,65,233,0.0,0.0
sample_06274.jpg,78.5065497098721,32.57689683096384,0,188,0.08915368045178443,0.0
sample_06275.jpg,122.00155252382153,16.07148677450612,61,190,0.0,0.0
sample_06276.jpg,129.95115371926488,14.717430768308231,60,201,0.0,0.0
sample_06277.jpg,149.636224262066,17.959556614012044,5,230,0.0,0.0
sample_06278.jpg,139.34229268955346,15.142606888328134,0,245,0.000174658929922956,0.0
sample_06279.jpg,72.38603504822527,15.418242282781302,0,176,0.00015525238215373868,0.0
sample_06280.jpg,120.4032292495488,19.422635068052003,26,195,0.0,0.0
sample_06281.jpg,187.37508975528343,14.68165838329617,103,249,0.0,0.0
sample_06282.jpg,130.91841487317822,19.47885269580403,0,255,0.00042694405092278136,1.9406547769217335e-05
sample_06283.jpg,85.8716450930544,29.509701287507575,0,167,0.05125269265850298,0.0
sample_06284.jpg,99.76038735469348,20.321184573365663,1,231,0.0,0.0
sample_06285.jpg,155.53579537736033,16.02423874860901,64,248,0.0,0.0
sample_06286.jpg,81.49139319606435,13.735054389697185,26,140,0.0,0.0
sample_06287.jpg,167.46500029109822,21.1437477017545,0,241,0.000116439286615304,0.0
sample_06288.jpg,121.83807176541364,19.773462733215165,11,197,0.0,0.0
sample_06289.jpg,173.73884608666964,18.345815190483183,116,230,0.0,0.0
sample_06290.jpg,119.06070368142211,16.00022203294759,4,204,0.0,0.0
sample_06291.jpg,164.60259271478196,15.37986593651897,77,251,0.0,0.0
sample_06292.jpg,133.26181373595452,17.22425096716735,0,231,0.000116439286615304,0.0
sample_06293.jpg,143.78998234004152,94.87734458864514,0,255,0.2874691921054164,1.9406547769217335e-05
sample_06294.jpg,131.45500591899707,52.81265915454728,0,255,0.10729880261600264,0.00040753750315356403
sample_06295.jpg,91.51584544625356,74.68280487205782,0,246,0.38242543034019677,0.0
sample_06296.jpg,134.41632866929302,21.865168034865725,0,249,3.881309553843467e-05,0.0
sample_06297.jpg,135.7157911079198,50.586058409948336,0,231,0.07494808748471735,0.0
sample_06298.jpg,189.20578703254478,19.46655801787323,0,255,9.703273884608666e-05,0.0011837994139222573
sample_06299.jpg,105.08802810068117,44.024535981357424,0,229,0.1020978478138524,0.0
sample_06300.jpg,81.81278503367037,42.91009158567402,0,253,0.160550369694735,0.0
sample_06301.jpg,141.13745657784938,18.250721926609387,4,255,0.0,3.881309553843467e-05
sample_06302.jpg,123.13326476353122,16.928873969415683,54,166,0.0,0.0
sample_06303.jpg,129.9256729220439,16.05983332932957,67,187,0.0,0.0
sample_06304.jpg,185.0794310000194,19.079748233633254,49,243,0.0,0.0
sample_06305.jpg,96.71427739719381,15.103326388932114,16,152,0.0,0.0
sample_06306.jpg,116.59389858138135,17.18583786119282,0,197,9.703273884608666e-05,0.0
sample_06307.jpg,115.64390925498263,15.075137737774597,39,180,0.0,0.0
sample_06308.jpg,142.37963088746142,17.01362858474296,73,203,0.0,0.0
sample_06309.jpg,104.11480913660269,13.829904328789896,63,178,0.0,0.0
sample_06310.jpg,85.45987696248714,47.927939388367406,0,222,0.19909177356440064,0.0
sample_06311.jpg,140.77042053989015,14.023004248699161,80,237,0.0,0.0
sample_06312.jpg,162.87036426090162,18.86431470816624,36,205,0.0,0.0
sample_06313.jpg,120.65460226280346,14.998586885168514,67,201,0.0,0.0
sample_06314.jpg,85.41497021094918,27.777286223040793,0,134,0.05695821770265287,0.0
sample_06315.jpg,129.45960527081837,19.386974097677005,0,255,0.00013584583438452133,3.881309553843467e-05
sample_06316.jpg,38.88447282112985,12.677165973090432,3,80,0.0,0.0
sample_06317.jpg,71.15872615420443,20.63962206736633,29,133,0.0,0.0
sample_06318.jpg,121.0652448136001,17.10146947609188,30,233,0.0,0.0
sample_06319.jpg,109.57084360263153,13.95069793167822,68,189,0.0,0.0
sample_06320.jpg,112.84300102854704,55.81642747098601,0,223,0.06782588445341459,0.0
sample_06321.jpg,166.6345358924101,15.969751518808025,50,209,0.0,0.0
sample_06322.jpg,132.63051873702187,19.158234481829304,0,255,0.0002522851209998253,0.00013584583438452133
sample_06323.jpg,128.22567874400823,19.32164545465206,0,255,7.762619107686934e-05,3.881309553843467e-05
sample_06324.jpg,108.58382658308913,53.115636683683945,0,191,0.1639077024588096,0.0
sample_06325.jpg,137.67730792369346,30.172606709726388,8,217,0.0,0.0
sample_06326.jpg,165.31853907508395,21.74386842308199,0,255,0.000640416076384172,0.000174658929922956
sample_06327.jpg,91.3631935415009,18.6947064640044,5,187,0.0,0.0
sample_06328.jpg,122.09427700906286,20.01230869774219,0,185,0.008034310776455977,0.0
sample_06329.jpg,81.09524733645132,42.7607061854784,0,143,0.18812707407479284,0.0
sample_06330.jpg,75.2325680684663,60.45749541980598,0,177,0.3559937122785228,0.0
sample_06331.jpg,100.37974732674805,18.13807902230721,40,249,0.0,0.0
sample_06332.jpg,123.08185681849056,20.054376354874115,45,204,0.0,0.0
sample_06333.jpg,78.0920452560694,34.1389791744473,0,254,0.09394709775078111,0.0
sample_06334.jpg,121.15610627025558,13.364127381203273,44,160,0.0,0.0
sample_06335.jpg,21.851850414329796,14.205675599456459,0,128,0.02024102932329368,0.0
sample_06336.jpg,127.86720099361524,21.912500171589336,0,253,0.0006792291719226067,0.0
sample_06337.jpg,195.45023190824585,19.15219231643971,120,245,0.0,0.0
sample_06338.jpg,82.45323992315006,13.995581250691915,21,138,0.0,0.0
sample_06339.jpg,100.09594597217101,60.73418433303659,0,244,0.14911991305866598,0.0
sample_06340.jpg,108.82012070872713,22.701898380624666,1,220,0.0,0.0
sample_06341.jpg,110.92049137378952,17.670595401447304,36,182,0.0,0.0
sample_06342.jpg,140.96799860272856,14.256455584538422,96,248,0.0,0.0
sample_06343.jpg,112.14642240291874,41.118320267008414,0,218,0.07638417201963943,0.0
sample_06344.jpg,146.73015195326903,18.07618776639609,87,210,0.0,0.0
sample_06345.jpg,156.43825806827223,15.105398507218275,53,223,0.0,0.0
sample_06346.jpg,143.61115100234818,15.606984913265784,74,207,0.0,0.0
sample_06347.jpg,67.6932989190553,14.913700458757122,0,198,0.0006016029808457373,0.0
sample_06348.jpg,26.60668749636127,15.813510132444845,0,158,0.04405286343612335,0.0
sample_06349.jpg,185.56729220438976,15.273125157578205,124,254,0.0,0.0
sample_06350.jpg,105.0146907566613,14.315003480077033,0,204,1.9406547769217335e-05,0.0
sample_06351.jpg,138.45372508684432,45.66950045806186,11,234,0.0,0.0
sample_06352.jpg,174.04519784975452,18.03701428996115,0,237,1.9406547769217335e-05,0.0
sample_06353.jpg,127.50105765685342,19.615017267680727,0,239,0.000116439286615304,0.0
sample_06354.jpg,128.99574996603855,16.253430421023676,73,180,0.0,0.0
sample_06355.jpg,84.63876651982379,57.57750978145938,0,236,0.27330241223388774,0.0
sample_06356.jpg,145.72989966814802,16.582868683342173,33,209,0.0,0.0
sample_06357.jpg,40.72960856993149,32.23738931808976,0,172,0.2829280599274195,0.0
sample_06358.jpg,130.2615614508335,12.737367775483435,82,183,0.0,0.0
sample_06359.jpg,25.413475906770945,19.431574987878488,0,88,0.003764870267228163,0.0
sample_06360.jpg,139.01403093403715,91.96955482781816,0,235,0.2824428962331891,0.0
sample_06361.jpg,30.879388305614313,18.016939012280226,0,80,0.1085990413165402,0.0
sample_06362.jpg,75.97756603077879,15.883312338033457,18,167,0.0,0.0
sample_06363.jpg,113.77319567622116,14.241129315088386,34,203,0.0,0.0
sample_06364.jpg,122.94317762813174,16.53186147268263,1,213,0.0,0.0
sample_06365.jpg,96.50505540569388,16.870949751205785,32,145,0.0,0.0
sample_06366.jpg,64.18381882047002,11.570948010464177,7,118,0.0,0.0
sample_06367.jpg,107.37594364338528,52.35944576543566,0,235,0.15418502202643172,0.0
sample_06368.jpg,93.72334025500204,56.81993826225884,0,195,0.22711482854315046,0.0
sample_06369.jpg,75.8860835645947,19.4779173055375,9,200,0.0,0.0
sample_06370.jpg,128.17506646742612,18.961129128068244,40,223,0.0,0.0
sample_06371.jpg,47.879155427041084,21.605957824444996,0,118,0.0032991131207669466,0.0
sample_06372.jpg,118.99714723747792,19.959408137333305,20,162,0.0,0.0
sample_06373.jpg,172.97935143317355,17.134620474564606,99,255,0.0,0.000174658929922956
sample_06374.jpg,41.72295212404666,18.13811099202128,0,203,0.000232878573230608,0.0
sample_06375.jpg,54.816491684294284,15.252936585131401,10,158,0.0,0.0
sample_06376.jpg,156.89561217954937,28.402722682594874,0,233,0.0055696792097653745,0.0
sample_06377.jpg,121.75947524694833,19.132312737285623,25,239,0.0,0.0
sample_06378.jpg,130.39828057986765,15.852083088774126,0,188,3.881309553843467e-05,0.0
sample_06379.jpg,140.51605891827901,18.16803162573914,32,201,0.0,0.0
sample_06380.jpg,75.58297269498729,37.952963506458865,0,255,0.03322400978090007,0.00019406547769217333
sample_06381.jpg,126.3964175512818,14.895430352353811,61,194,0.0,0.0
sample_06382.jpg,97.50280424615265,11.812517068204707,46,142,0.0,0.0
sample_06383.jpg,121.71268606027674,19.268594214246985,1,217,0.0,0.0
sample_06384.jpg,186.69294960119544,15.137500963714622,99,248,0.0,0.0
sample_06385.jpg,120.93718100487105,21.10565269435498,32,255,0.0,1.9406547769217335e-05
sample_06386.jpg,144.3807952803276,15.204619763976927,101,192,0.0,0.0
sample_06387.jpg,77.65365134196279,15.319377854171723,32,159,0.0,0.0
sample_06388.jpg,120.6563488521027,61.54590891378886,0,244,0.16629470783442332,0.0
sample_06389.jpg,59.45192027790176,31.656392916625414,0,175,0.15109938093112615,0.0
sample_06390.jpg,115.78821634419454,50.57541355622403,0,180,0.1295387063595257,0.0
sample_06391.jpg,138.79927807642298,61.037859323393405,0,235,0.1297715849327563,0.0
sample_06392.jpg,128.76842166546993,21.17427154315952,0,252,0.000174658929922956,0.0
sample_06393.jpg,133.54165615478664,30.813053894474418,0,221,0.02204583826583089,0.0
sample_06394.jpg,178.3093597779891,14.70174377013055,130,253,0.0,0.0
sample_06395.jpg,153.48900619068874,11.797809210191742,48,210,0.0,0.0
sample_06396.jpg,167.4358128432533,16.303757020519125,86,234,0.0,0.0
sample_06397.jpg,163.83611170408895,17.888971771870118,99,244,0.0,0.0
sample_06398.jpg,152.79056453647462,15.843232324522829,81,229,0.0,0.0
sample_06399.jpg,65.00019406547769,39.83041395465589,0,156,0.23639115837683636,0.0
sample_06400.jpg,128.887907780085,15.381341345141795,72,196,0.0,0.0
sample_06401.jpg,94.78511129655146,62.832416355874976,0,249,0.2791243765646529,0.0
sample_06402.jpg,88.57695666517883,20.869773842400896,30,165,0.0,0.0
sample_06403.jpg,118.3310368918473,19.046389454300993,22,192,0.0,0.0
sample_06404.jpg,187.1362921849832,10.839152951285879,135,214,0.0,0.0
sample_06405.jpg,187.90042500339615,14.341872358104998,118,255,0.0,3.881309553843467e-05
sample_06406.jpg,166.0895224048594,19.05900592750217,82,221,0.0,0.0
sample_06407.jpg,134.61380969939256,20.12576692848693,27,195,0.0,0.0
sample_06408.jpg,144.65192415921132,21.05746360098182,16,255,0.0,1.9406547769217335e-05
sample_06409.jpg,131.62479380542996,13.624017172683036,27,174,0.0,0.0
sample_06410.jpg,122.99144171243377,66.05007889003691,0,253,0.09237516738147451,0.0
sample_06411.jpg,139.5142347027887,16.32532896187377,60,228,0.0,0.0
sample_06412.jpg,94.5924819033942,21.937358013201557,6,230,0.0,0.0
sample_06413.jpg,86.24978167633759,20.020172665400352,18,190,0.0,0.0
sample_06414.jpg,155.65669816996254,14.494307236901019,42,200,0.0,0.0
sample_06415.jpg,123.02852762522075,18.702032935210546,12,180,0.0,0.0
sample_06416.jpg,124.61136447437366,16.05371037055794,23,196,0.0,0.0
sample_06417.jpg,75.70975567156358,53.953541782546026,0,165,0.30885520774709385,0.0
sample_06418.jpg,133.5533388965437,23.690587035120892,53,196,0.0,0.0
sample_06419.jpg,134.6775408022667,18.02248031692804,50,241,0.0,0.0
sample_06420.jpg,65.36992761357682,34.52877330896557,0,172,0.16775019891711462,0.0
sample_06421.jpg,95.09165712511401,23.34054493640026,46,151,0.0,0.0
sample_06422.jpg,104.64068776805294,17.041561021053823,80,246,0.0,0.0
sample_06423.jpg,116.69287197500437,16.761136426437833,59,181,0.0,0.0
sample_06424.jpg,71.54307283277377,72.13984344024287,0,230,0.2878379165130315,0.0
sample_06425.jpg,82.03062353237982,18.721350407787114,5,246,0.0,0.0
sample_06426.jpg,80.1902617943294,23.97439341841351,5,172,0.0,0.0
sample_06427.jpg,62.44146014865416,36.473750094199296,0,147,0.21766383977954162,0.0
sample_06428.jpg,208.06704962254264,19.54993186406487,83,252,0.0,0.0
sample_06429.jpg,97.9445166799278,12.107519291272546,57,160,0.0,0.0
sample_06430.jpg,105.62939315725126,19.475449330136765,8,209,0.0,0.0
sample_06431.jpg,132.990665450523,16.16020828740662,65,206,0.0,0.0
sample_06432.jpg,110.218381882047,22.647383668972633,6,191,0.0,0.0
sample_06433.jpg,118.05938403617381,17.49458419999717,68,195,0.0,0.0
sample_06434.jpg,26.233227891090454,15.705170843406078,7,89,0.0,0.0
sample_06435.jpg,139.71435502338488,14.289374958797096,15,223,0.0,0.0
sample_06436.jpg,186.09549962157232,18.845047304823094,148,228,0.0,0.0
sample_06437.jpg,144.22185565409768,12.698787671759893,73,215,0.0,0.0
sample_06438.jpg,129.4152807157135,14.669378897861153,59,200,0.0,0.0
sample_06439.jpg,59.12379436821984,16.526003728485872,0,119,1.9406547769217335e-05,0.0
sample_06440.jpg,121.33757689844553,15.01185520623409,26,201,0.0,0.0
sample_06441.jpg,113.1942983562654,18.220233793748807,45,196,0.0,0.0
sample_06442.jpg,139.28221001765996,51.017643417518066,0,210,0.08723243222263191,0.0
sample_06443.jpg,94.10590153117661,15.139463123170216,27,178,0.0,0.0
sample_06444.jpg,144.4600904345126,21.193132638736405,0,222,0.000116439286615304,0.0
sample_06445.jpg,99.21267635700285,12.746368721236095,28,141,0.0,0.0
sample_06446.jpg,150.51483630576956,16.94221291403985,76,192,0.0,0.0
sample_06447.jpg,77.71796464126996,20.209873319896683,16,197,0.0,0.0
sample_06448.jpg,165.25183877040112,18.208812346288898,77,252,0.0,0.0
sample_06449.jpg,91.46756195540375,23.923264330260185,0,155,7.762619107686934e-05,0.0
sample_06450.jpg,74.61497409225873,15.741894308811293,25,113,0.0,0.0
sample_06451.jpg,135.97424751111024,16.054418525072037,68,225,0.0,0.0
sample_06452.jpg,127.80467309670283,19.910655021043464,0,224,1.9406547769217335e-05,0.0
sample_06453.jpg,131.011605115566,76.51928854059716,0,253,0.2267072910399969,0.0
sample_06454.jpg,139.7618234392284,17.869034934738814,0,187,3.881309553843467e-05,0.0
sample_06455.jpg,136.39905684177842,13.8665421491147,36,226,0.0,0.0
sample_06456.jpg,114.21677113858216,18.051635045260962,7,220,0.0,0.0
sample_06457.jpg,183.08866851675756,21.601462464563543,107,248,0.0,0.0
sample_06458.jpg,118.28935162723903,69.65335969876084,0,220,0.22375749577907586,0.0
sample_06459.jpg,117.79269925672922,16.03732959103311,37,201,0.0,0.0
sample_06460.jpg,136.44107201769876,20.451553742441128,0,255,0.0011255797706146054,1.9406547769217335e-05
sample_06461.jpg,160.57538473480952,16.46462638581408,74,254,0.0,0.0
sample_06462.jpg,190.66407265811486,52.28119874224518,0,255,0.046963845601505946,1.9406547769217335e-05
sample_06463.jpg,128.12061169438567,14.989471745121612,85,237,0.0,0.0
sample_06464.jpg,56.13064487958237,15.405651346091242,0,119,3.881309553843467e-05,0.0
sample_06465.jpg,132.72955035028818,15.279849204843307,71,190,0.0,0.0
sample_06466.jpg,124.36944244988258,18.136769814370318,0,231,0.00029109821653826003,0.0
sample_06467.jpg,128.6414058103204,18.23010639636077,0,250,0.00019406547769217333,0.0
sample_06468.jpg,77.32306080071416,16.438948585046983,17,182,0.0,0.0
sample_06469.jpg,67.59323875875721,36.337074377728605,0,174,0.17425139241980245,0.0
sample_06470.jpg,80.26000892701197,30.8814382200751,0,220,3.881309553843467e-05,0.0
sample_06471.jpg,129.57784936637623,14.4043257417708,52,200,0.0,0.0
sample_06472.jpg,137.93720041141881,11.06938345103527,72,195,0.0,0.0
sample_06473.jpg,140.99695317200025,17.06473202583809,3,222,0.0,0.0
sample_06474.jpg,118.74755962661803,18.28762835693267,70,200,0.0,0.0
sample_06475.jpg,35.88092142288808,26.118653824125076,0,140,0.16974907333734401,0.0
sample_06476.jpg,114.00001940654776,44.677119900425495,0,208,0.002775136330998079,0.0
sample_06477.jpg,125.81171767354306,16.588591836674066,14,195,0.0,0.0
sample_06478.jpg,123.83386054454773,16.26872943341992,39,219,0.0,0.0
sample_06479.jpg,30.57132876632576,16.556724766518975,0,212,0.025500203768751575,0.0
sample_06480.jpg,103.1572900696695,17.382900521204633,40,205,0.0,0.0
sample_06481.jpg,126.9254206369229,19.610148062497696,52,221,0.0,0.0
sample_06482.jpg,104.5214345320111,36.310301267542194,0,255,0.07298802616002639,0.0003299113120766947
sample_06483.jpg,131.35498457179452,19.05406918453738,36,189,0.0,0.0
sample_06484.jpg,17.81524966523705,10.787051499651989,0,54,0.00042694405092278136,0.0
sample_06485.jpg,143.35294688427877,18.401145222273307,77,218,0.0,0.0
sample_06486.jpg,141.9696287527412,14.629542386246445,92,203,0.0,0.0
sample_06487.jpg,86.61295581129073,22.60898394002298,1,151,0.0,0.0
sample_06488.jpg,150.219895592773,23.752514465434103,53,212,0.0,0.0
sample_06489.jpg,143.1231151390479,32.37912761956236,11,240,0.0,0.0
sample_06490.jpg,138.21942983562653,22.27994632412814,1,247,0.0,0.0
sample_06491.jpg,121.05779269925672,13.548887601699501,61,165,0.0,0.0
sample_06492.jpg,129.9390440334569,10.888691196883137,100,228,0.0,0.0
sample_06493.jpg,134.01758233227892,16.799081115499057,59,200,0.0,0.0
sample_06494.jpg,117.93883056143143,17.00907652732275,3,223,0.0,0.0
sample_06495.jpg,80.94236255312542,40.99000578642773,0,208,0.17615323410118575,0.0
sample_06496.jpg,137.22113761183024,18.622313690663873,26,251,0.0,0.0
sample_06497.jpg,162.49934988064973,13.029379088959987,100,222,0.0,0.0
sample_06498.jpg,52.07587960177764,27.13812688972166,0,161,0.12175668070406956,0.0
sample_06499.jpg,142.38970288575365,17.069500256600804,61,235,0.0,0.0
sample_06500.jpg,186.13928079333968,20.579731355304148,4,248,0.0,0.0
sample_06501.jpg,130.3273884608667,16.14121500872326,12,244,0.0,0.0
sample_06502.jpg,92.94925187758349,22.63465801547819,6,191,0.0,0.0
sample_06503.jpg,58.531273651730096,31.931376990504766,0,181,0.14539385588697626,0.0
sample_06504.jpg,69.27809582953289,15.863856881189541,0,255,7.762619107686934e-05,3.881309553843467e-05
sample_06505.jpg,124.14485047254944,14.326889853250757,18,207,0.0,0.0
sample_06506.jpg,121.115371926488,17.673665736179164,26,201,0.0,0.0
sample_06507.jpg,114.89462244561315,27.784834127775518,19,183,0.0,0.0
sample_06508.jpg,127.48900619068874,17.052159567003894,0,182,3.881309553843467e-05,0.0
sample_06509.jpg,119.28999204331541,20.22853364681424,31,247,0.0,0.0
sample_06510.jpg,156.10103048768656,18.168194560487013,7,243,0.0,0.0
sample_06511.jpg,118.00248403811446,14.480435327651314,69,174,0.0,0.0
sample_06512.jpg,74.32242038463778,8.812023347237066,35,135,0.0,0.0
sample_06513.jpg,115.9213840749869,14.966277194515884,41,190,0.0,0.0
sample_06514.jpg,197.8343845213375,19.144335761636043,89,250,0.0,0.0
sample_06515.jpg,59.53659104581886,17.344938378008145,0,158,0.000116439286615304,0.0
sample_06516.jpg,127.84750334762948,19.35406977136772,37,222,0.0,0.0
sample_06517.jpg,117.61493527916319,20.441082869693073,5,219,0.0,0.0
sample_06518.jpg,131.43018494440025,18.55757138556957,35,204,0.0,0.0
sample_06519.jpg,129.22934658153662,17.145738675099686,17,224,0.0,0.0
sample_06520.jpg,131.9856779677463,15.958452084914125,43,196,0.0,0.0
sample_06521.jpg,108.17215548526073,18.204496991144282,51,161,0.0,0.0
sample_06522.jpg,24.26577267169943,14.27404225823026,4,81,0.0,0.0
sample_06523.jpg,28.191620252673253,12.6072444929648,2,134,0.0,0.0
sample_06524.jpg,118.72174891808496,13.541017887905516,51,168,0.0,0.0
sample_06525.jpg,161.17376622872558,18.36380697696595,63,231,0.0,0.0
sample_06526.jpg,125.83143472607658,19.019926633736624,51,198,0.0,0.0
sample_06527.jpg,192.84822138989696,15.103372410394277,93,248,0.0,0.0
sample_06528.jpg,99.68464359875021,13.772476215191533,43,137,0.0,0.0
sample_06529.jpg,47.366919598672595,17.620579093955897,6,160,0.0,0.0
sample_06530.jpg,156.48691028352965,30.095508477486636,0,225,7.762619107686934e-05,0.0
sample_06531.jpg,168.86031166915717,15.432497439007209,54,234,0.0,0.0
sample_06532.jpg,70.88321139552485,13.401801448246607,23,126,0.0,0.0
sample_06533.jpg,85.58464165809544,15.22451988258505,53,193,0.0,0.0
sample_06534.jpg,139.41398047701296,14.01350388816685,89,211,0.0,0.0
sample_06535.jpg,154.02031865551436,22.53579234260271,0,237,0.0018436220380756466,0.0
sample_06536.jpg,116.76836344582662,35.346554794818324,0,190,0.06070368142211182,0.0
sample_06537.jpg,153.1747559626618,22.63943699917267,0,217,0.00027169166876904265,0.0
sample_06538.jpg,135.0038424964583,17.86227269832655,20,201,0.0,0.0
sample_06539.jpg,38.86529915193386,13.36047458262832,16,88,0.0,0.0
sample_06540.jpg,68.15577635894351,39.04373514849023,0,225,0.15106056783558772,0.0
sample_06541.jpg,130.98612431834502,14.888502582462962,52,230,0.0,0.0
sample_06542.jpg,81.56921345261891,16.428651436520614,45,187,0.0,0.0
sample_06543.jpg,106.23045275475945,17.04300381368069,22,185,0.0,0.0
sample_06544.jpg,176.69273612917,16.1265578345693,120,251,0.0,0.0
sample_06545.jpg,68.09763434182693,15.215504334592234,5,157,0.0,0.0
sample_06546.jpg,98.74127190514079,65.3375402888099,0,199,0.2812590968192668,0.0
sample_06547.jpg,150.19338624852026,20.572406070220566,12,250,0.0,0.0
sample_06548.jpg,147.24974286324206,15.304834034676373,99,212,0.0,0.0
sample_06549.jpg,72.96951231345456,66.33958472540961,0,224,0.3511808884317569,0.0
sample_06550.jpg,107.39643695782958,15.763040128784796,32,205,0.0,0.0
sample_06551.jpg,131.5666906014089,17.098094521380766,57,191,0.0,0.0
sample_06552.jpg,102.35970036290244,28.242083558050886,14,194,0.0,0.0
sample_06553.jpg,121.36004968076229,14.471189961500682,37,181,0.0,0.0
sample_06554.jpg,109.55351355547361,52.065406083428186,0,196,0.1511576005744338,0.0
sample_06555.jpg,130.5217450367754,21.479015177831023,38,207,0.0,0.0
sample_06556.jpg,92.91921054163674,12.825526990705503,25,191,0.0,0.0
sample_06557.jpg,136.1824603621262,14.64237561759505,88,185,0.0,0.0
sample_06558.jpg,148.47949698228183,10.952424811002189,86,179,0.0,0.0
sample_06559.jpg,51.307535562498785,16.40825732663234,0,88,1.9406547769217335e-05,0.0
sample_06560.jpg,122.91666828387898,16.052896181736028,38,200,0.0,0.0
sample_06561.jpg,133.64346290438394,22.71661997993286,0,255,7.762619107686934e-05,0.000174658929922956
sample_06562.jpg,68.9483009567428,41.20643439644154,0,208,0.22152574278561588,0.0
sample_06563.jpg,100.26949872887113,18.297265731902,0,182,0.00021347202546139068,0.0
sample_06564.jpg,128.59517941353414,19.74503369696284,62,220,0.0,0.0
sample_06565.jpg,92.71072599895204,13.383867533065526,29,198,0.0,0.0
sample_06566.jpg,126.53026451124609,19.6111815231082,25,216,0.0,0.0
sample_06567.jpg,125.06033495701449,45.09515544564041,0,232,0.08162393991732811,0.0
sample_06568.jpg,169.7847037590483,16.10925427174861,68,215,0.0,0.0
sample_06569.jpg,67.12606493430883,16.41090619174715,0,198,0.00038813095538434665,0.0
sample_06570.jpg,108.21098798734693,16.054031289333338,0,196,0.0038036833627665976,0.0
sample_06571.jpg,119.34859981757845,15.786860443769555,28,187,0.0,0.0
sample_06572.jpg,117.9617885074424,30.67987714389959,15,225,0.0,0.0
sample_06573.jpg,142.24116516912807,16.428760490431998,40,204,0.0,0.0
sample_06574.jpg,159.78317064177455,17.059692120862056,89,247,0.0,0.0
sample_06575.jpg,133.69263909643112,20.032353664699897,6,220,0.0,0.0
sample_06576.jpg,79.07745153214695,16.454275767617325,11,143,0.0,0.0
sample_06577.jpg,99.46096372916222,35.72763426308411,0,188,0.08177919229948184,0.0
sample_06578.jpg,131.0804401405034,39.586455475010624,0,228,0.05969454093811252,0.0
sample_06579.jpg,136.41619282345863,21.08000833298773,8,255,0.0,1.9406547769217335e-05
sample_06580.jpg,73.96157503541696,49.13002777242302,0,213,0.14405480409090027,0.0
sample_06581.jpg,164.91781327019737,14.186601369927196,99,247,0.0,0.0
sample_06582.jpg,153.6756971802286,17.2511944530807,35,202,0.0,0.0
sample_06583.jpg,176.31139746550485,15.03374258334193,127,238,0.0,0.0
sample_06584.jpg,97.32824234896854,22.503839520474244,9,206,0.0,0.0
sample_06585.jpg,86.42634244794193,20.712596113769777,53,208,0.0,0.0
sample_06586.jpg,144.49764210444604,14.101779147160414,93,203,0.0,0.0
sample_06587.jpg,125.23227697024976,23.800038371501667,53,184,0.0,0.0
sample_06588.jpg,186.10638669487085,17.221471129592548,1,246,0.0,0.0
sample_06589.jpg,120.27724194143104,19.418119095667947,37,211,0.0,0.0
sample_06590.jpg,155.97269498728872,17.145879590744467,1,218,0.0,0.0
sample_06591.jpg,109.25459450018437,14.599837392662248,53,163,0.0,0.0
sample_06592.jpg,156.4677172077859,19.819676787272112,75,218,0.0,0.0
sample_06593.jpg,114.50736478487842,76.00607368183314,0,204,0.28061868074288265,0.0
sample_06594.jpg,84.59158920219681,11.680668032328692,54,162,0.0,0.0
sample_06595.jpg,32.47534398105921,25.877921986314774,0,139,0.274757903316579,0.0
sample_06596.jpg,119.75790331657902,46.802958551603,0,213,0.10778396631023307,0.0
sample_06597.jpg,137.02513147936114,19.103934736975873,13,233,0.0,0.0
sample_06598.jpg,144.33639309903162,18.757475929846596,0,234,3.881309553843467e-05,0.0
sample_06599.jpg,130.14238584098274,13.859892204108284,22,218,0.0,0.0
sample_06600.jpg,119.4275650604514,27.855894536347517,0,204,0.02249218886452289,0.0
sample_06601.jpg,128.09383065846416,19.043557773723304,19,205,0.0,0.0
sample_06602.jpg,174.33439422461137,32.78703400921145,25,248,0.0,0.0
sample_06603.jpg,169.78594577810554,13.568143901932798,100,243,0.0,0.0
sample_06604.jpg,139.43631741349532,15.888679624934346,56,215,0.0,0.0
sample_06605.jpg,89.04368413902851,14.58134252482845,13,131,0.0,0.0
sample_06606.jpg,152.0580643909255,79.04624667091214,0,251,0.18509965262279493,0.0
sample_06607.jpg,127.79735682819383,16.195292173920578,0,240,0.000465757146461216,0.0
sample_06608.jpg,115.57158105144676,12.97787055601782,80,214,0.0,0.0
sample_06609.jpg,125.35727454443129,17.41387602407737,13,194,0.0,0.0
sample_06610.jpg,96.85788585068602,14.87778248049397,49,166,0.0,0.0
sample_06611.jpg,79.67565836713307,20.612872993949193,17,251,0.0,0.0
sample_06612.jpg,92.54565390362708,49.9178666849088,0,175,0.19169787886432882,0.0
sample_06613.jpg,39.26652952706243,21.97146510901283,0,93,0.13951367191290343,0.0
sample_06614.jpg,38.70566088998428,17.055149433457515,0,200,0.00021347202546139068,0.0
sample_06615.jpg,104.17297056026703,16.838022888554374,48,168,0.0,0.0
sample_06616.jpg,139.09454870073162,19.723258242306652,23,244,0.0,0.0
sample_06617.jpg,63.04457684022589,47.08536199862211,0,178,0.19204719672417472,0.0
sample_06618.jpg,201.63418657455026,16.45662885800571,107,255,0.0,5.8219643307652e-05
sample_06619.jpg,137.81526907178483,16.59549105152274,85,255,0.0,0.0014748976304605173
sample_06620.jpg,87.8307360903569,53.9413351452882,0,180,0.23864231791806556,0.0
sample_06621.jpg,101.05105862718081,28.09097933303211,30,174,0.0,0.0
sample_06622.jpg,143.6681480331464,12.247749242709464,73,192,0.0,0.0
sample_06623.jpg,146.9672805604611,16.475918651735267,71,206,0.0,0.0
sample_06624.jpg,63.525781598711404,17.027222143232922,0,130,9.703273884608666e-05,0.0
sample_06625.jpg,87.60608589338042,22.00977446432428,0,163,0.014516097731374565,0.0
sample_06626.jpg,141.13943604572182,22.00972368601835,0,215,1.9406547769217335e-05,0.0
sample_06627.jpg,151.70738807273574,17.42378907940781,85,221,0.0,0.0
sample_06628.jpg,92.2482679656116,18.508497412484065,3,200,0.0,0.0
sample_06629.jpg,99.81416289856197,14.952825755593283,41,190,0.0,0.0
sample_06630.jpg,124.64868326573387,15.580467816309696,41,199,0.0,0.0
sample_06631.jpg,168.8508994934891,20.630964566929833,58,242,0.0,0.0
sample_06632.jpg,125.89865900754914,26.30095141548401,0,255,0.00021347202546139068,3.881309553843467e-05
sample_06633.jpg,134.48432921267636,19.26708154165403,61,193,0.0,0.0
sample_06634.jpg,132.1593665702808,14.485074057327106,84,216,0.0,0.0
sample_06635.jpg,115.92652681014575,14.776952297705481,55,180,0.0,0.0
sample_06636.jpg,111.94969822818219,19.579448472718187,22,200,0.0,0.0
sample_06637.jpg,127.84022589221604,35.838211595806705,0,197,0.0015913369170758214,0.0
sample_06638.jpg,113.1555240738225,13.355026169277089,41,157,0.0,0.0
sample_06639.jpg,95.92802111432397,18.38046378884376,38,188,0.0,0.0
sample_06640.jpg,41.152632498204895,16.175323980987788,13,126,0.0,0.0
sample_06641.jpg,75.46523316967145,13.556678748546403,29,136,0.0,0.0
sample_06642.jpg,107.80779755089367,20.194491087848508,47,191,0.0,0.0
sample_06643.jpg,99.57181393001999,16.56391326652151,49,203,0.0,0.0
sample_06644.jpg,125.7387490539308,21.076022946167686,0,255,0.00013584583438452133,7.762619107686934e-05
sample_06645.jpg,136.35977798909352,14.83375310721161,55,194,0.0,0.0
sample_06646.jpg,128.08014904228688,19.787281600006605,32,224,0.0,0.0
sample_06647.jpg,151.4301461313047,14.222411398509935,61,226,0.0,0.0
sample_06648.jpg,131.62209629529002,25.661363583361737,0,255,0.0009509208406916494,0.000232878573230608
sample_06649.jpg,119.47870131382328,16.48710467595849,37,203,0.0,0.0
sample_06650.jpg,127.40276349240234,13.431875580785592,79,186,0.0,0.0
sample_06651.jpg,91.99609928389839,22.657511107831485,16,164,0.0,0.0
sample_06652.jpg,82.343592928254,18.02490384532203,3,189,0.0,0.0
sample_06653.jpg,138.05309631469657,18.000440269068964,0,221,1.9406547769217335e-05,0.0
sample_06654.jpg,170.02142482873722,42.66478962617282,0,243,0.039861049117972405,0.0
sample_06655.jpg,150.63412835490695,17.42601052908527,69,245,0.0,0.0
sample_06656.jpg,83.20295367657047,14.763581914201733,32,142,0.0,0.0
sample_06657.jpg,154.1117040889596,23.138152070152984,0,252,0.0006016029808457373,0.0
sample_06658.jpg,130.98140852723708,14.537718719467732,61,190,0.0,0.0
sample_06659.jpg,133.72566904073435,18.29181096283736,0,240,0.00015525238215373868,0.0
sample_06660.jpg,169.527664033845,16.355115948042876,67,198,0.0,0.0
sample_06661.jpg,106.01767936501776,55.23623418346093,0,186,0.19489995924624967,0.0
sample_06662.jpg,134.91705641483438,15.818892855440398,77,199,0.0,0.0
sample_06663.jpg,112.6859826505463,14.874271662352557,6,240,0.0,0.0
sample_06664.jpg,133.23998136971414,14.094073495284029,0,205,5.8219643307652e-05,0.0
sample_06665.jpg,143.8331230957325,16.421926684082848,56,190,0.0,0.0
sample_06666.jpg,131.35339323487744,19.038525688841624,68,174,0.0,0.0
sample_06667.jpg,126.48137941741544,19.309387858259814,0,255,0.0010091404839993013,3.881309553843467e-05
sample_06668.jpg,132.7460653224398,15.933014084486818,75,195,0.0,0.0
sample_06669.jpg,123.69100894641852,15.534215415010014,23,235,0.0,0.0
sample_06670.jpg,79.78346173999107,17.909922222589064,0,232,0.00036872440761512933,0.0
sample_06671.jpg,96.01979467872461,43.9210825874264,0,174,0.14015408798928758,0.0
sample_06672.jpg,55.68460478565468,14.35486074990989,5,114,0.0,0.0
sample_06673.jpg,66.22680432377884,31.939702943997894,0,192,0.11096664014438472,0.0
sample_06674.jpg,196.69673387801043,13.382740678584685,107,253,0.0,0.0
sample_06675.jpg,138.7673737118904,33.443999846733426,0,215,0.021075510877370026,0.0
sample_06676.jpg,134.48782239127482,17.30426566068358,0,254,3.881309553843467e-05,0.0
sample_06677.jpg,111.35046284616429,15.468338584449235,52,201,0.0,0.0
sample_06678.jpg,94.47796386500805,19.677485201564824,18,167,0.0,0.0
sample_06679.jpg,137.47330629354343,20.199000044616984,0,241,0.00021347202546139068,0.0
sample_06680.jpg,96.53816297618816,53.168016318611095,0,191,0.18969900444409943,0.0
sample_06681.jpg,149.9621766383978,19.174514378084144,26,249,0.0,0.0
sample_06682.jpg,142.1316346135186,76.75244898633274,0,226,0.19208600981971316,0.0
sample_06683.jpg,137.67534786236877,26.81880143973059,16,200,0.0,0.0
sample_06684.jpg,106.79289332220691,14.598232114330646,30,163,0.0,0.0
sample_06685.jpg,129.47450949950513,29.367575934308924,0,209,0.026392904966135573,0.0
sample_06686.jpg,195.64627685381046,14.612817348763873,120,253,0.0,0.0
sample_06687.jpg,116.48768654544043,38.32398507006275,3,200,0.0,0.0
sample_06688.jpg,172.42735158842592,19.790816578994967,111,208,0.0,0.0
sample_06689.jpg,101.19926643249433,25.546772426395215,0,235,7.762619107686934e-05,0.0
sample_06690.jpg,114.3778842981622,12.401266679668847,63,177,0.0,0.0
sample_06691.jpg,43.86308680548817,20.347105870207233,0,166,0.07543325117894778,0.0
sample_06692.jpg,36.087154806031556,24.348106327591918,0,137,0.20528246230278097,0.0
sample_06693.jpg,139.13204215102175,13.469580346032219,78,194,0.0,0.0
sample_06694.jpg,113.78379165130315,25.370385681241014,22,180,0.0,0.0
sample_06695.jpg,116.97110365037163,25.144269234304705,51,190,0.0,0.0
sample_06696.jpg,102.43424091288401,16.519624918235163,2,236,0.0,0.0
sample_06697.jpg,66.29041898736634,20.438377564096943,0,253,0.0007762619107686933,0.0
sample_06698.jpg,124.55745308467077,17.161006632972548,14,180,0.0,0.0
sample_06699.jpg,107.37823361602204,17.93292579609405,43,229,0.0,0.0
sample_06700.jpg,90.82897009450988,52.549578887479115,0,255,0.21960449455646336,3.881309553843467e-05
sample_06701.jpg,81.73071474315434,18.591154644796084,22,199,0.0,0.0
sample_06702.jpg,109.89204137475984,22.50532805188685,21,215,0.0,0.0
sample_06703.jpg,127.88057210502824,16.859578778458694,38,191,0.0,0.0
sample_06704.jpg,123.02658697044383,16.48882352754634,0,207,3.881309553843467e-05,0.0
sample_06705.jpg,135.4645539404995,16.160408232094746,28,242,0.0,0.0
sample_06706.jpg,71.0170195423936,12.955094117022918,41,158,0.0,0.0
sample_06707.jpg,78.97354887539056,13.9642441762171,23,151,0.0,0.0
sample_06708.jpg,141.6165072095325,13.809992188242296,26,210,0.0,0.0
sample_06709.jpg,82.73661433367619,48.03696319200921,0,166,0.2217974344543849,0.0
sample_06710.jpg,122.64683964369578,60.949083040141836,0,226,0.16809951677696056,0.0
sample_06711.jpg,74.90578121058044,25.351921736254894,1,159,0.0,0.0
sample_06712.jpg,62.85377166255895,18.76709124560608,12,178,0.0,0.0
sample_06713.jpg,116.7060296143919,19.835102467273135,14,242,0.0,0.0
sample_06714.jpg,134.33767393118438,21.013492214400763,0,245,0.000174658929922956,0.0
sample_06715.jpg,193.00663703933708,14.69992878976626,145,255,0.0,3.881309553843467e-05
sample_06716.jpg,144.3635040462652,23.605392252146505,0,252,0.000174658929922956,0.0
sample_06717.jpg,75.15523297560597,12.471337855887814,33,121,0.0,0.0
sample_06718.jpg,115.71693609423819,18.221805053057054,43,195,0.0,0.0
sample_06719.jpg,211.3829882202255,13.952372060968418,88,253,0.0,0.0
sample_06720.jpg,126.90023093791845,15.13497533066541,67,202,0.0,0.0
sample_06721.jpg,143.36625977604845,13.92090738940272,87,190,0.0,0.0
sample_06722.jpg,177.45426847018183,17.459874616828994,89,251,0.0,0.0
sample_06723.jpg,43.94397329659027,35.27923098441985,0,131,0.000116439286615304,0.0
sample_06724.jpg,52.28325797123949,15.899224376218228,21,171,0.0,0.0
sample_06725.jpg,32.39474858817365,20.39922694786266,0,76,0.10444604009392769,0.0
sample_06726.jpg,83.4846785305362,19.356561585801416,35,162,0.0,0.0
sample_06727.jpg,188.29746356420657,18.29174434666956,121,225,0.0,0.0
sample_06728.jpg,70.08327349647772,41.840498215394504,0,197,0.19889770808670845,0.0
sample_06729.jpg,93.7142191775505,55.99568873731293,0,248,0.23326670418599235,0.0
sample_06730.jpg,132.1715926953754,74.0052916062641,0,227,0.21205534747423782,0.0
sample_06731.jpg,79.53381590948786,17.29476892900244,8,191,0.0,0.0
sample_06732.jpg,52.576859632439984,26.46497974994005,0,174,0.10124395971200684,0.0
sample_06733.jpg,134.5068796211842,35.943680140462874,2,221,0.0,0.0
sample_06734.jpg,138.5991577558268,82.43975458696534,0,255,0.24023365483514136,1.9406547769217335e-05
sample_06735.jpg,121.56952395738323,18.683411548037753,19,200,0.0,0.0
sample_06736.jpg,103.53944380834093,16.06344284076771,7,204,0.0,0.0
sample_06737.jpg,109.42531390091017,14.553589233820949,55,172,0.0,0.0
sample_06738.jpg,136.49251877583498,22.852523588117723,1,255,0.0,0.000989733936230084
sample_06739.jpg,81.43961652661608,35.08599272056329,0,233,0.03487356634128355,0.0
sample_06740.jpg,172.55285373284946,15.53994108494274,114,234,0.0,0.0
sample_06741.jpg,150.70395311378059,49.72915773008965,0,221,0.07073686661879718,0.0
sample_06742.jpg,123.33297754662424,21.226334902501144,40,179,0.0,0.0
sample_06743.jpg,151.19193075743755,19.20309633025566,0,236,0.00015525238215373868,0.0
sample_06744.jpg,50.29505715228318,11.326192476374844,19,78,0.0,0.0
sample_06745.jpg,195.0496807622892,17.155719459918867,4,255,0.0,5.8219643307652e-05
sample_06746.jpg,126.75312930582778,20.516259224888113,26,238,0.0,0.0
sample_06747.jpg,98.66793456112092,14.942768309604274,0,223,1.9406547769217335e-05,0.0
sample_06748.jpg,68.80706010207844,14.087668904920228,14,122,0.0,0.0
sample_06749.jpg,175.50821867298026,19.84575619317446,27,250,0.0,0.0
sample_06750.jpg,190.80112169846106,17.43332718894541,3,255,0.0,1.9406547769217335e-05
sample_06751.jpg,130.01610743464846,19.519050104532173,0,220,5.8219643307652e-05,0.0
sample_06752.jpg,152.8837547788624,17.333078012200772,0,193,0.002095907159075472,0.0
sample_06753.jpg,106.2336354285936,17.34478565609678,74,184,0.0,0.0
sample_06754.jpg,153.76172640648954,51.689003100529,0,222,0.08327349647771158,0.0
sample_06755.jpg,124.43693842302393,18.278232909031647,0,242,7.762619107686934e-05,0.0
sample_06756.jpg,157.6038929534825,15.94240812603849,90,196,0.0,0.0
sample_06757.jpg,157.24869490966253,17.770260031985778,76,247,0.0,0.0
sample_06758.jpg,119.2577189543752,15.207538169744122,41,190,0.0,0.0
sample_06759.jpg,136.37299384812437,14.487276308479382,71,243,0.0,0.0
sample_06760.jpg,127.54283995420055,15.272191700254785,0,200,1.9406547769217335e-05,0.0
sample_06761.jpg,75.6284228298628,43.47953447475829,0,188,0.19115449552679073,0.0
sample_06762.jpg,129.03469890741135,14.89901053821447,72,230,0.0,0.0
sample_06763.jpg,124.06229501833919,16.758468944845884,58,235,0.0,0.0
sample_06764.jpg,54.110908420501076,14.989608825098458,0,150,0.0006016029808457373,0.0
sample_06765.jpg,141.50299831163034,25.754119972257595,0,243,0.011081138776223097,0.0
sample_06766.jpg,122.17256302276388,19.315334311478008,60,230,0.0,0.0
sample_06767.jpg,99.32731083467561,12.313043723255408,30,147,0.0,0.0
sample_06768.jpg,170.4309029866677,15.555789191977368,75,225,0.0,0.0
sample_06769.jpg,109.64220147877894,17.784908777882965,28,203,0.0,0.0
sample_06770.jpg,146.69545304585768,17.235386407015408,43,206,0.0,0.0
sample_06771.jpg,95.23053038095053,17.800861373453728,0,238,1.9406547769217335e-05,0.0
sample_06772.jpg,89.8133866366512,21.160795370802834,13,159,0.0,0.0
sample_06773.jpg,145.7057773292709,12.896067995290583,60,193,0.0,0.0
sample_06774.jpg,91.71732422519358,18.153255807084562,0,144,0.009315142929224321,0.0
sample_06775.jpg,97.70713578761475,58.0694685338796,0,232,0.23190824584214714,0.0
sample_06776.jpg,131.3350734537833,16.50580822296169,43,201,0.0,0.0
sample_06777.jpg,104.14032874691921,45.53446407285246,0,213,3.881309553843467e-05,0.0
sample_06778.jpg,98.28102621824604,18.385729186866712,0,215,1.9406547769217335e-05,0.0
sample_06779.jpg,156.4525412874304,19.337058569166228,89,209,0.0,0.0
sample_06780.jpg,74.43501717479478,18.17079674409562,32,169,0.0,0.0
sample_06781.jpg,109.71412214481165,49.83584256382709,0,211,0.13093597779890936,0.0
sample_06782.jpg,90.21993440586854,17.515707947609258,12,183,0.0,0.0
sample_06783.jpg,160.9457975120806,16.799790137928454,0,243,3.881309553843467e-05,0.0
sample_06784.jpg,114.19849017058355,74.45448589495278,0,229,0.27087659376273554,0.0
sample_06785.jpg,132.68406140231716,13.347731579515878,99,196,0.0,0.0
sample_06786.jpg,81.05468765161365,16.09358118014389,0,189,3.881309553843467e-05,0.0
sample_06787.jpg,62.6867977255526,17.14440452799197,3,135,0.0,0.0
sample_06788.jpg,143.72555260144773,16.772009192625106,58,244,0.0,0.0
sample_06789.jpg,63.719614197830346,45.69720311577464,0,207,0.28201595218226627,0.0
sample_06790.jpg,140.90809058976498,15.9261835217085,40,194,0.0,0.0
sample_06791.jpg,114.11046206990238,58.90037250567756,0,255,0.16980729298065167,5.8219643307652e-05
sample_06792.jpg,96.91645481185351,17.361359981053376,3,236,0.0,0.0
sample_06793.jpg,147.88901395330785,18.056026983773645,38,233,0.0,0.0
sample_06794.jpg,81.07770381726795,47.474264158768335,0,232,0.21143433794562286,0.0
sample_06795.jpg,145.60967610471772,12.184335903271744,92,202,0.0,0.0
sample_06796.jpg,53.89110986046692,28.782047477710826,0,169,0.09266626559801278,0.0
sample_06797.jpg,106.90937142191775,80.4041706250037,0,220,0.335383958547614,0.0
sample_06798.jpg,116.16154010363097,24.493872741209984,54,155,0.0,0.0
sample_06799.jpg,142.28209357837335,19.972838339539965,30,206,0.0,0.0
sample_06800.jpg,55.09986609482039,15.042113308886396,1,104,0.0,0.0
sample_06801.jpg,57.12876244444876,15.1640531472777,2,157,0.0,0.0
sample_06802.jpg,128.22383512197015,13.38626430890204,14,202,0.0,0.0
sample_06803.jpg,146.96724174736556,17.409035452903343,0,249,5.8219643307652e-05,0.0
sample_06804.jpg,123.3534902676163,12.916763950320844,69,234,0.0,0.0
sample_06805.jpg,81.8668516757554,17.489205088212064,27,208,0.0,0.0
sample_06806.jpg,121.15534941489258,15.132493585820429,35,235,0.0,0.0
sample_06807.jpg,74.1189621378253,59.37656708811729,0,213,0.3592151992082129,0.0
sample_06808.jpg,153.13976595703392,15.87521409095107,27,232,0.0,0.0
sample_06809.jpg,131.7214772264162,17.628682661759342,18,249,0.0,0.0
sample_06810.jpg,69.33912942226708,17.907222236497933,1,144,0.0,0.0
sample_06811.jpg,98.75427429214616,13.868611488539925,66,188,0.0,0.0
sample_06812.jpg,97.19305633720818,62.45191338063888,0,215,0.2622988996487415,0.0
sample_06813.jpg,65.87232432222632,17.393011671592955,7,168,0.0,0.0
sample_06814.jpg,70.87147043412448,16.317098403165122,36,195,0.0,0.0
sample_06815.jpg,96.2389334161346,45.04040252149474,0,213,0.14335616837120846,0.0
sample_06816.jpg,81.17692949601195,43.28950151578421,0,185,0.16544081973257777,0.0
sample_06817.jpg,189.01694191620254,14.434345536601992,139,225,0.0,0.0
sample_06818.jpg,121.45582099400337,16.135395270795108,38,182,0.0,0.0
sample_06819.jpg,67.53237982495294,30.339524705955764,0,159,0.11735139436045722,0.0
sample_06820.jpg,128.22144811659453,72.696914860096,0,255,0.1436472665877467,1.9406547769217335e-05
sample_06821.jpg,100.49756447825496,19.521736004900674,6,194,0.0,0.0
sample_06822.jpg,131.32079023462515,17.87307210483808,55,202,0.0,0.0
sample_06823.jpg,65.0253449513866,12.93077757987313,7,128,0.0,0.0
sample_06824.jpg,146.02505385317005,19.225743970490168,81,210,0.0,0.0
sample_06825.jpg,76.03825030565312,17.233237843583908,14,129,0.0,0.0
sample_06826.jpg,94.27755244619534,60.783004428649434,0,245,0.2697510139921209,0.0
sample_06827.jpg,160.89512701585514,13.406622677289127,95,233,0.0,0.0
sample_06828.jpg,139.62708377806672,13.88324159452917,2,228,0.0,0.0
sample_06829.jpg,80.2166158862,49.59552406387392,0,242,0.23408177919229947,0.0
sample_06830.jpg,109.9845523879757,18.278388118587507,25,198,0.0,0.0
sample_06831.jpg,130.87172271924547,31.574604018372142,0,225,0.02452987638029071,0.0
sample_06832.jpg,113.50196976459857,17.25341520733822,59,181,0.0,0.0
sample_06833.jpg,173.16311203400028,19.209455070580276,93,255,0.0,1.9406547769217335e-05
sample_06834.jpg,128.09221991499933,18.961598928002356,30,211,0.0,0.0
sample_06835.jpg,26.51400182421549,16.626679461155554,0,70,0.1778027906615692,0.0
sample_06836.jpg,126.07011585709019,21.497349453433376,0,250,7.762619107686934e-05,0.0
sample_06837.jpg,75.90236565817307,58.55046934806629,0,198,0.3454171437442993,0.0
sample_06838.jpg,101.05098100098974,15.982714634524308,36,165,0.0,0.0
sample_06839.jpg,191.48005977216712,26.800478932453185,0,254,0.006908731005841371,0.0
sample_06840.jpg,146.86954918589532,13.667858696324464,71,200,0.0,0.0
sample_06841.jpg,86.33125036387277,20.0135406468893,0,145,0.000116439286615304,0.0
sample_06842.jpg,134.7780279066157,13.795709025549513,8,191,0.0,0.0
sample_06843.jpg,115.69504550835453,16.288443611188285,20,192,0.0,0.0
sample_06844.jpg,97.68161617729822,14.35162552242899,47,164,0.0,0.0
sample_06845.jpg,108.4026664596635,18.229929777292107,25,216,0.0,0.0
sample_06846.jpg,86.71478196743581,14.90996294768401,26,184,0.0,0.0
sample_06847.jpg,101.72403889072173,16.27907859170157,44,210,0.0,0.0
sample_06848.jpg,104.3807176541365,19.717582894009922,25,214,0.0,0.0
sample_06849.jpg,154.1832172174892,19.419351284159156,28,234,0.0,0.0
sample_06850.jpg,74.12975217838499,31.492205066212403,7,166,0.0,0.0
sample_06851.jpg,74.24850084418483,52.845085461539085,0,164,0.30895224048593994,0.0
sample_06852.jpg,155.6514972151604,17.792429415043742,108,203,0.0,0.0
sample_06853.jpg,104.84045877078927,11.024731786743908,49,150,0.0,0.0
sample_06854.jpg,89.46771720778591,57.500733106791046,0,203,0.2635603252537406,0.0
sample_06855.jpg,97.62260086553204,14.325871790384092,27,226,0.0,0.0
sample_06856.jpg,49.11857400686992,21.11425735069564,0,136,0.008500067922917192,0.0
sample_06857.jpg,83.26460827883328,28.612993405217487,0,238,5.8219643307652e-05,0.0
sample_06858.jpg,99.79314560732792,16.779604494653675,9,222,0.0,0.0
sample_06859.jpg,134.55091307807254,22.9514000856131,0,190,0.00038813095538434665,0.0
sample_06860.jpg,73.33800384249646,16.003178711511698,21,154,0.0,0.0
sample_06861.jpg,176.80164567525082,18.79912145147878,0,248,7.762619107686934e-05,0.0
sample_06862.jpg,133.72190417046713,29.977361122598634,0,228,0.0018824351336140814,0.0
sample_06863.jpg,113.15463137262512,51.86704705595398,0,172,0.11601234256438123,0.0
sample_06864.jpg,122.95216285974888,20.34576005200967,36,244,0.0,0.0
sample_06865.jpg,128.4710551340022,19.264658720120536,56,233,0.0,0.0
sample_06866.jpg,168.55795765491277,13.913255102096725,94,244,0.0,0.0
sample_06867.jpg,130.7691979273807,12.635233713439323,38,183,0.0,0.0
sample_06868.jpg,143.96698946224456,15.973805704621427,40,217,0.0,0.0
sample_06869.jpg,139.30963146965786,16.38787411044755,25,248,0.0,0.0
sample_06870.jpg,126.5092666265598,19.50255730439875,51,216,0.0,0.0
sample_06871.jpg,68.0119156203303,18.603042115618194,24,210,0.0,0.0
sample_06872.jpg,154.5326709231695,16.04118182133149,102,210,0.0,0.0
sample_06873.jpg,142.93166954530457,13.07263538430689,86,223,0.0,0.0
sample_06874.jpg,88.896485474199,19.138769360784263,0,255,0.00015525238215373868,0.0002522851209998253
sample_06875.jpg,144.14166779871528,12.036314398966338,10,212,0.0,0.0
sample_06876.jpg,105.37192648799704,12.284888809402975,53,147,0.0,0.0
sample_06877.jpg,120.9341147703235,12.78388086915541,53,171,0.0,0.0
sample_06878.jpg,131.92815696015836,17.585037916414493,0,246,3.881309553843467e-05,0.0
sample_06879.jpg,121.27741660036097,19.659381555763005,34,234,0.0,0.0
sample_06880.jpg,58.401269188224106,19.587482401876404,20,187,0.0,0.0
sample_06881.jpg,135.56059694540937,15.966274103595648,53,203,0.0,0.0
sample_06882.jpg,128.71703312697704,18.156595454800314,3,187,0.0,0.0
sample_06883.jpg,82.73129693958742,34.425153338670754,0,225,0.05290224921888645,0.0
sample_06884.jpg,119.35504279143782,22.98654415888538,0,214,0.00807312387199441,0.0
sample_06885.jpg,116.8282714587902,18.79061728396939,22,196,0.0,0.0
sample_06886.jpg,87.78751770847484,51.65270779599936,0,203,0.2115895903277766,0.0
sample_06887.jpg,36.98965631003901,26.34747422329215,0,140,0.21038638436608512,0.0
sample_06888.jpg,144.5265966737177,15.869264808132574,41,255,0.0,1.9406547769217335e-05
sample_06889.jpg,111.08577694113994,14.455657575474628,38,187,0.0,0.0
sample_06890.jpg,115.94527353529081,15.335919603195507,59,192,0.0,0.0
sample_06891.jpg,82.46067263094568,18.031843074148394,1,169,0.0,0.0
sample_06892.jpg,189.35145258010053,17.069662730691885,24,225,0.0,0.0
sample_06893.jpg,135.33059054124863,17.456510303804684,19,240,0.0,0.0
sample_06894.jpg,134.27446680510005,15.007049528872182,50,192,0.0,0.0
sample_06895.jpg,162.72000232878574,17.58543970238677,26,219,0.0,0.0
sample_06896.jpg,182.08172097265617,23.12811028588944,5,243,0.0,0.0
sample_06897.jpg,115.19722874497856,18.19842533805008,10,255,0.0,0.00038813095538434665
sample_06898.jpg,115.19522987055832,14.901944889434679,50,184,0.0,0.0
sample_06899.jpg,99.07211473151041,16.202968966679062,4,234,0.0,0.0
sample_06900.jpg,113.39139125540957,14.873786653497007,54,170,0.0,0.0
sample_06901.jpg,17.91319451182829,16.068450098639932,0,72,0.2507908168215956,0.0
sample_06902.jpg,174.27419511343126,17.894490515298774,118,220,0.0,0.0
sample_06903.jpg,119.57278425740844,15.60426750869655,42,183,0.0,0.0
sample_06904.jpg,121.27469968367328,19.013417252824045,56,214,0.0,0.0
sample_06905.jpg,182.28385957422034,16.460555641354308,78,248,0.0,0.0
sample_06906.jpg,114.70061518756428,16.352963110154363,61,177,0.0,0.0
sample_06907.jpg,98.84884239942556,14.591683383361813,39,160,0.0,0.0
sample_06908.jpg,94.14345320111005,15.272595725939569,13,155,0.0,0.0
sample_06909.jpg,92.86731743290186,16.272005433494208,17,213,0.0,0.0
sample_06910.jpg,93.39302140542219,14.560702614767868,14,179,0.0,0.0
sample_06911.jpg,139.29651264336587,12.810804904398108,89,196,0.0,0.0
sample_06912.jpg,111.82388557899435,17.2513627353431,43,175,0.0,0.0
sample_06913.jpg,122.28323856469173,13.508551182762488,66,182,0.0,0.0
sample_06914.jpg,165.53468920413746,69.64710399534036,0,255,0.12356148964660676,0.000116439286615304
sample_06915.jpg,151.10139921209415,17.703841848783394,29,239,0.0,0.0
sample_06916.jpg,133.66277241941432,21.396941960843655,0,255,0.000232878573230608,3.881309553843467e-05
sample_06917.jpg,156.80265481573483,51.992467511414226,0,254,0.0014360845349220828,0.0
sample_06918.jpg,157.73273302412233,20.54931800987672,47,242,0.0,0.0
sample_06919.jpg,127.29998641541656,14.115192454835224,63,194,0.0,0.0
sample_06920.jpg,110.03229249548798,18.925518388532208,9,227,0.0,0.0
sample_06921.jpg,155.7135205418308,12.518627848274905,107,206,0.0,0.0
sample_06922.jpg,96.93230996138097,17.766454775048174,0,170,1.9406547769217335e-05,0.0
sample_06923.jpg,177.04275262473558,16.804028602750847,126,224,0.0,0.0
sample_06924.jpg,84.86283452036717,30.17937296998234,0,145,0.08928952628616896,0.0
sample_06925.jpg,104.56579790021154,42.42242102049508,0,195,0.07333734401987231,0.0
sample_06926.jpg,192.17068058763027,14.936438824665798,51,253,0.0,0.0
sample_06927.jpg,108.97160822061363,15.526122496770354,22,151,0.0,0.0
sample_06928.jpg,196.6068039356479,13.566996373776682,51,244,0.0,0.0
sample_06929.jpg,150.25042209241397,18.566510099523253,0,191,0.00042694405092278136,0.0
sample_06930.jpg,116.38100875235304,13.582236270141449,0,172,3.881309553843467e-05,0.0
sample_06931.jpg,196.02136660909392,14.842959421159344,148,255,0.0,0.000232878573230608
sample_06932.jpg,24.891323332492384,18.803635099178056,0,112,0.19249354732286675,0.0
sample_06933.jpg,117.00304682799977,45.56851968894166,0,243,0.10256360496031361,0.0
sample_06934.jpg,122.29166100642357,14.508665697588114,71,174,0.0,0.0
sample_06935.jpg,131.11490616934154,16.91095996891996,69,201,0.0,0.0
sample_06936.jpg,91.8120669914029,15.913024860157151,30,165,0.0,0.0
sample_06937.jpg,134.03667837528383,12.894436934938154,35,189,0.0,0.0
sample_06938.jpg,125.97120068311048,25.283109764898672,11,209,0.0,0.0
sample_06939.jpg,118.08288536552233,17.45550062470594,0,197,0.0002522851209998253,0.0
sample_06940.jpg,191.11539133303577,16.73652749237815,87,235,0.0,0.0
sample_06941.jpg,100.03508703836674,35.37733887031531,0,170,0.0794892196627142,0.0
sample_06942.jpg,58.25119835432475,18.26579430950377,23,201,0.0,0.0
sample_06943.jpg,63.448873449901996,19.00173760178189,20,187,0.0,0.0
sample_06944.jpg,93.08274951968794,73.2115706632878,0,207,0.3475906770944517,0.0
sample_06945.jpg,116.19301752411263,16.95768629865884,49,204,0.0,0.0
sample_06946.jpg,165.14219177550507,22.986897759954815,0,229,0.00027169166876904265,0.0
sample_06947.jpg,130.57107648120476,17.713712772385378,0,225,0.00013584583438452133,0.0
sample_06948.jpg,99.73539172116672,19.57040069798156,19,188,0.0,0.0
sample_06949.jpg,76.08294358516564,21.60000056562764,0,195,0.000116439286615304,0.0
sample_06950.jpg,79.91354382968814,15.42849760201478,7,167,0.0,0.0
sample_06951.jpg,138.62669564711135,64.31507043751381,0,213,0.15107997438335694,0.0
sample_06952.jpg,160.92990354945758,15.192077415580354,63,228,0.0,0.0
sample_06953.jpg,182.54813794174154,16.32243117528926,128,241,0.0,0.0
sample_06954.jpg,174.45923654641075,15.793863063518296,92,208,0.0,0.0
sample_06955.jpg,97.62840342331502,14.566284748552636,29,150,0.0,0.0
sample_06956.jpg,94.56601137223699,20.732376350605573,0,209,0.001863028585844864,0.0
sample_06957.jpg,69.41724077703817,40.65981865168151,0,139,0.2158396242892352,0.0
sample_06958.jpg,115.34512604552776,52.07720580189514,0,206,0.11795299734130296,0.0
sample_06959.jpg,93.59143394981467,16.439421054089333,60,130,0.0,0.0
sample_06960.jpg,86.54767218459509,20.942436204333383,0,210,0.00021347202546139068,0.0
sample_06961.jpg,128.73857439500088,12.15308511618016,86,197,0.0,0.0
sample_06962.jpg,96.70812552155097,19.513195947387036,34,167,0.0,0.0
sample_06963.jpg,178.9409846882338,46.14250714640376,0,251,0.00019406547769217333,0.0
sample_06964.jpg,168.700556967921,23.204938371392018,44,250,0.0,0.0
sample_06965.jpg,144.53752256011177,16.76460163209213,46,255,0.0,5.8219643307652e-05
sample_06966.jpg,112.7923887519649,14.672766902951162,41,171,0.0,0.0
sample_06967.jpg,138.01080944710745,20.705152767027332,3,232,0.0,0.0
sample_06968.jpg,148.10473713831047,14.018959650059012,102,241,0.0,0.0
sample_06969.jpg,173.1011275204254,28.054094102965365,0,245,0.000349317859845912,0.0
sample_06970.jpg,172.16716800248403,15.76924166859122,103,231,0.0,0.0
sample_06971.jpg,69.01599099536183,15.720939923979763,3,143,0.0,0.0
sample_06972.jpg,122.84567913213918,19.1766495690187,48,204,0.0,0.0
sample_06973.jpg,162.87174212579325,36.37567224142705,50,242,0.0,0.0
sample_06974.jpg,29.841254439247802,15.322120064071953,3,182,0.0,0.0
sample_06975.jpg,109.82569038793689,50.25171407844028,0,249,0.13338120281783072,0.0
sample_06976.jpg,60.36239787304236,35.98301488166827,0,152,0.20629160278678027,0.0
sample_06977.jpg,85.76671388926624,18.376672267733305,16,173,0.0,0.0
sample_06978.jpg,210.53251567078732,18.4996420348923,141,248,0.0,0.0
sample_06979.jpg,191.14071687787458,10.080847534098273,144,226,0.0,0.0
sample_06980.jpg,118.02703332104252,19.778495169533468,39,219,0.0,0.0
sample_06981.jpg,38.17603679481457,13.267934238244552,1,195,0.0,0.0
sample_06982.jpg,68.11760367948146,14.496955577144215,35,157,0.0,0.0
sample_06983.jpg,151.1902035746861,17.24607029024703,71,241,0.0,0.0
sample_06984.jpg,127.44415765879408,23.59082439728272,4,255,0.0,9.703273884608666e-05
sample_06985.jpg,103.40363678705195,20.540417369787065,1,255,0.0,1.9406547769217335e-05
sample_06986.jpg,135.236041840517,24.655608059295147,0,255,0.0007180422674610414,9.703273884608666e-05
sample_06987.jpg,50.86397950668555,18.052619215395165,12,122,0.0,0.0
sample_06988.jpg,153.01566108404975,17.35532114116601,72,213,0.0,0.0
sample_06989.jpg,76.9322905548332,17.968365815344804,19,175,0.0,0.0
sample_06990.jpg,147.16313144054803,9.740334883424962,97,186,0.0,0.0
sample_06991.jpg,101.27244852413205,20.92703172033333,6,207,0.0,0.0
sample_06992.jpg,157.37627355469735,21.272061495874503,0,228,0.00021347202546139068,0.0
sample_06993.jpg,68.4808942537212,10.349370100441963,0,134,0.00042694405092278136,0.0
sample_06994.jpg,48.75825263443886,42.263624183323245,0,255,0.30935977798909353,1.9406547769217335e-05
sample_06995.jpg,114.38201789283704,14.910529012898817,16,163,0.0,0.0
sample_06996.jpg,24.162044673872966,18.39272041214857,0,159,0.06817520231326049,0.0
sample_06997.jpg,180.4735197655689,16.212707118350675,85,245,0.0,0.0
sample_06998.jpg,76.56352733412254,59.35509245380163,0,221,0.3180539113897029,0.0
sample_06999.jpg,105.70705816142366,17.756284138397717,26,191,0.0,0.0
sample_07000.jpg,125.88241572706632,21.130570513938526,49,216,0.0,0.0
sample_07001.jpg,144.50827689262357,17.364087973847788,4,232,0.0,0.0
sample_07002.jpg,154.91763861126745,18.515001058236567,57,252,0.0,0.0
sample_07003.jpg,57.59025015040074,48.064829588617734,0,166,0.37600186302858585,0.0
sample_07004.jpg,109.74377534980303,29.00080069840394,0,177,0.020997884686293156,0.0
sample_07005.jpg,97.11187874788953,17.690620758451427,0,233,0.00019406547769217333,0.0
sample_07006.jpg,156.83155116536318,16.13362727149294,69,236,0.0,0.0
sample_07007.jpg,64.07027110947233,40.04538279882812,0,201,7.762619107686934e-05,0.0
sample_07008.jpg,80.79760911331483,18.97021378250349,9,144,0.0,0.0
sample_07009.jpg,89.69040734343767,17.028993241189394,1,196,0.0,0.0
sample_07010.jpg,173.29168041297135,33.899369697345875,0,254,0.00976149352791632,0.0
sample_07011.jpg,63.03370917347513,30.420745736760143,9,138,0.0,0.0
sample_07012.jpg,20.39051796075996,15.299725386687957,0,100,0.005142735158842593,0.0
sample_07013.jpg,133.95571425799065,19.178640097316418,0,255,0.00027169166876904265,3.881309553843467e-05
sample_07014.jpg,65.75505055405694,22.108263957423485,0,192,1.9406547769217335e-05,0.0
sample_07015.jpg,139.9204331541462,18.01938628403991,5,227,0.0,0.0
sample_07016.jpg,149.7918259620796,20.847714935095542,52,208,0.0,0.0
sample_07017.jpg,126.22523239340954,16.377072480576626,18,192,0.0,0.0
sample_07018.jpg,127.50429855033089,15.581337314247484,28,182,0.0,0.0
sample_07019.jpg,180.90034737720507,12.270967046695818,46,238,0.0,0.0
sample_07020.jpg,145.94009198703642,18.05277962152054,1,249,0.0,0.0
sample_07021.jpg,133.48419336684196,21.897122362889945,0,255,0.000232878573230608,5.8219643307652e-05
sample_07022.jpg,135.64515127403985,30.722400821307467,0,224,0.01921248229152516,0.0
sample_07023.jpg,52.733528692580876,23.785540715044167,0,147,3.881309553843467e-05,0.0
sample_07024.jpg,143.5479244697161,14.375880952579031,77,192,0.0,0.0
sample_07025.jpg,123.42141318480856,13.907506438162162,48,187,0.0,0.0
sample_07026.jpg,141.1992664324943,18.584654720134193,38,205,0.0,0.0
sample_07027.jpg,133.8130761318869,17.979550890233263,0,241,5.8219643307652e-05,0.0
sample_07028.jpg,111.86566787634148,67.43517974350448,0,206,0.24434784296221546,0.0
sample_07029.jpg,135.51250752003725,19.4467692979897,0,254,0.00040753750315356403,0.0
sample_07030.jpg,103.83826583089134,13.845702222531798,58,177,0.0,0.0
sample_07031.jpg,78.72064274486212,15.871711555565941,42,181,0.0,0.0
sample_07032.jpg,126.68431368743815,15.065152952659908,98,194,0.0,0.0
sample_07033.jpg,82.02650934425274,16.278285788652255,53,254,0.0,0.0
sample_07034.jpg,84.83013448737604,50.596345555098964,0,203,0.23126782976576296,0.0
sample_07035.jpg,129.6363018882571,17.272372700207328,0,180,0.0016301500126142561,0.0
sample_07036.jpg,156.58077975508937,11.493075476708553,100,195,0.0,0.0
sample_07037.jpg,63.627471909022105,18.422869014198312,0,202,0.000232878573230608,0.0
sample_07038.jpg,102.08762056317802,32.80497788490838,0,184,0.04985542121911933,0.0
sample_07039.jpg,154.6586194181917,20.51510291884676,40,225,0.0,0.0
sample_07040.jpg,81.16703215664965,36.15816291423408,0,175,0.12264938190145355,0.0
sample_07041.jpg,173.54033650953832,13.642558302954914,68,227,0.0,0.0
sample_07042.jpg,132.19451182829087,19.00532604850645,0,248,1.9406547769217335e-05,0.0
sample_07043.jpg,135.3054396553397,54.25580164350145,0,202,0.10799743833569446,0.0
sample_07044.jpg,134.6927167226222,20.75777024281164,4,253,0.0,0.0
sample_07045.jpg,109.226959576161,23.65070305851971,65,151,0.0,0.0
sample_07046.jpg,129.33257000912107,18.479439399630895,43,222,0.0,0.0
sample_07047.jpg,79.76576296842555,44.83166146729866,0,230,0.12004890450037843,0.0
sample_07048.jpg,180.21122086592015,13.301791893112997,119,219,0.0,0.0
sample_07049.jpg,114.42607075627316,17.092696429659892,0,248,5.8219643307652e-05,0.0
sample_07050.jpg,85.64072658114848,16.346632687653255,12,159,0.0,0.0
sample_07051.jpg,181.4224611383881,30.714620090058883,0,230,0.013506957247375264,0.0
sample_07052.jpg,32.50346406877681,17.881721810838417,0,122,0.003726057171689728,0.0
sample_07053.jpg,67.06239205107804,18.43698407432699,6,131,0.0,0.0
sample_07054.jpg,185.6956277047876,18.894924935024672,79,255,0.0,5.8219643307652e-05
sample_07055.jpg,93.79266044363368,19.902213342004153,2,206,0.0,0.0
sample_07056.jpg,114.23839003279707,14.774312191777655,70,171,0.0,0.0
sample_07057.jpg,120.93388189175027,13.872820767255257,14,209,0.0,0.0
sample_07058.jpg,159.1977139086728,37.93900112413866,0,255,7.762619107686934e-05,3.881309553843467e-05
sample_07059.jpg,132.50462846164297,29.829127492146487,0,234,0.019911118011216984,0.0
sample_07060.jpg,151.1201071241437,20.24076281761463,0,223,0.00031050476430747735,0.0
sample_07061.jpg,188.59195792660444,12.881374032158599,110,253,0.0,0.0
sample_07062.jpg,154.6214170661181,28.57885660978524,24,248,0.0,0.0
sample_07063.jpg,88.64984765860001,28.060010462971235,4,215,0.0,0.0
sample_07064.jpg,128.9567428050224,28.948448392260367,42,188,0.0,0.0
sample_07065.jpg,131.52267655106834,17.301816796336684,66,200,0.0,0.0
sample_07066.jpg,115.67899629334937,15.519338785380917,71,207,0.0,0.0
sample_07067.jpg,106.22102117254362,44.80922834227919,0,191,0.11554658541792001,0.0
sample_07068.jpg,84.07661705059287,56.76249070626343,0,238,0.2849269343476489,0.0
sample_07069.jpg,89.01977527217683,14.947884294165988,38,163,0.0,0.0
sample_07070.jpg,108.02740204545013,32.91498458244397,0,214,0.04071493721981797,0.0
sample_07071.jpg,113.4171049312038,28.312543366038028,8,184,0.0,0.0
sample_07072.jpg,102.15928894408974,49.461484837569024,0,205,0.14737332375943643,0.0
sample_07073.jpg,161.790448097188,16.846347923108876,77,245,0.0,0.0
sample_07074.jpg,115.72334025500204,19.944822846208833,47,240,0.0,0.0
sample_07075.jpg,117.0368142211182,13.65452677631262,72,247,0.0,0.0
sample_07076.jpg,26.603058471928428,10.940435249328788,9,70,0.0,0.0
sample_07077.jpg,128.32445807215353,14.782086766848195,43,178,0.0,0.0
sample_07078.jpg,123.50637505094218,15.290078226905873,72,180,0.0,0.0
sample_07079.jpg,151.9339789244891,17.523370475010275,25,240,0.0,0.0
sample_07080.jpg,116.15009024044713,27.658399793930023,0,186,0.02313260494090706,0.0
sample_07081.jpg,110.46160414523861,18.10936664691643,10,185,0.0,0.0
sample_07082.jpg,35.668613790292845,21.915696646382585,0,113,0.1836053484445652,0.0
sample_07083.jpg,138.93227114828542,14.861500769881141,60,230,0.0,0.0
sample_07084.jpg,19.426051349725398,18.809570106404074,0,92,0.20662151409885696,0.0
sample_07085.jpg,137.09093908284655,15.910463502698152,65,255,0.0,1.9406547769217335e-05
sample_07086.jpg,103.39139125540957,24.03059853677894,0,230,0.0005627898853073027,0.0
sample_07087.jpg,158.6680704069553,14.751142385507398,0,203,1.9406547769217335e-05,0.0
sample_07088.jpg,122.13312891769684,17.927007766938676,0,203,1.9406547769217335e-05,0.0
sample_07089.jpg,57.36827805701644,12.34763978490298,21,97,0.0,0.0
sample_07090.jpg,87.72782316753673,15.685349570635468,53,171,0.0,0.0
sample_07091.jpg,146.73933125036388,17.990591131885527,75,220,0.0,0.0
sample_07092.jpg,184.98156377961925,18.630108806294807,68,254,0.0,0.0
sample_07093.jpg,158.9608569931495,12.947846313062941,108,202,0.0,0.0
sample_07094.jpg,98.15684371907082,37.4971784765447,0,215,0.07009645054241301,0.0
sample_07095.jpg,92.14393836480428,17.473360127252732,0,186,1.9406547769217335e-05,0.0
sample_07096.jpg,119.43860738613208,17.32251356212142,12,194,0.0,0.0
sample_07097.jpg,80.41370878534417,17.79947568629319,17,186,0.0,0.0
sample_07098.jpg,74.09332608822217,12.744221728461106,0,99,0.00013584583438452133,0.0
sample_07099.jpg,127.1293640474296,13.05327129359613,78,184,0.0,0.0
sample_07100.jpg,148.0579285450911,17.517999926827688,99,200,0.0,0.0
sample_07101.jpg,139.62145587921364,15.334606312437122,58,230,0.0,0.0
sample_07102.jpg,20.788449222767763,11.896303371333474,0,90,0.011275204253915271,0.0
sample_07103.jpg,67.47648896737759,16.382140941838628,21,167,0.0,0.0
sample_07104.jpg,118.30879698810378,16.17223542351261,48,186,0.0,0.0
sample_07105.jpg,136.89741698849193,20.162419418051083,48,213,0.0,0.0
sample_07106.jpg,129.7584855130121,20.277326485030812,0,232,7.762619107686934e-05,0.0
sample_07107.jpg,119.07374488152303,18.058206269368657,19,206,0.0,0.0
sample_07108.jpg,120.79790021153137,15.213126419236385,0,159,9.703273884608666e-05,0.0
sample_07109.jpg,114.39666983640281,20.359390109668766,0,245,1.9406547769217335e-05,0.0
sample_07110.jpg,127.48097187991229,78.66815641122595,0,255,0.24894719478351995,0.00015525238215373868
sample_07111.jpg,113.91517397970075,18.75270749040047,12,195,0.0,0.0
sample_07112.jpg,109.20805759863377,17.10046502704143,26,185,0.0,0.0
sample_07113.jpg,143.86089386559024,21.298926179137244,0,214,1.9406547769217335e-05,0.0
sample_07114.jpg,112.07632595237634,14.973800150639633,52,183,0.0,0.0
sample_07115.jpg,55.89392380989346,15.24916462070852,0,155,1.9406547769217335e-05,0.0
sample_07116.jpg,160.6554561509053,18.870552460642717,0,249,0.0011255797706146054,0.0
sample_07117.jpg,55.41398047701294,16.943539334200537,11,158,0.0,0.0
sample_07118.jpg,138.70956160608588,14.53416683037509,112,245,0.0,0.0
sample_07119.jpg,170.1927846455394,14.770843571598464,113,235,0.0,0.0
sample_07120.jpg,118.63026645190087,20.126672845197483,7,236,0.0,0.0
sample_07121.jpg,70.75231423082148,18.613831384988302,2,174,0.0,0.0
sample_07122.jpg,125.37462399813697,14.048644125357772,80,200,0.0,0.0
sample_07123.jpg,136.69898503755167,15.99150007399476,69,198,0.0,0.0
sample_07124.jpg,137.88227988123194,17.981222947694825,101,255,0.0,1.9406547769217335e-05
sample_07125.jpg,98.7539443808341,22.98770066405153,0,156,0.02066797337421646,0.0
sample_07126.jpg,121.20549593432824,19.94923256622176,18,229,0.0,0.0
sample_07127.jpg,143.680374158241,21.702809274737106,5,246,0.0,0.0
sample_07128.jpg,99.1811213103301,24.994690423693726,0,255,0.0015525238215373866,7.762619107686934e-05
sample_07129.jpg,157.66836150517184,13.510075698871374,5,227,0.0,0.0
sample_07130.jpg,131.70940635370374,21.27442751971507,34,197,0.0,0.0
sample_07131.jpg,121.79419356090744,20.023469327979452,56,220,0.0,0.0
sample_07132.jpg,143.94995051330318,18.652766825023118,27,216,0.0,0.0
sample_07133.jpg,133.3319101864969,14.56029864296822,77,194,0.0,0.0
sample_07134.jpg,140.45708241960838,15.783592811802006,51,204,0.0,0.0
sample_07135.jpg,103.7189543752062,26.85077133405858,51,190,0.0,0.0
sample_07136.jpg,117.75737933978924,15.285650910752073,16,250,0.0,0.0
sample_07137.jpg,112.85233557802403,57.64608666539889,0,229,0.18123774961672068,0.0
sample_07138.jpg,154.8453492208271,21.446534074908467,0,220,0.000756855362999476,0.0
sample_07139.jpg,94.8163558384599,18.442802265641806,0,196,5.8219643307652e-05,0.0
sample_07140.jpg,179.52644142133556,15.545373690051129,125,239,0.0,0.0
sample_07141.jpg,147.56861184963807,19.880930699457622,80,227,0.0,0.0
sample_07142.jpg,152.7035649828252,16.688842821632594,62,249,0.0,0.0
sample_07143.jpg,146.6380678841041,15.46493823398229,64,189,0.0,0.0
sample_07144.jpg,122.95354072464049,17.379281065713126,14,207,0.0,0.0
sample_07145.jpg,36.59455840400551,28.2222776091356,0,175,0.2365658173067593,0.0
sample_07146.jpg,106.69005802557783,14.560291030215028,14,242,0.0,0.0
sample_07147.jpg,42.364183275437135,14.468687846345173,19,77,0.0,0.0
sample_07148.jpg,87.49352791631897,19.10292173282468,32,133,0.0,0.0
sample_07149.jpg,153.62444448757012,17.695376822175774,34,255,0.0,0.00015525238215373868
sample_07150.jpg,71.76186225232394,45.7686475356259,0,160,0.2555842341205923,0.0
sample_07151.jpg,74.56942692464438,18.834032907873514,6,130,0.0,0.0
sample_07152.jpg,85.20755302839179,13.500782686768082,27,199,0.0,0.0
sample_07153.jpg,150.72394185798288,23.687035853923724,53,254,0.0,0.0
sample_07154.jpg,156.65116730384833,23.455132370841422,33,211,0.0,0.0
sample_07155.jpg,138.94069359001728,17.937334319764528,54,252,0.0,0.0
sample_07156.jpg,64.05065108967766,32.60029221625271,0,145,0.16800248403811446,0.0
sample_07157.jpg,96.83812998505695,17.023214838330563,8,190,0.0,0.0
sample_07158.jpg,151.95544256632186,18.1938644366887,56,251,0.0,0.0
sample_07159.jpg,109.65557259019194,21.343991532631087,0,204,1.9406547769217335e-05,0.0
sample_07160.jpg,117.19697645985755,14.548176981701085,20,171,0.0,0.0
sample_07161.jpg,124.1941042907877,21.340167645215914,36,216,0.0,0.0
sample_07162.jpg,165.777833841138,13.431060389212144,106,245,0.0,0.0
sample_07163.jpg,87.58489394321644,18.039288201895726,19,196,0.0,0.0
sample_07164.jpg,75.33453007044577,14.808867454085567,8,190,0.0,0.0
sample_07165.jpg,179.67647344213938,17.29376582942484,127,250,0.0,0.0
sample_07166.jpg,123.07888761668187,14.145966648077165,17,193,0.0,0.0
sample_07167.jpg,138.9515224436725,88.62059768499734,0,252,0.26090162820935786,0.0
sample_07168.jpg,72.32717498884124,58.565056854685444,0,182,0.3501911544955268,0.0
sample_07169.jpg,168.0485939956141,19.645672810580542,100,218,0.0,0.0
sample_07170.jpg,204.8212656950455,18.38430966442941,99,255,0.0,1.9406547769217335e-05
sample_07171.jpg,127.62644336199034,31.434565287623226,0,225,0.014981854877835783,0.0
sample_07172.jpg,219.52331696714472,15.154329880124154,146,255,0.0,0.0015525238215373866
sample_07173.jpg,134.12614256049991,13.581955803209262,95,206,0.0,0.0
sample_07174.jpg,146.9495623823478,9.185141309224212,123,201,0.0,0.0
sample_07175.jpg,140.48987948533835,16.080105568951055,79,202,0.0,0.0
sample_07176.jpg,125.62927671796464,20.78846694019729,34,177,0.0,0.0
sample_07177.jpg,151.4542878767296,21.77422863487087,51,205,0.0,0.0
sample_07178.jpg,101.82669952842089,11.807584590782227,51,157,0.0,0.0
sample_07179.jpg,130.46333132799006,52.86168590431299,0,215,0.08003260300025229,0.0
sample_07180.jpg,165.2662384288459,33.75071154075944,31,246,0.0,0.0
sample_07181.jpg,135.4807001882435,22.180685884312393,6,236,0.0,0.0
sample_07182.jpg,121.25313900910167,20.063063093749765,16,234,0.0,0.0
sample_07183.jpg,104.57852859554814,18.509433495821533,0,231,5.8219643307652e-05,0.0
sample_07184.jpg,128.55747249121853,41.834270562624894,0,232,0.059500475460420345,0.0
sample_07185.jpg,179.29715305944225,15.069734461649473,127,255,0.0,1.9406547769217335e-05
sample_07186.jpg,146.3737895165829,16.51033233362182,38,201,0.0,0.0
sample_07187.jpg,91.11649750625861,17.49125123516833,14,169,0.0,0.0
sample_07188.jpg,148.19033942052047,22.047132629672927,55,205,0.0,0.0
sample_07189.jpg,120.51685458673757,54.72239241793994,0,202,0.14044518620582586,0.0
sample_07190.jpg,144.68600205709407,14.309456074973433,73,230,0.0,0.0
sample_07191.jpg,98.90331657901376,61.2511229176234,0,243,0.2348774476508374,0.0
sample_07192.jpg,98.6568534223447,20.33684515602534,0,252,0.0016301500126142561,0.0
sample_07193.jpg,141.05833608259428,13.221000939316454,42,254,0.0,0.0
sample_07194.jpg,112.63795144481747,59.993870067647535,0,197,0.19173669195986726,0.0
sample_07195.jpg,96.87193619127093,55.79590227643072,0,241,0.21985677967746317,0.0
sample_07196.jpg,140.1859729472724,15.090559510587074,52,198,0.0,0.0
sample_07197.jpg,114.2971918725378,37.96375089108389,0,184,0.06353703739641756,0.0
sample_07198.jpg,90.16439286615304,17.04343312210556,27,177,0.0,0.0
sample_07199.jpg,138.77428244289624,15.951261227662101,98,211,0.0,0.0
sample_07200.jpg,181.76584059461663,17.186337369421217,88,251,0.0,0.0
sample_07201.jpg,155.06295484096333,12.462250456423396,73,192,0.0,0.0
sample_07202.jpg,112.2533136680316,13.6496434225554,73,206,0.0,0.0
sample_07203.jpg,115.77694113994062,18.040247396859378,33,176,0.0,0.0
sample_07204.jpg,143.65314677172077,18.47750170575681,61,188,0.0,0.0
sample_07205.jpg,187.19346387471134,31.831391500920603,117,251,0.0,0.0
sample_07206.jpg,151.0784218595354,14.681680743266982,91,234,0.0,0.0
sample_07207.jpg,161.86819072755148,15.857249503127916,65,198,0.0,0.0
sample_07208.jpg,84.74391119563741,46.47077883123857,0,166,0.20023675988278444,0.0
sample_07209.jpg,129.97896330221818,15.56609609234524,46,222,0.0,0.0
sample_07210.jpg,49.978245259950704,22.998497045791446,0,150,1.9406547769217335e-05,0.0
sample_07211.jpg,53.56214946923092,16.803822110088998,0,124,3.881309553843467e-05,0.0
sample_07212.jpg,164.95868345979935,19.387731280966825,29,244,0.0,0.0
sample_07213.jpg,67.53397116187001,12.389926213063593,41,141,0.0,0.0
sample_07214.jpg,96.5790525723379,17.01326846079843,2,227,0.0,0.0
sample_07215.jpg,70.18302315201149,14.397583054391317,1,204,0.0,0.0
sample_07216.jpg,48.13966892429506,14.053341106565483,15,85,0.0,0.0
sample_07217.jpg,133.559451959091,13.07927521162351,59,216,0.0,0.0
sample_07218.jpg,78.84303984164256,19.923388804534234,0,137,0.002095907159075472,0.0
sample_07219.jpg,141.5928118147063,15.601729660405047,12,220,0.0,0.0
sample_07220.jpg,149.7116963263405,18.984487815911205,73,194,0.0,0.0
sample_07221.jpg,91.40338450193096,17.94904350050629,16,184,0.0,0.0
sample_07222.jpg,91.8908769818937,43.51944216512415,0,218,0.15284597023035573,0.0
sample_07223.jpg,57.29377632013041,20.699383858282268,0,241,0.0003299113120766947,0.0
sample_07224.jpg,134.78714898406722,20.445511246191238,22,255,0.0,1.9406547769217335e-05
sample_07225.jpg,142.9095460808477,23.136632402693188,0,255,0.00048516369423043333,1.9406547769217335e-05
sample_07226.jpg,136.1088707329853,16.224752275806907,0,214,0.0014943041782297347,0.0
sample_07227.jpg,135.84236061247066,21.204425848998874,0,254,0.0002522851209998253,0.0
sample_07228.jpg,76.08936715247725,63.41915483166448,0,245,0.38463777678588756,0.0
sample_07229.jpg,127.04931203788158,46.771616934159894,0,246,0.08847445127986182,0.0
sample_07230.jpg,134.1227464146403,21.256396607295585,70,241,0.0,0.0
sample_07231.jpg,87.3149100506511,59.07939500549623,0,206,0.268237303266122,0.0
sample_07232.jpg,96.53286498864718,12.836227782377012,51,158,0.0,0.0
sample_07233.jpg,136.41295192998118,16.4466843747411,52,242,0.0,0.0
sample_07234.jpg,159.22428147256883,29.778164785034534,61,216,0.0,0.0
sample_07235.jpg,125.69081488094083,16.5064733500456,26,234,0.0,0.0
sample_07236.jpg,127.76021269576356,16.38905256080191,11,192,0.0,0.0
sample_07237.jpg,171.4787595334666,13.846145757561608,105,241,0.0,0.0
sample_07238.jpg,74.51291505754041,14.163065924989775,27,157,0.0,0.0
sample_07239.jpg,127.22315589279823,19.025199508855042,16,202,0.0,0.0
sample_07240.jpg,175.59473306293543,16.247600127353373,55,220,0.0,0.0
sample_07241.jpg,154.79180655553185,17.398873748453983,29,206,0.0,0.0
sample_07242.jpg,113.77022647441247,49.36750436992761,0,210,0.12734576646160414,0.0
sample_07243.jpg,149.17696830910748,17.226941514482366,67,229,0.0,0.0
sample_07244.jpg,125.94987288711211,17.013094674252155,40,189,0.0,0.0
sample_07245.jpg,118.28449999029672,18.967780400486667,35,197,0.0,0.0
sample_07246.jpg,53.37943682198374,16.930967880584195,14,156,0.0,0.0
sample_07247.jpg,127.37501212909235,16.645316747168422,44,213,0.0,0.0
sample_07248.jpg,157.97890508257487,16.314728071021463,70,245,0.0,0.0
sample_07249.jpg,135.92334413631158,20.13233268480352,0,227,1.9406547769217335e-05,0.0
sample_07250.jpg,66.99252847910886,16.634021805658584,27,171,0.0,0.0
sample_07251.jpg,114.81680218905859,20.137291305654202,0,230,0.0006792291719226067,0.0
sample_07252.jpg,98.09169593820955,28.37471632822318,16,255,0.0,9.703273884608666e-05
sample_07253.jpg,123.20112946108017,15.142489528412312,66,207,0.0,0.0
sample_07254.jpg,59.94063537037396,20.848186642709113,0,181,0.00502629587222729,0.0
sample_07255.jpg,115.36154398494052,74.00582467696533,0,203,0.26270643715189507,0.0
sample_07256.jpg,85.33680063653476,59.382498430547074,0,219,0.2733412253294262,0.0
sample_07257.jpg,102.18164528711988,63.6347114596597,0,232,0.24652137631236778,0.0
sample_07258.jpg,112.50975179025403,20.050692297148615,5,247,0.0,0.0
sample_07259.jpg,43.56424537638999,14.798929589006413,4,114,0.0,0.0
sample_07260.jpg,137.668516757554,19.241379481907725,0,255,0.000698635719691824,1.9406547769217335e-05
sample_07261.jpg,33.12511401346814,17.082562383543998,1,117,0.0,0.0
sample_07262.jpg,120.09833297754662,14.185330356735186,59,197,0.0,0.0
sample_07263.jpg,60.063284752275415,14.312053726860775,9,167,0.0,0.0
sample_07264.jpg,132.77905645364746,22.819247851266294,64,206,0.0,0.0
sample_07265.jpg,137.21803256418715,16.363536428926828,0,227,1.9406547769217335e-05,0.0
sample_07266.jpg,83.41497021094918,43.720688540486364,0,245,0.18158706747656658,0.0
sample_07267.jpg,114.30757437559433,52.32702671700945,0,188,0.1393778260785189,0.0
sample_07268.jpg,133.55498845310407,20.469168774287695,55,201,0.0,0.0
sample_07269.jpg,130.36953948262143,14.801947783849617,57,190,0.0,0.0
sample_07270.jpg,94.91137029633798,16.76427896677955,42,176,0.0,0.0
sample_07271.jpg,134.89681538551108,27.080209365529022,0,245,0.012653069145529702,0.0
sample_07272.jpg,151.84558209940033,17.524942398248417,63,249,0.0,0.0
sample_07273.jpg,32.809194822333055,17.452121068481002,0,107,0.0071610161268411965,0.0
sample_07274.jpg,134.0858739738788,22.7115548969508,0,238,0.00015525238215373868,0.0
sample_07275.jpg,157.2718469211512,15.622513095313238,9,237,0.0,0.0
sample_07276.jpg,77.03376739311844,45.37911469209628,0,228,0.20654388790778008,0.0
sample_07277.jpg,128.17914184245765,13.714874998500726,81,197,0.0,0.0
sample_07278.jpg,59.42597372353432,19.201154916020915,28,116,0.0,0.0
sample_07279.jpg,99.64810106930078,18.578603543574737,35,144,0.0,0.0
sample_07280.jpg,141.459973995226,18.495962707148472,87,195,0.0,0.0
sample_07281.jpg,127.14473403326282,19.006625452418213,32,221,0.0,0.0
sample_07282.jpg,119.16941916202526,17.76732700656921,4,251,0.0,0.0
sample_07283.jpg,127.29849211123833,15.924985158530744,0,180,0.0029497952609210346,0.0
sample_07284.jpg,65.04079256341089,29.536674657106506,0,255,0.06371169632634051,0.0014360845349220828
sample_07285.jpg,128.49575966931243,17.347092085556955,0,246,3.881309553843467e-05,0.0
sample_07286.jpg,126.1430456636069,16.286842646306287,14,251,0.0,0.0
sample_07287.jpg,114.95235692522657,36.871656697749536,0,211,0.030604125832055736,0.0
sample_07288.jpg,191.71476256088803,18.292358147379872,35,255,0.0,5.8219643307652e-05
sample_07289.jpg,78.24683188107667,12.944437160459564,30,125,0.0,0.0
sample_07290.jpg,124.7552640260824,16.22554491654883,71,189,0.0,0.0
sample_07291.jpg,171.6020105183489,23.20263774850674,1,248,0.0,0.0
sample_07292.jpg,181.89318636107822,16.421129028774526,92,255,0.0,3.881309553843467e-05
sample_07293.jpg,97.45335636243668,21.941693451200944,0,223,0.021211356711754545,0.0
sample_07294.jpg,74.98327155582294,60.907402891522636,0,202,0.3622038075646723,0.0
sample_07295.jpg,129.34733839197347,20.733910304910136,7,223,0.0,0.0
sample_07296.jpg,111.28838129985057,15.658118357388238,45,223,0.0,0.0
sample_07297.jpg,168.2852180325642,12.598569926252718,70,214,0.0,0.0
sample_07298.jpg,81.83215276834405,49.65498564686525,0,190,0.22400978090007567,0.0
sample_07299.jpg,108.80412971336528,49.42311973883112,0,252,0.034407809194822336,0.0
sample_07300.jpg,210.3671718837936,13.46701086682485,136,254,0.0,0.0
sample_07301.jpg,94.45164858623299,30.31889281218498,0,134,0.06444914514157077,0.0
sample_07302.jpg,127.54992334413632,17.823639283182374,1,200,0.0,0.0
sample_07303.jpg,98.51823245162917,18.329367446007197,37,193,0.0,0.0
sample_07304.jpg,186.3550039783423,15.814498730191122,143,250,0.0,0.0
sample_07305.jpg,136.08696074055385,27.334981497533587,0,199,0.018630285858448642,0.0
sample_07306.jpg,117.14488928564498,20.935081443643302,0,241,0.0006016029808457373,0.0
sample_07307.jpg,96.77595140600438,27.261992849540547,45,220,0.0,0.0
sample_07308.jpg,93.25016980729298,13.154580445129504,28,147,0.0,0.0
sample_07309.jpg,151.81629761881658,21.00966596657932,0,217,0.00019406547769217333,0.0
sample_07310.jpg,101.02841118593413,13.673742281072084,18,152,0.0,0.0
sample_07311.jpg,131.6202332667042,14.455707568889231,80,182,0.0,0.0
sample_07312.jpg,135.37899047138504,55.16189086629507,0,209,0.1033398668710823,0.0
sample_07313.jpg,130.71059015311766,21.184399117183627,26,222,0.0,0.0
sample_07314.jpg,110.24489122629976,12.834543556677053,53,169,0.0,0.0
sample_07315.jpg,128.29457198858896,14.33949849259922,23,212,0.0,0.0
sample_07316.jpg,94.60294203264182,66.74021462223043,0,233,0.29571697490733373,0.0
sample_07317.jpg,98.79246637815599,11.573282212676375,67,139,0.0,0.0
sample_07318.jpg,134.08226435599371,25.41322839852891,1,200,0.0,0.0
sample_07319.jpg,97.82735935104505,62.0314563238154,0,244,0.25797123949620604,0.0
sample_07320.jpg,96.48632808709658,54.82503058189886,0,183,0.20438976110539697,0.0
sample_07321.jpg,136.11086960740553,17.058364093791198,55,249,0.0,0.0
sample_07322.jpg,120.10192318888393,16.24323205700356,71,239,0.0,0.0
sample_07323.jpg,170.9514642240292,13.437069087842517,96,255,0.0,9.703273884608666e-05
sample_07324.jpg,105.48485318946612,11.07296079063632,2,160,0.0,0.0
sample_07325.jpg,168.05676415222496,26.094166555830274,0,246,0.0007956684585379107,0.0
sample_07326.jpg,119.40660598886065,30.470856702402287,0,221,0.004347066700304682,0.0
sample_07327.jpg,132.52824623027809,29.56218962980695,0,255,7.762619107686934e-05,0.0007956684585379107
sample_07328.jpg,58.00009703273884,19.80862121653307,19,114,0.0,0.0
sample_07329.jpg,117.89279823012285,21.15280422767054,5,216,0.0,0.0
sample_07330.jpg,128.35226765510683,15.360637572169395,50,194,0.0,0.0
sample_07331.jpg,131.3368976692736,17.76212625890144,47,204,0.0,0.0
sample_07332.jpg,127.32001397271439,51.84590518156799,0,214,0.11556599196568923,0.0
sample_07333.jpg,178.47458712569622,26.072364454349547,105,238,0.0,0.0
sample_07334.jpg,150.2736711366415,15.766423624566098,15,218,0.0,0.0
sample_07335.jpg,123.85315065303033,21.01944504083287,0,237,0.0028721690698441655,0.0
sample_07336.jpg,91.49013177045936,16.196764337019406,40,165,0.0,0.0
sample_07337.jpg,163.57140639251685,15.684947332603292,80,226,0.0,0.0
sample_07338.jpg,189.9923732267267,16.376190859235997,11,254,0.0,0.0
sample_07339.jpg,112.55945195909099,16.25920598219375,11,196,0.0,0.0
sample_07340.jpg,56.07601544761202,18.962950610251504,11,138,0.0,0.0
sample_07341.jpg,136.16068621552913,34.21357279918621,0,234,0.026373498418366358,0.0
sample_07342.jpg,153.3065846416581,17.238041710379772,54,239,0.0,0.0
sample_07343.jpg,109.95352131809273,14.290701154445328,30,184,0.0,0.0
sample_07344.jpg,75.55017562925731,16.76193480595668,14,148,0.0,0.0
sample_07345.jpg,138.3846959964292,22.97191346131929,21,232,0.0,0.0
sample_07346.jpg,121.57449203361215,13.27397377549482,0,238,1.9406547769217335e-05,0.0
sample_07347.jpg,120.80636146635875,17.561036175367033,22,192,0.0,0.0
sample_07348.jpg,77.46579595955676,17.48490279848294,12,164,0.0,0.0
sample_07349.jpg,152.53614469522017,14.937067054171436,69,214,0.0,0.0
sample_07350.jpg,97.18684624192203,23.174397706198484,4,193,0.0,0.0
sample_07351.jpg,93.78507248345592,16.892819767451325,26,176,0.0,0.0
sample_07352.jpg,129.4256826253178,26.289317455957942,14,229,0.0,0.0
sample_07353.jpg,97.5061809854645,12.77646226290537,35,169,0.0,0.0
sample_07354.jpg,186.45816918628344,20.608284573768753,7,248,0.0,0.0
sample_07355.jpg,186.0689126511285,21.9080582610753,12,255,0.0,0.000232878573230608
sample_07356.jpg,139.61413961070465,80.94621785422252,0,252,0.22451435114207532,0.0
sample_07357.jpg,110.6548351413767,20.595936686728678,2,192,0.0,0.0
sample_07358.jpg,80.71418036445496,15.783176675276913,33,159,0.0,0.0
sample_07359.jpg,121.99406159638262,21.621657066838956,7,243,0.0,0.0
sample_07360.jpg,129.25812649187836,17.488086650862012,28,191,0.0,0.0
sample_07361.jpg,168.77038172679462,72.59325004567397,0,247,0.1346814415183683,0.0
sample_07362.jpg,144.09969143589046,16.687087954618285,47,224,0.0,0.0
sample_07363.jpg,204.72302975023774,12.649941456596249,158,252,0.0,0.0
sample_07364.jpg,139.1549612839372,12.689770940451952,75,200,0.0,0.0
sample_07365.jpg,119.36907372547498,18.839314543673773,0,225,1.9406547769217335e-05,0.0
sample_07366.jpg,121.95431698655126,14.82935495975177,71,193,0.0,0.0
sample_07367.jpg,75.7524306701081,18.959479717061317,2,182,0.0,0.0
sample_07368.jpg,182.20990122067187,17.13986339502066,89,252,0.0,0.0
sample_07369.jpg,119.07857711191757,19.93476467231519,14,216,0.0,0.0
sample_07370.jpg,149.3270585495546,16.544990570045126,64,241,0.0,0.0
sample_07371.jpg,76.70903762929612,17.5245195473941,31,150,0.0,0.0
sample_07372.jpg,124.7362262027208,14.901666718592653,72,187,0.0,0.0
sample_07373.jpg,77.83141531952882,50.44332072084599,0,206,0.26478293776320133,0.0
sample_07374.jpg,157.04158823186944,79.26198839893509,0,233,0.18513846571833337,0.0
sample_07375.jpg,135.84096334103126,47.52265765341647,0,207,0.08370044052863436,0.0
sample_07376.jpg,94.86700692813756,65.98244203073065,0,199,0.29893846183702383,0.0
sample_07377.jpg,118.63172194298356,13.673933724156894,62,165,0.0,0.0
sample_07378.jpg,140.571561644899,13.588032971566427,65,237,0.0,0.0
sample_07379.jpg,125.73746822177803,17.774672850348427,1,187,0.0,0.0
sample_07380.jpg,127.22769702497622,19.19964970397079,0,234,7.762619107686934e-05,0.0
sample_07381.jpg,88.82468124745289,41.933306387675195,0,247,0.14186186419297872,0.0
sample_07382.jpg,112.01199324652137,20.687640516656224,27,187,0.0,0.0
sample_07383.jpg,124.25835937045159,13.637817032099395,84,200,0.0,0.0
sample_07384.jpg,125.26980923363543,17.00656661655455,26,225,0.0,0.0
sample_07385.jpg,122.99662326068815,20.436251742124043,5,247,0.0,0.0
sample_07386.jpg,129.48434861922414,21.464672440983744,0,249,0.00048516369423043333,0.0
sample_07387.jpg,80.4803896834792,17.95305819588352,14,128,0.0,0.0
sample_07388.jpg,140.42673057889732,16.406496227513102,5,222,0.0,0.0
sample_07389.jpg,144.53496089580625,18.717182601206083,0,237,0.000116439286615304,0.0
sample_07390.jpg,111.47353917211667,14.551092359678302,67,175,0.0,0.0
sample_07391.jpg,113.82099400337674,75.1930660574106,0,232,0.27421451997904095,0.0
sample_07392.jpg,57.65250635564439,17.116303311687922,9,137,0.0,0.0
sample_07393.jpg,144.8892274253333,11.628120024412231,97,189,0.0,0.0
sample_07394.jpg,124.46141007976091,16.37280098578845,25,193,0.0,0.0
sample_07395.jpg,189.49638067884104,19.424792096252236,140,255,0.0,1.9406547769217335e-05
sample_07396.jpg,64.89468066525646,14.53533119860173,11,113,0.0,0.0
sample_07397.jpg,58.8508994934891,30.628552679805335,0,162,0.15026489937704982,0.0
sample_07398.jpg,135.52061945700478,14.76225476832718,0,189,0.000232878573230608,0.0
sample_07399.jpg,133.34120592287837,16.941566870550723,14,213,0.0,0.0
sample_07400.jpg,141.09509208406917,16.30818443597155,54,213,0.0,0.0
sample_07401.jpg,104.24260125366298,14.917242933372648,53,202,0.0,0.0
sample_07402.jpg,67.18024801568049,15.062448912393204,0,138,0.00015525238215373868,0.0
sample_07403.jpg,63.44939742669177,20.172354200950824,5,123,0.0,0.0
sample_07404.jpg,154.5685148168992,15.923850864134705,63,216,0.0,0.0
sample_07405.jpg,152.96819266820626,14.199067435409418,100,210,0.0,0.0
sample_07406.jpg,103.11898154437307,20.483196165629206,0,215,0.000232878573230608,0.0
sample_07407.jpg,68.79033165790138,52.27711722217914,0,172,0.3326282287643851,0.0
sample_07408.jpg,106.36216499446914,15.114346310582793,52,197,0.0,0.0
sample_07409.jpg,52.57028081274622,13.524982205806563,27,82,0.0,0.0
sample_07410.jpg,148.47660540666422,19.848116275563452,76,216,0.0,0.0
sample_07411.jpg,145.39668924295057,16.57141563552614,23,232,0.0,0.0
sample_07412.jpg,115.74424110694949,12.445005148561117,35,176,0.0,0.0
sample_07413.jpg,126.7481418230511,85.47949754681196,0,244,0.29561994216848764,0.0
sample_07414.jpg,118.17380504182111,65.92935696841649,0,255,0.20277901764055192,5.8219643307652e-05
sample_07415.jpg,102.98280579867648,22.799362216139773,0,255,0.0009703273884608667,0.00036872440761512933
sample_07416.jpg,46.94535116148188,20.21956565398725,0,137,0.0016495565603834733,0.0
sample_07417.jpg,111.29247608142987,18.684412787144968,0,238,0.0006210095286149547,0.0
sample_07418.jpg,202.25187758349668,19.370706728463944,7,246,0.0,0.0
sample_07419.jpg,98.12340623726445,15.165541193539212,9,236,0.0,0.0
sample_07420.jpg,53.08992994236255,21.70533232438117,0,175,1.9406547769217335e-05,0.0
sample_07421.jpg,143.20107124143686,19.06176395751427,48,215,0.0,0.0
sample_07422.jpg,91.47678006559413,21.06651155937195,27,198,0.0,0.0
sample_07423.jpg,115.25071319063052,36.83412100468087,0,232,0.06627336063187719,0.0
sample_07424.jpg,130.56967920976538,50.455450549827184,0,181,0.09883754778862389,0.0
sample_07425.jpg,105.7918259620796,12.003007570971787,37,155,0.0,0.0
sample_07426.jpg,151.59422849269345,15.865197481665659,23,243,0.0,0.0
sample_07427.jpg,133.25271206505076,19.78769851564648,7,254,0.0,0.0
sample_07428.jpg,197.49669118360535,26.074293218174784,30,255,0.0,7.762619107686934e-05
sample_07429.jpg,131.8115624211609,14.411999319002431,21,255,0.0,3.881309553843467e-05
sample_07430.jpg,30.46769780123814,24.69619023739207,0,100,0.3222069126123154,0.0
sample_07431.jpg,96.39040152147335,59.67600154539033,0,249,0.2592132585534359,0.0
sample_07432.jpg,165.54483882862078,21.794622783871773,58,224,0.0,0.0
sample_07433.jpg,66.04723553727027,43.390672628639855,0,196,0.25890275378912847,0.0
sample_07434.jpg,128.0670108094471,16.321392456762613,55,183,0.0,0.0
sample_07435.jpg,93.06402220109065,65.22631461636843,0,230,0.2943197034679501,0.0
sample_07436.jpg,86.82926119272642,25.651847276988743,3,255,0.0,0.0007956684585379107
sample_07437.jpg,141.00029109821654,20.051366722765415,13,249,0.0,0.0
sample_07438.jpg,115.59725591414544,13.649637988077876,31,184,0.0,0.0
sample_07439.jpg,136.81703506763182,16.12727077687544,75,234,0.0,0.0
sample_07440.jpg,127.32727202158009,21.74411537158653,41,198,0.0,0.0
sample_07441.jpg,86.38199848628928,15.519777360907623,23,152,0.0,0.0
sample_07442.jpg,205.2661025830115,15.37681791417673,87,255,0.0,0.000116439286615304
sample_07443.jpg,142.17037008286596,16.38891409731314,72,206,0.0,0.0
sample_07444.jpg,169.1946088610297,16.0878623379918,86,244,0.0,0.0
sample_07445.jpg,159.1038832502086,17.20610608506986,38,202,0.0,0.0
sample_07446.jpg,127.93427002270566,17.007171702433453,0,183,7.762619107686934e-05,0.0
sample_07447.jpg,156.15845446253567,13.834345143117137,113,206,0.0,0.0
sample_07448.jpg,100.29412563799026,14.048731133860933,38,162,0.0,0.0
sample_07449.jpg,92.24764695608299,21.15631177176747,11,163,0.0,0.0
sample_07450.jpg,128.74810300995557,15.209997606505953,40,180,0.0,0.0
sample_07451.jpg,78.69696675658368,12.769890331869377,8,123,0.0,0.0
sample_07452.jpg,72.75704942847717,28.53820163681401,6,227,0.0,0.0
sample_07453.jpg,112.87711773952532,18.407669087380526,49,160,0.0,0.0
sample_07454.jpg,59.68984455355237,20.569176419229052,0,141,0.000640416076384172,0.0
sample_07455.jpg,116.97583884802732,14.85472021395689,1,201,0.0,0.0
sample_07456.jpg,131.26612198955928,14.884595989000573,17,230,0.0,0.0
sample_07457.jpg,121.54837082031477,17.81502028656045,71,232,0.0,0.0
sample_07458.jpg,144.74039861049118,15.985167925054817,62,241,0.0,0.0
sample_07459.jpg,104.54074404704147,69.7137816156983,0,229,0.27268140270527275,0.0
sample_07460.jpg,124.11075316811892,65.64470613395872,0,212,0.1719420132352656,0.0
sample_07461.jpg,112.23190824584215,24.700262060255447,0,214,0.0013002387005375613,0.0
sample_07462.jpg,127.05187370218712,19.749569503590006,38,195,0.0,0.0
sample_07463.jpg,146.12439597120067,15.220155696728003,78,206,0.0,0.0
sample_07464.jpg,67.78532476857691,50.64424155263014,0,156,0.3191600846125483,0.0
sample_07465.jpg,152.11546895922683,25.110360521294297,0,252,0.008985231617147626,0.0
sample_07466.jpg,120.15694075180966,12.217737305094456,54,176,0.0,0.0
sample_07467.jpg,167.78761474121367,16.364154453133718,89,228,0.0,0.0
sample_07468.jpg,105.37431349337267,51.9733685615505,0,224,0.15837683634458266,0.0
sample_07469.jpg,58.340332628228765,39.32572559489226,0,193,0.26899415862912146,0.0
sample_07470.jpg,138.9793902462691,15.439680931213914,68,201,0.0,0.0
sample_07471.jpg,60.797861398435835,14.528573267027255,1,104,0.0,0.0
sample_07472.jpg,111.6646742610957,17.54657288042858,50,166,0.0,0.0
sample_07473.jpg,137.88664635448,15.123295342313424,56,224,0.0,0.0
sample_07474.jpg,81.29156397368472,61.41171751360042,0,247,0.3334044906751538,0.0
sample_07475.jpg,95.12404665334084,14.316087449823094,35,207,0.0,0.0
sample_07476.jpg,132.5242096683421,20.259920059443733,0,242,7.762619107686934e-05,0.0
sample_07477.jpg,125.36408624269829,19.420625967196994,48,223,0.0,0.0
sample_07478.jpg,25.64794581691863,24.41171863940336,0,104,0.2564769353179763,0.0
sample_07479.jpg,37.333870247821615,32.915562024281805,0,134,0.1448698790972074,0.0
sample_07480.jpg,172.38535581905336,13.667720883204478,119,248,0.0,0.0
sample_07481.jpg,75.39901802868287,41.31997375998894,0,205,0.18564303596033302,0.0
sample_07482.jpg,134.83795532612703,20.145978410039874,0,254,0.00021347202546139068,0.0
sample_07483.jpg,115.08193444468164,15.750359485421816,56,162,0.0,0.0
sample_07484.jpg,85.52252129868617,66.70079710449835,0,180,0.3438840264705312,0.0
sample_07485.jpg,151.32393409536377,17.42008915429908,63,251,0.0,0.0
sample_07486.jpg,134.49713753420403,19.854962188991745,26,254,0.0,0.0
sample_07487.jpg,147.71722719245474,18.680546340259866,80,209,0.0,0.0
sample_07488.jpg,132.85908905664772,19.540240300666422,0,255,9.703273884608666e-05,0.000116439286615304
sample_07489.jpg,78.84794969822818,16.91832981913399,10,167,0.0,0.0
sample_07490.jpg,118.39113897028858,61.884636494713476,0,200,0.1875254710939471,0.0
sample_07491.jpg,119.9385976828582,16.493910791306376,34,188,0.0,0.0
sample_07492.jpg,124.60268974752081,16.578513583536488,25,220,0.0,0.0
sample_07493.jpg,63.89419550156223,42.9665531553974,0,196,0.26676240563566145,0.0
sample_07494.jpg,104.33813968833084,15.682792316755418,49,157,0.0,0.0
sample_07495.jpg,136.9307186244639,17.587521149446122,30,214,0.0,0.0
sample_07496.jpg,73.2142871004677,46.90640830601213,0,158,0.25003396145859613,0.0
sample_07497.jpg,102.98864716955501,13.943813668374752,40,153,0.0,0.0
sample_07498.jpg,147.10797803178792,15.922459556188064,4,235,0.0,0.0
sample_07499.jpg,129.699547827437,20.156408918714792,3,214,0.0,0.0
sample_07500.jpg,90.24896660133129,62.73689603351411,0,238,0.2949795260921035,0.0
sample_07501.jpg,139.3348211686623,13.878993110938152,59,210,0.0,0.0
sample_07502.jpg,126.9221409303499,19.481745010725774,0,237,3.881309553843467e-05,0.0
sample_07503.jpg,70.78270488462807,15.879230861874845,3,151,0.0,0.0
sample_07504.jpg,143.8070212889829,20.714414800552895,3,255,0.0,5.8219643307652e-05
sample_07505.jpg,124.86132080964117,12.979752158156499,41,168,0.0,0.0
sample_07506.jpg,88.0261600263929,16.402889957964458,16,178,0.0,0.0
sample_07507.jpg,81.90746958023637,52.82970047175167,0,194,0.261988394884434,0.0
sample_07508.jpg,157.14787789400143,14.28346499166274,89,225,0.0,0.0
sample_07509.jpg,107.99109239457393,16.032346468084544,51,196,0.0,0.0
sample_07510.jpg,136.71350113528305,21.98791673080305,5,237,0.0,0.0
sample_07511.jpg,103.21038638436609,15.753019516451966,9,234,0.0,0.0
sample_07512.jpg,116.27706728250112,13.095247956263858,42,158,0.0,0.0
sample_07513.jpg,154.26317219429836,19.46060266343879,9,255,0.0,0.00042694405092278136
sample_07514.jpg,127.94690368530343,16.64836611345297,15,218,0.0,0.0
sample_07515.jpg,195.91641599875797,16.49625514262706,128,239,0.0,0.0
sample_07516.jpg,81.65440819732578,16.177295763987175,2,147,0.0,0.0
sample_07517.jpg,125.22973471249199,15.61639424784574,34,194,0.0,0.0
sample_07518.jpg,149.0192318888393,20.84192225785137,38,213,0.0,0.0
sample_07519.jpg,137.6285392691494,16.04082227920915,55,233,0.0,0.0
sample_07520.jpg,64.61693415358341,20.587751968668123,0,129,0.00027169166876904265,0.0
sample_07521.jpg,93.50228026936288,17.344615429926563,0,204,0.00019406547769217333,0.0
sample_07522.jpg,132.76195928506277,40.382469190236705,54,217,0.0,0.0
sample_07523.jpg,119.20834869685032,21.611905209516426,56,235,0.0,0.0
sample_07524.jpg,151.73927303072057,18.43988463316821,38,204,0.0,0.0
sample_07525.jpg,127.96912418249917,11.726888693341445,54,217,0.0,0.0
sample_07526.jpg,141.8862000038813,80.2556933665143,0,230,0.21469463797085137,0.0
sample_07527.jpg,89.23051097440276,58.20688925526556,0,203,0.25967901569989715,0.0
sample_07528.jpg,117.46991014768383,13.47200062730453,31,184,0.0,0.0
sample_07529.jpg,106.38184323390712,12.00359521376988,64,158,0.0,0.0
sample_07530.jpg,100.48584292340236,73.12751259479685,0,236,0.320829047720701,0.0
sample_07531.jpg,111.37974732674805,14.462690662056145,57,185,0.0,0.0
sample_07532.jpg,167.88486095208523,17.085961936241898,93,255,0.0,5.8219643307652e-05
sample_07533.jpg,41.587960177763975,28.98999070761402,0,115,0.000349317859845912,0.0
sample_07534.jpg,132.07467639581594,20.39230537722147,12,255,0.0,0.0007956684585379107
sample_07535.jpg,96.57670438005783,52.13135359301206,0,208,0.18218867045741233,0.0
sample_07536.jpg,56.02076500611306,39.745560222050685,0,163,0.2746608705777329,0.0
sample_07537.jpg,55.11874866579984,42.92342112935095,0,230,0.18222748355295076,0.0
sample_07538.jpg,125.51949387723418,13.9054694610816,38,249,0.0,0.0
sample_07539.jpg,124.99276135768208,15.009975077295794,56,249,0.0,0.0
sample_07540.jpg,66.84451473927304,21.922725134288665,3,193,0.0,0.0
sample_07541.jpg,72.48999592462496,17.40524402610774,11,206,0.0,0.0
sample_07542.jpg,120.9232082904772,14.481226992403768,63,176,0.0,0.0
sample_07543.jpg,172.5923460575598,17.6414590078017,103,225,0.0,0.0
sample_07544.jpg,84.86733683944964,60.01795307919896,0,187,0.311902035746861,0.0
sample_07545.jpg,142.1305478468435,13.419344477250618,63,183,0.0,0.0
sample_07546.jpg,125.27176929496012,15.495180099461965,11,188,0.0,0.0
sample_07547.jpg,168.16872052630558,17.00165869018073,108,229,0.0,0.0
sample_07548.jpg,127.19482233305517,15.610478342129857,80,209,0.0,0.0
sample_07549.jpg,194.11118011216985,19.184013006810055,27,255,0.0,0.00015525238215373868
sample_07550.jpg,166.93485221913875,16.333140962491804,62,255,0.0,1.9406547769217335e-05
sample_07551.jpg,137.86027285606164,13.08216514862542,82,194,0.0,0.0
sample_07552.jpg,162.17716237458518,40.97836940864603,0,228,0.03564982825205224,0.0
sample_07553.jpg,127.2751848473675,20.743976463242188,7,211,0.0,0.0
sample_07554.jpg,170.14017349453707,17.828140236962902,66,239,0.0,0.0
sample_07555.jpg,92.34879388305615,16.304886691977583,13,142,0.0,0.0
sample_07556.jpg,113.51295387063595,15.520328083285825,55,166,0.0,0.0
sample_07557.jpg,123.19579266044363,47.8571451815614,0,206,0.10628966213200333,0.0
sample_07558.jpg,159.44345902307438,16.0001816429605,43,239,0.0,0.0
sample_07559.jpg,95.93252343340643,15.63169684714558,29,254,0.0,0.0
sample_07560.jpg,146.0215606745716,22.73727554906991,37,205,0.0,0.0
sample_07561.jpg,138.3214694637971,16.45994661536092,63,226,0.0,0.0
sample_07562.jpg,155.1163034407809,18.921505367094124,24,249,0.0,0.0
sample_07563.jpg,143.89006190688738,16.07221025536394,2,232,0.0,0.0
sample_07564.jpg,128.45487007316268,16.736570057151592,4,196,0.0,0.0
sample_07565.jpg,114.55844281860699,16.154725161800346,2,202,0.0,0.0
sample_07566.jpg,36.6046498088455,15.141017180095716,0,111,5.8219643307652e-05,0.0
sample_07567.jpg,83.78289895010576,15.590700030155118,20,146,0.0,0.0
sample_07568.jpg,98.60911331483243,65.03705948855767,0,209,0.2750878146286557,0.0
sample_07569.jpg,111.59675134390343,54.89943416828453,0,206,0.15777523336373692,0.0
sample_07570.jpg,73.3812222243785,13.922318586150295,9,179,0.0,0.0
sample_07571.jpg,142.48848221389898,13.160927995321344,60,196,0.0,0.0
sample_07572.jpg,87.90242387781637,13.41993202749603,45,142,0.0,0.0
sample_07573.jpg,135.4964194919366,20.680509453044984,8,252,0.0,0.0
sample_07574.jpg,118.4364532593297,58.307869499097926,0,252,0.15078887616681869,0.0
sample_07575.jpg,83.29069067903511,16.82146389883227,0,169,1.9406547769217335e-05,0.0
sample_07576.jpg,135.7032544780609,14.960732149765423,81,247,0.0,0.0
sample_07577.jpg,120.50222204971958,13.85575238659076,74,175,0.0,0.0
sample_07578.jpg,137.8319198897708,14.726661572987854,60,206,0.0,0.0
sample_07579.jpg,134.35442178190922,18.679045888968403,1,248,0.0,0.0
sample_07580.jpg,133.00890760542606,20.12999579250436,0,255,0.0002522851209998253,1.9406547769217335e-05
sample_07581.jpg,127.38549166488774,16.66189865894434,1,195,0.0,0.0
sample_07582.jpg,165.0868054881717,17.71027717404189,99,250,0.0,0.0
sample_07583.jpg,90.34475732112014,28.17700295680001,0,206,0.05917056414834365,0.0
sample_07584.jpg,134.89501057656852,13.809158291096422,67,208,0.0,0.0
sample_07585.jpg,145.06460439752374,28.000343054360645,95,194,0.0,0.0
sample_07586.jpg,143.32319664654855,14.955285669196362,98,190,0.0,0.0
sample_07587.jpg,177.81445399677852,15.767350636357294,13,234,0.0,0.0
sample_07588.jpg,111.1849055871451,83.49817622588344,0,214,0.2860913272138019,0.0
sample_07589.jpg,194.5411709910924,13.663301437149139,139,230,0.0,0.0
sample_07590.jpg,131.69479322323352,11.730675378814848,84,180,0.0,0.0
sample_07591.jpg,131.6983252149275,28.926726834266827,30,250,0.0,0.0
sample_07592.jpg,25.50437617652196,15.762196575022468,0,129,0.00015525238215373868,0.0
sample_07593.jpg,75.38620970715519,53.510894994449,0,207,0.3027227386520212,0.0
sample_07594.jpg,101.89908595160007,14.969622734840877,0,224,5.8219643307652e-05,0.0
sample_07595.jpg,100.17487240194842,19.019912034255,0,255,5.8219643307652e-05,7.762619107686934e-05
sample_07596.jpg,156.21900289157563,14.849665216855895,86,255,0.0,3.881309553843467e-05
sample_07597.jpg,136.5143705486231,19.003559546804542,25,210,0.0,0.0
sample_07598.jpg,163.9600419181432,19.04753037139024,68,255,0.0,0.00013584583438452133
sample_07599.jpg,125.0204933144443,15.945641105350042,58,196,0.0,0.0
sample_07600.jpg,164.55166993343553,16.710812958895087,8,241,0.0,0.0
sample_07601.jpg,92.61604145238603,17.137604795025773,32,200,0.0,0.0
sample_07602.jpg,181.30111199518717,79.4085107456662,0,255,0.13530245104698324,0.0005821964330765201
sample_07603.jpg,121.65039104193755,19.615912926772417,7,170,0.0,0.0
sample_07604.jpg,127.15061421723689,15.401809770395772,81,235,0.0,0.0
sample_07605.jpg,134.25108191503813,10.926516449013196,72,178,0.0,0.0
sample_07606.jpg,174.22713423509092,19.545164639556557,126,227,0.0,0.0
sample_07607.jpg,130.4573152981816,24.08056140497574,0,242,0.00015525238215373868,0.0
sample_07608.jpg,151.66865260338838,13.485680669481217,88,219,0.0,0.0
sample_07609.jpg,95.0370665062392,71.16302493823609,0,208,0.33639309903161324,0.0
sample_07610.jpg,76.1531952880902,18.77571938294928,45,218,0.0,0.0
sample_07611.jpg,106.64224029187447,19.135942065950044,5,199,0.0,0.0
sample_07612.jpg,98.96103165207941,27.547475247086417,0,254,0.00019406547769217333,0.0
sample_07613.jpg,69.36146635874944,26.46118010272344,0,127,0.00027169166876904265,0.0
sample_07614.jpg,121.09990490791593,56.44527063195591,0,253,0.15075006307128025,0.0
sample_07615.jpg,126.48582351685458,18.38921864200765,27,184,0.0,0.0
sample_07616.jpg,181.10735702225932,19.500717457298663,124,235,0.0,0.0
sample_07617.jpg,107.08777581556016,16.108589565945117,10,186,0.0,0.0
sample_07618.jpg,128.66519823788545,13.81066894274714,31,192,0.0,0.0
sample_07619.jpg,124.04653690155058,21.11368789806356,34,241,0.0,0.0
sample_07620.jpg,130.62477439888218,17.72587709534197,0,237,5.8219643307652e-05,0.0
sample_07621.jpg,131.1629567816181,19.21264046425529,0,251,5.8219643307652e-05,0.0
sample_07622.jpg,141.9646412699645,19.071065928167542,21,226,0.0,0.0
sample_07623.jpg,122.32308020726192,18.842450143080313,30,205,0.0,0.0
sample_07624.jpg,137.01445787808808,16.95278063654834,0,201,3.881309553843467e-05,0.0
sample_07625.jpg,139.82668012187312,16.147945345353534,58,245,0.0,0.0
sample_07626.jpg,141.06691377670825,13.642948681851106,93,202,0.0,0.0
sample_07627.jpg,125.68297463564207,13.490193129551155,44,205,0.0,0.0
sample_07628.jpg,81.21593665702808,61.87697820241572,0,244,0.33550039783422925,0.0
sample_07629.jpg,200.67748258262338,13.11458781858408,159,229,0.0,0.0
sample_07630.jpg,146.42449882590387,12.874006363035353,98,204,0.0,0.0
sample_07631.jpg,125.94923247103573,19.11259420376461,1,226,0.0,0.0
sample_07632.jpg,82.39234217625027,21.34081896325557,24,241,0.0,0.0
sample_07633.jpg,137.2212928642124,22.641105168664836,12,232,0.0,0.0
sample_07634.jpg,70.92627452502474,16.1388054001239,7,153,0.0,0.0
sample_07635.jpg,83.239069261969,59.09680479723387,0,218,0.29773525587533234,0.0
sample_07636.jpg,77.65941508665024,53.773986768215885,0,163,0.29932659279240814,0.0
sample_07637.jpg,75.72898756040289,23.021855442279644,0,233,0.00042694405092278136,0.0
sample_07638.jpg,76.00374546371945,16.263377078899385,34,255,0.0,9.703273884608666e-05
sample_07639.jpg,123.9614780026781,16.62211883706799,64,199,0.0,0.0
sample_07640.jpg,153.4294669021328,45.87683470314347,0,219,0.060218517727881386,0.0
sample_07641.jpg,102.34246734848338,66.05086840516063,0,202,0.2648217508587397,0.0
sample_07642.jpg,135.85396572803663,17.84428654246779,47,244,0.0,0.0
sample_07643.jpg,133.7776979953036,17.646947260879205,1,213,0.0,0.0
sample_07644.jpg,34.393409536377575,13.853699500422936,0,83,0.0038230899105358147,0.0
sample_07645.jpg,62.48991829843389,21.183352922613437,0,167,0.03008014904228687,0.0
sample_07646.jpg,123.3104853577597,17.500234703854794,28,203,0.0,0.0
sample_07647.jpg,113.38201789283704,16.879313789940646,59,195,0.0,0.0
sample_07648.jpg,66.11331483242446,15.243013500914316,4,158,0.0,0.0
sample_07649.jpg,157.59692600283336,18.761213161045124,39,216,0.0,0.0
sample_07650.jpg,160.16084146791127,16.73805398371485,22,216,0.0,0.0
sample_07651.jpg,204.67703623202468,13.985568809784233,139,253,0.0,0.0
sample_07652.jpg,98.80564342409129,49.99533648978686,0,206,0.17894777697995304,0.0
sample_07653.jpg,147.10429078771176,17.64615600676343,50,252,0.0,0.0
sample_07654.jpg,123.48762832579712,19.25368704247888,0,180,5.8219643307652e-05,0.0
sample_07655.jpg,95.15692134526189,15.732093022804982,5,196,0.0,0.0
sample_07656.jpg,107.46734848337829,13.691245348228074,53,159,0.0,0.0
sample_07657.jpg,149.68668128626598,14.980436743151365,74,254,0.0,0.0
sample_07658.jpg,111.68666187971822,56.86122129464092,0,191,0.102330726387083,0.0
sample_07659.jpg,101.51266277241942,15.998119872664075,23,222,0.0,0.0
sample_07660.jpg,112.60185526596673,21.01698987278224,1,203,0.0,0.0
sample_07661.jpg,113.4832230394535,16.731367857588623,15,196,0.0,0.0
sample_07662.jpg,139.34539773719652,30.496706550456903,0,219,0.0007762619107686933,0.0
sample_07663.jpg,209.01680607036815,18.967045887708462,89,250,0.0,0.0
sample_07664.jpg,61.5886394069359,45.657958092487604,0,150,0.31357099885501366,0.0
sample_07665.jpg,80.85070542801141,17.829087209719294,0,194,1.9406547769217335e-05,0.0
sample_07666.jpg,109.84525218808827,16.689527192153953,0,208,1.9406547769217335e-05,0.0
sample_07667.jpg,127.77762036911254,17.484868827884995,29,219,0.0,0.0
sample_07668.jpg,70.45884841545538,16.656424941769693,5,255,0.0,7.762619107686934e-05
sample_07669.jpg,121.88742261639077,18.68909279284324,2,203,0.0,0.0
sample_07670.jpg,181.29546468978634,13.802225800817931,117,238,0.0,0.0
sample_07671.jpg,103.15775582681597,13.58503071392261,42,164,0.0,0.0
sample_07672.jpg,97.41599875798094,16.97173063647043,0,173,1.9406547769217335e-05,0.0
sample_07673.jpg,56.129111762308604,18.98477049097288,0,174,0.012769508432145006,0.0
sample_07674.jpg,81.93180539113897,11.515400271098132,52,167,0.0,0.0
sample_07675.jpg,107.25304197636282,41.26611523044812,0,201,0.09029866677016825,0.0
sample_07676.jpg,111.45770342913698,18.72358953080528,0,175,0.00027169166876904265,0.0
sample_07677.jpg,94.85866211259679,18.786148054703972,4,172,0.0,0.0
sample_07678.jpg,76.28341322362165,18.565252878325843,24,120,0.0,0.0
sample_07679.jpg,92.92970948397989,21.586818917796872,0,229,0.001397271439383648,0.0
sample_07680.jpg,60.5747055056376,22.873118348800517,12,174,0.0,0.0
sample_07681.jpg,121.37049040346213,18.708356417673766,15,189,0.0,0.0
sample_07682.jpg,151.3558190533486,68.78956385892049,0,226,0.15084709581012634,0.0
sample_07683.jpg,165.29317471714955,15.75557666836138,99,199,0.0,0.0
sample_07684.jpg,128.0791204952551,16.13940272499104,15,208,0.0,0.0
sample_07685.jpg,125.60602767373712,19.681739214385168,39,226,0.0,0.0
sample_07686.jpg,185.17033126977043,22.62335648954802,14,255,0.0,0.00031050476430747735
sample_07687.jpg,132.15430146131305,18.4606446165896,0,246,3.881309553843467e-05,0.0
sample_07688.jpg,133.472588251276,13.197809650352648,75,202,0.0,0.0
sample_07689.jpg,162.32546721263753,16.482627486438542,50,221,0.0,0.0
sample_07690.jpg,123.19389081876226,19.480826651199983,2,208,0.0,0.0
sample_07691.jpg,185.52832385646917,19.69098192043475,0,255,3.881309553843467e-05,0.00038813095538434665
sample_07692.jpg,136.35546973548875,11.584417134618112,61,186,0.0,0.0
sample_07693.jpg,128.06144113023734,14.999823061297803,65,184,0.0,0.0
sample_07694.jpg,94.52343340643132,21.840123055187323,0,238,0.00038813095538434665,0.0
sample_07695.jpg,128.6965009994372,14.564371391567853,52,230,0.0,0.0
sample_07696.jpg,85.8217120456442,18.168951354213927,13,185,0.0,0.0
sample_07697.jpg,184.9567428050224,17.55998669684647,7,246,0.0,0.0
sample_07698.jpg,124.74812241650332,17.732186411074938,3,216,0.0,0.0
sample_07699.jpg,138.3652118224689,21.06626357511883,0,227,3.881309553843467e-05,0.0
sample_07700.jpg,79.33010537755439,16.45150920867804,23,158,0.0,0.0
sample_07701.jpg,167.4649614780027,43.11570547769866,69,246,0.0,0.0
sample_07702.jpg,78.92072425236275,55.61472080053392,0,249,0.12984921112383319,0.0
sample_07703.jpg,129.36513419627784,15.19977199695054,32,187,0.0,0.0
sample_07704.jpg,185.68687535174368,14.619566960897663,131,247,0.0,0.0
sample_07705.jpg,91.06928137553611,14.066944090909391,59,181,0.0,0.0
sample_07706.jpg,87.29798754099633,30.393143979216312,1,214,0.0,0.0
sample_07707.jpg,123.62168875778687,17.29554646012634,72,196,0.0,0.0
sample_07708.jpg,141.9190552892546,14.88027959382677,78,212,0.0,0.0
sample_07709.jpg,129.69716082206136,17.96131092509242,53,230,0.0,0.0
sample_07710.jpg,151.29823982611734,18.44371427278093,82,235,0.0,0.0
sample_07711.jpg,145.44689398202954,92.0277280867881,0,255,0.247879834656213,0.00013584583438452133
sample_07712.jpg,107.39038211492557,16.861105046384225,32,175,0.0,0.0
sample_07713.jpg,158.20499136408625,13.730111980922018,79,212,0.0,0.0
sample_07714.jpg,131.96776572415533,17.126568922441255,7,242,0.0,0.0
sample_07715.jpg,70.61708940596557,17.607307226628585,0,149,0.00019406547769217333,0.0
sample_07716.jpg,82.0167672572726,18.445248776095006,3,131,0.0,0.0
sample_07717.jpg,54.62780182033418,12.455866400850917,24,84,0.0,0.0
sample_07718.jpg,143.59859496594152,15.51282623259698,54,248,0.0,0.0
sample_07719.jpg,119.16972966678958,21.194787870176295,0,255,0.0016495565603834733,5.8219643307652e-05
sample_07720.jpg,128.20481670515633,15.437012403549023,88,251,0.0,0.0
sample_07721.jpg,108.26315278775058,29.47359112917066,0,168,0.02802305497874983,0.0
sample_07722.jpg,179.33260882221663,17.208235125016078,105,220,0.0,0.0
sample_07723.jpg,136.73230608007142,13.902314170864166,52,211,0.0,0.0
sample_07724.jpg,120.62805410545518,14.43074128478219,61,235,0.0,0.0
sample_07725.jpg,116.46430165537852,18.903756946225446,1,249,0.0,0.0
sample_07726.jpg,99.67616293737507,11.566962567847,22,180,0.0,0.0
sample_07727.jpg,130.90756661297522,18.7101875978718,0,255,0.0003299113120766947,1.9406547769217335e-05
sample_07728.jpg,71.35232587475014,15.27360393086989,7,131,0.0,0.0
sample_07729.jpg,126.2482679656116,19.184358393674863,0,237,5.8219643307652e-05,0.0
sample_07730.jpg,145.81701566108404,15.386710862718514,69,247,0.0,0.0
sample_07731.jpg,165.02027984241883,19.057378603578467,104,208,0.0,0.0
sample_07732.jpg,150.6340313221681,14.602299975044609,51,232,0.0,0.0
sample_07733.jpg,88.5620330299443,65.42993625308097,0,249,0.3326670418599235,0.0
sample_07734.jpg,187.23526557860623,19.116941406139656,54,247,0.0,0.0
sample_07735.jpg,110.0720565118671,19.76874563662831,11,188,0.0,0.0
sample_07736.jpg,106.76318189757224,72.27923425286197,0,207,0.24196083758660172,0.0
sample_07737.jpg,149.1549030642939,17.74325945544338,60,237,0.0,0.0
sample_07738.jpg,80.51629179685226,36.8433279858727,0,170,0.12732635991383492,0.0
sample_07739.jpg,126.122688194997,14.261311776588814,61,197,0.0,0.0
sample_07740.jpg,168.9933241475674,15.793890757532111,61,225,0.0,0.0
sample_07741.jpg,142.8055269848047,14.446413818184363,30,184,0.0,0.0
sample_07742.jpg,85.35186011760368,15.666119545094443,25,146,0.0,0.0
sample_07743.jpg,105.33870247821615,17.329071494182987,0,222,3.881309553843467e-05,0.0
sample_07744.jpg,117.05443536649265,68.06609915455006,0,247,0.00203768751576782,0.0
sample_07745.jpg,190.11337305206777,15.926408313250182,81,253,0.0,0.0
sample_07746.jpg,78.54897242329562,53.36563561512352,0,192,0.27021677113858217,0.0
sample_07747.jpg,128.3742940868249,13.677773499330833,100,241,0.0,0.0
sample_07748.jpg,40.1222418443983,21.522613772052352,0,100,0.012633662597760484,0.0
sample_07749.jpg,125.64903258359371,42.641301738010476,41,255,0.0,0.0014943041782297347
sample_07750.jpg,68.93322206912612,20.383764612809053,10,151,0.0,0.0
sample_07751.jpg,114.50200857769411,19.900865353336876,41,234,0.0,0.0
sample_07752.jpg,127.98932639872693,18.75864870274838,0,249,5.8219643307652e-05,0.0
sample_07753.jpg,185.457451144016,16.889139908819974,53,241,0.0,0.0
sample_07754.jpg,139.13726251237168,16.448047384705223,63,240,0.0,0.0
sample_07755.jpg,147.23675988278444,13.900753511693633,79,199,0.0,0.0
sample_07756.jpg,143.21946864872208,19.08408840535937,14,237,0.0,0.0
sample_07757.jpg,133.96466067651227,17.473167562930747,81,208,0.0,0.0
sample_07758.jpg,86.3793397892449,19.86734912756381,0,236,0.0015913369170758214,0.0
sample_07759.jpg,130.62512371674202,13.732481983893281,15,232,0.0,0.0
sample_07760.jpg,94.34597993362961,18.727312080896617,32,183,0.0,0.0
sample_07761.jpg,153.91239884336974,62.7071014283926,0,238,0.11395524850084418,0.0
sample_07762.jpg,32.61342156843719,14.57009240094287,1,84,0.0,0.0
sample_07763.jpg,106.20223563430301,18.36832702148623,2,191,0.0,0.0
sample_07764.jpg,124.53597003629024,20.916814297828548,21,233,0.0,0.0
sample_07765.jpg,132.62692852568458,19.647688742486032,24,201,0.0,0.0
sample_07766.jpg,109.33363736924838,56.7534628164917,0,208,0.1697296667895748,0.0
sample_07767.jpg,115.18847639193464,14.088927745633022,44,179,0.0,0.0
sample_07768.jpg,139.59203555279552,12.348676723810572,81,210,0.0,0.0
sample_07769.jpg,134.99404218983486,88.62487240996707,0,248,0.28261755516311204,0.0
sample_07770.jpg,75.86178656678763,16.74715225627001,9,162,0.0,0.0
sample_07771.jpg,179.342331502649,17.668215366441522,27,233,0.0,0.0
sample_07772.jpg,154.86273748762832,17.321514279080073,9,244,0.0,0.0
sample_07773.jpg,35.15067243688021,14.356423466266499,0,116,0.0009703273884608667,0.0
sample_07774.jpg,118.54018125715616,19.815512249202328,40,191,0.0,0.0
sample_07775.jpg,82.27508781462866,23.12721108247447,0,201,0.0005821964330765201,0.0
sample_07776.jpg,71.65190475266355,43.36301744694692,0,182,0.22699838925653515,0.0
sample_07777.jpg,89.09447107454055,21.065514631031633,0,254,3.881309553843467e-05,0.0
sample_07778.jpg,130.01748529954006,16.66988015956459,0,187,0.0004463505986919987,0.0
sample_07779.jpg,90.57717013720429,16.701727077728822,0,252,0.0002522851209998253,0.0
sample_07780.jpg,54.87814628655708,35.677362904865475,0,149,0.24244600128083216,0.0
sample_07781.jpg,72.9528420889208,46.384051176049915,0,173,0.2519940227832871,0.0
sample_07782.jpg,16.27990063847542,22.91899236461248,0,143,0.3362960662927672,0.0
sample_07783.jpg,132.72376719905296,16.532021401313454,76,206,0.0,0.0
sample_07784.jpg,142.90679035106444,16.813506583979468,54,248,0.0,0.0
sample_07785.jpg,169.16978788643289,18.895500757559052,7,235,0.0,0.0
sample_07786.jpg,126.10778396631024,14.315584707970602,44,178,0.0,0.0
sample_07787.jpg,128.71148285431505,15.972921699894094,1,188,0.0,0.0
sample_07788.jpg,121.54033650953832,14.52858387704843,55,167,0.0,0.0
sample_07789.jpg,98.94783519959634,22.39317840056204,25,166,0.0,0.0
sample_07790.jpg,109.53106017970464,16.37475365205614,52,161,0.0,0.0
sample_07791.jpg,125.59067709445166,13.260197694225711,38,213,0.0,0.0
sample_07792.jpg,149.93165013875682,26.760096467406807,0,217,0.016612004890450036,0.0
sample_07793.jpg,111.90894447786683,15.773595599642134,18,177,0.0,0.0
sample_07794.jpg,70.69609346193405,18.057020365145206,0,180,1.9406547769217335e-05,0.0
sample_07795.jpg,176.17989869782065,13.0629170420338,131,235,0.0,0.0
sample_07796.jpg,122.84971569407519,17.870213437212858,0,227,9.703273884608666e-05,0.0
sample_07797.jpg,95.97226804323779,15.908526147835046,21,172,0.0,0.0
sample_07798.jpg,201.5199790409284,79.49116762994677,0,255,0.11205340681946088,1.9406547769217335e-05
sample_07799.jpg,128.93265927924082,15.683568219326212,58,206,0.0,0.0
sample_07800.jpg,138.3445244425469,12.61872466239163,79,190,0.0,0.0
sample_07801.jpg,84.03252537406121,14.195299234498231,30,140,0.0,0.0
sample_07802.jpg,137.27207979972442,14.891518716452913,44,186,0.0,0.0
sample_07803.jpg,115.28011411050089,14.422303890857775,47,201,0.0,0.0
sample_07804.jpg,124.50897552834326,13.91207987060563,0,208,0.00015525238215373868,0.0
sample_07805.jpg,110.68751576782006,27.151183336315135,0,255,0.0028721690698441655,0.00015525238215373868
sample_07806.jpg,96.79446525257622,18.669227325559483,4,203,0.0,0.0
sample_07807.jpg,158.72580488656874,13.48185392891207,107,202,0.0,0.0
sample_07808.jpg,104.3783888684042,63.37999446803806,0,185,0.24223252925537075,0.0
sample_07809.jpg,132.92922432028567,66.62336121747205,0,204,0.17112693822895844,0.0
sample_07810.jpg,137.40802266684778,15.087684693588237,79,249,0.0,0.0
sample_07811.jpg,122.85648857924664,19.52052206665612,25,250,0.0,0.0
sample_07812.jpg,84.0847872072037,15.925303625229253,31,139,0.0,0.0
sample_07813.jpg,105.36684197248151,16.952944538274437,39,204,0.0,0.0
sample_07814.jpg,64.88730617710415,18.826452142066852,3,172,0.0,0.0
sample_07815.jpg,92.77313745657784,50.87093706721316,0,226,0.2052242426594733,0.0
sample_07816.jpg,128.9005802557783,18.682751175804594,0,255,0.003920122649381901,1.9406547769217335e-05
sample_07817.jpg,128.28481049506104,16.99802676536133,75,222,0.0,0.0
sample_07818.jpg,79.48724019484175,45.515087605758865,0,200,0.2101729123406237,0.0
sample_07819.jpg,158.86450348347532,18.524325961247058,71,248,0.0,0.0
sample_07820.jpg,59.47965223466397,40.30546074461987,0,178,0.26649071396689245,0.0
sample_07821.jpg,76.80168448834637,58.43612225438184,0,172,0.3304546954142328,0.0
sample_07822.jpg,131.14987676842168,41.59642532399232,0,208,0.05507578256903879,0.0
sample_07823.jpg,76.80905897649868,48.82485206199182,0,211,0.23806012148498903,0.0
sample_07824.jpg,141.2841312658891,34.19015216346681,0,232,0.03079819130974791,0.0
sample_07825.jpg,134.43387218847639,20.7221265028495,3,236,0.0,0.0
sample_07826.jpg,106.13638921772205,14.980042262282817,57,166,0.0,0.0
sample_07827.jpg,124.55225212986862,18.349268066998864,31,217,0.0,0.0
sample_07828.jpg,84.04153001222612,20.23804518269343,1,204,0.0,0.0
sample_07829.jpg,119.69481262978128,14.01328899643693,74,165,0.0,0.0
sample_07830.jpg,133.45735411127714,21.50694113679236,0,255,0.000116439286615304,3.881309553843467e-05
sample_07831.jpg,80.74216460633818,17.860009013589313,0,196,0.0014360845349220828,0.0
sample_07832.jpg,120.94606920374935,17.34531535610346,0,202,3.881309553843467e-05,0.0
sample_07833.jpg,130.02530613829106,19.619783882466884,19,224,0.0,0.0
sample_07834.jpg,73.46707679170952,20.816889824688083,1,225,0.0,0.0
sample_07835.jpg,89.5982262415339,14.798021788458247,31,154,0.0,0.0
sample_07836.jpg,112.75474004929264,19.34633266855274,51,196,0.0,0.0
sample_07837.jpg,113.2285315065303,25.41723662970644,58,178,0.0,0.0
sample_07838.jpg,122.51567078732364,16.69567816376799,0,222,0.000174658929922956,0.0
sample_07839.jpg,43.21591725048031,14.589561969266493,0,83,0.00036872440761512933,0.0
sample_07840.jpg,132.63969803411672,89.69849041141018,0,241,0.29624095169710263,0.0
sample_07841.jpg,105.02806186807429,18.448342743149897,35,172,0.0,0.0
sample_07842.jpg,46.22686254342215,29.73933995356047,0,89,0.2403695006695259,0.0
sample_07843.jpg,93.63086805488172,56.37701161426032,0,252,0.23920510780337287,0.0
sample_07844.jpg,100.62190222981233,14.327252655868472,50,161,0.0,0.0
sample_07845.jpg,80.01131401734945,13.039497561293189,31,132,0.0,0.0
sample_07846.jpg,152.36006908731005,18.163822717356176,47,202,0.0,0.0
sample_07847.jpg,147.20085776941139,18.297024252879005,0,255,0.0005821964330765201,0.00015525238215373868
sample_07848.jpg,140.5746472859943,19.627005250838145,4,218,0.0,0.0
sample_07849.jpg,180.81581245512237,12.300565195627332,118,240,0.0,0.0
sample_07850.jpg,129.06012148498903,15.795958612236465,2,176,0.0,0.0
sample_07851.jpg,136.83452036717188,23.448392814913632,0,255,0.00040753750315356403,0.00019406547769217333
sample_07852.jpg,125.26524869490966,16.15352762798627,0,182,0.0012032059616914747,0.0
sample_07853.jpg,135.72368957286187,35.68777631642186,0,222,1.9406547769217335e-05,0.0
sample_07854.jpg,167.73882668012186,15.138561976414898,73,226,0.0,0.0
sample_07855.jpg,131.48516369423044,20.773522295075747,50,232,0.0,0.0
sample_07856.jpg,125.58343845213375,20.001981070922284,12,237,0.0,0.0
sample_07857.jpg,128.62444448757012,19.11012923885579,0,179,9.703273884608666e-05,0.0
sample_07858.jpg,123.13281841293252,13.702534643689424,15,206,0.0,0.0
sample_07859.jpg,27.071299656504106,20.7327153537871,0,81,0.2579324264006676,0.0
sample_07860.jpg,75.39672805604611,41.40148167942784,0,145,0.2036523122901667,0.0
sample_07861.jpg,133.65021638300763,17.724921015701412,52,185,0.0,0.0
sample_07862.jpg,124.70154670185721,15.076663133788596,58,196,0.0,0.0
sample_07863.jpg,153.00884938578275,75.19584835575424,0,255,0.16701275010188438,1.9406547769217335e-05
sample_07864.jpg,117.39622348580411,20.430819177839126,18,239,0.0,0.0
sample_07865.jpg,139.2377302101729,19.059916091709127,0,254,0.00013584583438452133,0.0
sample_07866.jpg,132.08465136136934,28.297684128330285,0,239,0.00048516369423043333,0.0
sample_07867.jpg,77.28727512662772,55.5813583912376,0,213,0.3007044576840226,0.0
sample_07868.jpg,162.10481476450155,15.41942029705681,88,252,0.0,0.0
sample_07869.jpg,111.29395097906034,22.28728295934074,0,214,0.003357332764074599,0.0
sample_07870.jpg,127.32073201498186,19.291395376437553,0,234,0.00048516369423043333,0.0
sample_07871.jpg,87.9626812086398,42.934551533049266,0,160,0.15614508335112268,0.0
sample_07872.jpg,129.9941392225737,22.06011531543109,45,236,0.0,0.0
sample_07873.jpg,102.6769003861903,15.459641601175507,47,185,0.0,0.0
sample_07874.jpg,58.40660598886064,31.5640413629407,0,255,0.1418424576452095,1.9406547769217335e-05
sample_07875.jpg,218.21234644569077,19.005264320839398,82,255,0.0,0.00031050476430747735
sample_07876.jpg,97.26753866754643,13.35537497465209,43,146,0.0,0.0
sample_07877.jpg,125.48673562459975,27.67733437887684,0,250,9.703273884608666e-05,0.0
sample_07878.jpg,125.33823672106969,11.34459674287141,91,170,0.0,0.0
sample_07879.jpg,128.7048264084302,13.259218453096107,50,206,0.0,0.0
sample_07880.jpg,124.09062857808225,36.9060032019005,0,212,0.044305148557123177,0.0
sample_07881.jpg,130.5856702051272,13.477678253828861,14,235,0.0,0.0
sample_07882.jpg,168.48180636146637,20.564453820131806,74,247,0.0,0.0
sample_07883.jpg,84.08899842806963,13.444959796114322,20,133,0.0,0.0
sample_07884.jpg,120.10714355023384,33.899199504932604,0,176,0.04775951406004386,0.0
sample_07885.jpg,56.56711754545984,17.794114789526134,8,124,0.0,0.0
sample_07886.jpg,137.59989520464205,18.156653695639918,24,224,0.0,0.0
sample_07887.jpg,97.45063944574899,15.99450136297672,9,140,0.0,0.0
sample_07888.jpg,79.02239515612568,18.86073028717576,38,234,0.0,0.0
sample_07889.jpg,153.17446486444527,21.720849228612277,31,255,0.0,7.762619107686934e-05
sample_07890.jpg,127.87123755555125,17.13391747749307,12,199,0.0,0.0
sample_07891.jpg,35.1278503367036,19.967767755826145,0,152,0.09406353703739642,0.0
sample_07892.jpg,126.01416677987153,16.295644045887865,9,236,0.0,0.0
sample_07893.jpg,110.14698519280405,20.122666543653263,0,255,0.00036872440761512933,0.00029109821653826003
sample_07894.jpg,94.94670961982573,17.355977116713213,45,192,0.0,0.0
sample_07895.jpg,133.76469560829824,12.983189729546035,33,193,0.0,0.0
sample_07896.jpg,101.76576296842555,16.89146646819955,43,179,0.0,0.0
sample_07897.jpg,81.01207087271246,48.214232829273946,0,208,0.17883133769333773,0.0
sample_07898.jpg,112.51968794271187,29.111784852906865,0,227,0.023113198393137843,0.0
sample_07899.jpg,228.78311242213124,7.034932044209989,187,249,0.0,0.0
sample_07900.jpg,119.46682450658852,19.027683463884554,41,192,0.0,0.0
sample_07901.jpg,87.30264511246095,19.352666710660177,0,177,0.0018242154903064295,0.0
sample_07902.jpg,98.70717460071027,56.09176155208874,0,247,0.2108133284170079,0.0
sample_07903.jpg,162.76978012381377,16.358394766778982,63,205,0.0,0.0
sample_07904.jpg,118.55624987870908,18.933486735979113,13,203,0.0,0.0
sample_07905.jpg,129.09076442391662,12.51149444907239,35,188,0.0,0.0
sample_07906.jpg,111.12783093015584,17.237029814735344,19,201,0.0,0.0
sample_07907.jpg,138.8441460148654,18.347116623643814,0,227,3.881309553843467e-05,0.0
sample_07908.jpg,129.79791961807913,16.448426469267257,18,198,0.0,0.0
sample_07909.jpg,155.8336276659745,22.730283201445342,92,201,0.0,0.0
sample_07910.jpg,96.89355508548584,14.415682267466368,4,215,0.0,0.0
sample_07911.jpg,173.40402491800734,13.907559179013509,117,243,0.0,0.0
sample_07912.jpg,40.40029886083565,19.80940840910472,0,115,0.10269945079469812,0.0
sample_07913.jpg,127.71918725377942,19.168415173457372,50,227,0.0,0.0
sample_07914.jpg,93.22298123386831,59.89135077069124,0,235,0.25812649187835973,0.0
sample_07915.jpg,78.38275534165227,14.541374396445075,0,131,5.8219643307652e-05,0.0
sample_07916.jpg,133.6363601079004,13.446463931411998,52,205,0.0,0.0
sample_07917.jpg,196.2499757418153,16.542350023520804,137,253,0.0,0.0
sample_07918.jpg,109.01484600904345,61.584597183346695,0,239,0.21118205282462302,0.0
sample_07919.jpg,26.040579091385432,10.611701282122013,6,78,0.0,0.0
sample_07920.jpg,95.9147664421976,22.036047088142215,0,178,0.008189563158609714,0.0
sample_07921.jpg,130.56748626986746,12.147089279325995,87,173,0.0,0.0
sample_07922.jpg,125.85495546197286,19.32878907030418,11,235,0.0,0.0
sample_07923.jpg,185.3910613440975,26.780973295054523,93,251,0.0,0.0
sample_07924.jpg,135.63117855964603,15.227997135781681,8,234,0.0,0.0
sample_07925.jpg,150.70965863882475,17.161528537114624,59,247,0.0,0.0
sample_07926.jpg,116.30412001009141,16.265411983500186,64,220,0.0,0.0
sample_07927.jpg,100.77142968037415,46.10405663377893,0,202,0.1260455277610666,0.0
sample_07928.jpg,126.89918298433892,22.281931905143296,0,253,0.00021347202546139068,0.0
sample_07929.jpg,124.7484523278154,22.06142921809044,0,245,0.00013584583438452133,0.0
sample_07930.jpg,38.13427390401522,22.139033749541806,0,133,0.00015525238215373868,0.0
sample_07931.jpg,175.33534514545207,11.939617625956814,117,243,0.0,0.0
sample_07932.jpg,140.64889673775932,24.039048105073682,19,204,0.0,0.0
sample_07933.jpg,158.572823070504,17.05118362113429,30,244,0.0,0.0
sample_07934.jpg,105.62655980127695,13.206207114420401,78,202,0.0,0.0
sample_07935.jpg,137.08177919229948,16.09549324868385,1,255,0.0,1.9406547769217335e-05
sample_07936.jpg,47.01187680723476,15.072642470932877,0,132,0.0007956684585379107,0.0
sample_07937.jpg,78.20493314444293,52.6861328961026,0,252,0.2783481146538842,0.0
sample_07938.jpg,61.418152884783325,16.006559924001884,0,133,0.000465757146461216,0.0
sample_07939.jpg,104.08251664111471,20.15840986951856,26,204,0.0,0.0
sample_07940.jpg,168.0276155174756,16.91760027529523,102,251,0.0,0.0
sample_07941.jpg,84.85130703099226,19.360294121274435,10,144,0.0,0.0
sample_07942.jpg,32.95868345979934,10.818411970032257,2,69,0.0,0.0
sample_07943.jpg,129.5883871218149,17.736615986168225,63,210,0.0,0.0
sample_07944.jpg,16.13320654388791,15.491475940705422,0,78,0.2992683731491005,0.0
sample_07945.jpg,153.5656232412816,14.866202778037776,112,195,0.0,0.0
sample_07946.jpg,129.7964835335442,20.885255216050943,0,236,5.8219643307652e-05,0.0
sample_07947.jpg,140.336528944866,19.773018320902313,1,245,0.0,0.0
sample_07948.jpg,130.8117564866386,15.58212242001558,65,196,0.0,0.0
sample_07949.jpg,126.8577694113994,15.743231531426748,97,196,0.0,0.0
sample_07950.jpg,95.06996060470803,25.536879464292,0,229,0.040055114595664576,0.0
sample_07951.jpg,130.39954200547265,20.719655510116567,34,226,0.0,0.0
sample_07952.jpg,68.32797065729977,14.623216001689109,9,255,0.0,9.703273884608666e-05
sample_07953.jpg,136.73197616875933,25.14350179443758,80,191,0.0,0.0
sample_07954.jpg,132.21692639096432,55.528330340914124,0,217,0.11855460032214869,0.0
sample_07955.jpg,177.12004890450038,17.94912790314318,82,246,0.0,0.0
sample_07956.jpg,139.3398668710823,31.939836789874263,0,226,0.023346076966368454,0.0
sample_07957.jpg,136.06994119816025,16.01020333655365,27,203,0.0,0.0
sample_07958.jpg,75.7014884822139,14.177795444776308,1,175,0.0,0.0
sample_07959.jpg,132.19356090745018,19.16051906804002,74,183,0.0,0.0
sample_07960.jpg,121.6932989190553,15.883537658228738,84,184,0.0,0.0
sample_07961.jpg,143.55801587455608,21.574442166265133,47,215,0.0,0.0
sample_07962.jpg,103.449378020144,61.47162486039767,0,206,0.232432222631916,0.0
sample_07963.jpg,69.14754798268936,16.90197929609404,3,167,0.0,0.0
sample_07964.jpg,100.63851423470278,16.171016895461037,38,222,0.0,0.0
sample_07965.jpg,130.1714762560888,14.70767693254856,54,210,0.0,0.0
sample_07966.jpg,135.51085796347687,19.3416996251106,28,212,0.0,0.0
sample_07967.jpg,70.90700382308991,12.81205140433402,24,139,0.0,0.0
sample_07968.jpg,73.5209299617691,11.52111976018656,18,118,0.0,0.0
sample_07969.jpg,126.1612684119622,17.74658428129809,10,239,0.0,0.0
sample_07970.jpg,113.31760756079102,17.562357903165136,0,252,3.881309553843467e-05,0.0
sample_07971.jpg,128.43585165634886,34.935590065065725,24,195,0.0,0.0
sample_07972.jpg,131.05561916590656,18.964308270304425,29,237,0.0,0.0
sample_07973.jpg,63.29096237070387,16.829275861364135,3,144,0.0,0.0
sample_07974.jpg,127.83745075588503,20.175639377617365,29,236,0.0,0.0
sample_07975.jpg,150.4401793165014,15.610871599341145,60,242,0.0,0.0
sample_07976.jpg,80.73125812649188,18.246961106977132,17,128,0.0,0.0
sample_07977.jpg,140.8261173319878,27.30899860604773,0,231,0.0013196452483067787,0.0
sample_07978.jpg,75.2013623396534,37.9184813250255,0,186,0.00015525238215373868,0.0
sample_07979.jpg,119.12228065749383,17.095891003731168,37,189,0.0,0.0
sample_07980.jpg,102.67146655281492,55.11859966875995,0,244,0.18296493236818104,0.0
sample_07981.jpg,123.8051970734926,15.519081992263102,82,223,0.0,0.0
sample_07982.jpg,93.08117758931864,16.832490994896894,6,194,0.0,0.0
sample_07983.jpg,110.74961672068156,22.614304588258353,3,203,0.0,0.0
sample_07984.jpg,154.49535213180928,16.140830377144358,90,204,0.0,0.0
sample_07985.jpg,150.16776960546488,19.037457361156925,0,221,5.8219643307652e-05,0.0
sample_07986.jpg,158.77356440062877,17.140019780755814,57,205,0.0,0.0
sample_07987.jpg,143.90110423256806,18.029812892714276,41,228,0.0,0.0
sample_07988.jpg,125.66515942478992,28.051354841194755,0,228,0.014826602495682044,0.0
sample_07989.jpg,72.34632925148945,48.87414183940122,0,165,0.27378757592811814,0.0
sample_07990.jpg,146.11026800442468,13.912037574763408,64,224,0.0,0.0
sample_07991.jpg,109.57088241572707,17.013371761181535,19,176,0.0,0.0
sample_07992.jpg,163.58817364978944,18.344770554774822,123,206,0.0,0.0
sample_07993.jpg,138.1095111490617,66.81035846851687,0,219,0.16047274350365814,0.0
sample_07994.jpg,82.79953036154399,28.19071608210013,0,208,0.055580352811038444,0.0
sample_07995.jpg,131.06180985464496,19.111042103563303,1,222,0.0,0.0
sample_07996.jpg,193.10722117642493,21.10731275390796,93,254,0.0,0.0
sample_07997.jpg,118.30743852975993,14.195132494757623,98,185,0.0,0.0
sample_07998.jpg,110.67909332608822,19.83765715919408,26,204,0.0,0.0
sample_07999.jpg,64.12294048011799,15.476224345736973,5,149,0.0,0.0
sample_08000.jpg,153.22206912612316,13.887101766398677,105,203,0.0,0.0
sample_08001.jpg,31.994643792815697,17.57376588577416,0,108,0.008189563158609714,0.0
sample_08002.jpg,137.24223252925538,17.110173247459837,59,207,0.0,0.0
sample_08003.jpg,128.2900696695065,17.043392643313496,69,213,0.0,0.0
sample_08004.jpg,196.19018416813833,15.220993113334396,106,251,0.0,0.0
sample_08005.jpg,127.94614682994042,16.65355070199661,46,170,0.0,0.0
sample_08006.jpg,107.16064740243358,43.56259080988513,0,241,0.10425197461623552,0.0
sample_08007.jpg,97.03124454190844,18.134970914373092,16,175,0.0,0.0
sample_08008.jpg,98.36724950998467,15.67302332909237,14,205,0.0,0.0
sample_08009.jpg,143.7577868772924,22.586193905486674,29,219,0.0,0.0
sample_08010.jpg,185.318364416154,13.466482803244693,134,251,0.0,0.0
sample_08011.jpg,134.2413204215102,17.142131401705964,31,219,0.0,0.0
sample_08012.jpg,40.07574375594326,13.899195290570175,19,88,0.0,0.0
sample_08013.jpg,134.1576199809816,17.463266193348147,0,210,0.0005433833375380853,0.0
sample_08014.jpg,132.13784470880475,70.90122013842372,0,248,0.18948553241863805,0.0
sample_08015.jpg,117.48452327815404,18.589039931732405,2,198,0.0,0.0
sample_08016.jpg,129.14221118205282,81.30435189930651,0,236,0.2662578353936618,0.0
sample_08017.jpg,177.7384385491665,16.250880204779705,96,214,0.0,0.0
sample_08018.jpg,67.99689495235693,48.36165071316483,0,165,0.2975800034931786,0.0
sample_08019.jpg,30.791340798385374,12.517821328313834,0,84,0.0077432125599177165,0.0
sample_08020.jpg,137.5954511052029,22.351323197045748,1,246,0.0,0.0
sample_08021.jpg,110.79227231267829,19.528117348292437,0,193,1.9406547769217335e-05,0.0
sample_08022.jpg,122.28700343495896,16.29894659295456,70,190,0.0,0.0
sample_08023.jpg,131.83694618564303,13.35136697909976,57,184,0.0,0.0
sample_08024.jpg,109.15533000834482,42.90539953180191,0,182,0.09602359836208736,0.0
sample_08025.jpg,126.61988394884435,14.77170069009807,86,201,0.0,0.0
sample_08026.jpg,105.47400492926313,32.76247717917918,36,177,0.0,0.0
sample_08027.jpg,136.29414504453803,15.477552526739268,75,192,0.0,0.0
sample_08028.jpg,99.34256438122222,61.185094985837736,0,213,0.25678744008228377,0.0
sample_08029.jpg,99.99953424285354,22.876866175518273,0,205,0.000174658929922956,0.0
sample_08030.jpg,157.17163150847097,14.78100869071332,5,187,0.0,0.0
sample_08031.jpg,128.2036329057424,21.420783678742424,0,255,0.0016301500126142561,3.881309553843467e-05
sample_08032.jpg,65.97545071707194,17.43430011478757,0,189,0.00021347202546139068,0.0
sample_08033.jpg,125.38888781074735,15.416777799833607,33,197,0.0,0.0
sample_08034.jpg,74.04133594674843,16.239099652253948,5,172,0.0,0.0
sample_08035.jpg,136.96180791399019,20.924815596338753,1,228,0.0,0.0
sample_08036.jpg,133.97733315220555,15.777617464413922,30,211,0.0,0.0
sample_08037.jpg,92.24234896854199,15.604282602753702,37,140,0.0,0.0
sample_08038.jpg,140.66449960216576,14.334524140502579,110,204,0.0,0.0
sample_08039.jpg,131.35182130450815,15.737573841148704,51,192,0.0,0.0
sample_08040.jpg,80.94199382871781,36.13250491536221,0,255,0.09544140192901085,1.9406547769217335e-05
sample_08041.jpg,68.50210561043296,12.529052594323215,7,127,0.0,0.0
sample_08042.jpg,154.59019193075744,20.28370509179722,50,225,0.0,0.0
sample_08043.jpg,93.5325350773351,59.01095787719906,0,244,0.25265384540744046,0.0
sample_08044.jpg,204.55221331677308,15.943917319376336,143,236,0.0,0.0
sample_08045.jpg,96.74606532243979,15.086367477442156,8,181,0.0,0.0
sample_08046.jpg,149.08327349647772,13.957648848206581,75,224,0.0,0.0
sample_08047.jpg,141.84633895476333,14.29094805306445,58,195,0.0,0.0
sample_08048.jpg,125.0583166760465,16.17230942446743,65,200,0.0,0.0
sample_08049.jpg,169.90816821595607,16.175071372969708,0,227,3.881309553843467e-05,0.0
sample_08050.jpg,75.09390828465524,15.069598333007841,18,171,0.0,0.0
sample_08051.jpg,55.34237031574453,44.18369468952276,0,143,0.3540142444060626,0.0
sample_08052.jpg,79.42444060626055,51.94782470963275,0,182,0.2608628151138194,0.0
sample_08053.jpg,84.37584661064643,50.25494087969024,0,252,0.17201963942634244,0.0
sample_08054.jpg,103.11073376157115,17.18656858001392,61,250,0.0,0.0
sample_08055.jpg,123.63079042869064,21.15698872847044,22,203,0.0,0.0
sample_08056.jpg,142.51252692658502,14.896443145760093,101,170,0.0,0.0
sample_08057.jpg,109.90774127190514,17.13186203347455,51,166,0.0,0.0
sample_08058.jpg,85.13957189155622,15.975315356830302,7,184,0.0,0.0
sample_08059.jpg,124.98917114634477,17.94636230106948,56,202,0.0,0.0
sample_08060.jpg,136.94271187098528,22.493476140654664,2,236,0.0,0.0
sample_08061.jpg,102.24628849773914,19.476606104391863,0,217,3.881309553843467e-05,0.0
sample_08062.jpg,130.76197869161055,18.176226224501637,0,237,3.881309553843467e-05,0.0
sample_08063.jpg,64.17248539657281,18.615178965650944,14,207,0.0,0.0
sample_08064.jpg,122.46750373576045,20.172763798989656,0,201,1.9406547769217335e-05,0.0
sample_08065.jpg,46.05653127365173,15.970886933773404,4,104,0.0,0.0
sample_08066.jpg,64.66552814919754,42.00174386798091,0,208,0.19002891575617614,0.0
sample_08067.jpg,132.71565526208542,13.446580592186104,91,226,0.0,0.0
sample_08068.jpg,96.67344602068738,15.44885374879334,44,210,0.0,0.0
sample_08069.jpg,166.66552814919754,14.28152413722664,117,225,0.0,0.0
sample_08070.jpg,156.73315996817325,17.888915352988896,72,219,0.0,0.0
sample_08071.jpg,84.36973354809913,16.357150214627612,44,171,0.0,0.0
sample_08072.jpg,95.57396805682237,19.675018035567472,2,147,0.0,0.0
sample_08073.jpg,96.94498243707427,38.021869233772065,0,254,0.08335112266878845,0.0
sample_08074.jpg,150.9657086300918,20.005115109417453,46,229,0.0,0.0
sample_08075.jpg,194.55471676143532,21.780731828620894,63,255,0.0,0.006675852432610763
sample_08076.jpg,150.45620912495878,18.444157658559256,89,222,0.0,0.0
sample_08077.jpg,100.88002872169069,15.33890615101206,30,162,0.0,0.0
sample_08078.jpg,83.59137573017136,19.671078972132054,0,184,0.014360845349220826,0.0
sample_08079.jpg,116.05866599390635,17.13865747870405,52,184,0.0,0.0
sample_08080.jpg,140.7440470414718,19.01337367522271,60,207,0.0,0.0
sample_08081.jpg,168.3472413592346,23.29849448648529,28,233,0.0,0.0
sample_08082.jpg,129.2812979099148,16.962881890899084,48,223,0.0,0.0
sample_08083.jpg,100.87317821032816,15.9273005723624,57,172,0.0,0.0
sample_08084.jpg,126.91938520056667,16.423873554829747,6,195,0.0,0.0
sample_08085.jpg,94.37475984397136,18.220715924079,10,253,0.0,0.0
sample_08086.jpg,94.08940596557278,32.683120462239046,0,144,0.07801432203225368,0.0
sample_08087.jpg,101.64782937763201,15.224711769625111,57,140,0.0,0.0
sample_08088.jpg,87.3601079004056,14.707487586661516,0,141,0.00027169166876904265,0.0
sample_08089.jpg,137.67288323080209,23.326096483328183,22,236,0.0,0.0
sample_08090.jpg,108.1036503716354,39.05659480705943,0,236,0.08403035184071106,0.0
sample_08091.jpg,116.05592967067088,51.95702525341325,0,220,0.08426323041394167,0.0
sample_08092.jpg,143.5038521997322,18.324597268519522,0,226,0.000116439286615304,0.0
sample_08093.jpg,116.90160880281007,44.95306777782732,0,226,0.09967202934270022,0.0
sample_08094.jpg,102.58023637175182,17.27882386428636,77,196,0.0,0.0
sample_08095.jpg,117.18960197170526,19.869239911286556,14,204,0.0,0.0
sample_08096.jpg,148.83310368918472,64.25126528376745,0,239,0.13033437481806362,0.0
sample_08097.jpg,198.43653088552077,14.8688501366153,127,246,0.0,0.0
sample_08098.jpg,96.39699974771487,56.254318440351895,0,182,0.21254051116846825,0.0
sample_08099.jpg,29.005414426827613,27.90822695441117,0,132,0.18975722408740708,0.0
sample_08100.jpg,134.3622426206602,19.418918131595138,20,255,0.0,9.703273884608666e-05
sample_08101.jpg,118.52661608026548,11.14994399373376,93,204,0.0,0.0
sample_08102.jpg,110.96070174076733,56.369839800377335,0,227,0.17046711560480507,0.0
sample_08103.jpg,169.16926390964312,24.863874650039953,66,225,0.0,0.0
sample_08104.jpg,191.49566263657357,46.600225723548526,0,237,0.03900716101612684,0.0
sample_08105.jpg,127.12988802421937,26.84670760811753,0,206,0.02169652040598498,0.0
sample_08106.jpg,134.08835801199325,20.219784771588103,0,255,0.00019406547769217333,3.881309553843467e-05
sample_08107.jpg,109.88606415804692,15.731333714016145,47,150,0.0,0.0
sample_08108.jpg,159.13549651652468,14.263187899208942,101,208,0.0,0.0
sample_08109.jpg,186.96580566283063,19.490854634413115,113,234,0.0,0.0
sample_08110.jpg,117.92672087562343,61.56373421654165,0,217,0.17681305672533912,0.0
sample_08111.jpg,122.99617691008946,13.126600374269376,62,162,0.0,0.0
sample_08112.jpg,130.12164024141745,16.973754964762847,62,214,0.0,0.0
sample_08113.jpg,142.39556366317996,21.30556531495031,69,212,0.0,0.0
sample_08114.jpg,121.59139513671913,19.398540144837966,3,216,0.0,0.0
sample_08115.jpg,66.05014651943566,14.236849815532443,28,136,0.0,0.0
sample_08116.jpg,164.26550098003065,14.914559123343322,117,207,0.0,0.0
sample_08117.jpg,115.0220070251703,20.29719562420703,0,213,0.003066234547536339,0.0
sample_08118.jpg,95.73098643482311,34.09135429540007,0,216,0.08288536552232724,0.0
sample_08119.jpg,131.77307923693454,21.09942217616241,29,204,0.0,0.0
sample_08120.jpg,83.46831881076675,60.528621621563815,0,191,0.3192183042558559,0.0
sample_08121.jpg,90.22583399639038,20.805773770777677,9,172,0.0,0.0
sample_08122.jpg,124.86101030487687,16.11744948543091,61,198,0.0,0.0
sample_08123.jpg,130.78045372508686,17.87608599127888,29,188,0.0,0.0
sample_08124.jpg,166.93161132566127,14.87487906422148,78,223,0.0,0.0
sample_08125.jpg,107.24481360010867,61.491290170549874,0,208,0.22104057909138544,0.0
sample_08126.jpg,146.5343010731821,15.946325838455223,85,196,0.0,0.0
sample_08127.jpg,91.06939781482272,18.73562524574174,37,167,0.0,0.0
sample_08128.jpg,146.22377690232685,13.892739872591141,89,193,0.0,0.0
sample_08129.jpg,62.30004463505987,39.29761405792474,0,186,0.2326456946573774,0.0
sample_08130.jpg,149.94302237574956,16.090356893669398,70,238,0.0,0.0
sample_08131.jpg,129.75202313260493,16.20528957194492,63,190,0.0,0.0
sample_08132.jpg,114.2384288458926,52.04829664035959,0,249,0.13138232839760136,0.0
sample_08133.jpg,71.39645636437734,16.238929857662583,36,183,0.0,0.0
sample_08134.jpg,76.73851617535756,46.091251632082106,0,171,0.23039453511614819,0.0
sample_08135.jpg,137.1148091366027,15.85512114628731,78,194,0.0,0.0
sample_08136.jpg,114.62025267325195,15.021246833614692,44,163,0.0,0.0
sample_08137.jpg,132.65885229676493,28.02664774539636,0,255,0.0005821964330765201,1.9406547769217335e-05
sample_08138.jpg,218.91680412971337,13.940434033703283,127,255,0.0,0.0002522851209998253
sample_08139.jpg,122.69904325719497,18.3804293333023,0,219,3.881309553843467e-05,0.0
sample_08140.jpg,86.34982243008791,16.220204555493925,47,120,0.0,0.0
sample_08141.jpg,73.67208756234353,14.583194774313103,13,154,0.0,0.0
sample_08142.jpg,137.46364183275438,11.281098119192924,66,199,0.0,0.0
sample_08143.jpg,184.20869801471017,14.63660458923068,100,246,0.0,0.0
sample_08144.jpg,91.93293097090958,37.94954732792332,0,171,0.1128490752779988,0.0
sample_08145.jpg,139.16705156319742,21.035847037986418,12,248,0.0,0.0
sample_08146.jpg,136.44019872304915,16.699818229594413,0,223,3.881309553843467e-05,0.0
sample_08147.jpg,142.79696869723844,14.090203444719895,90,183,0.0,0.0
sample_08148.jpg,146.560208814454,16.008619917543385,68,244,0.0,0.0
sample_08149.jpg,142.21279279628948,12.093867610438666,62,206,0.0,0.0
sample_08150.jpg,119.26586970443827,19.863407099167198,35,208,0.0,0.0
sample_08151.jpg,141.29433911001573,30.855942818485584,0,241,0.01484600904345126,0.0
sample_08152.jpg,205.52201672844419,30.799741889319623,141,255,0.0,0.0018824351336140814
sample_08153.jpg,109.4631178559646,21.05818393099194,19,210,0.0,0.0
sample_08154.jpg,62.20534068194609,12.456769772469972,20,117,0.0,0.0
sample_08155.jpg,118.84639717440665,12.0526615525537,61,173,0.0,0.0
sample_08156.jpg,128.29030254807972,74.48484677906518,0,215,0.22138989695123135,0.0
sample_08157.jpg,125.39721321974034,14.825853480111528,19,209,0.0,0.0
sample_08158.jpg,163.6606376991597,14.935185430732357,84,250,0.0,0.0
sample_08159.jpg,57.91523219934406,38.171727551959314,0,178,0.2597178287954356,0.0
sample_08160.jpg,136.8868404199577,13.167221194913694,72,198,0.0,0.0
sample_08161.jpg,100.03223427584467,11.555870909398422,32,145,0.0,0.0
sample_08162.jpg,179.43198975334278,21.34235977289188,141,227,0.0,0.0
sample_08163.jpg,134.55782180907838,18.62618829628012,0,238,1.9406547769217335e-05,0.0
sample_08164.jpg,138.90302548079723,78.61044323598531,0,254,0.19342506161578918,0.0
sample_08165.jpg,117.10039007161016,16.428254694094548,46,172,0.0,0.0
sample_08166.jpg,120.01736886025346,15.813800807103224,66,182,0.0,0.0
sample_08167.jpg,126.87587572046809,10.530046263235894,63,193,0.0,0.0
sample_08168.jpg,127.78171515069184,18.99298156775252,0,243,7.762619107686934e-05,0.0
sample_08169.jpg,143.54157852859555,12.495409056599625,74,193,0.0,0.0
sample_08170.jpg,136.58825127598053,16.31245645695239,15,229,0.0,0.0
sample_08171.jpg,148.37293562848106,21.067999171864834,21,255,0.0,3.881309553843467e-05
sample_08172.jpg,130.7903898775447,16.407296635719568,27,199,0.0,0.0
sample_08173.jpg,137.37085912786975,60.9510567576922,0,235,0.13538007723806011,0.0
sample_08174.jpg,113.12476469560829,23.054821397851164,0,200,1.9406547769217335e-05,0.0
sample_08175.jpg,86.39583535484873,14.909841897210601,26,144,0.0,0.0
sample_08176.jpg,81.77166255894738,51.939427746040174,0,163,0.25024743348405754,0.0
sample_08177.jpg,97.96275883483086,56.62327557877903,0,202,0.22026431718061673,0.0
sample_08178.jpg,115.12422131227076,19.608955273705938,16,188,0.0,0.0
sample_08179.jpg,127.63331327990063,16.75092997761784,52,193,0.0,0.0
sample_08180.jpg,127.75126627724194,14.291190900590728,47,219,0.0,0.0
sample_08181.jpg,85.88664635448,11.781314578383533,64,154,0.0,0.0
sample_08182.jpg,129.4102350132935,16.304069528469125,41,204,0.0,0.0
sample_08183.jpg,120.13584583438453,54.990472690910444,0,235,0.07987735061809854,0.0
sample_08184.jpg,122.09879873469309,13.493125288165999,71,188,0.0,0.0
sample_08185.jpg,133.66180209202585,19.97192872964765,26,221,0.0,0.0
sample_08186.jpg,187.0532127539832,13.61674514087885,113,241,0.0,0.0
sample_08187.jpg,126.17939412757865,21.0332276087051,1,255,0.0,0.000116439286615304
sample_08188.jpg,126.57631624910245,19.413358757579985,0,241,0.00021347202546139068,0.0
sample_08189.jpg,56.71072599895204,16.500824364698694,11,193,0.0,0.0
sample_08190.jpg,32.487958237109204,22.0456263405615,0,160,0.0008150750063071281,0.0
sample_08191.jpg,175.97273380038425,17.08901974596104,90,243,0.0,0.0
sample_08192.jpg,136.98699761299463,25.56747255221363,0,254,9.703273884608666e-05,0.0
sample_08193.jpg,123.12070872712454,14.45537855395363,36,245,0.0,0.0
sample_08194.jpg,47.90015331172738,34.49389765884546,0,255,0.07799491548448446,1.9406547769217335e-05
sample_08195.jpg,183.04515903665896,15.270609731404251,123,243,0.0,0.0
sample_08196.jpg,61.852665489336104,14.314036548303832,2,129,0.0,0.0
sample_08197.jpg,122.75516699334355,24.698711268206555,24,219,0.0,0.0
sample_08198.jpg,174.13848512488113,15.66006725218662,21,233,0.0,0.0
sample_08199.jpg,112.82243008791166,13.540955401165567,33,183,0.0,0.0
sample_08200.jpg,211.5345533583031,24.16916450824394,77,253,0.0,0.0
sample_08201.jpg,161.2078635331561,21.869623584980403,52,212,0.0,0.0
sample_08202.jpg,129.03186555143705,17.70476397706677,20,226,0.0,0.0
sample_08203.jpg,128.64856682644725,14.867440618947864,0,255,7.762619107686934e-05,3.881309553843467e-05
sample_08204.jpg,184.8188204700266,14.404184648429693,95,242,0.0,0.0
sample_08205.jpg,182.30334374818062,16.47926382553192,0,241,0.0009703273884608667,0.0
sample_08206.jpg,145.07009645054242,16.307044841297447,88,226,0.0,0.0
sample_08207.jpg,30.948300956742806,17.35117994019934,1,81,0.0,0.0
sample_08208.jpg,63.74257214384133,50.367005303694576,0,200,0.3541306836926779,0.0
sample_08209.jpg,207.35382017892837,19.380748310695637,117,252,0.0,0.0
sample_08210.jpg,73.00900463816491,47.06737724140978,0,188,0.23916629470783443,0.0
sample_08211.jpg,78.67527023617768,17.69595863864895,15,167,0.0,0.0
sample_08212.jpg,124.70843602631528,23.93249867170787,17,254,0.0,0.0
sample_08213.jpg,65.10431019425954,15.355814876747573,16,173,0.0,0.0
sample_08214.jpg,98.94736944244988,15.491285272171636,43,202,0.0,0.0
sample_08215.jpg,35.20493314444293,14.046385140381798,3,84,0.0,0.0
sample_08216.jpg,134.1143045663607,16.7116154486121,52,243,0.0,0.0
sample_08217.jpg,84.83702381183411,48.47317895210377,0,193,0.21655766655669623,0.0
sample_08218.jpg,86.72221467523143,23.62031301406403,0,169,0.0002522851209998253,0.0
sample_08219.jpg,125.57204680859321,14.843883308246166,73,165,0.0,0.0
sample_08220.jpg,113.11746783364707,17.459495306203916,17,206,0.0,0.0
sample_08221.jpg,123.67794833976984,16.71046100297623,57,168,0.0,0.0
sample_08222.jpg,199.2740010479536,16.59545587218555,72,243,0.0,0.0
sample_08223.jpg,104.8822410681364,15.17043197228242,14,218,0.0,0.0
sample_08224.jpg,107.9471753769722,14.72885219386199,47,169,0.0,0.0
sample_08225.jpg,129.3217799685614,15.739755558171112,43,200,0.0,0.0
sample_08226.jpg,108.64848920025617,43.72249516413703,0,216,0.11255797706146053,0.0
sample_08227.jpg,102.14403539754313,20.45344275764853,19,189,0.0,0.0
sample_08228.jpg,78.60961788507443,45.31564451600049,0,180,0.21129849211123833,0.0
sample_08229.jpg,92.30458576723787,59.81820812572808,0,251,0.25352714005705523,0.0
sample_08230.jpg,152.7298608550525,15.159803066234474,61,211,0.0,0.0
sample_08231.jpg,145.121426769392,12.968782340276526,66,196,0.0,0.0
sample_08232.jpg,116.94810689126511,15.722597944452641,17,186,0.0,0.0
sample_08233.jpg,133.1887480836034,16.143643034578425,81,238,0.0,0.0
sample_08234.jpg,85.04531428904112,52.91901175404767,0,207,0.22395156125676804,0.0
sample_08235.jpg,95.20889208018785,22.068365143800396,10,211,0.0,0.0
sample_08236.jpg,153.1601234256438,19.587353535231294,12,219,0.0,0.0
sample_08237.jpg,159.5743173746822,18.237506461199388,71,255,0.0,1.9406547769217335e-05
sample_08238.jpg,162.44532205166024,18.23618083229555,0,255,1.9406547769217335e-05,9.703273884608666e-05
sample_08239.jpg,174.1691474703565,28.644000990281473,122,247,0.0,0.0
sample_08240.jpg,77.18102427759126,14.998923807214195,24,165,0.0,0.0
sample_08241.jpg,128.82931941236973,17.854114073738472,0,238,1.9406547769217335e-05,0.0
sample_08242.jpg,114.7313745657785,20.184900734910514,31,232,0.0,0.0
sample_08243.jpg,92.87973762347416,21.307301133779365,0,212,0.0005627898853073027,0.0
sample_08244.jpg,136.52160919094104,21.843477265366776,29,234,0.0,0.0
sample_08245.jpg,52.13066428613014,14.478136419778219,22,89,0.0,0.0
sample_08246.jpg,145.53911389702887,17.2852789776318,0,234,0.00013584583438452133,0.0
sample_08247.jpg,122.94967882163442,18.509741760207927,20,240,0.0,0.0
sample_08248.jpg,127.14399658444759,14.435774191139602,60,199,0.0,0.0
sample_08249.jpg,111.99617691008946,12.884541739643657,59,155,0.0,0.0
sample_08250.jpg,152.57183333656775,17.887600162458426,90,215,0.0,0.0
sample_08251.jpg,116.9135632362359,19.7238582667298,45,201,0.0,0.0
sample_08252.jpg,138.2576025150886,25.140420940945003,0,244,0.00013584583438452133,0.0
sample_08253.jpg,97.8455432863048,23.673206139290556,35,183,0.0,0.0
sample_08254.jpg,106.97807060102079,65.61027812426839,0,217,0.2419414310388325,0.0
sample_08255.jpg,91.64346290438394,65.33261270127326,0,212,0.30334374818063614,0.0
sample_08256.jpg,46.924023365483514,14.471088412498164,0,82,0.00021347202546139068,0.0
sample_08257.jpg,98.79588193056337,18.86007840689246,5,187,0.0,0.0
sample_08258.jpg,96.73574103902656,57.94486900364558,0,198,0.24390149236352346,0.0
sample_08259.jpg,86.31873314056162,24.486627566716752,0,162,0.030623532379824955,0.0
sample_08260.jpg,93.06180985464496,37.4764066065289,0,155,0.10079760911331483,0.0
sample_08261.jpg,95.67455219391023,61.673312809208674,0,216,0.26606376991596964,0.0
sample_08262.jpg,62.45388033922646,18.18357202679803,13,179,0.0,0.0
sample_08263.jpg,118.26922703720236,26.466767515338113,0,255,0.003376739311843816,0.0019600613246909507
sample_08264.jpg,65.76675270236177,48.62962005251623,0,196,0.3214500572493159,0.0
sample_08265.jpg,41.69653981253275,19.395406583087897,0,81,7.762619107686934e-05,0.0
sample_08266.jpg,73.95819829610511,16.485549148539345,18,173,0.0,0.0
sample_08267.jpg,95.63791263172195,18.678119113851128,6,196,0.0,0.0
sample_08268.jpg,125.21776087251838,15.758449711751814,52,181,0.0,0.0
sample_08269.jpg,113.62956781618118,47.169785153840536,0,247,0.11046206990238507,0.0
sample_08270.jpg,186.06390576180402,24.522719803747737,35,233,0.0,0.0
sample_08271.jpg,132.28197713908673,12.033743297244245,82,181,0.0,0.0
sample_08272.jpg,134.37512856837898,17.224688061085708,35,222,0.0,0.0
sample_08273.jpg,58.19163965922102,34.710500023759664,0,228,0.16881755904442158,0.0
sample_08274.jpg,134.773040423839,19.880330870176937,0,255,0.00027169166876904265,7.762619107686934e-05
sample_08275.jpg,111.67072910399969,19.30543359675965,7,215,0.0,0.0
sample_08276.jpg,103.39564128937103,15.252538545997556,58,253,0.0,0.0
sample_08277.jpg,200.87903898775446,20.28735668332439,0,254,7.762619107686934e-05,0.0
sample_08278.jpg,123.04368413902851,14.465134985881571,9,247,0.0,0.0
sample_08279.jpg,108.97603291350502,16.52130472107887,41,178,0.0,0.0
sample_08280.jpg,113.665993906344,16.360716569139328,21,185,0.0,0.0
sample_08281.jpg,130.24941295192997,16.593934523821666,29,240,0.0,0.0
sample_08282.jpg,136.99245085291778,14.659622792607756,22,222,0.0,0.0
sample_08283.jpg,121.97224863669003,14.957128741804896,26,223,0.0,0.0
sample_08284.jpg,183.89768868016068,15.332936023593389,54,245,0.0,0.0
sample_08285.jpg,143.26858662112596,12.514351451056347,87,202,0.0,0.0
sample_08286.jpg,101.97651807719924,16.443168753455346,0,157,0.005821964330765201,0.0
sample_08287.jpg,158.70057637446874,13.659179189524211,5,251,0.0,0.0
sample_08288.jpg,229.74156300335733,16.197043606595944,131,255,0.0,5.8219643307652e-05
sample_08289.jpg,163.91581439577715,14.14494626360199,93,225,0.0,0.0
sample_08290.jpg,103.27031380387743,20.464095577518542,43,153,0.0,0.0
sample_08291.jpg,86.47769217333928,55.07451787450091,0,203,0.26447243299889384,0.0
sample_08292.jpg,127.83135709988551,17.380672195869842,6,199,0.0,0.0
sample_08293.jpg,156.75819441479555,13.685516116079514,99,255,0.0,1.9406547769217335e-05
sample_08294.jpg,103.88227988123192,24.730358600920056,47,221,0.0,0.0
sample_08295.jpg,181.22567874400823,14.24232452900167,79,234,0.0,0.0
sample_08296.jpg,132.14857652972114,13.529315361834007,86,182,0.0,0.0
sample_08297.jpg,103.79374721030875,75.39809822510696,0,218,0.3210619262939316,0.0
sample_08298.jpg,119.97770187661317,21.756004858287323,4,247,0.0,0.0
sample_08299.jpg,103.05897649867065,17.761459943983784,5,238,0.0,0.0
sample_08300.jpg,82.8450387160628,21.674863721073145,0,166,0.0002522851209998253,0.0
sample_08301.jpg,130.21791612490054,17.13794090921217,72,200,0.0,0.0
sample_08302.jpg,90.94670961982573,16.643931849153063,24,148,0.0,0.0
sample_08303.jpg,150.66444138252245,52.106532625207,0,210,0.08624269828640183,0.0
sample_08304.jpg,100.81955791884182,15.049130179214735,14,184,0.0,0.0
sample_08305.jpg,161.76306545828564,13.934927119870284,112,202,0.0,0.0
sample_08306.jpg,165.43451260455276,19.7552919725998,98,220,0.0,0.0
sample_08307.jpg,179.41126356032527,15.352310090427663,126,250,0.0,0.0
sample_08308.jpg,91.36088416231637,16.026627277505742,20,161,0.0,0.0
sample_08309.jpg,100.29754119039764,59.40034462179367,0,227,0.20402103669778182,0.0
sample_08310.jpg,154.3160356304217,21.63518708994274,46,255,0.0,0.000116439286615304
sample_08311.jpg,153.01220671854685,15.933842952615171,33,219,0.0,0.0
sample_08312.jpg,112.1082497234567,13.97866300222405,68,174,0.0,0.0
sample_08313.jpg,78.77003240893478,21.078812677305066,11,151,0.0,0.0
sample_08314.jpg,161.73327640745987,15.136078050738938,105,242,0.0,0.0
sample_08315.jpg,70.35246172058453,15.901858831269939,5,153,0.0,0.0
sample_08316.jpg,115.89361330512915,13.222935541645166,49,189,0.0,0.0
sample_08317.jpg,71.34848337829183,31.169969316805872,0,213,0.11678860447514991,0.0
sample_08318.jpg,127.69838343457083,32.40219072013605,0,255,0.029653204991364087,5.8219643307652e-05
sample_08319.jpg,80.91488288148422,63.249007054090434,0,255,0.3526751926099866,7.762619107686934e-05
sample_08320.jpg,133.19061111218926,22.3659887995107,24,233,0.0,0.0
sample_08321.jpg,111.29282539928973,15.35995716854601,23,167,0.0,0.0
sample_08322.jpg,180.94537056802966,16.92335298190946,39,229,0.0,0.0
sample_08323.jpg,67.07648120475848,16.62650522157139,9,139,0.0,0.0
sample_08324.jpg,114.3935841953075,14.144874863028676,62,195,0.0,0.0
sample_08325.jpg,103.95734440800327,18.68561194691865,8,191,0.0,0.0
sample_08326.jpg,108.52799394515709,21.276603562634776,39,168,0.0,0.0
sample_08327.jpg,35.73246133245357,15.402586947686352,0,168,3.881309553843467e-05,0.0
sample_08328.jpg,120.35265578606221,19.914923914313828,12,217,0.0,0.0
sample_08329.jpg,165.38023249044227,15.235070674693302,89,214,0.0,0.0
sample_08330.jpg,88.0647402433581,14.438929329120082,55,245,0.0,0.0
sample_08331.jpg,80.02322963767975,49.60636747317341,0,252,0.23619709289914417,0.0
sample_08332.jpg,140.7284053639698,18.384736216332286,36,216,0.0,0.0
sample_08333.jpg,151.210561043296,21.690029989215585,38,212,0.0,0.0
sample_08334.jpg,111.1565332143065,14.4518380529,52,163,0.0,0.0
sample_08335.jpg,145.23947679947213,11.709536874870576,91,184,0.0,0.0
sample_08336.jpg,118.3306681674397,22.90467991294689,41,221,0.0,0.0
sample_08337.jpg,163.6449960216577,18.506538673913926,100,226,0.0,0.0
sample_08338.jpg,106.19363853364125,15.146813258423897,6,182,0.0,0.0
sample_08339.jpg,115.90760542607076,16.583277319011536,22,198,0.0,0.0
sample_08340.jpg,91.11608996875546,60.29113701548527,0,216,0.2760387354693474,0.0
sample_08341.jpg,123.9145723767199,13.80840496698985,47,175,0.0,0.0
sample_08342.jpg,126.24308641735722,17.43082300938578,21,192,0.0,0.0
sample_08343.jpg,168.4648256321683,20.36795586318663,46,239,0.0,0.0
sample_08344.jpg,139.78590696500999,17.137890012240387,56,229,0.0,0.0
sample_08345.jpg,137.14712103863843,19.31543684603599,18,226,0.0,0.0
sample_08346.jpg,88.82192551766965,16.12810886871351,23,156,0.0,0.0
sample_08347.jpg,118.99276135768208,20.555964063982696,48,163,0.0,0.0
sample_08348.jpg,153.69042674998545,15.16189211321303,66,216,0.0,0.0
sample_08349.jpg,124.80762289196375,77.2319376027213,0,247,0.2494323584777504,0.0
sample_08350.jpg,123.26373498418366,20.45033841088831,29,213,0.0,0.0
sample_08351.jpg,133.5494769935376,16.082034712250703,90,241,0.0,0.0
sample_08352.jpg,129.9711230569194,12.634868899591106,33,208,0.0,0.0
sample_08353.jpg,139.8074094199383,22.055966423962946,4,240,0.0,0.0
sample_08354.jpg,139.4112247472297,21.70122487524865,0,255,0.0004463505986919987,0.00029109821653826003
sample_08355.jpg,126.01690310310698,16.73656946407659,68,165,0.0,0.0
sample_08356.jpg,164.86170894059657,14.92214689149388,77,231,0.0,0.0
sample_08357.jpg,101.86209707155194,11.752417311124738,68,204,0.0,0.0
sample_08358.jpg,131.8462225154767,15.33386174518182,63,208,0.0,0.0
sample_08359.jpg,91.18791360204933,14.352267026431216,12,198,0.0,0.0
sample_08360.jpg,99.782374973316,22.299131972150427,3,239,0.0,0.0
sample_08361.jpg,107.891187486658,22.301568341242348,11,209,0.0,0.0
sample_08362.jpg,88.54132624347454,59.13233929862673,0,208,0.23299501251722332,0.0
sample_08363.jpg,101.74338721884764,14.65098751936699,23,207,0.0,0.0
sample_08364.jpg,108.9175997981719,20.720609861992553,59,255,0.0,1.9406547769217335e-05
sample_08365.jpg,80.6565429175804,62.88531728021291,0,168,0.34856100448291255,0.0
sample_08366.jpg,120.85559587804926,13.705544956818866,58,188,0.0,0.0
sample_08367.jpg,120.38128044402181,14.902244408632123,51,172,0.0,0.0
sample_08368.jpg,127.03027421451998,15.934808419138337,70,212,0.0,0.0
sample_08369.jpg,128.2869646218634,14.963998179535311,56,205,0.0,0.0
sample_08370.jpg,115.90636340701353,11.56153381212619,54,178,0.0,0.0
sample_08371.jpg,147.13153758077976,34.31226105737314,3,255,0.0,0.00013584583438452133
sample_08372.jpg,71.17912243590987,21.12773158059958,0,255,0.0005627898853073027,7.762619107686934e-05
sample_08373.jpg,99.45438490946846,18.312286806412207,24,234,0.0,0.0
sample_08374.jpg,128.4425081022337,43.976710374162536,0,254,0.014069747132682567,0.0
sample_08375.jpg,169.52467542548857,14.559119388466728,90,254,0.0,0.0
sample_08376.jpg,127.67257272603777,22.206003542218916,10,221,0.0,0.0
sample_08377.jpg,170.87894195501562,12.431049008302713,132,217,0.0,0.0
sample_08378.jpg,95.61609967202935,62.53024507315333,0,231,0.25876690795474394,0.0
sample_08379.jpg,147.8270682528285,67.82508671489164,0,251,0.14081391061344098,0.0
sample_08380.jpg,122.77156552620855,18.836952943831847,1,242,0.0,0.0
sample_08381.jpg,121.98028294746648,13.524989551919314,35,194,0.0,0.0
sample_08382.jpg,132.18116012342566,14.330173616552237,78,202,0.0,0.0
sample_08383.jpg,197.5172233111452,12.818857161276755,121,247,0.0,0.0
sample_08384.jpg,69.8358982320635,37.93153595222241,0,153,0.18492499369287196,0.0
sample_08385.jpg,123.46040093927691,8.624967298489288,20,172,0.0,0.0
sample_08386.jpg,94.08154631372625,17.23378497518229,11,204,0.0,0.0
sample_08387.jpg,102.8135807021289,22.641169307664406,31,255,0.0,7.762619107686934e-05
sample_08388.jpg,126.8507830542025,14.477151480109843,1,204,0.0,0.0
sample_08389.jpg,143.20112946108017,18.503890994011158,98,203,0.0,0.0
sample_08390.jpg,92.51460342719633,20.335801545197313,6,220,0.0,0.0
sample_08391.jpg,118.83483087193619,14.745341155349207,81,242,0.0,0.0
sample_08392.jpg,20.738535581905335,16.09988440399807,0,143,0.018397407285218034,0.0
sample_08393.jpg,24.035630421704283,18.774400416951917,0,110,0.006054842903995808,0.0
sample_08394.jpg,143.1524966523705,16.47174659401936,6,228,0.0,0.0
sample_08395.jpg,131.80048128238468,19.207129161646016,0,255,0.00015525238215373868,0.00013584583438452133
sample_08396.jpg,95.42981621999263,67.47059313165478,0,247,0.295290030856411,0.0
sample_08397.jpg,98.2504026858662,23.672690653075346,44,216,0.0,0.0
sample_08398.jpg,114.99291661006424,14.803085224168123,55,177,0.0,0.0
sample_08399.jpg,150.68085932193523,18.673297825780406,8,244,0.0,0.0
sample_08400.jpg,146.38688893632713,16.47318466718993,67,216,0.0,0.0
sample_08401.jpg,124.63115915309825,13.422780846067514,27,212,0.0,0.0
sample_08402.jpg,86.77069223155893,59.12118775968771,0,227,0.29435851656348855,0.0
sample_08403.jpg,143.95777135205418,16.003634743114333,61,235,0.0,0.0
sample_08404.jpg,137.06813638921773,15.751211914237201,81,195,0.0,0.0
sample_08405.jpg,133.28845892604164,18.001121419072238,39,219,0.0,0.0
sample_08406.jpg,120.55564827572823,18.66472395322625,36,197,0.0,0.0
sample_08407.jpg,119.92596402026044,13.817239819179385,73,168,0.0,0.0
sample_08408.jpg,173.12094160569777,21.352636168777696,83,246,0.0,0.0
sample_08409.jpg,57.13576820819345,27.485162307946627,0,169,0.11494498243707427,0.0
sample_08410.jpg,144.74538609326788,18.143701917191695,34,231,0.0,0.0
sample_08411.jpg,125.51832948436802,14.440142217713483,5,218,0.0,0.0
sample_08412.jpg,136.89945467600768,16.175132935236622,71,223,0.0,0.0
sample_08413.jpg,164.18803004133594,14.748374440633915,88,208,0.0,0.0
sample_08414.jpg,112.83733431659842,15.15323768696685,51,181,0.0,0.0
sample_08415.jpg,124.42032641813348,12.54286071086021,75,189,0.0,0.0
sample_08416.jpg,117.05142735158843,19.09507519618128,15,210,0.0,0.0
sample_08417.jpg,126.72087562343535,47.64924622409045,0,205,0.09658638824739467,0.0
sample_08418.jpg,69.13532185759475,14.427119345434326,7,125,0.0,0.0
sample_08419.jpg,139.66003609617886,22.006538378850923,31,246,0.0,0.0
sample_08420.jpg,89.9446525257622,42.96920548328314,0,216,0.14325913563236237,0.0
sample_08421.jpg,81.46109957499661,17.46751101792269,9,167,0.0,0.0
sample_08422.jpg,180.07663645714064,16.96909229736666,148,236,0.0,0.0
sample_08423.jpg,203.41471792582817,15.667873563025086,84,242,0.0,0.0
sample_08424.jpg,138.00102854703178,17.690967914082588,0,229,1.9406547769217335e-05,0.0
sample_08425.jpg,140.97267558074094,16.11768004610031,10,240,0.0,0.0
sample_08426.jpg,149.7880999049079,14.56012732056619,68,210,0.0,0.0
sample_08427.jpg,144.0407925634109,16.387574163708894,80,243,0.0,0.0
sample_08428.jpg,183.54379087504122,18.808140562207633,27,250,0.0,0.0
sample_08429.jpg,136.0016301500126,21.133045167989803,2,242,0.0,0.0
sample_08430.jpg,122.5805662830639,16.380468186033962,62,188,0.0,0.0
sample_08431.jpg,183.96180791399019,24.157587304893266,15,255,0.0,0.00027169166876904265
sample_08432.jpg,143.79931688951854,19.022078327896814,34,208,0.0,0.0
sample_08433.jpg,188.53236041840518,24.404952481455926,75,255,0.0,0.000116439286615304
sample_08434.jpg,160.37010227250676,15.43482759353997,99,228,0.0,0.0
sample_08435.jpg,118.50499718605057,18.68713170517359,49,196,0.0,0.0
sample_08436.jpg,194.94604979720157,16.97392786888035,63,253,0.0,0.0
sample_08437.jpg,156.104019096043,17.781975545598957,112,232,0.0,0.0
sample_08438.jpg,150.42343146577656,21.273915540046193,0,255,0.00021347202546139068,1.9406547769217335e-05
sample_08439.jpg,139.98691998680354,15.054830785583595,46,236,0.0,0.0
sample_08440.jpg,202.455432863048,12.30327934165331,100,240,0.0,0.0
sample_08441.jpg,105.1907663645714,21.526218289213165,14,209,0.0,0.0
sample_08442.jpg,140.9057618040327,20.615685983124642,5,245,0.0,0.0
sample_08443.jpg,123.7425333307458,20.460414520656713,0,243,0.00021347202546139068,0.0
sample_08444.jpg,115.25048031205729,17.725370209555933,0,250,9.703273884608666e-05,0.0
sample_08445.jpg,121.47159851733976,15.646127624425697,64,208,0.0,0.0
sample_08446.jpg,109.80665256457529,43.93129010507165,0,234,0.08552465601894078,0.0
sample_08447.jpg,167.3435153020629,16.775877829769353,75,224,0.0,0.0
sample_08448.jpg,144.61103456306157,14.415241926013868,49,212,0.0,0.0
sample_08449.jpg,171.69628752741176,17.487812131017748,111,212,0.0,0.0
sample_08450.jpg,199.05953928855595,17.044489135745792,75,246,0.0,0.0
sample_08451.jpg,161.2109491742514,13.457567189619361,108,204,0.0,0.0
sample_08452.jpg,127.83254089929942,17.522351907874604,87,189,0.0,0.0
sample_08453.jpg,164.42890411224747,12.363388672221106,95,219,0.0,0.0
sample_08454.jpg,124.27945428787673,18.449969199707994,19,208,0.0,0.0
sample_08455.jpg,128.1223000640416,91.62396003605558,0,254,0.31991693997554776,0.0
sample_08456.jpg,96.80028721690698,18.305184390707847,0,242,0.00015525238215373868,0.0
sample_08457.jpg,154.85971006617632,14.600233411097575,76,221,0.0,0.0
sample_08458.jpg,84.52853732849464,18.555643550771084,6,138,0.0,0.0
sample_08459.jpg,55.0182809679986,37.49493960288851,0,144,0.25317782219720936,0.0
sample_08460.jpg,211.10223369364823,18.28621224545044,17,255,0.0,0.001804808942537212
sample_08461.jpg,127.58091560092375,43.58003807315461,0,190,0.07178482019833492,0.0
sample_08462.jpg,137.3522288420113,14.647463181642788,0,234,1.9406547769217335e-05,0.0
sample_08463.jpg,121.23018106309068,11.977057984208223,76,182,0.0,0.0
sample_08464.jpg,127.12907294921307,15.230351398267217,52,184,0.0,0.0
sample_08465.jpg,86.53218575947524,18.30281111411775,0,178,0.006229501833918764,0.0
sample_08466.jpg,112.1349143200916,51.258896895734566,0,244,0.14277397193813193,0.0
sample_08467.jpg,88.94055774418288,44.75754685538249,0,193,0.17289293407595724,0.0
sample_08468.jpg,171.6907566612975,30.565494846255117,0,225,0.01156630247045353,0.0
sample_08469.jpg,156.80851559316113,13.452535382227763,61,212,0.0,0.0
sample_08470.jpg,123.54443129111762,13.865430414546251,30,242,0.0,0.0
sample_08471.jpg,113.86337790370472,21.254119322211928,0,195,0.008014904228686759,0.0
sample_08472.jpg,125.53106017970464,16.730859117342717,67,248,0.0,0.0
sample_08473.jpg,96.74499796231248,17.68312627629926,0,175,7.762619107686934e-05,0.0
sample_08474.jpg,122.66430553668808,22.87166597365825,52,255,0.0,5.8219643307652e-05
sample_08475.jpg,161.17423198587204,22.766818058881338,84,236,0.0,0.0
sample_08476.jpg,81.3905567738555,11.978773949929867,13,157,0.0,0.0
sample_08477.jpg,171.8074094199383,22.158718495299897,47,226,0.0,0.0
sample_08478.jpg,145.7742436298007,13.985916776425897,82,249,0.0,0.0
sample_08479.jpg,155.37462399813697,20.201544345903788,47,224,0.0,0.0
sample_08480.jpg,88.82819383259911,16.968590024224056,23,159,0.0,0.0
sample_08481.jpg,162.9447883715966,18.114186005798473,11,236,0.0,0.0
sample_08482.jpg,164.2236216499447,33.240402192234754,0,222,0.017019542393603603,0.0
sample_08483.jpg,70.08571872149663,42.58313582058112,24,243,0.0,0.0
sample_08484.jpg,139.82935822546528,20.969393691988163,5,248,0.0,0.0
sample_08485.jpg,65.04383939141066,15.37814477053622,3,120,0.0,0.0
sample_08486.jpg,129.786159250131,19.054966494803725,17,243,0.0,0.0
sample_08487.jpg,181.73688602534494,21.23214698719741,138,226,0.0,0.0
sample_08488.jpg,118.32261445011547,16.156432473163083,54,189,0.0,0.0
sample_08489.jpg,60.567447456771916,18.603675923633137,6,124,0.0,0.0
sample_08490.jpg,57.61051058627181,18.342716734023448,24,199,0.0,0.0
sample_08491.jpg,107.776320130412,14.004042816121911,52,164,0.0,0.0
sample_08492.jpg,116.70845543286305,36.62301176451277,0,243,0.03830852529643502,0.0
sample_08493.jpg,58.504764307477345,19.720973259013476,18,200,0.0,0.0
sample_08494.jpg,122.65978381105785,17.03810922789461,20,219,0.0,0.0
sample_08495.jpg,127.03380620621398,19.839053892190588,0,251,5.8219643307652e-05,0.0
sample_08496.jpg,123.09627588348309,17.630750342242955,62,195,0.0,0.0
sample_08497.jpg,126.93085447029829,15.249612864349068,55,203,0.0,0.0
sample_08498.jpg,123.45519998447476,16.03484945854453,59,185,0.0,0.0
sample_08499.jpg,100.1334006093656,15.475727037844313,15,177,0.0,0.0
sample_08500.jpg,180.8203147742048,23.01867935703542,75,222,0.0,0.0
sample_08501.jpg,146.63486580372216,14.439919165385348,97,208,0.0,0.0
sample_08502.jpg,189.5621106561354,18.905254118653524,124,252,0.0,0.0
sample_08503.jpg,85.53868695297794,19.66946151245864,4,185,0.0,0.0
sample_08504.jpg,87.43856857303655,70.46427678198863,0,243,0.3531021366609094,0.0
sample_08505.jpg,141.1517397970075,13.106050820804507,72,205,0.0,0.0
sample_08506.jpg,99.24320285664383,56.923592736213195,0,218,0.2096683420986241,0.0
sample_08507.jpg,167.40026004774012,14.398388220610693,109,246,0.0,0.0
sample_08508.jpg,143.2308602922626,18.91939741317924,77,216,0.0,0.0
sample_08509.jpg,142.33338508412737,13.928495406651507,79,194,0.0,0.0
sample_08510.jpg,42.87438141628986,35.100628241527865,0,208,0.0003299113120766947,0.0
sample_08511.jpg,86.53362184401017,42.93898427073373,0,244,0.15352519940227832,0.0
sample_08512.jpg,95.71877971627627,20.028292122290466,58,255,0.0,0.00013584583438452133
sample_08513.jpg,95.05853014807197,31.558499000248748,0,162,0.05591026412311514,0.0
sample_08514.jpg,61.091036115585396,17.9594712087295,26,183,0.0,0.0
sample_08515.jpg,138.83558772729918,13.569700065504675,80,194,0.0,0.0
sample_08516.jpg,126.88398765743563,15.30797545095103,67,182,0.0,0.0
sample_08517.jpg,128.90397640163792,15.872324870562098,16,253,0.0,0.0
sample_08518.jpg,143.60348541597935,55.61990577007358,0,228,0.09485920549593432,0.0
sample_08519.jpg,136.22408740709116,13.674672612292902,69,209,0.0,0.0
sample_08520.jpg,118.79692988414291,18.178995280265198,11,219,0.0,0.0
sample_08521.jpg,131.6832075142153,16.346716329833175,66,195,0.0,0.0
sample_08522.jpg,145.50841273845796,18.77094868376394,59,255,0.0,3.881309553843467e-05
sample_08523.jpg,129.20252673251954,75.50135152942167,0,208,0.22612509460692037,0.0
sample_08524.jpg,129.111083079431,14.95100718404521,47,186,0.0,0.0
sample_08525.jpg,143.4558015874556,46.19298934166765,0,249,0.0620233266704186,0.0
sample_08526.jpg,81.48741485377167,65.34166924713058,0,230,0.36067069029090415,0.0
sample_08527.jpg,91.16604242271342,34.31753952440822,0,244,0.004482912534689204,0.0
sample_08528.jpg,175.83343360049682,26.852974731811603,44,255,0.0,0.0002522851209998253
sample_08529.jpg,116.91488288148422,13.704433513282156,53,171,0.0,0.0
sample_08530.jpg,160.6132857226028,15.912239999338487,67,232,0.0,0.0
sample_08531.jpg,116.0677094451668,15.777037651944946,10,185,0.0,0.0
sample_08532.jpg,84.88825709794484,56.4239284179941,0,178,0.27423392652681017,0.0
sample_08533.jpg,76.548099128646,40.713042216026,0,171,0.16765316617826856,0.0
sample_08534.jpg,66.57561761338276,14.172658309279234,18,151,0.0,0.0
sample_08535.jpg,124.81274622057482,16.612261899009283,16,220,0.0,0.0
sample_08536.jpg,104.12948048671622,15.491595222088556,40,157,0.0,0.0
sample_08537.jpg,174.5235110326224,14.814555362896375,115,247,0.0,0.0
sample_08538.jpg,100.46160414523861,68.21546775775798,0,232,0.27980360573657553,0.0
sample_08539.jpg,148.14539385588697,15.58219258235301,4,211,0.0,0.0
sample_08540.jpg,136.4902288031982,17.587815025335406,6,232,0.0,0.0
sample_08541.jpg,81.2498981156242,17.333835629568213,0,185,0.007646179821071629,0.0
sample_08542.jpg,106.88837353723146,16.5490970737657,0,215,0.00019406547769217333,0.0
sample_08543.jpg,147.76316249102447,58.838091803533786,0,251,0.11327601932892158,0.0
sample_08544.jpg,45.51980438199848,26.407682184331538,0,148,0.09088086320324477,0.0
sample_08545.jpg,142.14731510411613,34.201807590173125,17,255,0.0,1.9406547769217335e-05
sample_08546.jpg,142.80647790564535,13.690456436644995,28,199,0.0,0.0
sample_08547.jpg,199.12505579382483,16.084639833750412,53,254,0.0,0.0
sample_08548.jpg,93.86394069359002,17.04591102567519,20,175,0.0,0.0
sample_08549.jpg,43.09472335966155,16.24928587875284,5,179,0.0,0.0
sample_08550.jpg,91.25245977992975,22.59112393065666,0,255,0.001571930369306604,0.0005433833375380853
sample_08551.jpg,185.4249839895981,16.646188230235676,54,243,0.0,0.0
sample_08552.jpg,95.51592307244464,41.94513354614461,0,244,0.11185934134176871,0.0
sample_08553.jpg,99.89928001707776,68.92340741463995,0,227,0.29596926002833357,0.0
sample_08554.jpg,111.72044867938442,23.071764435712286,9,199,0.0,0.0
sample_08555.jpg,115.35003590211338,24.786675250482876,9,198,0.0,0.0
sample_08556.jpg,103.652622794931,74.09313241660192,0,226,0.3130470220652448,0.0
sample_08557.jpg,124.60851171185158,17.609016479254905,0,197,1.9406547769217335e-05,0.0
sample_08558.jpg,133.9216945797512,20.390966533923056,37,224,0.0,0.0
sample_08559.jpg,73.6201556405131,37.83951683438073,0,255,0.1704865221525743,0.000116439286615304
sample_08560.jpg,131.62442508102234,17.301287788860197,18,206,0.0,0.0
sample_08561.jpg,80.57513244968852,16.096915922639255,18,139,0.0,0.0
sample_08562.jpg,129.37437171301596,19.52346717772044,0,247,3.881309553843467e-05,0.0
sample_08563.jpg,120.60315550466727,14.844027871177506,83,227,0.0,0.0
sample_08564.jpg,182.91463059636322,23.78407996088426,14,255,0.0,0.00029109821653826003
sample_08565.jpg,190.06811698266995,16.04234902628838,138,245,0.0,0.0
sample_08566.jpg,180.8581575423548,21.69447310884987,11,254,0.0,0.0
sample_08567.jpg,130.4132430281977,13.860908769708109,71,196,0.0,0.0
sample_08568.jpg,160.15172039045973,10.929992025989886,93,204,0.0,0.0
sample_08569.jpg,127.92986473636205,19.99474912690753,0,255,7.762619107686934e-05,3.881309553843467e-05
sample_08570.jpg,64.7867220400163,41.082384425233634,0,170,0.2546139067321314,0.0
sample_08571.jpg,132.68258650468667,17.5404498015372,57,227,0.0,0.0
sample_08572.jpg,95.88140658658232,17.141855221750397,4,225,0.0,0.0
sample_08573.jpg,150.24859787692367,17.753742007252413,119,212,0.0,0.0
sample_08574.jpg,130.73550816045335,14.50938838515523,95,240,0.0,0.0
sample_08575.jpg,111.49515806633158,17.804817558830475,44,157,0.0,0.0
sample_08576.jpg,121.78778940014361,18.07849355307161,38,206,0.0,0.0
sample_08577.jpg,137.88220225504085,12.421760005497951,61,201,0.0,0.0
sample_08578.jpg,158.14467581361953,21.354489321146588,102,222,0.0,0.0
sample_08579.jpg,118.28717809388888,16.253431775806728,51,166,0.0,0.0
sample_08580.jpg,150.3022957946011,42.03722885583775,0,254,0.011779774495914922,0.0
sample_08581.jpg,41.658347726522926,15.573198909728411,0,100,0.005006889324458072,0.0
sample_08582.jpg,175.9166488773312,35.640894772338086,48,255,0.0,0.0005821964330765201
sample_08583.jpg,122.4946340895418,15.604636559256225,3,176,0.0,0.0
sample_08584.jpg,154.38518116012344,21.371105583511348,0,240,0.0005433833375380853,0.0
sample_08585.jpg,78.55712317335869,13.5545958407804,26,127,0.0,0.0
sample_08586.jpg,55.57668497351006,15.925247974572478,8,152,0.0,0.0
sample_08587.jpg,127.53201110054532,21.74643420522445,3,247,0.0,0.0
sample_08588.jpg,103.68899066545052,16.652096452307518,53,174,0.0,0.0
sample_08589.jpg,133.75656426478292,16.225563878403257,57,183,0.0,0.0
sample_08590.jpg,190.90512138795629,16.65850345385225,52,255,0.0,3.881309553843467e-05
sample_08591.jpg,127.60414523860351,16.60283832419963,0,205,3.881309553843467e-05,0.0
sample_08592.jpg,23.450387160627997,20.837006926812556,0,174,0.0005627898853073027,0.0
sample_08593.jpg,164.08406916493624,15.036404433672017,75,217,0.0,0.0
sample_08594.jpg,54.380969939257504,42.648741348869294,0,166,0.31735527567001104,0.0
sample_08595.jpg,104.52570397252033,17.67392986501248,0,223,7.762619107686934e-05,0.0
sample_08596.jpg,86.37340138562752,28.532631349338757,0,252,0.05383376351180889,0.0
sample_08597.jpg,100.5973335403365,55.795628923626516,0,203,0.20062489083816878,0.0
sample_08598.jpg,43.90164761590561,23.555650429580112,0,142,0.0353781365832832,0.0
sample_08599.jpg,101.04071493721982,17.76781939584061,15,194,0.0,0.0
sample_08600.jpg,130.48510547458713,57.73777027065597,0,213,0.1369326010595975,0.0
sample_08601.jpg,144.2414562673446,20.224074099606984,83,214,0.0,0.0
sample_08602.jpg,163.02996370975566,15.565107749298155,78,231,0.0,0.0
sample_08603.jpg,120.32729142812785,32.63080768123345,0,218,0.045508354518814645,0.0
sample_08604.jpg,125.61186904461566,17.950167986611856,31,205,0.0,0.0
sample_08605.jpg,87.12468706941722,14.548244477202484,40,165,0.0,0.0
sample_08606.jpg,195.65035222884202,16.60928458003102,130,255,0.0,1.9406547769217335e-05
sample_08607.jpg,117.57893613305129,21.95925225673049,3,220,0.0,0.0
sample_08608.jpg,128.67063207126085,18.323372169424736,46,189,0.0,0.0
sample_08609.jpg,100.00345436550292,50.77943651555322,0,199,0.17099109239457394,0.0
sample_08610.jpg,166.43988821828484,13.20313782295367,104,254,0.0,0.0
sample_08611.jpg,145.75342040404433,30.78707504748547,0,255,0.0010867666750761706,3.881309553843467e-05
sample_08612.jpg,140.573327640746,16.3087348752138,7,177,0.0,0.0
sample_08613.jpg,89.80149042286868,14.461567060343711,30,185,0.0,0.0
sample_08614.jpg,88.37633177434066,15.037354546382627,29,157,0.0,0.0
sample_08615.jpg,126.9163965922102,18.95868902503564,39,209,0.0,0.0
sample_08616.jpg,117.33705292165577,17.197124151971092,60,181,0.0,0.0
sample_08617.jpg,132.31729705602672,23.39655506475629,49,199,0.0,0.0
sample_08618.jpg,93.80789458363252,17.369357129943516,8,220,0.0,0.0
sample_08619.jpg,125.76422985115178,15.848985210739635,74,199,0.0,0.0
sample_08620.jpg,125.32261445011547,15.775381976365834,57,160,0.0,0.0
sample_08621.jpg,205.8534223446991,19.103059796113826,103,253,0.0,0.0
sample_08622.jpg,41.61101515651381,16.824748354406392,1,88,0.0,0.0
sample_08623.jpg,120.43369752954646,78.2497001794365,0,246,0.27349647771157987,0.0
sample_08624.jpg,165.71412214481165,23.881559768912954,90,227,0.0,0.0
sample_08625.jpg,135.2194492421743,16.65968778903593,62,194,0.0,0.0
sample_08626.jpg,126.86413475906771,18.06694766001652,0,242,0.00021347202546139068,0.0
sample_08627.jpg,115.90620815463137,17.223560756139932,70,198,0.0,0.0
sample_08628.jpg,186.675580740942,15.94138655752732,84,254,0.0,0.0
sample_08629.jpg,165.22839566069592,13.822785465939985,68,224,0.0,0.0
sample_08630.jpg,103.1011857400687,21.70242863716887,0,228,1.9406547769217335e-05,0.0
sample_08631.jpg,102.76320130412002,11.980680255279342,55,154,0.0,0.0
sample_08632.jpg,125.33928467464922,16.694648092523686,0,213,0.000232878573230608,0.0
sample_08633.jpg,104.69244503095345,14.184173688514997,49,179,0.0,0.0
sample_08634.jpg,115.95569485144287,15.428432202853202,35,185,0.0,0.0
sample_08635.jpg,129.58596130334374,18.09653961813816,0,243,3.881309553843467e-05,0.0
sample_08636.jpg,85.68974752081353,16.091763311313457,18,161,0.0,0.0
sample_08637.jpg,154.42083098837549,18.14464946098772,8,210,0.0,0.0
sample_08638.jpg,164.12134914320092,46.376761189373546,0,251,0.04684740631489064,0.0
sample_08639.jpg,102.3121931339634,16.636760138527155,38,152,0.0,0.0
sample_08640.jpg,180.95074618176173,16.171844564393467,107,253,0.0,0.0
sample_08641.jpg,116.30064623804071,18.91127517736088,22,202,0.0,0.0
sample_08642.jpg,103.36756001474897,17.319052797714505,1,249,0.0,0.0
sample_08643.jpg,200.60247627549535,15.408238952961868,126,243,0.0,0.0
sample_08644.jpg,126.49684643598751,13.01105907158422,0,204,1.9406547769217335e-05,0.0
sample_08645.jpg,61.69826699528421,45.09032136903542,0,142,0.31980050068893245,0.0
sample_08646.jpg,98.9188030041336,13.547074415109325,53,169,0.0,0.0
sample_08647.jpg,126.98495992547886,19.17026817487047,67,185,0.0,0.0
sample_08648.jpg,78.59995342428536,15.618154462640037,0,162,0.000116439286615304,0.0
sample_08649.jpg,102.55023384890062,16.337421330996946,31,176,0.0,0.0
sample_08650.jpg,94.40986628888587,18.592307147689105,2,196,0.0,0.0
sample_08651.jpg,109.62197985600342,68.35178515806008,0,224,0.20493314444293503,0.0
sample_08652.jpg,171.77383609229753,16.94749800982728,32,204,0.0,0.0
sample_08653.jpg,93.9152710124396,62.06223531024086,0,193,0.2741563003357333,0.0
sample_08654.jpg,67.35855537658406,18.663011754283897,9,156,0.0,0.0
sample_08655.jpg,146.79238875196492,17.66200602556203,48,231,0.0,0.0
sample_08656.jpg,134.96006132469094,19.61071778435025,20,235,0.0,0.0
sample_08657.jpg,153.99538124163092,12.567752227948343,107,206,0.0,0.0
sample_08658.jpg,97.05552213316773,46.30584342086596,0,227,0.15523297560596946,0.0
sample_08659.jpg,143.0379592074366,15.872285058409734,84,210,0.0,0.0
sample_08660.jpg,53.88996487414854,29.31459329903002,0,188,0.12478410215606746,0.0
sample_08661.jpg,78.29726949872887,21.222641696936027,0,199,3.881309553843467e-05,0.0
sample_08662.jpg,169.90684857070775,13.721114812459765,118,232,0.0,0.0
sample_08663.jpg,128.73498418366356,93.37551853823146,0,255,0.31799569174639525,0.0004463505986919987
sample_08664.jpg,80.67400881057269,45.50960240221295,0,179,0.21129849211123833,0.0
sample_08665.jpg,60.69504550835452,35.81251947528488,0,122,0.18803004133594675,0.0
sample_08666.jpg,30.50030080149042,25.560548081399524,0,91,0.3042170428302509,0.0
sample_08667.jpg,121.14737332375944,14.130813353269678,78,216,0.0,0.0
sample_08668.jpg,130.7011585709018,25.22202334662989,14,253,0.0,0.0
sample_08669.jpg,124.33685885617807,14.060272309858032,50,200,0.0,0.0
sample_08670.jpg,132.32779599836985,20.09886690942894,1,244,0.0,0.0
sample_08671.jpg,40.008306002445224,22.43019642356915,0,116,0.12569620990122068,0.0
sample_08672.jpg,126.4041801703895,17.19500083481803,9,190,0.0,0.0
sample_08673.jpg,126.84767800655942,17.256399802264752,17,245,0.0,0.0
sample_08674.jpg,108.890430631295,30.953727290214122,0,240,0.034446622290360766,0.0
sample_08675.jpg,132.19769450212502,12.716816540666503,86,179,0.0,0.0
sample_08676.jpg,80.18209163771857,65.77098595707612,0,221,0.3815327291428128,0.0
sample_08677.jpg,169.77729045780046,12.569569013784603,127,255,0.0,0.00021347202546139068
sample_08678.jpg,121.75054823497447,10.663810279497703,40,194,0.0,0.0
sample_08679.jpg,173.01750470608783,18.231247707121785,76,255,0.0,5.8219643307652e-05
sample_08680.jpg,77.1577946399115,20.208787146978633,20,173,0.0,0.0
sample_08681.jpg,108.47033709173475,18.064677364051672,29,171,0.0,0.0
sample_08682.jpg,113.44737914572377,17.490791842264144,51,194,0.0,0.0
sample_08683.jpg,63.17553222457257,19.94757305556964,0,213,7.762619107686934e-05,0.0
sample_08684.jpg,67.81264918783597,26.076287671591135,8,135,0.0,0.0
sample_08685.jpg,146.03029362106776,14.76141955571749,70,210,0.0,0.0
sample_08686.jpg,143.43598750218322,56.6480608368567,0,223,0.10762871392807934,0.0
sample_08687.jpg,168.9596537871878,15.48450136287695,75,209,0.0,0.0
sample_08688.jpg,97.73942828310273,18.781313223464878,48,228,0.0,0.0
sample_08689.jpg,128.5488753905568,20.285700821286053,29,250,0.0,0.0
sample_08690.jpg,75.61838964466611,23.632654488370875,0,181,1.9406547769217335e-05,0.0
sample_08691.jpg,51.65442760387355,18.666364969290722,0,130,0.000174658929922956,0.0
sample_08692.jpg,148.12121329736652,15.113876125048469,48,242,0.0,0.0
sample_08693.jpg,109.60884162316366,15.722778506766552,57,222,0.0,0.0
sample_08694.jpg,130.95666517883134,14.889125071628538,77,179,0.0,0.0
sample_08695.jpg,131.1921636360108,13.972994135559766,59,211,0.0,0.0
sample_08696.jpg,127.76178462613285,20.4845383478707,21,253,0.0,0.0
sample_08697.jpg,132.96669836402802,16.017811879078817,45,203,0.0,0.0
sample_08698.jpg,168.7250674377535,21.49673393700733,96,225,0.0,0.0
sample_08699.jpg,79.06142172368958,15.62737849326514,36,168,0.0,0.0
sample_08700.jpg,153.04832230394535,18.433136078416062,55,197,0.0,0.0
sample_08701.jpg,152.00846125482738,16.140391025473285,72,230,0.0,0.0
sample_08702.jpg,134.30656523511033,13.536290298968444,84,198,0.0,0.0
sample_08703.jpg,120.36325176114421,14.877069189584942,59,164,0.0,0.0
sample_08704.jpg,133.84113799996118,14.809877911717356,52,208,0.0,0.0
sample_08705.jpg,128.34101185740067,22.479402160760547,0,200,0.010867666750761708,0.0
sample_08706.jpg,32.27023617768635,13.38459822348147,1,82,0.0,0.0
sample_08707.jpg,101.12513342001591,21.565643256803114,1,227,0.0,0.0
sample_08708.jpg,152.35401424440607,19.23559899222275,35,218,0.0,0.0
sample_08709.jpg,154.33258941566885,18.947114584851885,38,208,0.0,0.0
sample_08710.jpg,84.26057171689727,58.50407325169314,0,198,0.2926507403597974,0.0
sample_08711.jpg,141.3623784664946,17.0993164541871,44,217,0.0,0.0
sample_08712.jpg,115.74837470162433,21.93487731256615,42,208,0.0,0.0
sample_08713.jpg,23.32509848822993,26.287183368212187,1,168,0.0,0.0
sample_08714.jpg,99.45673310174853,18.762874139923607,0,226,0.00027169166876904265,0.0
sample_08715.jpg,185.89405965572783,19.93361679699243,124,234,0.0,0.0
sample_08716.jpg,124.30545906188748,19.230544813836733,0,252,1.9406547769217335e-05,0.0
sample_08717.jpg,115.25934910438782,20.173296857067026,0,241,0.00013584583438452133,0.0
sample_08718.jpg,63.500941217566805,16.104854590091335,8,130,0.0,0.0
sample_08719.jpg,119.64328824545402,19.567273457422324,28,235,0.0,0.0
sample_08720.jpg,110.4187350812164,17.60741753432121,20,195,0.0,0.0
sample_08721.jpg,87.64119233829494,12.06100547854212,10,196,0.0,0.0
sample_08722.jpg,197.83721787731182,14.986289854740397,150,254,0.0,0.0
sample_08723.jpg,96.19394903840556,60.310651107949106,0,237,0.25969842224766637,0.0
sample_08724.jpg,130.0139339012983,19.916583594377354,58,215,0.0,0.0
sample_08725.jpg,55.049389664072656,18.532727758273893,8,193,0.0,0.0
sample_08726.jpg,128.90323895282268,20.638694375220652,0,255,0.0014943041782297347,0.0002522851209998253
sample_08727.jpg,114.8399930136428,18.53264631028484,3,202,0.0,0.0
sample_08728.jpg,108.75384734809525,60.79317305069829,0,187,0.2097071551941625,0.0
sample_08729.jpg,108.13382755341652,50.1503785951052,0,207,0.13260494090706204,0.0
sample_08730.jpg,151.21873119990684,16.212315434294847,76,214,0.0,0.0
sample_08731.jpg,79.46515554348036,73.15332147983676,0,240,0.19722874497855578,0.0
sample_08732.jpg,165.48974363950396,16.58316832179773,51,243,0.0,0.0
sample_08733.jpg,120.95520968774865,33.66614610011202,0,237,0.039298259232665105,0.0
sample_08734.jpg,161.36303828911875,23.21303581573503,35,221,0.0,0.0
sample_08735.jpg,145.07335675056765,17.8823995942209,64,218,0.0,0.0
sample_08736.jpg,122.92268431368744,20.43056303014981,26,187,0.0,0.0
sample_08737.jpg,130.93591957926606,64.00543912196505,0,227,0.16854586737565255,0.0
sample_08738.jpg,200.26561741931727,19.964225750415117,120,252,0.0,0.0
sample_08739.jpg,141.10013778648917,18.816813998783953,64,202,0.0,0.0
sample_08740.jpg,184.08597100661763,13.227695982772168,64,224,0.0,0.0
sample_08741.jpg,182.46905625958198,17.485378354874705,77,248,0.0,0.0
sample_08742.jpg,72.96966756583672,15.836885903501436,43,255,0.0,0.000174658929922956
sample_08743.jpg,191.61188845116342,14.56078833149811,54,251,0.0,0.0
sample_08744.jpg,125.67719148440683,14.599942021594975,79,196,0.0,0.0
sample_08745.jpg,146.5296435017175,16.449339778975382,22,219,0.0,0.0
sample_08746.jpg,134.7741854101574,13.864262997275329,40,173,0.0,0.0
sample_08747.jpg,137.64893555085484,13.111838240526785,68,212,0.0,0.0
sample_08748.jpg,106.5670787323643,11.25640434738183,12,146,0.0,0.0
sample_08749.jpg,130.5200372605717,15.503613773761382,61,191,0.0,0.0
sample_08750.jpg,74.21337499272255,14.762069802197182,16,137,0.0,0.0
sample_08751.jpg,146.24487181975198,77.51634734803082,0,251,0.20468085932193522,0.0
sample_08752.jpg,72.21781909216169,36.73284698143973,0,129,0.16986551262395932,0.0
sample_08753.jpg,69.25158648528013,12.331697558422935,23,125,0.0,0.0
sample_08754.jpg,142.42915639736847,19.54512493040804,5,253,0.0,0.0
sample_08755.jpg,123.85268489588387,19.44934306406568,50,222,0.0,0.0
sample_08756.jpg,187.0712996565041,15.83951445069474,3,243,0.0,0.0
sample_08757.jpg,131.88736439674747,22.743163688362756,0,255,1.9406547769217335e-05,1.9406547769217335e-05
sample_08758.jpg,182.57150342525568,15.707718438819654,119,237,0.0,0.0
sample_08759.jpg,114.60889984280696,17.511987426717976,45,233,0.0,0.0
sample_08760.jpg,114.0892701197384,17.211159656390244,10,192,0.0,0.0
sample_08761.jpg,86.59983698499875,19.848743293925853,36,150,0.0,0.0
sample_08762.jpg,81.78982708765938,16.17233706550794,2,184,0.0,0.0
sample_08763.jpg,172.1559704244212,12.995652553965904,63,222,0.0,0.0
sample_08764.jpg,87.54448951076093,13.144166968816673,17,163,0.0,0.0
sample_08765.jpg,104.73184032292495,14.974914542233952,40,174,0.0,0.0
sample_08766.jpg,88.77618428457761,15.242641979448745,30,150,0.0,0.0
sample_08767.jpg,79.48238855789944,30.709413279262357,0,190,0.06031555046672747,0.0
sample_08768.jpg,175.01665081798598,18.226141547352558,106,231,0.0,0.0
sample_08769.jpg,53.76651982378855,13.662959907799605,9,177,0.0,0.0
sample_08770.jpg,104.60820120708728,17.69554611066052,32,158,0.0,0.0
sample_08771.jpg,128.41465970618486,22.60508760351645,22,236,0.0,0.0
sample_08772.jpg,126.87156746686333,74.01445568379046,0,246,0.21556793262046614,0.0
sample_08773.jpg,96.03394205204836,45.87160420325151,0,213,0.13495313318713734,0.0
sample_08774.jpg,145.32098430010285,21.61683970268356,0,236,0.006481786954918589,0.0
sample_08775.jpg,152.5246560189408,13.408611194677803,36,225,0.0,0.0
sample_08776.jpg,111.94290593646296,15.67418588107549,42,169,0.0,0.0
sample_08777.jpg,125.24683188107667,15.974097700444073,42,196,0.0,0.0
sample_08778.jpg,88.47410196200198,18.493242895149148,23,206,0.0,0.0
sample_08779.jpg,121.14560732791244,18.564175897629028,29,183,0.0,0.0
sample_08780.jpg,159.31209610122454,11.41622359119038,85,228,0.0,0.0
sample_08781.jpg,133.8500261988395,16.85343668156955,57,219,0.0,0.0
sample_08782.jpg,124.66391740573269,19.331256693014577,4,196,0.0,0.0
sample_08783.jpg,108.58182770866891,15.535616403588923,61,207,0.0,0.0
sample_08784.jpg,144.27475790331658,21.386402544019916,70,227,0.0,0.0
sample_08785.jpg,136.58786314502512,13.930138476461446,80,197,0.0,0.0
sample_08786.jpg,44.918240214248286,18.271822765957562,1,218,0.0,0.0
sample_08787.jpg,80.19482233305517,15.317099643003676,9,158,0.0,0.0
sample_08788.jpg,59.06904849696288,17.97679331298247,20,168,0.0,0.0
sample_08789.jpg,114.50713190630519,14.273003771844483,57,187,0.0,0.0
sample_08790.jpg,81.75615672727979,43.06045901353368,0,233,0.18333365677579616,0.0
sample_08791.jpg,73.54371324885017,49.13217257005125,0,195,0.2541481495856702,0.0
sample_08792.jpg,164.15604805061227,39.57831841535836,19,255,0.0,1.9406547769217335e-05
sample_08793.jpg,127.48143763705875,15.164703151823739,81,233,0.0,0.0
sample_08794.jpg,110.24787983465622,17.414831206705443,42,194,0.0,0.0
sample_08795.jpg,139.35176308486484,17.329306845519163,61,232,0.0,0.0
sample_08796.jpg,174.0294979526092,33.49357984742144,10,247,0.0,0.0
sample_08797.jpg,101.16056977624251,19.82304817299345,0,228,5.8219643307652e-05,0.0
sample_08798.jpg,126.49884531040773,19.49282120734884,66,181,0.0,0.0
sample_08799.jpg,161.50229967591065,40.65148302824758,0,251,0.03531991693997555,0.0
sample_08800.jpg,173.62492965126432,16.2453259043718,68,231,0.0,0.0
sample_08801.jpg,96.28595548137942,39.68656806330382,0,213,0.10205903471831396,0.0
sample_08802.jpg,134.4292728366551,13.987564919657512,80,192,0.0,0.0
sample_08803.jpg,194.38764579169012,23.480386050632706,25,248,0.0,0.0
sample_08804.jpg,126.18180053950204,49.229446212230556,0,255,0.09363659298647363,0.000174658929922956
sample_08805.jpg,88.54153971550001,42.78950330136632,0,193,0.15628092918550718,0.0
sample_08806.jpg,174.5317782219721,14.839284183704384,110,251,0.0,0.0
sample_08807.jpg,88.45958586427061,18.83185669122272,0,200,5.8219643307652e-05,0.0
sample_08808.jpg,107.24062178579052,53.56245069019425,0,255,0.16152069708319586,5.8219643307652e-05
sample_08809.jpg,119.02148304838052,15.526121093999366,14,224,0.0,0.0
sample_08810.jpg,177.22098235944807,18.295876367170575,80,228,0.0,0.0
sample_08811.jpg,139.84463117855964,14.493882212040415,41,207,0.0,0.0
sample_08812.jpg,91.69388111548837,42.303395979882765,0,163,0.13840749869005803,0.0
sample_08813.jpg,143.86702633468533,31.611674512809333,0,255,0.0017077762036911254,0.00019406547769217333
sample_08814.jpg,160.59411205340683,15.238692155982216,75,253,0.0,0.0
sample_08815.jpg,141.32381765607715,14.876132639096836,78,194,0.0,0.0
sample_08816.jpg,131.91470822255428,17.017358367181657,2,229,0.0,0.0
sample_08817.jpg,111.40889596149741,24.49077512803881,43,163,0.0,0.0
sample_08818.jpg,101.33000834481554,17.07632141683849,23,194,0.0,0.0
sample_08819.jpg,99.92796289468066,14.303409573854223,8,203,0.0,0.0
sample_08820.jpg,191.06155756952396,19.070111995544952,84,250,0.0,0.0
sample_08821.jpg,173.43189272060394,16.938261961178313,77,226,0.0,0.0
sample_08822.jpg,129.99043257194978,16.23493695354014,8,234,0.0,0.0
sample_08823.jpg,133.27976479264103,14.544749807169532,37,237,0.0,0.0
sample_08824.jpg,145.43666673135516,20.695217351561965,49,233,0.0,0.0
sample_08825.jpg,160.16254924411496,26.562092008172726,0,231,3.881309553843467e-05,0.0
sample_08826.jpg,133.67511498379554,42.521499265927915,0,246,0.00013584583438452133,0.0
sample_08827.jpg,125.94197442217003,16.420247619490716,1,177,0.0,0.0
sample_08828.jpg,46.11657513244969,32.208225147982425,0,137,0.2289584505812261,0.0
sample_08829.jpg,101.87405150497779,52.82532374185603,0,255,0.13058665993906343,1.9406547769217335e-05
sample_08830.jpg,113.09466514001824,16.561246290027146,34,232,0.0,0.0
sample_08831.jpg,85.71811989365212,57.96342664856077,0,172,0.28418948553241863,0.0
sample_08832.jpg,93.98742455704554,17.586192123679087,1,239,0.0,0.0
sample_08833.jpg,138.12546333132798,18.791979730570215,38,249,0.0,0.0
sample_08834.jpg,83.3210813328417,55.15512601225196,0,195,0.27332181878165696,0.0
sample_08835.jpg,70.6956859244309,15.753376062339944,20,165,0.0,0.0
sample_08836.jpg,133.09548021502454,20.460944269401296,0,240,0.00013584583438452133,0.0
sample_08837.jpg,93.04044324555105,20.21195961457094,39,147,0.0,0.0
sample_08838.jpg,146.6281123250985,16.695817020231775,30,208,0.0,0.0
sample_08839.jpg,67.3903044887345,15.901111691541859,4,141,0.0,0.0
sample_08840.jpg,203.82491412602613,20.691677495490396,130,253,0.0,0.0
sample_08841.jpg,152.78270488462806,14.036389848991845,113,207,0.0,0.0
sample_08842.jpg,96.40200663703934,21.647968594905354,12,184,0.0,0.0
sample_08843.jpg,113.5429369869394,16.1831773436931,3,225,0.0,0.0
sample_08844.jpg,132.92712841312658,14.360114120312408,25,196,0.0,0.0
sample_08845.jpg,101.74957790758602,11.38134058071298,73,135,0.0,0.0
sample_08846.jpg,66.44821362727784,16.47948323160259,14,161,0.0,0.0
sample_08847.jpg,138.76537483747018,16.622811653118166,4,238,0.0,0.0
sample_08848.jpg,125.88880048128239,11.895166247067236,84,172,0.0,0.0
sample_08849.jpg,103.23262628810961,15.361590692496167,46,171,0.0,0.0
sample_08850.jpg,122.47363620485552,14.363918585491609,37,191,0.0,0.0
sample_08851.jpg,108.03464068776805,63.34704850685565,0,215,0.23210231131983933,0.0
sample_08852.jpg,167.3594092646859,15.380086655933512,125,225,0.0,0.0
sample_08853.jpg,28.750625861165556,14.736414080296868,0,94,0.011954433425837878,0.0
sample_08854.jpg,200.95105668652604,14.355090822314624,148,237,0.0,0.0
sample_08855.jpg,94.60069087310059,19.909703114890842,42,153,0.0,0.0
sample_08856.jpg,107.5728812901473,53.64045330702233,0,255,0.15872615420442857,1.9406547769217335e-05
sample_08857.jpg,159.52129868617672,16.17868436433908,72,196,0.0,0.0
sample_08858.jpg,123.35199596343806,17.034006497154166,53,189,0.0,0.0
sample_08859.jpg,124.39387529352403,19.576660258356977,61,179,0.0,0.0
sample_08860.jpg,66.39269149411011,16.505105271450738,18,164,0.0,0.0
sample_08861.jpg,129.16683809117197,52.298769225028586,0,255,0.10553280676900387,1.9406547769217335e-05
sample_08862.jpg,188.51435114207533,13.687497347540573,133,239,0.0,0.0
sample_08863.jpg,97.22750295949854,79.0925544407304,0,218,0.3760794892196627,0.0
sample_08864.jpg,79.76034854159793,17.89883267117462,16,149,0.0,0.0
sample_08865.jpg,158.2691300044635,25.358810229306116,25,225,0.0,0.0
sample_08866.jpg,120.15620330299443,12.832276030006206,68,175,0.0,0.0
sample_08867.jpg,141.66737177123562,15.68474147514498,90,217,0.0,0.0
sample_08868.jpg,56.38657843156281,41.62315152130147,0,142,0.30769081488094085,0.0
sample_08869.jpg,176.25599177162374,16.037527196300434,87,228,0.0,0.0
sample_08870.jpg,73.33107570494285,48.740504155150596,0,207,0.2572726037765142,0.0
sample_08871.jpg,120.7243105823905,21.704715522960637,42,190,0.0,0.0
sample_08872.jpg,81.18154825438103,19.978682489197283,36,181,0.0,0.0
sample_08873.jpg,106.6049020939665,17.736728415845384,59,255,0.0,5.8219643307652e-05
sample_08874.jpg,97.76646160414523,20.78318743293213,33,170,0.0,0.0
sample_08875.jpg,117.1952492771061,14.03880547245331,54,184,0.0,0.0
sample_08876.jpg,134.8057016437346,17.55803272809936,23,215,0.0,0.0
sample_08877.jpg,116.449378020144,18.369939573629058,21,208,0.0,0.0
sample_08878.jpg,105.0170195423936,15.81123124102498,12,172,0.0,0.0
sample_08879.jpg,118.43288245454016,14.507012683109187,68,177,0.0,0.0
sample_08880.jpg,171.27287546818297,25.0732668937593,0,241,0.000465757146461216,0.0
sample_08881.jpg,136.89636903491237,18.182005206556806,0,213,0.0018436220380756466,0.0
sample_08882.jpg,137.72832773777873,22.430916868355364,0,251,1.9406547769217335e-05,0.0
sample_08883.jpg,183.15492247084165,21.79373127067035,62,251,0.0,0.0
sample_08884.jpg,131.06359525703974,21.359453484245783,28,225,0.0,0.0
sample_08885.jpg,92.6373692483844,16.067714061081006,0,206,3.881309553843467e-05,0.0
sample_08886.jpg,130.58056628306392,15.153252570352128,58,188,0.0,0.0
sample_08887.jpg,140.37336257253196,31.597534055459143,0,192,0.03172970560267034,0.0
sample_08888.jpg,110.13047022065244,15.382125653105323,18,183,0.0,0.0
sample_08889.jpg,117.59680956354674,15.789728236301196,68,165,0.0,0.0
sample_08890.jpg,136.3437287740884,14.450007959672845,83,245,0.0,0.0
sample_08891.jpg,119.86784140969164,22.16153631198844,1,223,0.0,0.0
sample_08892.jpg,131.82421549030644,18.611739814753506,57,197,0.0,0.0
sample_08893.jpg,60.13858215761998,14.121360541818472,31,215,0.0,0.0
sample_08894.jpg,140.27120650507482,19.903577504239838,0,255,3.881309553843467e-05,5.8219643307652e-05
sample_08895.jpg,157.2722350521066,13.173484995105932,54,207,0.0,0.0
sample_08896.jpg,117.18589532108133,15.03207533252803,66,178,0.0,0.0
sample_08897.jpg,143.76376409400532,17.535685553079983,62,206,0.0,0.0
sample_08898.jpg,124.63451648586233,21.114009341177223,51,183,0.0,0.0
sample_08899.jpg,102.2962409516971,19.707384566702476,8,174,0.0,0.0
sample_08900.jpg,131.34316598420307,13.863374387539874,40,214,0.0,0.0
sample_08901.jpg,77.77705757922723,13.82403761358815,5,131,0.0,0.0
sample_08902.jpg,98.90300607424945,65.61963757931802,0,182,0.27279784199188806,0.0
sample_08903.jpg,134.31378447088048,17.3629975277072,36,220,0.0,0.0
sample_08904.jpg,80.28314153195288,22.591040696243873,0,253,0.011411050088299792,0.0
sample_08905.jpg,181.25044149896175,14.522958375758261,92,247,0.0,0.0
sample_08906.jpg,165.62425042209242,16.704699864062817,67,224,0.0,0.0
sample_08907.jpg,41.966096761047176,16.370599903216863,0,148,9.703273884608666e-05,0.0
sample_08908.jpg,155.03939529197152,18.217360616298933,44,255,0.0,1.9406547769217335e-05
sample_08909.jpg,133.0284888121252,20.60147415643421,5,235,0.0,0.0
sample_08910.jpg,206.19680180092763,16.901803646447675,134,255,0.0,0.000349317859845912
sample_08911.jpg,134.99701139164355,14.850532943411094,38,202,0.0,0.0
sample_08912.jpg,108.76003803683363,18.110269787273964,28,202,0.0,0.0
sample_08913.jpg,134.8432145005725,17.211748778857764,70,176,0.0,0.0
sample_08914.jpg,87.54472238933415,60.033801405287605,0,186,0.295115371926488,0.0
sample_08915.jpg,136.25523491626075,15.573463676211883,97,169,0.0,0.0
sample_08916.jpg,100.30369306604048,14.379554074080133,53,149,0.0,0.0
sample_08917.jpg,114.10085582875662,17.743247035187892,8,200,0.0,0.0
sample_08918.jpg,186.07795610238895,18.332507869180326,35,251,0.0,0.0
sample_08919.jpg,133.53369947020124,19.143179653095398,30,213,0.0,0.0
sample_08920.jpg,137.6930466339343,18.023337373245916,60,185,0.0,0.0
sample_08921.jpg,130.16621708164334,18.66440405853786,47,246,0.0,0.0
sample_08922.jpg,96.89838731588038,16.39024182528336,22,191,0.0,0.0
sample_08923.jpg,125.5982844611772,13.81162196854709,23,220,0.0,0.0
sample_08924.jpg,80.86128199654563,16.100670388074988,17,141,0.0,0.0
sample_08925.jpg,103.70954219953812,23.505167134686495,19,166,0.0,0.0
sample_08926.jpg,133.94719478351996,14.342457738687134,91,234,0.0,0.0
sample_08927.jpg,96.1192726425896,14.261829262766064,0,200,1.9406547769217335e-05,0.0
sample_08928.jpg,97.05829726949872,23.513124503326093,5,204,0.0,0.0
sample_08929.jpg,91.5163306099478,55.99646174669464,0,180,0.2466378155989831,0.0
sample_08930.jpg,107.88282326456947,70.6515533973263,0,238,0.27388460866696424,0.0
sample_08931.jpg,119.22783287081062,20.375950530288005,4,217,0.0,0.0
sample_08932.jpg,166.2112596790157,16.084870330987343,81,227,0.0,0.0
sample_08933.jpg,126.49626423955442,17.17905196243977,0,226,1.9406547769217335e-05,0.0
sample_08934.jpg,113.63884414601486,28.007602484348666,0,206,0.001047953579537736,0.0
sample_08935.jpg,135.67358186652177,16.882645745181982,24,215,0.0,0.0
sample_08936.jpg,142.85489724232957,21.26248684394222,1,254,0.0,0.0
sample_08937.jpg,93.04284965747443,16.971122724768637,0,160,0.00015525238215373868,0.0
sample_08938.jpg,136.2636573579926,19.891665463931336,31,228,0.0,0.0
sample_08939.jpg,36.89444778668323,26.74936042472898,0,111,0.23908866851675756,0.0
sample_08940.jpg,76.72306856333327,18.03787525699659,4,175,0.0,0.0
sample_08941.jpg,146.69201808690252,15.445431691845751,47,192,0.0,0.0
sample_08942.jpg,183.64716955500785,17.029731766794637,41,241,0.0,0.0
sample_08943.jpg,120.33905179607599,16.904277934062154,60,214,0.0,0.0
sample_08944.jpg,107.28746919210542,56.087296894769054,0,245,0.1888839294377923,0.0
sample_08945.jpg,133.30590541248617,19.2050816461478,0,226,5.8219643307652e-05,0.0
sample_08946.jpg,142.0773544994081,46.4099974409084,0,217,0.06477905645364745,0.0
sample_08947.jpg,137.40447126860602,14.88770936171853,31,231,0.0,0.0
sample_08948.jpg,46.78173455723961,15.836726954714779,0,154,0.0007762619107686933,0.0
sample_08949.jpg,48.20976537483747,31.773267438309333,0,215,0.14686875351743678,0.0
sample_08950.jpg,89.37875759281181,14.527447361943038,29,156,0.0,0.0
sample_08951.jpg,151.92216033689766,17.029967995126253,66,255,0.0,1.9406547769217335e-05
sample_08952.jpg,105.85775000485164,15.357200545663636,24,241,0.0,0.0
sample_08953.jpg,111.53616410176794,16.26474485181173,13,176,0.0,0.0
sample_08954.jpg,124.109821653826,18.933498169449372,0,239,1.9406547769217335e-05,0.0
sample_08955.jpg,167.69357061072407,14.399175225015238,104,226,0.0,0.0
sample_08956.jpg,66.46472859942945,14.616900833856441,19,156,0.0,0.0
sample_08957.jpg,119.14129907430767,14.313904200800563,96,190,0.0,0.0
sample_08958.jpg,79.47912825787421,27.558719232458834,0,186,0.06312949989326398,0.0
sample_08959.jpg,85.58842593491043,39.18385675941765,0,167,0.13045081410467893,0.0
sample_08960.jpg,88.59083234683382,63.780762465498995,0,200,0.31184381610355333,0.0
sample_08961.jpg,49.808864911020976,17.3477035601527,0,122,9.703273884608666e-05,0.0
sample_08962.jpg,118.48231093170835,14.466480194008415,55,187,0.0,0.0
sample_08963.jpg,127.81284325331367,31.27650400377556,0,206,0.038968347920588405,0.0
sample_08964.jpg,136.27681499738011,19.324372658851832,0,249,1.9406547769217335e-05,0.0
sample_08965.jpg,93.9249742863242,19.565007923090228,0,175,0.00048516369423043333,0.0
sample_08966.jpg,64.17625026684003,15.577833328431106,4,136,0.0,0.0
sample_08967.jpg,147.40796444720448,17.73247856024408,62,244,0.0,0.0
sample_08968.jpg,103.14568495410352,40.96478763596943,0,216,0.00031050476430747735,0.0
sample_08969.jpg,115.45234722195269,19.652717191074714,41,238,0.0,0.0
sample_08970.jpg,171.08758175008248,17.883389858178838,0,241,1.9406547769217335e-05,0.0
sample_08971.jpg,174.1907081449281,16.940569107879615,78,246,0.0,0.0
sample_08972.jpg,163.4519590909973,15.358618337161897,66,204,0.0,0.0
sample_08973.jpg,110.91497991422305,18.380574912311353,0,236,0.000116439286615304,0.0
sample_08974.jpg,104.00978090007568,19.628673206862292,11,177,0.0,0.0
sample_08975.jpg,93.71695550078597,26.65183412635032,0,153,0.00029109821653826003,0.0
sample_08976.jpg,122.58993964563643,19.572898626066962,2,231,0.0,0.0
sample_08977.jpg,156.6152457839275,22.38291521266912,91,220,0.0,0.0
sample_08978.jpg,71.54447010421316,12.604290509078599,24,152,0.0,0.0
sample_08979.jpg,96.35030759378215,17.902100287357605,0,213,0.000116439286615304,0.0
sample_08980.jpg,94.20957130935977,65.73445112252682,0,242,0.2964738302703332,0.0
sample_08981.jpg,134.13374992722544,18.081692031126007,0,217,5.8219643307652e-05,0.0
sample_08982.jpg,133.76782006248908,13.359918365023493,87,214,0.0,0.0
sample_08983.jpg,98.93025286731744,18.831426569780962,28,170,0.0,0.0
sample_08984.jpg,132.65625181936386,18.66146693386935,3,228,0.0,0.0
sample_08985.jpg,115.81697684798851,26.272432274900986,0,205,0.013254672126375438,0.0
sample_08986.jpg,89.41335946748433,37.752324056837814,0,239,0.10953055560946263,0.0
sample_08987.jpg,63.732635991383496,15.16078352785719,0,118,1.9406547769217335e-05,0.0
sample_08988.jpg,122.13910613440974,13.94304019201706,58,196,0.0,0.0
sample_08989.jpg,211.43711308195384,12.226169265431661,149,239,0.0,0.0
sample_08990.jpg,90.24865609656698,24.13172391596772,8,191,0.0,0.0
sample_08991.jpg,102.57992586698752,14.212646559753303,9,231,0.0,0.0
sample_08992.jpg,95.63073220904734,16.603682353716415,12,151,0.0,0.0
sample_08993.jpg,154.92439208989114,14.714552870142542,108,225,0.0,0.0
sample_08994.jpg,104.38846086669642,14.670937735380909,37,151,0.0,0.0
sample_08995.jpg,186.2251159541229,16.64427522206832,117,245,0.0,0.0
sample_08996.jpg,65.02173533350152,43.69462570922479,0,153,0.26575326515166214,0.0
sample_08997.jpg,124.4225775776747,19.65199836331563,8,242,0.0,0.0
sample_08998.jpg,77.63866948708494,56.59782137544877,0,192,0.31529818160647405,0.0
sample_08999.jpg,100.36955888916921,63.36459524195407,0,237,0.2537988317258243,0.0
sample_09000.jpg,145.24141745424907,16.90299516214439,58,237,0.0,0.0
sample_09001.jpg,86.38917890896388,17.460051856174648,34,159,0.0,0.0
sample_09002.jpg,120.19280405208717,50.10792239727435,0,253,0.06701080944710745,0.0
sample_09003.jpg,176.67026334685323,22.296273298355093,0,242,0.00013584583438452133,0.0
sample_09004.jpg,119.50664674261095,54.296928239639534,0,213,0.1354771099769062,0.0
sample_09005.jpg,82.10867666750762,44.67707177415837,0,227,0.17368860253449514,0.0
sample_09006.jpg,163.7722253488327,17.25971265956167,9,246,0.0,0.0
sample_09007.jpg,123.62683149294573,19.312419278074334,41,196,0.0,0.0
sample_09008.jpg,168.86436763764095,17.782923153014156,46,203,0.0,0.0
sample_09009.jpg,100.80323701216791,17.309192453054038,22,157,0.0,0.0
sample_09010.jpg,182.6849735100623,85.19706357187287,0,253,0.15934716373304353,0.0
sample_09011.jpg,94.71039608763996,62.977414159884916,0,201,0.2763298336858856,0.0
sample_09012.jpg,117.01325467212638,16.556457441337802,51,165,0.0,0.0
sample_09013.jpg,123.21948805526985,22.07185518535389,46,215,0.0,0.0
sample_09014.jpg,89.83184226357973,67.38157016750318,0,255,0.3213142114149314,1.9406547769217335e-05
sample_09015.jpg,77.56801024665722,52.91231549107667,0,196,0.2903025480797221,0.0
sample_09016.jpg,146.77876535543092,21.357024434013173,74,203,0.0,0.0
sample_09017.jpg,111.03192377108036,17.76096209233586,0,196,0.000174658929922956,0.0
sample_09018.jpg,86.54443129111762,19.940206629104903,5,161,0.0,0.0
sample_09019.jpg,138.2983174523084,19.0094697024192,8,239,0.0,0.0
sample_09020.jpg,136.82603970579675,16.149446043164218,56,255,0.0,3.881309553843467e-05
sample_09021.jpg,187.7134041025442,14.062392714419378,96,255,0.0,0.000116439286615304
sample_09022.jpg,130.22338877137145,18.35492335144483,57,225,0.0,0.0
sample_09023.jpg,111.79114673290768,17.790406415942307,31,186,0.0,0.0
sample_09024.jpg,131.61384851248812,16.88494154273159,25,228,0.0,0.0
sample_09025.jpg,138.2976188165887,17.014096276316444,56,210,0.0,0.0
sample_09026.jpg,139.4797686739506,21.217344097684354,0,250,0.000232878573230608,0.0
sample_09027.jpg,75.84851248811349,45.663380476799624,0,207,0.2123658522385453,0.0
sample_09028.jpg,170.78320945487008,14.15052254787128,77,226,0.0,0.0
sample_09029.jpg,124.02431640435483,13.029556557637532,74,188,0.0,0.0
sample_09030.jpg,104.64416154010362,54.04540577105488,0,206,0.1750082477828019,0.0
sample_09031.jpg,102.38917890896388,12.668975040136266,47,157,0.0,0.0
sample_09032.jpg,196.0018824351336,16.97644114610447,119,255,0.0,0.00036872440761512933
sample_09033.jpg,73.96945409381125,52.434659757112186,0,221,0.3070892119000951,0.0
sample_09034.jpg,80.30049098565856,19.63254753848273,0,206,1.9406547769217335e-05,0.0
sample_09035.jpg,140.0803237012168,12.91130022982092,86,203,0.0,0.0
sample_09036.jpg,169.81059209377244,19.19174479177435,17,238,0.0,0.0
sample_09037.jpg,75.78613984358323,63.98993619524483,0,204,0.3926720875623435,0.0
sample_09038.jpg,132.51766966174387,64.44033290807307,0,249,0.1691668769042675,0.0
sample_09039.jpg,169.7688680160686,16.794548103787392,74,248,0.0,0.0
sample_09040.jpg,159.74798657066896,17.74637841853033,22,232,0.0,0.0
sample_09041.jpg,136.35832249801084,67.11140190275738,0,211,0.174212579324264,0.0
sample_09042.jpg,100.54301461313047,14.562851186284671,52,158,0.0,0.0
sample_09043.jpg,139.2928448058375,15.309278946098091,1,213,0.0,0.0
sample_09044.jpg,86.99396456364377,16.351153681813884,35,239,0.0,0.0
sample_09045.jpg,94.79260222399037,51.390038963957856,0,198,0.1930369306604048,0.0
sample_09046.jpg,89.51858176948903,47.95775082944428,0,183,0.1904364532593297,0.0
sample_09047.jpg,103.13999883560713,14.315068667274522,23,155,0.0,0.0
sample_09048.jpg,103.63828135612955,16.427791175016893,23,168,0.0,0.0
sample_09049.jpg,178.51666052125987,17.989532486005327,87,253,0.0,0.0
sample_09050.jpg,165.1516233577209,18.19688850545556,53,209,0.0,0.0
sample_09051.jpg,87.27601932892158,15.764629201975344,0,145,0.00015525238215373868,0.0
sample_09052.jpg,133.1487900017466,17.503709017214724,0,243,1.9406547769217335e-05,0.0
sample_09053.jpg,124.77715461196608,16.79646088159209,72,201,0.0,0.0
sample_09054.jpg,116.58728094859205,14.761339354922997,48,184,0.0,0.0
sample_09055.jpg,136.0307011585709,18.291204822502603,40,205,0.0,0.0
sample_09056.jpg,69.73803101166334,14.474301984281084,19,129,0.0,0.0
sample_09057.jpg,113.43466785693494,14.838759816774704,56,160,0.0,0.0
sample_09058.jpg,125.26311397465504,18.25279280762345,0,186,1.9406547769217335e-05,0.0
sample_09059.jpg,92.68497351006229,16.75882048073626,0,171,1.9406547769217335e-05,0.0
sample_09060.jpg,83.9031031069883,17.506689513484243,6,154,0.0,0.0
sample_09061.jpg,148.97077373905955,16.956700782732888,60,253,0.0,0.0
sample_09062.jpg,115.06151875642841,17.140837822204197,13,212,0.0,0.0
sample_09063.jpg,114.8014710163209,19.6175236102093,23,200,0.0,0.0
sample_09064.jpg,101.55945195909099,13.397247230765316,9,197,0.0,0.0
sample_09065.jpg,47.76038735469347,19.41087365380463,0,219,7.762619107686934e-05,0.0
sample_09066.jpg,108.78134642628423,19.012425539841356,56,155,0.0,0.0
sample_09067.jpg,203.8865881348367,19.57614443011949,85,247,0.0,0.0
sample_09068.jpg,143.52948824933532,14.165325095730472,77,218,0.0,0.0
sample_09069.jpg,147.2193133963399,15.95598030346322,69,229,0.0,0.0
sample_09070.jpg,129.85742009353956,19.423285399442296,38,221,0.0,0.0
sample_09071.jpg,113.06866036600749,72.8031505261624,0,201,0.2569426924644375,0.0
sample_09072.jpg,148.03910419375498,10.67755463626085,99,199,0.0,0.0
sample_09073.jpg,85.70513691319451,14.662935772337732,36,142,0.0,0.0
sample_09074.jpg,95.35034640687768,16.105733015256252,14,156,0.0,0.0
sample_09075.jpg,125.2018669098954,15.667750135551167,59,194,0.0,0.0
sample_09076.jpg,127.15366104523666,64.6659101370997,0,255,0.1703894894137282,0.00019406547769217333
sample_09077.jpg,173.54221894467193,19.983483254782087,0,248,3.881309553843467e-05,0.0
sample_09078.jpg,134.6199033553921,16.652809472454464,43,200,0.0,0.0
sample_09079.jpg,114.03584389372975,18.686858491557544,31,192,0.0,0.0
sample_09080.jpg,131.99266432494323,17.003942626329476,85,190,0.0,0.0
sample_09081.jpg,27.516136544470104,12.37019374420209,0,92,0.006481786954918589,0.0
sample_09082.jpg,101.34557239612646,59.0280016730382,0,205,0.22558171126938228,0.0
sample_09083.jpg,162.07890702322965,26.582726183889573,108,232,0.0,0.0
sample_09084.jpg,79.32243979118554,26.05001320105659,0,170,0.06737953385472259,0.0
sample_09085.jpg,102.0988569543364,13.412123016646925,42,172,0.0,0.0
sample_09086.jpg,113.94164451085797,16.957208659402834,63,163,0.0,0.0
sample_09087.jpg,157.08847445127986,17.046848291632138,65,237,0.0,0.0
sample_09088.jpg,155.1744454578975,38.0861702533494,3,252,0.0,0.0
sample_09089.jpg,70.4285159812921,20.81371832126182,1,129,0.0,0.0
sample_09090.jpg,128.28030817597858,14.223909830760611,83,191,0.0,0.0
sample_09091.jpg,119.00417240777038,17.620935077452348,1,179,0.0,0.0
sample_09092.jpg,103.41972481515263,19.53514590056993,0,216,9.703273884608666e-05,0.0
sample_09093.jpg,95.11339245861554,63.62947626318134,0,204,0.2809679986027286,0.0
sample_09094.jpg,205.92565351549612,10.82546946961079,163,252,0.0,0.0
sample_09095.jpg,121.24564808166275,21.299137428262142,26,221,0.0,0.0
sample_09096.jpg,81.09614003764871,16.581498805196834,35,211,0.0,0.0
sample_09097.jpg,136.47734285547944,36.364705078716725,0,255,0.03786217469774302,0.0012032059616914747
sample_09098.jpg,140.16493624949058,16.803837118147065,0,226,3.881309553843467e-05,0.0
sample_09099.jpg,108.72935628481049,14.208911944684141,18,170,0.0,0.0
sample_09100.jpg,83.49094684546566,16.503278661434074,17,140,0.0,0.0
sample_09101.jpg,110.06617632789303,63.8018982817416,0,187,0.21356905820023675,0.0
sample_09102.jpg,204.40445186205827,12.958964143357456,125,237,0.0,0.0
sample_09103.jpg,162.53963787381863,15.686781963404094,87,222,0.0,0.0
sample_09104.jpg,114.49568204312135,17.727580148750725,44,164,0.0,0.0
sample_09105.jpg,70.7043218381882,15.668498787300583,5,197,0.0,0.0
sample_09106.jpg,137.07809194822332,18.4634962019301,0,253,1.9406547769217335e-05,0.0
sample_09107.jpg,164.2701973645908,16.2077274029045,74,243,0.0,0.0
sample_09108.jpg,131.48040909002697,13.248655688190604,95,238,0.0,0.0
sample_09109.jpg,191.27893031108695,17.928056275600156,73,255,0.0,0.0007374488152302587
sample_09110.jpg,162.02008577694113,9.533725873683439,114,193,0.0,0.0
sample_09111.jpg,96.26416192823459,63.917077019593556,0,193,0.26949872887112114,0.0
sample_09112.jpg,190.809369481263,15.649192055367084,36,255,0.0,9.703273884608666e-05
sample_09113.jpg,166.8193832599119,14.365309818495861,74,217,0.0,0.0
sample_09114.jpg,168.76991596964817,26.240315107984006,0,249,0.00013584583438452133,0.0
sample_09115.jpg,100.7863533156087,22.350886545219744,54,155,0.0,0.0
sample_09116.jpg,61.73416910865726,16.478647448749932,19,118,0.0,0.0
sample_09117.jpg,65.52655786062218,19.551762532940504,8,168,0.0,0.0
sample_09118.jpg,122.77925051912516,11.850628012125123,4,177,0.0,0.0
sample_09119.jpg,107.4068776805294,21.54046255656389,5,229,0.0,0.0
sample_09120.jpg,185.67581361951522,20.67982904567872,0,247,0.0020765006113062545,0.0
sample_09121.jpg,195.74878223912748,13.85972044886041,121,247,0.0,0.0
sample_09122.jpg,159.04927322478605,13.655223692958053,84,234,0.0,0.0
sample_09123.jpg,87.22105998563916,19.332085482786706,0,254,0.000232878573230608,0.0
sample_09124.jpg,180.69042674998545,14.251389117681606,91,242,0.0,0.0
sample_09125.jpg,194.24496885249084,13.811581410494759,142,247,0.0,0.0
sample_09126.jpg,83.48636690019212,57.39893544171,0,183,0.302082322575637,0.0
sample_09127.jpg,68.5548526072697,21.25027175687479,0,165,0.010382503056531274,0.0
sample_09128.jpg,129.28766325758312,18.0770961167952,4,227,0.0,0.0
sample_09129.jpg,117.3474354247123,13.151971027060112,51,186,0.0,0.0
sample_09130.jpg,118.5041627044965,36.81231961835051,34,243,0.0,0.0
sample_09131.jpg,87.89456422596984,16.766544227297615,0,218,1.9406547769217335e-05,0.0
sample_09132.jpg,106.84232179937511,20.840000280398502,0,217,0.0002522851209998253,0.0
sample_09133.jpg,163.0361738050418,17.31135536432127,104,236,0.0,0.0
sample_09134.jpg,95.40685827398164,20.873729274337975,28,192,0.0,0.0
sample_09135.jpg,173.65712511401347,14.372026488440378,29,211,0.0,0.0
sample_09136.jpg,126.44171243377515,15.51765674610952,40,200,0.0,0.0
sample_09137.jpg,37.83339478740127,13.917589216842151,1,173,0.0,0.0
sample_09138.jpg,131.2323157833453,15.046612579983293,39,219,0.0,0.0
sample_09139.jpg,116.48766713889266,21.11707651864949,8,214,0.0,0.0
sample_09140.jpg,107.38205670593258,20.49925458550624,36,141,0.0,0.0
sample_09141.jpg,143.84220536008849,22.122972561486716,0,255,0.0008344815540763453,1.9406547769217335e-05
sample_09142.jpg,135.85181160123426,20.02493954052305,0,255,0.0003299113120766947,0.000174658929922956
sample_09143.jpg,140.44994081002932,25.65381694983317,0,253,0.0006792291719226067,0.0
sample_09144.jpg,158.49806904849697,17.85817565301531,101,217,0.0,0.0
sample_09145.jpg,134.03229249548798,14.058005401565056,63,194,0.0,0.0
sample_09146.jpg,143.9179103029362,15.724497137118444,6,177,0.0,0.0
sample_09147.jpg,151.81480331463837,16.856939530432538,67,246,0.0,0.0
sample_09148.jpg,104.08255545421025,14.813485765907435,48,161,0.0,0.0
sample_09149.jpg,190.15864852801334,17.34930965329552,79,229,0.0,0.0
sample_09150.jpg,86.75161559510178,35.09776254668902,23,165,0.0,0.0
sample_09151.jpg,110.64641269964486,44.32780012179387,0,209,0.11302373420792175,0.0
sample_09152.jpg,152.83686855945197,16.54568473134521,77,220,0.0,0.0
sample_09153.jpg,120.6895728618836,19.55037610867821,0,177,3.881309553843467e-05,0.0
sample_09154.jpg,112.62698674532787,15.137682665360877,0,183,0.000232878573230608,0.0
sample_09155.jpg,141.46121601428322,26.457063743681946,0,255,0.00019406547769217333,0.00013584583438452133
sample_09156.jpg,122.99182984338916,21.026780852502256,3,201,0.0,0.0
sample_09157.jpg,132.62989772749324,15.32842205851202,71,204,0.0,0.0
sample_09158.jpg,132.4729569756836,13.898803776074482,84,194,0.0,0.0
sample_09159.jpg,128.63903821149256,14.756386363703342,37,204,0.0,0.0
sample_09160.jpg,150.0363678705195,21.51501614471985,90,205,0.0,0.0
sample_09161.jpg,149.01680607036815,16.257086850558455,89,229,0.0,0.0
sample_09162.jpg,98.86743387218847,18.67660588910985,0,223,1.9406547769217335e-05,0.0
sample_09163.jpg,131.4506976653923,16.598843608542474,37,223,0.0,0.0
sample_09164.jpg,135.7086689048885,17.515661443639214,59,232,0.0,0.0
sample_09165.jpg,131.54315045896485,15.870340011336348,70,176,0.0,0.0
sample_09166.jpg,85.07211473151041,16.09057719076849,11,158,0.0,0.0
sample_09167.jpg,86.341070077044,19.990001524416765,30,133,0.0,0.0
sample_09168.jpg,113.44945564633507,51.315643642154235,0,255,0.1421917755050554,5.8219643307652e-05
sample_09169.jpg,92.56785499427507,14.52130127195086,54,249,0.0,0.0
sample_09170.jpg,107.39694152807157,16.538373701552665,2,219,0.0,0.0
sample_09171.jpg,128.91761920471967,14.990614834870632,58,193,0.0,0.0
sample_09172.jpg,95.27388460866696,18.653663504838853,43,156,0.0,0.0
sample_09173.jpg,98.23247103572746,28.69697262831559,0,179,0.04576063963981447,0.0
sample_09174.jpg,138.82528285043372,42.4046790498792,18,209,0.0,0.0
sample_09175.jpg,53.117137922335,11.795439398568647,13,97,0.0,0.0
sample_09176.jpg,147.54144268276116,23.879592349937223,0,237,0.007063983387995109,0.0
sample_09177.jpg,86.49797201575812,57.63749011034823,0,250,0.2750490015331173,0.0
sample_09178.jpg,39.59552873139397,27.934490728847553,0,130,0.23272332084845426,0.0
sample_09179.jpg,102.18498321333618,17.113990738471745,21,222,0.0,0.0
sample_09180.jpg,76.91175842729336,15.55842099964489,0,169,5.8219643307652e-05,0.0
sample_09181.jpg,78.8815424324167,53.48964037759404,0,184,0.28644064507364786,0.0
sample_09182.jpg,114.42874885986532,15.64052397610214,10,191,0.0,0.0
sample_09183.jpg,109.28418948553242,15.440196398779634,55,169,0.0,0.0
sample_09184.jpg,149.30660404820586,17.433919988335518,30,213,0.0,0.0
sample_09185.jpg,93.86706514778086,22.729724273444763,13,159,0.0,0.0
sample_09186.jpg,134.26868365386483,18.64089671732085,62,210,0.0,0.0
sample_09187.jpg,36.35915697956491,11.412492709574469,15,78,0.0,0.0
sample_09188.jpg,75.47464534533951,61.430499941981665,0,203,0.37169360942381957,0.0
sample_09189.jpg,131.98717227192455,16.705765021964133,10,244,0.0,0.0
sample_09190.jpg,85.77267169943138,38.026126805977654,0,201,0.11742902055153409,0.0
sample_09191.jpg,97.7666750761707,14.196607668107452,47,145,0.0,0.0
sample_09192.jpg,85.82450658852296,15.24490569423229,29,155,0.0,0.0
sample_09193.jpg,109.80818568184905,16.09500657016372,5,183,0.0,0.0
sample_09194.jpg,96.02429699780706,12.290960145468597,12,147,0.0,0.0
sample_09195.jpg,129.23412059228784,12.846568484314044,58,187,0.0,0.0
sample_09196.jpg,128.85326709231694,12.353035258915018,64,166,0.0,0.0
sample_09197.jpg,91.92128704224805,46.278084848321264,0,232,0.1480913660268975,0.0
sample_09198.jpg,95.7136563876652,14.928815417820248,43,139,0.0,0.0
sample_09199.jpg,117.89731995575308,15.014192875210917,56,193,0.0,0.0
sample_09200.jpg,143.2087368278057,12.447667102057657,93,192,0.0,0.0
sample_09201.jpg,131.79512507520036,18.76977807510529,6,219,0.0,0.0
sample_09202.jpg,97.8563915465078,15.353602428123969,0,190,0.0007762619107686933,0.0
sample_09203.jpg,138.46439868811737,15.88300985716962,12,255,0.0,3.881309553843467e-05
sample_09204.jpg,146.80905897649868,23.966833258813686,14,255,0.0,0.002134720254613907
sample_09205.jpg,115.35937045159037,23.447847080060296,0,210,0.0019018416813832988,0.0
sample_09206.jpg,182.96487414853772,15.0537422903677,115,223,0.0,0.0
sample_09207.jpg,108.12433775155738,18.05686750702651,3,206,0.0,0.0
sample_09208.jpg,120.53424285353879,52.75378308639623,0,255,0.12913116885637213,1.9406547769217335e-05
sample_09209.jpg,127.09823594480778,13.319642955564795,0,173,0.0011643928661530401,0.0
sample_09210.jpg,62.80294591395137,49.5164341989063,0,164,0.33813968833084285,0.0
sample_09211.jpg,115.13984358322497,18.00483820380396,46,184,0.0,0.0
sample_09212.jpg,66.92871975004367,18.508416822842747,0,210,0.0003299113120766947,0.0
sample_09213.jpg,133.07636476547188,14.459681552121172,28,221,0.0,0.0
sample_09214.jpg,123.74488152302587,20.79406413271676,2,180,0.0,0.0
sample_09215.jpg,93.1808108055658,12.742429444776521,52,171,0.0,0.0
sample_09216.jpg,86.37549729278659,17.152724168954304,0,167,0.000640416076384172,0.0
sample_09217.jpg,106.90692619689884,57.555339300480604,0,233,0.19427894971763474,0.0
sample_09218.jpg,128.22565933746046,15.503374984134842,19,206,0.0,0.0
sample_09219.jpg,176.0103242834132,28.484816718228657,90,255,0.0,0.000116439286615304
sample_09220.jpg,132.74787013138234,13.383255800061226,94,207,0.0,0.0
sample_09221.jpg,170.39810592093772,15.134677316455294,115,219,0.0,0.0
sample_09222.jpg,96.54943818044208,45.19704644723717,0,228,0.14906169341535835,0.0
sample_09223.jpg,101.36558054687652,17.407068098563887,10,174,0.0,0.0
sample_09224.jpg,133.1266471307419,16.38727055373942,65,171,0.0,0.0
sample_09225.jpg,111.23860350482252,67.43798485939641,0,218,0.2408352578159871,0.0
sample_09226.jpg,79.90591705641484,18.532036931357425,0,186,0.00021347202546139068,0.0
sample_09227.jpg,127.5442566321877,16.574101330782877,30,243,0.0,0.0
sample_09228.jpg,190.70247821615013,12.184152161187594,117,239,0.0,0.0
sample_09229.jpg,57.39672805604611,24.147728357085455,1,189,0.0,0.0
sample_09230.jpg,111.33852781928623,15.250979622660372,59,206,0.0,0.0
sample_09231.jpg,172.3271361757457,15.147312027043501,127,238,0.0,0.0
sample_09232.jpg,92.44462341594054,15.07755715564115,21,158,0.0,0.0
sample_09233.jpg,159.03869665625183,15.439852328830826,32,192,0.0,0.0
sample_09234.jpg,180.13658328319974,19.530350353485737,130,224,0.0,0.0
sample_09235.jpg,165.0668943701605,32.7820745320549,0,250,0.0203768751576782,0.0
sample_09236.jpg,84.89617496943468,55.707997802433546,0,254,0.24386267926798502,0.0
sample_09237.jpg,59.95383182285703,9.187096783289512,25,83,0.0,0.0
sample_09238.jpg,188.5044149896175,15.774405422588163,75,251,0.0,0.0
sample_09239.jpg,139.45312348386346,13.790256906295909,80,196,0.0,0.0
sample_09240.jpg,167.51303149682704,29.777772626221285,0,215,0.016185060839527258,0.0
sample_09241.jpg,74.96035242290749,17.262782175274662,19,226,0.0,0.0
sample_09242.jpg,86.60069087310059,14.340846462515504,35,137,0.0,0.0
sample_09243.jpg,136.00595781016514,68.71083449089848,0,235,0.18156766092879736,0.0
sample_09244.jpg,138.56308098352383,17.31687030813541,65,229,0.0,0.0
sample_09245.jpg,108.87364396747462,45.22659334503414,0,208,0.11762308602922626,0.0
sample_09246.jpg,108.8500844184828,15.412849122343736,6,191,0.0,0.0
sample_09247.jpg,106.77608725183877,61.415519429496385,0,195,0.22822100176599586,0.0
sample_09248.jpg,128.06375050942188,17.251623051903984,11,206,0.0,0.0
sample_09249.jpg,79.455180577927,19.014051140308375,0,141,0.011139358419530749,0.0
sample_09250.jpg,87.02810068116983,53.5541051316188,0,170,0.24359098759921596,0.0
sample_09251.jpg,134.33171612101924,29.834102087874065,0,215,0.031050476430747733,0.0
sample_09252.jpg,99.01467135011353,18.956804990339926,0,222,7.762619107686934e-05,0.0
sample_09253.jpg,129.40204545013486,19.08294781750267,0,255,0.000349317859845912,5.8219643307652e-05
sample_09254.jpg,100.85150109646995,15.72165888391743,2,232,0.0,0.0
sample_09255.jpg,155.4254691532923,19.53523820001776,75,243,0.0,0.0
sample_09256.jpg,50.905994682605915,41.37477969642804,0,215,0.34161346038153273,0.0
sample_09257.jpg,82.43377515573755,54.43523801582257,0,253,0.2415921131789866,0.0
sample_09258.jpg,76.58865881348368,50.00346301970711,0,152,0.2679267985018145,0.0
sample_09259.jpg,132.01513710726,18.923020270881217,3,255,0.0,3.881309553843467e-05
sample_09260.jpg,125.3927691203012,13.967845060807692,48,183,0.0,0.0
sample_09261.jpg,141.81076675270236,18.218718666389535,88,184,0.0,0.0
sample_09262.jpg,152.61687593394012,20.52166430078805,95,207,0.0,0.0
sample_09263.jpg,55.13330357662675,17.006469333160453,2,127,0.0,0.0
sample_09264.jpg,172.00421122086593,19.45439793630033,113,232,0.0,0.0
sample_09265.jpg,65.97981719032002,46.32785636291062,0,170,0.2907683052261833,0.0
sample_09266.jpg,69.31019425954317,12.773338637805432,10,124,0.0,0.0
sample_09267.jpg,19.993401773758467,15.640903096962932,0,89,0.012439597120068311,0.0
sample_09268.jpg,50.95487977643657,24.27143997245476,0,150,0.08121640241417455,0.0
sample_09269.jpg,112.895980903957,14.744003404504346,50,170,0.0,0.0
sample_09270.jpg,86.7323837062625,19.17086049111391,0,140,3.881309553843467e-05,0.0
sample_09271.jpg,77.89429253430107,18.48700614204661,3,209,0.0,0.0
sample_09272.jpg,105.49358613596227,19.218731104414566,0,203,3.881309553843467e-05,0.0
sample_09273.jpg,112.33963399250908,16.376341989189942,34,183,0.0,0.0
sample_09274.jpg,80.95781016514972,17.88065096587044,0,219,0.00015525238215373868,0.0
sample_09275.jpg,136.16084146791127,19.48844754031382,8,255,0.0,1.9406547769217335e-05
sample_09276.jpg,196.15985173397505,22.37588706141401,109,253,0.0,0.0
sample_09277.jpg,106.23916629470783,15.42290844188254,18,174,0.0,0.0
sample_09278.jpg,99.58526266762405,19.807123513296453,0,219,5.8219643307652e-05,0.0
sample_09279.jpg,139.33825612761746,21.240854640817457,18,198,0.0,0.0
sample_09280.jpg,172.46515554348036,18.779572763390036,87,238,0.0,0.0
sample_09281.jpg,146.85716780841855,17.46692910712104,102,212,0.0,0.0
sample_09282.jpg,115.53758077975509,18.44807031620341,0,231,5.8219643307652e-05,0.0
sample_09283.jpg,114.96153622232141,14.8564124875583,43,178,0.0,0.0
sample_09284.jpg,142.68565273923423,11.73077396894592,85,183,0.0,0.0
sample_09285.jpg,132.6647907003823,16.64046575725698,43,217,0.0,0.0
sample_09286.jpg,127.76630635176309,16.48958163482526,0,211,7.762619107686934e-05,0.0
sample_09287.jpg,97.74899571115294,13.032906572948946,57,156,0.0,0.0
sample_09288.jpg,155.7284053639698,14.720700543533844,46,205,0.0,0.0
sample_09289.jpg,129.62409516971027,13.543914215804394,21,198,0.0,0.0
sample_09290.jpg,146.6774631760756,13.793552621693472,78,227,0.0,0.0
sample_09291.jpg,149.2278910904539,25.4989865109258,0,243,0.0012420190572299094,0.0
sample_09292.jpg,95.78039550544354,15.66584796421939,23,150,0.0,0.0
sample_09293.jpg,128.26233771274428,16.595609844717707,54,203,0.0,0.0
sample_09294.jpg,193.97451920277902,18.50417733521115,31,230,0.0,0.0
sample_09295.jpg,151.89046944439053,28.596330491775213,75,199,0.0,0.0
sample_09296.jpg,109.55496904655631,18.475241815846502,40,175,0.0,0.0
sample_09297.jpg,103.25445865434997,25.031229126913285,32,164,0.0,0.0
sample_09298.jpg,133.2961827320538,18.33795232916168,73,215,0.0,0.0
sample_09299.jpg,138.97993362960662,21.281953942535427,0,194,0.0010091404839993013,0.0
sample_09300.jpg,169.79267985018146,30.192024603273232,72,236,0.0,0.0
sample_09301.jpg,74.90960430049098,38.815715914970916,0,188,0.14060043858797958,0.0
sample_09302.jpg,114.64152224960702,18.24098709446868,0,189,0.00042694405092278136,0.0
sample_09303.jpg,125.32451629179685,13.109487809357724,81,200,0.0,0.0
sample_09304.jpg,61.97292786586194,33.78397215430059,0,154,0.17993751091618312,0.0
sample_09305.jpg,53.02012459003668,16.876231762046046,0,153,0.0021153137068446893,0.0
sample_09306.jpg,167.568534223447,14.983415842955269,117,229,0.0,0.0
sample_09307.jpg,134.0962758834831,13.86533723405187,71,208,0.0,0.0
sample_09308.jpg,81.8201983349182,13.671461864829713,42,207,0.0,0.0
sample_09309.jpg,140.99485726484116,12.143674721696863,37,215,0.0,0.0
sample_09310.jpg,77.65285567350423,67.27919369589766,0,206,0.4048205864658736,0.0
sample_09311.jpg,47.19474470686409,19.778431094633603,0,90,0.00021347202546139068,0.0
sample_09312.jpg,135.02421937161597,28.178121921654355,5,226,0.0,0.0
sample_09313.jpg,155.92569232859168,18.365376431865982,91,202,0.0,0.0
sample_09314.jpg,91.31760756079102,22.026601776726817,11,169,0.0,0.0
sample_09315.jpg,111.49927225445866,19.22472119835719,38,228,0.0,0.0
sample_09316.jpg,98.13532185759475,14.269443561531254,38,159,0.0,0.0
sample_09317.jpg,84.71456849541035,19.182308296177787,0,179,1.9406547769217335e-05,0.0
sample_09318.jpg,50.24380445962468,29.11736854348351,0,143,0.1813735954511052,0.0
sample_09319.jpg,149.0359991461119,19.657571499203247,48,237,0.0,0.0
sample_09320.jpg,128.24886956859245,22.44544382860216,4,253,0.0,0.0
sample_09321.jpg,126.87950474490093,16.765703127331758,0,254,9.703273884608666e-05,0.0
sample_09322.jpg,160.39647577092512,20.977094712823654,1,255,0.0,0.00038813095538434665
sample_09323.jpg,94.17120456442004,20.349022177756986,6,160,0.0,0.0
sample_09324.jpg,137.41417454249063,14.771179786115663,26,195,0.0,0.0
sample_09325.jpg,67.76306545828562,17.533659623211886,3,137,0.0,0.0
sample_09326.jpg,176.03774573541114,18.380893269154658,79,241,0.0,0.0
sample_09327.jpg,140.37212055347473,13.529062251352842,82,229,0.0,0.0
sample_09328.jpg,127.84558209940033,15.645401767154583,39,195,0.0,0.0
sample_09329.jpg,92.63395369597703,69.2014988135163,0,188,0.3381979079741505,0.0
sample_09330.jpg,130.50216383007626,18.530891335352536,69,184,0.0,0.0
sample_09331.jpg,129.0779172892934,14.155323770902697,24,205,0.0,0.0
sample_09332.jpg,66.38640377263289,17.76798909177969,3,133,0.0,0.0
sample_09333.jpg,139.04335422771643,18.650655307624366,0,255,0.0007374488152302587,0.00021347202546139068
sample_09334.jpg,177.12491994799046,15.05221487059376,51,241,0.0,0.0
sample_09335.jpg,85.54181140716878,60.83875950335977,0,243,0.3016165654291758,0.0
sample_09336.jpg,58.30697277261348,16.044580415430904,17,169,0.0,0.0
sample_09337.jpg,135.86718158706748,15.61573472515034,29,203,0.0,0.0
sample_09338.jpg,76.2791631896602,56.33426836400453,0,208,0.32686448407692753,0.0
sample_09339.jpg,121.53565953152594,15.193929495702015,24,184,0.0,0.0
sample_09340.jpg,74.6391934638747,19.96882425549284,0,201,1.9406547769217335e-05,0.0
sample_09341.jpg,100.89089638844146,66.18699748807292,0,237,0.26907178482019833,0.0
sample_09342.jpg,102.6832657338586,34.468060412130036,0,202,0.05969454093811252,0.0
sample_09343.jpg,169.12334801762114,15.866795700658626,124,222,0.0,0.0
sample_09344.jpg,116.16868171321003,60.14008077722401,0,194,0.18900036872440762,0.0
sample_09345.jpg,108.0733761571154,22.592465192844237,6,187,0.0,0.0
sample_09346.jpg,125.12823846765899,17.520525829028525,22,223,0.0,0.0
sample_09347.jpg,112.19163965922102,17.924546908352454,7,196,0.0,0.0
sample_09348.jpg,125.02128898290283,18.92890574554749,5,199,0.0,0.0
sample_09349.jpg,150.77816375245007,15.369981041517308,6,250,0.0,0.0
sample_09350.jpg,135.4826020299249,35.27048174585866,0,255,0.000989733936230084,3.881309553843467e-05
sample_09351.jpg,32.448698790972074,14.447257717309158,0,196,1.9406547769217335e-05,0.0
sample_09352.jpg,45.433542277164314,15.030035629906994,1,102,0.0,0.0
sample_09353.jpg,110.98825903859962,67.91394970369747,0,218,0.24498825903859964,0.0
sample_09354.jpg,136.06526422014787,14.407213706914654,20,231,0.0,0.0
sample_09355.jpg,90.9568786508568,43.701042295567696,0,255,0.13254672126375439,1.9406547769217335e-05
sample_09356.jpg,57.520076073667255,16.850633999874006,13,195,0.0,0.0
sample_09357.jpg,205.69964486017582,29.533621319531278,68,255,0.0,3.881309553843467e-05
sample_09358.jpg,74.8135224824856,30.314683140763023,0,172,0.06371169632634051,0.0
sample_09359.jpg,98.11232509848823,31.161078688908947,0,221,0.04279143783112422,0.0
sample_09360.jpg,100.00593840361738,59.125712793234136,0,205,0.2360224339692212,0.0
sample_09361.jpg,115.91203011896214,18.49694189555286,0,218,3.881309553843467e-05,0.0
sample_09362.jpg,127.54285936074831,16.498514064939954,0,183,3.881309553843467e-05,0.0
sample_09363.jpg,117.222418443983,69.96132258087395,0,236,0.24029187447844902,0.0
sample_09364.jpg,143.37670049874828,14.327460129876187,71,209,0.0,0.0
sample_09365.jpg,105.18933028003649,25.309570789191913,30,205,0.0,0.0
sample_09366.jpg,149.3948456209125,16.79127721324136,51,226,0.0,0.0
sample_09367.jpg,91.43703545576277,59.911972007195004,0,222,0.2616390770245881,0.0
sample_09368.jpg,81.70467115604805,59.284435489304805,0,180,0.30738031011663336,0.0
sample_09369.jpg,199.08513652506355,15.206813328681145,129,243,0.0,0.0
sample_09370.jpg,198.92128704224805,18.727455536614755,46,255,0.0,1.9406547769217335e-05
sample_09371.jpg,150.5114789730055,20.80844428616289,0,228,0.00027169166876904265,0.0
sample_09372.jpg,110.31487123755555,70.38896711596693,0,255,0.26115391333035765,0.0003299113120766947
sample_09373.jpg,106.34337945622853,40.68229018350288,0,157,0.09815831861670128,0.0
sample_09374.jpg,161.39645636437734,10.378386967441392,91,211,0.0,0.0
sample_09375.jpg,149.5022026431718,15.7000610563416,89,214,0.0,0.0
sample_09376.jpg,106.76948902559724,22.053358867155954,1,224,0.0,0.0
sample_09377.jpg,135.87905839430223,13.804411845850316,77,199,0.0,0.0
sample_09378.jpg,153.70538919831552,16.261507263332465,95,218,0.0,0.0
sample_09379.jpg,108.79774495914921,14.63303779615798,45,165,0.0,0.0
sample_09380.jpg,168.19482233305519,17.088178511382015,100,228,0.0,0.0
sample_09381.jpg,125.47088047507229,19.01308447374555,0,255,0.0006598226241533894,0.000232878573230608
sample_09382.jpg,130.24093229055484,17.90911926169957,24,199,0.0,0.0
sample_09383.jpg,33.10467891866716,23.980206604516447,0,240,0.12554095751906694,0.0
sample_09384.jpg,106.78309301558346,47.430542082896956,0,218,0.1236003027421452,0.0
sample_09385.jpg,59.94839798948165,13.882883567055824,2,119,0.0,0.0
sample_09386.jpg,153.6460051621417,10.302083798238813,114,237,0.0,0.0
sample_09387.jpg,133.05829726949872,15.084907777112697,41,205,0.0,0.0
sample_09388.jpg,138.47045353102138,31.893133229046224,0,253,0.02090085194744707,0.0
sample_09389.jpg,157.53858992023908,12.926773278959006,101,254,0.0,0.0
sample_09390.jpg,123.28312212540511,15.53254147198786,43,219,0.0,0.0
sample_09391.jpg,116.75580740941994,13.630242362228458,28,199,0.0,0.0
sample_09392.jpg,170.70304100603545,25.75679266606219,0,249,3.881309553843467e-05,0.0
sample_09393.jpg,197.2795319140678,15.67342168950231,93,245,0.0,0.0
sample_09394.jpg,170.53389353567894,29.07474671401814,91,227,0.0,0.0
sample_09395.jpg,96.05197073492596,58.956745010776764,0,237,0.24731704477090571,0.0
sample_09396.jpg,119.10768693357139,14.466706446073887,44,183,0.0,0.0
sample_09397.jpg,107.54454773040423,16.998985686912008,38,181,0.0,0.0
sample_09398.jpg,146.38543344524442,15.253000939335791,70,184,0.0,0.0
sample_09399.jpg,146.1174484270993,77.80729368169327,0,236,0.1925711735139436,0.0
sample_09400.jpg,82.18816588717033,15.165086453609556,39,145,0.0,0.0
sample_09401.jpg,68.05707465698927,40.78024634054679,0,165,0.2306274136893788,0.0
sample_09402.jpg,133.0530186885055,27.255073748953567,66,184,0.0,0.0
sample_09403.jpg,111.07655883094957,46.4874376185795,0,249,0.05245589862019445,0.0
sample_09404.jpg,120.29499893263987,21.663963289864903,38,212,0.0,0.0
sample_09405.jpg,41.69496788216344,11.37913475360607,0,77,7.762619107686934e-05,0.0
sample_09406.jpg,94.31353218575947,16.566850289601078,0,214,0.00029109821653826003,0.0
sample_09407.jpg,91.567777368084,12.703305656692146,62,138,0.0,0.0
sample_09408.jpg,77.8344427409808,51.02943839638815,0,214,0.2570591317510528,0.0
sample_09409.jpg,86.38038774282442,12.15010639002485,45,140,0.0,0.0
sample_09410.jpg,74.71478196743581,17.72622039168073,3,131,0.0,0.0
sample_09411.jpg,83.16159832327428,16.53114288914043,14,163,0.0,0.0
sample_09412.jpg,127.46839643695783,18.80170574970061,49,230,0.0,0.0
sample_09413.jpg,138.79180655553185,13.475949137657782,80,187,0.0,0.0
sample_09414.jpg,150.35129732771838,15.779299585281892,74,219,0.0,0.0
sample_09415.jpg,79.29268955345533,16.878025290421395,20,157,0.0,0.0
sample_09416.jpg,152.50231908245843,20.21086129434721,84,200,0.0,0.0
sample_09417.jpg,128.58002289972637,20.12731618160647,0,255,0.0006210095286149547,0.00015525238215373868
sample_09418.jpg,76.24155330008345,49.50383139741228,0,249,0.2463079042869064,0.0
sample_09419.jpg,131.52884783325894,15.633477648643366,51,221,0.0,0.0
sample_09420.jpg,85.82175085873973,16.53045401396377,25,182,0.0,0.0
sample_09421.jpg,180.85435385899203,19.160084808913524,0,228,1.9406547769217335e-05,0.0
sample_09422.jpg,104.120669914029,16.167206227731782,58,232,0.0,0.0
sample_09423.jpg,133.48788061091813,17.15750884799525,55,202,0.0,0.0
sample_09424.jpg,142.37041277727104,22.853930498043034,11,249,0.0,0.0
sample_09425.jpg,103.99574996603855,44.72785045628639,0,229,0.12717110753168118,0.0
sample_09426.jpg,117.14622833744106,18.45540082853369,5,207,0.0,0.0
sample_09427.jpg,93.23837062624929,64.9222431196233,0,216,0.28655708436026317,0.0
sample_09428.jpg,84.14584020648567,24.547498715733578,14,155,0.0,0.0
sample_09429.jpg,87.49374138834443,52.434773067917064,0,218,0.24139804770129442,0.0
sample_09430.jpg,108.69983892565351,67.29027410788223,0,254,0.24116516912806382,0.0
sample_09431.jpg,181.53230219876187,18.554897942909832,5,232,0.0,0.0
sample_09432.jpg,108.88637466281124,17.786452434113308,28,155,0.0,0.0
sample_09433.jpg,135.72625123716742,15.228339277178655,38,212,0.0,0.0
sample_09434.jpg,126.44860175823322,22.013057667405374,0,255,0.007510333986687108,7.762619107686934e-05
sample_09435.jpg,174.74509499505132,20.874738733769302,120,250,0.0,0.0
sample_09436.jpg,154.95361835083156,23.484018805946462,0,221,0.007646179821071629,0.0
sample_09437.jpg,119.6814415183683,18.199107438205917,0,192,1.9406547769217335e-05,0.0
sample_09438.jpg,131.87558462225155,48.69553735810343,0,244,0.08862970366201556,0.0
sample_09439.jpg,165.86613363348795,59.73607503636585,0,253,0.07634535892410099,0.0
sample_09440.jpg,174.31256185837103,15.212872911971967,124,231,0.0,0.0
sample_09441.jpg,178.13999883560714,12.828682495715158,117,253,0.0,0.0
sample_09442.jpg,135.79898697820644,17.962858467617707,18,234,0.0,0.0
sample_09443.jpg,131.3891012827728,18.808325815359538,64,242,0.0,0.0
sample_09444.jpg,75.80597333540337,16.096717446434766,20,116,0.0,0.0
sample_09445.jpg,105.55407634535892,18.268917164422422,2,228,0.0,0.0
sample_09446.jpg,142.91402899338237,17.418625396720124,33,195,0.0,0.0
sample_09447.jpg,144.57600574433815,15.095507090732205,56,197,0.0,0.0
sample_09448.jpg,161.4954103514526,17.198776782416534,112,254,0.0,0.0
sample_09449.jpg,160.23392652681014,14.961542068616005,59,217,0.0,0.0
sample_09450.jpg,118.3149100506511,12.909801896641923,51,164,0.0,0.0
sample_09451.jpg,127.9609734324361,15.694694631289254,41,182,0.0,0.0
sample_09452.jpg,131.86396010013777,18.65176510993941,2,229,0.0,0.0
sample_09453.jpg,101.28253992897203,71.46980453382754,0,206,0.07882939703856082,0.0
sample_09454.jpg,82.14952745056182,47.75668073529063,0,183,0.20997884686293156,0.0
sample_09455.jpg,138.79588193056338,73.71657468218804,0,234,0.1956956277047876,0.0
sample_09456.jpg,106.71099769062081,21.208083491068663,3,205,0.0,0.0
sample_09457.jpg,100.64967299967009,56.081859002853825,0,222,0.20953249626423956,0.0
sample_09458.jpg,133.9602165770731,23.7686670258437,0,255,3.881309553843467e-05,0.00021347202546139068
sample_09459.jpg,205.82136272778436,17.438275018390346,140,247,0.0,0.0
sample_09460.jpg,155.68939820295367,12.121428411183244,83,193,0.0,0.0
sample_09461.jpg,129.80024840381145,18.941411160239905,7,219,0.0,0.0
sample_09462.jpg,144.69188224106813,18.177183566577032,61,207,0.0,0.0
sample_09463.jpg,122.42839954200548,76.42932953143156,0,234,0.2562052436492072,0.0
sample_09464.jpg,136.03929825923265,27.914283642746817,0,255,1.9406547769217335e-05,1.9406547769217335e-05
sample_09465.jpg,58.153641638688896,17.391780712489076,13,193,0.0,0.0
sample_09466.jpg,107.97512080575986,40.43182560294946,0,203,0.0893283393817074,0.0
sample_09467.jpg,117.16852646082788,15.152000480423588,63,187,0.0,0.0
sample_09468.jpg,141.67292204389761,25.402945112163543,0,201,0.014516097731374565,0.0
sample_09469.jpg,117.71361757456965,26.83547453508181,33,204,0.0,0.0
sample_09470.jpg,128.2683149294572,18.574144944102695,0,221,0.000349317859845912,0.0
sample_09471.jpg,92.09646994896077,12.97628031448936,43,169,0.0,0.0
sample_09472.jpg,151.54247122979294,37.93480326147156,0,255,0.030215994876671388,0.00029109821653826003
sample_09473.jpg,149.23153952143454,15.779330139128716,54,237,0.0,0.0
sample_09474.jpg,105.84267111723496,17.99751985278292,0,208,0.0002522851209998253,0.0
sample_09475.jpg,151.49469230918513,18.661286302952163,6,224,0.0,0.0
sample_09476.jpg,125.92805992741951,17.8304269879449,0,255,0.00038813095538434665,1.9406547769217335e-05
sample_09477.jpg,94.13196452483068,15.716740922335058,1,200,0.0,0.0
sample_09478.jpg,141.6333326864484,22.39795925126473,0,253,0.000232878573230608,0.0
sample_09479.jpg,117.04913737895166,19.19238092510329,27,202,0.0,0.0
sample_09480.jpg,152.58852296764928,27.062594582714933,59,212,0.0,0.0
sample_09481.jpg,113.61687593394011,22.422973423082244,24,218,0.0,0.0
sample_09482.jpg,104.4681053387413,49.32015401297227,0,208,0.14911991305866598,0.0
sample_09483.jpg,111.07192066603272,16.715694876379242,59,192,0.0,0.0
sample_09484.jpg,73.80748704612937,18.84990897380422,0,160,5.8219643307652e-05,0.0
sample_09485.jpg,99.91796852257951,16.525481705372933,22,198,0.0,0.0
sample_09486.jpg,128.47474237807836,17.659759111453837,2,221,0.0,0.0
sample_09487.jpg,129.11979661937937,20.646194694010397,18,234,0.0,0.0
sample_09488.jpg,126.37701100351258,14.809059722475915,51,177,0.0,0.0
sample_09489.jpg,121.18253798831726,16.830431527585983,68,206,0.0,0.0
sample_09490.jpg,111.11587649673,17.606808650926645,0,223,1.9406547769217335e-05,0.0
sample_09491.jpg,99.06999941780357,14.232209057384859,62,176,0.0,0.0
sample_09492.jpg,127.02010518348891,11.428692673462452,73,177,0.0,0.0
sample_09493.jpg,132.33782918356653,20.316287060201834,7,248,0.0,0.0
sample_09494.jpg,123.0668943701605,21.17375775638729,0,245,9.703273884608666e-05,0.0
sample_09495.jpg,146.52430670108095,13.11659476526864,88,197,0.0,0.0
sample_09496.jpg,128.22224378505308,17.225160185547082,1,213,0.0,0.0
sample_09497.jpg,159.39230336315472,70.28304427603912,0,255,0.1434143880145161,0.000116439286615304
sample_09498.jpg,44.06144113023734,34.831597504270775,0,161,0.1690504376176522,0.0
sample_09499.jpg,105.73292708960003,16.468103791301242,12,172,0.0,0.0
sample_09500.jpg,150.0702905160201,19.079052260626394,19,225,0.0,0.0
sample_09501.jpg,117.20642744862117,42.7608765354066,0,255,0.08350637505094219,0.000174658929922956
sample_09502.jpg,122.95790719788857,39.47377807406916,0,238,0.07684992916610064,0.0
sample_09503.jpg,81.89939645636437,26.348326774250943,3,211,0.0,0.0
sample_09504.jpg,136.87907780085,23.377065935239113,0,240,7.762619107686934e-05,0.0
sample_09505.jpg,114.40276349240234,11.594445056740726,61,171,0.0,0.0
sample_09506.jpg,175.20151759203554,16.721443037245525,110,212,0.0,0.0
sample_09507.jpg,113.11383880921423,23.872705682603794,0,255,0.0013778648916144306,7.762619107686934e-05
sample_09508.jpg,161.1562227095422,30.40386311533659,0,216,0.01855265966737177,0.0
sample_09509.jpg,90.2975023773021,35.836373062504386,0,188,0.09866288885870092,0.0
sample_09510.jpg,120.65403947291816,20.382083371188838,41,217,0.0,0.0
sample_09511.jpg,126.89549574026276,12.604370493402953,88,221,0.0,0.0
sample_09512.jpg,80.90065788196938,16.194754416018665,36,126,0.0,0.0
sample_09513.jpg,54.57078538298822,26.050744901981176,0,183,0.10419375497292786,0.0
sample_09514.jpg,61.048555182518584,32.90104629267489,0,195,0.1457819868423606,0.0
sample_09515.jpg,125.70424421199712,19.56450935325477,40,226,0.0,0.0
sample_09516.jpg,180.2358477750393,15.44717833143109,46,236,0.0,0.0
sample_09517.jpg,29.190746958023638,24.004509232827274,0,99,0.3036348463971744,0.0
sample_09518.jpg,85.87550699606047,37.24529063573215,0,227,0.0005821964330765201,0.0
sample_09519.jpg,97.90054144268277,67.72822288515214,0,191,0.284849308156572,0.0
sample_09520.jpg,121.07820838750995,13.18624348392888,44,194,0.0,0.0
sample_09521.jpg,135.87306177104156,17.301896962908316,56,210,0.0,0.0
sample_09522.jpg,86.60311669157174,19.179800388684505,21,185,0.0,0.0
sample_09523.jpg,122.6699722486367,32.82124157233656,0,243,0.03188495798482408,0.0
sample_09524.jpg,117.30243164043549,57.286617147529654,0,193,0.16208348696850317,0.0
sample_09525.jpg,181.75883483087193,16.658589021350267,78,223,0.0,0.0
sample_09526.jpg,142.67441634807585,12.851894740229364,71,214,0.0,0.0
sample_09527.jpg,131.63191600846125,12.861620738875477,67,184,0.0,0.0
sample_09528.jpg,158.36808399153875,16.751643096969975,61,207,0.0,0.0
sample_09529.jpg,85.43548293194124,20.575053756954766,0,255,0.00015525238215373868,0.00013584583438452133
sample_09530.jpg,139.89714529682314,21.38034684723479,34,216,0.0,0.0
sample_09531.jpg,93.96423373246134,16.51152983148502,7,214,0.0,0.0
sample_09532.jpg,136.31209610122454,17.723781965917404,5,210,0.0,0.0
sample_09533.jpg,106.82334219565682,15.842992920942319,44,185,0.0,0.0
sample_09534.jpg,46.13685497486852,29.999751238955575,0,163,0.23835121970152728,0.0
sample_09535.jpg,94.83265733858605,17.39383786764973,9,185,0.0,0.0
sample_09536.jpg,158.75673892371287,14.674125668830563,17,250,0.0,0.0
sample_09537.jpg,114.3205767625997,19.61073935057321,37,222,0.0,0.0
sample_09538.jpg,126.06949484756157,15.264129741175433,56,178,0.0,0.0
sample_09539.jpg,157.61377088629703,14.00876435047585,70,231,0.0,0.0
sample_09540.jpg,48.33639309903161,14.853715568579743,4,93,0.0,0.0
sample_09541.jpg,101.30019988744202,20.286999950132508,12,200,0.0,0.0
sample_09542.jpg,97.36864678142405,16.465797816507187,0,201,0.0004463505986919987,0.0
sample_09543.jpg,228.3265151662171,14.937497383556805,121,254,0.0,0.0
sample_09544.jpg,141.24388208581576,14.961094488885923,22,233,0.0,0.0
sample_09545.jpg,81.09518911680802,56.391012100799614,0,195,0.2955035028818723,0.0
sample_09546.jpg,33.273593510450425,14.649417180097696,0,134,1.9406547769217335e-05,0.0
sample_09547.jpg,114.60171942013235,15.435743090469607,28,189,0.0,0.0
sample_09548.jpg,190.94833976983836,11.59944475907884,145,237,0.0,0.0
sample_09549.jpg,136.37085912786975,19.863676405921073,38,183,0.0,0.0
sample_09550.jpg,133.20603931766578,107.33379526568349,0,254,0.3695782957169749,0.0
sample_09551.jpg,125.82918356653535,15.28758927610876,24,192,0.0,0.0
sample_09552.jpg,128.6272196239011,16.727929889070086,42,210,0.0,0.0
sample_09553.jpg,110.74266917658018,75.03096552543104,0,255,0.29072949213064486,0.000116439286615304
sample_09554.jpg,155.94651555434803,13.66970545509632,62,200,0.0,0.0
sample_09555.jpg,114.51369131945118,15.569644719437791,0,199,0.000232878573230608,0.0
sample_09556.jpg,221.25271206505076,18.63993271469598,153,255,0.0,0.005317394088765549
sample_09557.jpg,111.84461177201187,13.088508888479245,44,172,0.0,0.0
sample_09558.jpg,125.33354033650954,29.823814067700482,0,217,0.03324341632866929,0.0
sample_09559.jpg,153.84884239942556,14.79209724416542,54,224,0.0,0.0
sample_09560.jpg,122.2987055832638,16.371759560997212,72,191,0.0,0.0
sample_09561.jpg,165.97102602418056,26.667594270444972,0,228,0.0013584583438452135,0.0
sample_09562.jpg,159.33220128471345,13.793461129100686,61,224,0.0,0.0
sample_09563.jpg,45.23879757030022,14.625905332397114,5,169,0.0,0.0
sample_09564.jpg,153.47580973820567,14.039044271319236,98,218,0.0,0.0
sample_09565.jpg,111.92297541190398,56.37231779187099,0,198,0.1689534048788061,0.0
sample_09566.jpg,101.35890469444391,49.94617965731344,0,241,0.1612101923188884,0.0
sample_09567.jpg,138.55368821440354,15.151757900062483,92,198,0.0,0.0
sample_09568.jpg,130.97517902540318,18.44429855424737,45,195,0.0,0.0
sample_09569.jpg,80.83679093326089,15.61866140281465,13,138,0.0,0.0
sample_09570.jpg,116.41223388771371,71.45504071782516,0,204,0.2376913970773739,0.0
sample_09571.jpg,87.79572667818123,17.39718904624187,32,178,0.0,0.0
sample_09572.jpg,119.20912495876108,19.585403925225798,11,222,0.0,0.0
sample_09573.jpg,172.26128975916475,12.86548169925295,19,200,0.0,0.0
sample_09574.jpg,132.56540976925615,14.858012601330895,79,188,0.0,0.0
sample_09575.jpg,130.65112849075277,19.025648530400584,53,216,0.0,0.0
sample_09576.jpg,116.54497467445516,15.306318134084,52,186,0.0,0.0
sample_09577.jpg,105.07465698926818,16.59580283533028,10,171,0.0,0.0
sample_09578.jpg,109.52085233557803,19.877873281287226,0,255,0.00013584583438452133,1.9406547769217335e-05
sample_09579.jpg,134.0515631974228,15.04447145436086,48,206,0.0,0.0
sample_09580.jpg,38.604378117176736,20.904331372268672,0,174,0.0012420190572299094,0.0
sample_09581.jpg,222.28044402181297,12.688352176588813,176,255,0.0,0.000174658929922956
sample_09582.jpg,195.61062702555841,17.347064283737446,1,242,0.0,0.0
sample_09583.jpg,198.72190417046713,16.910419595034924,97,247,0.0,0.0
sample_09584.jpg,24.908362281433757,20.244465130680787,0,89,0.2610180674959731,0.0
sample_09585.jpg,86.93962622988997,60.968927321423436,0,201,0.2926701469075666,0.0
sample_09586.jpg,200.6472665877467,19.725168650233893,149,251,0.0,0.0
sample_09587.jpg,124.92815696015836,13.360107083235695,80,178,0.0,0.0
sample_09588.jpg,149.38322109879874,19.036803362427676,5,246,0.0,0.0
sample_09589.jpg,171.2325680684663,14.437116690632692,110,241,0.0,0.0
sample_09590.jpg,125.32929030254807,15.430023764542295,28,204,0.0,0.0
sample_09591.jpg,173.33881891750278,13.262721291594607,139,220,0.0,0.0
sample_09592.jpg,113.43724892778823,16.601577060390383,0,242,7.762619107686934e-05,0.0
sample_09593.jpg,103.13033437481806,55.21193734220738,0,202,0.19678239437986378,0.0
sample_09594.jpg,87.79155427041084,17.772933302943894,8,210,0.0,0.0
sample_09595.jpg,168.5742009353956,15.693212008889736,52,246,0.0,0.0
sample_09596.jpg,136.0617710415494,90.31946062583604,0,253,0.28779910341749304,0.0
sample_09597.jpg,76.0533291932698,20.527420248917398,0,252,0.001804808942537212,0.0
sample_09598.jpg,128.72947272409712,17.784491167850707,1,191,0.0,0.0
sample_09599.jpg,103.34454384909469,17.21300514747648,15,205,0.0,0.0
sample_09600.jpg,101.38098934580528,48.71862839814589,0,188,0.16342253876457916,0.0
sample_09601.jpg,163.95815948300958,66.23930169480076,0,255,0.11785596460245687,0.000756855362999476
sample_09602.jpg,181.07974150478373,13.421725037633209,127,216,0.0,0.0
sample_09603.jpg,161.0693395951794,14.346544777054994,105,212,0.0,0.0
sample_09604.jpg,119.95389004250033,61.27692694442431,0,204,0.15983232742727396,0.0
sample_09605.jpg,133.97902152186148,21.516302572993464,0,220,1.9406547769217335e-05,0.0
sample_09606.jpg,97.39164354053058,16.630897800856417,17,218,0.0,0.0
sample_09607.jpg,119.17050592870034,75.19912641316647,0,217,0.2665683401579693,0.0
sample_09608.jpg,121.43981059209378,20.07420667071707,15,191,0.0,0.0
sample_09609.jpg,119.7060296143919,15.539277095649423,66,187,0.0,0.0
sample_09610.jpg,71.13935841953075,17.563640899180818,0,129,0.0023481922800752974,0.0
sample_09611.jpg,119.9170952279299,16.642006796172176,53,165,0.0,0.0
sample_09612.jpg,162.7013526363795,13.592069025186644,117,192,0.0,0.0
sample_09613.jpg,105.34477672766792,16.5749521837377,0,248,1.9406547769217335e-05,0.0
sample_09614.jpg,93.1496632963962,49.165969822373626,0,255,0.17999573055949078,3.881309553843467e-05
sample_09615.jpg,145.67810359215198,12.736763679536999,85,206,0.0,0.0
sample_09616.jpg,98.56948514428768,19.82857673864244,1,255,0.0,1.9406547769217335e-05
sample_09617.jpg,109.84897824525996,15.626994855260634,48,190,0.0,0.0
sample_09618.jpg,191.8006559413146,18.82390057908042,75,245,0.0,0.0
sample_09619.jpg,146.66799278076422,19.354496089101225,0,225,3.881309553843467e-05,0.0
sample_09620.jpg,80.81891750276543,18.222402565856786,0,145,1.9406547769217335e-05,0.0
sample_09621.jpg,170.51931921830425,14.394266904210255,75,210,0.0,0.0
sample_09622.jpg,95.58706747656659,56.49561899464115,0,171,0.22455316423761376,0.0
sample_09623.jpg,32.34386461992276,11.509208359206578,0,68,0.007044576840225893,0.0
sample_09624.jpg,181.09352015369987,16.917664871469636,87,255,0.0,5.8219643307652e-05
sample_09625.jpg,103.0004463505987,21.386589024465273,0,249,9.703273884608666e-05,0.0
sample_09626.jpg,74.93419239651459,49.236366201887954,0,245,0.26004774010751225,0.0
sample_09627.jpg,183.907586019523,12.12904371748287,115,234,0.0,0.0
sample_09628.jpg,87.7694502125017,16.917628589337713,4,150,0.0,0.0
sample_09629.jpg,198.77061460536785,18.349889462792305,123,255,0.0,0.00027169166876904265
sample_09630.jpg,60.1841487317821,17.75133164932328,3,117,0.0,0.0
sample_09631.jpg,63.087310058413706,34.90769307037478,0,157,0.16629470783442332,0.0
sample_09632.jpg,104.10675541927847,13.526246271838271,65,158,0.0,0.0
sample_09633.jpg,145.39375885423743,19.09510615063619,0,212,0.000174658929922956,0.0
sample_09634.jpg,141.72256399309126,15.61891758605259,69,245,0.0,0.0
sample_09635.jpg,142.30264511246094,15.85574197999486,16,171,0.0,0.0
sample_09636.jpg,123.97428632420579,13.81420177948741,71,187,0.0,0.0
sample_09637.jpg,151.77428244289624,14.815715889181952,86,230,0.0,0.0
sample_09638.jpg,87.67263094568108,17.06373355857382,31,161,0.0,0.0
sample_09639.jpg,163.46402996370975,38.58775603057936,0,223,0.027246793067981136,0.0
sample_09640.jpg,109.50740359797396,15.542112078821932,31,234,0.0,0.0
sample_09641.jpg,113.21446175939762,12.976656837582327,37,169,0.0,0.0
sample_09642.jpg,139.46529138931476,15.599924571573474,105,225,0.0,0.0
sample_09643.jpg,100.53350540472356,12.662816403438233,37,138,0.0,0.0
sample_09644.jpg,115.20625278969125,18.36507921866015,42,185,0.0,0.0
sample_09645.jpg,153.6716606182926,17.9225077095301,48,221,0.0,0.0
sample_09646.jpg,125.22779405771507,16.53366947141853,9,225,0.0,0.0
sample_09647.jpg,162.4152224960702,21.790349756163973,0,254,7.762619107686934e-05,0.0
sample_09648.jpg,146.47646956082983,14.803888377373234,45,222,0.0,0.0
sample_09649.jpg,44.80286828776029,16.495381351516023,0,173,0.000523976789768868,0.0
sample_09650.jpg,41.47728463583613,16.79875857137115,0,223,3.881309553843467e-05,0.0
sample_09651.jpg,152.15265190475267,20.648486063496698,0,214,0.0013002387005375613,0.0
sample_09652.jpg,144.59345223078267,13.083653147234024,71,191,0.0,0.0
sample_09653.jpg,125.11570183780007,16.067864010799024,1,240,0.0,0.0
sample_09654.jpg,161.28682877602904,17.634247700802646,74,225,0.0,0.0
sample_09655.jpg,137.33301635971978,22.21961165414723,5,222,0.0,0.0
sample_09656.jpg,144.06097537309088,17.440046491626862,54,200,0.0,0.0
sample_09657.jpg,78.49238293000059,22.94457150207782,23,145,0.0,0.0
sample_09658.jpg,145.23188883929438,12.962957718911227,79,190,0.0,0.0
sample_09659.jpg,139.23101554464478,16.1410749610328,51,226,0.0,0.0
sample_09660.jpg,152.89089638844146,85.52895447502618,0,227,0.22303945351161483,0.0
sample_09661.jpg,163.6816938034893,13.067456908080269,71,228,0.0,0.0
sample_09662.jpg,120.8553824060238,33.12548682075053,0,180,0.04244211997127831,0.0
sample_09663.jpg,107.47216130722506,16.236089256135394,0,131,0.0077432125599177165,0.0
sample_09664.jpg,133.7911273263599,14.798350838958521,77,189,0.0,0.0
sample_09665.jpg,99.23330551728154,20.07781404242165,8,214,0.0,0.0
sample_09666.jpg,181.74204816705156,15.556076794706435,47,235,0.0,0.0
sample_09667.jpg,187.83756719517166,17.09233981783538,45,250,0.0,0.0
sample_09668.jpg,160.8600399774884,14.74808984166134,71,225,0.0,0.0
sample_09669.jpg,92.49620601991111,21.639141175904694,13,166,0.0,0.0
sample_09670.jpg,114.52669370645656,14.02105796382224,10,155,0.0,0.0
sample_09671.jpg,136.16656639950318,12.62046754227901,104,182,0.0,0.0
sample_09672.jpg,116.38343457082419,82.2508376669522,0,238,0.30887461429486307,0.0
sample_09673.jpg,69.06367288323081,25.736960972680148,3,138,0.0,0.0
sample_09674.jpg,129.98800675347863,56.17855371490071,0,252,0.09268567214578198,0.0
sample_09675.jpg,138.0788682101341,13.522281338596944,47,200,0.0,0.0
sample_09676.jpg,129.89318636107822,22.373979704963915,0,239,0.0005627898853073027,0.0
sample_09677.jpg,134.56987327524305,12.360268448733414,112,207,0.0,0.0
sample_09678.jpg,90.26542335383958,16.715131411223247,34,185,0.0,0.0
sample_09679.jpg,94.82177026528751,61.19612544540788,0,213,0.2614256049991267,0.0
sample_09680.jpg,126.4519590909973,16.574227788219623,0,209,0.0010673601273069534,0.0
sample_09681.jpg,101.02751848473675,16.338273454305142,38,231,0.0,0.0
sample_09682.jpg,59.34244794193561,16.35293983428396,13,205,0.0,0.0
sample_09683.jpg,110.08622329173863,14.388230287126126,24,191,0.0,0.0
sample_09684.jpg,133.42211182052824,14.01076070832669,86,255,0.0,0.00013584583438452133
sample_09685.jpg,58.45304585767238,17.83724030493477,0,150,3.881309553843467e-05,0.0
sample_09686.jpg,110.11288788837354,15.305023772164626,42,164,0.0,0.0
sample_09687.jpg,113.85390750839333,16.957734345515448,60,193,0.0,0.0
sample_09688.jpg,88.52694599157756,17.386696295919126,0,215,0.00021347202546139068,0.0
sample_09689.jpg,76.56802965320499,55.01351672361172,0,176,0.31458013933901297,0.0
sample_09690.jpg,106.10108870732985,50.90287047516108,0,212,0.14737332375943643,0.0
sample_09691.jpg,119.06501193502687,12.671777038736302,29,150,0.0,0.0
sample_09692.jpg,134.77998796794037,16.32699840912629,49,185,0.0,0.0
sample_09693.jpg,119.67777368083992,20.550639429519265,7,213,0.0,0.0
sample_09694.jpg,124.89454481942207,16.52198103773685,38,174,0.0,0.0
sample_09695.jpg,93.86626947932233,20.705375128196177,0,235,0.000756855362999476,0.0
sample_09696.jpg,64.17087465310796,16.910775098678105,0,130,1.9406547769217335e-05,0.0
sample_09697.jpg,152.35154961283936,16.842644739044147,50,245,0.0,0.0
sample_09698.jpg,161.24654078286014,15.722240427698024,78,237,0.0,0.0
sample_09699.jpg,82.77954161734169,17.700454558431364,0,189,0.006268314929457199,0.0
sample_09700.jpg,131.91517397970074,13.882640638716852,44,205,0.0,0.0
sample_09701.jpg,147.34640687768052,20.53260376308573,7,207,0.0,0.0
sample_09702.jpg,167.88152302586892,24.028525106359602,87,221,0.0,0.0
sample_09703.jpg,91.68798152496652,15.934505528430073,65,255,0.0,0.00019406547769217333
sample_09704.jpg,133.331230957325,11.87402302144555,63,187,0.0,0.0
sample_09705.jpg,117.95311378058958,19.67459606953119,0,225,1.9406547769217335e-05,0.0
sample_09706.jpg,116.85105474587125,15.507238576717473,55,195,0.0,0.0
sample_09707.jpg,91.75050942187895,60.17208668552641,0,231,0.2654427603873547,0.0
sample_09708.jpg,144.88024219371616,14.662111284455968,83,184,0.0,0.0
sample_09709.jpg,92.88259038599624,53.43397616755828,0,196,0.21475285761415902,0.0
sample_09710.jpg,120.63641832754371,54.080299808759165,0,220,0.14450115468959226,0.0
sample_09711.jpg,112.26876128005588,19.957843811527322,20,245,0.0,0.0
sample_09712.jpg,93.60296143918958,13.256152955639212,0,176,3.881309553843467e-05,0.0
sample_09713.jpg,183.0433736342642,53.23005617356406,0,239,0.0581032040210367,0.0
sample_09714.jpg,139.96209901220672,17.71128759597611,83,215,0.0,0.0
sample_09715.jpg,77.6407071746007,41.59683834157762,0,151,0.1682935822546527,0.0
sample_09716.jpg,137.210813328417,17.869355898816625,0,233,9.703273884608666e-05,0.0
sample_09717.jpg,142.01793165013876,92.35354097340146,0,245,0.2711288788837354,0.0
sample_09718.jpg,91.91800733567506,45.173007483622726,0,182,0.15923072444642822,0.0
sample_09719.jpg,182.28731393972328,12.787767997796637,110,233,0.0,0.0
sample_09720.jpg,115.03629024432844,14.476804600337013,43,204,0.0,0.0
sample_09721.jpg,152.80005433833375,16.24922395682483,77,228,0.0,0.0
sample_09722.jpg,89.6763958159483,65.43161601902675,0,189,0.32013041200100917,0.0
sample_09723.jpg,149.62164994469134,18.188867541167067,0,228,3.881309553843467e-05,0.0
sample_09724.jpg,26.051252692658505,12.045929589657671,2,125,0.0,0.0
sample_09725.jpg,89.6175163500165,12.798272450311572,4,161,0.0,0.0
sample_09726.jpg,131.17213607871295,79.66531701207566,0,252,0.24357158105144674,0.0
sample_09727.jpg,86.62644336199034,13.843215718965322,18,149,0.0,0.0
sample_09728.jpg,102.6571057074657,15.972465343336275,38,218,0.0,0.0
sample_09729.jpg,101.01709716858468,52.344476911894425,0,195,0.17640551922218556,0.0
sample_09730.jpg,87.24421199712783,14.884570673777585,42,195,0.0,0.0
sample_09731.jpg,105.782122688195,17.749424534006952,29,177,0.0,0.0
sample_09732.jpg,164.5401618506084,18.179061499170682,27,218,0.0,0.0
sample_09733.jpg,136.48817170913466,14.794455560194505,24,206,0.0,0.0
sample_09734.jpg,45.407809194822335,16.103457976456827,0,162,0.00038813095538434665,0.0
sample_09735.jpg,95.16672165188534,54.28633033074852,0,169,0.20807700518154826,0.0
sample_09736.jpg,173.82400201828096,13.627182694085848,132,243,0.0,0.0
sample_09737.jpg,100.51318674920918,17.854836569262005,28,161,0.0,0.0
sample_09738.jpg,142.60463040229774,64.25475187205548,0,229,0.13939723262628811,0.0
sample_09739.jpg,150.91963748568767,18.991131803314914,0,221,1.9406547769217335e-05,0.0
sample_09740.jpg,132.6398920995944,53.746246421507486,0,195,0.11028741097246211,0.0
sample_09741.jpg,94.9594015020668,11.809284442837388,50,147,0.0,0.0
sample_09742.jpg,121.9703079819131,14.58295544254305,67,239,0.0,0.0
sample_09743.jpg,100.50526887771935,19.724451462917955,0,198,0.000116439286615304,0.0
sample_09744.jpg,112.30852529643502,54.595193544488936,0,236,0.14964388984843485,0.0
sample_09745.jpg,109.00968386733683,17.751810787410633,0,215,0.00015525238215373868,0.0
sample_09746.jpg,147.09732383706262,12.781917579419236,87,195,0.0,0.0
sample_09747.jpg,42.87059713947486,32.873089469797236,0,158,7.762619107686934e-05,0.0
sample_09748.jpg,113.01899901026606,16.289213528027048,53,158,0.0,0.0
sample_09749.jpg,126.35913757301714,22.10225267368568,34,236,0.0,0.0
sample_09750.jpg,200.98534805643425,17.12623718486406,152,255,0.0,9.703273884608666e-05
sample_09751.jpg,143.68753517436784,19.916201633370438,27,237,0.0,0.0
sample_09752.jpg,100.17124337751558,23.336637966756673,33,156,0.0,0.0
sample_09753.jpg,84.60067146655281,53.64497864438996,0,182,0.25958198296105106,0.0
sample_09754.jpg,164.80106347881775,19.131623366255546,102,204,0.0,0.0
sample_09755.jpg,47.10299054901124,30.042195231484335,0,129,0.2314036756001475,0.0
sample_09756.jpg,107.17236895728618,13.458446840504267,66,240,0.0,0.0
sample_09757.jpg,96.27941547478119,44.69672494172797,0,170,0.1407168778745949,0.0
sample_09758.jpg,171.71185157872267,16.224829028080684,90,237,0.0,0.0
sample_09759.jpg,129.37881581245512,15.205593262810936,61,196,0.0,0.0
sample_09760.jpg,153.3631935415009,101.34998259732957,0,255,0.28221001765995846,3.881309553843467e-05
sample_09761.jpg,135.2487725358536,17.140816876440194,31,226,0.0,0.0
sample_09762.jpg,142.5104116128782,14.758400052324102,75,211,0.0,0.0
sample_09763.jpg,95.33852781928623,48.739287933028734,0,219,0.17300937336257252,0.0
sample_09764.jpg,119.07642298511517,69.15039182646072,0,231,0.2295018339187642,0.0
sample_09765.jpg,124.20658270100331,14.91588968211356,53,171,0.0,0.0
sample_09766.jpg,80.6679539676687,12.656859689334393,26,110,0.0,0.0
sample_09767.jpg,142.40029886083565,15.618204535076515,0,199,0.0010285470317685187,0.0
sample_09768.jpg,155.9892099594403,18.503619623073142,0,250,0.001106173222845388,0.0
sample_09769.jpg,136.61635195715033,16.28058346638107,44,229,0.0,0.0
sample_09770.jpg,72.80785577053697,18.41991381048603,0,112,0.00038813095538434665,0.0
sample_09771.jpg,115.78941955015623,20.794089227975075,43,202,0.0,0.0
sample_09772.jpg,131.93739447689651,16.492413109256088,90,250,0.0,0.0
sample_09773.jpg,131.3314250228027,19.082754644956687,60,201,0.0,0.0
sample_09774.jpg,125.42162665683402,18.146261441666002,0,208,1.9406547769217335e-05,0.0
sample_09775.jpg,133.5772865764909,19.7111368243018,0,245,3.881309553843467e-05,0.0
sample_09776.jpg,41.29796813444856,25.10756807268119,0,138,0.17491121504395582,0.0
sample_09777.jpg,22.11859341341769,16.31707968711388,0,122,0.01738826680121873,0.0
sample_09778.jpg,135.6091327213802,17.066753915002,34,191,0.0,0.0
sample_09779.jpg,61.503270003299114,27.614505626851926,0,157,0.00027169166876904265,0.0
sample_09780.jpg,116.48475615672729,28.00032584650321,23,199,0.0,0.0
sample_09781.jpg,25.976615109938095,16.514178666145,0,183,0.05806439092549826,0.0
sample_09782.jpg,180.94015020667973,22.667373130534795,0,255,0.00015525238215373868,0.000640416076384172
sample_09783.jpg,89.24912185371345,34.0769617482084,0,169,0.088668516757554,0.0
sample_09784.jpg,200.77697995303615,12.54651463439856,126,236,0.0,0.0
sample_09785.jpg,70.62143647266588,14.106611727339127,11,165,0.0,0.0
sample_09786.jpg,199.21240466533408,16.104837735929216,92,255,0.0,7.762619107686934e-05
sample_09787.jpg,142.05127209920627,14.692502757339405,15,229,0.0,0.0
sample_09788.jpg,99.96487414853772,15.363950331475895,12,163,0.0,0.0
sample_09789.jpg,153.93085447029827,16.591072571644116,28,246,0.0,0.0
sample_09790.jpg,143.21184187544878,15.561853139933557,66,239,0.0,0.0
sample_09791.jpg,145.31438607386133,16.400197085090333,22,224,0.0,0.0
sample_09792.jpg,106.91226299753536,52.52699811786204,0,227,0.15212792796289468,0.0
sample_09793.jpg,98.31667604649809,18.85956565869588,4,221,0.0,0.0
sample_09794.jpg,82.68450775291583,13.879252985060061,0,167,3.881309553843467e-05,0.0
sample_09795.jpg,131.8164140581032,25.435508125245473,0,248,0.010576568534223446,0.0
sample_09796.jpg,155.78600399774885,15.909780074590467,0,238,1.9406547769217335e-05,0.0
sample_09797.jpg,168.6151099380931,16.762832610020663,105,227,0.0,0.0
sample_09798.jpg,67.62815113819403,20.776048720342093,4,147,0.0,0.0
sample_09799.jpg,112.71784820198334,20.581533059894056,5,215,0.0,0.0
sample_09800.jpg,139.06842748743426,13.62550488781072,88,199,0.0,0.0
sample_09801.jpg,93.84884239942556,36.64000874858328,35,243,0.0,0.0
sample_09802.jpg,65.78782821323915,20.91420041399177,0,231,0.00042694405092278136,0.0
sample_09803.jpg,169.83465621300627,22.424114483727053,27,221,0.0,0.0
sample_09804.jpg,107.53350540472356,20.527961458275744,0,248,5.8219643307652e-05,0.0
sample_09805.jpg,79.4612936404743,55.99753410992527,0,195,0.28692580876787827,0.0
sample_09806.jpg,128.19821847891478,16.545970143664558,29,188,0.0,0.0
sample_09807.jpg,65.61739991072989,37.527731222514774,0,171,0.20213860156416774,0.0
sample_09808.jpg,146.35762386229115,23.41400272150074,0,224,0.00036872440761512933,0.0
sample_09809.jpg,33.8526072696928,34.41661062124473,0,188,0.2630363484639717,0.0
sample_09810.jpg,108.64949834074017,22.97836991797403,34,209,0.0,0.0
sample_09811.jpg,102.98651244930039,20.601763087679487,0,187,1.9406547769217335e-05,0.0
sample_09812.jpg,120.92196627141998,20.16657005002277,30,219,0.0,0.0
sample_09813.jpg,47.84026470531157,32.6640905758858,0,116,0.2745444312911176,0.0
sample_09814.jpg,111.98189369093132,17.649055048625325,0,217,0.000116439286615304,0.0
sample_09815.jpg,69.70309922567874,19.174462473816742,0,129,0.02243396922121524,0.0
sample_09816.jpg,181.08994934891032,19.599038285311146,89,243,0.0,0.0
sample_09817.jpg,103.50451202235634,19.601832922613074,0,234,0.01069300782083875,0.0
sample_09818.jpg,116.3684915290419,13.402583314892494,15,177,0.0,0.0
sample_09819.jpg,128.54666304411109,31.685631379841375,0,237,0.03413611752605329,0.0
sample_09820.jpg,161.72130256748628,16.005343565533757,88,215,0.0,0.0
sample_09821.jpg,84.77144908692193,13.858991178095977,36,121,0.0,0.0
sample_09822.jpg,89.00999437210115,34.761044002575794,2,159,0.0,0.0
sample_09823.jpg,44.56385724543461,15.060387496696716,19,85,0.0,0.0
sample_09824.jpg,71.68879659997283,20.03776904080025,12,162,0.0,0.0
sample_09825.jpg,115.79683285140406,17.363746716516747,24,191,0.0,0.0
sample_09826.jpg,134.96118690446156,28.05455423680125,36,199,0.0,0.0
sample_09827.jpg,55.808127462205746,32.15510751649881,0,144,0.210464010557162,0.0
sample_09828.jpg,114.32853344718508,38.37240676563384,3,242,0.0,0.0
sample_09829.jpg,133.19734518426517,18.19467747546105,0,255,0.000116439286615304,1.9406547769217335e-05
sample_09830.jpg,132.71550000970328,13.950412475304693,68,183,0.0,0.0
sample_09831.jpg,184.75887364396746,13.597133782536735,120,233,0.0,0.0
sample_09832.jpg,63.647091928816785,16.925694531532546,0,166,0.000989733936230084,0.0
sample_09833.jpg,139.75215897843933,10.700093053369516,81,197,0.0,0.0
sample_09834.jpg,92.42438238661724,14.03451331581915,38,159,0.0,0.0
sample_09835.jpg,132.4360651283743,15.618883940111045,97,180,0.0,0.0
sample_09836.jpg,130.320382697122,15.631540057776549,42,210,0.0,0.0
sample_09837.jpg,119.1393972326263,73.18940977404839,0,241,0.23489685419860662,0.0
sample_09838.jpg,126.54264588872286,19.639751970727783,1,181,0.0,0.0
sample_09839.jpg,131.7843350346407,19.267441484767435,0,255,0.0003299113120766947,3.881309553843467e-05
sample_09840.jpg,182.25901919307574,19.056408150221912,37,246,0.0,0.0
sample_09841.jpg,92.681887868967,43.05367626439638,0,255,0.1293058277862951,5.8219643307652e-05
sample_09842.jpg,56.06357585049196,18.172889421998438,4,97,0.0,0.0
sample_09843.jpg,81.29657086300918,21.748265494754794,0,233,0.000232878573230608,0.0
sample_09844.jpg,124.59935182130451,19.972599376408372,0,255,0.000523976789768868,1.9406547769217335e-05
sample_09845.jpg,133.25894156688466,17.74740336713917,77,181,0.0,0.0
sample_09846.jpg,133.13027615517476,16.3764553911751,2,246,0.0,0.0
sample_09847.jpg,174.2613673853558,14.73714650287422,0,249,0.000232878573230608,0.0
sample_09848.jpg,125.85340293815133,21.75957225594928,0,255,0.000523976789768868,5.8219643307652e-05
sample_09849.jpg,137.50575404141358,13.120688564058476,51,190,0.0,0.0
sample_09850.jpg,129.69848046730968,18.35595139247332,0,238,0.00042694405092278136,0.0
sample_09851.jpg,110.67950086359137,14.95173391944665,21,233,0.0,0.0
sample_09852.jpg,125.39579654175319,50.5748815180246,0,179,0.10625084903646491,0.0
sample_09853.jpg,157.45424906363408,22.287862810571152,0,241,0.000523976789768868,0.0
sample_09854.jpg,98.32927089600031,15.88516584948437,13,213,0.0,0.0
sample_09855.jpg,87.74177647538279,62.13680453158847,0,254,0.30578897319955756,0.0
sample_09856.jpg,165.80826330804013,15.700107805773685,34,197,0.0,0.0
sample_09857.jpg,85.4841739602942,14.134854884573153,43,197,0.0,0.0
sample_09858.jpg,174.66525645752878,22.385305102753943,6,249,0.0,0.0
sample_09859.jpg,59.626715053659105,17.138212022289494,0,162,0.000232878573230608,0.0
sample_09860.jpg,115.44801956180015,17.43504426455471,67,255,0.0,0.0005045702419996507
sample_09861.jpg,179.7410778396631,16.94770021846973,52,218,0.0,0.0
sample_09862.jpg,144.75227541772594,21.50459594767537,31,241,0.0,0.0
sample_09863.jpg,142.07787847619787,12.656471595112352,66,195,0.0,0.0
sample_09864.jpg,113.1107725746667,25.409014831388056,46,180,0.0,0.0
sample_09865.jpg,111.97399522598924,47.01690092189349,0,253,0.04838052358865881,0.0
sample_09866.jpg,107.12152380213084,40.17522098099719,0,189,0.09631469657862562,0.0
sample_09867.jpg,105.14521919695706,54.70121133740077,0,255,0.1772011876807235,7.762619107686934e-05
sample_09868.jpg,117.7132100370665,14.274105188922862,41,170,0.0,0.0
sample_09869.jpg,21.29777406897087,12.870950791164613,0,167,0.00027169166876904265,0.0
sample_09870.jpg,141.57088241572706,15.677042786035159,84,196,0.0,0.0
sample_09871.jpg,118.86776378350055,21.91255449923716,53,253,0.0,0.0
sample_09872.jpg,137.5744532205166,16.057094449976436,17,206,0.0,0.0
sample_09873.jpg,131.70358438937296,19.019930054858897,43,214,0.0,0.0
sample_09874.jpg,61.051873702187116,16.639067050242677,0,220,0.000232878573230608,0.0
sample_09875.jpg,35.8351413767005,14.155735305875567,2,93,0.0,0.0
sample_09876.jpg,189.38553047798328,20.24070979408372,0,249,3.881309553843467e-05,0.0
sample_09877.jpg,127.65565021638301,18.925176712488966,0,225,0.003357332764074599,0.0
sample_09878.jpg,42.38914009586835,30.055784318929,0,117,0.24952939121659648,0.0
sample_09879.jpg,117.68002484038115,20.88572702368786,40,233,0.0,0.0
sample_09880.jpg,166.2159948766714,19.720551535538153,61,232,0.0,0.0
sample_09881.jpg,117.13792233499582,46.63927744742923,0,205,0.11422694016961323,0.0
sample_09882.jpg,94.54006481786955,51.022644038358244,0,180,0.20503017718178113,0.0
sample_09883.jpg,175.44272157425917,13.226937495190901,108,243,0.0,0.0
sample_09884.jpg,166.2564575287702,17.53788031917547,0,242,0.0017077762036911254,0.0
sample_09885.jpg,181.67647344213938,13.883601845935328,95,240,0.0,0.0
sample_09886.jpg,214.28907993557027,18.911913187876436,120,248,0.0,0.0
sample_09887.jpg,127.21576199809816,15.745432080875986,8,192,0.0,0.0
sample_09888.jpg,123.33169671447146,21.330218443848988,15,199,0.0,0.0
sample_09889.jpg,99.77230297502378,15.84539026128659,0,209,3.881309553843467e-05,0.0
sample_09890.jpg,140.38832502086203,16.40015488264981,50,210,0.0,0.0
sample_09891.jpg,139.43759824564808,60.09747036415463,0,255,0.0840691649362495,1.9406547769217335e-05
sample_09892.jpg,100.88464748005977,52.781332780791566,0,187,0.1810242775912593,0.0
sample_09893.jpg,151.53723146189523,18.454088279956096,67,236,0.0,0.0
sample_09894.jpg,56.02491800733568,11.91640949184969,26,88,0.0,0.0
sample_09895.jpg,114.17421257932426,17.31073011071142,49,214,0.0,0.0
sample_09896.jpg,180.90539307962507,16.386833733385103,93,249,0.0,0.0
sample_09897.jpg,132.10077820256555,15.561191015319205,69,170,0.0,0.0
sample_09898.jpg,59.703778454850664,15.298483464431742,0,128,3.881309553843467e-05,0.0
sample_09899.jpg,187.83060024452251,24.435672772706887,90,240,0.0,0.0
sample_09900.jpg,81.91272875468184,44.06588321724379,0,161,0.19406547769217333,0.0
sample_09901.jpg,42.494071299656504,17.909382909846265,2,235,0.0,0.0
sample_09902.jpg,141.79477575734052,17.982655533851883,59,240,0.0,0.0
sample_09903.jpg,95.9074501736886,58.293403534274944,0,252,0.23144248869568593,0.0
sample_09904.jpg,161.65326321100738,14.951667657212845,7,242,0.0,0.0
sample_09905.jpg,142.9923150070834,16.668198847378516,81,210,0.0,0.0
sample_09906.jpg,127.97077373905955,17.072072107651337,2,198,0.0,0.0
sample_09907.jpg,173.15286537677812,54.22182069085264,0,243,0.060800714160957905,0.0
sample_09908.jpg,80.78474257214384,16.02750840060465,14,151,0.0,0.0
sample_09909.jpg,139.16055036969473,18.77692663342738,0,254,9.703273884608666e-05,0.0
sample_09910.jpg,125.3104271381164,18.41849978321186,0,247,0.00021347202546139068,0.0
sample_09911.jpg,124.26608317646374,12.177850363037187,82,185,0.0,0.0
sample_09912.jpg,137.7011585709018,26.92027380799539,0,255,0.00036872440761512933,7.762619107686934e-05
sample_09913.jpg,134.93277571852744,18.3664186489477,0,240,7.762619107686934e-05,0.0
sample_09914.jpg,122.23144248869569,18.9639691501214,15,212,0.0,0.0
sample_09915.jpg,155.53501911544956,18.259632407805753,48,220,0.0,0.0
sample_09916.jpg,102.6407071746007,17.392464396535452,7,206,0.0,0.0
sample_09917.jpg,85.71726600555027,15.476009714387882,8,198,0.0,0.0
sample_09918.jpg,88.2457451144016,67.99951299801985,0,255,0.3370723282035359,1.9406547769217335e-05
sample_09919.jpg,98.80935007471521,19.512883087821713,0,195,3.881309553843467e-05,0.0
sample_09920.jpg,115.98629897727493,29.66371199778331,0,244,0.0013002387005375613,0.0
sample_09921.jpg,87.15272953094374,15.03974823676889,23,147,0.0,0.0
sample_09922.jpg,133.86023404296608,16.206331434086053,76,200,0.0,0.0
sample_09923.jpg,151.6908342874886,15.697818448036596,36,204,0.0,0.0
sample_09924.jpg,103.7461817617264,14.270309799094973,49,189,0.0,0.0
sample_09925.jpg,132.2621824603621,84.19755736185013,0,234,0.25989248772535856,0.0
sample_09926.jpg,147.13710725998953,13.67359604803595,101,196,0.0,0.0
sample_09927.jpg,81.23936036018553,51.58815077082879,0,198,0.2563993091268994,0.0
sample_09928.jpg,102.36854974868521,21.720179267746786,0,221,1.9406547769217335e-05,0.0
sample_09929.jpg,115.51079974383357,13.49011772418164,48,180,0.0,0.0
sample_09930.jpg,45.80657493838421,13.199747251120655,0,113,0.000116439286615304,0.0
sample_09931.jpg,166.62064080420734,13.763647479335829,110,242,0.0,0.0
sample_09932.jpg,125.71536416386888,20.44305878603977,5,225,0.0,0.0
sample_09933.jpg,188.67107842185953,10.88826930030287,147,226,0.0,0.0
sample_09934.jpg,133.6935512041763,16.667844266365858,0,216,1.9406547769217335e-05,0.0
sample_09935.jpg,108.62291137029634,31.531118135458676,19,172,0.0,0.0
sample_09936.jpg,79.61483824642434,23.45999028773918,29,126,0.0,0.0
sample_09937.jpg,137.85382988220226,18.32148530184592,1,229,0.0,0.0
sample_09938.jpg,158.55593937394477,36.66498493437857,49,202,0.0,0.0
sample_09939.jpg,89.38981932504026,19.84878732097392,38,154,0.0,0.0
sample_09940.jpg,160.19055289254595,17.910726260560594,6,255,0.0,0.001571930369306604
sample_09941.jpg,121.07455995652933,14.553569712101517,62,220,0.0,0.0
sample_09942.jpg,130.90329717246598,18.99075417155803,0,241,0.00013584583438452133,0.0
sample_09943.jpg,81.67717207785907,45.19704525599225,0,162,0.19588969318247976,0.0
sample_09944.jpg,92.77113858215762,15.63548891464852,45,165,0.0,0.0
sample_09945.jpg,170.50887849560442,16.57170952443037,87,210,0.0,0.0
sample_09946.jpg,112.23169477381668,17.48299190193779,22,191,0.0,0.0
sample_09947.jpg,149.91247646956083,31.052906641796138,28,203,0.0,0.0
sample_09948.jpg,87.1562227095422,12.818423755050965,30,196,0.0,0.0
sample_09949.jpg,87.98806497312194,20.779246612745382,11,155,0.0,0.0
sample_09950.jpg,64.86390188049448,16.246226917964602,7,122,0.0,0.0
sample_09951.jpg,127.34526189136214,14.755886826583641,48,183,0.0,0.0
sample_09952.jpg,48.32604940907062,16.095034867031515,0,123,3.881309553843467e-05,0.0
sample_09953.jpg,117.97481030099556,14.775519073771015,69,187,0.0,0.0
sample_09954.jpg,134.2907488986784,23.769725790470652,26,226,0.0,0.0
sample_09955.jpg,36.08719361912709,14.913115105036384,0,101,0.003726057171689728,0.0
sample_09956.jpg,72.66797337421646,21.661164470898456,24,140,0.0,0.0
sample_09957.jpg,113.33524811271323,17.098968754240044,27,177,0.0,0.0
sample_09958.jpg,46.836674493974265,15.376670410323168,0,99,0.0018242154903064295,0.0
sample_09959.jpg,123.1941042907877,20.188734051680235,57,238,0.0,0.0
sample_09960.jpg,72.77925051912516,23.45275153483733,24,126,0.0,0.0
sample_09961.jpg,115.03167148595936,19.4219229500466,86,255,0.0,0.000640416076384172
sample_09962.jpg,134.03679481457044,20.766394709649653,64,254,0.0,0.0
sample_09963.jpg,155.5266742999088,17.194325032748704,0,228,0.0007762619107686933,0.0
sample_09964.jpg,150.21624716179238,19.75612306721389,1,199,0.0,0.0
sample_09965.jpg,116.91831784043936,18.709099762885344,43,180,0.0,0.0
sample_09966.jpg,130.68336276659744,15.107845697789132,51,182,0.0,0.0
sample_09967.jpg,160.0579867647344,13.72062109586027,120,220,0.0,0.0
sample_09968.jpg,122.87861204370354,54.14187023519271,0,208,0.1365832831997516,0.0
sample_09969.jpg,123.87028663471055,21.40067384814819,4,234,0.0,0.0
sample_09970.jpg,128.79974383356944,20.34682711782622,3,236,0.0,0.0
sample_09971.jpg,121.66515942478992,12.862644551043946,69,177,0.0,0.0
sample_09972.jpg,194.13790292844806,8.820221656724597,145,210,0.0,0.0
sample_09973.jpg,88.56137320732014,60.123277999935965,0,190,0.28921578140464593,0.0
sample_09974.jpg,134.65467988899454,19.109253403562786,8,239,0.0,0.0
sample_09975.jpg,21.523840943934484,23.140972501301878,0,155,0.0010673601273069534,0.0
sample_09976.jpg,135.5075006307128,27.721788046173693,0,255,0.0005821964330765201,1.9406547769217335e-05
sample_09977.jpg,81.11583768363445,62.1287929348572,0,190,0.3420209978846863,0.0
sample_09978.jpg,133.4418676861573,11.794270515362008,64,187,0.0,0.0
sample_09979.jpg,61.55871451027577,43.84725511719574,0,255,0.281006811698267,3.881309553843467e-05
sample_09980.jpg,51.94176095014458,10.875179193666211,32,124,0.0,0.0
sample_09981.jpg,87.11079198121446,50.82351314133742,0,252,0.16466455782180908,0.0
sample_09982.jpg,134.34962836461023,14.810581266774935,94,240,0.0,0.0
sample_09983.jpg,146.89667953967668,16.344286722653326,32,232,0.0,0.0
sample_09984.jpg,103.97352946884278,19.813775197028328,0,215,1.9406547769217335e-05,0.0
sample_09985.jpg,132.84618370238118,19.148304081207346,0,255,0.000174658929922956,1.9406547769217335e-05
sample_09986.jpg,113.79431000019406,29.824929503905025,0,198,0.030953443691901648,0.0
sample_09987.jpg,160.8170544741796,17.946550681792328,30,243,0.0,0.0
sample_09988.jpg,64.9049273224786,15.121162693312735,18,190,0.0,0.0
sample_09989.jpg,107.57707310446544,23.569925486834705,8,177,0.0,0.0
sample_09990.jpg,85.10531933474354,14.292492052691687,33,148,0.0,0.0
sample_09991.jpg,134.37683634458267,19.041619045465456,23,233,0.0,0.0
sample_09992.jpg,109.29744415765879,16.411770009051722,47,196,0.0,0.0
sample_09993.jpg,123.51928040520872,17.45442333843945,10,224,0.0,0.0
sample_09994.jpg,68.38081468687535,50.19911183590495,0,225,0.3030138368685594,0.0
sample_09995.jpg,67.30142249995149,19.610507247955837,14,197,0.0,0.0
sample_09996.jpg,128.32445807215353,16.022287685652856,95,198,0.0,0.0
sample_09997.jpg,86.3698111742902,15.82996043300486,30,154,0.0,0.0
sample_09998.jpg,141.70340973044304,16.127749219303784,0,245,0.00027169166876904265,0.0
sample_09999.jpg,105.73304352888664,74.00275485854948,0,216,0.3008985231617148,0.0
sample_10000.jpg,117.32581653049739,20.131727150193196,0,242,0.0003299113120766947,0.0
sample_10001.jpg,90.08639795066856,13.685246866715215,27,166,0.0,0.0
sample_10002.jpg,37.13369170758214,13.178070790700891,0,126,0.000174658929922956,0.0
sample_10003.jpg,111.31475479826894,19.047998661831922,0,205,1.9406547769217335e-05,0.0
sample_10004.jpg,126.28525684565973,15.472663845281724,67,186,0.0,0.0
sample_10005.jpg,105.83702381183411,22.22656101327277,33,205,0.0,0.0
sample_10006.jpg,178.94009198703642,15.839004771539328,76,226,0.0,0.0
sample_10007.jpg,96.79161249005415,56.99586988759955,0,244,0.1325661278115236,0.0
sample_10008.jpg,95.35913757301714,15.199644830538452,56,146,0.0,0.0
sample_10009.jpg,94.25162529837567,19.32797955445878,11,211,0.0,0.0
sample_10010.jpg,85.7300549205302,20.274476989577025,36,129,0.0,0.0
sample_10011.jpg,109.51799957305595,18.013614773490303,0,204,3.881309553843467e-05,0.0
sample_10012.jpg,158.43932542839954,22.852810272584204,24,226,0.0,0.0
sample_10013.jpg,68.24463894117875,14.955439177990366,34,186,0.0,0.0
sample_10014.jpg,149.44142133555863,20.924851113769662,33,231,0.0,0.0
sample_10015.jpg,109.80902016340313,16.801438453061895,41,239,0.0,0.0
sample_10016.jpg,78.50078596518465,14.91742895236001,0,174,0.0002522851209998253,0.0
sample_10017.jpg,179.992936016612,17.66980584592852,49,232,0.0,0.0
sample_10018.jpg,116.3664732480739,21.08238853341372,14,196,0.0,0.0
sample_10019.jpg,82.9938287178094,16.125790020850044,27,211,0.0,0.0
sample_10020.jpg,74.46451512740398,19.85398941101802,15,166,0.0,0.0
sample_10021.jpg,136.78282132391467,14.245407732756892,89,250,0.0,0.0
sample_10022.jpg,70.78940014360845,18.17424069680923,7,146,0.0,0.0
sample_10023.jpg,99.42015175920355,13.03782708033352,34,176,0.0,0.0
sample_10024.jpg,55.81297909914805,13.221225547407526,13,183,0.0,0.0
sample_10025.jpg,142.27006151875642,13.735158515243258,89,203,0.0,0.0
sample_10026.jpg,194.11092782704884,16.660990929979526,122,243,0.0,0.0
sample_10027.jpg,123.2158008111937,17.625903704997175,61,195,0.0,0.0
sample_10028.jpg,102.48339769838343,72.11483427595213,0,225,0.31157212443478427,0.0
sample_10029.jpg,198.11191756098506,17.217864047246664,52,243,0.0,0.0
sample_10030.jpg,103.51807719924703,62.54652690539858,0,229,0.23126782976576296,0.0
sample_10031.jpg,93.9513283781948,46.76024135714513,0,234,0.1693803489297289,0.0
sample_10032.jpg,92.66843913136292,11.930774699898148,53,147,0.0,0.0
sample_10033.jpg,121.24407615129344,19.66880150613436,40,223,0.0,0.0
sample_10034.jpg,105.52822682373032,18.35281478666804,0,246,0.00019406547769217333,0.0
sample_10035.jpg,99.00896582506938,79.50891621159455,0,208,0.3600108676667508,0.0
sample_10036.jpg,118.48229152516059,14.646808029240141,11,193,0.0,0.0
sample_10037.jpg,196.14667468803975,13.787850563516637,118,238,0.0,0.0
sample_10038.jpg,115.18116012342564,17.460966840478374,30,173,0.0,0.0
sample_10039.jpg,139.61514875118866,18.528927109828782,65,221,0.0,0.0
sample_10040.jpg,146.82708765937628,20.471696649251765,76,207,0.0,0.0
sample_10041.jpg,129.25756370199306,88.00065977764906,0,247,0.2784257408449611,0.0
sample_10042.jpg,96.22259310291292,49.303150539983804,0,248,0.1681577364202682,0.0
sample_10043.jpg,129.95462749131556,18.56244332046707,14,234,0.0,0.0
sample_10044.jpg,76.11420753362185,14.76577785127738,36,114,0.0,0.0
sample_10045.jpg,79.33804265559199,39.47146166872518,0,198,0.1396301111995187,0.0
sample_10046.jpg,125.92565351549612,13.09120075932986,62,189,0.0,0.0
sample_10047.jpg,125.38487065535912,52.85419215160749,0,203,0.12222243785053077,0.0
sample_10048.jpg,120.26418133478235,19.443758559720706,5,177,0.0,0.0
sample_10049.jpg,119.84191426187195,10.45062452961544,19,178,0.0,0.0
sample_10050.jpg,96.17974344543849,61.94234564008632,0,232,0.2557200799549768,0.0
sample_10051.jpg,133.27718372178774,28.296961709244602,0,252,0.008771759591686235,0.0
sample_10052.jpg,123.08075064526771,16.52692769229424,16,192,0.0,0.0
sample_10053.jpg,163.8541792000621,14.600750098638816,109,225,0.0,0.0
sample_10054.jpg,130.39934793999495,16.325343469972662,16,218,0.0,0.0
sample_10055.jpg,131.98767684216654,21.72721129335678,22,223,0.0,0.0
sample_10056.jpg,154.42508102233694,15.669887150076693,56,250,0.0,0.0
sample_10057.jpg,85.06485668264473,18.043873924123183,50,127,0.0,0.0
sample_10058.jpg,69.94358516563489,53.80597389868691,0,248,0.33722758058568963,0.0
sample_10059.jpg,128.7870907644239,32.050137919487995,0,202,0.01418618641929787,0.0
sample_10060.jpg,100.100991674591,26.376402632548203,3,219,0.0,0.0
sample_10061.jpg,146.99008325408994,14.72614939074341,62,186,0.0,0.0
sample_10062.jpg,94.6195928506278,16.630691268895394,47,171,0.0,0.0
sample_10063.jpg,92.74917037008287,16.300951855656802,5,195,0.0,0.0
sample_10064.jpg,156.6727279784199,22.73333873992731,0,227,0.005433833375380854,0.0
sample_10065.jpg,128.1477032350715,14.986795038077984,95,179,0.0,0.0
sample_10066.jpg,110.14818839876574,17.61814645922982,10,209,0.0,0.0
sample_10067.jpg,144.38824739467097,18.255297569635495,9,247,0.0,0.0
sample_10068.jpg,172.87550699606047,46.84932540011396,0,242,0.033689766927361295,0.0
sample_10069.jpg,113.41890974014632,13.347451620245073,58,170,0.0,0.0
sample_10070.jpg,118.13747598439714,21.537625649977375,68,207,0.0,0.0
sample_10071.jpg,169.86568728288924,21.59673351497967,46,201,0.0,0.0
sample_10072.jpg,146.24508529177746,15.987379443123405,72,204,0.0,0.0
sample_10073.jpg,145.56550680199499,19.869796406832254,48,216,0.0,0.0
sample_10074.jpg,97.64445263832017,54.30940149889171,0,168,0.205107803372858,0.0
sample_10075.jpg,199.57390983717906,26.01684269903959,0,246,0.005336800636534767,0.0
sample_10076.jpg,130.7650837392536,33.17857292685369,0,207,0.02678103592151992,0.0
sample_10077.jpg,151.30959265656233,18.760221104007655,18,223,0.0,0.0
sample_10078.jpg,49.02027984241883,15.779473606422625,3,179,0.0,0.0
sample_10079.jpg,109.90981777251645,14.168022705350175,0,227,0.0005045702419996507,0.0
sample_10080.jpg,102.76060082671893,55.87704839627658,0,254,0.17993751091618312,0.0
sample_10081.jpg,118.11933086223291,34.15753505570171,0,201,0.04700265869704438,0.0
sample_10082.jpg,66.18822410681364,22.418665123368047,0,124,0.003997748840458771,0.0
sample_10083.jpg,33.90935201536998,17.58485226309681,0,98,0.057986764734421395,0.0
sample_10084.jpg,85.7248151526325,20.348222137784187,0,197,9.703273884608666e-05,0.0
sample_10085.jpg,110.08480661375148,18.323875997837245,31,193,0.0,0.0
sample_10086.jpg,125.59539288555959,14.766019979785108,39,205,0.0,0.0
sample_10087.jpg,146.65772671699432,14.632401350612444,91,191,0.0,0.0
sample_10088.jpg,158.71672262221273,16.255011154965455,102,232,0.0,0.0
sample_10089.jpg,138.52378272429118,20.32915842578519,0,255,5.8219643307652e-05,0.00015525238215373868
sample_10090.jpg,138.72516447049233,15.997451340820255,37,215,0.0,0.0
sample_10091.jpg,124.40569388111548,22.267221294088223,1,224,0.0,0.0
sample_10092.jpg,198.15730947621728,74.60920625321116,0,253,0.10254419841254439,0.0
sample_10093.jpg,188.26462768538104,17.318174908100744,42,251,0.0,0.0
sample_10094.jpg,131.12262997535368,10.908193615182876,66,181,0.0,0.0
sample_10095.jpg,123.9355702614062,80.33441984893028,0,254,0.27188573424673484,0.0
sample_10096.jpg,133.43932542839954,13.320779226846463,75,210,0.0,0.0
sample_10097.jpg,194.41460148654156,78.88069936039463,0,254,0.11607056220768887,0.0
sample_10098.jpg,123.13681616177298,29.273594612499995,0,245,0.026218246036212617,0.0
sample_10099.jpg,76.87193619127093,15.360374954011602,18,126,0.0,0.0
sample_10100.jpg,99.72009936152457,39.78330560793119,0,243,0.09093908284655243,0.0
sample_10101.jpg,105.52717887015079,16.665786988236857,28,138,0.0,0.0
sample_10102.jpg,150.79040928409245,15.378102150079739,29,203,0.0,0.0
sample_10103.jpg,96.41887092705079,17.84273073366215,26,192,0.0,0.0
sample_10104.jpg,79.25839818354713,17.20578097708276,14,154,0.0,0.0
sample_10105.jpg,159.26942110268004,23.339904927025533,0,228,0.00031050476430747735,0.0
sample_10106.jpg,54.5348638630674,17.61440819283506,19,155,0.0,0.0
sample_10107.jpg,101.57105707465699,54.253088595981716,0,203,0.18290671272487338,0.0
sample_10108.jpg,196.54497467445515,11.424279298400412,126,245,0.0,0.0
sample_10109.jpg,137.50332822294243,20.62058479118255,6,230,0.0,0.0
sample_10110.jpg,156.08379747326748,17.355071671730364,61,239,0.0,0.0
sample_10111.jpg,32.24943235847775,19.90733693407333,0,122,0.12299869976129946,0.0
sample_10112.jpg,114.57057191096276,27.31161416291343,0,255,0.001688369655921908,0.0029886083564594694
sample_10113.jpg,111.77292398455239,22.956404054108408,0,224,3.881309553843467e-05,0.0
sample_10114.jpg,59.08965825069379,25.172607871601624,0,149,0.07931456073279125,0.0
sample_10115.jpg,130.72345669428864,15.2721329787218,0,235,1.9406547769217335e-05,0.0
sample_10116.jpg,130.67202934270023,20.803562259379568,0,240,0.00013584583438452133,0.0
sample_10117.jpg,198.83269615168157,18.42292680477925,24,242,0.0,0.0
sample_10118.jpg,153.85171456849542,25.616983628077772,0,243,0.000349317859845912,0.0
sample_10119.jpg,142.57152283180346,15.279871836870505,58,218,0.0,0.0
sample_10120.jpg,129.9868229540647,14.45023370282871,94,182,0.0,0.0
sample_10121.jpg,119.15952182266297,26.257126288116957,0,250,0.013565176890682916,0.0
sample_10122.jpg,146.85049195598594,13.636003110828916,75,206,0.0,0.0
sample_10123.jpg,58.384230239282736,16.623044119251237,0,172,0.000174658929922956,0.0
sample_10124.jpg,149.21911933086224,11.176444064711964,91,209,0.0,0.0
sample_10125.jpg,92.70635952570397,56.18820447866707,0,189,0.2410487298414485,0.0
sample_10126.jpg,114.89615556288692,18.038513854429432,7,229,0.0,0.0
sample_10127.jpg,103.22614450115469,63.76939616562218,0,236,0.2396902714976033,0.0
sample_10128.jpg,116.39558306972772,19.871587227451236,16,196,0.0,0.0
sample_10129.jpg,136.78969124182498,13.196546744129346,76,191,0.0,0.0
sample_10130.jpg,91.91825962079605,30.03169217143688,0,204,0.015486425119835433,0.0
sample_10131.jpg,26.07541384463118,16.6791383713525,0,126,0.14067806477905645,0.0
sample_10132.jpg,61.199402278328705,17.82839256552417,2,157,0.0,0.0
sample_10133.jpg,134.97533427778532,14.668578002456826,77,182,0.0,0.0
sample_10134.jpg,131.64357934367055,18.92849889379835,27,239,0.0,0.0
sample_10135.jpg,128.91674591007006,23.48816918113409,17,255,0.0,0.00029109821653826003
sample_10136.jpg,127.68266413087775,16.933068576723354,70,198,0.0,0.0
sample_10137.jpg,121.55568708882377,25.353361914926957,27,215,0.0,0.0
sample_10138.jpg,128.49486696811505,12.90788958521428,46,210,0.0,0.0
sample_10139.jpg,155.62997535368433,17.42735828695049,57,209,0.0,0.0
sample_10140.jpg,127.08981350307594,14.840908444943855,51,199,0.0,0.0
sample_10141.jpg,149.02532554483884,26.625455889446986,0,188,0.015428205476527781,0.0
sample_10142.jpg,204.67996662073784,16.184196661406634,145,255,0.0,0.00042694405092278136
sample_10143.jpg,128.63785441207864,16.493412662116626,13,190,0.0,0.0
sample_10144.jpg,58.86289274001048,15.093979587345196,16,171,0.0,0.0
sample_10145.jpg,168.24293116497506,24.854084834403984,49,229,0.0,0.0
sample_10146.jpg,124.14032874691921,12.472602109783882,48,168,0.0,0.0
sample_10147.jpg,126.86409594597217,85.40304200443539,0,222,0.2868287760290322,0.0
sample_10148.jpg,133.24005899590523,21.688174729472586,64,217,0.0,0.0
sample_10149.jpg,102.85177278813872,17.087212403983912,28,170,0.0,0.0
sample_10150.jpg,61.30771022142871,32.47891248173523,0,210,0.16753672689165325,0.0
sample_10151.jpg,136.13506957247375,21.421522771050856,5,217,0.0,0.0
sample_10152.jpg,133.40540278289896,19.313949536570263,71,198,0.0,0.0
sample_10153.jpg,39.64249257699548,30.67585963242421,0,175,0.296182732053795,0.0
sample_10154.jpg,122.63383725669041,22.65489559250425,0,250,0.0005045702419996507,0.0
sample_10155.jpg,184.99972830833124,16.199037572074765,15,221,0.0,0.0
sample_10156.jpg,176.69225096547575,19.515463109807968,51,255,0.0,0.0018242154903064295
sample_10157.jpg,128.50123231578334,16.814925560012874,86,205,0.0,0.0
sample_10158.jpg,153.99631275592384,18.236349559400495,38,198,0.0,0.0
sample_10159.jpg,156.95837295503503,22.38189376758078,0,255,0.000116439286615304,0.0006016029808457373
sample_10160.jpg,137.57456965980322,15.773666311178022,86,231,0.0,0.0
sample_10161.jpg,111.2163053814357,13.37909110496018,54,155,0.0,0.0
sample_10162.jpg,87.61763278930312,16.163941832396407,34,178,0.0,0.0
sample_10163.jpg,51.84255467794834,15.20947273320492,19,86,0.0,0.0
sample_10164.jpg,47.18424576452095,16.080724558220865,18,85,0.0,0.0
sample_10165.jpg,130.06596285586758,14.51101642035872,70,191,0.0,0.0
sample_10166.jpg,86.02303557220206,16.113152247264075,29,140,0.0,0.0
sample_10167.jpg,117.1174484270993,32.22997303615287,33,190,0.0,0.0
sample_10168.jpg,65.52789691241826,31.351909504575893,0,125,0.13718488618059732,0.0
sample_10169.jpg,98.73007432707796,23.1319520433771,3,212,0.0,0.0
sample_10170.jpg,103.43724892778823,28.320158669603412,0,197,0.020978478138523937,0.0
sample_10171.jpg,106.96887189737818,14.979495951734346,56,224,0.0,0.0
sample_10172.jpg,122.17262124240719,20.28343358716991,34,230,0.0,0.0
sample_10173.jpg,103.3126394845621,49.533222883075304,0,255,0.15333113392458617,0.00013584583438452133
sample_10174.jpg,130.40400551145956,15.041155552858246,53,185,0.0,0.0
sample_10175.jpg,136.6572221467523,14.300591212177121,52,211,0.0,0.0
sample_10176.jpg,63.702051272099204,17.187133403876253,22,224,0.0,0.0
sample_10177.jpg,156.53222457257078,15.187382154481638,99,230,0.0,0.0
sample_10178.jpg,62.62320246851288,21.17871733290744,0,217,0.00048516369423043333,0.0
sample_10179.jpg,120.83023152011489,42.96973902680839,0,220,0.09390828465524267,0.0
sample_10180.jpg,80.99446913388577,16.29131082132294,29,138,0.0,0.0
sample_10181.jpg,96.28580022899726,48.84139638478419,0,191,0.17607560791010887,0.0
sample_10182.jpg,130.39047914766442,21.338368612992454,17,194,0.0,0.0
sample_10183.jpg,137.42032641813347,20.16031015954368,3,244,0.0,0.0
sample_10184.jpg,108.48822992877797,15.48780216752386,41,179,0.0,0.0
sample_10185.jpg,118.17947175376972,39.570120679686134,0,251,0.06660327194395389,0.0
sample_10186.jpg,125.63374022395156,19.602479098629725,0,250,0.0014554910826913002,0.0
sample_10187.jpg,139.00374546371947,19.681016109447743,50,203,0.0,0.0
sample_10188.jpg,61.103514525801,30.3092990629309,0,170,0.15177861010304877,0.0
sample_10189.jpg,58.71938131925712,36.38815539074106,0,177,0.2273865202119195,0.0
sample_10190.jpg,105.69970307981913,55.57543093714897,0,184,0.17102990549011238,0.0
sample_10191.jpg,65.46635874944207,34.76185911053809,0,212,0.07188185293718101,0.0
sample_10192.jpg,120.81965495158066,16.00126686596601,67,185,0.0,0.0
sample_10193.jpg,118.8404975838848,16.84748303450213,5,232,0.0,0.0
sample_10194.jpg,66.64004735197656,13.588562278169162,3,102,0.0,0.0
sample_10195.jpg,120.44512798618254,13.254322222098466,60,162,0.0,0.0
sample_10196.jpg,121.8400512332861,21.104156644301874,50,217,0.0,0.0
sample_10197.jpg,57.946476741252496,32.87937230470021,0,177,0.13887325583651924,0.0
sample_10198.jpg,145.3297754662423,20.75767612050851,6,248,0.0,0.0
sample_10199.jpg,67.54140386966563,21.64931077079352,5,219,0.0,0.0
sample_10200.jpg,78.26431718061674,33.120230071793564,0,202,0.09945855731723884,0.0
sample_10201.jpg,53.63967862756894,28.58988036614738,0,167,0.13495313318713734,0.0
sample_10202.jpg,148.51605891827901,20.68373511892132,0,239,0.00031050476430747735,0.0
sample_10203.jpg,181.77005181548253,73.60323134391572,0,255,0.11506142172368958,0.000174658929922956
sample_10204.jpg,128.68316870111977,14.75776146497074,84,173,0.0,0.0
sample_10205.jpg,104.81916978788644,30.279380224431122,0,182,9.703273884608666e-05,0.0
sample_10206.jpg,62.2569038793689,16.230889461737664,5,147,0.0,0.0
sample_10207.jpg,142.52271536416387,19.504751244598555,45,240,0.0,0.0
sample_10208.jpg,161.6257059131751,17.61338154401466,90,244,0.0,0.0
sample_10209.jpg,89.82483649983504,54.772822821721014,0,178,0.24780220846513615,0.0
sample_10210.jpg,167.50010673601273,17.891019432225292,79,241,0.0,0.0
sample_10211.jpg,129.24388208581576,17.03218391007676,37,202,0.0,0.0
sample_10212.jpg,164.44600128083215,16.437661170018053,51,227,0.0,0.0
sample_10213.jpg,134.80548817170913,14.245755697572664,82,248,0.0,0.0
sample_10214.jpg,115.87785518834055,13.974253793060301,64,182,0.0,0.0
sample_10215.jpg,134.22096295290032,16.14791712452785,32,221,0.0,0.0
sample_10216.jpg,169.0745793630771,15.861622641559086,71,220,0.0,0.0
sample_10217.jpg,47.638475421607254,17.371247928324053,0,163,0.00038813095538434665,0.0
sample_10218.jpg,68.39653399056841,54.21343236801453,0,214,0.37019930524558986,0.0
sample_10219.jpg,161.0658076034854,13.217500519509883,113,230,0.0,0.0
sample_10220.jpg,205.78051194473016,21.979701791602476,132,255,0.0,0.00027169166876904265
sample_10221.jpg,132.66451900871354,27.040330660613538,0,251,0.00015525238215373868,0.0
sample_10222.jpg,120.50350288187235,20.545289994074846,38,224,0.0,0.0
sample_10223.jpg,164.4893361020008,30.439828112516874,43,237,0.0,0.0
sample_10224.jpg,90.86529915193387,17.665041163688926,34,214,0.0,0.0
sample_10225.jpg,66.76145471482079,16.638762321769995,33,166,0.0,0.0
sample_10226.jpg,136.73801160511556,13.564619304174471,87,195,0.0,0.0
sample_10227.jpg,128.25453628054106,14.872973173521428,31,196,0.0,0.0
sample_10228.jpg,71.89953230219876,32.13422372952955,0,177,0.12099982534107008,0.0
sample_10229.jpg,71.66471307419123,18.322923247828154,0,217,0.00021347202546139068,0.0
sample_10230.jpg,68.83217217489181,54.38112799431281,0,225,0.3436123348017621,0.0
sample_10231.jpg,134.7596887189738,19.581915143199982,0,255,0.000116439286615304,1.9406547769217335e-05
sample_10232.jpg,132.22853150653032,16.5372811213392,0,232,1.9406547769217335e-05,0.0
sample_10233.jpg,148.47289875604028,19.37540810287512,7,217,0.0,0.0
sample_10234.jpg,98.88548196161385,17.536387140347422,27,167,0.0,0.0
sample_10235.jpg,134.26942110268004,24.94386355001704,18,201,0.0,0.0
sample_10236.jpg,160.39564128937104,13.221928900539096,104,224,0.0,0.0
sample_10237.jpg,114.31450251314794,19.037572827099563,15,205,0.0,0.0
sample_10238.jpg,98.44192590580062,16.016986548199892,1,211,0.0,0.0
sample_10239.jpg,43.220846513613694,17.072829605405733,1,213,0.0,0.0
sample_10240.jpg,129.05202895456927,18.362506778533643,0,251,0.00015525238215373868,0.0
sample_10241.jpg,48.83987657435619,14.536703906901183,5,182,0.0,0.0
sample_10242.jpg,184.628655708436,25.918490625794014,93,255,0.0,0.00048516369423043333
sample_10243.jpg,220.30831182440954,12.316376145199051,168,255,0.0,0.0005433833375380853
sample_10244.jpg,64.55190281200878,28.36637095408577,0,149,0.05136913194511828,0.0
sample_10245.jpg,127.662966484892,16.963312138882817,12,178,0.0,0.0
sample_10246.jpg,153.5076364765472,20.84720170567786,0,228,1.9406547769217335e-05,0.0
sample_10247.jpg,136.35451881464806,15.685417575633666,31,193,0.0,0.0
sample_10248.jpg,72.4331735527567,39.00604768947111,0,162,0.1904364532593297,0.0
sample_10249.jpg,97.73030720565119,19.749675007287,0,194,0.009043451260455278,0.0
sample_10250.jpg,136.51666052125987,16.244089412996647,32,236,0.0,0.0
sample_10251.jpg,62.69706378932252,39.69580355360709,0,161,0.18645811096664014,0.0
sample_10252.jpg,123.31652079411593,15.518372305645679,13,209,0.0,0.0
sample_10253.jpg,132.54872013817462,20.28109626065212,69,196,0.0,0.0
sample_10254.jpg,156.81738438549166,17.426911655287793,34,200,0.0,0.0
sample_10255.jpg,106.58029459139513,16.34969787739527,45,230,0.0,0.0
sample_10256.jpg,123.40295755788003,18.645701649836447,23,217,0.0,0.0
sample_10257.jpg,114.81614236643443,19.191417543816325,0,196,0.0010285470317685187,0.0
sample_10258.jpg,100.0706786469755,16.612541331638138,32,182,0.0,0.0
sample_10259.jpg,146.45770342913698,54.462651464303384,0,252,0.09780900075685536,0.0
sample_10260.jpg,195.16210289351628,16.663584142530613,135,250,0.0,0.0
sample_10261.jpg,117.65178831337694,13.306835934387196,83,207,0.0,0.0
sample_10262.jpg,132.23984552387975,13.70165068891509,81,190,0.0,0.0
sample_10263.jpg,141.5313900910167,14.42778522717554,97,199,0.0,0.0
sample_10264.jpg,101.72530031632672,53.207937062779415,0,191,0.17586213588464747,0.0
sample_10265.jpg,109.28713928079334,20.63224382572195,1,245,0.0,0.0
sample_10266.jpg,40.33084282636962,14.363050742766715,19,105,0.0,0.0
sample_10267.jpg,55.44604009392769,18.896555857968238,0,199,0.01630150012614256,0.0
sample_10268.jpg,121.5963243998525,55.42736111788971,0,193,0.13850453142890412,0.0
sample_10269.jpg,103.62031089289526,39.158118352272695,0,220,0.03495119253236042,0.0
sample_10270.jpg,131.4412466766287,15.804997509925764,59,186,0.0,0.0
sample_10271.jpg,123.88959614974092,18.367601921199547,48,199,0.0,0.0
sample_10272.jpg,153.02101729123407,15.308652257579054,61,222,0.0,0.0
sample_10273.jpg,126.68990277319567,17.488138971456937,21,201,0.0,0.0
sample_10274.jpg,82.9493683168701,14.105266594819607,20,139,0.0,0.0
sample_10275.jpg,53.769780123813774,39.125547102341415,0,120,0.3060024452250189,0.0
sample_10276.jpg,115.93776320130412,17.708280929102138,67,175,0.0,0.0
sample_10277.jpg,97.33726639368123,65.81529696496719,0,250,0.27211861281996547,0.0
sample_10278.jpg,154.91253468920414,24.22121890815273,19,230,0.0,0.0
sample_10279.jpg,105.00504570241999,18.628035860084832,0,221,0.00031050476430747735,0.0
sample_10280.jpg,96.30338256127618,21.202579659993773,10,241,0.0,0.0
sample_10281.jpg,145.1938714122145,32.151610257088166,44,187,0.0,0.0
sample_10282.jpg,174.3876651982379,18.954141630530838,75,215,0.0,0.0
sample_10283.jpg,116.00917929709485,20.82411642772599,29,219,0.0,0.0
sample_10284.jpg,66.78377224475538,12.665346706926035,32,114,0.0,0.0
sample_10285.jpg,99.98135030759379,17.21679635604212,41,226,0.0,0.0
sample_10286.jpg,114.31737468221777,51.87742515645258,0,217,0.14847949698228183,0.0
sample_10287.jpg,130.4445263832017,14.984370024860736,84,233,0.0,0.0
sample_10288.jpg,67.70725222690136,16.619480260845567,7,154,0.0,0.0
sample_10289.jpg,130.00335733276407,15.166124803612878,66,189,0.0,0.0
sample_10290.jpg,100.95938209551903,16.622566836827357,0,206,0.000116439286615304,0.0
sample_10291.jpg,132.43346465097324,16.066594545680406,50,199,0.0,0.0
sample_10292.jpg,84.96176910089464,54.28348074153727,0,224,0.24741407750975178,0.0
sample_10293.jpg,150.8465524267888,12.674263516891264,67,206,0.0,0.0
sample_10294.jpg,174.14308447670243,29.877719195624277,0,255,0.006326534572764851,0.0005821964330765201
sample_10295.jpg,107.91313629218499,14.43619204050704,56,172,0.0,0.0
sample_10296.jpg,96.35517863727222,48.73461653182827,0,202,0.16270449649711813,0.0
sample_10297.jpg,134.58865881348368,34.05251614397695,0,207,0.03646490325835937,0.0
sample_10298.jpg,126.06722428147256,66.81961693239468,0,225,0.18265442760387354,0.0
sample_10299.jpg,125.77139086727863,15.233869350145195,0,244,0.00019406547769217333,0.0
sample_10300.jpg,97.59966232606881,12.698982279952364,42,183,0.0,0.0
sample_10301.jpg,108.58619418191698,50.14812490469478,0,230,0.14159017252420966,0.0
sample_10302.jpg,115.37289681538552,21.48434880659028,43,159,0.0,0.0
sample_10303.jpg,94.91160317491122,18.043892801369314,1,187,0.0,0.0
sample_10304.jpg,112.62036911253857,19.067573278379633,0,216,0.000116439286615304,0.0
sample_10305.jpg,123.81018455626929,16.324669559030845,0,219,0.00048516369423043333,0.0
sample_10306.jpg,129.49496400085388,12.731508422184367,27,201,0.0,0.0
sample_10307.jpg,78.13380814686876,53.27068141952175,0,200,0.27246793067981134,0.0
sample_10308.jpg,153.88425934910438,33.998277260728315,0,235,9.703273884608666e-05,0.0
sample_10309.jpg,134.33973102524791,14.510889287344373,70,255,0.0,3.881309553843467e-05
sample_10310.jpg,115.7326942110268,41.8381735803479,0,208,0.06743775349803023,0.0
sample_10311.jpg,116.43200915989054,79.5832819663771,0,210,0.29253430107318207,0.0
sample_10312.jpg,137.2282792214093,21.563761795430377,14,231,0.0,0.0
sample_10313.jpg,67.05395020279842,14.732384094689982,26,174,0.0,0.0
sample_10314.jpg,124.0815075006307,18.108569006645503,19,222,0.0,0.0
sample_10315.jpg,130.8224689010072,15.26611157489986,71,194,0.0,0.0
sample_10316.jpg,156.70960041918144,14.600032446563793,100,255,0.0,0.000174658929922956
sample_10317.jpg,116.96640726581148,13.533086146052527,60,165,0.0,0.0
sample_10318.jpg,126.72922043897611,20.222721536790683,22,235,0.0,0.0
sample_10319.jpg,96.09421878941956,48.49701956641092,0,241,0.0005627898853073027,0.0
sample_10320.jpg,82.2939121659648,25.572103147699483,0,192,3.881309553843467e-05,0.0
sample_10321.jpg,127.17293174717149,57.410081723159195,0,231,0.1351277921170603,0.0
sample_10322.jpg,148.5199790409284,13.925790685287218,99,241,0.0,0.0
sample_10323.jpg,65.7316850705428,41.27664592622286,0,201,0.21389896951231346,0.0
sample_10324.jpg,130.19094102350132,17.926362347777292,34,237,0.0,0.0
sample_10325.jpg,123.0362514312329,49.4799825154203,0,211,0.09200644297385938,0.0
sample_10326.jpg,70.80836034077898,13.716819931382325,8,122,0.0,0.0
sample_10327.jpg,76.1034563061577,58.03687501831901,0,163,0.33202662578353936,0.0
sample_10328.jpg,89.87228550913078,15.342522997029215,59,208,0.0,0.0
sample_10329.jpg,155.04277203128336,78.32474141241183,0,241,0.1727376816938035,0.0
sample_10330.jpg,93.87065535911816,12.968204479675014,44,147,0.0,0.0
sample_10331.jpg,193.69446331192145,31.742392659501025,95,248,0.0,0.0
sample_10332.jpg,106.47532457451145,22.72798053267483,21,187,0.0,0.0
sample_10333.jpg,142.18839876574356,32.619808598399516,0,255,0.0026004774010751227,1.9406547769217335e-05
sample_10334.jpg,144.56442003531993,19.088953320370745,0,197,7.762619107686934e-05,0.0
sample_10335.jpg,124.14477284635836,15.632267678998792,3,222,0.0,0.0
sample_10336.jpg,71.65840594616624,54.57912715097675,0,253,0.273147159851734,0.0
sample_10337.jpg,177.35622659085175,16.338866228897217,94,239,0.0,0.0
sample_10338.jpg,25.086126258999787,13.500100282361213,0,130,0.000232878573230608,0.0
sample_10339.jpg,154.11894273127754,15.07992125039144,40,237,0.0,0.0
sample_10340.jpg,171.12278522773585,18.91833391362928,85,252,0.0,0.0
sample_10341.jpg,54.79865706689437,21.814784959910003,0,150,3.881309553843467e-05,0.0
sample_10342.jpg,144.3925168351802,15.520936608317019,62,243,0.0,0.0
sample_10343.jpg,149.33037706922315,19.371838675957243,8,204,0.0,0.0
sample_10344.jpg,30.607638417201965,15.79669051367248,0,143,0.0005821964330765201,0.0
sample_10345.jpg,135.07669467678394,12.84865702702476,86,196,0.0,0.0
sample_10346.jpg,98.95375419666595,15.828881520652509,45,182,0.0,0.0
sample_10347.jpg,105.4686681286266,29.06033465093159,0,175,0.03357332764074599,0.0
sample_10348.jpg,130.17353335015235,19.293741155179422,23,229,0.0,0.0
sample_10349.jpg,99.55452269595762,18.978876011089056,11,219,0.0,0.0
sample_10350.jpg,147.06753478623688,16.94087157360752,63,220,0.0,0.0
sample_10351.jpg,161.55675444895107,22.607153629036432,47,237,0.0,0.0
sample_10352.jpg,134.50911137417765,21.2551537128998,0,220,5.8219643307652e-05,0.0
sample_10353.jpg,117.82380795280328,15.965729755445281,1,215,0.0,0.0
sample_10354.jpg,153.50713190630518,15.386101657723,72,241,0.0,0.0
sample_10355.jpg,103.20588406528363,26.332090792983436,0,214,0.002425818471152167,0.0
sample_10356.jpg,130.41530012226124,24.927501305218218,18,200,0.0,0.0
sample_10357.jpg,128.04055968483766,24.811745641396232,0,224,0.00029109821653826003,0.0
sample_10358.jpg,113.73277183721788,21.681195876993776,68,152,0.0,0.0
sample_10359.jpg,108.25923266510121,20.211198897868474,3,235,0.0,0.0
sample_10360.jpg,170.63583613111064,19.590227369370535,1,230,0.0,0.0
sample_10361.jpg,92.34349589551515,13.376215198795482,35,150,0.0,0.0
sample_10362.jpg,111.71173513943604,20.494654391295914,34,165,0.0,0.0
sample_10363.jpg,90.44920336121407,62.67804708511373,0,197,0.2940091987036426,0.0
sample_10364.jpg,110.37130547846843,17.862185549841932,0,185,0.000349317859845912,0.0
sample_10365.jpg,84.45411321779969,41.107971413346306,0,216,0.14719866482951346,0.0
sample_10366.jpg,93.96060470802848,15.798332218621429,33,201,0.0,0.0
sample_10367.jpg,147.7091152554872,22.224542958194757,9,250,0.0,0.0
sample_10368.jpg,146.61346038153272,12.562417589465902,93,201,0.0,0.0
sample_10369.jpg,27.953307846067265,24.52212591298706,0,170,0.28073512002949796,0.0
sample_10370.jpg,126.23171418036445,14.83153690100857,39,213,0.0,0.0
sample_10371.jpg,158.8838129985057,15.345643709210984,97,225,0.0,0.0
sample_10372.jpg,83.56579790021154,15.350975580858641,2,179,0.0,0.0
sample_10373.jpg,143.91926876128005,14.169033700348422,57,201,0.0,0.0
sample_10374.jpg,130.58147839080905,19.11062475778667,0,244,0.003357332764074599,0.0
sample_10375.jpg,137.7192648799705,16.896945888867553,86,235,0.0,0.0
sample_10376.jpg,17.061344097498495,13.114660333133791,0,142,0.0010867666750761706,0.0
sample_10377.jpg,183.8137553610588,20.22146858976562,56,252,0.0,0.0
sample_10378.jpg,141.27374876283258,17.95325064159804,1,230,0.0,0.0
sample_10379.jpg,117.42589609734324,19.315767198602366,21,237,0.0,0.0
sample_10380.jpg,171.49577907586018,19.504196877102643,15,221,0.0,0.0
sample_10381.jpg,135.96060470802848,15.715884825083899,51,191,0.0,0.0
sample_10382.jpg,63.830483805235886,38.71507506539982,0,141,0.22758058568961168,0.0
sample_10383.jpg,101.2538182382736,14.958464433141234,3,140,0.0,0.0
sample_10384.jpg,106.86318383822702,13.635867378226504,59,153,0.0,0.0
sample_10385.jpg,85.35645946942499,16.38843051151345,3,190,0.0,0.0
sample_10386.jpg,102.669273612917,52.190696556926646,0,217,0.1772205942284927,0.0
sample_10387.jpg,84.94969822818219,59.57258536154796,0,238,0.2923984552387976,0.0
sample_10388.jpg,114.86873411088901,14.42191183671387,57,223,0.0,0.0
sample_10389.jpg,56.776514195889696,17.714407569732124,0,195,5.8219643307652e-05,0.0
sample_10390.jpg,172.71130819538513,16.136603816851903,92,218,0.0,0.0
sample_10391.jpg,84.21259873081178,45.812649462367744,0,172,0.15445671369520075,0.0
sample_10392.jpg,78.10710473713831,17.41481396634104,13,173,0.0,0.0
sample_10393.jpg,50.605348444565195,16.44308659763951,1,138,0.0,0.0
sample_10394.jpg,70.69863571969182,17.702443030294916,7,139,0.0,0.0
sample_10395.jpg,46.37371189039182,16.60208384608693,0,115,0.0006016029808457373,0.0
sample_10396.jpg,125.79163189660191,16.162933610615333,23,181,0.0,0.0
sample_10397.jpg,77.33078460672631,50.84857226750142,0,170,0.2733994449727338,0.0
sample_10398.jpg,107.62176638397796,17.94536323866477,59,189,0.0,0.0
sample_10399.jpg,148.4623610006016,17.45574868863179,61,245,0.0,0.0
sample_10400.jpg,179.83203632905742,29.775794539676305,102,255,0.0,1.9406547769217335e-05
sample_10401.jpg,137.13734013856276,28.20119433205516,0,220,0.018009276329833686,0.0
sample_10402.jpg,145.30994197442217,19.133127219952794,0,239,0.0011837994139222573,0.0
sample_10403.jpg,99.67540608201207,17.552225817320874,28,213,0.0,0.0
sample_10404.jpg,140.007063983388,17.52204923547557,52,225,0.0,0.0
sample_10405.jpg,116.87234372877408,22.002174430202235,26,205,0.0,0.0
sample_10406.jpg,117.09792544004347,13.474926181181868,62,166,0.0,0.0
sample_10407.jpg,129.34873566341284,15.557039799406384,22,189,0.0,0.0
sample_10408.jpg,101.69832521492752,18.213678345074836,0,176,5.8219643307652e-05,0.0
sample_10409.jpg,127.95084321450057,34.75805052954465,0,225,0.04533369558889169,0.0
sample_10410.jpg,127.49119913058666,31.75075293343523,0,255,0.025868928176366705,9.703273884608666e-05
sample_10411.jpg,160.9064410332046,15.19573493545574,82,205,0.0,0.0
sample_10412.jpg,98.50243552174504,13.57785143998169,39,182,0.0,0.0
sample_10413.jpg,109.74583244386656,17.96568139536364,11,192,0.0,0.0
sample_10414.jpg,130.96202138601564,80.1170187018294,0,254,0.24213549651652466,0.0
sample_10415.jpg,96.75970812552156,18.820136384851622,2,199,0.0,0.0
sample_10416.jpg,111.66741058433115,16.95508132667147,15,190,0.0,0.0
sample_10417.jpg,111.20000388130956,15.557716860184573,44,158,0.0,0.0
sample_10418.jpg,123.55929670670885,14.74130659819096,56,189,0.0,0.0
sample_10419.jpg,67.30571134700848,16.027735286602635,6,170,0.0,0.0
sample_10420.jpg,212.74204816705156,16.598751424747967,91,249,0.0,0.0
sample_10421.jpg,136.6271614042578,21.25956183493237,6,251,0.0,0.0
sample_10422.jpg,125.23827359351046,16.380542052886323,12,187,0.0,0.0
