filename,x,y
sample_00001.jpg,20.142693,4.4516325
sample_00002.jpg,-4.0350986,7.9397817
sample_00003.jpg,-34.779766,2.8907537
sample_00004.jpg,16.65822,-15.592491
sample_00005.jpg,-4.4294415,5.433367
sample_00006.jpg,30.616909,-26.754604
sample_00007.jpg,-16.931696,-12.105615
sample_00008.jpg,-17.239895,-10.56915
sample_00009.jpg,-11.629891,-3.8921285
sample_00010.jpg,17.00283,28.351519
sample_00011.jpg,-33.48103,20.682186
sample_00012.jpg,12.475268,23.642502
sample_00013.jpg,18.32727,5.2084613
sample_00014.jpg,-5.774946,-0.4651702
sample_00015.jpg,0.4595571,13.697874
sample_00016.jpg,-13.789767,56.546246
sample_00017.jpg,3.4865427,3.434316
sample_00018.jpg,20.995949,31.191847
sample_00019.jpg,0.8272092,-5.2788134
sample_00020.jpg,16.596369,-8.261282
sample_00021.jpg,3.5256155,-25.009953
sample_00022.jpg,-12.30302,1.5970367
sample_00023.jpg,-1.2794114,5.4135613
sample_00024.jpg,-10.560519,-3.5006387
sample_00025.jpg,-12.878912,55.925068
sample_00026.jpg,2.8157065,23.106049
sample_00027.jpg,-13.807114,56.709625
sample_00028.jpg,11.22715,5.4336505
sample_00029.jpg,30.025145,-9.0816555
sample_00030.jpg,6.2024374,-12.219575
sample_00031.jpg,6.8717556,-1.134351
sample_00032.jpg,-34.33536,6.231742
sample_00033.jpg,-21.406221,8.163479
sample_00034.jpg,20.12617,-25.604315
sample_00035.jpg,-14.580975,-14.83019
sample_00036.jpg,30.772715,-20.458862
sample_00037.jpg,9.889586,11.272795
sample_00038.jpg,23.333607,-19.254086
sample_00039.jpg,-17.76577,57.744503
sample_00040.jpg,27.033848,-15.146622
sample_00041.jpg,-10.767959,-20.40751
sample_00042.jpg,-35.31136,12.338331
sample_00043.jpg,25.952633,-23.587915
sample_00044.jpg,-9.590818,-8.842475
sample_00045.jpg,34.04059,33.008858
sample_00046.jpg,-32.55609,17.29921
sample_00047.jpg,-5.6109905,-6.746119
sample_00048.jpg,-10.269499,7.4517183
sample_00049.jpg,-18.077316,-3.2492523
sample_00050.jpg,-6.9230685,54.016674
sample_00051.jpg,21.675327,-0.88013756
sample_00052.jpg,14.001392,-3.7318761
sample_00053.jpg,6.145014,-12.067189
sample_00054.jpg,-17.231129,-20.449543
sample_00055.jpg,-12.557629,-21.658052
sample_00056.jpg,-1.5166858,17.20178
sample_00057.jpg,27.095478,33.305237
sample_00058.jpg,-17.139519,0.6096705
sample_00059.jpg,13.315845,-9.771344
sample_00060.jpg,14.310872,12.20605
sample_00061.jpg,-2.2561517,-22.57143
sample_00062.jpg,22.031446,31.381802
sample_00063.jpg,-7.8118215,-20.681465
sample_00064.jpg,0.7001034,2.474566
sample_00065.jpg,-4.0754943,-19.230732
sample_00066.jpg,33.552982,5.633527
sample_00067.jpg,-12.892772,-7.1285615
sample_00068.jpg,18.23142,-6.9037704
sample_00069.jpg,19.889296,-15.796055
sample_00070.jpg,18.169756,-4.176251
sample_00071.jpg,15.6431,-7.664325
sample_00072.jpg,20.961151,-31.689247
sample_00073.jpg,1.119233,4.729425
sample_00074.jpg,-11.9164,-25.353199
sample_00075.jpg,-1.3315938,-5.5468936
sample_00076.jpg,9.730285,17.60238
sample_00077.jpg,-24.459948,18.642382
sample_00078.jpg,-5.2864094,-5.7825675
sample_00079.jpg,2.673279,-33.81964
sample_00080.jpg,17.000937,-12.3779125
sample_00081.jpg,-24.735653,-18.243639
sample_00082.jpg,11.999771,-12.6056385
sample_00083.jpg,-24.676613,9.652228
sample_00084.jpg,-25.604752,13.598153
sample_00085.jpg,18.579231,29.930462
sample_00086.jpg,-25.621267,9.487384
sample_00087.jpg,-25.71627,12.557106
sample_00088.jpg,-3.709966,-8.066088
sample_00089.jpg,3.3064847,-11.947292
sample_00090.jpg,-6.2218304,-17.466518
sample_00091.jpg,9.719291,2.9453883
sample_00092.jpg,21.912035,-9.877017
sample_00093.jpg,-9.014214,5.636095
sample_00094.jpg,-14.166139,17.21015
sample_00095.jpg,19.28365,-31.119907
sample_00096.jpg,-23.659536,14.63802
sample_00097.jpg,0.12781607,15.5366535
sample_00098.jpg,27.154013,-25.714748
sample_00099.jpg,-10.327324,-6.7252073
sample_00100.jpg,2.6447794,43.456005
sample_00101.jpg,29.24962,-12.533096
sample_00102.jpg,4.9432135,-6.9869623
sample_00103.jpg,-46.67417,-9.818585
sample_00104.jpg,2.5041568,7.3613825
sample_00105.jpg,13.396506,-1.972867
sample_00106.jpg,-20.415838,13.697063
sample_00107.jpg,4.7195783,-12.797752
sample_00108.jpg,6.4451413,-15.419871
sample_00109.jpg,-15.830718,-13.246345
sample_00110.jpg,-29.540323,9.432642
sample_00111.jpg,18.872673,29.31586
sample_00112.jpg,19.043049,4.062616
sample_00113.jpg,-11.091307,9.407138
sample_00114.jpg,1.5302298,13.420362
sample_00115.jpg,-30.697203,-5.528623
sample_00116.jpg,-24.856728,-5.53613
sample_00117.jpg,-20.362131,-9.333128
sample_00118.jpg,29.869015,-20.704319
sample_00119.jpg,-28.67136,15.668207
sample_00120.jpg,-34.512497,12.923167
sample_00121.jpg,-26.141348,0.7822089
sample_00122.jpg,-12.224767,-2.8162055
sample_00123.jpg,-16.393692,-8.332125
sample_00124.jpg,-29.71749,16.317156
sample_00125.jpg,-10.464062,-2.2147121
sample_00126.jpg,32.709965,31.531498
sample_00127.jpg,5.18365,-23.376749
sample_00128.jpg,-23.809607,10.288318
sample_00129.jpg,-32.129536,-1.2325901
sample_00130.jpg,1.2534828,-24.573908
sample_00131.jpg,-40.66223,-10.947333
sample_00132.jpg,29.554325,-19.954954
sample_00133.jpg,0.7770412,-9.550564
sample_00134.jpg,14.0129595,-25.784067
sample_00135.jpg,-35.26227,3.1440816
sample_00136.jpg,2.6073124,39.082718
sample_00137.jpg,-21.529484,11.585273
sample_00138.jpg,-29.803778,14.694057
sample_00139.jpg,-29.590527,5.031675
sample_00140.jpg,9.744729,-32.607174
sample_00141.jpg,1.5790362,19.527058
sample_00142.jpg,1.7393214,-8.358601
sample_00143.jpg,-0.4547432,5.7346106
sample_00144.jpg,22.681156,-3.2100205
sample_00145.jpg,22.351063,-3.9954734
sample_00146.jpg,-0.6729646,-14.08354
sample_00147.jpg,1.7946604,5.5307345
sample_00148.jpg,20.793339,-17.94188
sample_00149.jpg,-25.752295,9.213358
sample_00150.jpg,-22.669012,6.941752
sample_00151.jpg,3.5554945,-20.47605
sample_00152.jpg,8.479642,-21.653864
sample_00153.jpg,5.401995,-9.084772
sample_00154.jpg,13.864882,-13.211342
sample_00155.jpg,3.2602077,-12.832516
sample_00156.jpg,-15.195047,7.2829413
sample_00157.jpg,10.471293,-12.046279
sample_00158.jpg,-11.019039,0.6029841
sample_00159.jpg,25.312948,-20.953688
sample_00160.jpg,-1.6702213,-13.891212
sample_00161.jpg,4.4040375,-19.258894
sample_00162.jpg,34.21082,-16.764622
sample_00163.jpg,-25.533756,15.023455
sample_00164.jpg,-32.763,-29.387918
sample_00165.jpg,35.790077,32.37024
sample_00166.jpg,-19.160315,-1.5456587
sample_00167.jpg,32.241394,-25.733257
sample_00168.jpg,45.729214,26.13641
sample_00169.jpg,-14.835595,-28.70444
sample_00170.jpg,18.730352,29.851303
sample_00171.jpg,-12.159489,-21.819546
sample_00172.jpg,23.550644,13.658425
sample_00173.jpg,-2.2026255,49.30041
sample_00174.jpg,8.9627,-0.25764593
sample_00175.jpg,28.937449,-22.963808
sample_00176.jpg,-16.008595,-1.0045569
sample_00177.jpg,-24.770777,1.9739796
sample_00178.jpg,-33.882168,3.0699449
sample_00179.jpg,14.985405,-19.414724
sample_00180.jpg,-30.429094,8.112593
sample_00181.jpg,-19.788866,11.791585
sample_00182.jpg,6.178648,-7.8551373
sample_00183.jpg,-11.509041,-0.23807696
sample_00184.jpg,-15.290394,6.6997514
sample_00185.jpg,27.388924,32.13101
sample_00186.jpg,-37.20745,17.565666
sample_00187.jpg,-21.017332,4.8315167
sample_00188.jpg,10.750013,-12.708356
sample_00189.jpg,-4.460863,-0.89973193
sample_00190.jpg,-2.196774,-13.135712
sample_00191.jpg,-33.818596,-30.383184
sample_00192.jpg,-32.96881,7.2514153
sample_00193.jpg,-13.237899,-30.781868
sample_00194.jpg,30.577246,-8.324521
sample_00195.jpg,29.566978,32.49632
sample_00196.jpg,20.318026,2.1684136
sample_00197.jpg,17.398165,-16.99278
sample_00198.jpg,-2.3782513,-6.147997
sample_00199.jpg,-9.367394,53.11086
sample_00200.jpg,12.951649,0.9702619
sample_00201.jpg,31.325417,-16.61148
sample_00202.jpg,-29.67281,12.36926
sample_00203.jpg,13.662218,-19.216764
sample_00204.jpg,-1.447398,4.0597167
sample_00205.jpg,-26.97133,13.370976
sample_00206.jpg,6.308927,7.062064
sample_00207.jpg,26.091257,3.7205
sample_00208.jpg,2.900428,17.074879
sample_00209.jpg,0.8455143,-1.4414746
sample_00210.jpg,-13.968876,4.939363
sample_00211.jpg,-9.183237,-1.6794297
sample_00212.jpg,21.83778,31.547083
sample_00213.jpg,19.02499,29.266575
sample_00214.jpg,-26.541029,13.389588
sample_00215.jpg,-25.15097,12.213772
sample_00216.jpg,32.949856,-30.254871
sample_00217.jpg,-17.355183,57.13018
sample_00218.jpg,-27.035406,16.976032
sample_00219.jpg,-27.62196,11.992103
sample_00220.jpg,12.201996,-10.077476
sample_00221.jpg,13.905572,25.022358
sample_00222.jpg,-34.41466,-31.810444
sample_00223.jpg,-28.731934,-22.661604
sample_00224.jpg,15.585979,-8.813938
sample_00225.jpg,22.992561,-20.940899
sample_00226.jpg,-0.27163142,50.467663
sample_00227.jpg,-31.921398,2.4351285
sample_00228.jpg,-13.772213,-14.632574
sample_00229.jpg,-31.285715,7.203758
sample_00230.jpg,-35.652855,-33.510933
sample_00231.jpg,-2.9963005,51.3977
sample_00232.jpg,30.992004,-28.28486
sample_00233.jpg,19.29702,1.7393558
sample_00234.jpg,-21.1285,-11.020561
sample_00235.jpg,31.532682,-10.521553
sample_00236.jpg,13.457865,0.69405335
sample_00237.jpg,3.8204184,-5.1666484
sample_00238.jpg,-36.417038,15.543349
sample_00239.jpg,-5.1833434,-13.261861
sample_00240.jpg,29.831093,32.761776
sample_00241.jpg,14.07443,7.23593
sample_00242.jpg,-50.694103,-8.95601
sample_00243.jpg,-14.642005,0.3918226
sample_00244.jpg,16.868221,2.8048465
sample_00245.jpg,-26.974789,19.875818
sample_00246.jpg,28.419718,-23.995829
sample_00247.jpg,-3.137552,-9.369945
sample_00248.jpg,-6.051309,9.479432
sample_00249.jpg,-6.988078,-7.7109075
sample_00250.jpg,11.277245,-5.252846
sample_00251.jpg,-11.661064,7.7703004
sample_00252.jpg,26.35467,4.886749
sample_00253.jpg,-29.303019,-4.1089244
sample_00254.jpg,2.3427827,-4.642655
sample_00255.jpg,-22.656912,10.707968
sample_00256.jpg,-3.5854986,18.325024
sample_00257.jpg,3.1425672,-9.245639
sample_00258.jpg,-6.3431697,1.225594
sample_00259.jpg,30.94214,-18.074232
sample_00260.jpg,-35.80685,1.3631499
sample_00261.jpg,10.164588,-12.792294
sample_00262.jpg,-49.41611,-9.3303995
sample_00263.jpg,34.007225,-18.560982
sample_00264.jpg,20.624264,1.6156996
sample_00265.jpg,-26.520775,10.132196
sample_00266.jpg,5.1379647,-8.828565
sample_00267.jpg,-2.7312353,50.52798
sample_00268.jpg,-34.949024,3.661827
sample_00269.jpg,2.119241,-35.39724
sample_00270.jpg,27.902231,-24.452774
sample_00271.jpg,33.1656,-21.79324
sample_00272.jpg,-19.910244,8.094077
sample_00273.jpg,-19.716957,0.23305066
sample_00274.jpg,-46.924355,-6.4430614
sample_00275.jpg,-26.832058,-3.6856122
sample_00276.jpg,36.00021,31.428827
sample_00277.jpg,34.254143,-21.904543
sample_00278.jpg,-24.746183,12.626416
sample_00279.jpg,1.04267,-9.188735
sample_00280.jpg,2.910436,-10.62792
sample_00281.jpg,-14.786175,18.337172
sample_00282.jpg,-23.848066,15.944521
sample_00283.jpg,7.4962683,-17.884912
sample_00284.jpg,24.921692,-11.78739
sample_00285.jpg,-0.9906723,-8.032965
sample_00286.jpg,32.541096,-26.79351
sample_00287.jpg,16.42614,-24.031036
sample_00288.jpg,-27.329248,14.545078
sample_00289.jpg,-14.897388,11.137793
sample_00290.jpg,-21.373362,1.1720747
sample_00291.jpg,-11.76445,-3.158258
sample_00292.jpg,-0.17916182,7.5564966
sample_00293.jpg,-21.361681,9.569763
sample_00294.jpg,-26.23603,14.65553
sample_00295.jpg,14.219217,4.547714
sample_00296.jpg,-35.75799,-33.772552
sample_00297.jpg,9.77762,-4.7935343
sample_00298.jpg,14.238059,-22.94137
sample_00299.jpg,2.2513685,45.991116
sample_00300.jpg,38.81981,30.401958
sample_00301.jpg,14.652975,-12.858309
sample_00302.jpg,6.986805,-3.968471
sample_00303.jpg,-48.09063,-9.361587
sample_00304.jpg,16.620447,-9.964847
sample_00305.jpg,-32.56445,18.993143
sample_00306.jpg,16.884058,28.576069
sample_00307.jpg,27.337145,-33.859627
sample_00308.jpg,28.160904,32.359055
sample_00309.jpg,37.517765,-21.352978
sample_00310.jpg,5.6012554,6.9980264
sample_00311.jpg,-31.321228,14.647329
sample_00312.jpg,3.7027636,-6.086715
sample_00313.jpg,-6.6514874,1.7640861
sample_00314.jpg,30.69332,33.06455
sample_00315.jpg,22.595007,-20.658579
sample_00316.jpg,19.800627,9.258963
sample_00317.jpg,34.152996,-22.069624
sample_00318.jpg,29.603142,-1.9329023
sample_00319.jpg,-42.390007,-10.530154
sample_00320.jpg,2.763131,42.41789
sample_00321.jpg,5.9336486,2.8271828
sample_00322.jpg,-26.50987,7.892386
sample_00323.jpg,-33.900093,2.5294526
sample_00324.jpg,-21.257082,15.78925
sample_00325.jpg,-34.114037,-30.110065
sample_00326.jpg,-5.231398,-13.208714
sample_00327.jpg,23.239292,-15.436609
sample_00328.jpg,-35.00674,-32.202103
sample_00329.jpg,29.695293,-21.212576
sample_00330.jpg,-2.8432922,-3.6268826
sample_00331.jpg,4.8437977,-3.602275
sample_00332.jpg,-2.2151513,-5.09095
sample_00333.jpg,-31.898306,-27.789618
sample_00334.jpg,2.8232007,0.59747875
sample_00335.jpg,6.6512995,8.943147
sample_00336.jpg,11.10617,0.16789111
sample_00337.jpg,2.6675918,42.233894
sample_00338.jpg,-30.82589,15.62039
sample_00339.jpg,1.8974235,8.29629
sample_00340.jpg,22.429354,-13.253066
sample_00341.jpg,5.732654,-17.61163
sample_00342.jpg,-21.473999,-10.0932665
sample_00343.jpg,-14.343257,-24.738384
sample_00344.jpg,17.25942,29.183172
sample_00345.jpg,0.033110037,-3.2709284
sample_00346.jpg,-33.423916,-29.913116
sample_00347.jpg,-2.745942,50.948307
sample_00348.jpg,-9.119803,-1.4627434
sample_00349.jpg,-7.1916475,8.330197
sample_00350.jpg,-4.547326,21.162527
sample_00351.jpg,30.348833,-23.59633
sample_00352.jpg,27.862656,-24.526033
sample_00353.jpg,-3.0643313,-2.7199957
sample_00354.jpg,-12.866215,-11.381237
sample_00355.jpg,7.191602,13.296397
sample_00356.jpg,16.399786,-22.33851
sample_00357.jpg,-2.9427667,7.7803893
sample_00358.jpg,-17.654522,14.315644
sample_00359.jpg,16.811026,28.693863
sample_00360.jpg,18.55363,2.5300248
sample_00361.jpg,-9.5696535,-2.3383667
sample_00362.jpg,-12.662153,10.914877
sample_00363.jpg,40.12981,-15.023683
sample_00364.jpg,10.462643,-15.81954
sample_00365.jpg,2.4461958,13.761777
sample_00366.jpg,19.830881,-0.26289967
sample_00367.jpg,-12.496006,-22.680946
sample_00368.jpg,44.76083,26.178352
sample_00369.jpg,-31.926096,13.717011
sample_00370.jpg,27.37912,-31.270586
sample_00371.jpg,-0.20512588,-9.223511
sample_00372.jpg,-24.535599,10.32899
sample_00373.jpg,4.7215786,4.1510334
sample_00374.jpg,-20.416903,25.660374
sample_00375.jpg,-3.6241627,15.60832
sample_00376.jpg,5.291314,-3.0186236
sample_00377.jpg,3.8818796,-0.7331305
sample_00378.jpg,-24.49993,11.889949
sample_00379.jpg,36.870735,31.010014
sample_00380.jpg,-53.065666,-8.334114
sample_00381.jpg,-4.786428,-6.8031616
sample_00382.jpg,-6.466645,13.499733
sample_00383.jpg,-25.038929,8.476468
sample_00384.jpg,-5.3643436,52.33137
sample_00385.jpg,-26.098352,18.086685
sample_00386.jpg,-0.19541702,-4.6441293
sample_00387.jpg,-4.5482554,-2.253604
sample_00388.jpg,2.7153075,42.07823
sample_00389.jpg,-20.116955,57.629
sample_00390.jpg,-17.61218,23.314802
sample_00391.jpg,-12.303341,53.644077
sample_00392.jpg,-7.1014757,10.250353
sample_00393.jpg,-2.9688137,-0.5287638
sample_00394.jpg,44.25869,27.215723
sample_00395.jpg,26.094442,3.9953392
sample_00396.jpg,21.11113,31.174923
sample_00397.jpg,-15.613803,-21.337423
sample_00398.jpg,23.760424,30.916086
sample_00399.jpg,-28.990627,16.310703
sample_00400.jpg,-2.9526925,-3.886243
sample_00401.jpg,-6.0273523,-5.1571813
sample_00402.jpg,32.79938,-23.467768
sample_00403.jpg,-23.8296,11.1197
sample_00404.jpg,-17.979736,6.4887834
sample_00405.jpg,-7.4839835,15.590922
sample_00406.jpg,0.7335273,44.2344
sample_00407.jpg,-8.575866,53.8937
sample_00408.jpg,9.183348,14.339214
sample_00409.jpg,16.486467,-18.779417
sample_00410.jpg,-6.3263774,52.82435
sample_00411.jpg,20.30984,-21.111172
sample_00412.jpg,27.337759,32.57836
sample_00413.jpg,32.97099,-11.640925
sample_00414.jpg,20.152645,-23.002369
sample_00415.jpg,-11.734862,-29.264524
sample_00416.jpg,11.8252735,-6.488881
sample_00417.jpg,-17.896515,8.175175
sample_00418.jpg,-8.594703,5.9643326
sample_00419.jpg,14.084654,6.113797
sample_00420.jpg,24.460268,-23.128828
sample_00421.jpg,-30.991592,0.6610298
sample_00422.jpg,-25.125917,8.173273
sample_00423.jpg,-0.7647478,-3.8009136
sample_00424.jpg,-7.270545,-9.078492
sample_00425.jpg,15.248791,5.1358767
sample_00426.jpg,-28.200369,21.770458
sample_00427.jpg,4.05761,8.875233
sample_00428.jpg,0.8543086,-7.8067045
sample_00429.jpg,21.102295,-4.9176927
sample_00430.jpg,-1.4137899,18.883856
sample_00431.jpg,10.403963,2.0051856
sample_00432.jpg,17.176008,29.160198
sample_00433.jpg,2.6377242,2.759997
sample_00434.jpg,-17.070213,-2.0145948
sample_00435.jpg,45.170544,26.575916
sample_00436.jpg,-27.088005,15.210182
sample_00437.jpg,-1.1573519,8.902078
sample_00438.jpg,-10.027317,-0.873461
sample_00439.jpg,-16.160774,14.333051
sample_00440.jpg,-4.949415,52.341423
sample_00441.jpg,-29.252533,16.138536
sample_00442.jpg,31.280727,-28.08444
sample_00443.jpg,-13.995589,5.6793313
sample_00444.jpg,-23.516327,20.221941
sample_00445.jpg,-30.080772,8.02342
sample_00446.jpg,-36.418053,12.223916
sample_00447.jpg,22.475014,-25.893255
sample_00448.jpg,-16.953781,15.010019
sample_00449.jpg,33.393444,-13.209789
sample_00450.jpg,20.584183,4.6328497
sample_00451.jpg,-29.8868,-24.824776
sample_00452.jpg,3.2274063,-6.175561
sample_00453.jpg,-31.074594,10.208597
sample_00454.jpg,0.33275977,-17.132608
sample_00455.jpg,-46.834423,-9.625999
sample_00456.jpg,32.754623,32.900154
sample_00457.jpg,20.193645,-28.417055
sample_00458.jpg,-31.899809,16.826004
sample_00459.jpg,-6.349406,-24.27698
sample_00460.jpg,19.078945,-21.639969
sample_00461.jpg,-34.814316,-29.290205
sample_00462.jpg,-0.5504054,-4.1923966
sample_00463.jpg,-9.41748,-20.671795
sample_00464.jpg,-17.981121,56.03437
sample_00465.jpg,26.184978,-24.496239
sample_00466.jpg,28.277813,-4.084676
sample_00467.jpg,19.1119,-11.133175
sample_00468.jpg,-11.928369,3.5499911
sample_00469.jpg,32.716995,-15.285974
sample_00470.jpg,-6.1783853,53.845455
sample_00471.jpg,-12.078164,5.4226694
sample_00472.jpg,-3.7746239,-2.7096918
sample_00473.jpg,-37.556347,6.5011325
sample_00474.jpg,-3.4705324,10.812084
sample_00475.jpg,-25.433393,14.212004
sample_00476.jpg,-13.138056,-19.561737
sample_00477.jpg,-16.572424,56.833057
sample_00478.jpg,-5.4473968,-12.615586
sample_00479.jpg,2.7678072,47.604874
sample_00480.jpg,-21.416786,4.4716787
sample_00481.jpg,-6.1532326,-17.584078
sample_00482.jpg,-10.240262,-20.02734
sample_00483.jpg,36.419384,-19.62177
sample_00484.jpg,-5.5314827,-5.1490254
sample_00485.jpg,-10.414086,-20.114172
sample_00486.jpg,0.2178837,-5.51101
sample_00487.jpg,-2.0690136,0.18142469
sample_00488.jpg,-15.560222,5.6760798
sample_00489.jpg,12.300005,-13.923384
sample_00490.jpg,2.6157289,37.42588
sample_00491.jpg,-12.362015,11.879501
sample_00492.jpg,1.7000345,45.81376
sample_00493.jpg,-29.035398,9.409799
sample_00494.jpg,30.069715,-4.0453305
sample_00495.jpg,-32.69246,19.595243
sample_00496.jpg,-35.051453,-32.539627
sample_00497.jpg,-15.526097,9.987479
sample_00498.jpg,-9.300514,-23.26283
sample_00499.jpg,33.639416,-13.735376
sample_00500.jpg,6.243053,2.1013234
sample_00501.jpg,-10.208959,0.67549604
sample_00502.jpg,-1.1458355,-15.346495
sample_00503.jpg,-18.12939,4.8196893
sample_00504.jpg,14.546483,-5.861231
sample_00505.jpg,-17.930983,57.433483
sample_00506.jpg,-0.025062583,-3.7976162
sample_00507.jpg,-6.4599857,-15.870161
sample_00508.jpg,26.559694,-23.677532
sample_00509.jpg,-1.1654398,3.1646416
sample_00510.jpg,26.209875,-12.123713
sample_00511.jpg,-8.141682,-21.953035
sample_00512.jpg,18.973284,1.5247395
sample_00513.jpg,-8.127558,-21.56512
sample_00514.jpg,20.863754,-25.759993
sample_00515.jpg,11.721725,-10.943487
sample_00516.jpg,15.832476,-27.3027
sample_00517.jpg,-24.7643,-18.228046
sample_00518.jpg,-43.578003,-10.472716
sample_00519.jpg,15.273851,-1.6280596
sample_00520.jpg,1.425028,46.270737
sample_00521.jpg,-14.476077,-13.168025
sample_00522.jpg,0.86506385,-5.6925864
sample_00523.jpg,25.985195,-22.16025
sample_00524.jpg,27.65301,-11.050194
sample_00525.jpg,-10.519888,-6.0646234
sample_00526.jpg,23.300762,31.992908
sample_00527.jpg,-16.08832,-8.809052
sample_00528.jpg,5.2261643,-1.0313212
sample_00529.jpg,16.356047,-2.8122833
sample_00530.jpg,-16.55927,4.5631266
sample_00531.jpg,-37.83925,7.747724
sample_00532.jpg,-30.738316,18.93668
sample_00533.jpg,28.6166,-28.731417
sample_00534.jpg,18.886997,-15.843838
sample_00535.jpg,26.506744,-11.227854
sample_00536.jpg,2.3563905,39.521442
sample_00537.jpg,-52.92942,-8.3277445
sample_00538.jpg,2.8297355,41.35427
sample_00539.jpg,15.366987,-16.5713
sample_00540.jpg,-28.622454,-6.292513
sample_00541.jpg,0.07238638,7.4878607
sample_00542.jpg,-6.684144,-6.0732136
sample_00543.jpg,-48.631367,-8.43547
sample_00544.jpg,-2.7275693,-11.006394
sample_00545.jpg,-22.19885,17.38503
sample_00546.jpg,-1.3983988,-1.7698448
sample_00547.jpg,5.5168586,-11.064827
sample_00548.jpg,12.918057,-17.944118
sample_00549.jpg,-1.843167,14.194012
sample_00550.jpg,8.9063,-7.2751865
sample_00551.jpg,-35.799614,-33.82074
sample_00552.jpg,35.514946,-25.533783
sample_00553.jpg,-2.2589247,-1.9039267
sample_00554.jpg,15.771207,-14.670951
sample_00555.jpg,-18.33764,-12.469074
sample_00556.jpg,-10.514832,17.659252
sample_00557.jpg,-30.516718,-25.543383
sample_00558.jpg,2.8851392,4.1283703
sample_00559.jpg,42.13948,28.87235
sample_00560.jpg,-22.773247,-7.6000967
sample_00561.jpg,12.621163,-4.0911837
sample_00562.jpg,-32.244648,-27.188581
sample_00563.jpg,44.15297,27.990875
sample_00564.jpg,-25.985523,10.328057
sample_00565.jpg,21.19137,1.1224698
sample_00566.jpg,9.164227,-14.343766
sample_00567.jpg,-48.309742,-9.380134
sample_00568.jpg,-10.037374,-0.057689186
sample_00569.jpg,-7.9194374,3.0215056
sample_00570.jpg,-14.79717,-3.8510597
sample_00571.jpg,24.614866,3.8302858
sample_00572.jpg,-3.8310764,-23.966478
sample_00573.jpg,2.680027,-13.200647
sample_00574.jpg,-14.75915,-19.62575
sample_00575.jpg,-27.964294,-5.359197
sample_00576.jpg,-31.900074,-27.891071
sample_00577.jpg,24.79077,32.766495
sample_00578.jpg,-1.7734638,2.9341147
sample_00579.jpg,31.093145,-10.942796
sample_00580.jpg,-5.0689096,-19.879412
sample_00581.jpg,21.89181,-18.840902
sample_00582.jpg,-22.653687,11.800916
sample_00583.jpg,32.3801,-1.6581199
sample_00584.jpg,-29.346212,10.493218
sample_00585.jpg,12.079432,-27.098143
sample_00586.jpg,20.168776,30.935083
sample_00587.jpg,20.953852,-15.617307
sample_00588.jpg,21.216986,0.88370365
sample_00589.jpg,31.314352,-16.734768
sample_00590.jpg,2.0210474,-35.66911
sample_00591.jpg,-52.241314,-8.502276
sample_00592.jpg,-35.544487,-33.34848
sample_00593.jpg,17.097414,-7.444813
sample_00594.jpg,27.794134,-29.799776
sample_00595.jpg,24.938118,32.018333
sample_00596.jpg,-2.3657382,21.049154
sample_00597.jpg,0.12054004,49.407635
sample_00598.jpg,25.964926,4.1130285
sample_00599.jpg,9.250586,-1.2968413
sample_00600.jpg,28.57298,32.854805
sample_00601.jpg,0.77548045,-6.0944
sample_00602.jpg,2.4544837,4.751961
sample_00603.jpg,-4.3860397,19.582397
sample_00604.jpg,-21.27531,9.44425
sample_00605.jpg,-8.48455,-1.7036401
sample_00606.jpg,4.5199485,41.121216
sample_00607.jpg,-3.305388,1.1390518
sample_00608.jpg,-8.483226,-19.761457
sample_00609.jpg,23.835722,-23.689932
sample_00610.jpg,-4.669386,-14.8842325
sample_00611.jpg,0.63776886,5.7584867
sample_00612.jpg,3.1518044,39.743294
sample_00613.jpg,-5.390129,-4.553996
sample_00614.jpg,-1.0573131,-12.64777
sample_00615.jpg,27.097775,-5.074792
sample_00616.jpg,-9.152203,-6.8539605
sample_00617.jpg,-34.86468,3.6044774
sample_00618.jpg,25.95969,-18.69935
sample_00619.jpg,25.937536,32.533653
sample_00620.jpg,-33.28088,0.6239556
sample_00621.jpg,4.6822414,-15.402478
sample_00622.jpg,12.594624,-10.968194
sample_00623.jpg,-16.433592,18.550657
sample_00624.jpg,9.1463,-15.780259
sample_00625.jpg,-50.763184,-8.902938
sample_00626.jpg,-4.2333975,-26.817383
sample_00627.jpg,-12.4129,-30.286097
sample_00628.jpg,-2.7889838,-4.4892716
sample_00629.jpg,32.10796,-29.542385
sample_00630.jpg,-18.629732,-12.638302
sample_00631.jpg,-13.199386,-30.866657
sample_00632.jpg,-0.3969278,1.0898775
sample_00633.jpg,14.355523,-4.363275
sample_00634.jpg,27.20326,-22.114977
sample_00635.jpg,-15.689167,6.402536
sample_00636.jpg,-26.722214,7.032458
sample_00637.jpg,-27.170546,7.273836
sample_00638.jpg,-10.846249,-17.573475
sample_00639.jpg,1.4375961,-13.287586
sample_00640.jpg,4.2452173,9.720806
sample_00641.jpg,30.166275,-4.937983
sample_00642.jpg,34.12332,-19.658596
sample_00643.jpg,-8.754623,-11.49141
sample_00644.jpg,-27.786753,5.489578
sample_00645.jpg,-26.040941,17.943773
sample_00646.jpg,35.67064,-14.86885
sample_00647.jpg,-20.934275,-2.1006389
sample_00648.jpg,10.434484,-11.311894
sample_00649.jpg,-11.436283,-12.323314
sample_00650.jpg,-18.793621,11.4732
sample_00651.jpg,19.64274,-0.73922575
sample_00652.jpg,-8.113256,6.8811665
sample_00653.jpg,-12.529403,-20.522547
sample_00654.jpg,-0.59397155,-2.518004
sample_00655.jpg,-22.583223,6.8980765
sample_00656.jpg,-8.610372,-22.277462
sample_00657.jpg,10.489333,-3.2849324
sample_00658.jpg,10.246268,-4.5285854
sample_00659.jpg,-12.0287485,-27.588913
sample_00660.jpg,11.773534,-11.978956
sample_00661.jpg,-35.556393,9.654554
sample_00662.jpg,-8.3629055,-2.68092
sample_00663.jpg,-6.500623,-10.951856
sample_00664.jpg,16.799913,-17.036625
sample_00665.jpg,16.330015,-2.6067014
sample_00666.jpg,-20.107796,-2.1488883
sample_00667.jpg,23.615442,-23.052782
sample_00668.jpg,-15.746683,-8.30526
sample_00669.jpg,-17.346014,16.914692
sample_00670.jpg,21.318804,-6.985807
sample_00671.jpg,23.765524,-29.037443
sample_00672.jpg,25.339733,31.578163
sample_00673.jpg,-4.8381906,-6.9970927
sample_00674.jpg,15.798492,-22.622032
sample_00675.jpg,-5.735425,-3.847885
sample_00676.jpg,-35.079117,6.417418
sample_00677.jpg,14.619951,26.63458
sample_00678.jpg,21.61826,-18.991919
sample_00679.jpg,-16.102966,21.2692
sample_00680.jpg,-29.84944,21.356127
sample_00681.jpg,30.657812,-27.40811
sample_00682.jpg,-20.714916,20.441425
sample_00683.jpg,-7.1510005,2.9139135
sample_00684.jpg,-13.425528,13.220397
sample_00685.jpg,12.033104,-8.612542
sample_00686.jpg,29.007402,33.76144
sample_00687.jpg,-20.026747,7.25582
sample_00688.jpg,-0.07258681,-26.163755
sample_00689.jpg,21.242796,-21.309853
sample_00690.jpg,30.437967,-8.353977
sample_00691.jpg,26.348417,4.1351113
sample_00692.jpg,39.602657,-14.8985195
sample_00693.jpg,-8.361732,-18.972977
sample_00694.jpg,2.806685,-8.42137
sample_00695.jpg,-8.663429,-14.171314
sample_00696.jpg,-15.483635,-8.958186
sample_00697.jpg,-15.943624,20.98593
sample_00698.jpg,10.623769,-8.483485
sample_00699.jpg,-10.134445,-0.83036625
sample_00700.jpg,8.923872,-4.803401
sample_00701.jpg,1.9240075,-17.09037
sample_00702.jpg,-4.5633035,-7.6716514
sample_00703.jpg,-1.2134722,49.289097
sample_00704.jpg,0.4958255,-4.673316
sample_00705.jpg,-17.280647,13.305563
sample_00706.jpg,-16.188847,2.5236185
sample_00707.jpg,16.333344,-9.777384
sample_00708.jpg,30.434599,-3.6774957
sample_00709.jpg,27.38315,-29.941956
sample_00710.jpg,13.543935,-10.218025
sample_00711.jpg,25.725353,-22.882404
sample_00712.jpg,24.70126,33.893692
sample_00713.jpg,-5.952037,-30.542698
sample_00714.jpg,19.853941,-10.409035
sample_00715.jpg,-35.010185,13.607287
sample_00716.jpg,-13.398501,-9.402224
sample_00717.jpg,-1.0541707,5.7425594
sample_00718.jpg,-14.553712,6.124189
sample_00719.jpg,17.271225,-21.073456
sample_00720.jpg,-34.996597,15.136444
sample_00721.jpg,20.91737,31.216671
sample_00722.jpg,-36.685955,20.059141
sample_00723.jpg,-9.668568,2.1928709
sample_00724.jpg,-12.767932,-12.388187
sample_00725.jpg,-4.091401,18.656307
sample_00726.jpg,1.6178917,-7.302778
sample_00727.jpg,-19.495495,-4.511248
sample_00728.jpg,29.722153,-21.599487
sample_00729.jpg,32.209606,-9.086307
sample_00730.jpg,-34.077747,16.369272
sample_00731.jpg,-8.848987,-24.307148
sample_00732.jpg,30.789564,-8.903162
sample_00733.jpg,28.607273,32.79493
sample_00734.jpg,-1.1962239,6.832469
sample_00735.jpg,20.904007,-15.263627
sample_00736.jpg,-33.54203,-29.2784
sample_00737.jpg,4.5203466,-11.726064
sample_00738.jpg,1.4610575,38.71436
sample_00739.jpg,0.5671207,11.185066
sample_00740.jpg,-11.87678,10.713791
sample_00741.jpg,4.3706675,0.7932282
sample_00742.jpg,19.496265,-12.471499
sample_00743.jpg,-10.958692,-1.4957873
sample_00744.jpg,32.80025,-29.481138
sample_00745.jpg,26.241163,-17.901014
sample_00746.jpg,-22.110775,18.824978
sample_00747.jpg,3.5219197,-0.0123601295
sample_00748.jpg,-4.3112264,52.069664
sample_00749.jpg,-18.49475,0.34027693
sample_00750.jpg,-4.507374,-24.37513
sample_00751.jpg,-6.0866065,52.317547
sample_00752.jpg,-14.498037,-22.712225
sample_00753.jpg,-35.212208,16.533293
sample_00754.jpg,30.19924,-17.139507
sample_00755.jpg,-35.431705,-30.969015
sample_00756.jpg,16.726166,3.938193
sample_00757.jpg,5.254025,7.8200593
sample_00758.jpg,-20.237532,19.269604
sample_00759.jpg,13.678323,25.938858
sample_00760.jpg,27.772,-22.312883
sample_00761.jpg,-13.923047,55.939194
sample_00762.jpg,1.289101,-5.9417653
sample_00763.jpg,12.843709,-12.40035
sample_00764.jpg,-2.8320606,-9.7286215
sample_00765.jpg,11.066999,-28.604435
sample_00766.jpg,-32.187614,8.724524
sample_00767.jpg,26.565918,-22.727697
sample_00768.jpg,25.049244,-14.52727
sample_00769.jpg,-2.144425,13.343258
sample_00770.jpg,9.059209,-14.518164
sample_00771.jpg,-34.04318,-28.829338
sample_00772.jpg,-27.253271,10.736059
sample_00773.jpg,-11.5979185,16.945755
sample_00774.jpg,25.738802,-10.9693985
sample_00775.jpg,-51.903496,-8.523464
sample_00776.jpg,0.005106418,18.852177
sample_00777.jpg,6.741836,7.601637
sample_00778.jpg,-19.744148,-18.554722
sample_00779.jpg,19.744207,-28.803722
sample_00780.jpg,22.867998,0.9876355
sample_00781.jpg,13.538027,-26.848858
sample_00782.jpg,32.638546,-18.588455
sample_00783.jpg,42.209187,29.22705
sample_00784.jpg,18.150784,-31.071484
sample_00785.jpg,-35.55649,3.9383597
sample_00786.jpg,-19.498642,5.2970505
sample_00787.jpg,-26.20906,13.820781
sample_00788.jpg,5.697356,-13.061346
sample_00789.jpg,10.356698,1.869821
sample_00790.jpg,-21.383091,17.04426
sample_00791.jpg,-6.57477,-1.1406949
sample_00792.jpg,28.669437,-27.404303
sample_00793.jpg,27.263134,-9.500157
sample_00794.jpg,-26.542122,8.308534
sample_00795.jpg,-29.930323,19.009993
sample_00796.jpg,6.884508,-7.2738867
sample_00797.jpg,-2.7149649,-1.261269
sample_00798.jpg,-16.716896,4.874997
sample_00799.jpg,-27.883366,10.3668
sample_00800.jpg,3.6182666,-14.74901
sample_00801.jpg,-30.67394,-25.569597
sample_00802.jpg,15.13191,10.653963
sample_00803.jpg,-5.745794,9.525717
sample_00804.jpg,-23.93552,19.992167
sample_00805.jpg,-10.085828,4.94184
sample_00806.jpg,-23.6738,5.08669
sample_00807.jpg,-18.032047,10.623357
sample_00808.jpg,-19.05793,14.853159
sample_00809.jpg,17.396708,2.0392232
sample_00810.jpg,-9.264245,11.714736
sample_00811.jpg,-12.319923,15.499502
sample_00812.jpg,11.512406,-14.257325
sample_00813.jpg,24.190754,4.0744143
sample_00814.jpg,-4.388232,51.72822
sample_00815.jpg,-44.60486,-9.99943
sample_00816.jpg,34.858894,32.832943
sample_00817.jpg,-17.39126,-2.24888
sample_00818.jpg,14.780302,14.175416
sample_00819.jpg,16.41855,1.1464616
sample_00820.jpg,-1.5910034,-17.53408
sample_00821.jpg,-18.460257,12.535934
sample_00822.jpg,-16.373837,55.351345
sample_00823.jpg,-19.762756,4.558504
sample_00824.jpg,-39.5171,14.102583
sample_00825.jpg,21.531176,-16.404
sample_00826.jpg,-2.5322776,50.425217
sample_00827.jpg,-5.2434874,19.670454
sample_00828.jpg,32.885918,-18.540804
sample_00829.jpg,23.768677,-3.4907997
sample_00830.jpg,2.2390246,43.426746
sample_00831.jpg,19.443869,-16.68424
sample_00832.jpg,-10.898129,-9.511611
sample_00833.jpg,44.13874,27.658503
sample_00834.jpg,-40.851772,-11.006798
sample_00835.jpg,-13.166081,-20.562782
sample_00836.jpg,2.4607837,1.187039
sample_00837.jpg,-36.865547,20.456469
sample_00838.jpg,-31.12638,16.826881
sample_00839.jpg,-24.163036,-2.779818
sample_00840.jpg,32.430546,-29.970697
sample_00841.jpg,-8.585987,-20.115189
sample_00842.jpg,-7.307557,7.616655
sample_00843.jpg,4.0238194,36.648342
sample_00844.jpg,-10.022918,11.92869
sample_00845.jpg,0.33795217,-1.717632
sample_00846.jpg,-1.8899738,-14.942151
sample_00847.jpg,7.701574,-8.1062155
sample_00848.jpg,23.149117,-25.91521
sample_00849.jpg,34.273464,-19.983866
sample_00850.jpg,-0.8165935,-4.0924935
sample_00851.jpg,-10.529718,9.501645
sample_00852.jpg,18.082699,3.7302716
sample_00853.jpg,22.98506,-22.662052
sample_00854.jpg,-14.423247,13.754049
sample_00855.jpg,-24.206001,12.821636
sample_00856.jpg,3.041359,6.176266
sample_00857.jpg,-35.61969,13.311517
sample_00858.jpg,-1.3633801,48.597496
sample_00859.jpg,-19.670513,-1.0247011
sample_00860.jpg,-41.310337,-10.7946825
sample_00861.jpg,11.407683,2.9946532
sample_00862.jpg,12.767088,2.976248
sample_00863.jpg,-17.694939,56.46507
sample_00864.jpg,-25.01767,12.580695
sample_00865.jpg,-46.722763,-6.706379
sample_00866.jpg,10.3625345,-33.501534
sample_00867.jpg,26.42146,-10.480877
sample_00868.jpg,5.3137765,-6.313821
sample_00869.jpg,-6.8111296,-3.1070507
sample_00870.jpg,10.024248,11.779688
sample_00871.jpg,40.92809,30.61504
sample_00872.jpg,8.350237,2.7730894
sample_00873.jpg,14.0251465,24.719067
sample_00874.jpg,-21.498163,-10.314245
sample_00875.jpg,-6.8042307,5.410896
sample_00876.jpg,25.398256,4.192747
sample_00877.jpg,3.2694776,-8.149153
sample_00878.jpg,4.711667,-9.964769
sample_00879.jpg,4.305463,7.9572186
sample_00880.jpg,-33.896126,15.905766
sample_00881.jpg,43.520027,27.887636
sample_00882.jpg,26.344044,-20.31238
sample_00883.jpg,-9.323655,15.230866
sample_00884.jpg,-20.215172,18.45
sample_00885.jpg,2.250549,43.571465
sample_00886.jpg,22.772223,-7.276119
sample_00887.jpg,-9.129829,-24.415525
sample_00888.jpg,-12.461388,-11.567489
sample_00889.jpg,-8.006141,20.999973
sample_00890.jpg,-36.344074,2.1334605
sample_00891.jpg,15.152703,27.900503
sample_00892.jpg,17.053232,28.808878
sample_00893.jpg,6.625439,16.374006
sample_00894.jpg,-0.4629358,-5.747419
sample_00895.jpg,7.632224,-17.957273
sample_00896.jpg,29.170994,-18.351437
sample_00897.jpg,8.781863,-5.923327
sample_00898.jpg,1.9980224,-35.63283
sample_00899.jpg,-6.088003,52.442
sample_00900.jpg,25.62535,3.5023444
sample_00901.jpg,-28.585718,1.7500654
sample_00902.jpg,20.890278,-25.66586
sample_00903.jpg,-42.725864,-10.5177
sample_00904.jpg,-8.888946,3.2698548
sample_00905.jpg,-8.646805,52.907627
sample_00906.jpg,7.359906,-6.4020014
sample_00907.jpg,17.255104,0.58860767
sample_00908.jpg,-29.213734,-23.901648
sample_00909.jpg,-17.5448,-13.695985
sample_00910.jpg,35.499622,31.536077
sample_00911.jpg,-21.490234,-0.22273551
sample_00912.jpg,-18.7135,-12.655048
sample_00913.jpg,-33.70732,-30.501825
sample_00914.jpg,31.030714,-15.81966
sample_00915.jpg,29.310768,-25.356905
sample_00916.jpg,23.925034,-12.390935
sample_00917.jpg,-33.466564,-30.350592
sample_00918.jpg,25.590397,4.6626987
sample_00919.jpg,-12.154798,-26.128422
sample_00920.jpg,28.615955,-28.754507
sample_00921.jpg,9.581775,-20.28829
sample_00922.jpg,26.939695,31.580164
sample_00923.jpg,28.540972,-5.5585003
sample_00924.jpg,13.113887,-4.893529
sample_00925.jpg,14.677964,9.260173
sample_00926.jpg,-26.148447,-1.0026139
sample_00927.jpg,-14.736089,14.982741
sample_00928.jpg,-9.8948555,54.816704
sample_00929.jpg,14.518581,-13.539239
sample_00930.jpg,31.235832,-26.162663
sample_00931.jpg,-5.0634036,-2.6181269
sample_00932.jpg,6.500533,0.9763081
sample_00933.jpg,-11.426533,7.797642
sample_00934.jpg,7.324613,-6.8631754
sample_00935.jpg,21.477825,-31.451479
sample_00936.jpg,16.352522,-28.728834
sample_00937.jpg,-20.079802,12.298868
sample_00938.jpg,-12.765039,3.5773752
sample_00939.jpg,0.73746336,-11.423189
sample_00940.jpg,-31.535233,12.90358
sample_00941.jpg,38.987965,29.913877
sample_00942.jpg,22.558355,-28.396345
sample_00943.jpg,-35.18864,17.910631
sample_00944.jpg,27.90683,-7.3237534
sample_00945.jpg,17.372358,-10.865491
sample_00946.jpg,36.99038,-17.912983
sample_00947.jpg,-11.343579,-28.825876
sample_00948.jpg,-2.314632,-15.356176
sample_00949.jpg,-2.8557806,4.447355
sample_00950.jpg,37.613155,31.054888
sample_00951.jpg,3.9256444,-8.0439625
sample_00952.jpg,16.021137,2.0583827
sample_00953.jpg,-16.372763,-7.5190682
sample_00954.jpg,-1.2668579,0.1959992
sample_00955.jpg,37.559334,-8.248941
sample_00956.jpg,40.743904,28.88065
sample_00957.jpg,26.410059,-12.264446
sample_00958.jpg,1.8174999,43.02983
sample_00959.jpg,-8.288766,-7.158782
sample_00960.jpg,-14.723687,-17.840136
sample_00961.jpg,-1.7963415,10.277072
sample_00962.jpg,-8.409922,11.526196
sample_00963.jpg,-30.713593,18.993309
sample_00964.jpg,-4.2282257,3.9420228
sample_00965.jpg,-28.951302,15.391788
sample_00966.jpg,37.993233,29.604939
sample_00967.jpg,0.26946142,7.9385924
sample_00968.jpg,10.782668,-17.950579
sample_00969.jpg,8.718851,-9.354139
sample_00970.jpg,-17.65503,56.306896
sample_00971.jpg,-7.014285,-4.1567373
sample_00972.jpg,-12.342261,-4.8871803
sample_00973.jpg,-4.9059825,2.8876212
sample_00974.jpg,16.312317,28.886108
sample_00975.jpg,-51.537476,-8.725419
sample_00976.jpg,-11.674699,-8.523184
sample_00977.jpg,13.569477,-15.777951
sample_00978.jpg,9.16754,-3.3523414
sample_00979.jpg,-13.917372,-30.77884
sample_00980.jpg,-21.935114,13.6041765
sample_00981.jpg,3.296704,-3.5246453
sample_00982.jpg,-5.177846,3.7265596
sample_00983.jpg,45.897667,25.793982
sample_00984.jpg,-9.994137,56.239864
sample_00985.jpg,4.198164,39.26182
sample_00986.jpg,-0.3243462,-11.990148
sample_00987.jpg,-13.520245,-29.027754
sample_00988.jpg,-7.597478,-22.769012
sample_00989.jpg,-37.158016,14.82636
sample_00990.jpg,-11.285767,56.867626
sample_00991.jpg,-24.419529,13.105086
sample_00992.jpg,-48.61611,-9.150251
sample_00993.jpg,2.1135228,40.871895
sample_00994.jpg,-4.767391,-21.988113
sample_00995.jpg,-1.7683502,-9.778145
sample_00996.jpg,2.508379,42.723095
sample_00997.jpg,13.255088,-4.4023676
sample_00998.jpg,4.219842,-5.473912
sample_00999.jpg,5.1652136,-16.534252
sample_01000.jpg,-5.3473816,-8.66895
sample_01001.jpg,-10.831047,55.26459
sample_01002.jpg,7.690418,-13.50945
sample_01003.jpg,-15.698464,-21.04789
sample_01004.jpg,35.100666,-23.18915
sample_01005.jpg,28.933336,-17.212854
sample_01006.jpg,-50.595646,-9.000831
sample_01007.jpg,44.184128,27.061724
sample_01008.jpg,-18.730665,57.81449
sample_01009.jpg,-7.5691743,-20.097599
sample_01010.jpg,4.032217,5.0172305
sample_01011.jpg,-3.7348795,-11.727912
sample_01012.jpg,15.334206,27.363686
sample_01013.jpg,-6.3650613,-0.6502242
sample_01014.jpg,-7.3872337,-17.452503
sample_01015.jpg,-5.5405207,52.634686
sample_01016.jpg,-15.243067,1.6222365
sample_01017.jpg,-24.81576,19.98751
sample_01018.jpg,-12.432785,3.169066
sample_01019.jpg,-20.578144,14.862228
sample_01020.jpg,-8.178556,1.2558028
sample_01021.jpg,14.83444,-4.270674
sample_01022.jpg,24.758139,-26.926231
sample_01023.jpg,14.597864,-12.38289
sample_01024.jpg,-28.253399,3.7623644
sample_01025.jpg,29.462849,-3.6767535
sample_01026.jpg,-48.051693,-9.40021
sample_01027.jpg,-5.347703,-10.709309
sample_01028.jpg,-13.455651,55.489693
sample_01029.jpg,-11.319049,54.74815
sample_01030.jpg,-29.683125,15.519311
sample_01031.jpg,-0.3741792,9.747719
sample_01032.jpg,18.22559,5.6043625
sample_01033.jpg,-10.013512,-24.943583
sample_01034.jpg,23.376762,-6.756386
sample_01035.jpg,-18.809235,-0.18702787
sample_01036.jpg,14.064204,-17.16726
sample_01037.jpg,-15.237409,8.664935
sample_01038.jpg,24.791456,-6.6066384
sample_01039.jpg,-12.692526,-12.61473
sample_01040.jpg,25.026619,-1.9687682
sample_01041.jpg,-14.6561,9.215604
sample_01042.jpg,-11.366994,-26.328726
sample_01043.jpg,-31.306158,-25.628057
sample_01044.jpg,-30.532183,-25.482264
sample_01045.jpg,1.6107919,46.82287
sample_01046.jpg,24.924322,33.014458
sample_01047.jpg,-10.409988,-7.2493773
sample_01048.jpg,36.260277,31.226032
sample_01049.jpg,0.8297093,0.96042454
sample_01050.jpg,-2.8029163,7.581929
sample_01051.jpg,1.8209938,-10.265418
sample_01052.jpg,-40.369057,-11.47222
sample_01053.jpg,33.836113,-22.0671
sample_01054.jpg,7.6965966,-12.6054125
sample_01055.jpg,-14.652202,-0.6969149
sample_01056.jpg,24.84964,32.48645
sample_01057.jpg,-10.825788,5.618233
sample_01058.jpg,-4.348047,-1.6622827
sample_01059.jpg,0.1376306,47.70723
sample_01060.jpg,19.3346,-20.981598
sample_01061.jpg,-2.3843622,-1.1151037
sample_01062.jpg,-23.834501,22.898148
sample_01063.jpg,15.309956,-10.537893
sample_01064.jpg,5.5226693,-18.864508
sample_01065.jpg,-2.3234608,-4.623759
sample_01066.jpg,-6.42764,-8.296078
sample_01067.jpg,2.558778,1.4855498
sample_01068.jpg,32.771557,-25.588156
sample_01069.jpg,-32.793278,6.6638384
sample_01070.jpg,16.371866,5.422857
sample_01071.jpg,13.774126,-2.3717976
sample_01072.jpg,-11.50262,54.83669
sample_01073.jpg,2.7973905,14.93337
sample_01074.jpg,17.850527,29.835783
sample_01075.jpg,18.853584,29.141506
sample_01076.jpg,-4.106454,52.120613
sample_01077.jpg,37.858215,29.956804
sample_01078.jpg,30.905014,33.16883
sample_01079.jpg,-15.377984,10.611348
sample_01080.jpg,-4.738924,0.99124086
sample_01081.jpg,-17.519588,6.0834866
sample_01082.jpg,3.3194335,-4.852694
sample_01083.jpg,-13.693638,55.953953
sample_01084.jpg,-25.642073,9.79197
sample_01085.jpg,-8.75675,14.673359
sample_01086.jpg,-47.79033,-9.576343
sample_01087.jpg,-10.398495,2.7663152
sample_01088.jpg,-12.499379,56.0816
sample_01089.jpg,-28.899143,18.867008
sample_01090.jpg,36.01935,-22.859573
sample_01091.jpg,22.747238,-10.462086
sample_01092.jpg,14.451664,-2.562414
sample_01093.jpg,41.898758,27.642939
sample_01094.jpg,-12.522704,-26.426971
sample_01095.jpg,8.005795,10.219488
sample_01096.jpg,-19.160757,-8.773069
sample_01097.jpg,-15.3844385,-5.015968
sample_01098.jpg,-32.794373,9.807396
sample_01099.jpg,-11.113624,16.495296
sample_01100.jpg,-29.626839,-24.737776
sample_01101.jpg,-5.3260984,51.8984
sample_01102.jpg,-31.492115,5.0150523
sample_01103.jpg,19.590073,-1.7734011
sample_01104.jpg,21.623379,1.0154225
sample_01105.jpg,25.898472,2.762661
sample_01106.jpg,19.319569,13.3455105
sample_01107.jpg,22.054781,-16.711176
sample_01108.jpg,7.945073,-8.216133
sample_01109.jpg,-0.005969313,-6.187956
sample_01110.jpg,-4.832526,-0.66661185
sample_01111.jpg,13.882549,31.424757
sample_01112.jpg,21.90834,-11.30209
sample_01113.jpg,-13.450074,4.9677896
sample_01114.jpg,20.183598,31.014256
sample_01115.jpg,-1.8516599,-0.08366182
sample_01116.jpg,11.507178,6.918322
sample_01117.jpg,15.796639,-6.151289
sample_01118.jpg,-9.258571,-19.880138
sample_01119.jpg,-19.474264,-4.591298
sample_01120.jpg,5.7216864,-17.55068
sample_01121.jpg,-9.737667,54.698776
sample_01122.jpg,10.440588,-3.9017718
sample_01123.jpg,-13.005857,7.382054
sample_01124.jpg,20.048117,-31.977068
sample_01125.jpg,25.319693,-18.728712
sample_01126.jpg,-45.67671,-9.712796
sample_01127.jpg,-3.3171744,-11.490712
sample_01128.jpg,11.268877,2.5932999
sample_01129.jpg,-13.647808,-5.602621
sample_01130.jpg,16.36477,-10.360795
sample_01131.jpg,11.01198,-10.158555
sample_01132.jpg,-13.898753,8.722113
sample_01133.jpg,-13.959032,13.089166
sample_01134.jpg,24.486141,-11.580869
sample_01135.jpg,-10.335656,9.702946
sample_01136.jpg,27.796928,31.554602
sample_01137.jpg,-27.981419,5.52877
sample_01138.jpg,-20.894804,8.126567
sample_01139.jpg,-35.99906,15.898178
sample_01140.jpg,-17.92781,-16.02707
sample_01141.jpg,-1.3179241,-2.8031297
sample_01142.jpg,-2.2576811,-7.3850865
sample_01143.jpg,-17.787676,6.7102346
sample_01144.jpg,-15.776594,16.902622
sample_01145.jpg,21.692873,-0.02358116
sample_01146.jpg,25.181377,-7.4693794
sample_01147.jpg,-4.2065554,-17.773108
sample_01148.jpg,-24.169071,13.673901
sample_01149.jpg,-1.1097631,-2.9917476
sample_01150.jpg,-51.741615,-8.175842
sample_01151.jpg,-27.820345,22.43348
sample_01152.jpg,18.720835,0.99615663
sample_01153.jpg,-32.07313,-28.065628
sample_01154.jpg,6.387125,-6.769926
sample_01155.jpg,-29.046022,15.382655
sample_01156.jpg,-14.618526,56.259693
sample_01157.jpg,31.20471,31.77158
sample_01158.jpg,-1.0093204,-13.17614
sample_01159.jpg,9.411188,0.1164594
sample_01160.jpg,-2.7014005,5.0827513
sample_01161.jpg,18.641407,29.871843
sample_01162.jpg,26.976023,-5.154538
sample_01163.jpg,-17.334393,-4.165299
sample_01164.jpg,22.997097,32.390377
sample_01165.jpg,-2.6955523,-3.0535672
sample_01166.jpg,-1.8674685,-14.952739
sample_01167.jpg,-5.93527,8.306507
sample_01168.jpg,15.193943,-14.578367
sample_01169.jpg,-22.317247,-0.26517802
sample_01170.jpg,26.157423,-21.99158
sample_01171.jpg,-5.058661,-0.3754295
sample_01172.jpg,-16.722162,-2.2668512
sample_01173.jpg,12.886511,6.3526373
sample_01174.jpg,-28.305046,6.5962186
sample_01175.jpg,-18.855566,57.356453
sample_01176.jpg,23.43348,-6.5207596
sample_01177.jpg,-8.5587845,-9.364642
sample_01178.jpg,-30.626842,12.316782
sample_01179.jpg,-16.513052,12.627386
sample_01180.jpg,-21.213541,19.898083
sample_01181.jpg,-5.6986895,-14.778695
sample_01182.jpg,33.226673,-29.223879
sample_01183.jpg,29.63848,-21.85425
sample_01184.jpg,-2.2764614,-6.6237607
sample_01185.jpg,-14.82491,0.940925
sample_01186.jpg,9.580413,-4.023039
sample_01187.jpg,-17.778164,-2.057675
sample_01188.jpg,-18.242064,57.289494
sample_01189.jpg,34.192,32.01348
sample_01190.jpg,4.600683,3.9636388
sample_01191.jpg,-14.652886,22.214138
sample_01192.jpg,-5.5580626,21.144667
sample_01193.jpg,2.7074811,-13.929212
sample_01194.jpg,22.84941,31.557192
sample_01195.jpg,5.010321,12.858552
sample_01196.jpg,-24.771322,-18.991076
sample_01197.jpg,27.583963,-21.186823
sample_01198.jpg,-2.038158,-5.4224563
sample_01199.jpg,6.4421544,3.7724912
sample_01200.jpg,-18.061533,-14.8339815
sample_01201.jpg,-8.4592905,-25.755783
sample_01202.jpg,-6.7405243,18.52425
sample_01203.jpg,-18.157404,13.130766
sample_01204.jpg,34.749622,31.801527
sample_01205.jpg,26.591045,31.5898
sample_01206.jpg,18.53243,-7.939904
sample_01207.jpg,-0.9679897,-0.83395666
sample_01208.jpg,-3.955716,2.3388207
sample_01209.jpg,7.3877645,5.595674
sample_01210.jpg,-0.47920102,-1.6895571
sample_01211.jpg,29.869886,-4.51287
sample_01212.jpg,8.338042,16.213848
sample_01213.jpg,-22.302837,8.228591
sample_01214.jpg,-1.9671626,1.2998797
sample_01215.jpg,15.830531,-21.87648
sample_01216.jpg,14.572951,31.312147
sample_01217.jpg,27.604603,-23.728682
sample_01218.jpg,-16.230848,9.306969
sample_01219.jpg,-1.24957,-1.4789994
sample_01220.jpg,19.422056,-1.6266798
sample_01221.jpg,39.099907,30.294386
sample_01222.jpg,27.125126,-25.414648
sample_01223.jpg,-3.1038148,19.508173
sample_01224.jpg,17.993408,-20.598217
sample_01225.jpg,-24.512491,18.776957
sample_01226.jpg,-26.804094,23.245684
sample_01227.jpg,-19.094118,-7.4678154
sample_01228.jpg,21.644815,-14.312291
sample_01229.jpg,-5.033893,1.4979439
sample_01230.jpg,21.564459,-1.5338014
sample_01231.jpg,-4.06119,-19.218483
sample_01232.jpg,-24.94331,11.007838
sample_01233.jpg,24.061743,-28.985703
sample_01234.jpg,-10.125862,13.693286
sample_01235.jpg,33.719826,32.60075
sample_01236.jpg,-18.803232,57.29914
sample_01237.jpg,0.5507853,-26.047796
sample_01238.jpg,-32.094955,3.3599699
sample_01239.jpg,-17.783224,20.827103
sample_01240.jpg,28.880234,-27.091532
sample_01241.jpg,-8.479128,2.3699093
sample_01242.jpg,-0.8576896,-0.6650704
sample_01243.jpg,9.743111,-1.9618214
sample_01244.jpg,-2.7764287,19.1493
sample_01245.jpg,29.199192,-0.14326406
sample_01246.jpg,-6.4309864,10.618421
sample_01247.jpg,29.323313,-8.194974
sample_01248.jpg,44.828167,27.173214
sample_01249.jpg,-16.750803,8.216402
sample_01250.jpg,-1.5753018,18.595818
sample_01251.jpg,-9.388272,-22.037968
sample_01252.jpg,-17.824238,-8.834034
sample_01253.jpg,-25.204588,22.48706
sample_01254.jpg,12.058303,-30.81481
sample_01255.jpg,-5.50218,20.19629
sample_01256.jpg,-13.980134,-23.351395
sample_01257.jpg,-35.127827,2.749995
sample_01258.jpg,-52.024296,-8.564127
sample_01259.jpg,-22.075737,6.0528884
sample_01260.jpg,34.425232,-16.801813
sample_01261.jpg,-30.92024,1.4206812
sample_01262.jpg,1.8313681,-9.518122
sample_01263.jpg,17.269815,-11.270455
sample_01264.jpg,-16.398731,56.046898
sample_01265.jpg,-19.916592,-11.905319
sample_01266.jpg,0.866905,-7.1006503
sample_01267.jpg,-6.5883403,53.540768
sample_01268.jpg,28.441153,-5.841375
sample_01269.jpg,17.713015,30.127628
sample_01270.jpg,-36.823635,9.834531
sample_01271.jpg,14.0162525,25.49638
sample_01272.jpg,-52.85635,-8.35182
sample_01273.jpg,-24.292463,14.348494
sample_01274.jpg,-18.705587,8.773241
sample_01275.jpg,26.531286,-6.1268086
sample_01276.jpg,-13.720652,56.201363
sample_01277.jpg,35.15902,30.7412
sample_01278.jpg,9.991347,-19.310236
sample_01279.jpg,0.77195734,-12.815322
sample_01280.jpg,-1.880921,-8.867966
sample_01281.jpg,24.095734,-21.131147
sample_01282.jpg,13.261052,9.045044
sample_01283.jpg,21.068613,-8.559529
sample_01284.jpg,12.559542,-1.877058
sample_01285.jpg,20.976084,-33.83307
sample_01286.jpg,-30.305992,19.305096
sample_01287.jpg,-23.94786,13.426265
sample_01288.jpg,-5.437698,-18.848478
sample_01289.jpg,-32.07704,-27.77773
sample_01290.jpg,-31.446926,16.09258
sample_01291.jpg,6.583231,-8.740394
sample_01292.jpg,-23.290588,6.484261
sample_01293.jpg,-5.2400036,5.770455
sample_01294.jpg,12.494112,-28.173925
sample_01295.jpg,-29.537771,12.1438675
sample_01296.jpg,-30.780207,11.912367
sample_01297.jpg,-4.198127,-3.8841863
sample_01298.jpg,-44.45636,-10.129517
sample_01299.jpg,-1.4412131,-17.223515
sample_01300.jpg,-8.3737135,-0.43893299
sample_01301.jpg,-9.8481455,55.057194
sample_01302.jpg,-1.3410842,18.772247
sample_01303.jpg,-25.863785,7.4209657
sample_01304.jpg,30.136564,-11.383918
sample_01305.jpg,-7.0784283,53.824226
sample_01306.jpg,37.3329,-20.249474
sample_01307.jpg,-1.8830966,-4.116016
sample_01308.jpg,-15.018846,-17.746725
sample_01309.jpg,-10.340894,1.5543158
sample_01310.jpg,18.234598,-18.817026
sample_01311.jpg,-18.03679,7.8287973
sample_01312.jpg,25.578278,-7.423276
sample_01313.jpg,28.528135,-22.703264
sample_01314.jpg,-30.48279,19.753908
sample_01315.jpg,2.6312146,45.552635
sample_01316.jpg,-0.65853393,6.4224286
sample_01317.jpg,21.696058,-0.9689095
sample_01318.jpg,-3.472896,-3.7505593
sample_01319.jpg,24.98266,5.5178986
sample_01320.jpg,-3.1737673,13.404744
sample_01321.jpg,-7.004757,14.124679
sample_01322.jpg,-6.106946,20.609776
sample_01323.jpg,-25.551622,-1.1501793
sample_01324.jpg,16.582376,-7.7184143
sample_01325.jpg,-2.3732944,11.76843
sample_01326.jpg,2.425888,-15.803874
sample_01327.jpg,33.032276,31.82266
sample_01328.jpg,-2.1372852,-0.7279859
sample_01329.jpg,-27.344095,21.969036
sample_01330.jpg,29.625837,32.527405
sample_01331.jpg,2.4802547,43.062237
sample_01332.jpg,31.59369,-22.776016
sample_01333.jpg,8.159672,1.1496838
sample_01334.jpg,15.215574,-13.069017
sample_01335.jpg,-11.4374275,-1.9824276
sample_01336.jpg,-0.61786383,50.956017
sample_01337.jpg,17.2526,-12.413899
sample_01338.jpg,7.482457,-10.7713785
sample_01339.jpg,-0.63845426,4.807666
sample_01340.jpg,6.5398555,7.755215
sample_01341.jpg,-4.8074293,-9.380053
sample_01342.jpg,-2.4451427,-2.864157
sample_01343.jpg,-7.6313486,15.551158
sample_01344.jpg,5.7142973,-7.893132
sample_01345.jpg,4.057364,-16.512512
sample_01346.jpg,20.10726,-33.64706
sample_01347.jpg,15.829709,27.754227
sample_01348.jpg,-10.895244,10.481561
sample_01349.jpg,-16.53073,0.7958565
sample_01350.jpg,27.549135,-15.797579
sample_01351.jpg,-13.781637,14.881132
sample_01352.jpg,-16.769136,5.8078113
sample_01353.jpg,30.686716,-28.34625
sample_01354.jpg,-34.219444,4.790079
sample_01355.jpg,-1.640495,-14.304898
sample_01356.jpg,19.248747,30.001663
sample_01357.jpg,-26.782696,13.825309
sample_01358.jpg,19.682447,-19.834684
sample_01359.jpg,-32.14239,17.662107
sample_01360.jpg,-34.996387,2.888113
sample_01361.jpg,-8.607688,0.9077919
sample_01362.jpg,14.223231,-23.029337
sample_01363.jpg,-3.224752,-6.2210097
sample_01364.jpg,12.129991,-5.859097
sample_01365.jpg,12.441942,-4.0621967
sample_01366.jpg,-22.816761,-6.5043497
sample_01367.jpg,-7.9812293,55.254208
sample_01368.jpg,32.063328,5.0840654
sample_01369.jpg,-4.2633963,9.086674
sample_01370.jpg,16.285439,-25.903315
sample_01371.jpg,-31.470654,13.065418
sample_01372.jpg,20.850965,0.8894368
sample_01373.jpg,-0.25099647,15.925192
sample_01374.jpg,-2.212559,-1.6310884
sample_01375.jpg,13.670964,-26.011555
sample_01376.jpg,-27.492493,18.053516
sample_01377.jpg,-18.44745,2.142803
sample_01378.jpg,-15.642245,56.53284
sample_01379.jpg,-14.435902,5.8981752
sample_01380.jpg,37.434124,-11.07971
sample_01381.jpg,4.2327404,-2.6413054
sample_01382.jpg,21.099314,-21.069914
sample_01383.jpg,-16.751995,4.4119134
sample_01384.jpg,-3.4631639,-16.3254
sample_01385.jpg,-29.23744,-23.733147
sample_01386.jpg,6.9657497,1.0941609
sample_01387.jpg,-7.264542,-0.5414407
sample_01388.jpg,-27.528784,-2.028423
sample_01389.jpg,-10.313345,-1.5576038
sample_01390.jpg,-13.782907,55.695995
sample_01391.jpg,-5.864649,10.069461
sample_01392.jpg,25.030296,32.23406
sample_01393.jpg,9.735295,8.01844
sample_01394.jpg,11.410563,-24.544773
sample_01395.jpg,-18.25448,57.373894
sample_01396.jpg,18.967436,0.19946907
sample_01397.jpg,-51.16905,-9.003306
sample_01398.jpg,2.680667,-6.6413856
sample_01399.jpg,26.99281,-27.590368
sample_01400.jpg,31.159735,-10.5018215
sample_01401.jpg,25.890368,-31.267221
sample_01402.jpg,1.5637006,44.787727
sample_01403.jpg,-1.4919612,3.6465902
sample_01404.jpg,-14.457101,56.112206
sample_01405.jpg,35.594795,31.517092
sample_01406.jpg,16.615513,-20.553997
sample_01407.jpg,-21.125032,3.2413936
sample_01408.jpg,0.124345325,-6.8776765
sample_01409.jpg,-35.178383,1.8618873
sample_01410.jpg,-18.37884,10.168589
sample_01411.jpg,23.038166,-11.086306
sample_01412.jpg,-16.58609,57.32729
sample_01413.jpg,17.042635,-5.7870226
sample_01414.jpg,-29.996819,8.949631
sample_01415.jpg,-17.031137,-8.29087
sample_01416.jpg,-13.015084,-30.662428
sample_01417.jpg,-2.877464,10.040561
sample_01418.jpg,-9.941401,12.442114
sample_01419.jpg,-12.135645,-30.348207
sample_01420.jpg,-16.427557,11.4744835
sample_01421.jpg,20.89213,-9.2715225
sample_01422.jpg,-10.7795,-10.33303
sample_01423.jpg,0.25123975,-14.970995
sample_01424.jpg,-5.8709383,17.393082
sample_01425.jpg,-6.1383,-13.741573
sample_01426.jpg,29.106686,-24.76638
sample_01427.jpg,-16.216003,2.3326247
sample_01428.jpg,1.0280915,46.819027
sample_01429.jpg,9.348568,-5.5329804
sample_01430.jpg,1.313964,-6.2497306
sample_01431.jpg,-4.631675,3.0463932
sample_01432.jpg,-37.2619,17.479683
sample_01433.jpg,0.04128342,3.4723628
sample_01434.jpg,-0.24728136,21.367582
sample_01435.jpg,-15.9763,10.098823
sample_01436.jpg,-34.199795,-30.906492
sample_01437.jpg,-10.783322,14.061989
sample_01438.jpg,2.3821602,43.214005
sample_01439.jpg,-6.389108,-4.506195
sample_01440.jpg,18.858427,-9.5790415
sample_01441.jpg,6.362866,-10.513331
sample_01442.jpg,20.772089,-29.585318
sample_01443.jpg,-19.356531,15.875839
sample_01444.jpg,-20.18621,20.192322
sample_01445.jpg,2.0538447,2.3837724
sample_01446.jpg,4.7889247,-0.8578509
sample_01447.jpg,-2.7812765,-6.717084
sample_01448.jpg,-9.832613,2.1588743
sample_01449.jpg,1.5979078,-16.43571
sample_01450.jpg,-32.9328,-27.167362
sample_01451.jpg,-3.9416778,-13.766076
sample_01452.jpg,30.199177,-24.137209
sample_01453.jpg,29.597982,-15.830507
sample_01454.jpg,-15.001598,12.2230425
sample_01455.jpg,27.04976,3.7803555
sample_01456.jpg,41.499184,29.962324
sample_01457.jpg,24.061495,-8.161064
sample_01458.jpg,16.678652,28.227993
sample_01459.jpg,5.797863,-1.0217028
sample_01460.jpg,-21.29871,10.549946
sample_01461.jpg,-12.505482,17.8656
sample_01462.jpg,11.99867,-10.271478
sample_01463.jpg,-1.5304301,-6.944022
sample_01464.jpg,-29.348806,-24.079544
sample_01465.jpg,15.88652,-12.972961
sample_01466.jpg,19.213776,6.335581
sample_01467.jpg,39.31189,-14.809933
sample_01468.jpg,15.566547,-11.005512
sample_01469.jpg,6.8670964,-14.39435
sample_01470.jpg,29.683847,-28.9437
sample_01471.jpg,28.6998,-29.101818
sample_01472.jpg,0.6851855,48.37768
sample_01473.jpg,-27.66352,15.647069
sample_01474.jpg,0.65431726,45.098568
sample_01475.jpg,-41.20684,-10.763512
sample_01476.jpg,11.141623,-28.311941
sample_01477.jpg,-4.9512405,4.955236
sample_01478.jpg,36.21944,31.453033
sample_01479.jpg,14.359295,-15.899858
sample_01480.jpg,32.045994,-11.110997
sample_01481.jpg,-18.09141,14.645592
sample_01482.jpg,33.323517,-21.110477
sample_01483.jpg,-6.431096,-26.1669
sample_01484.jpg,-10.698417,17.743721
sample_01485.jpg,29.340122,-0.5516585
sample_01486.jpg,-0.7684811,-5.336039
sample_01487.jpg,-10.095937,6.934799
sample_01488.jpg,30.05792,-21.22903
sample_01489.jpg,-17.210062,16.849789
sample_01490.jpg,28.75835,-32.94598
sample_01491.jpg,-0.21964717,-3.1215746
sample_01492.jpg,20.177143,-25.31282
sample_01493.jpg,-16.43876,18.941288
sample_01494.jpg,11.124714,6.3649454
sample_01495.jpg,-10.452041,-24.040121
sample_01496.jpg,0.93956697,-15.874279
sample_01497.jpg,-6.368298,10.576931
sample_01498.jpg,-18.896858,1.1303011
sample_01499.jpg,10.181715,-5.660562
sample_01500.jpg,15.601816,-20.630878
sample_01501.jpg,28.623688,-36.30965
sample_01502.jpg,-20.013988,-9.653676
sample_01503.jpg,4.713466,7.5422974
sample_01504.jpg,10.029461,-22.629757
sample_01505.jpg,31.873486,5.030412
sample_01506.jpg,-1.2274005,-3.41201
sample_01507.jpg,-21.563204,14.715749
sample_01508.jpg,-24.889153,-18.120632
sample_01509.jpg,-19.426046,13.673249
sample_01510.jpg,4.977356,-2.8939097
sample_01511.jpg,-10.626953,55.246273
sample_01512.jpg,19.21493,31.00912
sample_01513.jpg,15.972236,-13.986887
sample_01514.jpg,34.056194,-23.37837
sample_01515.jpg,-1.8304584,-4.2361116
sample_01516.jpg,-34.017426,2.2262564
sample_01517.jpg,6.017493,-20.367977
sample_01518.jpg,21.457516,-25.056711
sample_01519.jpg,32.786713,31.91259
sample_01520.jpg,14.400855,-7.4486017
sample_01521.jpg,21.773249,-29.369854
sample_01522.jpg,23.815897,-13.269527
sample_01523.jpg,-23.077333,12.170629
sample_01524.jpg,6.3670588,-7.997179
sample_01525.jpg,-7.1327,0.8732155
sample_01526.jpg,1.3174778,9.661361
sample_01527.jpg,-3.515189,1.7559886
sample_01528.jpg,5.6371636,1.552264
sample_01529.jpg,-1.3165076,50.8952
sample_01530.jpg,0.30623668,-25.331915
sample_01531.jpg,2.9954565,9.8518305
sample_01532.jpg,8.935914,7.960383
sample_01533.jpg,-32.487667,7.584665
sample_01534.jpg,13.731005,-8.364696
sample_01535.jpg,-4.893722,-4.2512164
sample_01536.jpg,-33.04678,19.454155
sample_01537.jpg,-29.22601,18.533373
sample_01538.jpg,21.431963,-32.459396
sample_01539.jpg,12.90151,-9.098943
sample_01540.jpg,10.016023,-2.6673388
sample_01541.jpg,-4.685208,-0.32050425
sample_01542.jpg,3.8145056,-8.957777
sample_01543.jpg,30.860138,31.837572
sample_01544.jpg,-20.28347,-11.317668
sample_01545.jpg,44.95803,26.854752
sample_01546.jpg,24.269733,-25.32137
sample_01547.jpg,26.53434,-6.7025294
sample_01548.jpg,44.441254,27.619493
sample_01549.jpg,-8.713781,-21.945469
sample_01550.jpg,32.87726,-26.8219
sample_01551.jpg,33.386368,-24.001947
sample_01552.jpg,17.695236,-18.692457
sample_01553.jpg,26.190723,-27.178524
sample_01554.jpg,-13.746786,55.90529
sample_01555.jpg,24.997,-17.545273
sample_01556.jpg,7.8143578,-3.8196707
sample_01557.jpg,-6.275099,2.4339783
sample_01558.jpg,3.578801,40.15914
sample_01559.jpg,29.538824,33.181362
sample_01560.jpg,-26.378386,11.923964
sample_01561.jpg,8.311483,-0.0007230796
sample_01562.jpg,-28.399137,17.667322
sample_01563.jpg,-48.823746,-8.970673
sample_01564.jpg,5.695062,-13.018951
sample_01565.jpg,7.9361997,-8.931978
sample_01566.jpg,-17.154127,15.821339
sample_01567.jpg,17.268738,-3.4381366
sample_01568.jpg,-23.579472,-1.0852147
sample_01569.jpg,9.417658,-4.5642056
sample_01570.jpg,3.3735552,-14.808778
sample_01571.jpg,3.2510157,4.180433
sample_01572.jpg,0.60348,-10.330677
sample_01573.jpg,-0.62987685,16.084486
sample_01574.jpg,-0.1274359,47.09642
sample_01575.jpg,-38.581074,13.907533
sample_01576.jpg,3.5965905,1.2925997
sample_01577.jpg,-5.0812144,-12.2118435
sample_01578.jpg,26.453304,4.526983
sample_01579.jpg,38.467373,30.593615
sample_01580.jpg,-11.276411,-15.509393
sample_01581.jpg,15.121758,10.588439
sample_01582.jpg,-1.1570146,2.469513
sample_01583.jpg,14.298756,-27.78695
sample_01584.jpg,-8.357175,54.085278
sample_01585.jpg,-3.5611627,5.3898153
sample_01586.jpg,26.09978,32.572655
sample_01587.jpg,18.003263,29.611658
sample_01588.jpg,-10.766647,-23.69918
sample_01589.jpg,23.864443,-11.450657
sample_01590.jpg,-28.845253,-22.829264
sample_01591.jpg,-26.0759,12.519198
sample_01592.jpg,12.895434,-5.997218
sample_01593.jpg,-34.822575,3.2178175
sample_01594.jpg,-2.655752,15.217534
sample_01595.jpg,21.338272,-7.1583962
sample_01596.jpg,-7.943083,19.319008
sample_01597.jpg,-0.23662017,-12.404356
sample_01598.jpg,23.376825,-8.67306
sample_01599.jpg,3.8107529,-13.293626
sample_01600.jpg,18.740078,30.98795
sample_01601.jpg,32.025894,-22.259293
sample_01602.jpg,-30.310226,-7.28527
sample_01603.jpg,32.78816,-29.487263
sample_01604.jpg,0.631532,-30.21472
sample_01605.jpg,33.75615,32.219715
sample_01606.jpg,6.118916,-10.016767
sample_01607.jpg,10.720352,-8.893066
sample_01608.jpg,-5.423348,21.1809
sample_01609.jpg,18.6859,-19.160007
sample_01610.jpg,13.061367,-23.713434
sample_01611.jpg,28.963476,31.919037
sample_01612.jpg,-9.457796,-7.228165
sample_01613.jpg,-27.61806,13.469931
sample_01614.jpg,-27.46554,-2.0951967
sample_01615.jpg,17.327984,-6.485815
sample_01616.jpg,-2.560664,-7.329251
sample_01617.jpg,5.229318,-7.69591
sample_01618.jpg,26.745413,-28.911356
sample_01619.jpg,31.346802,-14.581512
sample_01620.jpg,-4.544394,3.0631518
sample_01621.jpg,25.29918,4.93719
sample_01622.jpg,5.208383,-4.83274
sample_01623.jpg,-28.551989,1.4272652
sample_01624.jpg,-22.314907,2.9619913
sample_01625.jpg,14.384218,-10.551466
sample_01626.jpg,26.232374,32.367176
sample_01627.jpg,38.383472,-14.607653
sample_01628.jpg,-14.508415,3.211411
sample_01629.jpg,22.206886,-23.79005
sample_01630.jpg,8.389581,-10.657682
sample_01631.jpg,13.778452,-5.268446
sample_01632.jpg,3.5338042,13.1915
sample_01633.jpg,42.556065,28.02739
sample_01634.jpg,-3.3660438,-0.19083902
sample_01635.jpg,21.099863,-4.960326
sample_01636.jpg,-16.302624,57.02288
sample_01637.jpg,-30.020262,13.651244
sample_01638.jpg,-6.1819096,-23.863668
sample_01639.jpg,-1.2700613,-13.14402
sample_01640.jpg,-22.391321,0.21217434
sample_01641.jpg,-35.79024,18.48287
sample_01642.jpg,-27.95203,14.647478
sample_01643.jpg,-10.959533,-9.504423
sample_01644.jpg,-5.7240357,-22.96094
sample_01645.jpg,27.095694,-23.946823
sample_01646.jpg,-19.489424,-8.354561
sample_01647.jpg,32.562,32.170246
sample_01648.jpg,-20.441229,25.61994
sample_01649.jpg,-14.053721,8.703106
sample_01650.jpg,32.905186,-16.855728
sample_01651.jpg,-35.435844,-33.22749
sample_01652.jpg,-16.698566,8.209353
sample_01653.jpg,-37.914604,13.197274
sample_01654.jpg,2.740518,6.922277
sample_01655.jpg,23.065239,-19.91216
sample_01656.jpg,31.616074,-15.707182
sample_01657.jpg,-10.221325,-8.612876
sample_01658.jpg,-12.962949,2.200164
sample_01659.jpg,-12.487697,-4.733883
sample_01660.jpg,15.175606,4.340282
sample_01661.jpg,-30.973354,12.502153
sample_01662.jpg,38.392982,-14.60728
sample_01663.jpg,29.350107,-28.955505
sample_01664.jpg,-7.424574,13.616332
sample_01665.jpg,24.506968,-11.072373
sample_01666.jpg,24.41652,3.7919633
sample_01667.jpg,13.982625,-16.895277
sample_01668.jpg,31.346046,30.988546
sample_01669.jpg,-28.025917,-6.518406
sample_01670.jpg,-33.893917,13.994063
sample_01671.jpg,-21.850292,15.539844
sample_01672.jpg,-21.817316,15.863469
sample_01673.jpg,30.114056,-26.201794
sample_01674.jpg,-29.167145,13.767902
sample_01675.jpg,-21.165886,11.4016285
sample_01676.jpg,-34.192577,-31.17077
sample_01677.jpg,35.10415,32.215435
sample_01678.jpg,17.607101,-14.512754
sample_01679.jpg,3.3269424,39.30284
sample_01680.jpg,-50.990932,-8.830184
sample_01681.jpg,2.5810423,0.35628366
sample_01682.jpg,-8.496503,13.472329
sample_01683.jpg,-0.20881736,-18.995
sample_01684.jpg,-21.309654,7.3343816
sample_01685.jpg,4.241108,-6.7338686
sample_01686.jpg,15.6868,28.184587
sample_01687.jpg,-22.26705,19.9428
sample_01688.jpg,-14.358456,-29.039665
sample_01689.jpg,-18.366735,4.604059
sample_01690.jpg,-10.824107,55.563572
sample_01691.jpg,-15.479863,-13.443999
sample_01692.jpg,-0.11450251,-23.023651
sample_01693.jpg,8.800514,-24.922127
sample_01694.jpg,8.468569,3.8858886
sample_01695.jpg,-33.924534,-30.466045
sample_01696.jpg,1.6177056,0.36673412
sample_01697.jpg,20.208998,5.187878
sample_01698.jpg,-1.2422895,-1.1185106
sample_01699.jpg,-2.6237586,1.7449458
sample_01700.jpg,29.29322,34.433327
sample_01701.jpg,-27.695919,21.211065
sample_01702.jpg,-25.525688,13.561786
sample_01703.jpg,-44.32791,-10.028203
sample_01704.jpg,12.885009,-28.564543
sample_01705.jpg,-26.837011,10.623079
sample_01706.jpg,-31.810518,15.3070755
sample_01707.jpg,24.310047,-0.60472137
sample_01708.jpg,-35.398827,16.95864
sample_01709.jpg,-20.287563,-5.8483524
sample_01710.jpg,29.46275,-9.396103
sample_01711.jpg,5.558948,-3.3652205
sample_01712.jpg,16.56283,-15.130308
sample_01713.jpg,-7.1691256,-17.62974
sample_01714.jpg,13.743961,-14.170853
sample_01715.jpg,-5.420457,11.326099
sample_01716.jpg,8.307485,2.9736686
sample_01717.jpg,-52.657116,-8.386841
sample_01718.jpg,-33.850994,-0.3586603
sample_01719.jpg,-20.593271,57.726246
sample_01720.jpg,-14.52641,-4.4719644
sample_01721.jpg,27.454613,-11.080983
sample_01722.jpg,-25.866209,19.79837
sample_01723.jpg,-3.9232733,-6.1297073
sample_01724.jpg,44.181488,26.567194
sample_01725.jpg,6.0228853,-6.035073
sample_01726.jpg,15.960369,-14.96596
sample_01727.jpg,0.6038811,3.28254
sample_01728.jpg,10.656898,22.736414
sample_01729.jpg,-23.877018,12.343989
sample_01730.jpg,10.921497,4.083919
sample_01731.jpg,4.791773,-10.13933
sample_01732.jpg,4.7338033,3.867175
sample_01733.jpg,22.656153,-7.7656
sample_01734.jpg,16.169907,-4.1626444
sample_01735.jpg,32.26295,5.1438437
sample_01736.jpg,10.976545,13.4823
sample_01737.jpg,39.897705,-14.973023
sample_01738.jpg,-21.818457,-15.382988
sample_01739.jpg,16.127848,23.849554
sample_01740.jpg,-7.8152733,53.06531
sample_01741.jpg,-1.6932149,-20.789383
sample_01742.jpg,-2.677341,-14.60299
sample_01743.jpg,16.196266,-14.379084
sample_01744.jpg,-32.21772,-28.106255
sample_01745.jpg,-19.00686,20.79294
sample_01746.jpg,0.47882903,-2.3728712
sample_01747.jpg,-5.255098,2.1692643
sample_01748.jpg,1.2854472,7.190221
sample_01749.jpg,39.39634,-14.8748665
sample_01750.jpg,21.98991,-6.0492883
sample_01751.jpg,-29.77887,19.305737
sample_01752.jpg,-23.621593,13.1609745
sample_01753.jpg,-4.402772,10.567705
sample_01754.jpg,-4.752403,-10.265965
sample_01755.jpg,18.740637,1.7356861
sample_01756.jpg,-7.3938036,1.9773995
sample_01757.jpg,17.376944,4.541838
sample_01758.jpg,1.4908537,-2.6228838
sample_01759.jpg,33.614567,32.31566
sample_01760.jpg,18.273191,29.99212
sample_01761.jpg,1.3629333,-5.139449
sample_01762.jpg,21.787199,-31.888401
sample_01763.jpg,28.55065,-14.126858
sample_01764.jpg,-7.117301,-23.062185
sample_01765.jpg,-1.0832722,5.7562804
sample_01766.jpg,-7.3717747,53.907673
sample_01767.jpg,-8.121314,21.633362
sample_01768.jpg,29.086588,-6.589634
sample_01769.jpg,-34.093742,-31.089396
sample_01770.jpg,-3.3444407,11.847966
sample_01771.jpg,33.592365,32.293205
sample_01772.jpg,17.967571,-11.795234
sample_01773.jpg,6.982763,9.701667
sample_01774.jpg,-21.09222,1.1631331
sample_01775.jpg,-16.48432,4.435038
sample_01776.jpg,-26.776356,15.398604
sample_01777.jpg,12.4811535,4.4894333
sample_01778.jpg,-31.135218,15.204173
sample_01779.jpg,7.419213,-15.163667
sample_01780.jpg,18.543114,-31.059355
sample_01781.jpg,3.155385,8.819857
sample_01782.jpg,2.784904,39.278557
sample_01783.jpg,-26.885763,7.943496
sample_01784.jpg,1.3387738,6.1408224
sample_01785.jpg,1.7483733,-4.6436186
sample_01786.jpg,-27.954206,21.22969
sample_01787.jpg,-13.822538,-23.63139
sample_01788.jpg,-7.385816,-20.334425
sample_01789.jpg,-6.516999,3.809838
sample_01790.jpg,-6.4474845,-28.541325
sample_01791.jpg,-16.5994,11.701685
sample_01792.jpg,16.819403,29.413214
sample_01793.jpg,24.646519,-11.883212
sample_01794.jpg,-18.820196,-4.344941
sample_01795.jpg,-10.5172615,55.866695
sample_01796.jpg,14.6450205,-21.776838
sample_01797.jpg,-20.133547,7.748996
sample_01798.jpg,-25.839106,11.353512
sample_01799.jpg,10.800919,-15.232084
sample_01800.jpg,-15.507953,57.110516
sample_01801.jpg,-8.732554,-7.7584224
sample_01802.jpg,30.589224,-22.326647
sample_01803.jpg,30.424953,-24.464218
sample_01804.jpg,4.708245,-0.75099784
sample_01805.jpg,-36.521893,19.222607
sample_01806.jpg,17.567448,29.494276
sample_01807.jpg,32.89725,-27.809036
sample_01808.jpg,19.078968,-22.583082
sample_01809.jpg,30.927494,-19.47451
sample_01810.jpg,-8.002004,-7.318837
sample_01811.jpg,-2.063324,8.682662
sample_01812.jpg,-32.36924,19.360682
sample_01813.jpg,3.175733,-3.0150664
sample_01814.jpg,-11.066363,-1.1604489
sample_01815.jpg,-24.811668,5.419408
sample_01816.jpg,-12.049281,6.114677
sample_01817.jpg,-33.69316,-29.20433
sample_01818.jpg,-36.798897,14.821246
sample_01819.jpg,23.868765,-30.352098
sample_01820.jpg,-0.16029215,-5.2505507
sample_01821.jpg,3.340685,-23.759483
sample_01822.jpg,15.0622635,4.4202523
sample_01823.jpg,-52.674667,-8.398409
sample_01824.jpg,-29.437023,14.632207
sample_01825.jpg,-3.5694897,2.0934
sample_01826.jpg,-0.41980663,15.05071
sample_01827.jpg,-18.537704,-12.02583
sample_01828.jpg,-11.903281,13.882734
sample_01829.jpg,39.11853,-14.833989
sample_01830.jpg,-11.608824,56.444576
sample_01831.jpg,27.430216,-11.738593
sample_01832.jpg,3.1282444,4.2154326
sample_01833.jpg,0.45196518,47.20302
sample_01834.jpg,2.7620845,40.15663
sample_01835.jpg,19.031015,-14.471241
sample_01836.jpg,-30.932632,-25.374704
sample_01837.jpg,-48.487507,-9.795874
sample_01838.jpg,30.514526,-11.902038
sample_01839.jpg,-23.943977,20.051567
sample_01840.jpg,21.299112,-29.749453
sample_01841.jpg,-17.176336,-7.4175725
sample_01842.jpg,1.2688196,44.871044
sample_01843.jpg,36.38764,31.051598
sample_01844.jpg,21.55273,2.5838704
sample_01845.jpg,-28.154442,13.944884
sample_01846.jpg,-24.160137,-7.5472846
sample_01847.jpg,12.190685,-1.4097039
sample_01848.jpg,26.177776,2.8836968
sample_01849.jpg,-10.994859,-6.5578895
sample_01850.jpg,-17.31737,20.063334
sample_01851.jpg,31.341158,-15.205334
sample_01852.jpg,28.798853,-5.954864
sample_01853.jpg,7.5494795,7.6497645
sample_01854.jpg,-3.4432955,13.691189
sample_01855.jpg,-31.562817,-26.966959
sample_01856.jpg,33.118248,-15.723822
sample_01857.jpg,13.628025,-1.1383905
sample_01858.jpg,-35.266678,2.6778777
sample_01859.jpg,-1.9797577,-21.046244
sample_01860.jpg,9.586044,-13.202351
sample_01861.jpg,23.64237,31.19732
sample_01862.jpg,-19.166319,1.6284368
sample_01863.jpg,4.398475,9.154375
sample_01864.jpg,18.183027,-14.812222
sample_01865.jpg,5.8243814,-5.8949237
sample_01866.jpg,-4.5134053,4.374376
sample_01867.jpg,30.907598,32.56764
sample_01868.jpg,15.644746,5.612871
sample_01869.jpg,13.535196,-15.955302
sample_01870.jpg,-3.0618014,-17.062674
sample_01871.jpg,-46.712116,-9.713516
sample_01872.jpg,-14.521238,-3.79564
sample_01873.jpg,20.499237,-30.636412
sample_01874.jpg,-23.745203,-18.427824
sample_01875.jpg,-26.240562,5.263247
sample_01876.jpg,-16.530619,-3.3086178
sample_01877.jpg,-25.51627,-9.448672
sample_01878.jpg,-49.71745,-9.073082
sample_01879.jpg,-6.5090575,52.22067
sample_01880.jpg,-17.303057,-0.27457777
sample_01881.jpg,0.39103618,-3.3188412
sample_01882.jpg,19.554037,-7.453134
sample_01883.jpg,-16.930883,-14.039552
sample_01884.jpg,-27.209465,15.730059
sample_01885.jpg,-29.680056,-24.363083
sample_01886.jpg,3.5848796,40.256393
sample_01887.jpg,-5.305361,-0.91947657
sample_01888.jpg,-0.022608211,-20.043667
sample_01889.jpg,-35.319233,3.5264845
sample_01890.jpg,5.03938,7.8773007
sample_01891.jpg,35.262,30.402386
sample_01892.jpg,31.029863,32.407143
sample_01893.jpg,-12.627303,-11.767551
sample_01894.jpg,4.341435,-19.495829
sample_01895.jpg,-25.211061,15.140499
sample_01896.jpg,-41.78379,-10.322757
sample_01897.jpg,-14.113386,56.139896
sample_01898.jpg,17.855597,-5.9643745
sample_01899.jpg,28.891693,-22.513485
sample_01900.jpg,-6.5333505,8.982095
sample_01901.jpg,-28.284458,20.310265
sample_01902.jpg,-1.55704,1.8637692
sample_01903.jpg,8.459959,-2.3803327
sample_01904.jpg,18.46441,-7.257957
sample_01905.jpg,2.798191,43.28507
sample_01906.jpg,-1.6061798,-10.383858
sample_01907.jpg,-0.15632947,16.058748
sample_01908.jpg,-18.695305,4.4035587
sample_01909.jpg,43.328056,27.706964
sample_01910.jpg,20.96011,-32.112896
sample_01911.jpg,11.444039,-4.542931
sample_01912.jpg,25.643723,3.792082
sample_01913.jpg,35.65956,32.487347
sample_01914.jpg,36.529446,30.820675
sample_01915.jpg,5.750107,6.0326324
sample_01916.jpg,-35.44963,16.239819
sample_01917.jpg,26.045021,2.9758434
sample_01918.jpg,-17.945404,-14.236698
sample_01919.jpg,-29.289242,12.984712
sample_01920.jpg,-27.83261,11.794379
sample_01921.jpg,33.624596,-6.716482
sample_01922.jpg,-24.525856,16.263697
sample_01923.jpg,-12.291505,7.1238317
sample_01924.jpg,-17.728794,7.951746
sample_01925.jpg,35.649445,-19.675303
sample_01926.jpg,-45.50821,-10.283407
sample_01927.jpg,-35.780144,13.375513
sample_01928.jpg,2.4234903,40.434986
sample_01929.jpg,-31.07581,-26.4863
sample_01930.jpg,-12.313106,-6.3815794
sample_01931.jpg,16.027487,-12.299533
sample_01932.jpg,-32.94835,21.535803
sample_01933.jpg,-17.522419,-1.0864863
sample_01934.jpg,9.697211,-20.68561
sample_01935.jpg,-7.1364527,51.90807
sample_01936.jpg,27.351133,-4.19612
sample_01937.jpg,-30.505983,-25.643398
sample_01938.jpg,-7.715666,-8.911208
sample_01939.jpg,10.849808,-14.755722
sample_01940.jpg,27.119358,1.8128674
sample_01941.jpg,-4.2004476,0.1821979
sample_01942.jpg,-10.328513,-11.408724
sample_01943.jpg,-3.9422069,-17.86097
sample_01944.jpg,-34.646873,-31.772982
sample_01945.jpg,-22.324677,9.98696
sample_01946.jpg,-14.198318,4.054104
sample_01947.jpg,-12.6555605,-12.937071
sample_01948.jpg,-13.777561,18.279266
sample_01949.jpg,-35.008785,-32.330105
sample_01950.jpg,14.105479,-12.657382
sample_01951.jpg,-44.795334,-9.949474
sample_01952.jpg,-28.217558,22.355234
sample_01953.jpg,24.153673,-22.432697
sample_01954.jpg,-30.951359,20.41479
sample_01955.jpg,-17.387358,56.980484
sample_01956.jpg,-32.538,-3.3975444
sample_01957.jpg,-5.1016035,-3.3785243
sample_01958.jpg,36.64801,31.516062
sample_01959.jpg,4.3722253,-7.5129695
sample_01960.jpg,-8.175116,10.073772
sample_01961.jpg,21.669525,-24.25093
sample_01962.jpg,-10.751679,16.966175
sample_01963.jpg,32.04725,32.372574
sample_01964.jpg,-20.988903,-0.32153583
sample_01965.jpg,-7.837766,0.34036228
sample_01966.jpg,-51.031956,-8.900768
sample_01967.jpg,12.802497,-17.038986
sample_01968.jpg,-26.370089,15.308854
sample_01969.jpg,-29.925488,-5.7641335
sample_01970.jpg,28.973892,-23.17954
sample_01971.jpg,7.88543,-18.822119
sample_01972.jpg,4.333654,-4.9401326
sample_01973.jpg,27.569597,-3.7670507
sample_01974.jpg,-5.12897,-5.9214892
sample_01975.jpg,-9.238171,-18.305672
sample_01976.jpg,-17.7574,19.543152
sample_01977.jpg,-8.146008,-24.021776
sample_01978.jpg,17.404533,5.9736586
sample_01979.jpg,-22.025682,-13.465484
sample_01980.jpg,28.607964,-36.39259
sample_01981.jpg,-34.477703,14.9432
sample_01982.jpg,-36.28938,4.8944683
sample_01983.jpg,33.42121,-6.535755
sample_01984.jpg,6.3193164,-6.638829
sample_01985.jpg,-33.290405,-29.282576
sample_01986.jpg,24.72236,-5.47729
sample_01987.jpg,19.615776,-8.43835
sample_01988.jpg,26.81926,-22.439222
sample_01989.jpg,11.103912,-1.7836978
sample_01990.jpg,15.265498,-1.6373023
sample_01991.jpg,36.347942,31.436382
sample_01992.jpg,23.729424,-4.549538
sample_01993.jpg,23.437107,13.589459
sample_01994.jpg,30.386818,-5.9007483
sample_01995.jpg,24.844551,-13.341192
sample_01996.jpg,-16.760954,56.62441
sample_01997.jpg,-0.44564316,-9.920737
sample_01998.jpg,-18.7168,7.206924
sample_01999.jpg,20.746716,-19.11246
sample_02000.jpg,-4.081704,-1.9167917
sample_02001.jpg,19.545544,1.2572888
sample_02002.jpg,15.617791,-7.1156445
sample_02003.jpg,-18.406445,19.997133
sample_02004.jpg,27.837234,-25.524422
sample_02005.jpg,-5.1342225,52.267353
sample_02006.jpg,-3.7171369,6.847516
sample_02007.jpg,18.56296,5.06596
sample_02008.jpg,-0.89190257,48.553524
sample_02009.jpg,-11.028562,2.585678
sample_02010.jpg,-12.503913,0.5771682
sample_02011.jpg,29.0044,-10.76552
sample_02012.jpg,12.968779,24.70323
sample_02013.jpg,-26.145521,3.4317486
sample_02014.jpg,-9.71573,-20.974005
sample_02015.jpg,10.830438,-18.411089
sample_02016.jpg,-30.236118,21.620478
sample_02017.jpg,5.4768195,-4.4989467
sample_02018.jpg,-22.440357,17.442955
sample_02019.jpg,-5.466221,5.625767
sample_02020.jpg,-23.087982,0.99763376
sample_02021.jpg,0.67895955,1.0357016
sample_02022.jpg,-4.1397367,-21.603369
sample_02023.jpg,13.637156,0.8534497
sample_02024.jpg,31.078018,-15.016883
sample_02025.jpg,-27.692293,10.682886
sample_02026.jpg,12.656222,-18.017384
sample_02027.jpg,-29.780064,15.144632
sample_02028.jpg,8.582287,3.8844144
sample_02029.jpg,-12.719526,-26.152014
sample_02030.jpg,-19.749641,57.562176
sample_02031.jpg,23.639194,-9.624813
sample_02032.jpg,20.767414,-15.495849
sample_02033.jpg,-14.447766,7.4620514
sample_02034.jpg,-10.278941,5.3337708
sample_02035.jpg,18.178862,-2.1202736
sample_02036.jpg,1.3899107,45.487324
sample_02037.jpg,30.73593,-30.288467
sample_02038.jpg,-22.481821,-1.8721069
sample_02039.jpg,21.51421,2.5801315
sample_02040.jpg,9.699853,-24.805882
sample_02041.jpg,-2.1586452,-1.6966947
sample_02042.jpg,-7.063332,-1.2874911
sample_02043.jpg,27.638678,31.409666
sample_02044.jpg,22.879072,-19.653605
sample_02045.jpg,2.5707288,10.141837
sample_02046.jpg,-29.588442,6.8986664
sample_02047.jpg,-0.9855611,4.8952374
sample_02048.jpg,14.538432,-14.137923
sample_02049.jpg,24.073088,5.1455684
sample_02050.jpg,-13.037789,57.427895
sample_02051.jpg,-10.614869,-12.634682
sample_02052.jpg,27.012638,-24.91441
sample_02053.jpg,28.61907,-36.322727
sample_02054.jpg,21.35989,-25.590967
sample_02055.jpg,-18.211262,-11.358688
sample_02056.jpg,-33.136444,21.615753
sample_02057.jpg,8.13666,8.719629
sample_02058.jpg,-5.8087015,5.082589
sample_02059.jpg,29.03843,-10.615927
sample_02060.jpg,16.779812,3.1726518
sample_02061.jpg,3.8033888,2.7530572
sample_02062.jpg,4.0046926,-1.1100296
sample_02063.jpg,7.169416,-13.228374
sample_02064.jpg,9.463216,-14.842462
sample_02065.jpg,2.215665,42.514896
sample_02066.jpg,37.857418,-22.020521
sample_02067.jpg,-12.040647,-18.29723
sample_02068.jpg,11.521412,-12.507185
sample_02069.jpg,1.6397827,-1.9133472
sample_02070.jpg,23.680452,-9.68707
sample_02071.jpg,-30.310291,2.5928023
sample_02072.jpg,30.175278,32.328476
sample_02073.jpg,31.668991,31.266459
sample_02074.jpg,12.21702,6.5347896
sample_02075.jpg,-24.631046,6.2327466
sample_02076.jpg,-22.153181,19.763468
sample_02077.jpg,-0.19564946,-3.225107
sample_02078.jpg,25.840124,-22.153475
sample_02079.jpg,8.209461,-9.725986
sample_02080.jpg,-13.347358,3.137902
sample_02081.jpg,26.764359,-15.932235
sample_02082.jpg,14.278427,-6.6883364
sample_02083.jpg,3.7221482,13.45114
sample_02084.jpg,-33.590748,18.551523
sample_02085.jpg,14.934579,-11.113545
sample_02086.jpg,-7.217425,1.2721107
sample_02087.jpg,19.429325,-13.306429
sample_02088.jpg,-7.7282114,-7.114823
sample_02089.jpg,2.408769,-11.544164
sample_02090.jpg,36.576862,-20.833921
sample_02091.jpg,36.0229,-21.983402
sample_02092.jpg,-11.243339,54.945568
sample_02093.jpg,11.178524,10.215958
sample_02094.jpg,13.665675,-2.0310647
sample_02095.jpg,14.006206,-17.820751
sample_02096.jpg,-1.4043721,-4.686038
sample_02097.jpg,43.41808,27.740915
sample_02098.jpg,-7.0924087,-15.332437
sample_02099.jpg,-13.281899,-21.51311
sample_02100.jpg,26.470755,3.033412
sample_02101.jpg,-19.918396,11.565632
sample_02102.jpg,5.3115973,2.452768
sample_02103.jpg,31.43271,-16.972546
sample_02104.jpg,5.285577,2.1879313
sample_02105.jpg,-13.394929,52.624092
sample_02106.jpg,-15.435299,-19.83048
sample_02107.jpg,24.259865,-11.556153
sample_02108.jpg,-27.024809,7.5179462
sample_02109.jpg,27.834393,-26.81783
sample_02110.jpg,12.960643,-9.073153
sample_02111.jpg,-5.9030967,-13.292544
sample_02112.jpg,12.9740505,-3.3650153
sample_02113.jpg,1.2076558,44.675934
sample_02114.jpg,43.33792,27.88311
sample_02115.jpg,6.3179817,8.161496
sample_02116.jpg,23.781574,32.431522
sample_02117.jpg,30.464523,-25.15695
sample_02118.jpg,34.08478,-19.62825
sample_02119.jpg,-9.992416,-0.032056578
sample_02120.jpg,-5.733884,-27.276335
sample_02121.jpg,9.232754,-5.9568105
sample_02122.jpg,-12.234441,-20.953989
sample_02123.jpg,16.277155,8.983655
sample_02124.jpg,28.510305,32.62007
sample_02125.jpg,-18.242445,-4.054392
sample_02126.jpg,-15.732705,-4.468794
sample_02127.jpg,3.733412,-5.4759536
sample_02128.jpg,12.902305,24.565664
sample_02129.jpg,-14.046472,10.763954
sample_02130.jpg,34.132484,-25.052248
sample_02131.jpg,-36.643353,19.488043
sample_02132.jpg,-12.957885,-14.109192
sample_02133.jpg,18.412132,30.525131
sample_02134.jpg,0.51813954,6.7939396
sample_02135.jpg,38.268036,30.013954
sample_02136.jpg,2.9417872,10.061561
sample_02137.jpg,6.6278563,-5.00707
sample_02138.jpg,26.212984,-15.875646
sample_02139.jpg,5.598462,-10.811601
sample_02140.jpg,25.0924,-23.997946
sample_02141.jpg,-34.427475,4.192888
sample_02142.jpg,2.0276139,-13.98009
sample_02143.jpg,-29.587215,11.296588
sample_02144.jpg,26.668821,-8.781939
sample_02145.jpg,-28.782806,15.001604
sample_02146.jpg,-4.543711,53.678394
sample_02147.jpg,-10.642128,5.528985
sample_02148.jpg,-4.98475,-0.85623693
sample_02149.jpg,-0.52571297,-4.019567
sample_02150.jpg,-15.435102,5.7375956
sample_02151.jpg,-35.30301,16.721104
sample_02152.jpg,-11.302479,3.2907538
sample_02153.jpg,-45.656242,-9.758555
sample_02154.jpg,22.192608,-24.823408
sample_02155.jpg,17.085104,27.823458
sample_02156.jpg,-0.4857629,-13.371582
sample_02157.jpg,-28.879234,-6.170693
sample_02158.jpg,25.155502,7.9830112
sample_02159.jpg,-5.816293,-29.016605
sample_02160.jpg,-6.044052,-2.7734864
sample_02161.jpg,-12.53265,-4.582054
sample_02162.jpg,-16.926281,-14.200685
sample_02163.jpg,-40.02013,16.144316
sample_02164.jpg,-33.09976,0.57843065
sample_02165.jpg,21.180553,32.76882
sample_02166.jpg,0.16136253,12.517387
sample_02167.jpg,2.1836865,-35.330532
sample_02168.jpg,-22.373976,-6.901937
sample_02169.jpg,21.235186,-17.344816
sample_02170.jpg,13.093365,-10.276847
sample_02171.jpg,-11.168672,-5.484775
sample_02172.jpg,11.477409,18.711346
sample_02173.jpg,24.839525,-19.042446
sample_02174.jpg,0.12191507,-1.7967207
sample_02175.jpg,-40.6838,-11.304074
sample_02176.jpg,17.403044,-22.107393
sample_02177.jpg,15.904717,28.661383
sample_02178.jpg,12.870316,-29.928358
sample_02179.jpg,8.52695,-29.597082
sample_02180.jpg,33.540363,-23.448784
sample_02181.jpg,18.6083,-13.008814
sample_02182.jpg,-6.002015,-19.253351
sample_02183.jpg,32.231575,-10.126906
sample_02184.jpg,32.619858,-21.455044
sample_02185.jpg,-36.354057,2.6164556
sample_02186.jpg,-31.370552,14.5118685
sample_02187.jpg,-22.8228,3.5710275
sample_02188.jpg,-4.046919,-11.132495
sample_02189.jpg,2.3860743,-9.359415
sample_02190.jpg,19.892584,1.333696
sample_02191.jpg,21.208443,-21.734436
sample_02192.jpg,26.48464,-23.450653
sample_02193.jpg,30.788572,-22.683332
sample_02194.jpg,9.479749,-3.3931415
sample_02195.jpg,-2.7574387,6.587795
sample_02196.jpg,-27.115942,7.479592
sample_02197.jpg,-8.998599,10.677044
sample_02198.jpg,-11.255832,-23.465965
sample_02199.jpg,5.3945837,-4.252842
sample_02200.jpg,-19.23161,1.6353898
sample_02201.jpg,-3.8365138,-8.596397
sample_02202.jpg,29.356796,-10.428875
sample_02203.jpg,44.624844,27.041952
sample_02204.jpg,-0.6213272,-30.3931
sample_02205.jpg,2.6556988,42.450012
sample_02206.jpg,34.038868,-22.74439
sample_02207.jpg,-0.70259696,-5.559557
sample_02208.jpg,1.4068305,15.775199
sample_02209.jpg,12.938082,-20.699
sample_02210.jpg,18.928371,-19.571808
sample_02211.jpg,-13.991478,4.2241035
sample_02212.jpg,21.335274,-15.462511
sample_02213.jpg,4.923572,-6.0373545
sample_02214.jpg,1.2992578,-8.516475
sample_02215.jpg,30.554115,-2.4673095
sample_02216.jpg,23.91114,-27.906363
sample_02217.jpg,-10.395618,-2.6593246
sample_02218.jpg,-3.001817,18.881395
sample_02219.jpg,21.742504,-26.09002
sample_02220.jpg,24.04511,-31.051178
sample_02221.jpg,10.286596,-7.776329
sample_02222.jpg,-19.57154,8.246862
sample_02223.jpg,-17.298763,11.77959
sample_02224.jpg,7.3963375,-16.888645
sample_02225.jpg,36.051437,31.489471
sample_02226.jpg,-8.328498,1.8066967
sample_02227.jpg,28.321352,-28.639988
sample_02228.jpg,17.962881,-10.631317
sample_02229.jpg,31.885555,-10.554642
sample_02230.jpg,33.064896,-18.146555
sample_02231.jpg,-12.328215,-29.21309
sample_02232.jpg,-16.490091,21.618336
sample_02233.jpg,-16.674746,3.4722908
sample_02234.jpg,0.47252238,-7.78047
sample_02235.jpg,28.37973,-11.2089205
sample_02236.jpg,-8.092973,5.178633
sample_02237.jpg,-25.259838,22.78595
sample_02238.jpg,6.2086935,-19.16059
sample_02239.jpg,-5.737124,-13.337874
sample_02240.jpg,-30.541061,-25.060894
sample_02241.jpg,36.453224,-19.730673
sample_02242.jpg,19.325882,13.457948
sample_02243.jpg,1.4420277,-0.05735173
sample_02244.jpg,25.990746,-31.05324
sample_02245.jpg,18.351341,-3.6564143
sample_02246.jpg,41.94145,29.790098
sample_02247.jpg,7.2467713,7.6518855
sample_02248.jpg,-6.069162,53.221386
sample_02249.jpg,10.684702,-11.406297
sample_02250.jpg,-4.8481245,6.486934
sample_02251.jpg,32.516243,-14.451555
sample_02252.jpg,-51.241608,-8.817028
sample_02253.jpg,25.637066,-9.012462
sample_02254.jpg,9.130247,-0.537884
sample_02255.jpg,20.939003,-26.65318
sample_02256.jpg,-10.460901,56.485023
sample_02257.jpg,2.9494624,10.007116
sample_02258.jpg,35.1369,31.442007
sample_02259.jpg,26.62524,-12.466967
sample_02260.jpg,20.635525,-17.343157
sample_02261.jpg,9.964416,-4.9256954
sample_02262.jpg,17.649202,-17.078718
sample_02263.jpg,24.088377,-21.323439
sample_02264.jpg,18.383781,-13.682068
sample_02265.jpg,15.314681,-11.051158
sample_02266.jpg,-8.063252,-1.4732025
sample_02267.jpg,-12.216153,55.47824
sample_02268.jpg,20.456102,-32.029213
sample_02269.jpg,2.8000104,-33.835213
sample_02270.jpg,-0.20465052,48.525455
sample_02271.jpg,6.626325,-10.470807
sample_02272.jpg,-2.5629559,-5.9407725
sample_02273.jpg,3.8112812,-25.043312
sample_02274.jpg,14.441576,-20.928518
sample_02275.jpg,-7.150866,-9.059434
sample_02276.jpg,-22.937353,18.92932
sample_02277.jpg,-9.122843,18.812304
sample_02278.jpg,22.196007,-10.513324
sample_02279.jpg,-5.9603014,52.971634
sample_02280.jpg,-16.1748,15.381367
sample_02281.jpg,36.072636,-24.404043
sample_02282.jpg,9.659865,-34.35243
sample_02283.jpg,-1.4942071,11.243601
sample_02284.jpg,4.038777,-23.257862
sample_02285.jpg,1.5924776,-0.19987376
sample_02286.jpg,-1.4556483,-2.0047076
sample_02287.jpg,-33.827972,0.3271896
sample_02288.jpg,-29.003403,5.203264
sample_02289.jpg,-8.137877,-2.8752496
sample_02290.jpg,20.522648,-15.000209
sample_02291.jpg,23.335712,32.497562
sample_02292.jpg,-11.716296,7.3039966
sample_02293.jpg,24.446417,33.506836
sample_02294.jpg,-2.8554218,-16.786427
sample_02295.jpg,21.88932,-27.818445
sample_02296.jpg,16.16158,-2.8666475
sample_02297.jpg,-1.1757699,49.196644
sample_02298.jpg,14.926736,3.3627586
sample_02299.jpg,28.698004,-29.20263
sample_02300.jpg,31.001854,32.599346
sample_02301.jpg,-30.535315,-23.604338
sample_02302.jpg,-25.530146,5.4169283
sample_02303.jpg,-31.730173,19.9348
sample_02304.jpg,2.935125,39.37458
sample_02305.jpg,-7.1049547,7.1967077
sample_02306.jpg,24.409798,-10.701255
sample_02307.jpg,8.300034,-13.431976
sample_02308.jpg,12.283232,-17.046144
sample_02309.jpg,32.30381,-22.95144
sample_02310.jpg,-8.152151,1.7294091
sample_02311.jpg,37.919937,30.043446
sample_02312.jpg,-25.213266,-3.1411643
sample_02313.jpg,-28.63207,9.077104
sample_02314.jpg,-4.650773,-27.826477
sample_02315.jpg,-30.788292,16.230463
sample_02316.jpg,22.042374,12.650665
sample_02317.jpg,-2.1488035,-21.361809
sample_02318.jpg,35.459377,-23.109335
sample_02319.jpg,13.484999,3.5163677
sample_02320.jpg,-4.47638,-7.5019684
sample_02321.jpg,30.717323,-24.774715
sample_02322.jpg,-35.48196,-31.269451
sample_02323.jpg,-16.355803,3.7575507
sample_02324.jpg,-14.917342,11.704761
sample_02325.jpg,-7.7127833,-20.228174
sample_02326.jpg,-1.8307685,50.739105
sample_02327.jpg,7.991583,-5.068348
sample_02328.jpg,42.029293,27.448338
sample_02329.jpg,-15.108242,21.716042
sample_02330.jpg,-41.396236,-10.806956
sample_02331.jpg,-12.014855,0.8181771
sample_02332.jpg,23.804964,-28.34329
sample_02333.jpg,26.164268,-14.112052
sample_02334.jpg,32.341305,32.14897
sample_02335.jpg,-18.755766,57.91113
sample_02336.jpg,-14.184809,56.02063
sample_02337.jpg,-12.092475,6.0394564
sample_02338.jpg,28.841011,-21.626516
sample_02339.jpg,35.581627,-22.461884
sample_02340.jpg,-6.7352705,2.315387
sample_02341.jpg,-0.11375856,-5.226287
sample_02342.jpg,-11.586918,-27.624537
sample_02343.jpg,6.304371,-16.18814
sample_02344.jpg,21.584534,30.964657
sample_02345.jpg,-23.514166,5.0817175
sample_02346.jpg,-22.749168,13.97381
sample_02347.jpg,-27.227884,16.60952
sample_02348.jpg,22.93459,0.013889386
sample_02349.jpg,9.7839985,-12.477275
sample_02350.jpg,-33.359344,14.016568
sample_02351.jpg,13.914673,-10.247502
sample_02352.jpg,-19.102648,2.6984544
sample_02353.jpg,29.131277,32.672737
sample_02354.jpg,-2.16364,-16.13772
sample_02355.jpg,0.38777545,-13.764144
sample_02356.jpg,1.5988142,-14.902029
sample_02357.jpg,-23.677692,-9.294032
sample_02358.jpg,-20.32816,3.8562753
sample_02359.jpg,-3.802194,9.554797
sample_02360.jpg,2.50738,-6.5760694
sample_02361.jpg,-1.3776227,50.932125
sample_02362.jpg,29.45334,-9.589389
sample_02363.jpg,-8.173248,6.8621373
sample_02364.jpg,-18.17418,11.411101
sample_02365.jpg,-27.686039,10.9039545
sample_02366.jpg,-14.163256,-8.073363
sample_02367.jpg,-35.640774,16.323635
sample_02368.jpg,-10.510999,55.354816
sample_02369.jpg,-7.418829,-17.543331
sample_02370.jpg,-27.759495,20.077646
sample_02371.jpg,-11.266549,9.045613
sample_02372.jpg,-19.310036,8.313199
sample_02373.jpg,-24.56112,22.617249
sample_02374.jpg,4.3026,-15.446899
sample_02375.jpg,25.387749,3.923591
sample_02376.jpg,28.575615,-21.749235
sample_02377.jpg,-10.134207,-4.881306
sample_02378.jpg,-16.86664,-4.957765
sample_02379.jpg,5.9606886,8.342468
sample_02380.jpg,-14.113925,-0.19927388
sample_02381.jpg,11.27489,-16.458925
sample_02382.jpg,-24.583265,-18.498936
sample_02383.jpg,1.7721257,-7.8602343
sample_02384.jpg,-13.575154,9.283954
sample_02385.jpg,-10.257992,-27.040806
sample_02386.jpg,-3.9217784,2.8181524
sample_02387.jpg,0.5261032,-5.0290103
sample_02388.jpg,3.100167,-4.0185895
sample_02389.jpg,-0.48974597,15.125996
sample_02390.jpg,22.818129,-17.158165
sample_02391.jpg,34.146,32.049107
sample_02392.jpg,1.506881,-18.083565
sample_02393.jpg,-25.337072,14.23625
sample_02394.jpg,-21.616331,16.66683
sample_02395.jpg,18.232338,28.551449
sample_02396.jpg,-3.8531938,53.225414
sample_02397.jpg,-2.100051,-4.5125036
sample_02398.jpg,-36.71794,20.586319
sample_02399.jpg,28.151787,-24.928242
sample_02400.jpg,3.661732,-28.799845
sample_02401.jpg,1.7127135,-20.8706
sample_02402.jpg,-0.67098165,18.910542
sample_02403.jpg,-33.770626,-30.878967
sample_02404.jpg,-35.43365,-33.155533
sample_02405.jpg,7.3216815,19.207098
sample_02406.jpg,32.646755,33.328175
sample_02407.jpg,-16.752428,2.8282473
sample_02408.jpg,2.4112651,39.042927
sample_02409.jpg,41.5179,29.090519
sample_02410.jpg,-7.0383186,0.889009
sample_02411.jpg,-10.854023,6.2736483
sample_02412.jpg,-18.205276,-15.129267
sample_02413.jpg,-32.173565,-27.664057
sample_02414.jpg,-21.464218,-12.649105
sample_02415.jpg,-37.04387,15.62308
sample_02416.jpg,25.221947,-17.763083
sample_02417.jpg,-3.5995326,3.9165108
sample_02418.jpg,-8.985579,-18.75726
sample_02419.jpg,-8.526343,1.1488895
sample_02420.jpg,39.95715,-14.971251
sample_02421.jpg,2.3514233,45.881275
sample_02422.jpg,-15.683465,4.6944366
sample_02423.jpg,-39.60058,14.539106
sample_02424.jpg,17.601944,-0.8023718
sample_02425.jpg,-26.414999,20.672394
sample_02426.jpg,-4.195541,6.8528657
sample_02427.jpg,-25.918884,1.5097504
sample_02428.jpg,23.270271,-8.894327
sample_02429.jpg,15.24208,-16.852701
sample_02430.jpg,-31.061176,3.709245
sample_02431.jpg,27.684887,32.58592
sample_02432.jpg,2.8150911,23.23128
sample_02433.jpg,0.6989506,4.329133
sample_02434.jpg,-5.2219315,6.124631
sample_02435.jpg,17.595963,29.502888
sample_02436.jpg,-4.060505,12.669355
sample_02437.jpg,-17.018524,-7.3487835
sample_02438.jpg,-3.7612388,-13.358562
sample_02439.jpg,-14.18281,-8.070764
sample_02440.jpg,-0.3682241,21.308336
sample_02441.jpg,24.07988,33.30174
sample_02442.jpg,-2.1328745,4.128656
sample_02443.jpg,-23.132236,9.13025
sample_02444.jpg,19.924116,-10.487981
sample_02445.jpg,7.784391,-11.952009
sample_02446.jpg,-29.159779,21.096796
sample_02447.jpg,18.755653,-9.665916
sample_02448.jpg,-6.6144266,3.8896027
sample_02449.jpg,12.099148,12.060784
sample_02450.jpg,-14.718537,3.7373958
sample_02451.jpg,-10.654855,7.6592107
sample_02452.jpg,32.719482,-14.703128
sample_02453.jpg,-4.5595207,-22.02767
sample_02454.jpg,12.8561535,-28.779528
sample_02455.jpg,1.4455447,12.320741
sample_02456.jpg,-9.855364,-27.963766
sample_02457.jpg,45.331543,26.49106
sample_02458.jpg,-30.783506,-25.763931
sample_02459.jpg,15.836343,1.6295223
sample_02460.jpg,24.940067,35.286484
sample_02461.jpg,-14.477458,18.78141
sample_02462.jpg,1.8066732,44.469067
sample_02463.jpg,-2.0703118,16.010073
sample_02464.jpg,-0.18414444,2.2262604
sample_02465.jpg,19.77734,-10.991393
sample_02466.jpg,-5.85298,18.293999
sample_02467.jpg,16.829235,1.5507718
sample_02468.jpg,-1.661089,48.949883
sample_02469.jpg,8.357883,12.675472
sample_02470.jpg,-16.724068,1.6826588
sample_02471.jpg,27.082985,-26.353664
sample_02472.jpg,-39.97626,16.148142
sample_02473.jpg,-7.1425977,-5.11848
sample_02474.jpg,-36.287224,11.233507
sample_02475.jpg,25.315529,3.972001
sample_02476.jpg,20.971134,-31.700502
sample_02477.jpg,26.686731,-28.492727
sample_02478.jpg,25.207048,3.7605538
sample_02479.jpg,-18.795126,56.118008
sample_02480.jpg,29.797718,-25.889442
sample_02481.jpg,17.973743,-5.9040313
sample_02482.jpg,-1.2617818,0.599322
sample_02483.jpg,-12.371215,56.017838
sample_02484.jpg,-9.1582985,6.7602153
sample_02485.jpg,-31.114508,-26.337763
sample_02486.jpg,0.780959,-11.441173
sample_02487.jpg,4.575075,0.8979478
sample_02488.jpg,0.5996703,-12.553922
sample_02489.jpg,-32.703808,22.16228
sample_02490.jpg,1.0860965,46.381042
sample_02491.jpg,21.297884,2.572573
sample_02492.jpg,21.990654,-16.693512
sample_02493.jpg,18.839037,-31.0712
sample_02494.jpg,14.355214,-11.232164
sample_02495.jpg,-24.930376,-18.086946
sample_02496.jpg,-12.536161,-11.202673
sample_02497.jpg,12.151453,0.26518437
sample_02498.jpg,16.898468,8.101567
sample_02499.jpg,-3.108601,51.689953
sample_02500.jpg,-0.61649215,50.538494
sample_02501.jpg,8.104598,-1.6764234
sample_02502.jpg,-12.514355,10.827444
sample_02503.jpg,31.76892,31.73829
sample_02504.jpg,-46.374172,-9.595146
sample_02505.jpg,-30.477262,-6.850375
sample_02506.jpg,-48.114628,-9.364608
sample_02507.jpg,23.491222,32.711792
sample_02508.jpg,-6.007492,54.569878
sample_02509.jpg,16.792223,-4.3140726
sample_02510.jpg,3.2933505,-3.1449146
sample_02511.jpg,0.1289311,-6.692153
sample_02512.jpg,-12.459519,10.769442
sample_02513.jpg,-11.311625,19.625057
sample_02514.jpg,-17.87873,57.40478
sample_02515.jpg,19.514147,-7.0031796
sample_02516.jpg,1.9179082,5.719581
sample_02517.jpg,15.188498,-26.245718
sample_02518.jpg,11.265644,-7.5620112
sample_02519.jpg,-13.182629,-8.240554
sample_02520.jpg,0.797145,-5.5269957
sample_02521.jpg,-31.101534,-5.7206044
sample_02522.jpg,-7.846463,0.38531345
sample_02523.jpg,-28.9917,-23.11218
sample_02524.jpg,-13.804543,18.310078
sample_02525.jpg,-16.688332,-10.979956
sample_02526.jpg,40.415848,29.408266
sample_02527.jpg,-18.955173,11.441061
sample_02528.jpg,15.6078825,-6.0951724
sample_02529.jpg,30.040182,-30.04008
sample_02530.jpg,14.918595,-4.1210093
sample_02531.jpg,11.121722,-8.186846
sample_02532.jpg,-34.344635,5.897494
sample_02533.jpg,-12.638218,4.393905
sample_02534.jpg,7.3391385,-9.741509
sample_02535.jpg,31.288176,-5.8943024
sample_02536.jpg,5.8487825,8.83415
sample_02537.jpg,-26.332928,23.971643
sample_02538.jpg,-47.183086,-9.501204
sample_02539.jpg,-15.934182,57.755363
sample_02540.jpg,29.565765,-27.282003
sample_02541.jpg,18.11664,29.85704
sample_02542.jpg,42.63925,27.530245
sample_02543.jpg,30.732924,-10.235818
sample_02544.jpg,30.848719,-20.451855
sample_02545.jpg,-1.5626534,-2.9705052
sample_02546.jpg,-4.1662517,51.95855
sample_02547.jpg,-6.83411,4.420758
sample_02548.jpg,-12.70855,13.987031
sample_02549.jpg,3.9723904,-18.635044
sample_02550.jpg,4.7985606,-6.994457
sample_02551.jpg,10.951035,-28.183947
sample_02552.jpg,-27.755272,14.631091
sample_02553.jpg,-34.708973,-32.049217
sample_02554.jpg,-32.74323,10.185996
sample_02555.jpg,-23.589664,14.496145
sample_02556.jpg,9.669652,-9.37805
sample_02557.jpg,7.624882,0.6792739
sample_02558.jpg,10.428819,3.4205756
sample_02559.jpg,16.935411,3.891984
sample_02560.jpg,17.740898,-15.947721
sample_02561.jpg,23.869616,-28.025766
sample_02562.jpg,-21.960804,1.8997226
sample_02563.jpg,-13.939649,-23.436882
sample_02564.jpg,19.711525,-0.11011657
sample_02565.jpg,-49.73679,-9.063557
sample_02566.jpg,14.241401,25.97484
sample_02567.jpg,-7.7337084,-23.361525
sample_02568.jpg,-15.84547,-2.1306136
sample_02569.jpg,-48.95924,-8.508635
sample_02570.jpg,36.062893,32.18871
sample_02571.jpg,-28.320133,2.8733351
sample_02572.jpg,19.783047,-14.930507
sample_02573.jpg,-32.946293,-28.691301
sample_02574.jpg,9.937683,11.050021
sample_02575.jpg,-5.8433156,-0.7321382
sample_02576.jpg,-3.2836657,16.29929
sample_02577.jpg,5.384184,-8.455421
sample_02578.jpg,-3.7463546,1.1769887
sample_02579.jpg,18.620253,-2.830756
sample_02580.jpg,-31.16504,8.098445
sample_02581.jpg,-18.80914,9.019799
sample_02582.jpg,30.353424,-12.880474
sample_02583.jpg,-11.107678,-14.99193
sample_02584.jpg,-13.49896,-1.9902393
sample_02585.jpg,-8.333422,54.47726
sample_02586.jpg,26.43651,-6.3690023
sample_02587.jpg,24.845865,-21.5498
sample_02588.jpg,-10.547264,-0.3321175
sample_02589.jpg,12.431418,5.511985
sample_02590.jpg,-41.05663,-10.908848
sample_02591.jpg,20.89315,-29.991095
sample_02592.jpg,2.5203092,-32.812668
sample_02593.jpg,-14.97291,-1.6156132
sample_02594.jpg,-22.60774,-4.3190126
sample_02595.jpg,-27.671196,22.024332
sample_02596.jpg,17.512178,-1.5479105
sample_02597.jpg,6.1164594,14.231629
sample_02598.jpg,2.3900242,45.625793
sample_02599.jpg,27.164307,5.48909
sample_02600.jpg,-11.2261,6.4376626
sample_02601.jpg,11.157751,-11.532127
sample_02602.jpg,-8.972936,10.541422
sample_02603.jpg,-4.527937,-17.779129
sample_02604.jpg,-1.488961,50.548264
sample_02605.jpg,-25.765238,18.790962
sample_02606.jpg,-21.857182,0.38612866
sample_02607.jpg,22.450268,31.968357
sample_02608.jpg,4.8824906,12.303421
sample_02609.jpg,-36.20237,3.203985
sample_02610.jpg,6.8849926,4.6335196
sample_02611.jpg,4.9944744,13.8691435
sample_02612.jpg,20.145617,-31.39535
sample_02613.jpg,21.54627,-21.196098
sample_02614.jpg,9.660765,-8.038705
sample_02615.jpg,-9.600919,-25.22178
sample_02616.jpg,-16.462788,-14.672365
sample_02617.jpg,-46.66052,-9.718442
sample_02618.jpg,24.211489,-30.767714
sample_02619.jpg,23.470705,-18.218527
sample_02620.jpg,7.926003,2.0740495
sample_02621.jpg,-1.6528986,-2.0479877
sample_02622.jpg,-27.998943,12.876316
sample_02623.jpg,-25.317932,15.168756
sample_02624.jpg,-7.252094,-17.165638
sample_02625.jpg,-48.20549,-6.289397
sample_02626.jpg,-23.807367,3.1451778
sample_02627.jpg,2.7375777,-3.036443
sample_02628.jpg,0.27551678,47.98831
sample_02629.jpg,-11.142477,55.148376
sample_02630.jpg,2.1088266,43.310246
sample_02631.jpg,-34.671043,-30.625002
sample_02632.jpg,45.565598,26.162447
sample_02633.jpg,31.281158,-13.57559
sample_02634.jpg,-24.911455,22.512955
sample_02635.jpg,-9.364779,-0.80153954
sample_02636.jpg,-6.842908,2.2132561
sample_02637.jpg,4.172147,15.91466
sample_02638.jpg,33.540684,-24.534134
sample_02639.jpg,3.880626,-22.760464
sample_02640.jpg,-0.6966327,3.6560528
sample_02641.jpg,-14.101401,16.278175
sample_02642.jpg,21.738884,-30.513197
sample_02643.jpg,-20.06921,5.8828835
sample_02644.jpg,-6.55807,-10.974332
sample_02645.jpg,13.073686,-14.272222
sample_02646.jpg,20.592247,-6.216811
sample_02647.jpg,-29.359201,17.733206
sample_02648.jpg,-30.95294,-26.198135
sample_02649.jpg,-40.484016,-11.631801
sample_02650.jpg,-18.257133,7.39237
sample_02651.jpg,-18.462149,5.3446712
sample_02652.jpg,-28.436068,12.167806
sample_02653.jpg,15.181147,-13.200742
sample_02654.jpg,39.92537,-14.939357
sample_02655.jpg,24.800966,32.350433
sample_02656.jpg,-28.073088,-7.821615
sample_02657.jpg,24.740154,32.127323
sample_02658.jpg,17.06184,-4.0388646
sample_02659.jpg,-23.29952,11.855947
sample_02660.jpg,17.081804,-21.692778
sample_02661.jpg,-5.3776016,53.808365
sample_02662.jpg,17.06584,-30.466291
sample_02663.jpg,40.631927,29.138403
sample_02664.jpg,-24.574585,17.560925
sample_02665.jpg,-28.780869,17.154161
sample_02666.jpg,10.688822,-16.504671
sample_02667.jpg,-34.976654,3.2097058
sample_02668.jpg,-37.07218,17.676048
sample_02669.jpg,-12.684513,-23.937916
sample_02670.jpg,-12.6522665,-0.50651765
sample_02671.jpg,-9.515047,10.419689
sample_02672.jpg,-16.783264,-4.706063
sample_02673.jpg,0.2892755,47.2705
sample_02674.jpg,17.259676,29.891033
sample_02675.jpg,-21.510145,11.039936
sample_02676.jpg,25.152346,-7.8062906
sample_02677.jpg,20.73243,-31.398832
sample_02678.jpg,-4.8429027,-14.219837
sample_02679.jpg,-12.925833,54.0607
sample_02680.jpg,-5.2906165,13.066201
sample_02681.jpg,4.777914,-13.318036
sample_02682.jpg,-22.29782,13.657384
sample_02683.jpg,-0.425328,-11.401957
sample_02684.jpg,-32.011963,3.3650472
sample_02685.jpg,24.863157,32.900253
sample_02686.jpg,24.56757,-20.362715
sample_02687.jpg,-4.255935,-5.2689047
sample_02688.jpg,-29.824862,9.729221
sample_02689.jpg,15.713282,28.423838
sample_02690.jpg,5.4952755,14.175697
sample_02691.jpg,-46.735703,-6.7102118
sample_02692.jpg,-32.36381,-28.092476
sample_02693.jpg,16.622677,1.2268085
sample_02694.jpg,-18.313667,-9.418203
sample_02695.jpg,-2.010733,-9.792172
sample_02696.jpg,-14.589046,4.6041684
sample_02697.jpg,11.689888,-0.3503
sample_02698.jpg,-30.249886,-10.467156
sample_02699.jpg,-19.28397,-11.745632
sample_02700.jpg,-19.04724,5.8352256
sample_02701.jpg,-26.18551,15.861598
sample_02702.jpg,-0.63726896,-7.3961434
sample_02703.jpg,-0.35683763,-17.32693
sample_02704.jpg,-4.909427,-26.869143
sample_02705.jpg,-29.153727,9.400041
sample_02706.jpg,27.188677,2.9474747
sample_02707.jpg,11.249977,3.2282271
sample_02708.jpg,-19.21072,8.1091175
sample_02709.jpg,0.49606815,9.155342
sample_02710.jpg,-27.317558,9.726025
sample_02711.jpg,-32.47916,21.783384
sample_02712.jpg,27.558493,3.1426308
sample_02713.jpg,25.343523,-7.0088162
sample_02714.jpg,26.504307,4.296261
sample_02715.jpg,-11.877549,-23.164497
sample_02716.jpg,2.63926,-5.948894
sample_02717.jpg,3.9686153,0.9829106
sample_02718.jpg,17.161703,-21.513235
sample_02719.jpg,5.676649,-2.2337694
sample_02720.jpg,38.970867,-14.785224
sample_02721.jpg,11.6458025,-15.617897
sample_02722.jpg,-5.5038385,7.2642016
sample_02723.jpg,17.049257,-8.81421
sample_02724.jpg,-10.7742,1.8485593
sample_02725.jpg,-30.255371,13.913326
sample_02726.jpg,-32.175663,13.74553
sample_02727.jpg,-29.071323,-23.059753
sample_02728.jpg,-28.592733,15.0835495
sample_02729.jpg,8.853374,-25.358116
sample_02730.jpg,-11.94925,8.934648
sample_02731.jpg,14.248905,4.512077
sample_02732.jpg,6.1151624,-4.3657002
sample_02733.jpg,33.049797,-20.164057
sample_02734.jpg,17.661795,1.2430568
sample_02735.jpg,36.060684,-24.039688
sample_02736.jpg,7.228839,10.767703
sample_02737.jpg,-21.51185,21.817335
sample_02738.jpg,-14.504943,18.94684
sample_02739.jpg,5.216676,-23.432545
sample_02740.jpg,32.891365,31.199266
sample_02741.jpg,16.046814,-30.968153
sample_02742.jpg,-5.150069,-11.636438
sample_02743.jpg,-23.507767,16.652164
sample_02744.jpg,27.051922,-5.005434
sample_02745.jpg,-27.818275,13.081264
sample_02746.jpg,-23.990541,15.469504
sample_02747.jpg,-36.06809,17.159126
sample_02748.jpg,29.503214,-8.618719
sample_02749.jpg,25.158634,7.9366965
sample_02750.jpg,-32.105045,19.724018
sample_02751.jpg,-13.984593,10.836272
sample_02752.jpg,3.9106336,-23.285442
sample_02753.jpg,-4.1759834,6.9718995
sample_02754.jpg,0.80395204,3.3940253
sample_02755.jpg,-9.614046,-9.6785755
sample_02756.jpg,7.1843486,-17.290468
sample_02757.jpg,1.6195412,43.338684
sample_02758.jpg,-3.9546177,51.7633
sample_02759.jpg,3.8642654,-2.074448
sample_02760.jpg,20.14946,29.450941
sample_02761.jpg,10.358367,10.219454
sample_02762.jpg,-7.689312,-10.41293
sample_02763.jpg,13.967777,-13.113085
sample_02764.jpg,26.54711,4.2105722
sample_02765.jpg,-9.968427,-22.722466
sample_02766.jpg,20.30904,1.6416603
sample_02767.jpg,-1.6109937,6.9230967
sample_02768.jpg,-22.343859,-12.142932
sample_02769.jpg,15.376265,-10.354266
sample_02770.jpg,20.782936,-25.66518
sample_02771.jpg,27.532616,-21.720558
sample_02772.jpg,32.59712,-23.960903
sample_02773.jpg,36.22643,-17.893278
sample_02774.jpg,-9.727185,-15.67156
sample_02775.jpg,-12.22705,55.38988
sample_02776.jpg,29.080137,-17.185507
sample_02777.jpg,-6.1084433,2.20454
sample_02778.jpg,-4.195876,12.666667
sample_02779.jpg,-7.5922713,-25.784803
sample_02780.jpg,-23.804636,8.437225
sample_02781.jpg,-19.298992,8.716961
sample_02782.jpg,-6.4422626,-26.4677
sample_02783.jpg,12.122667,-3.2390645
sample_02784.jpg,-17.974499,57.380913
sample_02785.jpg,5.102046,8.648705
sample_02786.jpg,-1.6698629,50.014523
sample_02787.jpg,29.86862,-30.469141
sample_02788.jpg,20.953737,-16.840307
sample_02789.jpg,-4.1154995,-10.951599
sample_02790.jpg,37.141743,-8.133699
sample_02791.jpg,-11.027493,7.925678
sample_02792.jpg,-18.159975,7.923558
sample_02793.jpg,-8.821894,5.803873
sample_02794.jpg,5.570702,-14.793364
sample_02795.jpg,6.6116123,-16.930475
sample_02796.jpg,-14.331319,55.9087
sample_02797.jpg,3.212336,-7.408944
sample_02798.jpg,35.970192,-25.07816
sample_02799.jpg,-10.643172,56.00193
sample_02800.jpg,-35.28632,2.2558339
sample_02801.jpg,11.621473,-4.6359916
sample_02802.jpg,38.043987,30.11128
sample_02803.jpg,11.21276,-2.2925487
sample_02804.jpg,33.273945,-26.64781
sample_02805.jpg,-13.698375,-21.930538
sample_02806.jpg,-3.22961,-11.918308
sample_02807.jpg,21.316786,-16.833525
sample_02808.jpg,-12.901179,-2.7905102
sample_02809.jpg,20.149113,5.485589
sample_02810.jpg,1.4622,-2.7281466
sample_02811.jpg,4.262218,-5.077138
sample_02812.jpg,41.200085,29.14223
sample_02813.jpg,-9.908784,-3.5105693
sample_02814.jpg,8.988383,7.763078
sample_02815.jpg,-19.012156,57.273098
sample_02816.jpg,2.0620415,-2.039272
sample_02817.jpg,13.29675,10.467865
sample_02818.jpg,-18.551016,14.411044
sample_02819.jpg,-35.71203,2.6267395
sample_02820.jpg,-1.1664195,12.456224
sample_02821.jpg,32.832672,32.62938
sample_02822.jpg,15.560101,-0.3950212
sample_02823.jpg,21.892752,-33.96424
sample_02824.jpg,-6.298505,18.483362
sample_02825.jpg,7.9217224,0.020742182
sample_02826.jpg,4.9584126,1.0723071
sample_02827.jpg,-4.703291,17.324232
sample_02828.jpg,-21.468542,11.390841
sample_02829.jpg,0.9098004,-3.1219285
sample_02830.jpg,24.628351,-28.388042
sample_02831.jpg,-27.997747,-7.9520893
sample_02832.jpg,-2.1957343,0.78339183
sample_02833.jpg,26.71858,-25.557419
sample_02834.jpg,-5.125122,22.582634
sample_02835.jpg,2.015442,-9.957486
sample_02836.jpg,-0.39666674,-1.9261975
sample_02837.jpg,29.123075,-24.601555
sample_02838.jpg,-28.67719,5.5161614
sample_02839.jpg,30.56265,33.39193
sample_02840.jpg,3.1079493,14.738524
sample_02841.jpg,14.172136,24.16281
sample_02842.jpg,-8.394755,14.620814
sample_02843.jpg,-8.254244,21.511034
sample_02844.jpg,-30.222107,-25.32727
sample_02845.jpg,23.199282,35.302372
sample_02846.jpg,35.74495,-19.409567
sample_02847.jpg,-4.530787,8.363228
sample_02848.jpg,17.858328,-15.408925
sample_02849.jpg,-1.8187091,-18.439594
sample_02850.jpg,8.692462,-9.225462
sample_02851.jpg,1.4082793,-9.853511
sample_02852.jpg,8.542056,-21.76857
sample_02853.jpg,15.972936,-28.867903
sample_02854.jpg,-31.489862,-26.19872
sample_02855.jpg,-9.224767,-0.9931718
sample_02856.jpg,7.1211424,4.2887454
sample_02857.jpg,2.3243403,-0.25028262
sample_02858.jpg,4.6258264,20.464968
sample_02859.jpg,-28.975447,-22.94336
sample_02860.jpg,-21.842346,18.699043
sample_02861.jpg,9.844558,-18.864838
sample_02862.jpg,29.460892,-8.949783
sample_02863.jpg,-19.557909,10.691867
sample_02864.jpg,9.862552,8.342275
sample_02865.jpg,-13.374878,7.515556
sample_02866.jpg,36.270252,-19.58808
sample_02867.jpg,11.352059,15.341942
sample_02868.jpg,13.299603,-6.20236
sample_02869.jpg,-12.622665,12.532547
sample_02870.jpg,19.371586,30.199537
sample_02871.jpg,16.86369,8.153451
sample_02872.jpg,19.519941,-5.838525
sample_02873.jpg,21.692467,31.501204
sample_02874.jpg,-3.951386,-1.212186
sample_02875.jpg,14.840254,-8.826965
sample_02876.jpg,20.015762,3.6815755
sample_02877.jpg,18.672585,-19.62758
sample_02878.jpg,-4.0985746,51.55885
sample_02879.jpg,-48.608437,-9.256964
sample_02880.jpg,-18.182686,15.921966
sample_02881.jpg,14.327608,-5.8131485
sample_02882.jpg,1.9407902,-15.285841
sample_02883.jpg,-5.213196,-11.23417
sample_02884.jpg,27.634932,-4.8025503
sample_02885.jpg,-2.7867742,50.547047
sample_02886.jpg,-1.7271752,-7.406368
sample_02887.jpg,-14.170452,-5.458638
sample_02888.jpg,3.6658494,5.7366505
sample_02889.jpg,-18.835901,14.569605
sample_02890.jpg,-5.868246,2.3931484
sample_02891.jpg,17.791752,29.688381
sample_02892.jpg,25.518822,-16.445152
sample_02893.jpg,7.142966,-6.785689
sample_02894.jpg,4.0520024,-13.814041
sample_02895.jpg,23.010769,-16.273872
sample_02896.jpg,1.2561035,-10.577262
sample_02897.jpg,-9.167403,-5.8349066
sample_02898.jpg,26.274778,2.193328
sample_02899.jpg,-17.784157,9.934299
sample_02900.jpg,26.741314,-20.01464
sample_02901.jpg,7.9459524,-29.80272
sample_02902.jpg,19.143005,-14.436576
sample_02903.jpg,9.313329,-11.849587
sample_02904.jpg,-25.384253,20.243382
sample_02905.jpg,17.384861,-19.704712
sample_02906.jpg,-37.30171,17.443478
sample_02907.jpg,12.748382,-19.506922
sample_02908.jpg,9.429017,-13.826411
sample_02909.jpg,2.0435708,-11.66267
sample_02910.jpg,-1.0909544,-1.4140189
sample_02911.jpg,-14.24581,56.242367
sample_02912.jpg,0.68606055,-15.813511
sample_02913.jpg,-33.29011,14.652589
sample_02914.jpg,29.046295,-4.470293
sample_02915.jpg,-23.147278,2.2683887
sample_02916.jpg,-26.70979,15.856756
sample_02917.jpg,12.018527,-13.127755
sample_02918.jpg,-2.1821675,-7.9783573
sample_02919.jpg,-10.417418,-27.713175
sample_02920.jpg,-13.582302,8.38196
sample_02921.jpg,-15.079637,21.66297
sample_02922.jpg,40.29194,29.746925
sample_02923.jpg,-34.640717,10.157047
sample_02924.jpg,-2.599792,10.0965395
sample_02925.jpg,-18.427593,12.490386
sample_02926.jpg,-11.65472,14.776146
sample_02927.jpg,-0.9724174,4.5837536
sample_02928.jpg,-27.217281,15.648066
sample_02929.jpg,-2.263899,-16.414623
sample_02930.jpg,12.6357565,-10.124086
sample_02931.jpg,-1.0836062,-8.378819
sample_02932.jpg,-11.104874,13.272085
sample_02933.jpg,15.690097,-28.794624
sample_02934.jpg,-14.789919,-29.72161
sample_02935.jpg,-12.864308,-23.599512
sample_02936.jpg,-22.609892,-4.239888
sample_02937.jpg,-15.495707,3.3538353
sample_02938.jpg,33.270638,-9.263092
sample_02939.jpg,19.968613,-19.660719
sample_02940.jpg,-21.107584,-4.377257
sample_02941.jpg,-31.353523,-26.841852
sample_02942.jpg,-32.227524,6.6186814
sample_02943.jpg,-52.728844,-8.391134
sample_02944.jpg,22.635332,31.390408
sample_02945.jpg,29.05783,-25.976423
sample_02946.jpg,27.64099,32.345535
sample_02947.jpg,-27.107311,3.863671
sample_02948.jpg,-6.6677947,8.840144
sample_02949.jpg,9.982874,-13.119057
sample_02950.jpg,12.381371,-21.487585
sample_02951.jpg,-9.217141,55.269012
sample_02952.jpg,-31.886572,-27.921976
sample_02953.jpg,-31.440542,2.0978603
sample_02954.jpg,13.457435,25.563656
sample_02955.jpg,10.79874,-13.484684
sample_02956.jpg,19.347267,-29.962618
sample_02957.jpg,-23.67651,9.948122
sample_02958.jpg,-27.964556,24.577028
sample_02959.jpg,9.1846,-23.805546
sample_02960.jpg,9.664579,5.0189123
sample_02961.jpg,37.775818,-14.681194
sample_02962.jpg,42.338352,27.821198
sample_02963.jpg,-46.710865,-9.516201
sample_02964.jpg,28.622305,-36.309475
sample_02965.jpg,22.23381,-26.083628
sample_02966.jpg,-27.135218,11.397629
sample_02967.jpg,-16.415377,6.1582165
sample_02968.jpg,-34.628235,-29.190187
sample_02969.jpg,26.627853,-6.909096
sample_02970.jpg,-51.60412,-8.940777
sample_02971.jpg,-0.48300081,-3.6974125
sample_02972.jpg,11.18922,1.8960204
sample_02973.jpg,-10.096271,-27.996756
sample_02974.jpg,-10.815744,55.285393
sample_02975.jpg,-6.0964684,-25.73611
sample_02976.jpg,0.61386395,-0.5266458
sample_02977.jpg,19.569723,-16.870829
sample_02978.jpg,26.618233,33.363277
sample_02979.jpg,34.3535,-17.956495
sample_02980.jpg,-3.8828924,-9.096895
sample_02981.jpg,5.4578075,-2.50897
sample_02982.jpg,-2.3276744,12.980029
sample_02983.jpg,-34.499905,-31.93935
sample_02984.jpg,23.832819,-22.207268
sample_02985.jpg,-11.450682,-26.950333
sample_02986.jpg,12.634175,-22.281515
sample_02987.jpg,-0.3385254,17.143715
sample_02988.jpg,4.9553246,5.5914273
sample_02989.jpg,-23.775883,3.251688
sample_02990.jpg,3.4505618,-2.9082634
sample_02991.jpg,11.292038,5.380633
sample_02992.jpg,-20.19124,7.742487
sample_02993.jpg,-22.732971,-10.773601
sample_02994.jpg,-3.545503,5.431991
sample_02995.jpg,10.079852,-13.284676
sample_02996.jpg,10.982056,-4.3194685
sample_02997.jpg,24.476748,-27.480167
sample_02998.jpg,-33.67902,6.147556
sample_02999.jpg,-2.8000817,50.824802
sample_03000.jpg,10.414818,-6.6566544
sample_03001.jpg,24.945368,-16.861631
sample_03002.jpg,-14.769818,55.86036
sample_03003.jpg,-22.771685,16.06786
sample_03004.jpg,-25.708683,15.6431
sample_03005.jpg,-16.110867,8.092439
sample_03006.jpg,-17.060379,-4.5009775
sample_03007.jpg,-4.290088,-12.542447
sample_03008.jpg,21.853918,-25.252861
sample_03009.jpg,-18.384085,6.437386
sample_03010.jpg,22.603634,-27.734735
sample_03011.jpg,-35.471645,11.124309
sample_03012.jpg,-13.279479,55.06916
sample_03013.jpg,37.083572,-21.828709
sample_03014.jpg,-33.42439,3.2120326
sample_03015.jpg,-14.578853,15.366581
sample_03016.jpg,0.46001226,0.96573853
sample_03017.jpg,11.652479,-14.043007
sample_03018.jpg,-5.805205,7.2267346
sample_03019.jpg,-7.714445,-23.232395
sample_03020.jpg,26.971552,-31.58959
sample_03021.jpg,-22.191353,14.209462
sample_03022.jpg,-11.843668,1.5731975
sample_03023.jpg,-34.190742,-28.109259
sample_03024.jpg,10.006936,-11.6289625
sample_03025.jpg,-1.7707329,-16.7342
sample_03026.jpg,-7.7252283,-9.506608
sample_03027.jpg,-5.912804,-19.472363
sample_03028.jpg,-2.7145367,11.5955715
sample_03029.jpg,11.055897,-14.149492
sample_03030.jpg,21.882582,31.437199
sample_03031.jpg,15.2886505,1.7622072
sample_03032.jpg,12.488067,-0.050756037
sample_03033.jpg,-20.994934,12.309247
sample_03034.jpg,-3.1021342,-5.0103374
sample_03035.jpg,11.687956,24.975359
sample_03036.jpg,-17.475113,23.482615
sample_03037.jpg,-9.673682,-1.7240348
sample_03038.jpg,-30.590744,-25.575508
sample_03039.jpg,-6.265762,-19.184776
sample_03040.jpg,16.395008,-12.62208
sample_03041.jpg,2.0718794,1.7985135
sample_03042.jpg,-35.15735,-32.69246
sample_03043.jpg,-13.949854,4.9166636
sample_03044.jpg,-26.921154,23.737719
sample_03045.jpg,-15.787671,-5.959819
sample_03046.jpg,-9.691014,-10.051025
sample_03047.jpg,-21.239578,3.7662632
sample_03048.jpg,-35.87209,14.4629545
sample_03049.jpg,15.388819,-26.200275
sample_03050.jpg,-14.615838,7.970805
sample_03051.jpg,3.1679795,40.02053
sample_03052.jpg,13.110571,24.467833
sample_03053.jpg,-23.720726,2.1745036
sample_03054.jpg,29.873636,-4.1416516
sample_03055.jpg,-2.6844277,6.788073
sample_03056.jpg,-21.949535,8.953021
sample_03057.jpg,37.552494,-21.274696
sample_03058.jpg,-45.01459,-10.099173
sample_03059.jpg,-37.011005,15.939678
sample_03060.jpg,-29.641497,19.498842
sample_03061.jpg,-9.750677,6.1625967
sample_03062.jpg,-19.194096,17.402807
sample_03063.jpg,-18.945435,5.1255183
sample_03064.jpg,-2.8581367,1.2817823
sample_03065.jpg,35.20641,31.167393
sample_03066.jpg,17.875647,-5.8151965
sample_03067.jpg,3.324287,17.13378
sample_03068.jpg,21.780487,0.0875862
sample_03069.jpg,17.21357,3.9889984
sample_03070.jpg,22.670454,-14.073387
sample_03071.jpg,12.665781,-16.719019
sample_03072.jpg,-3.4363263,-5.0348864
sample_03073.jpg,-19.43959,13.599521
sample_03074.jpg,25.436289,4.686764
sample_03075.jpg,-11.149394,-3.0169597
sample_03076.jpg,9.9910145,-33.843014
sample_03077.jpg,15.928379,2.1138155
sample_03078.jpg,14.106025,25.454006
sample_03079.jpg,-5.613595,53.964115
sample_03080.jpg,22.15928,-34.266827
sample_03081.jpg,3.9488494,-8.874734
sample_03082.jpg,20.606066,-5.9747744
sample_03083.jpg,-17.624985,19.106384
sample_03084.jpg,-16.317648,-2.109669
sample_03085.jpg,14.286655,-14.8491335
sample_03086.jpg,-31.00801,14.2369375
sample_03087.jpg,-20.166426,-12.514474
sample_03088.jpg,2.9589815,6.6827393
sample_03089.jpg,-4.6930027,-8.231487
sample_03090.jpg,45.451385,26.21391
sample_03091.jpg,-21.781553,-15.27663
sample_03092.jpg,10.696346,0.5479606
sample_03093.jpg,0.3977289,-7.644053
sample_03094.jpg,26.281622,-17.96904
sample_03095.jpg,39.200424,-14.890313
sample_03096.jpg,0.5294289,1.7505234
sample_03097.jpg,-25.80764,14.015562
sample_03098.jpg,18.077703,-18.256914
sample_03099.jpg,6.63029,3.1285937
sample_03100.jpg,-10.722486,19.359692
sample_03101.jpg,1.4852556,17.377298
sample_03102.jpg,7.299433,-20.364693
sample_03103.jpg,-19.50452,15.967639
sample_03104.jpg,-27.769875,20.295763
sample_03105.jpg,31.513498,-5.996196
sample_03106.jpg,-35.880283,-32.954433
sample_03107.jpg,23.64662,-19.798212
sample_03108.jpg,-20.980568,11.54714
sample_03109.jpg,15.08306,27.257528
sample_03110.jpg,-23.93697,11.675141
sample_03111.jpg,25.134779,32.38692
sample_03112.jpg,-45.97635,-9.911455
sample_03113.jpg,29.681139,-19.855938
sample_03114.jpg,9.536975,-12.768969
sample_03115.jpg,18.591516,-6.766045
sample_03116.jpg,-26.445126,23.892633
sample_03117.jpg,-8.135388,12.641719
sample_03118.jpg,-30.38937,16.60633
sample_03119.jpg,16.05475,-16.470592
sample_03120.jpg,20.620546,-32.002872
sample_03121.jpg,23.882639,-16.801619
sample_03122.jpg,19.266218,2.5855057
sample_03123.jpg,-29.538073,6.944408
sample_03124.jpg,-9.235778,0.7974668
sample_03125.jpg,-4.2827053,52.734333
sample_03126.jpg,-28.75364,14.274067
sample_03127.jpg,26.790243,32.211212
sample_03128.jpg,-0.5935214,-8.834284
sample_03129.jpg,-7.8320155,5.9608946
sample_03130.jpg,15.100081,3.785995
sample_03131.jpg,31.317389,-14.334534
sample_03132.jpg,-19.56607,-11.652108
sample_03133.jpg,-25.605988,16.19284
sample_03134.jpg,-6.523247,-2.582392
sample_03135.jpg,-32.181503,16.528856
sample_03136.jpg,31.59854,31.141243
sample_03137.jpg,20.0321,32.047848
sample_03138.jpg,-28.238747,21.742012
sample_03139.jpg,-18.079391,-11.955137
sample_03140.jpg,11.498505,-14.137504
sample_03141.jpg,21.476768,0.38768905
sample_03142.jpg,9.915619,-8.028808
sample_03143.jpg,-14.77565,13.945566
sample_03144.jpg,6.623466,-16.181715
sample_03145.jpg,-18.454802,7.4650946
sample_03146.jpg,-45.940483,-9.654727
sample_03147.jpg,30.544374,-31.008286
sample_03148.jpg,-13.157856,6.6388307
sample_03149.jpg,1.5570133,-8.275074
sample_03150.jpg,-22.599655,15.815727
sample_03151.jpg,-34.543957,1.7572857
sample_03152.jpg,2.8935146,-8.58841
sample_03153.jpg,-27.096298,7.9793425
sample_03154.jpg,-15.650659,11.203991
sample_03155.jpg,8.918401,-10.681961
sample_03156.jpg,-16.972294,14.042049
sample_03157.jpg,-0.97560126,50.098434
sample_03158.jpg,-31.426126,-5.597087
sample_03159.jpg,13.125186,25.289328
sample_03160.jpg,-7.8443766,-20.0667
sample_03161.jpg,-4.108186,20.15498
sample_03162.jpg,-33.27362,15.338764
sample_03163.jpg,-6.227188,-1.3807234
sample_03164.jpg,-29.787382,6.0858207
sample_03165.jpg,23.801172,-16.948784
sample_03166.jpg,-12.861972,-30.604994
sample_03167.jpg,19.07742,29.917112
sample_03168.jpg,23.822666,3.147695
sample_03169.jpg,19.988195,0.96394956
sample_03170.jpg,22.356731,-9.349189
sample_03171.jpg,-25.693077,2.7730923
sample_03172.jpg,13.909493,-24.086962
sample_03173.jpg,35.029537,-24.71581
sample_03174.jpg,-50.066113,-8.962493
sample_03175.jpg,-21.148863,-12.987285
sample_03176.jpg,3.2985384,-8.529641
sample_03177.jpg,30.14874,32.42155
sample_03178.jpg,-51.21561,-8.927144
sample_03179.jpg,1.6983491,3.880134
sample_03180.jpg,20.139717,5.436758
sample_03181.jpg,-2.8674014,-13.621824
sample_03182.jpg,-6.9255066,-13.569998
sample_03183.jpg,29.804802,-24.92367
sample_03184.jpg,-25.36646,23.477665
sample_03185.jpg,-26.298111,10.381619
sample_03186.jpg,-18.56773,-3.942225
sample_03187.jpg,17.1294,1.2161282
sample_03188.jpg,12.928976,-25.69743
sample_03189.jpg,31.220854,-30.729836
sample_03190.jpg,-14.25727,20.520508
sample_03191.jpg,-10.07691,-6.57332
sample_03192.jpg,-13.5721445,-2.911895
sample_03193.jpg,-34.067596,-30.95412
sample_03194.jpg,30.970068,-15.832849
sample_03195.jpg,-34.09808,15.247343
sample_03196.jpg,9.163264,-15.837888
sample_03197.jpg,0.10702138,-5.716624
sample_03198.jpg,25.896143,-21.023134
sample_03199.jpg,7.605468,-13.506631
sample_03200.jpg,15.041947,27.297575
sample_03201.jpg,-12.97198,-11.180185
sample_03202.jpg,-10.017839,54.78119
sample_03203.jpg,-13.378787,-0.30605644
sample_03204.jpg,17.77181,-0.054346513
sample_03205.jpg,-5.915193,0.83672845
sample_03206.jpg,-14.960954,56.989117
sample_03207.jpg,6.208572,-4.207254
sample_03208.jpg,1.2357404,2.1712515
sample_03209.jpg,0.16057453,8.541723
sample_03210.jpg,-12.563491,5.5331016
sample_03211.jpg,15.586563,3.1732557
sample_03212.jpg,-14.748718,15.965616
sample_03213.jpg,12.897401,24.712755
sample_03214.jpg,7.21159,-1.302319
sample_03215.jpg,21.480991,-15.669044
sample_03216.jpg,-20.195444,18.892454
sample_03217.jpg,16.380844,-3.7866316
sample_03218.jpg,1.5232973,44.350216
sample_03219.jpg,-13.21879,-21.40038
sample_03220.jpg,-9.792158,1.5437375
sample_03221.jpg,-21.819166,21.26371
sample_03222.jpg,31.368336,-3.100281
sample_03223.jpg,8.099911,-11.002804
sample_03224.jpg,-7.353696,-6.299551
sample_03225.jpg,2.29415,-36.278004
sample_03226.jpg,-30.88786,-26.14081
sample_03227.jpg,23.443779,-15.409766
sample_03228.jpg,-21.628923,17.525026
sample_03229.jpg,-10.31201,10.342802
sample_03230.jpg,30.828318,-5.217243
sample_03231.jpg,24.138418,32.619358
sample_03232.jpg,11.897302,-11.50498
sample_03233.jpg,2.5097694,-32.79063
sample_03234.jpg,-16.541813,13.321591
sample_03235.jpg,-0.47799334,-4.830357
sample_03236.jpg,-14.292711,56.24698
sample_03237.jpg,21.120304,-25.235317
sample_03238.jpg,8.474681,-15.431966
sample_03239.jpg,-0.95237803,11.765502
sample_03240.jpg,-14.942498,-21.775948
sample_03241.jpg,14.33444,-9.1948805
sample_03242.jpg,-23.41873,13.861859
sample_03243.jpg,6.172745,12.868005
sample_03244.jpg,6.5306153,-9.358504
sample_03245.jpg,20.216408,-3.101653
sample_03246.jpg,-4.453471,-8.037965
sample_03247.jpg,-12.136553,-28.35241
sample_03248.jpg,-35.450058,-33.080093
sample_03249.jpg,-1.5521408,-6.39816
sample_03250.jpg,-2.7017481,-1.1680284
sample_03251.jpg,-4.414979,11.472013
sample_03252.jpg,26.38943,-5.0521374
sample_03253.jpg,-16.31161,8.996598
sample_03254.jpg,32.642345,-20.767288
sample_03255.jpg,-32.478233,11.334101
sample_03256.jpg,-32.354603,17.65043
sample_03257.jpg,16.968157,-16.772467
sample_03258.jpg,9.637848,21.160137
sample_03259.jpg,-0.7255145,0.056267593
sample_03260.jpg,6.9845285,10.845357
sample_03261.jpg,-6.4312425,11.579895
sample_03262.jpg,17.422272,-23.48289
sample_03263.jpg,31.118122,-9.906144
sample_03264.jpg,35.52481,32.746826
sample_03265.jpg,34.80481,-15.844472
sample_03266.jpg,-12.982324,9.230457
sample_03267.jpg,22.691809,-7.699437
sample_03268.jpg,39.959915,31.485806
sample_03269.jpg,-6.63771,-11.617668
sample_03270.jpg,-26.658028,15.178764
sample_03271.jpg,-25.538136,4.1482
sample_03272.jpg,16.162348,-15.553513
sample_03273.jpg,-8.97221,-0.2193026
sample_03274.jpg,-33.275764,2.654738
sample_03275.jpg,-24.672537,17.292942
sample_03276.jpg,-19.21865,22.321411
sample_03277.jpg,20.686817,-29.72175
sample_03278.jpg,-11.627331,-20.745853
sample_03279.jpg,-12.692346,-5.94219
sample_03280.jpg,-2.3515778,-3.4749284
sample_03281.jpg,-1.4895537,-11.686845
sample_03282.jpg,7.8473387,-11.999407
sample_03283.jpg,26.728321,-14.022438
sample_03284.jpg,-18.537962,5.8769403
sample_03285.jpg,9.324567,9.973326
sample_03286.jpg,17.425955,-24.168316
sample_03287.jpg,29.055555,-25.735933
sample_03288.jpg,-9.2259655,19.943275
sample_03289.jpg,12.422904,-14.635343
sample_03290.jpg,-2.6701338,-20.604383
sample_03291.jpg,15.582449,4.351089
sample_03292.jpg,25.436457,3.309471
sample_03293.jpg,-20.432196,9.024004
sample_03294.jpg,4.411169,-19.608885
sample_03295.jpg,5.6475253,-4.0458035
sample_03296.jpg,-34.365147,15.260209
sample_03297.jpg,29.33409,32.63939
sample_03298.jpg,7.5287557,-15.769915
sample_03299.jpg,25.748678,2.5531182
sample_03300.jpg,-2.0046663,6.2127476
sample_03301.jpg,-27.334423,7.2046766
sample_03302.jpg,15.364934,7.5922594
sample_03303.jpg,20.739681,-33.554737
sample_03304.jpg,22.388084,-20.760176
sample_03305.jpg,4.769295,-1.702164
sample_03306.jpg,-34.77239,17.54179
sample_03307.jpg,27.191513,-24.628706
sample_03308.jpg,-25.601141,13.620385
sample_03309.jpg,-3.4002204,9.739713
sample_03310.jpg,-5.815364,-27.082058
sample_03311.jpg,-37.968662,15.921635
sample_03312.jpg,-1.117339,12.183417
sample_03313.jpg,25.713715,2.5841584
sample_03314.jpg,-10.200052,-2.4863591
sample_03315.jpg,35.91382,-25.135891
sample_03316.jpg,10.160606,-24.567814
sample_03317.jpg,-9.141686,-17.855251
sample_03318.jpg,30.90243,-10.158928
sample_03319.jpg,36.27695,31.316502
sample_03320.jpg,29.397179,-14.597993
sample_03321.jpg,22.778946,-10.821324
sample_03322.jpg,-11.423634,18.080114
sample_03323.jpg,13.527222,-26.901564
sample_03324.jpg,43.056087,28.71701
sample_03325.jpg,-10.855718,19.019938
sample_03326.jpg,6.6197643,-10.848728
sample_03327.jpg,46.233078,25.401068
sample_03328.jpg,-32.77329,4.6073246
sample_03329.jpg,12.594019,-12.515982
sample_03330.jpg,4.132715,-16.53572
sample_03331.jpg,31.862173,-29.892847
sample_03332.jpg,-11.388715,0.37383035
sample_03333.jpg,44.471058,26.43998
sample_03334.jpg,-32.732132,2.3288002
sample_03335.jpg,8.789823,-1.7347946
sample_03336.jpg,-4.398466,-21.0108
sample_03337.jpg,4.872676,-6.8536425
sample_03338.jpg,6.698877,-11.377779
sample_03339.jpg,9.249575,-12.266477
sample_03340.jpg,29.863785,-3.7983708
sample_03341.jpg,-0.7003056,0.3271781
sample_03342.jpg,-45.66959,-9.719786
sample_03343.jpg,1.8301026,-4.1343775
sample_03344.jpg,-45.686512,-8.798536
sample_03345.jpg,-16.075737,57.820843
sample_03346.jpg,-11.787424,-22.914604
sample_03347.jpg,-23.70487,-1.40754
sample_03348.jpg,-11.713107,-18.628082
sample_03349.jpg,-2.0537183,-17.651184
sample_03350.jpg,23.251629,-28.223818
sample_03351.jpg,6.1676593,-6.8093343
sample_03352.jpg,1.6629851,-3.85176
sample_03353.jpg,19.86646,-28.563534
sample_03354.jpg,19.866238,-33.753193
sample_03355.jpg,-30.660347,6.2993474
sample_03356.jpg,-8.77935,17.92607
sample_03357.jpg,37.194927,-17.81205
sample_03358.jpg,28.54756,-14.5105095
sample_03359.jpg,36.497063,-20.697569
sample_03360.jpg,-14.846974,-28.00225
sample_03361.jpg,1.9527326,1.8715428
sample_03362.jpg,25.09133,-16.697403
sample_03363.jpg,17.390408,4.780466
sample_03364.jpg,-21.000412,6.4739904
sample_03365.jpg,22.272724,-21.126093
sample_03366.jpg,19.91183,30.886477
sample_03367.jpg,12.680038,-5.246636
sample_03368.jpg,-21.888939,9.289959
sample_03369.jpg,-1.961003,-6.8847227
sample_03370.jpg,-10.985247,9.611759
sample_03371.jpg,15.924703,29.01579
sample_03372.jpg,26.984434,-17.85206
sample_03373.jpg,-23.362991,22.554825
sample_03374.jpg,-16.408049,1.1602627
sample_03375.jpg,5.729227,9.234284
sample_03376.jpg,-3.6455677,-19.288445
sample_03377.jpg,26.688282,-20.177153
sample_03378.jpg,-15.204274,0.24097566
sample_03379.jpg,-27.402775,11.432379
sample_03380.jpg,-20.385553,19.203606
sample_03381.jpg,-26.919724,21.779297
sample_03382.jpg,-17.73175,15.785468
sample_03383.jpg,-32.092274,15.654893
sample_03384.jpg,8.204299,-1.7592255
sample_03385.jpg,9.511624,-10.065755
sample_03386.jpg,-50.58874,-8.431716
sample_03387.jpg,17.662971,-6.9858766
sample_03388.jpg,-9.39322,9.5910425
sample_03389.jpg,-8.254696,-23.613794
sample_03390.jpg,21.487572,-14.136714
sample_03391.jpg,-8.947008,55.354023
sample_03392.jpg,-16.584333,6.173601
sample_03393.jpg,12.653448,4.5400414
sample_03394.jpg,31.640913,-17.192717
sample_03395.jpg,21.70162,-16.136314
sample_03396.jpg,-23.433292,-3.9315488
sample_03397.jpg,-9.28015,54.77618
sample_03398.jpg,-30.644888,-25.687786
sample_03399.jpg,13.274821,-21.271336
sample_03400.jpg,-23.162975,14.051771
sample_03401.jpg,15.13674,-4.8817663
sample_03402.jpg,41.132042,28.166525
sample_03403.jpg,28.34682,-12.654613
sample_03404.jpg,-28.432953,19.484972
sample_03405.jpg,3.2040024,-6.699371
sample_03406.jpg,4.843174,4.5483503
sample_03407.jpg,-27.403706,15.590595
sample_03408.jpg,-4.492086,-16.056475
sample_03409.jpg,18.180397,-21.089737
sample_03410.jpg,-31.567272,5.8527565
sample_03411.jpg,17.377958,-12.969401
sample_03412.jpg,-16.39814,58.009853
sample_03413.jpg,2.907618,39.873898
sample_03414.jpg,-4.3264503,7.112881
sample_03415.jpg,31.051151,33.94201
sample_03416.jpg,-19.874237,8.041056
sample_03417.jpg,2.854508,45.114784
sample_03418.jpg,28.363829,-19.54408
sample_03419.jpg,16.823383,-16.431969
sample_03420.jpg,30.168234,-27.99219
sample_03421.jpg,13.983581,-24.23114
sample_03422.jpg,-28.249418,2.5709841
sample_03423.jpg,18.569164,-26.385475
sample_03424.jpg,24.025255,32.347446
sample_03425.jpg,31.927155,31.035433
sample_03426.jpg,-12.9373865,10.211471
sample_03427.jpg,1.6447194,19.593866
sample_03428.jpg,-5.758312,52.54888
sample_03429.jpg,18.262915,0.6744275
sample_03430.jpg,2.0547495,-3.4800067
sample_03431.jpg,-17.319262,9.879362
sample_03432.jpg,-15.139832,-3.6292531
sample_03433.jpg,26.923014,-11.311846
sample_03434.jpg,32.518818,31.024431
sample_03435.jpg,-29.349535,8.984728
sample_03436.jpg,-30.703873,15.456401
sample_03437.jpg,1.7842276,9.520867
sample_03438.jpg,6.0593023,-31.898535
sample_03439.jpg,-0.5697101,-18.19019
sample_03440.jpg,-12.724356,-21.153
sample_03441.jpg,-9.321639,54.21442
sample_03442.jpg,2.3796494,45.52936
sample_03443.jpg,25.721304,-0.33613458
sample_03444.jpg,0.6767964,-2.6574965
sample_03445.jpg,-13.258704,20.032442
sample_03446.jpg,30.737123,32.2611
sample_03447.jpg,45.8776,25.858076
sample_03448.jpg,23.329344,-13.541765
sample_03449.jpg,-9.105097,-20.343842
sample_03450.jpg,25.555367,-23.193789
sample_03451.jpg,-1.6196809,-9.360999
sample_03452.jpg,-15.476317,-1.5707158
sample_03453.jpg,12.801384,0.95363295
sample_03454.jpg,-1.3134825,0.17307188
sample_03455.jpg,41.2233,29.408876
sample_03456.jpg,-5.451325,-1.5831056
sample_03457.jpg,19.595417,3.2506938
sample_03458.jpg,12.850333,13.5521755
sample_03459.jpg,-5.762181,52.41176
sample_03460.jpg,24.137444,-20.885984
sample_03461.jpg,-12.535336,-6.509481
sample_03462.jpg,19.714443,-19.9208
sample_03463.jpg,-24.180164,11.401777
sample_03464.jpg,-1.1160569,49.57465
sample_03465.jpg,-24.123724,7.5023475
sample_03466.jpg,-13.79139,16.197104
sample_03467.jpg,0.75870633,-2.8802738
sample_03468.jpg,-25.462727,14.590966
sample_03469.jpg,-28.544363,8.34373
sample_03470.jpg,2.0211291,44.28241
sample_03471.jpg,-49.707573,-9.373179
sample_03472.jpg,34.408524,-22.424856
sample_03473.jpg,27.644737,-16.69129
sample_03474.jpg,-20.73959,-7.413159
sample_03475.jpg,-43.650253,-9.969406
sample_03476.jpg,10.451092,-6.6956058
sample_03477.jpg,-12.090574,-9.382422
sample_03478.jpg,4.016316,-7.341619
sample_03479.jpg,-22.17745,15.379736
sample_03480.jpg,2.7696037,22.996462
sample_03481.jpg,17.708965,10.481428
sample_03482.jpg,-13.850689,15.62269
sample_03483.jpg,8.77671,-9.158543
sample_03484.jpg,29.978107,-19.465906
sample_03485.jpg,-3.3374398,-17.457552
sample_03486.jpg,-2.922315,-2.1004786
sample_03487.jpg,17.82182,-17.33237
sample_03488.jpg,-40.33289,-11.527832
sample_03489.jpg,8.379618,2.7943785
sample_03490.jpg,15.318687,-0.81013334
sample_03491.jpg,10.16471,-13.54216
sample_03492.jpg,42.477196,28.715614
sample_03493.jpg,-20.64565,5.0945387
sample_03494.jpg,22.858898,-25.778746
sample_03495.jpg,-15.16935,4.499076
sample_03496.jpg,-36.50318,15.493521
sample_03497.jpg,-3.9209175,-1.334957
sample_03498.jpg,-3.584539,-1.3091407
sample_03499.jpg,10.665842,-3.9668546
sample_03500.jpg,-2.899811,51.815723
sample_03501.jpg,1.0191598,11.470351
sample_03502.jpg,-17.151897,12.398774
sample_03503.jpg,16.924917,-15.96949
sample_03504.jpg,-8.969274,54.4917
sample_03505.jpg,21.62173,-33.05878
sample_03506.jpg,-9.454326,53.259125
sample_03507.jpg,44.954834,26.895943
sample_03508.jpg,-6.5490685,3.8252106
sample_03509.jpg,18.279531,-21.899715
sample_03510.jpg,-27.303501,12.912094
sample_03511.jpg,8.169376,-5.903164
sample_03512.jpg,13.969008,-19.70438
sample_03513.jpg,-13.392365,-13.011949
sample_03514.jpg,-2.5842097,6.813992
sample_03515.jpg,2.4198582,45.857838
sample_03516.jpg,-17.677744,7.539854
sample_03517.jpg,-34.215572,14.790957
sample_03518.jpg,-14.946726,21.790737
sample_03519.jpg,7.745514,6.2928715
sample_03520.jpg,-7.470041,-0.9141254
sample_03521.jpg,-18.336668,16.412603
sample_03522.jpg,37.542645,-8.215005
sample_03523.jpg,23.905025,-5.7040315
sample_03524.jpg,-1.5522504,49.72005
sample_03525.jpg,20.167274,29.942076
sample_03526.jpg,-5.3489747,-8.823022
sample_03527.jpg,3.2267487,39.25712
sample_03528.jpg,-32.255604,-24.4649
sample_03529.jpg,2.2285717,37.24138
sample_03530.jpg,-13.044736,10.98449
sample_03531.jpg,-16.442314,6.2018676
sample_03532.jpg,10.885765,-6.532738
sample_03533.jpg,-17.641018,11.425844
sample_03534.jpg,-14.314656,7.2873845
sample_03535.jpg,-21.164072,19.507124
sample_03536.jpg,30.759495,-3.0975225
sample_03537.jpg,-6.214257,-17.529331
sample_03538.jpg,-28.051365,6.358759
sample_03539.jpg,-5.212624,10.009253
sample_03540.jpg,20.595448,4.5820374
sample_03541.jpg,-14.997707,-12.072551
sample_03542.jpg,-13.0903635,-8.097287
sample_03543.jpg,-28.003973,9.984591
sample_03544.jpg,15.75198,-11.233417
sample_03545.jpg,-1.2799054,-4.3607
sample_03546.jpg,-23.178339,18.439285
sample_03547.jpg,29.574713,32.556816
sample_03548.jpg,-45.583027,-9.434725
sample_03549.jpg,5.8331037,9.695886
sample_03550.jpg,11.5128355,-2.5283537
sample_03551.jpg,4.5243464,6.668655
sample_03552.jpg,12.910415,-22.84233
sample_03553.jpg,-16.207716,6.262467
sample_03554.jpg,24.017715,-16.601465
sample_03555.jpg,-2.5855927,3.8837357
sample_03556.jpg,-33.827072,-30.537445
sample_03557.jpg,-32.847054,15.90043
sample_03558.jpg,-30.692415,-26.043392
sample_03559.jpg,-5.381676,8.503786
sample_03560.jpg,30.430689,-14.715366
sample_03561.jpg,-46.565857,-7.262475
sample_03562.jpg,15.088469,-18.307924
sample_03563.jpg,12.318576,-27.077152
sample_03564.jpg,-8.182985,-26.190012
sample_03565.jpg,-10.857115,17.640368
sample_03566.jpg,9.806632,-19.012896
sample_03567.jpg,-32.493984,-0.7685785
sample_03568.jpg,9.098905,-12.828186
sample_03569.jpg,-10.714544,-20.565783
sample_03570.jpg,-17.943453,21.058144
sample_03571.jpg,10.114587,0.9438064
sample_03572.jpg,-11.347153,-15.531104
sample_03573.jpg,13.139064,-29.879068
sample_03574.jpg,33.20398,-11.080233
sample_03575.jpg,5.8065763,-17.535522
sample_03576.jpg,3.8135293,-25.361343
sample_03577.jpg,-17.94509,0.7479405
sample_03578.jpg,-4.769075,17.326174
sample_03579.jpg,-38.07464,11.2788315
sample_03580.jpg,-3.8916223,-8.952264
sample_03581.jpg,-19.645027,11.61123
sample_03582.jpg,30.303371,-22.604015
sample_03583.jpg,-36.982437,16.675642
sample_03584.jpg,-6.758051,-27.07246
sample_03585.jpg,-30.883366,-0.5195197
sample_03586.jpg,-25.092371,8.869712
sample_03587.jpg,39.297935,30.307129
sample_03588.jpg,-33.472725,7.8060083
sample_03589.jpg,13.129525,-5.174127
sample_03590.jpg,36.56757,30.798979
sample_03591.jpg,6.200898,21.614174
sample_03592.jpg,-45.532047,-9.661792
sample_03593.jpg,-18.169579,15.707327
sample_03594.jpg,33.133698,32.086597
sample_03595.jpg,11.5095625,-9.104591
sample_03596.jpg,-14.644658,56.104485
sample_03597.jpg,7.5981607,-15.718911
sample_03598.jpg,33.570515,5.6396146
sample_03599.jpg,41.419666,29.052732
sample_03600.jpg,32.297718,-11.971587
sample_03601.jpg,20.128288,-11.621855
sample_03602.jpg,5.7924,-11.655874
sample_03603.jpg,-5.7218547,18.583405
sample_03604.jpg,-20.46627,21.462934
sample_03605.jpg,6.628906,1.8715279
sample_03606.jpg,4.2000737,-22.579021
sample_03607.jpg,-30.993826,-5.488359
sample_03608.jpg,23.30547,35.172577
sample_03609.jpg,18.067957,-8.397072
sample_03610.jpg,1.4972887,-1.5879503
sample_03611.jpg,-22.111578,6.9001102
sample_03612.jpg,7.7938256,-10.1506
sample_03613.jpg,25.041653,3.8783457
sample_03614.jpg,8.232259,4.7397065
sample_03615.jpg,-2.5595083,50.668873
sample_03616.jpg,23.042019,-9.688579
sample_03617.jpg,5.1301312,5.369119
sample_03618.jpg,12.784241,-10.941599
sample_03619.jpg,-9.531425,-9.072619
sample_03620.jpg,-5.7061496,9.369651
sample_03621.jpg,-35.083916,6.9477544
sample_03622.jpg,14.907726,2.4064145
sample_03623.jpg,-12.848316,5.300639
sample_03624.jpg,2.131543,5.8757763
sample_03625.jpg,7.250034,-3.7490466
sample_03626.jpg,-31.418169,15.630018
sample_03627.jpg,0.4787236,-10.376843
sample_03628.jpg,-4.0375595,-5.7920594
sample_03629.jpg,-25.883024,13.110231
sample_03630.jpg,17.299149,-28.602404
sample_03631.jpg,32.820908,-17.823881
sample_03632.jpg,0.31476152,10.461925
sample_03633.jpg,-17.377872,13.549361
sample_03634.jpg,-22.18184,3.4383914
sample_03635.jpg,17.944534,1.258784
sample_03636.jpg,-16.75345,-3.1516135
sample_03637.jpg,-33.49893,-29.581562
sample_03638.jpg,13.212752,-16.760805
sample_03639.jpg,1.6513821,-7.9132137
sample_03640.jpg,-8.656705,16.203026
sample_03641.jpg,-11.808063,-20.601423
sample_03642.jpg,5.8328056,-5.8261166
sample_03643.jpg,-13.436648,56.339466
sample_03644.jpg,14.0705185,-27.718689
sample_03645.jpg,12.490351,6.4112062
sample_03646.jpg,25.0366,32.609554
sample_03647.jpg,18.595604,-0.4770757
sample_03648.jpg,-14.336888,-25.902582
sample_03649.jpg,-12.530374,55.83544
sample_03650.jpg,-30.86937,14.898343
sample_03651.jpg,30.610466,-29.624636
sample_03652.jpg,-4.9318457,53.802116
sample_03653.jpg,19.138224,30.247362
sample_03654.jpg,1.6019293,-13.479433
sample_03655.jpg,-7.812795,9.562288
sample_03656.jpg,0.22845651,-9.511827
sample_03657.jpg,4.7554584,2.154533
sample_03658.jpg,-11.35631,-1.5345614
sample_03659.jpg,-34.47137,-30.929516
sample_03660.jpg,3.4535587,-27.377602
sample_03661.jpg,7.3622947,-4.6408753
sample_03662.jpg,-8.603879,-19.405191
sample_03663.jpg,18.768911,-11.669703
sample_03664.jpg,24.192812,32.227787
sample_03665.jpg,-18.4782,1.9226806
sample_03666.jpg,11.0148945,-23.539457
sample_03667.jpg,-15.239775,4.0773363
sample_03668.jpg,23.314007,-5.4895062
sample_03669.jpg,28.330761,32.645607
sample_03670.jpg,-7.989163,1.629031
sample_03671.jpg,19.209753,-7.367336
sample_03672.jpg,-5.248923,-4.9281573
sample_03673.jpg,-28.121248,12.185048
sample_03674.jpg,-6.5482817,-26.184254
sample_03675.jpg,-18.485474,-7.30423
sample_03676.jpg,-22.256283,20.461742
sample_03677.jpg,-26.663055,15.101698
sample_03678.jpg,16.980194,28.913733
sample_03679.jpg,-21.24188,17.195736
sample_03680.jpg,26.337963,-13.257058
sample_03681.jpg,17.006128,5.0589237
sample_03682.jpg,2.931075,-3.3751793
sample_03683.jpg,9.019667,-12.949188
sample_03684.jpg,-30.671862,18.453238
sample_03685.jpg,-7.4852843,-2.9570394
sample_03686.jpg,-0.052489664,8.678858
sample_03687.jpg,-14.17822,-25.653685
sample_03688.jpg,26.728699,-23.064165
sample_03689.jpg,19.328321,-13.498249
sample_03690.jpg,3.2247787,-20.24178
sample_03691.jpg,0.0075664124,-8.604301
sample_03692.jpg,-19.57781,4.212622
sample_03693.jpg,22.186789,-22.88604
sample_03694.jpg,-2.6560144,50.022125
sample_03695.jpg,30.276363,-28.89664
sample_03696.jpg,-21.468977,18.45241
sample_03697.jpg,-8.936183,-7.0541577
sample_03698.jpg,-17.513119,11.6715555
sample_03699.jpg,4.393281,-17.656284
sample_03700.jpg,26.70503,-1.5551007
sample_03701.jpg,-35.93651,13.638869
sample_03702.jpg,40.49882,29.666779
sample_03703.jpg,8.5681,-24.473066
sample_03704.jpg,31.044952,32.72205
sample_03705.jpg,20.334297,-25.667528
sample_03706.jpg,2.9247646,39.41933
sample_03707.jpg,20.440935,-13.139071
sample_03708.jpg,31.928793,-28.295507
sample_03709.jpg,-1.3299675,-5.11447
sample_03710.jpg,-22.916063,11.92441
sample_03711.jpg,17.956442,-9.119879
sample_03712.jpg,2.9862962,-14.614208
sample_03713.jpg,9.653292,4.8701787
sample_03714.jpg,4.3816504,1.8938804
sample_03715.jpg,-33.861294,-0.901762
sample_03716.jpg,-26.765125,24.068829
sample_03717.jpg,1.7082665,44.405792
sample_03718.jpg,19.438625,28.578016
sample_03719.jpg,19.919401,-13.750112
sample_03720.jpg,4.3054395,37.22398
sample_03721.jpg,-15.13658,-0.60912424
sample_03722.jpg,26.599361,-25.249159
sample_03723.jpg,28.803207,-14.160656
sample_03724.jpg,38.269005,30.358198
sample_03725.jpg,17.12191,-30.253765
sample_03726.jpg,-29.501165,21.968847
sample_03727.jpg,-30.061054,7.254471
sample_03728.jpg,8.971223,-19.977612
sample_03729.jpg,0.39601278,-5.027241
sample_03730.jpg,-17.590996,-12.270476
sample_03731.jpg,-14.857899,55.933697
sample_03732.jpg,-34.27361,10.380094
sample_03733.jpg,2.6335955,1.5770563
sample_03734.jpg,-1.6295391,-22.819632
sample_03735.jpg,26.135998,-23.483568
sample_03736.jpg,27.305534,-28.921919
sample_03737.jpg,43.519096,28.15319
sample_03738.jpg,19.904497,-30.233236
sample_03739.jpg,15.890254,-19.769054
sample_03740.jpg,-25.147541,23.414639
sample_03741.jpg,-27.047457,5.187218
sample_03742.jpg,-3.2333224,3.0189705
sample_03743.jpg,25.609257,-20.48405
sample_03744.jpg,14.339533,-14.841253
sample_03745.jpg,-3.8966906,0.2487406
sample_03746.jpg,-5.989163,6.1411543
sample_03747.jpg,20.103334,-11.745113
sample_03748.jpg,-5.1191554,-18.48446
sample_03749.jpg,-11.005156,-15.121525
sample_03750.jpg,9.085199,-8.148606
sample_03751.jpg,18.935678,-13.530776
sample_03752.jpg,-6.8601604,12.645602
sample_03753.jpg,29.524055,-14.109755
sample_03754.jpg,-18.736074,9.836817
sample_03755.jpg,-2.0503025,9.309961
sample_03756.jpg,22.93989,31.987333
sample_03757.jpg,-12.937338,-28.352839
sample_03758.jpg,-27.884817,20.071054
sample_03759.jpg,24.333225,0.9152215
sample_03760.jpg,-46.154884,-8.452025
sample_03761.jpg,0.17957073,0.45619822
sample_03762.jpg,21.751234,-18.298664
sample_03763.jpg,-46.675495,-9.214278
sample_03764.jpg,32.03481,-28.970047
sample_03765.jpg,17.222414,29.35583
sample_03766.jpg,-9.511258,5.4806437
sample_03767.jpg,35.61787,31.519615
sample_03768.jpg,-7.408459,3.2217808
sample_03769.jpg,-17.376766,9.520502
sample_03770.jpg,25.77456,-23.63485
sample_03771.jpg,-35.3017,2.2128508
sample_03772.jpg,13.311394,-11.565536
sample_03773.jpg,1.7554284,11.902595
sample_03774.jpg,-1.5646397,16.237024
sample_03775.jpg,21.494564,-21.072424
sample_03776.jpg,1.942692,8.304026
sample_03777.jpg,23.001068,32.51867
sample_03778.jpg,4.87051,15.816218
sample_03779.jpg,14.624396,-3.0349934
sample_03780.jpg,32.346783,-15.983378
sample_03781.jpg,-19.782263,5.539666
sample_03782.jpg,-10.167725,6.2476354
sample_03783.jpg,29.26473,-17.777756
sample_03784.jpg,-18.745186,20.486158
sample_03785.jpg,36.479485,31.074581
sample_03786.jpg,-35.227276,-32.8216
sample_03787.jpg,4.030585,45.079285
sample_03788.jpg,26.538881,-13.201896
sample_03789.jpg,-24.618711,5.6160045
sample_03790.jpg,9.974636,1.8739054
sample_03791.jpg,25.379879,1.9854137
sample_03792.jpg,25.14809,-1.8669379
sample_03793.jpg,-15.826972,0.09743902
sample_03794.jpg,0.3309176,48.91706
sample_03795.jpg,29.460749,-30.397446
sample_03796.jpg,5.8814535,13.593549
sample_03797.jpg,27.486673,-8.552074
sample_03798.jpg,3.6147916,-23.285652
sample_03799.jpg,3.3703673,40.728016
sample_03800.jpg,3.384225,37.31217
sample_03801.jpg,31.002245,-23.70593
sample_03802.jpg,18.92628,-11.525804
sample_03803.jpg,-0.07466199,-8.952318
sample_03804.jpg,-50.64464,-5.5963697
sample_03805.jpg,26.994415,-21.880495
sample_03806.jpg,-5.6312747,52.263214
sample_03807.jpg,31.565327,-10.078961
sample_03808.jpg,36.20924,-22.321714
sample_03809.jpg,-15.595654,-0.53109455
sample_03810.jpg,18.455359,-15.151197
sample_03811.jpg,-6.090149,3.7380414
sample_03812.jpg,24.220335,33.545143
sample_03813.jpg,-22.680178,18.118898
sample_03814.jpg,-8.671852,-23.49135
sample_03815.jpg,16.33528,-3.7508817
sample_03816.jpg,23.652199,32.360367
sample_03817.jpg,-40.24208,-10.85832
sample_03818.jpg,-4.2378855,51.458405
sample_03819.jpg,24.12097,-29.923609
sample_03820.jpg,-6.2245193,11.512219
sample_03821.jpg,-34.00704,4.7223616
sample_03822.jpg,14.017398,24.878914
sample_03823.jpg,-0.16110036,49.841263
sample_03824.jpg,20.781355,-35.15323
sample_03825.jpg,31.265017,33.141174
sample_03826.jpg,-0.25087643,1.2473813
sample_03827.jpg,10.491222,8.557522
sample_03828.jpg,-0.77142584,-2.2132192
sample_03829.jpg,-0.6471314,47.989697
sample_03830.jpg,0.106968775,4.579153
sample_03831.jpg,-20.701115,0.10127008
sample_03832.jpg,20.619932,-14.432583
sample_03833.jpg,-16.723276,-28.129309
sample_03834.jpg,-2.8310952,-1.6935399
sample_03835.jpg,15.09034,-14.397977
sample_03836.jpg,-5.0429444,-3.1250134
sample_03837.jpg,6.321925,9.528288
sample_03838.jpg,-29.425709,11.297409
sample_03839.jpg,-14.573157,11.770145
sample_03840.jpg,-46.96285,-9.434224
sample_03841.jpg,-10.575881,-15.972026
sample_03842.jpg,-17.214796,2.0813885
sample_03843.jpg,12.262747,15.050025
sample_03844.jpg,22.628683,-20.86607
sample_03845.jpg,-6.000573,-0.72551155
sample_03846.jpg,22.718525,-31.662508
sample_03847.jpg,-25.661274,4.007587
sample_03848.jpg,-40.698338,-11.752344
sample_03849.jpg,16.474583,-13.045773
sample_03850.jpg,12.241524,0.25252765
sample_03851.jpg,2.78924,39.022644
sample_03852.jpg,-29.900438,15.182468
sample_03853.jpg,36.059967,31.496126
sample_03854.jpg,-20.438938,-9.656608
sample_03855.jpg,28.363518,-19.581078
sample_03856.jpg,28.621748,32.8822
sample_03857.jpg,18.022022,1.6836252
sample_03858.jpg,21.727346,-19.848463
sample_03859.jpg,18.101881,-9.686795
sample_03860.jpg,-12.116849,-25.742237
sample_03861.jpg,-35.24057,-33.72916
sample_03862.jpg,7.8376064,-14.578211
sample_03863.jpg,-7.5201254,-15.752908
sample_03864.jpg,14.744418,-9.484707
sample_03865.jpg,0.4857025,-10.723479
sample_03866.jpg,8.363049,-10.915013
sample_03867.jpg,-0.31484407,10.56319
sample_03868.jpg,27.760986,32.974308
sample_03869.jpg,-25.235619,12.997114
sample_03870.jpg,5.9601707,0.091786966
sample_03871.jpg,-17.27827,17.274178
sample_03872.jpg,22.678535,31.826561
sample_03873.jpg,-41.971752,-9.45894
sample_03874.jpg,15.318483,-30.895483
sample_03875.jpg,11.196453,-5.454881
sample_03876.jpg,-20.352928,57.694435
sample_03877.jpg,-24.813137,13.796586
sample_03878.jpg,-13.028617,55.405785
sample_03879.jpg,-6.125826,-27.776844
sample_03880.jpg,-4.9086137,5.9766765
sample_03881.jpg,-15.796139,17.593494
sample_03882.jpg,25.834192,-26.383638
sample_03883.jpg,38.970524,31.011574
sample_03884.jpg,-22.621302,8.18492
sample_03885.jpg,22.429407,-17.085672
sample_03886.jpg,-18.165182,11.585601
sample_03887.jpg,36.835793,30.355274
sample_03888.jpg,20.196703,-13.967101
sample_03889.jpg,-4.874617,4.2285895
sample_03890.jpg,6.51506,-0.6212733
sample_03891.jpg,-5.7261763,-27.15653
sample_03892.jpg,-16.488323,12.367127
sample_03893.jpg,12.652783,-4.4122195
sample_03894.jpg,5.867824,-2.8091109
sample_03895.jpg,-19.355583,16.536728
sample_03896.jpg,8.544796,-29.722116
sample_03897.jpg,-2.5503457,17.744514
sample_03898.jpg,-26.678398,17.66118
sample_03899.jpg,4.555211,-4.42231
sample_03900.jpg,-10.928606,54.920742
sample_03901.jpg,33.177013,-29.848532
sample_03902.jpg,14.037426,25.938238
sample_03903.jpg,-17.315886,-9.4085045
sample_03904.jpg,-9.394188,2.8469672
sample_03905.jpg,16.807446,4.688578
sample_03906.jpg,-4.7122073,0.45577082
sample_03907.jpg,-13.602694,9.83927
sample_03908.jpg,-5.6305475,-0.34566313
sample_03909.jpg,-27.886778,21.238543
sample_03910.jpg,-39.26372,17.804487
sample_03911.jpg,16.85078,27.973635
sample_03912.jpg,-14.647538,11.816098
sample_03913.jpg,-15.205823,5.9160104
sample_03914.jpg,-3.21748,-0.14964241
sample_03915.jpg,-5.565061,-14.908436
sample_03916.jpg,-8.447769,-25.611103
sample_03917.jpg,-5.714765,2.3030257
sample_03918.jpg,32.722973,-28.362381
sample_03919.jpg,-15.803127,-4.3320875
sample_03920.jpg,31.743717,-4.9513683
sample_03921.jpg,30.425396,-29.593498
sample_03922.jpg,-13.642581,56.319653
sample_03923.jpg,26.692127,-12.801949
sample_03924.jpg,14.111375,26.80843
sample_03925.jpg,17.671045,-26.886518
sample_03926.jpg,18.930485,-13.522271
sample_03927.jpg,9.680748,-1.2210219
sample_03928.jpg,26.716032,-23.539051
sample_03929.jpg,-12.4168415,-4.743356
sample_03930.jpg,16.642008,28.865835
sample_03931.jpg,-5.6420507,-7.2778263
sample_03932.jpg,-19.834932,11.455962
sample_03933.jpg,-23.53456,-0.4183674
sample_03934.jpg,-12.1651,-6.3654847
sample_03935.jpg,-14.832325,-3.8497264
sample_03936.jpg,24.208147,-15.691638
sample_03937.jpg,4.1402497,-8.8832035
sample_03938.jpg,9.238459,-11.472502
sample_03939.jpg,-0.83416986,-4.2283216
sample_03940.jpg,23.050974,5.4432473
sample_03941.jpg,31.089273,-24.553797
sample_03942.jpg,4.750993,2.2334814
sample_03943.jpg,-2.268609,-10.774617
sample_03944.jpg,-7.18909,22.5016
sample_03945.jpg,1.4945986,-14.808254
sample_03946.jpg,-2.2549229,-15.175115
sample_03947.jpg,1.2225245,46.513084
sample_03948.jpg,21.2076,-11.585541
sample_03949.jpg,-24.65437,1.9215976
sample_03950.jpg,30.677732,-25.575848
sample_03951.jpg,-1.3281296,11.04083
sample_03952.jpg,22.824484,32.273476
sample_03953.jpg,12.696281,-30.12861
sample_03954.jpg,39.199028,31.181488
sample_03955.jpg,-21.339788,-4.852878
sample_03956.jpg,-1.331547,-21.955235
sample_03957.jpg,-8.822517,1.3873299
sample_03958.jpg,16.403278,-14.21461
sample_03959.jpg,7.4142118,3.4561915
sample_03960.jpg,-24.446167,22.535765
sample_03961.jpg,-21.294321,1.2429538
sample_03962.jpg,10.040451,-25.17573
sample_03963.jpg,2.7526383,6.8716364
sample_03964.jpg,-15.532575,-5.319609
sample_03965.jpg,0.15335424,45.101746
sample_03966.jpg,26.549969,-22.808357
sample_03967.jpg,-32.978844,-28.958979
sample_03968.jpg,20.547794,-32.290405
sample_03969.jpg,-26.706186,7.0623136
sample_03970.jpg,-11.304258,-7.889113
sample_03971.jpg,-15.596881,-21.264505
sample_03972.jpg,20.553692,-32.082535
sample_03973.jpg,-30.59379,11.953883
sample_03974.jpg,8.43358,-4.5227013
sample_03975.jpg,35.72909,-22.235977
sample_03976.jpg,16.332209,28.256424
sample_03977.jpg,-8.30622,5.147378
sample_03978.jpg,-8.860501,6.5467243
sample_03979.jpg,-16.370918,-10.636821
sample_03980.jpg,-30.694685,6.320727
sample_03981.jpg,30.911905,-26.646997
sample_03982.jpg,24.804878,-22.308338
sample_03983.jpg,-3.386679,-5.199718
sample_03984.jpg,22.173403,-4.909869
sample_03985.jpg,1.3745983,-6.7517233
sample_03986.jpg,-22.03431,9.261814
sample_03987.jpg,0.7900863,-12.715433
sample_03988.jpg,18.62788,-28.814285
sample_03989.jpg,-8.012205,5.7948155
sample_03990.jpg,-5.049742,-19.760246
sample_03991.jpg,29.950361,-5.1129594
sample_03992.jpg,3.9306035,-17.682459
sample_03993.jpg,46.175358,25.497467
sample_03994.jpg,-18.438688,2.9294908
sample_03995.jpg,-46.651527,-9.6006365
sample_03996.jpg,22.084703,-17.905458
sample_03997.jpg,-1.883109,-20.831327
sample_03998.jpg,21.792645,-21.354446
sample_03999.jpg,4.375522,-15.389873
sample_04000.jpg,26.695492,-12.803827
sample_04001.jpg,25.226124,-3.6521928
sample_04002.jpg,14.803505,24.359373
sample_04003.jpg,-8.325049,8.01682
sample_04004.jpg,13.123201,6.2007065
sample_04005.jpg,3.084611,-15.11427
sample_04006.jpg,8.965202,2.5287707
sample_04007.jpg,2.318229,-2.3641925
sample_04008.jpg,-51.940174,-8.638856
sample_04009.jpg,1.7774726,-19.408638
sample_04010.jpg,0.80841315,-1.4499586
sample_04011.jpg,20.503382,31.031801
sample_04012.jpg,-26.382652,9.494321
sample_04013.jpg,2.505172,37.493484
sample_04014.jpg,-15.096374,0.5090572
sample_04015.jpg,18.004345,-4.0314364
sample_04016.jpg,31.549017,-3.2841916
sample_04017.jpg,22.430958,32.29597
sample_04018.jpg,-16.124977,-3.9071069
sample_04019.jpg,-14.774881,57.16207
sample_04020.jpg,24.744976,-4.7798142
sample_04021.jpg,-11.6332855,-22.66909
sample_04022.jpg,11.1063175,-20.648499
sample_04023.jpg,-15.103141,2.7826285
sample_04024.jpg,33.681625,-17.77306
sample_04025.jpg,3.1732204,41.319775
sample_04026.jpg,-29.904655,5.9264936
sample_04027.jpg,-24.328104,23.310083
sample_04028.jpg,-3.902169,7.153748
sample_04029.jpg,25.571901,32.35881
sample_04030.jpg,-33.000694,21.591114
sample_04031.jpg,-1.4099648,-2.2689586
sample_04032.jpg,-4.956637,-16.159391
sample_04033.jpg,0.29103133,-26.024094
sample_04034.jpg,-32.851994,12.83847
sample_04035.jpg,32.390644,-29.683552
sample_04036.jpg,2.3920078,-10.943195
sample_04037.jpg,-5.6603,2.436308
sample_04038.jpg,15.65161,6.073472
sample_04039.jpg,8.776948,-10.554054
sample_04040.jpg,-7.3743997,-2.889428
sample_04041.jpg,11.828801,-30.243954
sample_04042.jpg,-9.862134,-22.877125
sample_04043.jpg,41.176136,30.137775
sample_04044.jpg,-15.412366,-21.581665
sample_04045.jpg,-32.217182,18.352985
sample_04046.jpg,43.94069,27.081263
sample_04047.jpg,34.252884,-25.965567
sample_04048.jpg,-46.0184,-9.706671
sample_04049.jpg,16.196753,-19.443024
sample_04050.jpg,18.40827,-24.98693
sample_04051.jpg,-25.672934,2.8701203
sample_04052.jpg,14.0451145,-3.5212703
sample_04053.jpg,-2.517198,50.977966
sample_04054.jpg,-11.765197,-26.250448
sample_04055.jpg,20.32736,-13.178758
sample_04056.jpg,20.734873,-17.808878
sample_04057.jpg,11.60111,-22.915743
sample_04058.jpg,-7.64272,13.512265
sample_04059.jpg,-39.989483,16.168112
sample_04060.jpg,-35.560574,16.638859
sample_04061.jpg,25.855818,3.7730284
sample_04062.jpg,-4.0070496,-22.557882
sample_04063.jpg,-14.033884,11.813556
sample_04064.jpg,-33.662968,17.138624
sample_04065.jpg,19.347246,1.9444454
sample_04066.jpg,-8.167853,8.645771
sample_04067.jpg,-7.4612646,-27.908436
sample_04068.jpg,-35.291348,-32.942112
sample_04069.jpg,4.9514422,1.7400593
sample_04070.jpg,-9.214482,-2.9454465
sample_04071.jpg,-6.9506946,-5.061381
sample_04072.jpg,-15.542073,3.860991
sample_04073.jpg,5.533323,-23.415722
sample_04074.jpg,-38.779892,14.0792675
sample_04075.jpg,43.900196,27.545137
sample_04076.jpg,-4.8923445,-18.256674
sample_04077.jpg,1.2245462,-13.320479
sample_04078.jpg,14.001349,16.32785
sample_04079.jpg,32.17564,-24.723764
sample_04080.jpg,-11.583288,-27.03439
sample_04081.jpg,28.650957,-23.69803
sample_04082.jpg,-15.499599,-21.523453
sample_04083.jpg,-24.677883,9.329397
sample_04084.jpg,-15.346388,-29.790337
sample_04085.jpg,16.848455,2.1073651
sample_04086.jpg,-3.7882206,-6.553535
sample_04087.jpg,5.021417,-11.283998
sample_04088.jpg,-18.008377,-4.399755
sample_04089.jpg,-10.2679,54.84666
sample_04090.jpg,-19.811853,-9.274337
sample_04091.jpg,-35.80508,15.245005
sample_04092.jpg,-6.2969356,5.054183
sample_04093.jpg,-21.653053,12.605826
sample_04094.jpg,17.492432,-18.269695
sample_04095.jpg,40.485405,31.66548
sample_04096.jpg,29.645142,-8.544841
sample_04097.jpg,27.352837,-24.037737
sample_04098.jpg,-5.383028,2.8559256
sample_04099.jpg,-21.739574,16.778725
sample_04100.jpg,-17.488073,-18.808449
sample_04101.jpg,17.876131,-8.146494
sample_04102.jpg,1.924524,-5.6476603
sample_04103.jpg,29.73724,-19.93425
sample_04104.jpg,8.563884,-7.486313
sample_04105.jpg,6.0598426,1.1730509
sample_04106.jpg,22.106466,-2.9835992
sample_04107.jpg,5.556906,2.1442826
sample_04108.jpg,8.132767,14.031094
sample_04109.jpg,31.533052,32.200623
sample_04110.jpg,-4.656637,-17.319519
sample_04111.jpg,27.081491,32.72384
sample_04112.jpg,0.9125944,-9.063986
sample_04113.jpg,19.342432,28.417402
sample_04114.jpg,33.47139,31.15714
sample_04115.jpg,22.88241,-3.3004272
sample_04116.jpg,-21.11998,7.911206
sample_04117.jpg,4.143491,4.6434016
sample_04118.jpg,-2.755244,2.277303
sample_04119.jpg,-26.02665,17.822256
sample_04120.jpg,20.043394,-12.580545
sample_04121.jpg,16.789324,-13.220239
sample_04122.jpg,-12.8509655,-15.739872
sample_04123.jpg,-28.492811,7.2322946
sample_04124.jpg,-11.973607,16.694817
sample_04125.jpg,-4.332031,11.477178
sample_04126.jpg,28.607752,-29.31247
sample_04127.jpg,30.68859,-30.558077
sample_04128.jpg,-4.1403327,-16.045074
sample_04129.jpg,-33.052647,2.097942
sample_04130.jpg,-4.34372,52.05141
sample_04131.jpg,2.6959863,38.695282
sample_04132.jpg,15.627088,-29.097895
sample_04133.jpg,-12.574875,4.0125504
sample_04134.jpg,-30.27735,21.812613
sample_04135.jpg,6.0166864,-10.379405
sample_04136.jpg,-8.571214,-20.872435
sample_04137.jpg,16.829891,3.048911
sample_04138.jpg,30.25652,-24.40987
sample_04139.jpg,-8.904109,17.907217
sample_04140.jpg,30.904596,-19.873716
sample_04141.jpg,25.791027,-14.525854
sample_04142.jpg,7.7520905,-25.498953
sample_04143.jpg,-28.578882,6.4601655
sample_04144.jpg,-20.507462,57.711216
sample_04145.jpg,-4.7962165,-15.588374
sample_04146.jpg,3.0110574,-10.872451
sample_04147.jpg,5.062101,6.7389975
sample_04148.jpg,12.994419,-19.491276
sample_04149.jpg,25.156431,-25.711843
sample_04150.jpg,-20.786827,11.513734
sample_04151.jpg,3.2269216,-1.9203366
sample_04152.jpg,-9.49482,-20.038094
sample_04153.jpg,-36.18638,8.031595
sample_04154.jpg,27.39578,-8.132595
sample_04155.jpg,30.863148,-21.445702
sample_04156.jpg,-16.46356,-3.370264
sample_04157.jpg,-13.310773,-23.457636
sample_04158.jpg,33.5471,-25.753918
sample_04159.jpg,9.65878,-6.988555
sample_04160.jpg,-7.9904833,18.342491
sample_04161.jpg,-38.8785,11.159376
sample_04162.jpg,-2.5782657,-2.339347
sample_04163.jpg,8.710677,-17.979467
sample_04164.jpg,-4.729067,21.211775
sample_04165.jpg,-8.262692,-23.564562
sample_04166.jpg,2.2415023,-1.0890875
sample_04167.jpg,-0.4756358,48.01165
sample_04168.jpg,-33.095337,14.510683
sample_04169.jpg,29.230646,-20.63117
sample_04170.jpg,0.957907,45.087456
sample_04171.jpg,17.30322,-30.265703
sample_04172.jpg,-10.891246,14.758251
sample_04173.jpg,-25.583788,1.3765529
sample_04174.jpg,25.670357,-25.324856
sample_04175.jpg,-33.643803,19.98977
sample_04176.jpg,-16.629446,56.893463
sample_04177.jpg,-3.582842,-7.3193398
sample_04178.jpg,-24.198471,6.4275017
sample_04179.jpg,23.937775,-17.659853
sample_04180.jpg,-25.204388,18.61049
sample_04181.jpg,-7.649211,20.274923
sample_04182.jpg,1.7145132,-20.847675
sample_04183.jpg,0.01047387,-11.67106
sample_04184.jpg,-34.26518,5.16123
sample_04185.jpg,-17.869701,-13.551893
sample_04186.jpg,25.58674,-12.869036
sample_04187.jpg,27.402328,-19.909649
sample_04188.jpg,35.43091,-24.456821
sample_04189.jpg,-3.907135,-15.058307
sample_04190.jpg,-3.7211595,18.736502
sample_04191.jpg,23.582197,13.653073
sample_04192.jpg,-9.951087,-16.95704
sample_04193.jpg,24.8518,-8.244987
sample_04194.jpg,-30.827852,16.739025
sample_04195.jpg,-34.935055,17.71026
sample_04196.jpg,38.237064,31.034481
sample_04197.jpg,-20.881704,-3.9030406
sample_04198.jpg,26.038801,-22.796665
sample_04199.jpg,38.949314,30.315105
sample_04200.jpg,-27.833872,16.550997
sample_04201.jpg,-3.0917284,52.533337
sample_04202.jpg,11.992958,-11.655285
sample_04203.jpg,5.7991233,-7.4383054
sample_04204.jpg,-29.36142,20.884798
sample_04205.jpg,-4.991342,-2.3055818
sample_04206.jpg,15.371087,-1.6196452
sample_04207.jpg,-34.44111,-30.201767
sample_04208.jpg,0.755889,-15.891917
sample_04209.jpg,6.589589,-0.28959948
sample_04210.jpg,-5.6975527,-24.96337
sample_04211.jpg,-50.74427,-8.749478
sample_04212.jpg,-31.616125,-27.045275
sample_04213.jpg,9.378835,4.579667
sample_04214.jpg,-17.28454,-15.433319
sample_04215.jpg,-0.817773,-10.95432
sample_04216.jpg,32.150604,-19.869915
sample_04217.jpg,12.701222,-11.607356
sample_04218.jpg,15.902657,23.85509
sample_04219.jpg,1.6518362,0.35128954
sample_04220.jpg,-33.457615,17.829435
sample_04221.jpg,-36.24954,7.9050794
sample_04222.jpg,-33.623028,-30.686535
sample_04223.jpg,28.524422,-20.445473
sample_04224.jpg,3.0830512,8.951836
sample_04225.jpg,-13.757477,55.463436
sample_04226.jpg,15.454471,-28.597103
sample_04227.jpg,-27.543547,14.00478
sample_04228.jpg,-1.5855922,-14.064813
sample_04229.jpg,-6.637982,5.3117976
sample_04230.jpg,-7.7516036,5.1577544
sample_04231.jpg,24.576382,33.614258
sample_04232.jpg,-1.4160956,50.78344
sample_04233.jpg,30.726261,32.225143
sample_04234.jpg,1.7667986,-4.897707
sample_04235.jpg,-0.82951105,13.368142
sample_04236.jpg,-16.661472,56.701313
sample_04237.jpg,18.657654,30.608084
sample_04238.jpg,27.163656,-26.193739
sample_04239.jpg,-18.29799,57.352394
sample_04240.jpg,1.9682543,-6.151599
sample_04241.jpg,-33.86806,1.6924531
sample_04242.jpg,26.991512,33.397026
sample_04243.jpg,-4.7348747,20.907722
sample_04244.jpg,-22.021025,18.78838
sample_04245.jpg,-32.054977,-28.13166
sample_04246.jpg,-12.595137,11.747096
sample_04247.jpg,-13.385594,-9.523764
sample_04248.jpg,-14.763252,56.229145
sample_04249.jpg,0.5442881,-4.056312
sample_04250.jpg,1.2856293,6.418074
sample_04251.jpg,-37.627426,6.918233
sample_04252.jpg,-2.6499927,-21.480091
sample_04253.jpg,34.037094,-24.172924
sample_04254.jpg,-24.493618,14.614327
sample_04255.jpg,-8.386832,-25.901142
sample_04256.jpg,20.574934,-10.894648
sample_04257.jpg,-8.473166,21.721508
sample_04258.jpg,-6.0121007,0.420478
sample_04259.jpg,29.564404,-22.905367
sample_04260.jpg,27.170267,33.341805
sample_04261.jpg,-5.9769607,-25.458796
sample_04262.jpg,24.353756,-15.949631
sample_04263.jpg,-4.8631983,2.1374524
sample_04264.jpg,2.6394775,45.23
sample_04265.jpg,12.956609,-29.342545
sample_04266.jpg,-12.668495,12.446658
sample_04267.jpg,-7.240793,-17.253223
sample_04268.jpg,29.203115,-10.605292
sample_04269.jpg,-2.6658204,18.967747
sample_04270.jpg,-16.457767,9.942833
sample_04271.jpg,-3.3773096,-21.154919
sample_04272.jpg,27.400043,-9.030838
sample_04273.jpg,13.902893,-30.014767
sample_04274.jpg,-40.436325,-11.142392
sample_04275.jpg,-16.188637,13.899467
sample_04276.jpg,21.903362,-23.602041
sample_04277.jpg,-6.8034806,-0.27237347
sample_04278.jpg,15.050382,-10.781249
sample_04279.jpg,-3.1248949,-10.138918
sample_04280.jpg,12.335493,2.069343
sample_04281.jpg,20.369822,-7.422638
sample_04282.jpg,-29.360329,11.292677
sample_04283.jpg,8.510474,6.882657
sample_04284.jpg,-24.939325,22.622757
sample_04285.jpg,-28.072924,22.082087
sample_04286.jpg,27.717867,-7.7219715
sample_04287.jpg,-7.0013533,-13.528913
sample_04288.jpg,15.401274,-0.099203065
sample_04289.jpg,4.64636,-14.183325
sample_04290.jpg,-4.036907,-17.208097
sample_04291.jpg,18.799276,-1.8632157
sample_04292.jpg,-18.09943,13.868903
sample_04293.jpg,-14.125605,15.7969675
sample_04294.jpg,-9.367959,6.463273
sample_04295.jpg,34.58948,33.0226
sample_04296.jpg,5.3273096,-23.82775
sample_04297.jpg,-33.90718,15.965255
sample_04298.jpg,18.125751,-17.634867
sample_04299.jpg,37.368702,-18.992554
sample_04300.jpg,33.439743,-29.228281
sample_04301.jpg,7.9453087,-1.3332043
sample_04302.jpg,-11.935961,-10.949551
sample_04303.jpg,-38.762234,11.260545
sample_04304.jpg,45.47163,26.420336
sample_04305.jpg,18.298916,-16.526758
sample_04306.jpg,-32.16237,1.563892
sample_04307.jpg,-2.3725553,49.952763
sample_04308.jpg,12.282248,-19.530226
sample_04309.jpg,12.801174,-12.358955
sample_04310.jpg,-33.25779,0.80374765
sample_04311.jpg,44.208256,26.948719
sample_04312.jpg,-34.977962,-32.415745
sample_04313.jpg,28.362623,-20.653555
sample_04314.jpg,15.561927,-22.875517
sample_04315.jpg,-11.799918,-3.6709647
sample_04316.jpg,-1.935526,-17.618816
sample_04317.jpg,9.457521,13.241452
sample_04318.jpg,40.613926,31.70928
sample_04319.jpg,9.577621,-5.9638863
sample_04320.jpg,-21.313604,-4.4121356
sample_04321.jpg,-19.010231,-1.2467083
sample_04322.jpg,0.123714834,-2.5786123
sample_04323.jpg,1.1769366,-22.348722
sample_04324.jpg,23.624605,31.904476
sample_04325.jpg,-8.47833,-25.404325
sample_04326.jpg,3.9665356,36.903545
sample_04327.jpg,6.1483197,-0.06897277
sample_04328.jpg,20.22841,-22.496977
sample_04329.jpg,-13.302114,56.278187
sample_04330.jpg,-14.451169,8.564688
sample_04331.jpg,-0.19806026,-9.703012
sample_04332.jpg,-12.896871,-26.093138
sample_04333.jpg,-2.8495438,50.102974
sample_04334.jpg,-9.491994,0.7698481
sample_04335.jpg,-6.2071347,-6.9156375
sample_04336.jpg,22.722183,-15.250732
sample_04337.jpg,-5.113625,-2.1040628
sample_04338.jpg,12.837165,-29.550806
sample_04339.jpg,3.8051503,-5.5785637
sample_04340.jpg,21.39306,-25.18507
sample_04341.jpg,-31.375477,-27.649183
sample_04342.jpg,-13.526156,-4.4552693
sample_04343.jpg,25.177746,-18.529558
sample_04344.jpg,-33.191624,-29.238478
sample_04345.jpg,36.51875,33.0042
sample_04346.jpg,25.237698,33.18909
sample_04347.jpg,-10.279936,54.6807
sample_04348.jpg,34.04144,-17.027033
sample_04349.jpg,0.6769354,-11.101964
sample_04350.jpg,-15.244584,4.606748
sample_04351.jpg,13.368983,-6.304168
sample_04352.jpg,20.143665,-33.552265
sample_04353.jpg,-21.744507,10.110605
sample_04354.jpg,17.193106,-12.225963
sample_04355.jpg,-25.006788,14.893988
sample_04356.jpg,-10.959542,-4.703037
sample_04357.jpg,-11.256932,-12.262046
sample_04358.jpg,18.66979,30.289562
sample_04359.jpg,-7.8939943,21.674492
sample_04360.jpg,-21.098558,18.39819
sample_04361.jpg,27.137693,-27.007494
sample_04362.jpg,4.9258704,-8.06779
sample_04363.jpg,6.687613,-3.8562915
sample_04364.jpg,-20.900213,10.104624
sample_04365.jpg,-13.465971,17.07654
sample_04366.jpg,12.60282,-15.845651
sample_04367.jpg,-22.0432,-1.7591188
sample_04368.jpg,-12.774896,1.6677378
sample_04369.jpg,-15.067647,-19.780645
sample_04370.jpg,-17.666828,-5.514877
sample_04371.jpg,2.0701272,-5.462528
sample_04372.jpg,23.078339,31.66187
sample_04373.jpg,11.446044,-7.558322
sample_04374.jpg,-28.276817,21.909163
sample_04375.jpg,2.0472584,11.775292
sample_04376.jpg,29.315475,-31.798647
sample_04377.jpg,6.551103,-14.764421
sample_04378.jpg,-1.3857762,-11.55902
sample_04379.jpg,37.549637,-8.268651
sample_04380.jpg,17.280207,-19.795614
sample_04381.jpg,0.22803618,-6.535078
sample_04382.jpg,-9.608739,-6.732832
sample_04383.jpg,-10.472575,-12.485616
sample_04384.jpg,20.770351,-9.216005
sample_04385.jpg,31.227367,32.781895
sample_04386.jpg,-15.24303,-9.099649
sample_04387.jpg,-1.9490181,51.801067
sample_04388.jpg,-3.3643582,20.66082
sample_04389.jpg,1.540805,45.38337
sample_04390.jpg,9.973501,-13.878683
sample_04391.jpg,-13.359507,-2.9436293
sample_04392.jpg,-7.326932,-21.911898
sample_04393.jpg,27.431025,-24.152632
sample_04394.jpg,-33.691177,6.2738743
sample_04395.jpg,3.9208603,-2.6324275
sample_04396.jpg,-18.809513,-13.854551
sample_04397.jpg,-0.23078817,-3.336505
sample_04398.jpg,11.231102,-25.458115
sample_04399.jpg,9.139931,-2.4699714
sample_04400.jpg,23.485819,13.631208
sample_04401.jpg,-22.192984,15.030522
sample_04402.jpg,9.997711,-1.5162988
sample_04403.jpg,2.8899672,-22.223831
sample_04404.jpg,5.7058196,-17.600569
sample_04405.jpg,21.21313,-10.331553
sample_04406.jpg,34.081947,31.846458
sample_04407.jpg,21.072807,6.6247644
sample_04408.jpg,-15.285641,-12.292678
sample_04409.jpg,29.971375,-33.170486
sample_04410.jpg,14.952637,-23.633707
sample_04411.jpg,-15.782465,-5.7429643
sample_04412.jpg,30.726143,-15.561987
sample_04413.jpg,21.810263,-15.945429
sample_04414.jpg,-20.509909,17.594181
sample_04415.jpg,-23.135578,-4.182512
sample_04416.jpg,-49.12532,-8.736696
sample_04417.jpg,32.60486,-11.054091
sample_04418.jpg,-11.02249,15.777873
sample_04419.jpg,-2.4912384,-19.239954
sample_04420.jpg,10.675592,-11.364427
sample_04421.jpg,26.529686,4.369981
sample_04422.jpg,6.755456,-2.2879958
sample_04423.jpg,6.7567854,-10.862541
sample_04424.jpg,-8.184629,21.890549
sample_04425.jpg,4.773434,-8.619234
sample_04426.jpg,10.661661,-9.865553
sample_04427.jpg,3.9848955,0.2901424
sample_04428.jpg,9.160794,-8.505062
sample_04429.jpg,6.695065,-12.557092
sample_04430.jpg,15.048086,-23.023138
sample_04431.jpg,-33.338272,15.494929
sample_04432.jpg,-5.71808,1.5496678
sample_04433.jpg,-21.34068,10.236931
sample_04434.jpg,22.55516,-2.6994042
sample_04435.jpg,-9.57278,2.8800728
sample_04436.jpg,3.7565467,41.080875
sample_04437.jpg,20.13237,30.785786
sample_04438.jpg,-16.730145,-0.81711155
sample_04439.jpg,-5.800821,52.636147
sample_04440.jpg,-1.7009722,17.360277
sample_04441.jpg,11.413049,-21.979013
sample_04442.jpg,-13.436349,7.3342276
sample_04443.jpg,7.870609,-8.231277
sample_04444.jpg,28.904922,31.73481
sample_04445.jpg,-11.100835,6.7196608
sample_04446.jpg,14.682292,-9.094694
sample_04447.jpg,-24.807947,7.234241
sample_04448.jpg,21.704073,-12.070393
sample_04449.jpg,-10.044168,54.756176
sample_04450.jpg,39.51875,30.002472
sample_04451.jpg,30.176237,-1.9299208
sample_04452.jpg,6.4626536,4.210094
sample_04453.jpg,30.024096,-30.89673
sample_04454.jpg,-1.7744831,-8.490656
sample_04455.jpg,-5.723385,-21.132309
sample_04456.jpg,20.58659,-16.335066
sample_04457.jpg,-52.159477,-8.4299965
sample_04458.jpg,14.22764,26.278578
sample_04459.jpg,-0.4422512,-13.008305
sample_04460.jpg,-22.741459,-4.7325473
sample_04461.jpg,-0.4388852,-10.684065
sample_04462.jpg,-1.0784136,48.21356
sample_04463.jpg,-17.233013,6.1839137
sample_04464.jpg,-8.313859,-0.9922011
sample_04465.jpg,45.476547,26.27362
sample_04466.jpg,9.375962,5.920718
sample_04467.jpg,-32.363995,14.904118
sample_04468.jpg,19.383646,31.880661
sample_04469.jpg,-11.588411,-18.603104
sample_04470.jpg,29.487326,-11.981053
sample_04471.jpg,-13.136719,-1.3120971
sample_04472.jpg,-5.590871,-10.459222
sample_04473.jpg,-8.579568,1.5303005
sample_04474.jpg,-10.420283,15.276316
sample_04475.jpg,-34.718994,3.9738026
sample_04476.jpg,-26.397741,8.832833
sample_04477.jpg,-20.39166,8.812529
sample_04478.jpg,-11.360705,18.573496
sample_04479.jpg,23.661385,32.45218
sample_04480.jpg,-36.11533,3.1766117
sample_04481.jpg,-38.236015,11.192252
sample_04482.jpg,3.4568307,-4.86118
sample_04483.jpg,29.721506,-28.838491
sample_04484.jpg,10.51382,-12.005345
sample_04485.jpg,25.751957,-21.605915
sample_04486.jpg,-24.30384,-18.391531
sample_04487.jpg,-27.93957,0.75426006
sample_04488.jpg,20.20311,-3.0182016
sample_04489.jpg,29.739939,-17.052956
sample_04490.jpg,14.406401,0.66272
sample_04491.jpg,34.944607,-23.28897
sample_04492.jpg,1.6139331,-2.0457892
sample_04493.jpg,-14.528369,10.572653
sample_04494.jpg,15.71296,5.3727145
sample_04495.jpg,33.816452,32.22189
sample_04496.jpg,31.507946,-21.004517
sample_04497.jpg,13.244229,-7.1638527
sample_04498.jpg,-27.02779,8.656579
sample_04499.jpg,-21.026827,13.754302
sample_04500.jpg,-0.08696136,-11.0237
sample_04501.jpg,24.252153,32.817375
sample_04502.jpg,-7.9116197,-8.164029
sample_04503.jpg,20.553736,-30.86684
sample_04504.jpg,30.974087,-5.753121
sample_04505.jpg,-0.7087082,50.44822
sample_04506.jpg,-19.944685,-11.057361
sample_04507.jpg,-7.8966,-8.296577
sample_04508.jpg,-46.53674,-9.636431
sample_04509.jpg,0.70041573,-1.6843007
sample_04510.jpg,23.956766,-11.819175
sample_04511.jpg,1.5550691,43.96321
sample_04512.jpg,-12.279588,-1.3535687
sample_04513.jpg,5.533311,-26.6796
sample_04514.jpg,-30.203875,-10.495365
sample_04515.jpg,3.6576116,-16.584116
sample_04516.jpg,-38.898663,14.960026
sample_04517.jpg,21.816174,-9.734611
sample_04518.jpg,19.829815,-9.642567
sample_04519.jpg,26.503853,33.605972
sample_04520.jpg,8.230848,12.610208
sample_04521.jpg,7.5381603,-9.782536
sample_04522.jpg,-28.426048,21.849709
sample_04523.jpg,30.107927,-30.922384
sample_04524.jpg,2.3974352,39.74343
sample_04525.jpg,29.248436,32.59066
sample_04526.jpg,-14.263234,13.20775
sample_04527.jpg,8.580276,-2.0325034
sample_04528.jpg,-25.34092,11.695515
sample_04529.jpg,-6.926456,16.617191
sample_04530.jpg,-29.529951,-24.325762
sample_04531.jpg,-17.241343,-2.5986652
sample_04532.jpg,2.9374318,44.474045
sample_04533.jpg,30.176392,-2.049504
sample_04534.jpg,-4.024016,52.874104
sample_04535.jpg,25.003477,-0.075351335
sample_04536.jpg,-15.038404,2.6965938
sample_04537.jpg,34.60782,32.363144
sample_04538.jpg,16.201809,1.1794019
sample_04539.jpg,20.10336,1.8919333
sample_04540.jpg,0.35803404,47.69891
sample_04541.jpg,-8.257064,53.78363
sample_04542.jpg,3.0042984,41.860115
sample_04543.jpg,32.791195,-16.673197
sample_04544.jpg,12.620146,24.782911
sample_04545.jpg,13.025768,-7.96287
sample_04546.jpg,-13.8719225,2.631506
sample_04547.jpg,24.71602,-5.8506584
sample_04548.jpg,10.276353,-1.6020315
sample_04549.jpg,17.995417,29.352377
sample_04550.jpg,12.187154,9.293485
sample_04551.jpg,-35.25234,15.023034
sample_04552.jpg,26.262688,4.6469116
sample_04553.jpg,-9.9379835,16.901838
sample_04554.jpg,0.16691253,-6.595086
sample_04555.jpg,4.3834524,1.6751267
sample_04556.jpg,36.22143,31.390028
sample_04557.jpg,-15.837766,12.703245
sample_04558.jpg,11.402847,23.55764
sample_04559.jpg,13.778751,-35.07571
sample_04560.jpg,31.366112,31.109177
sample_04561.jpg,-3.202545,-5.2415195
sample_04562.jpg,6.560067,-0.063385434
sample_04563.jpg,26.93853,-31.651789
sample_04564.jpg,-35.387054,-33.078575
sample_04565.jpg,-36.21336,16.67311
sample_04566.jpg,18.07013,-21.728844
sample_04567.jpg,3.206534,34.079563
sample_04568.jpg,4.4522195,-8.125644
sample_04569.jpg,-23.093943,12.7489605
sample_04570.jpg,45.999107,25.702156
sample_04571.jpg,-11.816028,-30.44036
sample_04572.jpg,-7.7137203,4.019537
sample_04573.jpg,-23.722311,2.5144997
sample_04574.jpg,-12.997484,2.3653767
sample_04575.jpg,32.34536,5.171521
sample_04576.jpg,32.067974,-7.123699
sample_04577.jpg,-29.189089,-22.396631
sample_04578.jpg,-16.847174,7.820316
sample_04579.jpg,-0.28245443,0.8225316
sample_04580.jpg,-35.150448,-32.648212
sample_04581.jpg,-15.062031,2.3783782
sample_04582.jpg,-11.75156,1.573557
sample_04583.jpg,8.370684,-11.564023
sample_04584.jpg,-14.065094,56.10779
sample_04585.jpg,-8.382653,-1.9983499
sample_04586.jpg,2.1205332,46.404766
sample_04587.jpg,38.597324,-14.601181
sample_04588.jpg,24.305767,-14.430439
sample_04589.jpg,20.189775,0.0775928
sample_04590.jpg,-20.439955,7.617375
sample_04591.jpg,32.908005,-22.143082
sample_04592.jpg,34.579594,-23.217558
sample_04593.jpg,-27.37662,-11.465781
sample_04594.jpg,-3.2030013,-4.324504
sample_04595.jpg,3.2916286,-15.271375
sample_04596.jpg,7.492656,-9.188923
sample_04597.jpg,21.129059,1.0593584
sample_04598.jpg,30.252632,-4.282902
sample_04599.jpg,-5.200817,-4.020658
sample_04600.jpg,25.502,4.3705416
sample_04601.jpg,-2.7925944,51.494522
sample_04602.jpg,-0.45629963,7.87628
sample_04603.jpg,0.578738,13.820824
sample_04604.jpg,-20.930487,-3.9442716
sample_04605.jpg,-4.609007,-5.644444
sample_04606.jpg,-11.009123,4.079707
sample_04607.jpg,-13.400721,-18.004978
sample_04608.jpg,-14.062491,-26.017868
sample_04609.jpg,32.809593,-29.71227
sample_04610.jpg,23.140976,-25.272144
sample_04611.jpg,17.859999,-14.44962
sample_04612.jpg,24.846405,-23.160042
sample_04613.jpg,16.007252,-6.5729856
sample_04614.jpg,-8.471159,-10.491769
sample_04615.jpg,-13.387306,-17.875286
sample_04616.jpg,34.13249,32.131298
sample_04617.jpg,-15.690678,16.841171
sample_04618.jpg,-4.2838387,-20.925625
sample_04619.jpg,24.993084,-17.608934
sample_04620.jpg,-18.88133,3.9105484
sample_04621.jpg,12.256987,-5.7666936
sample_04622.jpg,32.413803,-26.353575
sample_04623.jpg,15.519987,-10.553022
sample_04624.jpg,40.910576,28.780712
sample_04625.jpg,-1.241993,10.965563
sample_04626.jpg,13.811115,-24.238739
sample_04627.jpg,-1.174839,-4.4151125
sample_04628.jpg,4.0817285,11.249549
sample_04629.jpg,31.9248,-28.285908
sample_04630.jpg,-32.856045,6.6954765
sample_04631.jpg,7.8900642,-27.752716
sample_04632.jpg,32.903893,-10.139942
sample_04633.jpg,-2.821562,-4.4158297
sample_04634.jpg,19.841364,-5.0637755
sample_04635.jpg,-13.334001,55.98498
sample_04636.jpg,27.179884,-13.541239
sample_04637.jpg,-4.047611,-22.58157
sample_04638.jpg,14.193975,23.775267
sample_04639.jpg,26.516918,31.648088
sample_04640.jpg,2.2901611,43.101433
sample_04641.jpg,15.484123,21.803078
sample_04642.jpg,22.222563,-17.114807
sample_04643.jpg,8.699743,-11.344815
sample_04644.jpg,-5.9358974,0.5112381
sample_04645.jpg,22.473116,8.200613
sample_04646.jpg,-33.411766,-30.1479
sample_04647.jpg,-12.05301,-29.014061
sample_04648.jpg,14.017899,-24.5635
sample_04649.jpg,0.603535,-9.977201
sample_04650.jpg,29.434322,-23.78011
sample_04651.jpg,-6.9808435,14.241345
sample_04652.jpg,-26.697817,19.400446
sample_04653.jpg,-22.551083,-6.720761
sample_04654.jpg,-3.2213178,50.44492
sample_04655.jpg,26.989355,31.6544
sample_04656.jpg,7.285062,-2.6371112
sample_04657.jpg,10.656744,5.6135206
sample_04658.jpg,-9.779249,-14.6038
sample_04659.jpg,-16.209766,-7.7043695
sample_04660.jpg,-30.174145,15.998586
sample_04661.jpg,22.288063,-30.75136
sample_04662.jpg,-22.947594,11.297405
sample_04663.jpg,-10.406775,-4.182038
sample_04664.jpg,-3.9353688,-12.907695
sample_04665.jpg,33.695168,-13.676113
sample_04666.jpg,7.268906,-2.6915212
sample_04667.jpg,-13.438642,4.758537
sample_04668.jpg,-1.5313535,-11.593832
sample_04669.jpg,5.593446,-15.588602
sample_04670.jpg,-14.67822,-27.979872
sample_04671.jpg,24.376324,-20.150215
sample_04672.jpg,-38.334015,15.756927
sample_04673.jpg,-4.970386,13.2573395
sample_04674.jpg,31.210655,-29.490145
sample_04675.jpg,-24.823433,22.545692
sample_04676.jpg,11.655426,-0.8316792
sample_04677.jpg,-6.2403474,53.189236
sample_04678.jpg,10.463933,-33.609207
sample_04679.jpg,22.536604,-21.80157
sample_04680.jpg,-34.782253,9.831558
sample_04681.jpg,-10.744698,-29.11263
sample_04682.jpg,-24.054016,7.1540484
sample_04683.jpg,-17.673742,17.480864
sample_04684.jpg,-17.017208,57.46473
sample_04685.jpg,25.014025,-11.916727
sample_04686.jpg,15.829356,5.750177
sample_04687.jpg,-13.935153,-23.652405
sample_04688.jpg,4.1511097,37.322803
sample_04689.jpg,13.584023,4.7726665
sample_04690.jpg,-2.747427,50.0489
sample_04691.jpg,6.6098347,6.219719
sample_04692.jpg,-2.0135782,-8.757574
sample_04693.jpg,-0.13421668,10.437211
sample_04694.jpg,-17.49948,5.3038864
sample_04695.jpg,5.6573358,-27.77109
sample_04696.jpg,31.943466,-28.234365
sample_04697.jpg,12.056262,-31.03687
sample_04698.jpg,7.2279263,11.630781
sample_04699.jpg,15.977906,-16.618414
sample_04700.jpg,-25.217657,11.759
sample_04701.jpg,-32.457607,-27.346704
sample_04702.jpg,-4.8806243,18.38582
sample_04703.jpg,3.2854195,-4.3021946
sample_04704.jpg,-24.476505,12.877938
sample_04705.jpg,22.749086,8.673503
sample_04706.jpg,2.5919938,-5.14579
sample_04707.jpg,-26.969252,22.221632
sample_04708.jpg,-52.660904,-8.408182
sample_04709.jpg,-35.208675,16.222908
sample_04710.jpg,36.245426,32.124058
sample_04711.jpg,37.076283,30.193457
sample_04712.jpg,6.8133616,-8.681817
sample_04713.jpg,-11.750731,10.650338
sample_04714.jpg,-24.198421,20.183453
sample_04715.jpg,31.512772,-26.842016
sample_04716.jpg,12.894069,22.50026
sample_04717.jpg,-7.9304028,21.530466
sample_04718.jpg,35.227062,-23.948202
sample_04719.jpg,16.614212,-7.331
sample_04720.jpg,9.297738,10.889797
sample_04721.jpg,-1.5635576,49.544525
sample_04722.jpg,-25.508726,15.731432
sample_04723.jpg,9.186395,-2.7797446
sample_04724.jpg,27.043385,-18.890253
sample_04725.jpg,-33.866096,-29.40578
sample_04726.jpg,-25.577034,9.791765
sample_04727.jpg,-3.6905258,-15.42575
sample_04728.jpg,-34.50895,5.54369
sample_04729.jpg,-29.69852,6.2472186
sample_04730.jpg,-23.664896,8.222085
sample_04731.jpg,-9.9628,56.007492
sample_04732.jpg,-28.92268,22.3436
sample_04733.jpg,20.862675,-31.163418
sample_04734.jpg,-19.715597,-11.884243
sample_04735.jpg,14.882586,-11.478057
sample_04736.jpg,16.931107,-2.0672948
sample_04737.jpg,26.155975,-27.7276
sample_04738.jpg,1.5303261,-3.981731
sample_04739.jpg,-4.1514244,1.3091707
sample_04740.jpg,28.629568,-22.33338
sample_04741.jpg,33.595245,-26.848316
sample_04742.jpg,2.4949763,9.837814
sample_04743.jpg,-2.6406727,-3.6848314
sample_04744.jpg,3.0828226,-19.447466
sample_04745.jpg,14.3326645,-10.711937
sample_04746.jpg,3.5240138,36.609642
sample_04747.jpg,4.892338,-9.13644
sample_04748.jpg,-20.341265,12.498287
sample_04749.jpg,-3.3288476,-21.254469
sample_04750.jpg,-23.775412,3.0630958
sample_04751.jpg,4.2273335,-7.269088
sample_04752.jpg,24.043892,-16.704935
sample_04753.jpg,1.2053342,44.533115
sample_04754.jpg,2.5096846,11.64751
sample_04755.jpg,-16.759151,7.3074093
sample_04756.jpg,0.3756946,-26.101261
sample_04757.jpg,7.597927,-2.458008
sample_04758.jpg,17.115284,-12.346859
sample_04759.jpg,-2.483104,5.105329
sample_04760.jpg,0.23927465,6.444977
sample_04761.jpg,-4.7866073,-1.3074887
sample_04762.jpg,-7.765379,-14.6462755
sample_04763.jpg,-7.3301883,-28.456022
sample_04764.jpg,31.262096,32.93656
sample_04765.jpg,26.63419,-3.7394931
sample_04766.jpg,10.799987,13.88329
sample_04767.jpg,-8.626953,-26.096472
sample_04768.jpg,17.471918,29.432665
sample_04769.jpg,-9.009676,14.076299
sample_04770.jpg,24.69714,-21.10995
sample_04771.jpg,-5.541487,52.56615
sample_04772.jpg,-3.229752,21.171982
sample_04773.jpg,28.90153,33.100567
sample_04774.jpg,44.23313,27.170332
sample_04775.jpg,-1.7818012,51.910828
sample_04776.jpg,-13.843345,-23.569744
sample_04777.jpg,39.917442,30.50963
sample_04778.jpg,34.920692,32.348778
sample_04779.jpg,-15.092232,8.650988
sample_04780.jpg,27.627459,-29.847967
sample_04781.jpg,33.456432,33.59687
sample_04782.jpg,22.3179,-8.755664
sample_04783.jpg,-15.299301,57.7743
sample_04784.jpg,-35.78675,0.41479167
sample_04785.jpg,-15.050564,-5.3182545
sample_04786.jpg,-11.3257475,5.494285
sample_04787.jpg,14.708639,0.69280535
sample_04788.jpg,-3.3968034,8.705667
sample_04789.jpg,-20.079075,-3.478964
sample_04790.jpg,18.920418,29.369238
sample_04791.jpg,12.152888,-10.935995
sample_04792.jpg,-14.486534,-4.16021
sample_04793.jpg,-33.882168,1.0902665
sample_04794.jpg,0.6070537,-1.3467903
sample_04795.jpg,27.948109,32.53807
sample_04796.jpg,8.334026,-6.630441
sample_04797.jpg,-33.902615,16.876593
sample_04798.jpg,-7.789882,5.1278906
sample_04799.jpg,-11.613456,-29.217888
sample_04800.jpg,-31.88399,6.155788
sample_04801.jpg,8.402626,0.01527182
sample_04802.jpg,-8.357282,11.537895
sample_04803.jpg,9.709623,-2.026628
sample_04804.jpg,27.256655,33.096455
sample_04805.jpg,-7.2617726,53.157066
sample_04806.jpg,-17.531654,19.924837
sample_04807.jpg,1.2191652,3.8814569
sample_04808.jpg,27.784313,-23.850866
sample_04809.jpg,-5.618285,52.618427
sample_04810.jpg,-28.046963,24.807837
sample_04811.jpg,0.82632536,4.435985
sample_04812.jpg,8.267395,-14.081745
sample_04813.jpg,10.891897,23.1898
sample_04814.jpg,-14.845556,15.008186
sample_04815.jpg,29.585566,-23.46717
sample_04816.jpg,22.454153,-34.525032
sample_04817.jpg,9.028151,-9.625721
sample_04818.jpg,27.407852,-20.920656
sample_04819.jpg,19.748068,-19.825262
sample_04820.jpg,-16.235294,57.690475
sample_04821.jpg,17.768139,0.71530324
sample_04822.jpg,23.353348,-31.387592
sample_04823.jpg,18.053493,-11.859006
sample_04824.jpg,25.266972,-24.89298
sample_04825.jpg,24.504793,31.6473
sample_04826.jpg,-10.654661,-12.920786
sample_04827.jpg,-19.630768,-10.606744
sample_04828.jpg,2.0075347,36.578983
sample_04829.jpg,28.794672,-19.94237
sample_04830.jpg,-13.561863,-13.21093
sample_04831.jpg,9.14855,0.9450486
sample_04832.jpg,-5.7839274,1.0663154
sample_04833.jpg,43.582996,27.724348
sample_04834.jpg,25.687708,-24.146326
sample_04835.jpg,12.7593,3.2076406
sample_04836.jpg,2.6987789,40.671825
sample_04837.jpg,-12.91668,4.9029355
sample_04838.jpg,15.838279,-7.7953753
sample_04839.jpg,-33.590355,-29.48726
sample_04840.jpg,-12.611066,53.73288
sample_04841.jpg,14.373461,-15.473446
sample_04842.jpg,-17.311924,9.339596
sample_04843.jpg,-5.054825,-18.449957
sample_04844.jpg,2.7677672,40.372395
sample_04845.jpg,-13.8922205,-1.2629769
sample_04846.jpg,6.766751,-11.580013
sample_04847.jpg,20.148384,-31.270943
sample_04848.jpg,-33.608597,0.1757498
sample_04849.jpg,-12.943043,-9.304427
sample_04850.jpg,28.75344,-9.790653
sample_04851.jpg,20.89743,-17.9565
sample_04852.jpg,23.987532,-18.511911
sample_04853.jpg,32.384502,-29.507788
sample_04854.jpg,45.718452,26.532082
sample_04855.jpg,20.21366,-24.171793
sample_04856.jpg,-30.44783,5.4067345
sample_04857.jpg,40.114925,28.53485
sample_04858.jpg,-33.78683,21.817207
sample_04859.jpg,8.44062,-15.200441
sample_04860.jpg,-13.073103,-30.492802
sample_04861.jpg,1.0161779,-11.702501
sample_04862.jpg,-17.875282,57.353325
sample_04863.jpg,-6.22876,-4.095013
sample_04864.jpg,11.977282,-12.174201
sample_04865.jpg,1.5153183,-18.181345
sample_04866.jpg,4.2566442,3.1199837
sample_04867.jpg,2.5719883,-0.84120655
sample_04868.jpg,-19.152193,7.631142
sample_04869.jpg,-32.06284,0.39239338
sample_04870.jpg,13.158916,7.252873
sample_04871.jpg,-35.693844,18.66209
sample_04872.jpg,-35.28629,2.079041
sample_04873.jpg,30.703371,-15.712968
sample_04874.jpg,0.61834145,-3.877574
sample_04875.jpg,-36.499424,18.117367
sample_04876.jpg,5.0941186,-24.872032
sample_04877.jpg,-21.060602,-13.33844
sample_04878.jpg,20.167263,2.7113576
sample_04879.jpg,8.758235,-9.134899
sample_04880.jpg,-3.7603946,0.3504831
sample_04881.jpg,35.89065,33.048485
sample_04882.jpg,-13.67434,6.361497
sample_04883.jpg,-6.85367,-27.458467
sample_04884.jpg,-7.3755956,0.0056323125
sample_04885.jpg,-3.3631456,-3.0329683
sample_04886.jpg,25.264545,-18.07209
sample_04887.jpg,-14.594832,56.681362
sample_04888.jpg,-2.488102,0.8423123
sample_04889.jpg,-30.347706,16.625893
sample_04890.jpg,-4.840048,1.1828858
sample_04891.jpg,-21.808298,-15.361956
sample_04892.jpg,-5.1338367,18.065989
sample_04893.jpg,-8.494987,-19.580893
sample_04894.jpg,13.533303,-12.677099
sample_04895.jpg,-20.223755,13.864892
sample_04896.jpg,-20.303091,1.0467995
sample_04897.jpg,-11.564887,-6.7919736
sample_04898.jpg,17.231394,-14.37128
sample_04899.jpg,-11.836353,-24.534983
sample_04900.jpg,12.027644,-9.517683
sample_04901.jpg,24.307264,-5.852414
sample_04902.jpg,17.881996,-22.508984
sample_04903.jpg,-13.506411,1.5591522
sample_04904.jpg,12.495144,-24.444048
sample_04905.jpg,-1.0201746,49.480793
sample_04906.jpg,19.676853,-8.76636
sample_04907.jpg,30.01332,32.19451
sample_04908.jpg,-4.652078,-3.1005423
sample_04909.jpg,12.999931,-0.7347779
sample_04910.jpg,6.627259,4.554368
sample_04911.jpg,-11.465302,-24.1003
sample_04912.jpg,-23.532764,8.252494
sample_04913.jpg,36.979332,31.152805
sample_04914.jpg,14.897676,-24.203775
sample_04915.jpg,30.838684,-11.254735
sample_04916.jpg,-21.562275,-2.8506567
sample_04917.jpg,-24.847086,4.723242
sample_04918.jpg,-8.192528,-23.547134
sample_04919.jpg,12.390599,-14.930446
sample_04920.jpg,11.63015,-10.989576
sample_04921.jpg,38.794132,30.347101
sample_04922.jpg,-17.54414,8.650758
sample_04923.jpg,-37.872375,11.592703
sample_04924.jpg,-3.6588082,8.015032
sample_04925.jpg,33.819397,-23.696457
sample_04926.jpg,31.148447,32.4511
sample_04927.jpg,-16.271044,57.566647
sample_04928.jpg,-35.02144,13.781553
sample_04929.jpg,16.644432,-30.930824
sample_04930.jpg,-23.84814,9.056634
sample_04931.jpg,-11.650837,-29.053001
sample_04932.jpg,29.155022,-2.8737204
sample_04933.jpg,25.71718,-25.809116
sample_04934.jpg,17.947596,-4.947268
sample_04935.jpg,29.987112,-33.146538
sample_04936.jpg,14.42811,26.383558
sample_04937.jpg,30.409294,-13.866015
sample_04938.jpg,-51.21005,-9.127166
sample_04939.jpg,7.753273,-7.493728
sample_04940.jpg,-0.78910166,13.687082
sample_04941.jpg,6.0183706,0.24603695
sample_04942.jpg,-33.79573,10.314006
sample_04943.jpg,17.460955,0.11259909
sample_04944.jpg,3.3159556,-6.1942987
sample_04945.jpg,30.33397,-6.5120792
sample_04946.jpg,-30.689903,18.247677
sample_04947.jpg,30.49987,-29.826859
sample_04948.jpg,36.436813,-20.899546
sample_04949.jpg,18.898914,-29.409632
sample_04950.jpg,-36.38003,15.195254
sample_04951.jpg,3.2143424,12.004182
sample_04952.jpg,-11.463232,4.863846
sample_04953.jpg,-4.6916924,-1.6492895
sample_04954.jpg,31.242205,-8.55464
sample_04955.jpg,-16.69982,57.556778
sample_04956.jpg,-4.816028,-14.807187
sample_04957.jpg,-31.134983,7.349308
sample_04958.jpg,-9.763614,1.4927077
sample_04959.jpg,40.46147,29.011665
sample_04960.jpg,32.47574,-14.260158
sample_04961.jpg,1.0461185,46.443268
sample_04962.jpg,32.722668,-18.616999
sample_04963.jpg,26.904377,-11.528708
sample_04964.jpg,21.478605,4.718745
sample_04965.jpg,23.97682,2.7654874
sample_04966.jpg,-2.997393,4.3139024
sample_04967.jpg,32.67138,-15.069816
sample_04968.jpg,32.134064,-14.7757635
sample_04969.jpg,22.006937,-19.053425
sample_04970.jpg,-10.144177,-26.247635
sample_04971.jpg,-17.423727,0.0010569855
sample_04972.jpg,32.78817,-11.239419
sample_04973.jpg,45.537514,26.142786
sample_04974.jpg,40.204098,29.224373
sample_04975.jpg,17.147312,-17.672411
sample_04976.jpg,-4.2875934,-4.066736
sample_04977.jpg,-29.917288,-6.168434
sample_04978.jpg,21.77419,-17.435
sample_04979.jpg,-22.352812,10.072391
sample_04980.jpg,-2.1576118,-22.64804
sample_04981.jpg,18.435663,0.1404713
sample_04982.jpg,23.370052,-31.492378
sample_04983.jpg,-10.517741,-7.884359
sample_04984.jpg,12.6016,-18.450018
sample_04985.jpg,32.062958,-19.798393
sample_04986.jpg,1.4978145,19.412142
sample_04987.jpg,-31.241993,12.055336
sample_04988.jpg,5.6709986,-10.557145
sample_04989.jpg,29.564907,-15.151227
sample_04990.jpg,-19.633278,-11.9306345
sample_04991.jpg,-25.043839,17.177958
sample_04992.jpg,32.94605,-29.024317
sample_04993.jpg,3.3865037,36.66201
sample_04994.jpg,-1.2518295,1.2287256
sample_04995.jpg,-17.487238,20.746489
sample_04996.jpg,-10.699164,0.85336334
sample_04997.jpg,20.31655,-12.576371
sample_04998.jpg,-0.25746104,-19.07681
sample_04999.jpg,18.074938,3.3689885
sample_05000.jpg,-18.339764,-12.367864
sample_05001.jpg,-17.923786,22.845556
sample_05002.jpg,-0.7162936,3.5888512
sample_05003.jpg,8.515584,1.1264172
sample_05004.jpg,6.887309,11.656017
sample_05005.jpg,-34.681675,4.018863
sample_05006.jpg,24.79061,-27.570028
sample_05007.jpg,-9.632131,-28.32532
sample_05008.jpg,5.77519,4.741777
sample_05009.jpg,-28.20922,2.5749702
sample_05010.jpg,-12.37913,0.57296354
sample_05011.jpg,-36.27286,14.877013
sample_05012.jpg,13.159875,-25.98685
sample_05013.jpg,-37.935223,13.203123
sample_05014.jpg,-32.891136,16.621492
sample_05015.jpg,16.544859,-18.935234
sample_05016.jpg,34.080074,-23.324677
sample_05017.jpg,20.81188,-22.671612
sample_05018.jpg,-17.11831,56.465733
sample_05019.jpg,-28.654528,21.44425
sample_05020.jpg,26.17516,31.318874
sample_05021.jpg,-29.003967,-22.92346
sample_05022.jpg,-14.025126,2.4644735
sample_05023.jpg,-24.2533,9.235694
sample_05024.jpg,1.8176236,44.19209
sample_05025.jpg,14.404386,-9.958351
sample_05026.jpg,-36.555744,16.256289
sample_05027.jpg,24.601273,-21.96577
sample_05028.jpg,27.973373,-27.663729
sample_05029.jpg,30.96819,-13.100636
sample_05030.jpg,-16.750275,5.499057
sample_05031.jpg,31.49456,-17.184326
sample_05032.jpg,-36.4703,16.836477
sample_05033.jpg,5.8090067,-3.0653145
sample_05034.jpg,22.847939,-16.317665
sample_05035.jpg,16.569996,-25.65741
sample_05036.jpg,35.146507,-16.051607
sample_05037.jpg,-34.00002,4.960337
sample_05038.jpg,-18.549736,57.22448
sample_05039.jpg,-9.096249,-8.271612
sample_05040.jpg,-17.397942,17.066967
sample_05041.jpg,34.90244,31.724367
sample_05042.jpg,31.752266,-10.73175
sample_05043.jpg,-25.249031,9.329483
sample_05044.jpg,2.4008868,-3.4592671
sample_05045.jpg,-13.261627,-1.1605154
sample_05046.jpg,-47.8273,-6.4246917
sample_05047.jpg,-34.964027,15.213218
sample_05048.jpg,-8.133541,-0.9799223
sample_05049.jpg,21.678915,-7.4200606
sample_05050.jpg,-5.2011924,53.79385
sample_05051.jpg,31.19205,-17.954363
sample_05052.jpg,29.639925,-10.0597315
sample_05053.jpg,28.769178,-2.5854108
sample_05054.jpg,-10.269453,54.48537
sample_05055.jpg,-11.654137,13.389273
sample_05056.jpg,10.986323,-10.438078
sample_05057.jpg,-44.157944,-10.422704
sample_05058.jpg,-5.5332727,-7.8348565
sample_05059.jpg,14.0228195,16.35418
sample_05060.jpg,-15.144913,13.280042
sample_05061.jpg,23.109316,-31.209122
sample_05062.jpg,18.850786,-14.523153
sample_05063.jpg,20.809977,10.673853
sample_05064.jpg,-6.4950466,-6.233766
sample_05065.jpg,0.53592473,7.0923495
sample_05066.jpg,18.456198,30.343801
sample_05067.jpg,22.78157,8.6387
sample_05068.jpg,-22.713856,7.6250715
sample_05069.jpg,1.0843996,-3.8616698
sample_05070.jpg,-20.501417,7.599037
sample_05071.jpg,-11.808966,2.6601872
sample_05072.jpg,-13.6554165,-21.790167
sample_05073.jpg,-9.465129,3.1123495
sample_05074.jpg,-34.563683,16.42362
sample_05075.jpg,24.203436,-30.691183
sample_05076.jpg,35.543285,30.469307
sample_05077.jpg,-2.6396692,-14.485384
sample_05078.jpg,8.656635,-4.402508
sample_05079.jpg,11.376147,1.954784
sample_05080.jpg,-34.855618,5.4276085
sample_05081.jpg,0.780152,-4.2562995
sample_05082.jpg,26.872814,31.319563
sample_05083.jpg,-32.14543,8.995826
sample_05084.jpg,25.996933,3.1808078
sample_05085.jpg,-1.6839272,-19.495453
sample_05086.jpg,45.95896,25.720034
sample_05087.jpg,-31.091848,9.709604
sample_05088.jpg,-32.73013,13.891946
sample_05089.jpg,2.365727,42.937126
sample_05090.jpg,-7.8219905,-25.873306
sample_05091.jpg,-49.720955,-9.03367
sample_05092.jpg,1.0158558,13.842509
sample_05093.jpg,-8.977637,8.462172
sample_05094.jpg,4.110135,-16.497532
sample_05095.jpg,1.0715625,-35.550186
sample_05096.jpg,23.57602,-25.772268
sample_05097.jpg,29.311674,-4.0909777
sample_05098.jpg,8.33002,16.18743
sample_05099.jpg,-19.642252,57.507435
sample_05100.jpg,11.619552,-10.625982
sample_05101.jpg,-23.7784,3.8482995
sample_05102.jpg,-13.15508,8.790911
sample_05103.jpg,-2.182409,50.624043
sample_05104.jpg,-9.687619,2.1433506
sample_05105.jpg,-11.880388,4.599651
sample_05106.jpg,-19.176311,-2.9772322
sample_05107.jpg,18.122217,-4.9842453
sample_05108.jpg,7.9636197,0.8737669
sample_05109.jpg,43.812466,27.271814
sample_05110.jpg,26.802004,32.204903
sample_05111.jpg,21.660376,31.93004
sample_05112.jpg,14.849791,-25.411907
sample_05113.jpg,-24.890888,-0.119127944
sample_05114.jpg,-24.86724,-0.7243795
sample_05115.jpg,-8.732486,-15.338287
sample_05116.jpg,-34.28345,15.81697
sample_05117.jpg,-10.724574,55.266685
sample_05118.jpg,24.960903,-16.209322
sample_05119.jpg,26.67845,-8.385782
sample_05120.jpg,-26.48454,13.639578
sample_05121.jpg,2.8167892,23.192917
sample_05122.jpg,-39.684765,-10.854436
sample_05123.jpg,9.88731,8.09869
sample_05124.jpg,-0.101300694,3.528933
sample_05125.jpg,32.811462,-28.959929
sample_05126.jpg,13.8004675,-19.826544
sample_05127.jpg,20.931248,-7.8817167
sample_05128.jpg,10.124642,-2.8374386
sample_05129.jpg,6.9649444,-3.275268
sample_05130.jpg,23.197481,-13.887267
sample_05131.jpg,10.946809,-9.321319
sample_05132.jpg,-15.237725,-9.105614
sample_05133.jpg,38.011368,-14.510914
sample_05134.jpg,5.766691,-13.60582
sample_05135.jpg,22.73761,31.22671
sample_05136.jpg,-27.188408,14.237299
sample_05137.jpg,1.1975476,-5.4003797
sample_05138.jpg,-33.664803,-29.96456
sample_05139.jpg,-19.025442,-8.435516
sample_05140.jpg,29.57387,-30.089502
sample_05141.jpg,29.500305,-3.3745358
sample_05142.jpg,-13.6345625,-9.296015
sample_05143.jpg,19.145409,0.60203946
sample_05144.jpg,9.433464,-9.850228
sample_05145.jpg,-4.2917833,11.633747
sample_05146.jpg,-9.983907,55.151627
sample_05147.jpg,14.033302,25.81653
sample_05148.jpg,-9.30723,-0.6439442
sample_05149.jpg,-3.1955936,-7.378299
sample_05150.jpg,-30.687347,21.139854
sample_05151.jpg,16.455519,26.00724
sample_05152.jpg,3.887705,7.218297
sample_05153.jpg,5.4524255,-27.20381
sample_05154.jpg,-10.796887,-15.784631
sample_05155.jpg,-12.999185,-30.512568
sample_05156.jpg,22.090097,-5.9673815
sample_05157.jpg,-21.058853,18.00042
sample_05158.jpg,-26.489742,8.956329
sample_05159.jpg,-8.489054,55.60845
sample_05160.jpg,-10.237264,11.920977
sample_05161.jpg,-17.954668,8.235034
sample_05162.jpg,-9.055008,0.6968084
sample_05163.jpg,-16.094221,-9.043797
sample_05164.jpg,4.3845925,39.119568
sample_05165.jpg,1.8988986,38.78801
sample_05166.jpg,-35.391624,14.392762
sample_05167.jpg,1.6219071,2.834092
sample_05168.jpg,-25.067713,7.863892
sample_05169.jpg,-8.682636,54.973568
sample_05170.jpg,-20.669544,13.659151
sample_05171.jpg,18.971714,-19.941626
sample_05172.jpg,19.155563,-31.04249
sample_05173.jpg,2.9349937,-9.646637
sample_05174.jpg,-4.973433,53.9069
sample_05175.jpg,2.8104198,-22.210218
sample_05176.jpg,30.528418,-26.589033
sample_05177.jpg,-19.382532,-1.7775538
sample_05178.jpg,-5.6152325,4.029029
sample_05179.jpg,-36.692413,15.843555
sample_05180.jpg,-20.305727,17.59657
sample_05181.jpg,-9.207779,-17.546492
sample_05182.jpg,-11.675292,20.172585
sample_05183.jpg,25.018032,-3.8455997
sample_05184.jpg,38.6655,29.921001
sample_05185.jpg,5.901618,4.077179
sample_05186.jpg,11.473689,-15.753785
sample_05187.jpg,-8.131626,-23.563627
sample_05188.jpg,5.510545,8.50807
sample_05189.jpg,-34.06423,13.024806
sample_05190.jpg,-4.8028283,-16.94425
sample_05191.jpg,22.829155,-30.509138
sample_05192.jpg,6.891986,-8.529833
sample_05193.jpg,35.968044,32.020367
sample_05194.jpg,-3.3380394,16.191687
sample_05195.jpg,-13.384755,-6.522328
sample_05196.jpg,33.256916,-25.375755
sample_05197.jpg,10.017445,15.257179
sample_05198.jpg,-3.0845802,17.729568
sample_05199.jpg,-32.253426,6.2832828
sample_05200.jpg,-12.300847,8.644198
sample_05201.jpg,-17.11759,15.583189
sample_05202.jpg,19.085056,-21.225214
sample_05203.jpg,-33.41744,8.237357
sample_05204.jpg,-8.976042,3.9694655
sample_05205.jpg,-13.467742,0.9270995
sample_05206.jpg,-51.529488,-8.650818
sample_05207.jpg,1.0286298,-5.7342353
sample_05208.jpg,-9.557491,5.3754225
sample_05209.jpg,5.7029576,-5.322246
sample_05210.jpg,-8.676199,-6.875263
sample_05211.jpg,5.027102,5.667163
sample_05212.jpg,-5.3088427,22.176395
sample_05213.jpg,-26.77992,23.05141
sample_05214.jpg,-29.682579,-2.2703424
sample_05215.jpg,-10.763917,8.844705
sample_05216.jpg,30.89729,-11.006681
sample_05217.jpg,-7.5549965,2.0949678
sample_05218.jpg,-8.5704775,-12.730649
sample_05219.jpg,-12.929607,55.666557
sample_05220.jpg,18.079903,-22.889109
sample_05221.jpg,27.204746,-33.67148
sample_05222.jpg,-5.8573003,-13.156083
sample_05223.jpg,-25.45869,10.411332
sample_05224.jpg,-47.378277,-6.53309
sample_05225.jpg,-18.991405,-9.610573
sample_05226.jpg,-18.467539,9.58687
sample_05227.jpg,4.510595,-3.4816463
sample_05228.jpg,21.007694,-10.335252
sample_05229.jpg,-6.061093,6.116568
sample_05230.jpg,-9.441893,-26.894022
sample_05231.jpg,20.987883,-23.953127
sample_05232.jpg,7.5868177,-0.063698776
sample_05233.jpg,4.5395136,3.7861774
sample_05234.jpg,-13.182722,-12.758484
sample_05235.jpg,6.870427,-7.5287714
sample_05236.jpg,26.803913,-23.375437
sample_05237.jpg,-8.675934,1.7865999
sample_05238.jpg,9.209701,-8.354329
sample_05239.jpg,-36.243656,10.828875
sample_05240.jpg,-14.496736,-13.107444
sample_05241.jpg,19.461338,-8.363865
sample_05242.jpg,-7.383273,-7.3659577
sample_05243.jpg,-47.159687,-9.350096
sample_05244.jpg,4.6073365,20.491236
sample_05245.jpg,3.502371,39.426876
sample_05246.jpg,9.781037,-27.195395
sample_05247.jpg,18.598738,-0.7841438
sample_05248.jpg,10.395394,-14.023403
sample_05249.jpg,29.56617,-14.236755
sample_05250.jpg,-21.592825,7.230672
sample_05251.jpg,3.2972,8.019642
sample_05252.jpg,16.315535,28.424126
sample_05253.jpg,-15.000038,-0.56989336
sample_05254.jpg,-2.4986212,-8.877777
sample_05255.jpg,-30.13205,6.3549595
sample_05256.jpg,-18.627352,9.878605
sample_05257.jpg,-18.239218,20.062407
sample_05258.jpg,25.81445,-31.060865
sample_05259.jpg,16.347916,-11.519193
sample_05260.jpg,-8.349739,14.496302
sample_05261.jpg,6.399113,-4.890278
sample_05262.jpg,-14.920178,-10.118129
sample_05263.jpg,-0.31412217,43.107285
sample_05264.jpg,23.54787,-11.466666
sample_05265.jpg,-5.3887124,-19.543879
sample_05266.jpg,15.533513,-3.1533284
sample_05267.jpg,-21.382322,20.073952
sample_05268.jpg,-1.2131828,-21.721504
sample_05269.jpg,1.8295518,19.5521
sample_05270.jpg,-0.02816868,4.0985913
sample_05271.jpg,-27.95778,12.572814
sample_05272.jpg,-12.326639,-30.077162
sample_05273.jpg,25.17716,-17.598719
sample_05274.jpg,26.819708,-2.7413688
sample_05275.jpg,-27.868807,24.802015
sample_05276.jpg,8.854836,-24.5904
sample_05277.jpg,6.4540067,0.822251
sample_05278.jpg,-25.31314,23.078207
sample_05279.jpg,13.912,-18.067955
sample_05280.jpg,-1.7961804,-6.104562
sample_05281.jpg,-8.694807,4.4599233
sample_05282.jpg,11.772444,-8.394755
sample_05283.jpg,34.564686,31.426538
sample_05284.jpg,27.953636,-25.81639
sample_05285.jpg,-35.319,2.6836915
sample_05286.jpg,0.5544328,47.189903
sample_05287.jpg,-22.64095,10.771942
sample_05288.jpg,30.24306,-28.520407
sample_05289.jpg,34.604263,31.782343
sample_05290.jpg,1.7435791,-14.845624
sample_05291.jpg,4.4855747,-3.6787636
sample_05292.jpg,2.2971444,12.725918
sample_05293.jpg,29.35043,-12.935286
sample_05294.jpg,-0.6479467,2.8733232
sample_05295.jpg,-33.3557,11.989336
sample_05296.jpg,-2.2547941,51.74148
sample_05297.jpg,-0.9651106,9.374918
sample_05298.jpg,10.381208,-14.487591
sample_05299.jpg,-7.6420364,3.8587437
sample_05300.jpg,15.211687,-15.809002
sample_05301.jpg,-13.305533,-6.484649
sample_05302.jpg,23.881388,-14.2141695
sample_05303.jpg,2.0187788,11.823946
sample_05304.jpg,3.4104497,-24.090603
sample_05305.jpg,22.805708,-29.203358
sample_05306.jpg,32.093704,-23.070103
sample_05307.jpg,3.7756407,5.895969
sample_05308.jpg,-6.406875,52.559402
sample_05309.jpg,9.281374,-3.8716629
sample_05310.jpg,16.433,13.584731
sample_05311.jpg,21.55689,-29.167452
sample_05312.jpg,-2.2093384,-5.7542405
sample_05313.jpg,6.5731225,-1.4094676
sample_05314.jpg,-27.706404,9.723971
sample_05315.jpg,21.093857,-33.083153
sample_05316.jpg,-6.595738,21.823019
sample_05317.jpg,-2.8453739,20.944052
sample_05318.jpg,-27.536013,10.496968
sample_05319.jpg,8.778661,-7.0959816
sample_05320.jpg,12.807619,13.523981
sample_05321.jpg,17.89221,-15.917817
sample_05322.jpg,34.620888,31.449112
sample_05323.jpg,32.091747,32.348026
sample_05324.jpg,30.470293,-25.853035
sample_05325.jpg,7.454557,2.0106864
sample_05326.jpg,33.753426,-3.5777695
sample_05327.jpg,24.620916,31.946041
sample_05328.jpg,-18.015434,-5.51229
sample_05329.jpg,15.67109,-3.2145379
sample_05330.jpg,-13.783453,57.158077
sample_05331.jpg,-15.808331,16.186716
sample_05332.jpg,0.2562895,-2.7335656
sample_05333.jpg,13.958497,-17.202297
sample_05334.jpg,-19.603569,6.80014
sample_05335.jpg,-2.810195,-8.984263
sample_05336.jpg,17.004606,-2.0700974
sample_05337.jpg,4.9448385,10.452467
sample_05338.jpg,3.2872303,-7.3740516
sample_05339.jpg,-26.19723,6.834928
sample_05340.jpg,-23.73037,9.756577
sample_05341.jpg,-10.752408,0.43832055
sample_05342.jpg,1.4815146,-7.0408144
sample_05343.jpg,-19.159912,12.796417
sample_05344.jpg,18.849613,2.4399595
sample_05345.jpg,45.193344,26.620533
sample_05346.jpg,14.928662,28.014128
sample_05347.jpg,32.145405,31.487602
sample_05348.jpg,15.894864,5.648089
sample_05349.jpg,-15.729002,-21.210371
sample_05350.jpg,-22.471046,6.354741
sample_05351.jpg,22.139936,-15.952467
sample_05352.jpg,2.0242362,-1.3610297
sample_05353.jpg,-38.996334,16.375378
sample_05354.jpg,34.750317,-26.214409
sample_05355.jpg,-11.242567,55.340652
sample_05356.jpg,-6.055747,53.316936
sample_05357.jpg,-23.46279,12.009281
sample_05358.jpg,5.341326,15.772525
sample_05359.jpg,-4.6232657,-19.197903
sample_05360.jpg,24.129074,32.09864
sample_05361.jpg,-17.511587,-2.8059764
sample_05362.jpg,-35.41267,11.606852
sample_05363.jpg,-29.704582,-24.177456
sample_05364.jpg,-34.395615,-31.735704
sample_05365.jpg,-19.856968,1.8622953
sample_05366.jpg,3.017461,24.315752
sample_05367.jpg,19.688425,-22.176046
sample_05368.jpg,33.306114,-27.135828
sample_05369.jpg,-27.029314,24.77715
sample_05370.jpg,39.75975,28.514484
sample_05371.jpg,-27.208773,11.2032795
sample_05372.jpg,23.200325,-29.833746
sample_05373.jpg,37.400238,31.311092
sample_05374.jpg,-21.496822,10.363318
sample_05375.jpg,19.182304,3.4132807
sample_05376.jpg,1.5872188,-9.791729
sample_05377.jpg,-13.3585415,-8.180492
sample_05378.jpg,-31.492235,13.024669
sample_05379.jpg,-37.62351,17.28519
sample_05380.jpg,2.078433,-7.5509624
sample_05381.jpg,9.538964,-27.264294
sample_05382.jpg,-11.424586,54.62302
sample_05383.jpg,-32.479595,11.843766
sample_05384.jpg,-2.7827675,-2.4869523
sample_05385.jpg,22.853806,-22.288435
sample_05386.jpg,-7.9188147,-4.1159935
sample_05387.jpg,35.75776,-23.645573
sample_05388.jpg,7.176348,-22.136675
sample_05389.jpg,-3.9196703,-19.445457
sample_05390.jpg,2.6939309,45.542263
sample_05391.jpg,34.02561,-29.147339
sample_05392.jpg,-35.650555,12.446158
sample_05393.jpg,-1.8048115,4.6585836
sample_05394.jpg,-15.973767,-3.356593
sample_05395.jpg,20.440811,-33.963566
sample_05396.jpg,19.784319,-30.847336
sample_05397.jpg,10.554284,3.0293205
sample_05398.jpg,-18.161894,1.3760593
sample_05399.jpg,4.747052,-19.51775
sample_05400.jpg,-51.90182,-8.4568405
sample_05401.jpg,-7.5974064,-2.5572133
sample_05402.jpg,-5.112977,7.532752
sample_05403.jpg,25.79008,-9.327715
sample_05404.jpg,26.00453,-26.575705
sample_05405.jpg,7.8605027,-14.493044
sample_05406.jpg,-2.3269856,-17.997107
sample_05407.jpg,-29.878242,-24.652905
sample_05408.jpg,-39.58758,14.456558
sample_05409.jpg,21.91387,-9.675633
sample_05410.jpg,-20.27763,57.64732
sample_05411.jpg,-5.8187094,-25.08119
sample_05412.jpg,34.314087,-15.564784
sample_05413.jpg,11.066655,-1.4054432
sample_05414.jpg,-18.585722,-9.883974
sample_05415.jpg,-14.562485,-24.192888
sample_05416.jpg,-3.39666,-16.332932
sample_05417.jpg,-1.2305816,-0.706003
sample_05418.jpg,-35.70789,10.221079
sample_05419.jpg,-11.575257,-13.610829
sample_05420.jpg,-3.2317288,-3.8995697
sample_05421.jpg,43.838135,26.625174
sample_05422.jpg,-15.332054,-21.583094
sample_05423.jpg,-10.114764,-27.63915
sample_05424.jpg,29.71228,-7.0143523
sample_05425.jpg,-26.839853,9.780399
sample_05426.jpg,-17.61421,1.6086358
sample_05427.jpg,32.31325,-24.774809
sample_05428.jpg,-27.762941,20.600458
sample_05429.jpg,-31.857008,-27.91075
sample_05430.jpg,-7.364702,20.096767
sample_05431.jpg,13.571198,-13.289148
sample_05432.jpg,-12.933686,53.83507
sample_05433.jpg,-1.8493862,-8.57118
sample_05434.jpg,-51.33457,-8.789539
sample_05435.jpg,13.876681,-7.6919794
sample_05436.jpg,20.63343,-32.932377
sample_05437.jpg,-16.571123,57.40616
sample_05438.jpg,-3.2866883,-15.149139
sample_05439.jpg,-26.33245,19.435242
sample_05440.jpg,-20.043123,10.420807
sample_05441.jpg,-30.079897,8.141677
sample_05442.jpg,23.449467,-1.602578
sample_05443.jpg,2.4913874,36.006504
sample_05444.jpg,-12.212729,-21.428066
sample_05445.jpg,-26.143404,19.212643
sample_05446.jpg,-49.555027,-9.105243
sample_05447.jpg,28.629559,0.83261377
sample_05448.jpg,-37.74244,16.876492
sample_05449.jpg,26.080591,-13.191311
sample_05450.jpg,-3.7871773,16.637444
sample_05451.jpg,18.599129,-13.863723
sample_05452.jpg,2.3566973,5.0278797
sample_05453.jpg,-26.027832,14.125433
sample_05454.jpg,-14.039723,17.63188
sample_05455.jpg,13.771117,25.703144
sample_05456.jpg,11.427887,-14.978424
sample_05457.jpg,-17.731007,-5.4701104
sample_05458.jpg,29.002573,-18.04075
sample_05459.jpg,-16.913488,9.002488
sample_05460.jpg,-27.447487,-2.1630652
sample_05461.jpg,13.617828,-8.923641
sample_05462.jpg,-28.040808,12.157412
sample_05463.jpg,3.4748473,42.031723
sample_05464.jpg,-3.110495,-8.210975
sample_05465.jpg,-16.943813,7.219506
sample_05466.jpg,23.01626,-3.8320127
sample_05467.jpg,33.407112,-6.5803986
sample_05468.jpg,-34.507,-31.98108
sample_05469.jpg,-10.701639,-26.10215
sample_05470.jpg,11.692684,-0.35432738
sample_05471.jpg,-8.991021,13.929813
sample_05472.jpg,-10.340835,21.39998
sample_05473.jpg,-26.481316,6.0347633
sample_05474.jpg,-17.602268,17.502893
sample_05475.jpg,-0.26133892,8.857996
sample_05476.jpg,3.583833,0.7977563
sample_05477.jpg,-2.250209,-11.309904
sample_05478.jpg,2.4663966,41.1869
sample_05479.jpg,0.9837133,-2.2151346
sample_05480.jpg,15.661624,27.827751
sample_05481.jpg,-28.988209,19.981236
sample_05482.jpg,1.2137401,-35.586277
sample_05483.jpg,-14.859901,-9.034789
sample_05484.jpg,5.1552386,-7.5577726
sample_05485.jpg,-13.932846,-9.980333
sample_05486.jpg,-11.428772,-1.2362218
sample_05487.jpg,3.0323174,10.009436
sample_05488.jpg,-11.449566,56.25988
sample_05489.jpg,15.274548,-6.6219845
sample_05490.jpg,3.0340374,-16.778952
sample_05491.jpg,37.40987,-8.157464
sample_05492.jpg,22.82585,-29.086575
sample_05493.jpg,-2.8234355,7.664583
sample_05494.jpg,-4.4637623,-16.503115
sample_05495.jpg,-19.965912,11.460165
sample_05496.jpg,-2.253792,-8.296679
sample_05497.jpg,3.0529516,8.850823
sample_05498.jpg,-6.832258,-7.058978
sample_05499.jpg,11.062394,-1.4610416
sample_05500.jpg,-12.359276,1.683248
sample_05501.jpg,-25.53493,6.55734
sample_05502.jpg,30.515331,-4.28548
sample_05503.jpg,19.520412,-15.903901
sample_05504.jpg,1.5781775,-0.06544324
sample_05505.jpg,14.473916,-4.572456
sample_05506.jpg,-33.479176,-27.39045
sample_05507.jpg,-25.120508,13.214771
sample_05508.jpg,-24.992071,16.490427
sample_05509.jpg,25.994528,-22.773361
sample_05510.jpg,-28.368996,11.305833
sample_05511.jpg,40.085857,-14.277002
sample_05512.jpg,22.96427,-4.914735
sample_05513.jpg,-24.963757,8.611916
sample_05514.jpg,-29.231356,20.34592
sample_05515.jpg,-30.201344,-10.517371
sample_05516.jpg,30.281332,-19.115253
sample_05517.jpg,-5.059712,51.354378
sample_05518.jpg,-20.010904,-1.7844931
sample_05519.jpg,-19.944149,23.366808
sample_05520.jpg,4.635627,8.702175
sample_05521.jpg,6.6171055,7.711129
sample_05522.jpg,33.368828,-21.07385
sample_05523.jpg,-12.449037,-16.300877
sample_05524.jpg,-4.134599,21.076073
sample_05525.jpg,-6.762832,14.183647
sample_05526.jpg,3.5219681,36.545048
sample_05527.jpg,21.482082,-25.975357
sample_05528.jpg,-6.734814,53.241985
sample_05529.jpg,23.468796,-13.765509
sample_05530.jpg,4.895738,-18.20221
sample_05531.jpg,-25.45892,4.071926
sample_05532.jpg,3.9239063,-12.32053
sample_05533.jpg,1.1618618,-3.3154364
sample_05534.jpg,3.4418232,-6.334605
sample_05535.jpg,-18.202759,-10.584888
sample_05536.jpg,-21.335241,18.49274
sample_05537.jpg,-19.668318,2.7451434
sample_05538.jpg,0.2131483,5.2394004
sample_05539.jpg,1.0955003,-12.159946
sample_05540.jpg,-7.9703884,55.108917
sample_05541.jpg,27.883385,-8.233777
sample_05542.jpg,-0.7467575,1.4920301
sample_05543.jpg,-30.044428,10.367634
sample_05544.jpg,39.84504,29.958014
sample_05545.jpg,-5.897668,-9.996901
sample_05546.jpg,12.473725,4.232149
sample_05547.jpg,-25.928757,12.020119
sample_05548.jpg,5.9960995,11.037153
sample_05549.jpg,33.426846,32.44778
sample_05550.jpg,-23.889309,3.2961493
sample_05551.jpg,0.6875026,14.03568
sample_05552.jpg,-23.08658,14.639279
sample_05553.jpg,25.013779,-21.635902
sample_05554.jpg,12.318536,-13.638429
sample_05555.jpg,1.6344886,19.473011
sample_05556.jpg,-10.976925,-12.350169
sample_05557.jpg,-26.636448,13.982155
sample_05558.jpg,6.3869157,-1.2362688
sample_05559.jpg,-25.39019,22.135393
sample_05560.jpg,16.578289,-4.685289
sample_05561.jpg,-22.783392,-7.9360228
sample_05562.jpg,-11.787861,-29.014805
sample_05563.jpg,4.830098,-1.2273158
sample_05564.jpg,25.0334,3.425624
sample_05565.jpg,16.703821,28.867353
sample_05566.jpg,-4.561126,52.138382
sample_05567.jpg,-22.18083,15.139925
sample_05568.jpg,21.513983,-30.352346
sample_05569.jpg,-28.589235,9.881509
sample_05570.jpg,14.921116,-11.664968
sample_05571.jpg,-22.40995,15.271036
sample_05572.jpg,2.7470827,-4.727405
sample_05573.jpg,25.23,-16.412468
sample_05574.jpg,34.08197,-14.915137
sample_05575.jpg,13.8256855,-5.9667244
sample_05576.jpg,4.4996276,-16.789877
sample_05577.jpg,4.7171707,-1.7125309
sample_05578.jpg,-11.018857,6.3675795
sample_05579.jpg,15.336056,7.075537
sample_05580.jpg,-10.229083,14.837652
sample_05581.jpg,-49.659874,-9.065918
sample_05582.jpg,10.677812,-33.818672
sample_05583.jpg,-11.651313,16.971464
sample_05584.jpg,31.518303,-27.361565
sample_05585.jpg,-34.78934,15.491465
sample_05586.jpg,0.42969188,-28.269875
sample_05587.jpg,10.0920315,-7.8020597
sample_05588.jpg,39.306946,30.64493
sample_05589.jpg,-1.0454574,49.0795
sample_05590.jpg,-8.95042,-0.14295995
sample_05591.jpg,-8.034786,21.628464
sample_05592.jpg,14.54683,-9.492696
sample_05593.jpg,1.461548,6.7242527
sample_05594.jpg,14.237083,3.124151
sample_05595.jpg,-2.6106896,3.2069829
sample_05596.jpg,24.963638,1.240125
sample_05597.jpg,-11.6429,-22.192656
sample_05598.jpg,8.184324,-13.0056
sample_05599.jpg,31.80957,-12.296218
sample_05600.jpg,-39.86852,16.101915
sample_05601.jpg,32.66385,-13.668684
sample_05602.jpg,-1.3690021,8.43092
sample_05603.jpg,-32.918926,-28.989563
sample_05604.jpg,5.8390074,-21.405714
sample_05605.jpg,21.41293,1.7916398
sample_05606.jpg,16.500854,-10.537323
sample_05607.jpg,11.137452,-7.3948755
sample_05608.jpg,17.567657,-19.701012
sample_05609.jpg,-13.950603,3.555136
sample_05610.jpg,-10.20703,-24.96439
sample_05611.jpg,14.642018,8.698609
sample_05612.jpg,25.600359,-26.181425
sample_05613.jpg,37.04568,-20.605654
sample_05614.jpg,12.272224,-24.853828
sample_05615.jpg,-2.1354349,8.415547
sample_05616.jpg,6.692895,1.1587304
sample_05617.jpg,-36.755424,5.1823606
sample_05618.jpg,9.302531,-22.224993
sample_05619.jpg,-14.6000395,-25.337847
sample_05620.jpg,-5.0872793,-5.89012
sample_05621.jpg,-23.91997,15.212049
sample_05622.jpg,-13.439706,-23.43152
sample_05623.jpg,-28.799034,11.106458
sample_05624.jpg,2.8492007,9.744195
sample_05625.jpg,40.056347,-15.0051565
sample_05626.jpg,41.83322,27.603191
sample_05627.jpg,-21.338423,9.032359
sample_05628.jpg,-33.356815,-29.49779
sample_05629.jpg,-12.065067,-15.737858
sample_05630.jpg,-16.451982,-0.99964887
sample_05631.jpg,16.673649,-15.175183
sample_05632.jpg,-2.986539,-7.448963
sample_05633.jpg,-28.458544,9.769078
sample_05634.jpg,-9.665259,8.681438
sample_05635.jpg,27.689613,-27.5455
sample_05636.jpg,-34.301758,-30.905962
sample_05637.jpg,-12.158252,55.695198
sample_05638.jpg,-19.307587,57.508568
sample_05639.jpg,-46.499073,-9.850672
sample_05640.jpg,-24.683416,-18.291023
sample_05641.jpg,13.940396,-12.238981
sample_05642.jpg,33.431137,-6.81191
sample_05643.jpg,-7.341624,54.815807
sample_05644.jpg,17.845287,1.350226
sample_05645.jpg,5.6331754,-26.62384
sample_05646.jpg,16.432388,-25.664331
sample_05647.jpg,27.524721,-30.089548
sample_05648.jpg,19.975504,-23.885796
sample_05649.jpg,-32.209545,-27.678503
sample_05650.jpg,21.258232,4.463463
sample_05651.jpg,-44.914608,-9.358633
sample_05652.jpg,-4.2272806,-2.4446774
sample_05653.jpg,27.567791,-29.718584
sample_05654.jpg,-0.5102234,-2.4090722
sample_05655.jpg,-18.952322,20.450012
sample_05656.jpg,-31.459057,13.287256
sample_05657.jpg,0.42221266,15.531871
sample_05658.jpg,42.17738,29.088076
sample_05659.jpg,40.056816,-14.428935
sample_05660.jpg,-2.2009819,0.093717195
sample_05661.jpg,28.757483,34.593636
sample_05662.jpg,-2.5372396,51.215744
sample_05663.jpg,23.02201,-25.506119
sample_05664.jpg,27.467428,32.15122
sample_05665.jpg,33.254185,-23.479042
sample_05666.jpg,13.045762,-11.316398
sample_05667.jpg,-7.727987,17.085518
sample_05668.jpg,16.120815,28.54278
sample_05669.jpg,-0.584821,-8.775069
sample_05670.jpg,-9.699711,-20.983652
sample_05671.jpg,3.4106474,39.42095
sample_05672.jpg,37.389503,-21.350092
sample_05673.jpg,23.209799,-4.7801595
sample_05674.jpg,-34.865017,4.031199
sample_05675.jpg,9.704265,-34.314793
sample_05676.jpg,16.969984,0.30220383
sample_05677.jpg,18.98785,-5.39163
sample_05678.jpg,15.121778,-22.876608
sample_05679.jpg,-7.082789,6.7162995
sample_05680.jpg,14.062082,3.8482838
sample_05681.jpg,-36.79207,16.934984
sample_05682.jpg,6.2663856,-3.0388381
sample_05683.jpg,24.521137,3.982146
sample_05684.jpg,28.901464,-8.982882
sample_05685.jpg,3.3726587,-7.66063
sample_05686.jpg,-8.170195,3.59596
sample_05687.jpg,1.8967464,5.9334025
sample_05688.jpg,17.263493,-25.071114
sample_05689.jpg,-11.854162,-8.870692
sample_05690.jpg,-24.114737,13.465124
sample_05691.jpg,-1.0996829,49.211838
sample_05692.jpg,21.287178,-24.503525
sample_05693.jpg,14.678335,26.884867
sample_05694.jpg,-14.903073,57.007504
sample_05695.jpg,-39.052547,17.664883
sample_05696.jpg,29.283627,-28.58898
sample_05697.jpg,2.16694,-5.0292344
sample_05698.jpg,-25.245337,11.639184
sample_05699.jpg,15.642314,-1.2744905
sample_05700.jpg,-4.9812746,52.4658
sample_05701.jpg,33.634296,-24.28937
sample_05702.jpg,-8.407662,-13.9112625
sample_05703.jpg,-30.901505,17.844694
sample_05704.jpg,15.026122,0.6524277
sample_05705.jpg,-14.000181,14.201635
sample_05706.jpg,24.35292,-21.857683
sample_05707.jpg,-9.172076,-28.11972
sample_05708.jpg,5.071168,-5.442177
sample_05709.jpg,6.989891,-3.8389566
sample_05710.jpg,-12.444138,-10.328803
sample_05711.jpg,17.485228,7.1611457
sample_05712.jpg,-4.572045,1.8994842
sample_05713.jpg,-23.020054,10.652406
sample_05714.jpg,-7.5247397,-4.9521327
sample_05715.jpg,-2.4617531,-13.213393
sample_05716.jpg,12.4157915,24.57833
sample_05717.jpg,25.913712,-21.223976
sample_05718.jpg,-17.7528,-1.5581934
sample_05719.jpg,-11.23644,10.361671
sample_05720.jpg,9.856163,11.108032
sample_05721.jpg,-1.4768257,0.7947582
sample_05722.jpg,-20.824625,0.25012204
sample_05723.jpg,-15.909566,7.804683
sample_05724.jpg,-18.86204,-0.10620412
sample_05725.jpg,-12.408683,-31.161758
sample_05726.jpg,2.9696686,40.370277
sample_05727.jpg,-0.608844,-16.031536
sample_05728.jpg,-3.6783342,10.478968
sample_05729.jpg,-7.0537024,-27.894707
sample_05730.jpg,2.7949564,42.50598
sample_05731.jpg,-20.627563,4.3997684
sample_05732.jpg,16.228956,-15.810657
sample_05733.jpg,31.970657,-28.1895
sample_05734.jpg,25.618261,3.696806
sample_05735.jpg,33.28036,-6.172628
sample_05736.jpg,-31.934666,0.47344086
sample_05737.jpg,25.102505,32.437202
sample_05738.jpg,5.78063,-1.1235671
sample_05739.jpg,15.767786,3.1896048
sample_05740.jpg,6.2768397,-25.388062
sample_05741.jpg,-7.2935596,-10.302876
sample_05742.jpg,-11.914057,-0.7164277
sample_05743.jpg,3.6547065,10.069223
sample_05744.jpg,-2.6413548,-26.92761
sample_05745.jpg,-44.947033,-10.027555
sample_05746.jpg,10.919696,-0.2598204
sample_05747.jpg,5.2170086,-12.236968
sample_05748.jpg,-18.360304,-2.5490694
sample_05749.jpg,21.259161,-25.417965
sample_05750.jpg,5.7252154,-5.3093
sample_05751.jpg,-19.989883,-11.019122
sample_05752.jpg,13.739908,-7.495095
sample_05753.jpg,-19.596401,-2.1039536
sample_05754.jpg,32.75753,-30.735516
sample_05755.jpg,25.335411,3.75447
sample_05756.jpg,17.940462,-12.543643
sample_05757.jpg,-5.8230977,-27.63865
sample_05758.jpg,23.289303,-28.31195
sample_05759.jpg,-23.072346,0.5322323
sample_05760.jpg,16.227201,-8.80148
sample_05761.jpg,0.46152556,-2.8202531
sample_05762.jpg,2.9311295,38.453197
sample_05763.jpg,26.056894,4.380479
sample_05764.jpg,16.616457,-30.175755
sample_05765.jpg,3.3166945,0.3617885
sample_05766.jpg,-33.025196,-29.061806
sample_05767.jpg,24.693892,-12.554097
sample_05768.jpg,17.762888,3.342777
sample_05769.jpg,12.003067,-31.413815
sample_05770.jpg,30.710926,-16.529514
sample_05771.jpg,7.8958154,-7.333592
sample_05772.jpg,-0.10267879,4.685391
sample_05773.jpg,-8.880639,3.3999133
sample_05774.jpg,19.182762,-31.488308
sample_05775.jpg,-18.97478,3.818136
sample_05776.jpg,34.072304,-27.811663
sample_05777.jpg,28.970484,-20.818253
sample_05778.jpg,-3.582963,-6.0951257
sample_05779.jpg,2.0831616,-7.5470867
sample_05780.jpg,-0.047059536,47.97723
sample_05781.jpg,-24.867065,10.812203
sample_05782.jpg,-4.6817174,-3.8001354
sample_05783.jpg,29.23288,-9.614649
sample_05784.jpg,-3.469357,-1.6858813
sample_05785.jpg,-10.865729,8.8997555
sample_05786.jpg,-30.853294,-5.509186
sample_05787.jpg,-33.17499,-29.05308
sample_05788.jpg,-8.619512,54.338005
sample_05789.jpg,-16.956888,57.165745
sample_05790.jpg,0.96488076,5.0478024
sample_05791.jpg,3.636506,6.1953945
sample_05792.jpg,-28.920603,-23.72208
sample_05793.jpg,0.5944047,-0.46727592
sample_05794.jpg,11.502098,-27.162212
sample_05795.jpg,-5.3292303,-6.0302153
sample_05796.jpg,2.7116425,-10.688287
sample_05797.jpg,-6.396113,16.399559
sample_05798.jpg,-20.05624,9.853637
sample_05799.jpg,-13.893286,-1.2921546
sample_05800.jpg,-10.8836355,-3.2617757
sample_05801.jpg,11.986917,12.060527
sample_05802.jpg,6.6609263,16.479902
sample_05803.jpg,10.068348,-4.9822674
sample_05804.jpg,9.464767,4.14371
sample_05805.jpg,32.40857,30.977636
sample_05806.jpg,-2.7406435,-21.329206
sample_05807.jpg,-11.245054,1.6230533
sample_05808.jpg,-18.11199,8.128345
sample_05809.jpg,12.655367,-2.807412
sample_05810.jpg,-11.256617,15.452091
sample_05811.jpg,-12.257993,-30.04021
sample_05812.jpg,-1.3597677,-0.9385851
sample_05813.jpg,-16.810179,7.7847314
sample_05814.jpg,-2.8732042,50.79851
sample_05815.jpg,-2.6258636,17.419813
sample_05816.jpg,-11.211404,-28.464205
sample_05817.jpg,-9.724315,3.7375543
sample_05818.jpg,-11.210463,12.337117
sample_05819.jpg,-7.258947,-28.09223
sample_05820.jpg,3.030083,40.01088
sample_05821.jpg,-37.53952,6.202742
sample_05822.jpg,6.0511,-9.172286
sample_05823.jpg,-0.09560871,2.2272856
sample_05824.jpg,-24.57323,-18.142178
sample_05825.jpg,-15.321536,-9.568651
sample_05826.jpg,44.691666,26.680851
sample_05827.jpg,-7.6208463,9.639683
sample_05828.jpg,-31.033918,12.890243
sample_05829.jpg,-11.787401,16.937761
sample_05830.jpg,34.195545,-15.525909
sample_05831.jpg,-35.066246,-32.495342
sample_05832.jpg,-9.953413,-28.261961
sample_05833.jpg,9.774521,-10.46164
sample_05834.jpg,-11.462624,-18.375599
sample_05835.jpg,-10.570228,-17.671068
sample_05836.jpg,26.263168,2.447821
sample_05837.jpg,-26.445358,18.727644
sample_05838.jpg,29.904617,-28.297138
sample_05839.jpg,4.355314,2.6688724
sample_05840.jpg,4.375823,8.722002
sample_05841.jpg,28.455667,-8.766607
sample_05842.jpg,13.886278,31.414404
sample_05843.jpg,26.419409,31.934423
sample_05844.jpg,16.956245,29.451815
sample_05845.jpg,-15.4725,13.23006
sample_05846.jpg,8.987263,19.37381
sample_05847.jpg,-35.55082,16.228153
sample_05848.jpg,-36.030224,8.190021
sample_05849.jpg,-12.393503,-31.551012
sample_05850.jpg,-45.016174,-9.834209
sample_05851.jpg,-16.739569,-14.592621
sample_05852.jpg,-0.8779572,9.461825
sample_05853.jpg,43.74545,27.463507
sample_05854.jpg,12.4433365,0.79220545
sample_05855.jpg,6.5167994,5.872943
sample_05856.jpg,27.412424,32.917267
sample_05857.jpg,35.381245,-24.61924
sample_05858.jpg,-1.9832774,-3.159386
sample_05859.jpg,-37.801735,5.8785853
sample_05860.jpg,-8.989774,8.448538
sample_05861.jpg,-14.861885,9.549452
sample_05862.jpg,14.63339,-1.303754
sample_05863.jpg,29.808365,-25.506325
sample_05864.jpg,13.785705,-20.924835
sample_05865.jpg,-51.685123,-8.6686945
sample_05866.jpg,-15.336318,-8.613906
sample_05867.jpg,-33.356236,16.888132
sample_05868.jpg,-7.764901,-21.474436
sample_05869.jpg,-4.6797385,-14.991695
sample_05870.jpg,31.272837,-27.809084
sample_05871.jpg,27.927885,-28.55423
sample_05872.jpg,5.640909,9.308661
sample_05873.jpg,-18.457367,7.5045123
sample_05874.jpg,-33.335014,-29.437052
sample_05875.jpg,24.55195,32.13092
sample_05876.jpg,34.155228,-13.540465
sample_05877.jpg,-15.045574,-7.814585
sample_05878.jpg,1.2457632,45.01262
sample_05879.jpg,33.27634,-26.605593
sample_05880.jpg,-34.821335,3.4996715
sample_05881.jpg,3.3130636,40.75492
sample_05882.jpg,-11.688379,55.603165
sample_05883.jpg,0.51256746,-2.0162454
sample_05884.jpg,-3.7226,-13.342654
sample_05885.jpg,-22.636032,8.864873
sample_05886.jpg,26.47015,-22.94433
sample_05887.jpg,-9.238108,54.639305
sample_05888.jpg,-22.829184,4.395045
sample_05889.jpg,-19.045805,9.306871
sample_05890.jpg,-23.651205,8.006137
sample_05891.jpg,-4.665005,-9.252089
sample_05892.jpg,-30.838839,10.892584
sample_05893.jpg,-44.7068,-9.885423
sample_05894.jpg,-5.056123,9.005504
sample_05895.jpg,-15.291784,12.061295
sample_05896.jpg,33.15326,-21.738022
sample_05897.jpg,-14.707347,22.148252
sample_05898.jpg,-22.707117,17.084162
sample_05899.jpg,-6.264048,-24.364065
sample_05900.jpg,4.1256495,38.535244
sample_05901.jpg,-18.234192,11.199878
sample_05902.jpg,-21.715862,13.414462
sample_05903.jpg,22.522243,-23.943611
sample_05904.jpg,1.4490582,45.930443
sample_05905.jpg,23.827894,31.637827
sample_05906.jpg,13.373149,-10.268544
sample_05907.jpg,23.097923,-0.95090973
sample_05908.jpg,-20.792177,10.153239
sample_05909.jpg,13.302101,10.420087
sample_05910.jpg,-10.412741,-27.207521
sample_05911.jpg,-4.255498,5.879173
sample_05912.jpg,-0.46036774,-7.155511
sample_05913.jpg,3.010059,-0.8288409
sample_05914.jpg,-17.686954,2.4434817
sample_05915.jpg,-28.730137,-6.0335455
sample_05916.jpg,7.6951103,4.8146067
sample_05917.jpg,3.6586428,7.889944
sample_05918.jpg,-22.563229,17.100882
sample_05919.jpg,11.13363,-2.44521
sample_05920.jpg,3.515892,38.547787
sample_05921.jpg,-30.338572,5.3121247
sample_05922.jpg,-3.2984693,52.31682
sample_05923.jpg,0.54360235,-17.542011
sample_05924.jpg,-48.088352,-9.496351
sample_05925.jpg,-1.682467,1.4576539
sample_05926.jpg,24.127848,-20.456505
sample_05927.jpg,-15.977837,10.689004
sample_05928.jpg,-8.539732,-19.689213
sample_05929.jpg,-7.059578,52.924046
sample_05930.jpg,-11.710816,0.7588826
sample_05931.jpg,21.177704,-33.531414
sample_05932.jpg,22.02307,-14.38165
sample_05933.jpg,-4.1446934,20.873138
sample_05934.jpg,26.00103,3.168354
sample_05935.jpg,-9.834785,13.618066
sample_05936.jpg,-30.690859,-25.71769
sample_05937.jpg,4.5141044,11.949178
sample_05938.jpg,9.157586,-5.8785663
sample_05939.jpg,-8.196976,21.929827
sample_05940.jpg,-19.264713,14.872718
sample_05941.jpg,-4.3982525,-6.1545124
sample_05942.jpg,-16.63935,4.6398816
sample_05943.jpg,-26.260008,10.635327
sample_05944.jpg,-4.8604026,-2.1740444
sample_05945.jpg,4.259127,-15.221995
sample_05946.jpg,23.230776,-21.5566
sample_05947.jpg,26.925428,32.800797
sample_05948.jpg,-23.054216,12.337071
sample_05949.jpg,-15.402298,55.94302
sample_05950.jpg,-23.14293,-2.2783766
sample_05951.jpg,19.156574,2.0888104
sample_05952.jpg,-16.655642,57.04598
sample_05953.jpg,15.285448,23.131538
sample_05954.jpg,16.224834,9.019416
sample_05955.jpg,18.265512,5.393369
sample_05956.jpg,-52.13052,-8.523302
sample_05957.jpg,3.842072,3.3393426
sample_05958.jpg,-18.40137,-0.6377673
sample_05959.jpg,3.2258413,-4.0483274
sample_05960.jpg,-16.323027,1.2319695
sample_05961.jpg,0.23296396,-7.389706
sample_05962.jpg,-6.734188,-5.4455066
sample_05963.jpg,0.5121964,-20.955946
sample_05964.jpg,-19.503956,-20.606136
sample_05965.jpg,2.3939314,8.76553
sample_05966.jpg,18.95336,31.171734
sample_05967.jpg,25.27635,3.565145
sample_05968.jpg,-12.026633,-12.802004
sample_05969.jpg,37.675266,30.804287
sample_05970.jpg,-16.100721,12.326689
sample_05971.jpg,0.6190006,38.22691
sample_05972.jpg,31.709202,30.923868
sample_05973.jpg,18.370682,-2.6759365
sample_05974.jpg,-15.358137,8.035245
sample_05975.jpg,-4.41508,52.44262
sample_05976.jpg,-8.03058,2.9655225
sample_05977.jpg,27.603603,-10.500917
sample_05978.jpg,-19.983246,14.680709
sample_05979.jpg,21.337706,-22.099426
sample_05980.jpg,21.835981,-26.382292
sample_05981.jpg,-28.035269,9.7580385
sample_05982.jpg,3.3696256,1.6120905
sample_05983.jpg,-0.30393225,17.336742
sample_05984.jpg,32.443558,-26.39055
sample_05985.jpg,-22.169085,5.56051
sample_05986.jpg,27.7454,-17.500004
sample_05987.jpg,-23.454464,9.896077
sample_05988.jpg,6.5447598,-16.193205
sample_05989.jpg,-6.989245,-0.5989551
sample_05990.jpg,4.6349144,-5.7087216
sample_05991.jpg,-9.794706,55.338467
sample_05992.jpg,11.35779,-25.435053
sample_05993.jpg,35.60552,-22.593279
sample_05994.jpg,33.029537,-28.001064
sample_05995.jpg,-0.5950442,-2.8832078
sample_05996.jpg,-29.27977,22.283815
sample_05997.jpg,-9.365754,-28.87061
sample_05998.jpg,-1.8241836,-23.138771
sample_05999.jpg,1.7667146,-19.422318
sample_06000.jpg,-20.771563,17.293764
sample_06001.jpg,-9.97711,-14.167078
sample_06002.jpg,3.3356702,36.572422
sample_06003.jpg,0.95711815,-6.54715
sample_06004.jpg,6.8339524,2.1661358
sample_06005.jpg,-5.775878,-27.557701
sample_06006.jpg,20.837143,-20.07384
sample_06007.jpg,3.4580026,3.4129436
sample_06008.jpg,20.208141,2.4871745
sample_06009.jpg,4.961176,10.292044
sample_06010.jpg,-4.8467617,15.407119
sample_06011.jpg,-7.2640557,11.645795
sample_06012.jpg,-3.259597,50.56608
sample_06013.jpg,8.236725,-12.797913
sample_06014.jpg,-10.9380455,-29.440002
sample_06015.jpg,-7.268407,-5.722295
sample_06016.jpg,14.561245,28.165222
sample_06017.jpg,13.882346,-3.9203765
sample_06018.jpg,-32.070225,-28.248049
sample_06019.jpg,21.5671,-3.4818735
sample_06020.jpg,23.53734,13.6131935
sample_06021.jpg,-15.490062,15.247474
sample_06022.jpg,2.5456917,40.16736
sample_06023.jpg,23.64443,-0.015908979
sample_06024.jpg,14.000828,27.759512
sample_06025.jpg,-29.724865,1.5575925
sample_06026.jpg,31.485456,-15.809303
sample_06027.jpg,-11.333514,-23.480223
sample_06028.jpg,20.27334,-33.756393
sample_06029.jpg,6.0966306,-2.0122712
sample_06030.jpg,-20.64329,12.563215
sample_06031.jpg,27.110573,-25.668789
sample_06032.jpg,-2.100057,4.7386923
sample_06033.jpg,-22.090761,4.8671145
sample_06034.jpg,-41.214485,-10.841715
sample_06035.jpg,-12.493539,55.72244
sample_06036.jpg,-7.320201,53.89806
sample_06037.jpg,-11.400324,-2.626551
sample_06038.jpg,31.45296,-5.098357
sample_06039.jpg,25.618973,-23.627357
sample_06040.jpg,28.266838,-14.058808
sample_06041.jpg,13.862568,31.507504
sample_06042.jpg,-5.913807,12.699365
sample_06043.jpg,4.1789064,-17.37129
sample_06044.jpg,-29.03176,18.984919
sample_06045.jpg,-16.52317,0.92054576
sample_06046.jpg,-20.48784,15.950833
sample_06047.jpg,-36.50519,17.480543
sample_06048.jpg,34.563942,31.96736
sample_06049.jpg,-34.05798,1.2761798
sample_06050.jpg,-26.711037,23.984785
sample_06051.jpg,4.974553,17.2325
sample_06052.jpg,-3.64893,-7.2629495
sample_06053.jpg,-12.056629,8.00887
sample_06054.jpg,-14.185699,-6.753016
sample_06055.jpg,26.20941,-21.5947
sample_06056.jpg,12.5284815,-16.919504
sample_06057.jpg,-19.446856,4.2650495
sample_06058.jpg,23.783909,-9.741568
sample_06059.jpg,-7.5544353,54.10767
sample_06060.jpg,-16.231167,14.0885
sample_06061.jpg,-51.46155,-8.465007
sample_06062.jpg,13.805047,4.009584
sample_06063.jpg,0.33109272,47.54896
sample_06064.jpg,-0.7256759,47.685734
sample_06065.jpg,23.37356,-13.599979
sample_06066.jpg,-23.952175,17.573948
sample_06067.jpg,-10.448412,11.806285
sample_06068.jpg,7.8613696,-12.087745
sample_06069.jpg,-1.3802062,-19.952402
sample_06070.jpg,-21.039242,-2.394981
sample_06071.jpg,43.648045,27.85369
sample_06072.jpg,16.537859,-11.297813
sample_06073.jpg,0.05453745,-13.919256
sample_06074.jpg,24.78897,-5.9972367
sample_06075.jpg,-18.972538,-8.507497
sample_06076.jpg,-4.1380386,5.408146
sample_06077.jpg,26.481827,-23.44238
sample_06078.jpg,37.462715,31.263319
sample_06079.jpg,5.068539,6.637793
sample_06080.jpg,-19.967823,-6.930193
sample_06081.jpg,3.2806427,-10.48578
sample_06082.jpg,44.36367,27.91356
sample_06083.jpg,-31.495693,13.32907
sample_06084.jpg,-3.5545335,2.0506692
sample_06085.jpg,-7.6301284,7.776325
sample_06086.jpg,18.77332,-33.071564
sample_06087.jpg,-8.073056,53.24748
sample_06088.jpg,3.7115662,-0.55333656
sample_06089.jpg,17.86998,-9.716929
sample_06090.jpg,-6.0327034,4.870706
sample_06091.jpg,-3.8577578,-9.528707
sample_06092.jpg,0.33261326,-7.2720137
sample_06093.jpg,-10.494261,-0.9015487
sample_06094.jpg,3.9587915,-24.864237
sample_06095.jpg,18.428045,-15.634832
sample_06096.jpg,11.664684,2.597315
sample_06097.jpg,-48.668297,-9.111793
sample_06098.jpg,-22.583843,10.723828
sample_06099.jpg,-11.972437,3.5314074
sample_06100.jpg,25.503468,-22.202583
sample_06101.jpg,9.04931,-24.20124
sample_06102.jpg,-17.327948,-3.8936782
sample_06103.jpg,5.3335576,-0.02395883
sample_06104.jpg,14.616236,14.117752
sample_06105.jpg,10.284028,-9.760779
sample_06106.jpg,-0.44406644,48.35566
sample_06107.jpg,22.56653,-14.2661085
sample_06108.jpg,14.764081,-14.885216
sample_06109.jpg,27.908491,-9.528183
sample_06110.jpg,12.285279,-3.8470757
sample_06111.jpg,-7.734858,2.252438
sample_06112.jpg,7.474689,9.929499
sample_06113.jpg,-41.643093,-10.724559
sample_06114.jpg,0.76725,44.17729
sample_06115.jpg,-2.3609204,17.648424
sample_06116.jpg,26.176899,-21.094656
sample_06117.jpg,32.940517,-23.455248
sample_06118.jpg,24.10833,-12.121595
sample_06119.jpg,-37.16197,12.163583
sample_06120.jpg,-22.461464,5.489614
sample_06121.jpg,17.646418,-12.956059
sample_06122.jpg,19.88072,-14.940305
sample_06123.jpg,8.428998,6.7085543
sample_06124.jpg,-12.802154,55.353706
sample_06125.jpg,28.69169,-24.342258
sample_06126.jpg,37.33849,-15.034409
sample_06127.jpg,-11.810034,11.778085
sample_06128.jpg,4.7113457,-6.9459767
sample_06129.jpg,-10.197846,1.6136916
sample_06130.jpg,-12.518376,8.393845
sample_06131.jpg,11.652936,1.2286513
sample_06132.jpg,0.17755954,-6.743626
sample_06133.jpg,-34.329834,-31.47432
sample_06134.jpg,-19.04932,-14.214576
sample_06135.jpg,-3.0245574,14.390419
sample_06136.jpg,-8.971936,12.996285
sample_06137.jpg,-35.72553,10.0990715
sample_06138.jpg,-10.452342,-19.806211
sample_06139.jpg,-19.507841,2.4690225
sample_06140.jpg,-17.122303,-14.541283
sample_06141.jpg,-4.771142,53.10662
sample_06142.jpg,-33.78947,23.132488
sample_06143.jpg,28.78714,-25.71512
sample_06144.jpg,-11.669324,-8.458819
sample_06145.jpg,-17.033815,12.743177
sample_06146.jpg,-6.6409073,13.942053
sample_06147.jpg,14.86614,-0.55026627
sample_06148.jpg,39.295807,30.312943
sample_06149.jpg,-35.30045,20.219364
sample_06150.jpg,-28.693003,5.514553
sample_06151.jpg,3.870554,-17.945074
sample_06152.jpg,24.701796,-21.867731
sample_06153.jpg,-13.380846,-4.0805483
sample_06154.jpg,4.158447,-0.19785926
sample_06155.jpg,-13.319735,11.821291
sample_06156.jpg,29.873825,32.784233
sample_06157.jpg,-17.771656,7.5527325
sample_06158.jpg,-29.68165,-2.2574987
sample_06159.jpg,-26.605875,18.267286
sample_06160.jpg,-33.182823,-29.19082
sample_06161.jpg,-12.941303,-22.433851
sample_06162.jpg,7.1179786,-19.38274
sample_06163.jpg,20.704985,-33.709435
sample_06164.jpg,23.846968,-29.774212
sample_06165.jpg,-2.3685946,-10.975794
sample_06166.jpg,23.587593,-29.215797
sample_06167.jpg,19.917698,-2.6163425
sample_06168.jpg,-21.352348,17.02108
sample_06169.jpg,-6.8850727,52.70592
sample_06170.jpg,8.844434,3.7623987
sample_06171.jpg,-7.2660213,11.753078
sample_06172.jpg,9.433877,-14.928379
sample_06173.jpg,1.4327652,19.309958
sample_06174.jpg,4.3428726,14.693768
sample_06175.jpg,-9.268045,-22.665625
sample_06176.jpg,-19.728214,5.811292
sample_06177.jpg,0.30967337,-4.2393756
sample_06178.jpg,-35.75989,-33.393307
sample_06179.jpg,10.072837,-9.101868
sample_06180.jpg,3.2228346,-23.578152
sample_06181.jpg,36.70172,-22.460373
sample_06182.jpg,-7.0708213,-13.141335
sample_06183.jpg,-11.761542,14.0342
sample_06184.jpg,-18.761278,57.15964
sample_06185.jpg,15.269663,27.546566
sample_06186.jpg,-19.507845,18.2815
sample_06187.jpg,4.788716,-22.688583
sample_06188.jpg,-28.113869,15.8830595
sample_06189.jpg,-33.77054,21.829845
sample_06190.jpg,-4.996595,-13.7176075
sample_06191.jpg,20.35577,3.6206129
sample_06192.jpg,-20.928396,-11.85904
sample_06193.jpg,-4.897376,0.50890255
sample_06194.jpg,24.170834,-18.872534
sample_06195.jpg,-33.148746,5.334317
sample_06196.jpg,23.035736,33.175205
sample_06197.jpg,-18.136345,-14.947762
sample_06198.jpg,3.2875917,36.579945
sample_06199.jpg,3.4036489,41.01172
sample_06200.jpg,-20.363733,57.67851
sample_06201.jpg,-13.916458,18.344826
sample_06202.jpg,-30.615849,14.806016
sample_06203.jpg,-10.989047,-28.996113
sample_06204.jpg,-32.66713,16.350521
sample_06205.jpg,19.091843,-12.330578
sample_06206.jpg,16.25412,-9.568527
sample_06207.jpg,-30.626144,-25.522379
sample_06208.jpg,12.958809,-7.1343155
sample_06209.jpg,3.9399133,2.1343071
sample_06210.jpg,-10.388002,-26.765715
sample_06211.jpg,19.170359,-34.17346
sample_06212.jpg,30.794744,-30.292707
sample_06213.jpg,1.9897604,-12.267965
sample_06214.jpg,-11.511295,56.540905
sample_06215.jpg,33.776264,-16.374489
sample_06216.jpg,18.758163,30.176111
sample_06217.jpg,22.193924,-15.15387
sample_06218.jpg,-13.888828,22.724102
sample_06219.jpg,-21.896805,11.709342
sample_06220.jpg,32.237602,-26.745354
sample_06221.jpg,3.8520832,37.518517
sample_06222.jpg,0.9501166,-7.960897
sample_06223.jpg,-16.101978,8.365075
sample_06224.jpg,-12.491508,-26.227222
sample_06225.jpg,32.072155,-24.186106
sample_06226.jpg,16.979605,-15.112703
sample_06227.jpg,-24.45298,23.866386
sample_06228.jpg,-24.337297,18.573555
sample_06229.jpg,8.076726,-2.0685983
sample_06230.jpg,-47.03227,-9.591863
sample_06231.jpg,25.702747,3.4717503
sample_06232.jpg,-28.253626,5.6297736
sample_06233.jpg,-38.039417,11.302066
sample_06234.jpg,11.195997,-5.4176474
sample_06235.jpg,-8.272645,0.02952052
sample_06236.jpg,9.413291,-0.08004743
sample_06237.jpg,-8.68201,-15.504667
sample_06238.jpg,-13.911344,15.221874
sample_06239.jpg,-21.842312,17.549654
sample_06240.jpg,-3.223736,20.27687
sample_06241.jpg,-24.241318,22.229979
sample_06242.jpg,11.137216,-19.026134
sample_06243.jpg,8.843163,-29.759012
sample_06244.jpg,34.452312,-22.192257
sample_06245.jpg,40.894306,29.966105
sample_06246.jpg,29.04441,-17.944836
sample_06247.jpg,38.719852,31.244415
sample_06248.jpg,1.7091147,44.767746
sample_06249.jpg,-25.002914,7.695855
sample_06250.jpg,-20.409115,25.67484
sample_06251.jpg,11.256719,1.4949493
sample_06252.jpg,16.392714,-22.068176
sample_06253.jpg,-4.4318814,-27.837158
sample_06254.jpg,5.0590367,-2.0856876
sample_06255.jpg,21.921875,-23.825304
sample_06256.jpg,6.4258966,-5.8744435
sample_06257.jpg,-0.23447555,-9.815008
sample_06258.jpg,29.254608,-12.8956375
sample_06259.jpg,-10.656483,12.598563
sample_06260.jpg,5.3932047,-14.235194
sample_06261.jpg,-14.460735,-0.31594566
sample_06262.jpg,2.0842679,-7.39989
sample_06263.jpg,-22.935116,-6.4430594
sample_06264.jpg,7.5012116,-6.2450647
sample_06265.jpg,-5.4806113,-11.224644
sample_06266.jpg,26.941711,2.8797693
sample_06267.jpg,43.006695,27.001518
sample_06268.jpg,-7.336901,55.07026
sample_06269.jpg,-20.313892,6.9128036
sample_06270.jpg,14.178627,-11.650775
sample_06271.jpg,-16.068352,14.3484745
sample_06272.jpg,31.932266,5.0479856
sample_06273.jpg,12.144541,-11.528862
sample_06274.jpg,1.3260522,44.786224
sample_06275.jpg,-3.9204836,2.8788772
sample_06276.jpg,-7.1202946,-18.949793
sample_06277.jpg,17.109873,-9.662512
sample_06278.jpg,-2.1310017,-21.563425
sample_06279.jpg,-23.293827,5.7452445
sample_06280.jpg,0.8080529,3.3035097
sample_06281.jpg,30.099361,-23.195356
sample_06282.jpg,6.7035003,-2.1010315
sample_06283.jpg,2.731674,41.213116
sample_06284.jpg,-16.164934,7.0064435
sample_06285.jpg,14.201252,-15.659609
sample_06286.jpg,-19.537683,12.6801815
sample_06287.jpg,28.021168,-17.804037
sample_06288.jpg,0.13008513,-0.9803818
sample_06289.jpg,21.165045,-32.8541
sample_06290.jpg,-3.9015098,-3.7200603
sample_06291.jpg,21.648317,-14.489474
sample_06292.jpg,-1.4225451,-17.56456
sample_06293.jpg,41.45,27.738058
sample_06294.jpg,31.86644,5.030662
sample_06295.jpg,45.79314,25.890856
sample_06296.jpg,-3.1981828,-24.647171
sample_06297.jpg,19.529572,29.54755
sample_06298.jpg,39.118893,-14.863119
sample_06299.jpg,15.183255,29.233149
sample_06300.jpg,-33.44149,-29.418337
sample_06301.jpg,9.541084,-9.2967415
sample_06302.jpg,-2.3452346,17.233978
sample_06303.jpg,3.6046536,-20.320642
sample_06304.jpg,31.404943,-20.933105
sample_06305.jpg,-20.35758,13.794914
sample_06306.jpg,3.3875935,1.674293
sample_06307.jpg,-12.304292,-1.320173
sample_06308.jpg,12.156092,-7.1159163
sample_06309.jpg,-14.688189,7.058351
sample_06310.jpg,-5.655638,52.6208
sample_06311.jpg,6.6739407,-7.8671656
sample_06312.jpg,22.730648,-12.542303
sample_06313.jpg,-1.4377571,-6.8312883
sample_06314.jpg,17.961227,30.013372
sample_06315.jpg,3.0347688,-1.9252121
sample_06316.jpg,-34.130066,17.793688
sample_06317.jpg,-34.312256,5.8425627
sample_06318.jpg,14.984221,1.6780634
sample_06319.jpg,-10.086974,16.625822
sample_06320.jpg,-30.237545,-26.332314
sample_06321.jpg,15.38867,22.98337
sample_06322.jpg,-1.697102,-12.497627
sample_06323.jpg,14.021434,-1.0872549
sample_06324.jpg,29.115305,32.54109
sample_06325.jpg,13.772294,-35.086456
sample_06326.jpg,29.626423,-7.267596
sample_06327.jpg,-13.36969,-22.767778
sample_06328.jpg,3.3071842,36.54915
sample_06329.jpg,31.22818,32.819016
sample_06330.jpg,-19.591753,57.51161
sample_06331.jpg,-13.975648,10.278683
sample_06332.jpg,-1.6331753,-1.5265864
sample_06333.jpg,1.5094627,44.589577
sample_06334.jpg,21.678003,3.5037313
sample_06335.jpg,-35.770214,15.841222
sample_06336.jpg,11.0993,10.169577
sample_06337.jpg,35.48743,-22.811863
sample_06338.jpg,-15.713056,16.713457
sample_06339.jpg,20.816786,31.8759
sample_06340.jpg,20.898172,7.055169
sample_06341.jpg,-6.371213,0.21104309
sample_06342.jpg,7.6711907,-13.234345
sample_06343.jpg,19.104753,30.357456
sample_06344.jpg,31.317007,-9.284997
sample_06345.jpg,22.195602,-4.9209285
sample_06346.jpg,28.933765,-3.5292466
sample_06347.jpg,-27.344505,2.351323
sample_06348.jpg,-36.75443,13.280318
sample_06349.jpg,28.877888,-24.294214
sample_06350.jpg,-16.624176,-28.143862
sample_06351.jpg,18.233213,-25.066593
sample_06352.jpg,40.060352,-14.973498
sample_06353.jpg,1.8578234,-0.97674364
sample_06354.jpg,-15.92167,-11.370168
sample_06355.jpg,-6.9138784,51.70379
sample_06356.jpg,21.209494,-4.4396014
sample_06357.jpg,-14.163022,54.969524
sample_06358.jpg,11.481212,-6.078079
sample_06359.jpg,-35.75885,19.912334
sample_06360.jpg,41.418423,27.759335
sample_06361.jpg,21.485826,33.081745
sample_06362.jpg,-22.91538,15.048778
sample_06363.jpg,-5.6098967,3.5216997
sample_06364.jpg,-2.345156,-9.863024
sample_06365.jpg,-34.0818,4.4911847
sample_06366.jpg,-15.788081,-21.250113
sample_06367.jpg,28.456509,32.77055
sample_06368.jpg,36.745518,31.418293
sample_06369.jpg,-24.907164,14.131695
sample_06370.jpg,-7.0327034,-13.363542
sample_06371.jpg,-35.852283,9.681661
sample_06372.jpg,-1.4192452,18.674627
sample_06373.jpg,22.698883,-14.243241
sample_06374.jpg,-32.962975,15.283439
sample_06375.jpg,-32.40526,14.965296
sample_06376.jpg,33.13354,-5.9813676
sample_06377.jpg,-3.7125993,-2.300477
sample_06378.jpg,-12.3828535,-5.7299023
sample_06379.jpg,11.708082,11.284238
sample_06380.jpg,-14.443523,-27.450838
sample_06381.jpg,-4.1409116,-28.171946
sample_06382.jpg,-14.532045,10.172336
sample_06383.jpg,2.8977263,1.9577702
sample_06384.jpg,24.80664,-23.939615
sample_06385.jpg,1.8920162,1.6095316
sample_06386.jpg,18.719172,8.693018
sample_06387.jpg,-22.939165,18.41087
sample_06388.jpg,-2.39376,51.124805
sample_06389.jpg,-1.2895757,48.44686
sample_06390.jpg,9.813864,-33.8409
sample_06391.jpg,0.10531903,49.13089
sample_06392.jpg,0.7196298,-18.485687
sample_06393.jpg,3.2237613,39.389183
sample_06394.jpg,24.383688,-23.080244
sample_06395.jpg,-2.157989,-23.12069
sample_06396.jpg,20.158157,-17.755909
sample_06397.jpg,17.269056,-18.879211
sample_06398.jpg,15.002427,-11.772941
sample_06399.jpg,-9.261834,54.02904
sample_06400.jpg,2.7956257,-2.3996024
sample_06401.jpg,41.379166,29.026434
sample_06402.jpg,-9.01169,22.263983
sample_06403.jpg,3.3544512,7.518304
sample_06404.jpg,28.810907,-28.469088
sample_06405.jpg,29.290485,-22.588888
sample_06406.jpg,16.449484,-20.851318
sample_06407.jpg,-8.540806,-9.444478
sample_06408.jpg,9.162456,-7.1531653
sample_06409.jpg,-2.0633228,-2.6308088
sample_06410.jpg,2.8752637,44.699635
sample_06411.jpg,4.3160405,-1.5581115
sample_06412.jpg,-12.202057,-21.637283
sample_06413.jpg,-20.450268,16.923328
sample_06414.jpg,22.056503,-10.972136
sample_06415.jpg,5.0191197,17.243958
sample_06416.jpg,1.7943721,9.001932
sample_06417.jpg,-17.25682,57.018204
sample_06418.jpg,28.481018,-4.870103
sample_06419.jpg,-1.9981749,-13.177161
sample_06420.jpg,28.699497,33.478867
sample_06421.jpg,-29.342466,-3.989274
sample_06422.jpg,-25.49218,-9.439133
sample_06423.jpg,-2.8765285,0.46297175
sample_06424.jpg,2.6311626,-33.678154
sample_06425.jpg,-23.275085,1.0191685
sample_06426.jpg,-5.3334155,22.360657
sample_06427.jpg,-7.538322,53.168697
sample_06428.jpg,32.058548,-28.37237
sample_06429.jpg,-13.257686,9.927456
sample_06430.jpg,-9.364558,4.322276
sample_06431.jpg,8.805631,5.488114
sample_06432.jpg,-6.665309,4.368379
sample_06433.jpg,-2.1179237,3.361589
sample_06434.jpg,-36.91892,17.409588
sample_06435.jpg,-11.289596,-29.376778
sample_06436.jpg,22.027212,-32.88578
sample_06437.jpg,19.691242,3.3842223
sample_06438.jpg,5.502353,7.2534456
sample_06439.jpg,-31.760258,9.954436
sample_06440.jpg,-3.1318917,2.7267482
sample_06441.jpg,-16.807312,-0.31524622
sample_06442.jpg,10.4479,-33.421837
sample_06443.jpg,-14.37856,10.125105
sample_06444.jpg,10.377678,-16.201883
sample_06445.jpg,-16.593596,6.2706013
sample_06446.jpg,15.13087,-25.14284
sample_06447.jpg,-20.185263,5.6971636
sample_06448.jpg,25.312874,-13.78841
sample_06449.jpg,-29.986534,5.88899
sample_06450.jpg,-28.105898,4.315031
sample_06451.jpg,5.256722,0.6671748
sample_06452.jpg,-8.881518,-4.443837
sample_06453.jpg,-49.95557,-9.217246
sample_06454.jpg,9.06983,-23.8164
sample_06455.jpg,2.8917964,-5.398475
sample_06456.jpg,-4.6486588,0.54511476
sample_06457.jpg,24.819977,-30.941229
sample_06458.jpg,36.05678,30.78421
sample_06459.jpg,-3.5107448,-3.7174995
sample_06460.jpg,-2.9682326,-22.093058
sample_06461.jpg,15.594116,-18.541275
sample_06462.jpg,-41.152115,-11.633622
sample_06463.jpg,2.7293317,-5.1920614
sample_06464.jpg,-28.813318,21.078054
sample_06465.jpg,0.6972429,-10.546041
sample_06466.jpg,-5.661895,-19.371246
sample_06467.jpg,-8.705782,-24.04195
sample_06468.jpg,-28.634512,10.610769
sample_06469.jpg,-2.65005,49.90593
sample_06470.jpg,-14.276699,-27.404991
sample_06471.jpg,10.138845,-0.1332579
sample_06472.jpg,4.2800393,-16.514679
sample_06473.jpg,10.234994,-7.7013764
sample_06474.jpg,-0.5140971,1.0829399
sample_06475.jpg,28.655403,34.674908
sample_06476.jpg,-4.2402287,-2.7265074
sample_06477.jpg,-1.8267789,-3.2178495
sample_06478.jpg,-1.3379309,-9.284949
sample_06479.jpg,-33.41247,14.3407755
sample_06480.jpg,-14.161646,-8.301597
sample_06481.jpg,2.3018975,-6.78722
sample_06482.jpg,2.1921866,43.32294
sample_06483.jpg,-19.058626,-12.435282
sample_06484.jpg,-38.129173,16.358055
sample_06485.jpg,31.149496,-4.9315796
sample_06486.jpg,12.58109,-9.892335
sample_06487.jpg,-24.88119,22.87265
sample_06488.jpg,19.28457,-33.535545
sample_06489.jpg,7.2153697,-20.758696
sample_06490.jpg,16.064417,0.28677404
sample_06491.jpg,0.2876155,10.559818
sample_06492.jpg,10.206405,8.434678
sample_06493.jpg,2.6833735,-0.27280965
sample_06494.jpg,-9.234124,-3.3463855
sample_06495.jpg,-24.567562,-18.397978
sample_06496.jpg,7.2457957,-18.14985
sample_06497.jpg,19.370066,-17.997034
sample_06498.jpg,-1.5557206,48.61329
sample_06499.jpg,11.574273,-0.92551905
sample_06500.jpg,40.309853,-15.283819
sample_06501.jpg,-8.500894,-21.748596
sample_06502.jpg,-20.466919,8.84755
sample_06503.jpg,24.734634,33.33609
sample_06504.jpg,-22.30251,12.55309
sample_06505.jpg,-3.0014844,-7.453311
sample_06506.jpg,-6.040034,-9.22497
sample_06507.jpg,-17.346224,-9.744755
sample_06508.jpg,-0.1627011,-18.50253
sample_06509.jpg,14.942883,2.395303
sample_06510.jpg,26.565905,3.125431
sample_06511.jpg,0.7652674,5.6002035
sample_06512.jpg,-26.092646,14.764434
sample_06513.jpg,-6.481169,0.36016145
sample_06514.jpg,27.277863,-30.428549
sample_06515.jpg,-28.899893,11.690895
sample_06516.jpg,12.196703,9.301578
sample_06517.jpg,-0.07928612,6.4301243
sample_06518.jpg,2.7092993,-12.308359
sample_06519.jpg,-7.87583,-17.110458
sample_06520.jpg,-14.583981,-4.84526
sample_06521.jpg,-5.6895113,21.045753
sample_06522.jpg,-36.56982,16.096706
sample_06523.jpg,-36.510536,15.482409
sample_06524.jpg,-15.725827,-5.6701245
sample_06525.jpg,19.71066,-22.086779
sample_06526.jpg,-0.7796514,-3.0762837
sample_06527.jpg,33.90027,-23.362501
sample_06528.jpg,-7.925049,18.738743
sample_06529.jpg,-29.20559,21.402899
sample_06530.jpg,16.122135,-27.22013
sample_06531.jpg,22.645605,-18.473396
sample_06532.jpg,-27.691254,12.76616
sample_06533.jpg,-20.68604,15.113666
sample_06534.jpg,10.763673,-3.8007848
sample_06535.jpg,15.257726,-8.099097
sample_06536.jpg,2.5492778,42.735245
sample_06537.jpg,13.990297,-13.584343
sample_06538.jpg,11.472021,4.238725
sample_06539.jpg,-35.116695,18.668686
sample_06540.jpg,-1.424972,48.636623
sample_06541.jpg,-6.3978953,-7.659308
sample_06542.jpg,-23.64465,13.298639
sample_06543.jpg,-16.954985,-2.072726
sample_06544.jpg,30.699654,-18.310692
sample_06545.jpg,-25.778854,15.458877
sample_06546.jpg,41.20162,28.985443
sample_06547.jpg,17.364656,-2.8381627
sample_06548.jpg,13.131306,-13.099318
sample_06549.jpg,-8.243697,52.73832
sample_06550.jpg,-3.0842001,13.326819
sample_06551.jpg,5.7287927,-21.152433
sample_06552.jpg,-34.21463,4.633086
sample_06553.jpg,-9.452981,-5.2804413
sample_06554.jpg,25.756357,32.42885
sample_06555.jpg,8.397149,-29.584097
sample_06556.jpg,-18.298773,9.449718
sample_06557.jpg,-20.463287,-12.898457
sample_06558.jpg,-7.2117767,-22.00894
sample_06559.jpg,-28.137348,19.022432
sample_06560.jpg,-5.960466,-8.538969
sample_06561.jpg,2.2373462,-17.151129
sample_06562.jpg,35.25233,32.33076
sample_06563.jpg,-19.521578,-4.518425
sample_06564.jpg,7.604602,-3.4691691
sample_06565.jpg,-15.731579,10.790855
sample_06566.jpg,13.350249,1.0724304
sample_06567.jpg,25.161808,7.986931
sample_06568.jpg,27.486788,-16.325449
sample_06569.jpg,-24.675505,13.167909
sample_06570.jpg,10.758582,23.033012
sample_06571.jpg,-1.5812268,3.9371583
sample_06572.jpg,-0.5567992,-30.402916
sample_06573.jpg,9.798595,5.3811817
sample_06574.jpg,17.910448,-13.851636
sample_06575.jpg,0.09317025,-15.922641
sample_06576.jpg,-24.749529,15.818245
sample_06577.jpg,-42.570267,-10.394759
sample_06578.jpg,3.066905,41.49823
sample_06579.jpg,2.8078177,-10.053413
sample_06580.jpg,-45.447037,-9.382107
sample_06581.jpg,27.027527,-14.779279
sample_06582.jpg,18.543491,-9.170813
sample_06583.jpg,25.345724,-21.491884
sample_06584.jpg,-32.75066,2.2003064
sample_06585.jpg,-24.37573,3.988004
sample_06586.jpg,11.313492,-8.883962
sample_06587.jpg,-16.346697,-9.424395
sample_06588.jpg,38.299805,-14.656209
sample_06589.jpg,-11.059092,-5.1719174
sample_06590.jpg,25.77103,1.6390449
sample_06591.jpg,-12.851827,16.043674
sample_06592.jpg,12.155582,-20.280361
sample_06593.jpg,41.084335,28.61544
sample_06594.jpg,-21.733755,16.018885
sample_06595.jpg,-14.212898,54.5569
sample_06596.jpg,21.718939,31.369743
sample_06597.jpg,10.207007,7.949534
sample_06598.jpg,26.774694,3.3997178
sample_06599.jpg,-0.65492904,-1.530317
sample_06600.jpg,14.255603,26.373268
sample_06601.jpg,-7.309827,-9.552682
sample_06602.jpg,21.01885,-32.200226
sample_06603.jpg,26.893839,-21.51688
sample_06604.jpg,10.601814,-21.041449
sample_06605.jpg,-18.536972,7.2077293
sample_06606.jpg,31.887104,31.188896
sample_06607.jpg,9.640353,2.13164
sample_06608.jpg,-7.024419,-0.5416698
sample_06609.jpg,8.428774,2.3873935
sample_06610.jpg,-21.114115,-1.2379485
sample_06611.jpg,-21.773968,11.106044
sample_06612.jpg,-5.179948,52.528667
sample_06613.jpg,24.530725,33.77846
sample_06614.jpg,-33.7153,15.324832
sample_06615.jpg,-20.795298,-7.3710504
sample_06616.jpg,25.099213,-1.8812841
sample_06617.jpg,-4.400539,51.179493
sample_06618.jpg,29.865221,-29.02387
sample_06619.jpg,6.327272,-18.690527
sample_06620.jpg,-9.450652,54.599014
sample_06621.jpg,-9.369201,21.07924
sample_06622.jpg,-1.3618736,-16.245733
sample_06623.jpg,12.962736,-13.353601
sample_06624.jpg,-30.233849,12.740124
sample_06625.jpg,12.388449,25.666412
sample_06626.jpg,0.15761113,-16.259798
sample_06627.jpg,11.74045,-19.380648
sample_06628.jpg,-17.444304,6.0017724
sample_06629.jpg,-19.59918,3.2160034
sample_06630.jpg,-2.398325,5.433093
sample_06631.jpg,32.487995,-15.515116
sample_06632.jpg,8.0521965,8.515112
sample_06633.jpg,8.6207485,-18.891653
sample_06634.jpg,2.3719018,-2.13509
sample_06635.jpg,-6.561964,-3.29764
sample_06636.jpg,2.9188437,9.529345
sample_06637.jpg,11.861337,12.41871
sample_06638.jpg,-2.4527235,1.1088308
sample_06639.jpg,-10.072499,6.219263
sample_06640.jpg,-28.36652,21.902742
sample_06641.jpg,-24.474161,11.632296
sample_06642.jpg,-20.84856,-11.068784
sample_06643.jpg,-16.296764,-7.1190457
sample_06644.jpg,3.809234,-3.125188
sample_06645.jpg,6.2593126,-2.591785
sample_06646.jpg,-0.2338448,-12.1761675
sample_06647.jpg,14.72309,-9.990694
sample_06648.jpg,-12.431876,-28.499477
sample_06649.jpg,-5.7318645,-6.207386
sample_06650.jpg,-6.7277536,-8.023997
sample_06651.jpg,-16.840733,8.777691
sample_06652.jpg,-19.32081,10.5253
sample_06653.jpg,23.764048,1.9294682
sample_06654.jpg,16.825169,27.870178
sample_06655.jpg,14.8633795,-10.016368
sample_06656.jpg,-22.535334,9.385401
sample_06657.jpg,20.928637,-3.5829494
sample_06658.jpg,8.338856,5.750504
sample_06659.jpg,2.643695,-13.237731
sample_06660.jpg,23.338528,-22.72288
sample_06661.jpg,-4.1394544,52.224686
sample_06662.jpg,3.710921,13.15494
sample_06663.jpg,-10.508629,1.4920167
sample_06664.jpg,2.2878466,-15.686444
sample_06665.jpg,22.040579,-5.685484
sample_06666.jpg,-19.6088,-12.733483
sample_06667.jpg,-3.6410697,-22.203558
sample_06668.jpg,6.767642,1.9044343
sample_06669.jpg,15.056726,2.1780462
sample_06670.jpg,-22.64472,8.915345
sample_06671.jpg,25.123112,32.59167
sample_06672.jpg,-30.156052,19.3625
sample_06673.jpg,0.51410216,45.777557
sample_06674.jpg,31.952269,-27.836897
sample_06675.jpg,14.938902,26.945475
sample_06676.jpg,16.867819,-1.0939204
sample_06677.jpg,-4.382333,16.334694
sample_06678.jpg,-19.76491,3.692474
sample_06679.jpg,4.643779,-3.7313194
sample_06680.jpg,32.031616,32.35623
sample_06681.jpg,8.645343,-15.50506
sample_06682.jpg,-4.6747065,53.79749
sample_06683.jpg,11.2197695,-30.137543
sample_06684.jpg,-1.8958364,14.23122
sample_06685.jpg,15.039161,27.152386
sample_06686.jpg,31.96753,-25.201729
sample_06687.jpg,-35.63745,3.5629823
sample_06688.jpg,34.187763,-15.598767
sample_06689.jpg,-4.885576,13.42906
sample_06690.jpg,-6.441241,-1.870229
sample_06691.jpg,1.173577,44.2453
sample_06692.jpg,-6.4729486,51.854683
sample_06693.jpg,5.6329274,-19.495817
sample_06694.jpg,-34.40803,1.05669
sample_06695.jpg,-21.375715,-11.174005
sample_06696.jpg,-19.026411,18.362003
sample_06697.jpg,-21.38287,12.916665
sample_06698.jpg,-8.442459,-5.0762672
sample_06699.jpg,-9.239456,15.099843
sample_06700.jpg,35.66265,31.536861
sample_06701.jpg,-24.663948,3.922992
sample_06702.jpg,-7.910919,6.578823
sample_06703.jpg,2.62157,-3.8492599
sample_06704.jpg,-3.5141401,-1.5588207
sample_06705.jpg,11.102588,1.7424893
sample_06706.jpg,-27.019949,11.553082
sample_06707.jpg,-24.817902,11.3355
sample_06708.jpg,10.31777,8.449132
sample_06709.jpg,-7.6763783,53.652256
sample_06710.jpg,29.251925,32.34122
sample_06711.jpg,-30.73319,2.8774352
sample_06712.jpg,-25.895887,11.6229105
sample_06713.jpg,-5.8912196,-14.819068
sample_06714.jpg,4.214717,-3.449641
sample_06715.jpg,30.666761,-26.00783
sample_06716.jpg,26.986692,3.5723884
sample_06717.jpg,-23.446083,17.228565
sample_06718.jpg,-7.7754264,-5.8413706
sample_06719.jpg,33.09417,-27.059101
sample_06720.jpg,-3.0103421,-2.6813233
sample_06721.jpg,8.864084,-20.53005
sample_06722.jpg,27.945108,-22.86891
sample_06723.jpg,-37.55022,6.1761346
sample_06724.jpg,-29.482004,14.600487
sample_06725.jpg,-33.320305,-26.903408
sample_06726.jpg,-20.085922,8.676387
sample_06727.jpg,26.106747,-30.869362
sample_06728.jpg,32.61973,32.873837
sample_06729.jpg,-8.59176,54.41617
sample_06730.jpg,-6.5478907,54.555645
sample_06731.jpg,-26.013887,5.8374667
sample_06732.jpg,-32.43751,-26.949297
sample_06733.jpg,31.403471,-2.2842486
sample_06734.jpg,-8.779813,55.776684
sample_06735.jpg,-8.898372,-4.488392
sample_06736.jpg,-10.950582,-4.688083
sample_06737.jpg,-9.133446,-0.1256722
sample_06738.jpg,11.299577,-3.717907
sample_06739.jpg,-40.130344,-10.307225
sample_06740.jpg,24.925062,-19.456627
sample_06741.jpg,18.819942,29.340862
sample_06742.jpg,5.157771,-16.482489
sample_06743.jpg,1.1754268,-22.489809
sample_06744.jpg,-30.391527,19.242182
sample_06745.jpg,30.415548,-27.307346
sample_06746.jpg,13.765071,-3.4066725
sample_06747.jpg,-20.041224,0.33156857
sample_06748.jpg,-33.161144,8.492201
sample_06749.jpg,24.631445,-26.839617
sample_06750.jpg,29.865572,-26.528471
sample_06751.jpg,20.096983,2.0344667
sample_06752.jpg,14.769788,-18.855211
sample_06753.jpg,-9.245662,16.15678
sample_06754.jpg,2.7485857,-33.79683
sample_06755.jpg,0.786665,2.1263092
sample_06756.jpg,19.480556,-29.812937
sample_06757.jpg,16.20433,-15.661923
sample_06758.jpg,-18.932636,-6.044399
sample_06759.jpg,-17.070312,-14.392659
sample_06760.jpg,-7.076502,-11.942129
sample_06761.jpg,-3.811984,51.35918
sample_06762.jpg,2.0960689,-5.77568
sample_06763.jpg,2.2382894,-3.2363806
sample_06764.jpg,-23.240482,18.958855
sample_06765.jpg,3.6109064,36.885433
sample_06766.jpg,3.0187821,17.023937
sample_06767.jpg,-8.418136,7.663921
sample_06768.jpg,19.825249,-15.648004
sample_06769.jpg,-5.4106765,11.836121
sample_06770.jpg,13.907044,-5.8599887
sample_06771.jpg,-17.176647,10.259516
sample_06772.jpg,-20.502905,6.4708533
sample_06773.jpg,13.45303,7.3317122
sample_06774.jpg,11.416869,24.6406
sample_06775.jpg,-34.70388,-32.03262
sample_06776.jpg,16.899666,3.1751711
sample_06777.jpg,28.357653,33.791363
sample_06778.jpg,-11.388941,2.3572266
sample_06779.jpg,16.253695,-28.865656
sample_06780.jpg,-21.802137,9.89721
sample_06781.jpg,25.246656,32.408516
sample_06782.jpg,-16.770893,11.089037
sample_06783.jpg,26.139116,2.351472
sample_06784.jpg,-13.651211,56.757343
sample_06785.jpg,-5.650799,-7.352757
sample_06786.jpg,-23.94208,6.8867984
sample_06787.jpg,-28.712624,15.724684
sample_06788.jpg,7.805309,-11.7483635
sample_06789.jpg,41.936363,29.194538
sample_06790.jpg,19.726875,-5.123556
sample_06791.jpg,29.15399,31.882587
sample_06792.jpg,-18.251074,6.1803694
sample_06793.jpg,-2.5034294,-21.902145
sample_06794.jpg,33.972458,32.197422
sample_06795.jpg,21.005983,-5.998981
sample_06796.jpg,1.0588201,43.988464
sample_06797.jpg,-18.737371,57.64755
sample_06798.jpg,-29.30704,-4.947985
sample_06799.jpg,5.977515,-17.491976
sample_06800.jpg,-31.631,10.451528
sample_06801.jpg,-26.258514,15.816154
sample_06802.jpg,17.921528,0.028922228
sample_06803.jpg,26.210413,3.7148547
sample_06804.jpg,-9.188333,-3.2748568
sample_06805.jpg,-22.11244,7.157417
sample_06806.jpg,-6.476327,-9.910813
sample_06807.jpg,45.475334,26.347496
sample_06808.jpg,15.355746,-12.655064
sample_06809.jpg,1.7918714,-12.832912
sample_06810.jpg,-25.16928,13.368539
sample_06811.jpg,-17.841898,-4.027488
sample_06812.jpg,-35.39494,-33.12413
sample_06813.jpg,-27.912546,12.92868
sample_06814.jpg,-20.676836,5.802052
sample_06815.jpg,-0.5903515,48.52629
sample_06816.jpg,-2.1576045,50.065002
sample_06817.jpg,27.239561,-30.194145
sample_06818.jpg,3.1461425,0.7769521
sample_06819.jpg,0.59000653,45.894672
sample_06820.jpg,-44.957603,-10.260225
sample_06821.jpg,-10.329115,2.8580203
sample_06822.jpg,0.96824294,-9.125111
sample_06823.jpg,-28.34579,12.6704645
sample_06824.jpg,16.458107,-18.547045
sample_06825.jpg,-15.729263,17.546974
sample_06826.jpg,39.760456,29.904808
sample_06827.jpg,23.96674,-12.459953
sample_06828.jpg,19.187262,1.7559074
sample_06829.jpg,38.817947,30.620733
sample_06830.jpg,-18.923166,-6.002159
sample_06831.jpg,14.792179,26.902678
sample_06832.jpg,-3.5910974,4.6313643
sample_06833.jpg,22.1707,-27.97791
sample_06834.jpg,14.534549,8.6196165
sample_06835.jpg,-46.82023,-6.7407985
sample_06836.jpg,-24.097507,-7.4753804
sample_06837.jpg,-19.064678,57.415924
sample_06838.jpg,-10.371289,2.974951
sample_06839.jpg,34.131027,-19.776321
sample_06840.jpg,15.11079,-13.1488
sample_06841.jpg,-20.658272,0.32650745
sample_06842.jpg,-3.9582014,-19.474823
sample_06843.jpg,-8.412864,-14.004255
sample_06844.jpg,-23.234154,4.231012
sample_06845.jpg,-16.600277,-11.015717
sample_06846.jpg,-26.41071,0.69387877
sample_06847.jpg,-9.9658165,1.8623173
sample_06848.jpg,-11.507845,-1.8714763
sample_06849.jpg,24.949236,-9.604581
sample_06850.jpg,-35.86014,0.2318497
sample_06851.jpg,43.425037,27.91145
sample_06852.jpg,3.6479237,-24.68618
sample_06853.jpg,-6.962402,-28.010536
sample_06854.jpg,39.81826,29.934526
sample_06855.jpg,-15.570403,6.2877817
sample_06856.jpg,-32.408382,12.80581
sample_06857.jpg,-18.577679,12.168473
sample_06858.jpg,-2.8712118,11.987335
sample_06859.jpg,8.654635,-3.6855278
sample_06860.jpg,-27.817959,8.667824
sample_06861.jpg,28.46907,-21.939571
sample_06862.jpg,-19.763422,-13.659094
sample_06863.jpg,2.7107437,23.061554
sample_06864.jpg,1.8854245,-1.7631593
sample_06865.jpg,8.642855,3.847265
sample_06866.jpg,26.22835,-16.498194
sample_06867.jpg,13.076578,7.1969423
sample_06868.jpg,11.527758,-8.767574
sample_06869.jpg,-10.641986,-29.405886
sample_06870.jpg,-18.948507,-9.582255
sample_06871.jpg,-23.288647,9.421378
sample_06872.jpg,19.511866,-9.147053
sample_06873.jpg,9.561089,-17.258131
sample_06874.jpg,-25.073925,-2.9681914
sample_06875.jpg,-1.7439332,-16.75593
sample_06876.jpg,-6.6074038,6.176098
sample_06877.jpg,-1.1561219,-8.030804
sample_06878.jpg,9.100141,10.82975
sample_06879.jpg,-3.6414907,-10.165264
sample_06880.jpg,-25.605774,12.275504
sample_06881.jpg,27.638124,-8.594488
sample_06882.jpg,-8.525329,-5.7866316
sample_06883.jpg,14.348555,27.880213
sample_06884.jpg,3.0017936,35.830112
sample_06885.jpg,-5.5279136,3.6392767
sample_06886.jpg,34.74622,32.028404
sample_06887.jpg,33.70395,33.537945
sample_06888.jpg,20.427628,-6.3292136
sample_06889.jpg,-15.853955,-2.7700396
sample_06890.jpg,-12.502111,-2.9197967
sample_06891.jpg,-20.126648,10.369694
sample_06892.jpg,28.500021,-25.829924
sample_06893.jpg,-9.887578,-27.097889
sample_06894.jpg,0.27726766,12.477433
sample_06895.jpg,16.013214,-18.173845
sample_06896.jpg,36.944393,-21.115147
sample_06897.jpg,1.0837957,7.531266
sample_06898.jpg,0.16899365,2.86555
sample_06899.jpg,-12.455603,9.762875
sample_06900.jpg,-19.905224,-2.22694
sample_06901.jpg,-12.731529,53.23033
sample_06902.jpg,37.146942,-21.674688
sample_06903.jpg,-2.4806657,-10.677234
sample_06904.jpg,-7.383163,-1.7355376
sample_06905.jpg,27.46622,-22.939037
sample_06906.jpg,-4.842994,2.1237218
sample_06907.jpg,-15.687749,8.992458
sample_06908.jpg,-18.97487,16.925348
sample_06909.jpg,-13.300757,11.111378
sample_06910.jpg,-12.687582,17.73001
sample_06911.jpg,6.6600637,2.887964
sample_06912.jpg,-9.437433,-4.705187
sample_06913.jpg,-5.9437575,-2.617638
sample_06914.jpg,0.61506873,48.97956
sample_06915.jpg,21.765419,-0.8097395
sample_06916.jpg,0.8875302,-14.053639
sample_06917.jpg,9.255152,-27.15258
sample_06918.jpg,11.225999,-10.222964
sample_06919.jpg,-2.0277393,-3.712331
sample_06920.jpg,10.5091715,14.013533
sample_06921.jpg,23.89031,-15.875375
sample_06922.jpg,-34.265774,1.9006337
sample_06923.jpg,29.939795,-30.85412
sample_06924.jpg,1.9651059,43.971077
sample_06925.jpg,2.675524,43.60729
sample_06926.jpg,31.859241,-24.094992
sample_06927.jpg,-2.7267017,3.4464562
sample_06928.jpg,26.795786,-27.719374
sample_06929.jpg,31.836143,-10.609554
sample_06930.jpg,-2.2996085,14.882186
sample_06931.jpg,29.479801,-26.26088
sample_06932.jpg,29.257668,34.741013
sample_06933.jpg,1.6779659,45.65808
sample_06934.jpg,-12.578049,-4.8823104
sample_06935.jpg,-18.03239,-13.164357
sample_06936.jpg,-21.882849,21.198542
sample_06937.jpg,4.1343555,6.6623054
sample_06938.jpg,-21.575909,-12.969253
sample_06939.jpg,-3.9122596,-11.000105
sample_06940.jpg,31.970812,-25.057158
sample_06941.jpg,19.134642,30.521544
sample_06942.jpg,-31.178583,14.9005575
sample_06943.jpg,-30.069765,12.72569
sample_06944.jpg,-53.039078,-8.314711
sample_06945.jpg,-5.6001034,2.8266902
sample_06946.jpg,28.829876,2.2305331
sample_06947.jpg,-7.668443,-17.232725
sample_06948.jpg,-28.615389,-0.5201094
sample_06949.jpg,-26.895798,11.60957
sample_06950.jpg,-22.23561,11.28313
sample_06951.jpg,27.179056,31.582706
sample_06952.jpg,23.569414,-18.835146
sample_06953.jpg,31.68195,-15.961821
sample_06954.jpg,24.890533,-30.183891
sample_06955.jpg,-17.82625,14.348964
sample_06956.jpg,-24.778751,-11.088353
sample_06957.jpg,-6.8412304,52.99254
sample_06958.jpg,0.022139499,48.17385
sample_06959.jpg,-34.41974,2.5636897
sample_06960.jpg,-18.810905,10.497711
sample_06961.jpg,2.0102367,-11.853966
sample_06962.jpg,-8.271575,21.35275
sample_06963.jpg,22.781534,-32.737965
sample_06964.jpg,23.662287,-17.977697
sample_06965.jpg,6.7897134,-11.103119
sample_06966.jpg,-4.078598,-4.658875
sample_06967.jpg,13.408545,0.2004763
sample_06968.jpg,8.688562,-17.57046
sample_06969.jpg,20.901014,-18.272076
sample_06970.jpg,28.98205,-20.504887
sample_06971.jpg,-21.910828,2.0109646
sample_06972.jpg,-22.683163,-8.167559
sample_06973.jpg,30.885336,-13.95939
sample_06974.jpg,-35.768997,16.806248
sample_06975.jpg,25.430494,32.503574
sample_06976.jpg,-6.3341093,52.565323
sample_06977.jpg,-23.32966,7.189309
sample_06978.jpg,34.03326,-28.828875
sample_06979.jpg,29.400812,-27.585144
sample_06980.jpg,-2.9760249,8.952946
sample_06981.jpg,-34.941017,14.573956
sample_06982.jpg,-26.546139,8.272547
sample_06983.jpg,12.392866,-15.00059
sample_06984.jpg,-12.331079,-30.33383
sample_06985.jpg,-11.714348,3.1210117
sample_06986.jpg,26.687437,4.3098626
sample_06987.jpg,-36.695236,7.4245567
sample_06988.jpg,28.893543,-7.881255
sample_06989.jpg,-21.283092,9.473934
sample_06990.jpg,19.989468,3.187597
sample_06991.jpg,-5.457656,-18.41254
sample_06992.jpg,20.292688,-11.7754965
sample_06993.jpg,-30.005968,10.404139
sample_06994.jpg,-16.5017,55.960594
sample_06995.jpg,-7.2289286,-4.132432
sample_06996.jpg,-38.504837,17.396692
sample_06997.jpg,22.410173,-21.470734
sample_06998.jpg,-16.878101,56.802307
sample_06999.jpg,-18.30988,-11.779523
sample_07000.jpg,-0.25615624,-7.8384957
sample_07001.jpg,6.0856256,-9.458311
sample_07002.jpg,15.645054,-13.822283
sample_07003.jpg,-36.01519,-34.293247
sample_07004.jpg,13.902673,26.48447
sample_07005.jpg,-16.508451,11.13947
sample_07006.jpg,19.285482,-17.40565
sample_07007.jpg,-38.946312,11.066167
sample_07008.jpg,-17.652103,9.296888
sample_07009.jpg,-18.088947,0.80236864
sample_07010.jpg,19.53933,-32.099907
sample_07011.jpg,-36.994102,9.445132
sample_07012.jpg,-37.553707,16.0968
sample_07013.jpg,-2.6164875,-20.931591
sample_07014.jpg,-25.93605,12.966943
sample_07015.jpg,24.314877,3.9536133
sample_07016.jpg,7.817125,-8.376519
sample_07017.jpg,2.9277737,4.033765
sample_07018.jpg,-6.396059,-6.3470254
sample_07019.jpg,30.859339,-21.472483
sample_07020.jpg,0.07117336,-20.080122
sample_07021.jpg,19.317965,2.048923
sample_07022.jpg,15.076638,27.196676
sample_07023.jpg,-26.730633,19.842525
sample_07024.jpg,-15.363433,-12.42771
sample_07025.jpg,1.8500724,5.4493876
sample_07026.jpg,15.113497,0.5615705
sample_07027.jpg,-4.486341,-19.037985
sample_07028.jpg,-9.42414,55.357246
sample_07029.jpg,13.228076,1.6764818
sample_07030.jpg,-13.0874,2.290831
sample_07031.jpg,-26.26028,10.980473
sample_07032.jpg,2.1225715,-8.939658
sample_07033.jpg,-31.545813,6.885006
sample_07034.jpg,-34.604904,-31.746355
sample_07035.jpg,2.4653997,4.945361
sample_07036.jpg,24.156916,-11.521614
sample_07037.jpg,-28.997353,8.334572
sample_07038.jpg,-41.347504,-10.743076
sample_07039.jpg,20.061531,-18.597704
sample_07040.jpg,24.03952,32.830513
sample_07041.jpg,25.55856,-19.565779
sample_07042.jpg,4.5609164,9.309904
sample_07043.jpg,22.173018,31.381165
sample_07044.jpg,-0.8480366,-17.524738
sample_07045.jpg,-33.841347,5.169291
sample_07046.jpg,1.5777273,-6.684008
sample_07047.jpg,0.2758913,45.41387
sample_07048.jpg,26.692081,-21.813782
sample_07049.jpg,-3.5000517,6.294395
sample_07050.jpg,-23.17342,5.977769
sample_07051.jpg,4.7749133,36.84758
sample_07052.jpg,-35.468754,17.649368
sample_07053.jpg,-31.349518,8.324712
sample_07054.jpg,25.65139,-28.692352
sample_07055.jpg,-13.083545,6.4983654
sample_07056.jpg,-5.1726623,0.44736084
sample_07057.jpg,-13.678605,-11.682352
sample_07058.jpg,28.878677,-6.9269567
sample_07059.jpg,-40.69686,-10.967289
sample_07060.jpg,-1.6109494,-23.850752
sample_07061.jpg,28.210611,-24.954285
sample_07062.jpg,25.937447,-10.238987
sample_07063.jpg,-17.876804,8.009702
sample_07064.jpg,-21.533327,-12.727164
sample_07065.jpg,-14.3778715,-13.2253685
sample_07066.jpg,-11.256868,18.093584
sample_07067.jpg,-32.015484,-27.602802
sample_07068.jpg,41.20825,29.251217
sample_07069.jpg,-17.395771,12.935373
sample_07070.jpg,3.1257267,40.502956
sample_07071.jpg,-22.044178,-12.123362
sample_07072.jpg,-0.7979408,48.98649
sample_07073.jpg,17.817009,-17.303368
sample_07074.jpg,-5.9515476,6.7880683
sample_07075.jpg,-12.631428,-12.477419
sample_07076.jpg,-37.380238,14.500367
sample_07077.jpg,8.511557,1.7485844
sample_07078.jpg,-3.1059783,-5.8336473
sample_07079.jpg,20.061281,-2.6991193
sample_07080.jpg,14.6182375,26.73435
sample_07081.jpg,-6.3483787,7.4510326
sample_07082.jpg,29.578215,34.304947
sample_07083.jpg,-7.7714095,-22.545986
sample_07084.jpg,-47.212273,-6.562188
sample_07085.jpg,3.0077403,-9.515415
sample_07086.jpg,-21.237083,-8.367791
sample_07087.jpg,17.879345,-16.379173
sample_07088.jpg,-2.812537,0.42547747
sample_07089.jpg,-29.974072,17.695269
sample_07090.jpg,-23.33976,15.605733
sample_07091.jpg,15.422339,-15.057991
sample_07092.jpg,21.022633,-24.558607
sample_07093.jpg,22.798275,-11.552045
sample_07094.jpg,2.4825706,42.628216
sample_07095.jpg,-13.957221,11.86892
sample_07096.jpg,-4.9258657,-15.989154
sample_07097.jpg,-23.710281,21.81473
sample_07098.jpg,-23.08705,19.052557
sample_07099.jpg,11.775846,8.3918915
sample_07100.jpg,8.719323,-29.966022
sample_07101.jpg,4.7615156,-10.759472
sample_07102.jpg,-37.853718,16.706928
sample_07103.jpg,-24.727535,15.254827
sample_07104.jpg,-6.44039,-10.950789
sample_07105.jpg,27.75043,-2.171176
sample_07106.jpg,5.146459,0.50443304
sample_07107.jpg,-6.096413,-17.007797
sample_07108.jpg,-4.2228804,-6.7261825
sample_07109.jpg,-12.627794,4.0117955
sample_07110.jpg,37.631447,29.897879
sample_07111.jpg,-6.081642,7.5046287
sample_07112.jpg,-7.8260674,6.8834243
sample_07113.jpg,-9.225631,-27.199911
sample_07114.jpg,-10.576472,-5.4836392
sample_07115.jpg,-28.391928,18.452719
sample_07116.jpg,25.916641,2.3459744
sample_07117.jpg,-28.520079,13.91489
sample_07118.jpg,7.1537824,-13.066466
sample_07119.jpg,23.377106,-21.83138
sample_07120.jpg,-10.90499,-5.548299
sample_07121.jpg,-24.277454,8.420655
sample_07122.jpg,-1.7444849,-1.1384363
sample_07123.jpg,28.475338,-1.5326562
sample_07124.jpg,7.383293,-16.490873
sample_07125.jpg,2.7965648,38.81561
sample_07126.jpg,-2.2785785,1.9117252
sample_07127.jpg,6.4784274,-12.544355
sample_07128.jpg,-16.245312,-18.305857
sample_07129.jpg,26.137531,3.020565
sample_07130.jpg,-16.130785,-9.495053
sample_07131.jpg,-0.38521734,1.6699122
sample_07132.jpg,10.023302,-9.510991
sample_07133.jpg,-8.54243,-7.5507154
sample_07134.jpg,-10.646536,-23.403585
sample_07135.jpg,-17.272898,-9.391056
sample_07136.jpg,-3.443158,-12.221826
sample_07137.jpg,2.0377922,-35.626064
sample_07138.jpg,22.77046,-2.5204017
sample_07139.jpg,-5.5137353,4.1189337
sample_07140.jpg,27.524647,-23.520227
sample_07141.jpg,31.16484,-5.117305
sample_07142.jpg,13.855517,-19.869041
sample_07143.jpg,8.757197,-14.010618
sample_07144.jpg,5.457391,5.184512
sample_07145.jpg,-35.572464,-31.162354
sample_07146.jpg,-4.644238,5.409283
sample_07147.jpg,-28.02335,24.761183
sample_07148.jpg,-35.14495,1.1943601
sample_07149.jpg,-2.0344763,-21.605171
sample_07150.jpg,-11.628489,55.189632
sample_07151.jpg,-24.319397,8.689411
sample_07152.jpg,-23.129223,0.20099743
sample_07153.jpg,25.875854,-7.8623447
sample_07154.jpg,12.731686,-30.147251
sample_07155.jpg,4.714822,-9.393996
sample_07156.jpg,-2.6809325,50.232136
sample_07157.jpg,-10.603168,3.96269
sample_07158.jpg,15.863672,-4.494361
sample_07159.jpg,-9.831103,3.770059
sample_07160.jpg,-15.246054,-12.1468935
sample_07161.jpg,-29.109625,-4.565108
sample_07162.jpg,21.602139,-13.452678
sample_07163.jpg,-19.988342,9.121817
sample_07164.jpg,-14.832323,-28.682896
sample_07165.jpg,34.185764,-15.056116
sample_07166.jpg,22.589111,8.084374
sample_07167.jpg,39.351627,28.466167
sample_07168.jpg,45.316288,26.464773
sample_07169.jpg,31.363447,-12.96334
sample_07170.jpg,31.905262,-28.152483
sample_07171.jpg,14.236014,23.736605
sample_07172.jpg,32.81104,-29.541683
sample_07173.jpg,-18.528978,-13.720388
sample_07174.jpg,6.8835044,-19.251596
sample_07175.jpg,31.5461,-5.2510757
sample_07176.jpg,-8.247302,-7.0492406
sample_07177.jpg,23.495937,-2.499454
sample_07178.jpg,-12.241912,5.890654
sample_07179.jpg,-30.632902,-26.38256
sample_07180.jpg,18.94051,-30.149601
sample_07181.jpg,10.279619,-10.754203
sample_07182.jpg,-0.19990948,0.1796572
sample_07183.jpg,-16.024284,-3.0750592
sample_07184.jpg,18.241602,29.720331
sample_07185.jpg,28.600834,-22.96908
sample_07186.jpg,18.800846,6.791032
sample_07187.jpg,-30.980728,1.2688707
sample_07188.jpg,15.08622,-20.85214
sample_07189.jpg,-0.45767105,49.16625
sample_07190.jpg,8.702498,-13.691635
sample_07191.jpg,19.324717,13.488909
sample_07192.jpg,-5.782017,-21.204596
sample_07193.jpg,6.8756495,-9.563065
sample_07194.jpg,-48.14837,-9.389217
sample_07195.jpg,-49.129368,-9.139821
sample_07196.jpg,26.525457,-2.4633355
sample_07197.jpg,-30.635746,-25.601925
sample_07198.jpg,-31.338968,0.6980445
sample_07199.jpg,15.094345,-28.628893
sample_07200.jpg,27.753105,-22.991316
sample_07201.jpg,21.248585,-10.452223
sample_07202.jpg,-8.151333,18.175488
sample_07203.jpg,-2.7931354,17.213099
sample_07204.jpg,14.344849,-27.926664
sample_07205.jpg,36.387676,-22.241215
sample_07206.jpg,12.370188,-8.299366
sample_07207.jpg,16.90619,-20.250612
sample_07208.jpg,32.19328,32.681965
sample_07209.jpg,3.7735667,-9.779058
sample_07210.jpg,-35.607056,11.861958
sample_07211.jpg,-31.074986,20.68341
sample_07212.jpg,23.633417,-16.933807
sample_07213.jpg,-27.60342,13.286886
sample_07214.jpg,-22.695253,8.027704
sample_07215.jpg,-23.390203,20.258518
sample_07216.jpg,-28.383093,21.816425
sample_07217.jpg,16.039444,12.067895
sample_07218.jpg,-27.483938,2.3583078
sample_07219.jpg,23.998226,3.2334254
sample_07220.jpg,15.993505,-28.91046
sample_07221.jpg,-16.695606,10.491578
sample_07222.jpg,25.94553,32.817688
sample_07223.jpg,-24.933994,10.61671
sample_07224.jpg,8.2013,-0.8938818
sample_07225.jpg,19.494438,0.20021921
sample_07226.jpg,12.483342,-3.9785748
sample_07227.jpg,8.89894,1.6086434
sample_07228.jpg,45.887753,25.819271
sample_07229.jpg,19.797215,30.53677
sample_07230.jpg,10.033471,-29.642754
sample_07231.jpg,40.42839,29.48489
sample_07232.jpg,-13.177217,5.940353
sample_07233.jpg,6.8763456,-6.043257
sample_07234.jpg,17.702267,-27.142925
sample_07235.jpg,-0.44055608,3.497382
sample_07236.jpg,-11.942056,-9.360843
sample_07237.jpg,25.96772,-18.30545
sample_07238.jpg,-26.501398,4.347953
sample_07239.jpg,6.924835,15.985988
sample_07240.jpg,27.498652,-23.269789
sample_07241.jpg,18.304424,3.478985
sample_07242.jpg,20.702393,31.445482
sample_07243.jpg,14.743818,-6.806542
sample_07244.jpg,2.3690953,-3.9916408
sample_07245.jpg,-8.221323,-17.726233
sample_07246.jpg,-27.33216,20.259651
sample_07247.jpg,4.4410763,-2.5411983
sample_07248.jpg,29.523268,-10.603421
sample_07249.jpg,-2.3709862,-13.282722
sample_07250.jpg,-26.750343,18.25069
sample_07251.jpg,-10.758494,-21.407652
sample_07252.jpg,-6.2754936,18.4235
sample_07253.jpg,-18.960659,-6.0371685
sample_07254.jpg,-30.167732,7.166965
sample_07255.jpg,40.153816,28.864399
sample_07256.jpg,40.452213,29.915028
sample_07257.jpg,2.1412964,-35.999302
sample_07258.jpg,-10.124762,-2.6571255
sample_07259.jpg,-32.22223,17.961416
sample_07260.jpg,-2.698092,-21.588799
sample_07261.jpg,-36.83352,14.282473
sample_07262.jpg,-5.05306,-2.258509
sample_07263.jpg,-27.641909,16.889866
sample_07264.jpg,4.0063324,-6.4174953
sample_07265.jpg,3.378554,-4.1460195
sample_07266.jpg,-2.9982083,50.93212
sample_07267.jpg,-1.0369177,49.507805
sample_07268.jpg,11.190754,-25.782225
sample_07269.jpg,-14.325886,-2.649445
sample_07270.jpg,-17.040998,7.1750355
sample_07271.jpg,14.079253,25.485561
sample_07272.jpg,17.25958,-10.250537
sample_07273.jpg,-35.33166,16.336079
sample_07274.jpg,5.33621,-2.68484
sample_07275.jpg,16.074572,-17.384691
sample_07276.jpg,-34.356895,-31.224674
sample_07277.jpg,0.632901,-8.437973
sample_07278.jpg,-36.70076,7.3428564
sample_07279.jpg,-34.344162,2.3483317
sample_07280.jpg,14.681508,-28.765076
sample_07281.jpg,-7.7708063,-4.7407475
sample_07282.jpg,-1.2600039,6.7810454
sample_07283.jpg,12.531178,23.572075
sample_07284.jpg,17.299364,29.991936
sample_07285.jpg,7.687721,-9.849818
sample_07286.jpg,1.0580972,10.785486
sample_07287.jpg,13.323342,25.9441
sample_07288.jpg,30.327496,-26.723412
sample_07289.jpg,-26.913748,9.83189
sample_07290.jpg,-1.2556857,-9.114535
sample_07291.jpg,20.202396,-20.359495
sample_07292.jpg,27.07263,-22.900892
sample_07293.jpg,-30.215189,-10.011883
sample_07294.jpg,-19.621319,57.512913
sample_07295.jpg,-3.9716482,-13.759115
sample_07296.jpg,-8.792014,-0.1951035
sample_07297.jpg,26.806057,-16.92439
sample_07298.jpg,36.458275,31.571262
sample_07299.jpg,14.31193,27.36668
sample_07300.jpg,32.122585,-29.161093
sample_07301.jpg,18.234587,30.07777
sample_07302.jpg,10.280323,3.38041
sample_07303.jpg,-19.904266,6.745754
sample_07304.jpg,28.306849,-23.501762
sample_07305.jpg,14.079069,25.738148
sample_07306.jpg,-1.5919405,-9.600252
sample_07307.jpg,-27.427483,-1.9652152
sample_07308.jpg,-15.889633,13.869072
sample_07309.jpg,22.354408,-12.458966
sample_07310.jpg,-14.146678,5.083617
sample_07311.jpg,5.859733,13.735228
sample_07312.jpg,20.954655,30.981197
sample_07313.jpg,15.25464,-1.9399042
sample_07314.jpg,-14.181293,-2.3294318
sample_07315.jpg,0.71505994,-13.743673
sample_07316.jpg,42.93755,28.082527
sample_07317.jpg,-19.544815,17.951612
sample_07318.jpg,5.249166,-29.898077
sample_07319.jpg,38.704258,30.343306
sample_07320.jpg,-6.2120624,53.21418
sample_07321.jpg,8.105997,-1.684815
sample_07322.jpg,-4.310338,-5.7194557
sample_07323.jpg,21.468765,-19.774282
sample_07324.jpg,-9.367121,-23.807228
sample_07325.jpg,27.525328,-18.319426
sample_07326.jpg,-9.056974,-27.168837
sample_07327.jpg,7.532269,14.859206
sample_07328.jpg,-26.290268,22.25802
sample_07329.jpg,-4.221,3.6330285
sample_07330.jpg,-10.650809,-10.548955
sample_07331.jpg,25.341005,-5.574515
sample_07332.jpg,23.331148,31.787771
sample_07333.jpg,23.056923,-31.021465
sample_07334.jpg,19.371708,-1.6923404
sample_07335.jpg,0.48027036,-0.37708235
sample_07336.jpg,-22.104866,4.2290406
sample_07337.jpg,18.871399,-17.998156
sample_07338.jpg,25.016499,-24.166792
sample_07339.jpg,-5.2096457,11.309622
sample_07340.jpg,-32.516567,21.837992
sample_07341.jpg,14.948485,27.039413
sample_07342.jpg,18.218838,-0.017687598
sample_07343.jpg,-6.2669725,1.0594808
sample_07344.jpg,-22.420046,17.696999
sample_07345.jpg,8.106807,-8.149484
sample_07346.jpg,-1.8890909,-0.579988
sample_07347.jpg,-3.9427216,4.156903
sample_07348.jpg,-18.732725,10.587182
sample_07349.jpg,21.978998,-11.012479
sample_07350.jpg,-30.778925,2.7497444
sample_07351.jpg,-17.8527,3.9548268
sample_07352.jpg,4.078647,-29.457092
sample_07353.jpg,-16.393162,7.248943
sample_07354.jpg,26.173176,-26.493055
sample_07355.jpg,28.396706,-27.00908
sample_07356.jpg,36.12297,30.290232
sample_07357.jpg,-0.85549396,2.7749739
sample_07358.jpg,-20.108751,9.664152
sample_07359.jpg,-14.620262,-9.61293
sample_07360.jpg,7.62605,-5.7232394
sample_07361.jpg,28.615309,-36.331158
sample_07362.jpg,-17.077713,-15.531958
sample_07363.jpg,31.984074,-27.55227
sample_07364.jpg,-12.795384,-30.321316
sample_07365.jpg,-2.4166293,-0.31891
sample_07366.jpg,-17.411018,-4.0424795
sample_07367.jpg,-13.6579895,-23.632963
sample_07368.jpg,25.910833,-21.560122
sample_07369.jpg,-2.9522429,-2.0662277
sample_07370.jpg,16.332174,-9.647583
sample_07371.jpg,-33.032024,4.39704
sample_07372.jpg,4.3581095,15.072061
sample_07373.jpg,-11.428738,55.384506
sample_07374.jpg,-47.69475,-9.740307
sample_07375.jpg,2.3153589,44.91978
sample_07376.jpg,42.294476,28.413923
sample_07377.jpg,-13.497835,-4.4189296
sample_07378.jpg,-6.4729104,-19.453356
sample_07379.jpg,2.284411,3.6979644
sample_07380.jpg,3.184746,2.3692496
sample_07381.jpg,1.1246336,-35.52234
sample_07382.jpg,-9.032192,-4.1934743
sample_07383.jpg,0.6960396,12.898521
sample_07384.jpg,15.312953,6.522532
sample_07385.jpg,-3.6846812,-3.1310332
sample_07386.jpg,7.4272943,2.6595082
sample_07387.jpg,-23.087725,9.673212
sample_07388.jpg,25.535656,3.6220307
sample_07389.jpg,17.725117,10.379828
sample_07390.jpg,-4.1446543,14.449483
sample_07391.jpg,41.049885,28.516304
sample_07392.jpg,-26.392078,23.90064
sample_07393.jpg,26.275745,-6.2991858
sample_07394.jpg,-0.7733816,2.312872
sample_07395.jpg,35.928032,-22.568766
sample_07396.jpg,-18.73134,8.137467
sample_07397.jpg,25.025383,33.3028
sample_07398.jpg,7.5384707,-1.714375
sample_07399.jpg,8.52656,-8.624957
sample_07400.jpg,4.0993514,-11.155641
sample_07401.jpg,-15.427842,5.364519
sample_07402.jpg,-20.026316,12.082425
sample_07403.jpg,-31.278856,20.524952
sample_07404.jpg,14.0863285,-19.207558
sample_07405.jpg,20.84811,-16.29336
sample_07406.jpg,-13.598667,4.482762
sample_07407.jpg,-18.772552,57.294453
sample_07408.jpg,-12.30437,20.43702
sample_07409.jpg,-34.758137,9.0725355
sample_07410.jpg,17.755451,-18.64192
sample_07411.jpg,8.77792,-12.37231
sample_07412.jpg,-1.1794506,11.708951
sample_07413.jpg,-14.957388,57.418114
sample_07414.jpg,32.559113,31.588633
sample_07415.jpg,-9.3106785,-3.1556215
sample_07416.jpg,-27.846514,16.92437
sample_07417.jpg,-8.229043,4.7108145
sample_07418.jpg,32.76714,-25.745176
sample_07419.jpg,-9.973905,7.1785245
sample_07420.jpg,-29.602364,14.497422
sample_07421.jpg,13.341397,-15.055092
sample_07422.jpg,-33.391197,5.9851933
sample_07423.jpg,-30.403399,-25.321226
sample_07424.jpg,1.6602911,46.184956
sample_07425.jpg,-7.216818,-0.10271142
sample_07426.jpg,21.160557,-8.629324
sample_07427.jpg,-3.170935,-13.912755
sample_07428.jpg,30.911343,-21.81656
sample_07429.jpg,0.8031011,0.31205383
sample_07430.jpg,-18.213427,56.19254
sample_07431.jpg,38.762547,30.287565
sample_07432.jpg,17.860138,-22.615738
sample_07433.jpg,39.395966,30.593338
sample_07434.jpg,-18.714321,-13.437281
sample_07435.jpg,-52.262722,-8.534125
sample_07436.jpg,-18.209257,4.806378
sample_07437.jpg,3.82159,-20.232742
sample_07438.jpg,1.4732357,9.1288805
sample_07439.jpg,2.7814748,-12.191475
sample_07440.jpg,7.817915,5.513883
sample_07441.jpg,-13.556816,14.237558
sample_07442.jpg,31.108425,-26.95726
sample_07443.jpg,6.5257387,-10.529693
sample_07444.jpg,21.895447,-17.63803
sample_07445.jpg,17.278463,-22.354612
sample_07446.jpg,12.791084,22.298117
sample_07447.jpg,15.6079645,-20.357384
sample_07448.jpg,-8.618419,2.687076
sample_07449.jpg,-10.029224,7.607679
sample_07450.jpg,6.635714,4.24559
sample_07451.jpg,-21.588789,11.87639
sample_07452.jpg,-24.23019,23.947971
sample_07453.jpg,-27.695833,-8.100484
sample_07454.jpg,-27.632423,18.94053
sample_07455.jpg,-9.602969,-15.687914
sample_07456.jpg,5.278762,8.983412
sample_07457.jpg,-6.0439034,15.142951
sample_07458.jpg,12.775999,-9.210238
sample_07459.jpg,-35.36394,-33.23459
sample_07460.jpg,29.801802,31.598656
sample_07461.jpg,-9.65746,-22.593266
sample_07462.jpg,-8.0350685,-10.963974
sample_07463.jpg,13.487926,-19.598866
sample_07464.jpg,-52.680264,-8.355992
sample_07465.jpg,14.124955,24.726212
sample_07466.jpg,-6.01322,-18.792505
sample_07467.jpg,24.40158,-19.456482
sample_07468.jpg,-33.017925,-29.165693
sample_07469.jpg,40.671825,30.090876
sample_07470.jpg,3.6907659,-21.743086
sample_07471.jpg,-29.760809,17.514965
sample_07472.jpg,-18.68917,-9.897467
sample_07473.jpg,8.811745,-18.491598
sample_07474.jpg,-35.926556,-34.12807
sample_07475.jpg,-15.531973,20.892542
sample_07476.jpg,25.05786,4.0567966
sample_07477.jpg,2.9753966,-1.6714357
sample_07478.jpg,-13.419686,52.56252
sample_07479.jpg,24.90409,35.27409
sample_07480.jpg,26.404808,-20.659698
sample_07481.jpg,-4.007193,51.51495
sample_07482.jpg,3.453598,-10.230162
sample_07483.jpg,-4.265708,1.907131
sample_07484.jpg,-19.34584,57.530514
sample_07485.jpg,15.679809,-9.61784
sample_07486.jpg,-1.4969944,-9.890584
sample_07487.jpg,16.073656,-6.6224976
sample_07488.jpg,-3.0549788,-18.434965
sample_07489.jpg,-26.145014,7.353961
sample_07490.jpg,31.582817,31.949678
sample_07491.jpg,-4.7965603,-9.363582
sample_07492.jpg,-10.852642,-12.301625
sample_07493.jpg,-51.197277,-8.590057
sample_07494.jpg,-11.532642,19.531677
sample_07495.jpg,7.8967433,-10.737191
sample_07496.jpg,-50.71871,-8.786099
sample_07497.jpg,-5.6889663,5.128408
sample_07498.jpg,-8.371634,-19.720076
sample_07499.jpg,7.643985,-3.5352833
sample_07500.jpg,-35.682564,-33.60657
sample_07501.jpg,-11.909406,-29.925758
sample_07502.jpg,-1.1932545,6.801301
sample_07503.jpg,-26.507757,13.441728
sample_07504.jpg,8.659555,-9.421973
sample_07505.jpg,3.2150486,5.1365914
sample_07506.jpg,-21.020407,19.875704
sample_07507.jpg,-11.365252,55.352158
sample_07508.jpg,20.501507,-19.065924
sample_07509.jpg,-10.4527645,-1.7411197
sample_07510.jpg,9.885065,-8.02045
sample_07511.jpg,-16.258556,2.4163113
sample_07512.jpg,-0.09671603,13.565494
sample_07513.jpg,25.51833,2.6106408
sample_07514.jpg,-3.2565367,-22.01275
sample_07515.jpg,29.162338,-28.790249
sample_07516.jpg,-15.754679,13.910231
sample_07517.jpg,5.4459834,0.12553301
sample_07518.jpg,7.889701,-22.62991
sample_07519.jpg,7.277952,-5.3631196
sample_07520.jpg,-35.01836,4.9351444
sample_07521.jpg,-12.22752,7.2137046
sample_07522.jpg,18.25142,-31.57117
sample_07523.jpg,1.5860918,17.33983
sample_07524.jpg,12.122893,-21.423536
sample_07525.jpg,3.3351572,-4.1137176
sample_07526.jpg,-7.1167917,54.946617
sample_07527.jpg,39.59746,30.137848
sample_07528.jpg,-17.980982,-4.142181
sample_07529.jpg,-13.943923,7.790548
sample_07530.jpg,-17.911036,57.44727
sample_07531.jpg,-15.610453,-2.8285565
sample_07532.jpg,32.72656,-17.047064
sample_07533.jpg,-37.54392,6.176025
sample_07534.jpg,-7.1393948,-19.572657
sample_07535.jpg,30.459738,33.10775
sample_07536.jpg,-35.6378,-33.15176
sample_07537.jpg,29.950136,35.318153
sample_07538.jpg,4.4246054,-0.035617825
sample_07539.jpg,0.050322417,-5.5901475
sample_07540.jpg,-35.45197,4.9769597
sample_07541.jpg,-32.777332,4.9437838
sample_07542.jpg,-13.729984,-3.320239
sample_07543.jpg,22.936907,-28.295166
sample_07544.jpg,2.2135653,-36.24859
sample_07545.jpg,9.402018,-20.550613
sample_07546.jpg,3.8837013,8.493796
sample_07547.jpg,32.19742,-15.090944
sample_07548.jpg,1.176807,-5.3145695
sample_07549.jpg,29.176819,-25.133724
sample_07550.jpg,23.684446,-17.635313
sample_07551.jpg,23.975246,-4.4401803
sample_07552.jpg,16.720581,27.22103
sample_07553.jpg,-9.045336,-21.549383
sample_07554.jpg,30.857996,-15.363329
sample_07555.jpg,-14.182096,6.615323
sample_07556.jpg,-7.402852,-12.079286
sample_07557.jpg,1.4813062,46.139763
sample_07558.jpg,-10.010797,-27.766747
sample_07559.jpg,-6.635769,3.91214
sample_07560.jpg,5.441613,-19.734344
sample_07561.jpg,16.554451,-0.1469014
sample_07562.jpg,16.514196,-11.369142
sample_07563.jpg,32.46325,-4.953373
sample_07564.jpg,1.8484075,-2.9894724
sample_07565.jpg,-3.2874832,4.0525036
sample_07566.jpg,-35.743114,13.470701
sample_07567.jpg,-22.023455,21.187782
sample_07568.jpg,-51.569,-8.708792
sample_07569.jpg,-1.9241894,50.42726
sample_07570.jpg,-22.802086,1.2921102
sample_07571.jpg,5.495389,-10.143233
sample_07572.jpg,-14.258931,20.660797
sample_07573.jpg,0.7478227,-8.330892
sample_07574.jpg,9.928202,-33.91021
sample_07575.jpg,-23.08834,0.83247286
sample_07576.jpg,5.778191,-8.182765
sample_07577.jpg,-5.2041774,-1.0627633
sample_07578.jpg,6.816968,-5.194645
sample_07579.jpg,21.197727,2.3160515
sample_07580.jpg,-3.6719651,-15.369442
sample_07581.jpg,3.778557,5.4907103
sample_07582.jpg,17.286331,-18.869675
sample_07583.jpg,-30.211554,-10.488089
sample_07584.jpg,12.394447,-2.31891
sample_07585.jpg,32.39757,-11.328249
sample_07586.jpg,5.229582,-23.86523
sample_07587.jpg,39.203156,-14.737284
sample_07588.jpg,41.82066,27.292336
sample_07589.jpg,29.181618,-28.618479
sample_07590.jpg,13.262131,6.0978346
sample_07591.jpg,12.203664,-24.139475
sample_07592.jpg,-37.163925,16.13346
sample_07593.jpg,-16.456264,56.665348
sample_07594.jpg,-14.84292,-17.723682
sample_07595.jpg,-12.031533,6.021741
sample_07596.jpg,6.311387,-13.784262
sample_07597.jpg,3.0766115,16.955212
sample_07598.jpg,19.14009,-22.819897
sample_07599.jpg,1.7075406,2.6882992
sample_07600.jpg,26.855556,2.493656
sample_07601.jpg,-16.30708,19.011986
sample_07602.jpg,-46.051373,-10.338025
sample_07603.jpg,-2.64094,2.6470492
sample_07604.jpg,-0.5609986,-6.333302
sample_07605.jpg,12.673242,6.3373923
sample_07606.jpg,37.41034,-19.183388
sample_07607.jpg,1.023243,-17.047382
sample_07608.jpg,14.348239,-16.360884
sample_07609.jpg,44.722248,26.707941
sample_07610.jpg,-23.697285,13.662224
sample_07611.jpg,-10.701354,7.149682
sample_07612.jpg,-11.8599415,-28.538765
sample_07613.jpg,-35.528076,3.7663147
sample_07614.jpg,-46.16963,-9.739651
sample_07615.jpg,-0.86951274,-14.548568
sample_07616.jpg,37.81828,-18.603996
sample_07617.jpg,-1.2567835,10.0991
sample_07618.jpg,-16.626724,-12.082745
sample_07619.jpg,0.981019,-7.0895634
sample_07620.jpg,5.2447195,8.366798
sample_07621.jpg,-2.7493546,-3.2118015
sample_07622.jpg,-4.2276115,-11.108925
sample_07623.jpg,-1.8231555,4.989621
sample_07624.jpg,17.124996,-12.26701
sample_07625.jpg,11.378666,-9.04627
sample_07626.jpg,17.517502,-7.20041
sample_07627.jpg,-7.829906,-20.57425
sample_07628.jpg,44.88225,26.834028
sample_07629.jpg,31.294666,-27.790071
sample_07630.jpg,13.060861,-7.259132
sample_07631.jpg,-0.22239316,-26.20858
sample_07632.jpg,-10.177698,22.360786
sample_07633.jpg,6.6838856,-3.8152478
sample_07634.jpg,-26.52526,9.2548275
sample_07635.jpg,-16.48551,56.92755
sample_07636.jpg,42.866604,28.301867
sample_07637.jpg,-20.643,2.1042652
sample_07638.jpg,-22.953426,11.49661
sample_07639.jpg,-2.5018513,-9.756595
sample_07640.jpg,2.9556546,42.99286
sample_07641.jpg,40.174847,29.531158
sample_07642.jpg,7.52657,-2.7088351
sample_07643.jpg,3.191283,8.589665
sample_07644.jpg,-35.126293,16.590847
sample_07645.jpg,2.3407326,39.267345
sample_07646.jpg,2.7772894,9.870747
sample_07647.jpg,-8.452376,-2.8418276
sample_07648.jpg,-26.73483,12.875665
sample_07649.jpg,17.392498,-28.561
sample_07650.jpg,20.162323,-3.31992
sample_07651.jpg,31.433506,-28.744831
sample_07652.jpg,-2.704408,50.924946
sample_07653.jpg,13.03637,-13.066252
sample_07654.jpg,6.9067254,1.8591324
sample_07655.jpg,-17.636724,1.7377222
sample_07656.jpg,-7.089772,14.962944
sample_07657.jpg,5.5190234,-23.506615
sample_07658.jpg,22.322508,32.528366
sample_07659.jpg,-7.517499,0.49155405
sample_07660.jpg,-2.6971745,11.833349
sample_07661.jpg,-17.523277,-7.332396
sample_07662.jpg,11.980804,-20.25142
sample_07663.jpg,31.912931,-28.06051
sample_07664.jpg,-17.716063,56.826576
sample_07665.jpg,-23.682867,15.393567
sample_07666.jpg,-17.641367,-5.591083
sample_07667.jpg,-14.053726,-6.754055
sample_07668.jpg,-24.875011,7.1398892
sample_07669.jpg,-3.8862114,0.80311954
sample_07670.jpg,25.124289,-25.173761
sample_07671.jpg,-15.14382,7.200721
sample_07672.jpg,-19.833605,-0.87610483
sample_07673.jpg,-28.13392,13.229101
sample_07674.jpg,-24.688929,11.9756365
sample_07675.jpg,20.178354,30.922558
sample_07676.jpg,-8.556876,-5.7458825
sample_07677.jpg,-13.668215,-23.533203
sample_07678.jpg,-24.82555,22.889841
sample_07679.jpg,-5.687236,-22.779919
sample_07680.jpg,-32.70856,19.358055
sample_07681.jpg,-13.489766,-2.6306803
sample_07682.jpg,27.199146,31.408508
sample_07683.jpg,29.869846,-8.376767
sample_07684.jpg,-7.4843802,-11.660764
sample_07685.jpg,7.823056,-5.534373
sample_07686.jpg,23.467747,-25.625452
sample_07687.jpg,-0.26845506,-9.088458
sample_07688.jpg,-8.326388,-20.917242
sample_07689.jpg,22.740314,-13.990368
sample_07690.jpg,0.5685204,-14.487484
sample_07691.jpg,30.648615,-22.481453
sample_07692.jpg,7.7666993,-4.5530725
sample_07693.jpg,-7.791076,-6.340282
sample_07694.jpg,-7.334158,-28.227055
sample_07695.jpg,11.691209,11.67133
sample_07696.jpg,-19.034903,5.1394067
sample_07697.jpg,38.866085,-14.834567
sample_07698.jpg,-1.077189,-1.5113314
sample_07699.jpg,9.596593,1.50995
sample_07700.jpg,-24.287235,6.2725153
sample_07701.jpg,35.047783,-12.399435
sample_07702.jpg,-45.081482,-9.548834
sample_07703.jpg,10.284105,-24.036655
sample_07704.jpg,28.955458,-27.123377
sample_07705.jpg,-23.933535,3.947893
sample_07706.jpg,-14.418798,-28.162016
sample_07707.jpg,1.1613219,-2.756116
sample_07708.jpg,5.0415616,-13.241675
sample_07709.jpg,9.023961,-5.451879
sample_07710.jpg,29.929253,-11.335012
sample_07711.jpg,10.90368,-33.975643
sample_07712.jpg,-13.792134,0.54598707
sample_07713.jpg,19.476347,-13.954466
sample_07714.jpg,5.72841,-11.501244
sample_07715.jpg,-28.858982,12.3922205
sample_07716.jpg,-19.04619,8.63344
sample_07717.jpg,-33.75935,9.597231
sample_07718.jpg,9.915954,-15.318067
sample_07719.jpg,-4.1762094,-25.51994
sample_07720.jpg,3.4255204,-7.153644
sample_07721.jpg,2.9523284,39.31069
sample_07722.jpg,26.311132,-29.096926
sample_07723.jpg,-3.1705685,-15.107617
sample_07724.jpg,-2.555772,-4.445575
sample_07725.jpg,-7.6109095,1.3583443
sample_07726.jpg,-21.352144,-0.2644829
sample_07727.jpg,-2.5112362,-21.98061
sample_07728.jpg,-20.247217,11.51968
sample_07729.jpg,4.243124,6.171679
sample_07730.jpg,12.344083,-4.346325
sample_07731.jpg,20.78443,-32.2668
sample_07732.jpg,19.06645,-10.365916
sample_07733.jpg,-18.276247,57.41813
sample_07734.jpg,26.239756,-19.48168
sample_07735.jpg,-12.257381,-2.3472261
sample_07736.jpg,-34.687393,-32.76254
sample_07737.jpg,13.390163,-11.511505
sample_07738.jpg,-0.111060664,47.616238
sample_07739.jpg,5.629359,3.1354206
sample_07740.jpg,29.54063,-15.918956
sample_07741.jpg,5.933722,9.192951
sample_07742.jpg,-26.163574,5.162372
sample_07743.jpg,-7.5945115,3.9382799
sample_07744.jpg,19.222727,-31.125423
sample_07745.jpg,29.480387,-25.045181
sample_07746.jpg,40.752586,29.750494
sample_07747.jpg,1.9320842,-5.7895665
sample_07748.jpg,-32.377567,22.400013
sample_07749.jpg,5.956466,18.137783
sample_07750.jpg,-29.881227,17.486917
sample_07751.jpg,-7.4976187,6.6306524
sample_07752.jpg,-2.6657612,-8.926077
sample_07753.jpg,26.288685,-19.806746
sample_07754.jpg,6.978055,-13.418538
sample_07755.jpg,13.489734,-15.475411
sample_07756.jpg,16.53725,-13.886784
sample_07757.jpg,7.9432154,-9.206321
sample_07758.jpg,-15.46031,-21.516897
sample_07759.jpg,1.3283348,-4.108193
sample_07760.jpg,-18.918169,14.386797
sample_07761.jpg,-31.960089,-27.881409
sample_07762.jpg,-34.248352,17.691809
sample_07763.jpg,-13.192273,4.472942
sample_07764.jpg,1.7751038,7.378925
sample_07765.jpg,11.130299,-28.70994
sample_07766.jpg,-2.5631638,51.00731
sample_07767.jpg,-2.3358808,8.176469
sample_07768.jpg,13.292166,-8.074033
sample_07769.jpg,40.969196,28.031744
sample_07770.jpg,-23.681765,11.177989
sample_07771.jpg,18.280817,-23.849743
sample_07772.jpg,25.65858,2.9966693
sample_07773.jpg,-34.105865,14.923298
sample_07774.jpg,11.737597,-26.47705
sample_07775.jpg,-17.238926,8.850984
sample_07776.jpg,-8.965003,54.134857
sample_07777.jpg,-7.892193,16.807213
sample_07778.jpg,0.643341,1.2641538
sample_07779.jpg,-19.197327,7.757199
sample_07780.jpg,-10.168273,54.054955
sample_07781.jpg,-10.887433,55.127758
sample_07782.jpg,-18.69346,55.947662
sample_07783.jpg,11.144367,-2.171815
sample_07784.jpg,9.999225,-2.9340894
sample_07785.jpg,22.892714,-17.122389
sample_07786.jpg,15.025464,2.128309
sample_07787.jpg,3.9671774,4.266573
sample_07788.jpg,-16.7137,-12.601552
sample_07789.jpg,-21.42683,-10.530007
sample_07790.jpg,-6.6596084,-1.08661
sample_07791.jpg,-7.1209564,-12.140561
sample_07792.jpg,14.128071,25.53475
sample_07793.jpg,2.3800294,11.6473875
sample_07794.jpg,-20.160168,-0.7606251
sample_07795.jpg,24.416927,-22.689508
sample_07796.jpg,-1.8935155,0.22947685
sample_07797.jpg,-12.943088,0.48570743
sample_07798.jpg,37.55517,-8.2760935
sample_07799.jpg,4.696411,-6.8681965
sample_07800.jpg,5.9304733,11.054699
sample_07801.jpg,-21.84436,10.278812
sample_07802.jpg,17.654802,3.3949375
sample_07803.jpg,-6.378409,8.63757
sample_07804.jpg,-0.65754914,6.562067
sample_07805.jpg,-5.825708,-26.528126
sample_07806.jpg,-14.322295,13.179729
sample_07807.jpg,15.630064,-24.879341
sample_07808.jpg,-10.379202,55.5754
sample_07809.jpg,30.082916,31.87486
sample_07810.jpg,5.1739264,-8.5624895
sample_07811.jpg,-0.062021274,-0.3819117
sample_07812.jpg,-19.38013,18.05855
sample_07813.jpg,-9.983259,4.184838
sample_07814.jpg,-26.79001,13.990753
sample_07815.jpg,-4.7212434,52.280354
sample_07816.jpg,0.1567253,-0.5628702
sample_07817.jpg,5.3872294,-6.1917434
sample_07818.jpg,-5.569132,52.65744
sample_07819.jpg,15.186345,-17.243273
sample_07820.jpg,-22.820286,28.671328
sample_07821.jpg,44.691895,26.953697
sample_07822.jpg,17.608742,29.39606
sample_07823.jpg,-35.03352,-32.403316
sample_07824.jpg,9.628759,-32.429672
sample_07825.jpg,-4.269613,-17.846394
sample_07826.jpg,-11.384031,19.579916
sample_07827.jpg,13.904042,0.4367039
sample_07828.jpg,-21.641495,2.5725296
sample_07829.jpg,-26.605124,-6.604444
sample_07830.jpg,3.7433035,-1.8063239
sample_07831.jpg,-10.238428,-19.92784
sample_07832.jpg,-12.171839,-28.605011
sample_07833.jpg,-14.872718,-15.079319
sample_07834.jpg,-21.14037,7.108693
sample_07835.jpg,-22.26352,15.569186
sample_07836.jpg,-19.162006,-11.717916
sample_07837.jpg,-35.257435,0.99540955
sample_07838.jpg,11.330534,0.4960668
sample_07839.jpg,-36.02892,14.605821
sample_07840.jpg,41.824436,27.665916
sample_07841.jpg,-10.257927,19.16103
sample_07842.jpg,-34.50629,-29.853148
sample_07843.jpg,37.689686,30.85761
sample_07844.jpg,-15.264907,2.3515232
sample_07845.jpg,-31.845667,7.5182157
sample_07846.jpg,23.891087,-7.23029
sample_07847.jpg,10.746683,-18.371721
sample_07848.jpg,11.3621435,-30.13568
sample_07849.jpg,27.32346,-20.582354
sample_07850.jpg,-0.56123537,-0.29798955
sample_07851.jpg,8.672425,-1.056938
sample_07852.jpg,-5.5551662,9.291716
sample_07853.jpg,-30.927061,-5.5244513
sample_07854.jpg,19.195194,-22.0736
sample_07855.jpg,10.33061,-24.20249
sample_07856.jpg,-0.09001755,-3.098759
sample_07857.jpg,3.6327145,7.222368
sample_07858.jpg,1.355229,-1.6611626
sample_07859.jpg,40.489143,31.647419
sample_07860.jpg,32.749527,32.705627
sample_07861.jpg,1.978207,-27.714548
sample_07862.jpg,-5.723186,-1.6308385
sample_07863.jpg,-1.4896806,51.270214
sample_07864.jpg,-7.913888,-0.16558358
sample_07865.jpg,9.3158865,-3.975278
sample_07866.jpg,2.672395,15.041236
sample_07867.jpg,43.192745,28.242285
sample_07868.jpg,28.575792,-16.404696
sample_07869.jpg,11.5125,23.55959
sample_07870.jpg,-2.967257,-21.428234
sample_07871.jpg,27.655365,32.89872
sample_07872.jpg,32.19623,-4.799072
sample_07873.jpg,-9.229758,5.2332993
sample_07874.jpg,-0.60342115,47.462723
sample_07875.jpg,33.176167,-27.336533
sample_07876.jpg,-19.554113,7.0564795
sample_07877.jpg,-14.665636,-6.1210957
sample_07878.jpg,2.1184566,-23.73805
sample_07879.jpg,-8.330736,-23.982578
sample_07880.jpg,3.0368044,40.710632
sample_07881.jpg,21.648787,3.370585
sample_07882.jpg,32.944153,-12.974253
sample_07883.jpg,-20.592237,5.7398076
sample_07884.jpg,2.9880157,41.10751
sample_07885.jpg,-27.181984,17.374866
sample_07886.jpg,18.35444,5.377807
sample_07887.jpg,-33.64905,2.1993237
sample_07888.jpg,-28.204247,10.51292
sample_07889.jpg,29.406607,-6.047458
sample_07890.jpg,-13.030183,-6.4121943
sample_07891.jpg,-32.20608,-25.328238
sample_07892.jpg,-1.0873916,-7.5280266
sample_07893.jpg,-12.545617,-16.209896
sample_07894.jpg,-20.587812,21.411713
sample_07895.jpg,15.7252445,5.4751096
sample_07896.jpg,-12.015904,3.4082658
sample_07897.jpg,28.938187,33.211815
sample_07898.jpg,2.8662972,38.802597
sample_07899.jpg,32.899635,-29.636335
sample_07900.jpg,-4.420603,-0.062386956
sample_07901.jpg,-25.31353,-0.9786435
sample_07902.jpg,-34.207558,-31.142168
sample_07903.jpg,17.34547,-13.861501
sample_07904.jpg,-4.9432483,-4.3150916
sample_07905.jpg,-5.110284,-24.24082
sample_07906.jpg,-12.307407,-7.032857
sample_07907.jpg,5.699468,-18.890064
sample_07908.jpg,7.6126394,0.6618704
sample_07909.jpg,20.088615,-31.186373
sample_07910.jpg,-7.230338,-26.7049
sample_07911.jpg,26.443678,-16.654173
sample_07912.jpg,20.852158,32.488514
sample_07913.jpg,2.2678916,-3.9743319
sample_07914.jpg,-11.72871,55.8108
sample_07915.jpg,-20.53942,19.513666
sample_07916.jpg,5.6484294,3.0013037
sample_07917.jpg,34.658424,-23.274406
sample_07918.jpg,23.514475,13.65124
sample_07919.jpg,-36.467705,16.898527
sample_07920.jpg,2.3152812,37.086
sample_07921.jpg,-1.5838119,-11.47565
sample_07922.jpg,-10.791437,-12.548811
sample_07923.jpg,24.150816,-31.084745
sample_07924.jpg,-8.13118,-26.20287
sample_07925.jpg,14.895956,-9.268967
sample_07926.jpg,-11.221086,-0.17779678
sample_07927.jpg,-0.25096765,48.294525
sample_07928.jpg,-5.4380217,-7.958838
sample_07929.jpg,-6.0571694,-11.878962
sample_07930.jpg,-32.79044,22.143368
sample_07931.jpg,28.922478,-21.888315
sample_07932.jpg,11.602656,-18.195505
sample_07933.jpg,25.187176,-7.4775543
sample_07934.jpg,-10.777469,17.072826
sample_07935.jpg,11.552634,4.0490813
sample_07936.jpg,-31.591429,14.357147
sample_07937.jpg,41.39048,29.295277
sample_07938.jpg,-29.496603,13.442722
sample_07939.jpg,-11.111172,11.441538
sample_07940.jpg,19.522652,-27.6069
sample_07941.jpg,-19.429878,9.623665
sample_07942.jpg,-35.073776,16.863031
sample_07943.jpg,7.1166525,-7.2560134
sample_07944.jpg,43.45341,29.741787
sample_07945.jpg,15.54601,-25.461622
sample_07946.jpg,-2.955959,-24.680262
sample_07947.jpg,17.713379,10.438567
sample_07948.jpg,25.742075,-4.0832763
sample_07949.jpg,2.3924646,-9.129629
sample_07950.jpg,-29.276426,-23.643751
sample_07951.jpg,-0.12278219,-8.377292
sample_07952.jpg,-27.089235,14.419737
sample_07953.jpg,7.257192,-26.625957
sample_07954.jpg,0.75246036,47.589035
sample_07955.jpg,24.676897,-22.21149
sample_07956.jpg,3.3972993,39.095825
sample_07957.jpg,9.182205,1.0412433
sample_07958.jpg,-16.331581,15.3587885
sample_07959.jpg,29.512133,-4.28127
sample_07960.jpg,-2.5246406,-6.226093
sample_07961.jpg,30.100225,-12.883654
sample_07962.jpg,36.85072,30.982944
sample_07963.jpg,-25.269943,10.679928
sample_07964.jpg,-15.520089,1.0384328
sample_07965.jpg,-1.4278871,0.14957322
sample_07966.jpg,-18.343048,-16.183937
sample_07967.jpg,-28.1428,5.5193663
sample_07968.jpg,-25.426855,14.498815
sample_07969.jpg,16.8099,0.363513
sample_07970.jpg,-4.023839,13.585969
sample_07971.jpg,3.24157,-0.6642053
sample_07972.jpg,12.478717,0.78743994
sample_07973.jpg,-19.619598,13.077676
sample_07974.jpg,19.134037,1.9520607
sample_07975.jpg,11.173089,-12.903875
sample_07976.jpg,-24.460295,11.899093
sample_07977.jpg,17.181087,-8.610717
sample_07978.jpg,-34.940746,5.9866085
sample_07979.jpg,-4.183566,-4.8353167
sample_07980.jpg,-33.661728,-30.279774
sample_07981.jpg,-2.421731,2.7256944
sample_07982.jpg,-5.3231893,-22.877964
sample_07983.jpg,-10.243633,8.646738
sample_07984.jpg,15.561639,-25.024946
sample_07985.jpg,24.475346,-10.694234
sample_07986.jpg,18.933628,-5.9877477
sample_07987.jpg,-1.2904435,-14.782387
sample_07988.jpg,-28.727964,-23.384924
sample_07989.jpg,40.85811,29.733812
sample_07990.jpg,18.323942,5.4008613
sample_07991.jpg,-7.736799,8.578061
sample_07992.jpg,20.846544,-33.301147
sample_07993.jpg,27.836233,31.412575
sample_07994.jpg,2.5687718,41.697605
sample_07995.jpg,6.68505,-0.5174672
sample_07996.jpg,29.768482,-14.39768
sample_07997.jpg,-6.281823,-4.3928685
sample_07998.jpg,-3.8830936,-10.085126
sample_07999.jpg,-29.517162,17.139128
sample_08000.jpg,23.994709,-10.180398
sample_08001.jpg,-35.114094,16.700325
sample_08002.jpg,9.782812,-19.109823
sample_08003.jpg,-0.408969,-4.9733896
sample_08004.jpg,32.145187,-24.781225
sample_08005.jpg,27.898197,-4.287512
sample_08006.jpg,-31.577362,-26.883902
sample_08007.jpg,-22.689438,-3.7234674
sample_08008.jpg,-10.977148,4.8676114
sample_08009.jpg,3.5352738,-27.326256
sample_08010.jpg,27.755482,-22.483004
sample_08011.jpg,1.5057683,-0.13218556
sample_08012.jpg,-35.68905,18.702692
sample_08013.jpg,3.2966037,8.6155
sample_08014.jpg,31.860767,31.576632
sample_08015.jpg,-5.707939,-3.4529634
sample_08016.jpg,-11.469583,56.694923
sample_08017.jpg,24.30428,-30.487938
sample_08018.jpg,-16.644205,56.63759
sample_08019.jpg,-37.692127,17.195509
sample_08020.jpg,4.68752,-5.473707
sample_08021.jpg,-2.0247386,9.397744
sample_08022.jpg,1.2897421,-1.0154103
sample_08023.jpg,-8.875015,-7.896696
sample_08024.jpg,1.4281758,45.791508
sample_08025.jpg,-9.026687,-6.8231707
sample_08026.jpg,-35.444824,3.1340086
sample_08027.jpg,12.146441,-26.989002
sample_08028.jpg,38.52581,30.438492
sample_08029.jpg,-4.4631,19.534294
sample_08030.jpg,19.338524,-18.70286
sample_08031.jpg,2.3521044,3.836535
sample_08032.jpg,-24.87378,12.513376
sample_08033.jpg,16.646376,2.9679954
sample_08034.jpg,-11.398599,-20.44308
sample_08035.jpg,-4.365762,-12.541806
sample_08036.jpg,15.235061,-1.6815766
sample_08037.jpg,-21.215216,17.644249
sample_08038.jpg,4.247173,-12.438252
sample_08039.jpg,3.644952,11.390766
sample_08040.jpg,19.655201,31.041399
sample_08041.jpg,-28.16254,12.65275
sample_08042.jpg,0.774546,-18.903576
sample_08043.jpg,-10.725248,55.523167
sample_08044.jpg,35.59266,-25.736353
sample_08045.jpg,-14.574165,16.134235
sample_08046.jpg,7.6381564,-16.454977
sample_08047.jpg,7.4037976,-14.940436
sample_08048.jpg,-1.8624989,-0.22350298
sample_08049.jpg,38.352417,-14.565334
sample_08050.jpg,-20.448137,12.705143
sample_08051.jpg,-19.646652,57.45609
sample_08052.jpg,40.45035,29.878067
sample_08053.jpg,28.163336,33.488823
sample_08054.jpg,-4.9647503,15.40768
sample_08055.jpg,4.4639983,-0.40306795
sample_08056.jpg,8.8343725,-24.699646
sample_08057.jpg,-6.5131526,-1.1534921
sample_08058.jpg,-19.497248,9.632173
sample_08059.jpg,-3.7942047,-2.7018678
sample_08060.jpg,9.718444,-6.323431
sample_08061.jpg,-8.122603,-24.253807
sample_08062.jpg,5.6129513,9.654095
sample_08063.jpg,-25.40274,22.586376
sample_08064.jpg,-14.087422,-5.563142
sample_08065.jpg,-29.198164,22.579123
sample_08066.jpg,29.972584,35.250298
sample_08067.jpg,0.73541886,-4.360085
sample_08068.jpg,-15.316683,9.552492
sample_08069.jpg,24.156176,-19.17928
sample_08070.jpg,31.02847,-6.866632
sample_08071.jpg,-22.65606,-0.3837328
sample_08072.jpg,-18.967741,4.140296
sample_08073.jpg,2.1167912,43.787964
sample_08074.jpg,19.474709,-0.9560482
sample_08075.jpg,24.79309,-25.884493
sample_08076.jpg,15.694939,-13.859708
sample_08077.jpg,-14.477269,6.400766
sample_08078.jpg,12.6294775,25.735744
sample_08079.jpg,5.1150575,6.7403154
sample_08080.jpg,7.290409,-24.775461
sample_08081.jpg,27.666437,-13.366548
sample_08082.jpg,9.93971,11.372636
sample_08083.jpg,-16.98079,9.948121
sample_08084.jpg,5.549463,6.264509
sample_08085.jpg,-2.9591362,12.086294
sample_08086.jpg,2.0706534,44.03199
sample_08087.jpg,-17.758259,-8.89242
sample_08088.jpg,-18.044859,8.278219
sample_08089.jpg,11.233207,-3.2484908
sample_08090.jpg,2.7720544,22.943007
sample_08091.jpg,2.819684,43.99195
sample_08092.jpg,1.4318188,-4.6807585
sample_08093.jpg,21.26173,31.305176
sample_08094.jpg,-10.741141,17.578878
sample_08095.jpg,-12.650729,-0.4138497
sample_08096.jpg,10.449391,-33.602448
sample_08097.jpg,31.236015,-25.907646
sample_08098.jpg,35.216496,31.51492
sample_08099.jpg,-39.64032,14.577211
sample_08100.jpg,-0.6584245,11.147329
sample_08101.jpg,-5.894626,-2.4610465
sample_08102.jpg,28.198864,32.23844
sample_08103.jpg,20.088211,-31.918034
sample_08104.jpg,17.086613,27.689444
sample_08105.jpg,14.317618,26.23683
sample_08106.jpg,5.1950808,-1.6599685
sample_08107.jpg,-3.142487,18.570858
sample_08108.jpg,15.5613365,-24.922276
sample_08109.jpg,24.94246,-31.140476
sample_08110.jpg,-3.9770005,52.644398
sample_08111.jpg,-3.404742,15.171527
sample_08112.jpg,8.124242,-7.2869773
sample_08113.jpg,11.629625,-13.003676
sample_08114.jpg,0.66411996,8.097076
sample_08115.jpg,-28.878275,13.514744
sample_08116.jpg,30.911524,-14.555412
sample_08117.jpg,-4.449677,-19.41451
sample_08118.jpg,19.145758,30.505972
sample_08119.jpg,-4.8477645,-10.218552
sample_08120.jpg,-17.708813,57.238987
sample_08121.jpg,-14.220479,2.4287355
sample_08122.jpg,29.600254,-0.90472955
sample_08123.jpg,1.687081,14.844886
sample_08124.jpg,26.960514,-16.15874
sample_08125.jpg,35.36248,31.458454
sample_08126.jpg,28.226528,-7.476855
sample_08127.jpg,-34.501347,2.908413
sample_08128.jpg,19.547758,-8.483673
sample_08129.jpg,36.574585,31.928585
sample_08130.jpg,13.543803,-11.477031
sample_08131.jpg,1.2628474,-3.859531
sample_08132.jpg,-0.24684724,48.64297
sample_08133.jpg,-26.115887,1.8424488
sample_08134.jpg,36.48919,31.652695
sample_08135.jpg,10.020763,-12.395829
sample_08136.jpg,-8.317942,-14.046756
sample_08137.jpg,11.376526,-3.4866343
sample_08138.jpg,32.486916,-29.34907
sample_08139.jpg,3.5703738,13.243493
sample_08140.jpg,-34.342915,1.7004534
sample_08141.jpg,-23.017303,7.573619
sample_08142.jpg,6.6544595,-19.231474
sample_08143.jpg,21.041466,-25.545658
sample_08144.jpg,0.91230154,46.417725
sample_08145.jpg,11.432759,-10.165481
sample_08146.jpg,17.269619,4.8725142
sample_08147.jpg,4.868339,-11.894616
sample_08148.jpg,11.124648,-11.77253
sample_08149.jpg,11.419585,5.3558936
sample_08150.jpg,-2.337965,4.4498305
sample_08151.jpg,4.2898684,35.994576
sample_08152.jpg,36.53773,-24.219454
sample_08153.jpg,-2.5387874,9.027549
sample_08154.jpg,-26.407412,19.557798
sample_08155.jpg,-5.178989,7.8733993
sample_08156.jpg,35.810913,30.766335
sample_08157.jpg,3.3185544,-1.6816791
sample_08158.jpg,21.86143,-12.528019
sample_08159.jpg,-12.196408,54.949593
sample_08160.jpg,-0.59844714,-15.011617
sample_08161.jpg,-15.454909,7.418433
sample_08162.jpg,37.327183,-21.809187
sample_08163.jpg,6.0984087,5.241648
sample_08164.jpg,28.447838,31.156916
sample_08165.jpg,-10.690365,-3.4389148
sample_08166.jpg,11.061404,16.795732
sample_08167.jpg,14.359977,4.277658
sample_08168.jpg,-0.5399307,-4.6599383
sample_08169.jpg,21.954773,3.2630985
sample_08170.jpg,2.1593828,-2.8997965
sample_08171.jpg,20.044245,1.166768
sample_08172.jpg,-14.96149,-5.6506987
sample_08173.jpg,-0.04423758,49.131706
sample_08174.jpg,-5.329602,21.061106
sample_08175.jpg,-19.453526,10.446865
sample_08176.jpg,39.346615,30.44439
sample_08177.jpg,35.468235,31.52417
sample_08178.jpg,-8.927394,-4.6200643
sample_08179.jpg,-9.990602,-12.666648
sample_08180.jpg,0.7739994,0.28784698
sample_08181.jpg,-21.542068,17.496033
sample_08182.jpg,5.178282,-3.9170287
sample_08183.jpg,13.685953,31.383873
sample_08184.jpg,-9.610493,-12.096517
sample_08185.jpg,13.618523,7.434547
sample_08186.jpg,28.204834,-23.312527
sample_08187.jpg,-10.160666,-26.325253
sample_08188.jpg,-1.3331764,1.892791
sample_08189.jpg,-28.851168,17.783426
sample_08190.jpg,-27.794373,23.455236
sample_08191.jpg,25.603231,-20.29521
sample_08192.jpg,12.296105,-6.7902675
sample_08193.jpg,-4.3764067,-1.1665574
sample_08194.jpg,-32.23679,-24.891956
sample_08195.jpg,29.964579,-24.328043
sample_08196.jpg,-27.853127,17.290756
sample_08197.jpg,-32.359787,-3.7950728
sample_08198.jpg,26.948666,-17.850464
sample_08199.jpg,-7.068684,10.206364
sample_08200.jpg,33.56677,-27.120272
sample_08201.jpg,15.676323,-21.792858
sample_08202.jpg,-7.9224277,-15.802109
sample_08203.jpg,-3.9749703,-22.418245
sample_08204.jpg,29.155472,-20.630592
sample_08205.jpg,25.819311,-21.921051
sample_08206.jpg,12.300439,-8.283839
sample_08207.jpg,-38.760242,11.343896
sample_08208.jpg,45.311554,26.478706
sample_08209.jpg,30.689838,-28.999699
sample_08210.jpg,-10.256073,54.5886
sample_08211.jpg,-19.961113,8.601918
sample_08212.jpg,3.359755,-1.1309114
sample_08213.jpg,-26.004335,16.506826
sample_08214.jpg,-10.94677,1.6997509
sample_08215.jpg,-34.39421,16.170671
sample_08216.jpg,6.4349494,5.4887924
sample_08217.jpg,-6.5057406,53.13441
sample_08218.jpg,-34.576748,1.0078204
sample_08219.jpg,16.940979,-5.8720603
sample_08220.jpg,-7.4062643,-1.8206104
sample_08221.jpg,2.8422508,-1.4110744
sample_08222.jpg,38.61924,-15.605257
sample_08223.jpg,-15.642099,-3.1003823
sample_08224.jpg,-12.002185,5.1573644
sample_08225.jpg,-2.7885115,-12.90729
sample_08226.jpg,-44.777393,-9.928245
sample_08227.jpg,-7.8515162,4.234972
sample_08228.jpg,34.939564,31.996048
sample_08229.jpg,-10.742309,55.49988
sample_08230.jpg,12.965594,-13.913851
sample_08231.jpg,21.892332,4.5199494
sample_08232.jpg,-14.678376,-11.190585
sample_08233.jpg,3.53144,-7.3265376
sample_08234.jpg,36.113403,32.609177
sample_08235.jpg,-6.665127,20.695965
sample_08236.jpg,10.605168,-13.765405
sample_08237.jpg,19.935854,-13.872227
sample_08238.jpg,19.803402,-14.514646
sample_08239.jpg,21.425383,-32.965546
sample_08240.jpg,-22.860197,21.59407
sample_08241.jpg,-3.3570695,-4.493529
sample_08242.jpg,-11.182805,0.34154478
sample_08243.jpg,-18.054018,3.5221775
sample_08244.jpg,13.149125,-5.115592
sample_08245.jpg,-28.106873,20.514755
sample_08246.jpg,9.685085,-10.652603
sample_08247.jpg,-3.3331766,5.673366
sample_08248.jpg,-0.31479815,-6.6556683
sample_08249.jpg,-13.480419,3.1590583
sample_08250.jpg,29.786722,-15.669119
sample_08251.jpg,-3.75376,1.3707925
sample_08252.jpg,15.57403,-3.0397694
sample_08253.jpg,-14.535006,18.776066
sample_08254.jpg,-50.66307,-8.994821
sample_08255.jpg,-52.37195,-8.486894
sample_08256.jpg,-33.864132,10.418035
sample_08257.jpg,-11.744528,-21.229746
sample_08258.jpg,-9.347577,54.984783
sample_08259.jpg,-29.118017,-23.169352
sample_08260.jpg,21.753517,31.567032
sample_08261.jpg,-35.416195,-33.113777
sample_08262.jpg,-23.59286,12.168146
sample_08263.jpg,2.6262739,8.263025
sample_08264.jpg,-18.327517,57.20618
sample_08265.jpg,-38.01253,11.316951
sample_08266.jpg,-23.788008,16.074793
sample_08267.jpg,-13.013513,7.822468
sample_08268.jpg,5.6215267,1.2545
sample_08269.jpg,22.4962,31.734314
sample_08270.jpg,16.284893,23.76951
sample_08271.jpg,3.6900756,-2.4817255
sample_08272.jpg,1.7950394,3.9129045
sample_08273.jpg,-2.2988162,49.45023
sample_08274.jpg,9.084708,0.613574
sample_08275.jpg,-2.6455855,5.931777
sample_08276.jpg,-22.576405,-6.4048347
sample_08277.jpg,39.56947,-14.997303
sample_08278.jpg,-0.23733036,0.9347983
sample_08279.jpg,-8.233852,2.6277015
sample_08280.jpg,-5.663215,-3.020361
sample_08281.jpg,-0.95955193,-10.412153
sample_08282.jpg,3.6999452,-7.9501886
sample_08283.jpg,-2.879146,-0.7786535
sample_08284.jpg,27.739428,-24.734478
sample_08285.jpg,8.614737,-2.7191274
sample_08286.jpg,-13.238184,3.794188
sample_08287.jpg,26.07366,2.7540681
sample_08288.jpg,32.539318,-29.949793
sample_08289.jpg,18.438347,-21.099516
sample_08290.jpg,-21.189459,-10.956674
sample_08291.jpg,-11.554981,55.519253
sample_08292.jpg,4.143955,5.111837
sample_08293.jpg,14.973696,-20.352453
sample_08294.jpg,-20.796455,-11.297592
sample_08295.jpg,21.600634,-23.818754
sample_08296.jpg,-1.482669,-6.103857
sample_08297.jpg,43.961563,27.095226
sample_08298.jpg,-5.71363,-14.58308
sample_08299.jpg,-10.165897,6.511493
sample_08300.jpg,-24.546501,5.5435348
sample_08301.jpg,1.304175,-3.9860191
sample_08302.jpg,-17.611847,10.454314
sample_08303.jpg,2.735758,-33.885807
sample_08304.jpg,-13.264388,7.3409286
sample_08305.jpg,28.38158,-16.1472
sample_08306.jpg,26.218166,-9.57702
sample_08307.jpg,26.88453,-22.150074
sample_08308.jpg,-21.198687,7.760344
sample_08309.jpg,22.682869,30.93855
sample_08310.jpg,11.626738,-17.42585
sample_08311.jpg,21.656841,-0.61838305
sample_08312.jpg,-8.011821,10.49252
sample_08313.jpg,-29.709135,4.8070636
sample_08314.jpg,22.70067,-18.47201
sample_08315.jpg,-26.606096,12.026865
sample_08316.jpg,-12.312957,-0.39998886
sample_08317.jpg,-32.47175,-27.443707
sample_08318.jpg,14.798209,26.48671
sample_08319.jpg,-18.955034,57.436626
sample_08320.jpg,7.824833,-9.883547
sample_08321.jpg,-14.793517,-9.320993
sample_08322.jpg,24.856455,-25.342098
sample_08323.jpg,-27.657967,18.444387
sample_08324.jpg,-5.4554734,0.35865343
sample_08325.jpg,-9.635543,0.5955488
sample_08326.jpg,-29.117758,-4.8428335
sample_08327.jpg,-35.428658,13.810907
sample_08328.jpg,5.635741,11.938124
sample_08329.jpg,28.782576,-16.600725
sample_08330.jpg,-26.050903,7.175087
sample_08331.jpg,-34.758747,-31.952122
sample_08332.jpg,10.481719,-17.35204
sample_08333.jpg,11.937744,-21.34259
sample_08334.jpg,-8.493624,0.5294819
sample_08335.jpg,24.757008,-4.466814
sample_08336.jpg,2.9458368,0.14452097
sample_08337.jpg,36.870064,-20.010408
sample_08338.jpg,-1.3994722,10.949842
sample_08339.jpg,-9.782093,-0.8103341
sample_08340.jpg,-51.40823,-8.746733
sample_08341.jpg,-2.6875224,-5.032903
sample_08342.jpg,2.3373284,3.0967393
sample_08343.jpg,27.15603,-12.62105
sample_08344.jpg,10.576527,-17.089733
sample_08345.jpg,0.8824013,-18.480244
sample_08346.jpg,-22.55735,12.959568
sample_08347.jpg,-36.063557,3.8009968
sample_08348.jpg,15.218749,-15.852936
sample_08349.jpg,37.770355,30.057299
sample_08350.jpg,-1.4143376,-3.9692607
sample_08351.jpg,1.2169738,-3.3740127
sample_08352.jpg,-7.4107003,-21.424706
sample_08353.jpg,9.3305645,-9.464595
sample_08354.jpg,-3.4748664,-22.496813
sample_08355.jpg,27.585608,-2.0812778
sample_08356.jpg,22.39174,-11.699899
sample_08357.jpg,-19.351692,-3.2768376
sample_08358.jpg,-5.487929,-9.673171
sample_08359.jpg,-5.9398046,-23.170353
sample_08360.jpg,-7.3856683,9.063146
sample_08361.jpg,-12.438771,-15.862288
sample_08362.jpg,36.721363,32.11324
sample_08363.jpg,-9.474619,9.738096
sample_08364.jpg,-10.978191,-11.839441
sample_08365.jpg,-19.466599,57.514645
sample_08366.jpg,-1.316609,1.494318
sample_08367.jpg,-10.487178,-6.538743
sample_08368.jpg,-9.095669,-13.058117
sample_08369.jpg,5.7779684,-3.8909562
sample_08370.jpg,-12.12054,-27.867897
sample_08371.jpg,33.15299,-10.834253
sample_08372.jpg,-18.900446,21.234268
sample_08373.jpg,-12.625173,10.083366
sample_08374.jpg,14.217864,23.345175
sample_08375.jpg,19.187906,-15.162477
sample_08376.jpg,-8.219719,-6.640753
sample_08377.jpg,30.588667,-16.042728
sample_08378.jpg,-11.568619,55.84555
sample_08379.jpg,-46.121563,-9.943289
sample_08380.jpg,-0.8541661,-8.3453455
sample_08381.jpg,-1.8496741,-0.68722624
sample_08382.jpg,2.6254063,-4.816663
sample_08383.jpg,30.049114,-26.73812
sample_08384.jpg,-3.6870112,51.05485
sample_08385.jpg,-7.645861,-20.479536
sample_08386.jpg,-17.455063,5.0451922
sample_08387.jpg,-23.006481,-4.5702457
sample_08388.jpg,21.353539,3.7245572
sample_08389.jpg,29.90553,-2.2686057
sample_08390.jpg,-14.579594,1.7999038
sample_08391.jpg,-3.9845471,-4.0401187
sample_08392.jpg,-38.212303,15.702068
sample_08393.jpg,-35.056023,20.827007
sample_08394.jpg,25.397285,4.2001424
sample_08395.jpg,-2.860437,-6.5972624
sample_08396.jpg,43.064823,27.943462
sample_08397.jpg,-30.852694,-4.368134
sample_08398.jpg,-5.9915056,3.045319
sample_08399.jpg,20.068945,-2.7258856
sample_08400.jpg,9.510494,-22.26118
sample_08401.jpg,-4.9759026,-2.6720788
sample_08402.jpg,-14.85489,56.48284
sample_08403.jpg,-6.352656,-19.502213
sample_08404.jpg,5.871832,-7.780681
sample_08405.jpg,0.7880973,15.535037
sample_08406.jpg,1.7404802,2.6809738
sample_08407.jpg,-3.523854,6.8523946
sample_08408.jpg,33.29689,-16.321959
sample_08409.jpg,-0.015955882,46.76535
sample_08410.jpg,12.391666,-8.579853
sample_08411.jpg,2.0055232,-6.9282317
sample_08412.jpg,28.572903,-3.280229
sample_08413.jpg,29.675755,-15.3425865
sample_08414.jpg,-9.074671,5.0501776
sample_08415.jpg,-1.2555016,-2.804747
sample_08416.jpg,-5.58167,1.5688913
sample_08417.jpg,1.7818184,45.566833
sample_08418.jpg,-30.312178,9.1613245
sample_08419.jpg,9.704374,-8.540837
sample_08420.jpg,-1.1653341,49.184032
sample_08421.jpg,-24.49972,11.188072
sample_08422.jpg,22.183805,-30.701996
sample_08423.jpg,31.075638,-27.55937
sample_08424.jpg,5.7592697,-8.543712
sample_08425.jpg,16.914469,-1.0828114
sample_08426.jpg,7.1142554,-21.651985
sample_08427.jpg,7.5205274,-23.083134
sample_08428.jpg,24.71638,-24.779778
sample_08429.jpg,23.74645,3.0154402
sample_08430.jpg,0.10090717,9.546366
sample_08431.jpg,22.82067,-25.566444
sample_08432.jpg,28.145042,-3.6838098
sample_08433.jpg,37.890697,-18.610907
sample_08434.jpg,20.509182,-17.281544
sample_08435.jpg,-5.8079615,-0.5051361
sample_08436.jpg,28.43029,-30.217682
sample_08437.jpg,22.726612,-15.816274
sample_08438.jpg,-7.891335,-27.7947
sample_08439.jpg,13.435201,5.609866
sample_08440.jpg,33.25773,-25.56262
sample_08441.jpg,-5.24021,14.418154
sample_08442.jpg,-2.7471602,-24.808455
sample_08443.jpg,-1.9864248,-8.483924
sample_08444.jpg,-7.6639442,1.896612
sample_08445.jpg,-24.12455,-7.5497103
sample_08446.jpg,1.2717979,46.101093
sample_08447.jpg,27.001398,-14.28546
sample_08448.jpg,3.985297,-20.991365
sample_08449.jpg,21.315409,-32.47112
sample_08450.jpg,31.062607,-26.665167
sample_08451.jpg,28.251408,-13.915834
sample_08452.jpg,1.5362282,-11.341558
sample_08453.jpg,26.068401,-16.01266
sample_08454.jpg,1.7068743,3.892748
sample_08455.jpg,43.949295,26.921486
sample_08456.jpg,-11.755084,11.948697
sample_08457.jpg,13.137782,-14.306917
sample_08458.jpg,-22.732317,9.782005
sample_08459.jpg,-12.359509,54.817375
sample_08460.jpg,34.10611,-28.51424
sample_08461.jpg,2.717767,43.5068
sample_08462.jpg,17.982136,-2.811414
sample_08463.jpg,-16.616076,-12.110629
sample_08464.jpg,-1.1324081,-2.489465
sample_08465.jpg,-21.89083,7.978043
sample_08466.jpg,-0.589602,48.930916
sample_08467.jpg,9.79396,-33.977104
sample_08468.jpg,14.912614,25.368343
sample_08469.jpg,16.948378,-14.433088
sample_08470.jpg,-3.6260943,-0.6890834
sample_08471.jpg,12.56491,24.753801
sample_08472.jpg,1.6116196,17.275095
sample_08473.jpg,-11.522909,7.8005633
sample_08474.jpg,0.33878294,-10.554688
sample_08475.jpg,31.98209,-7.009414
sample_08476.jpg,-17.898218,18.93966
sample_08477.jpg,24.981888,-20.904373
sample_08478.jpg,11.302801,-12.134159
sample_08479.jpg,18.743176,-22.536976
sample_08480.jpg,-15.616361,14.3910475
sample_08481.jpg,19.327887,-16.95079
sample_08482.jpg,13.48854,-25.642853
sample_08483.jpg,-16.196249,21.526327
sample_08484.jpg,20.718792,1.4594471
sample_08485.jpg,-30.68615,9.534718
sample_08486.jpg,0.5849004,-9.74996
sample_08487.jpg,37.808414,-22.086384
sample_08488.jpg,-10.9937525,-5.0826645
sample_08489.jpg,-26.293848,6.6586056
sample_08490.jpg,-31.200397,14.891828
sample_08491.jpg,-4.354063,11.522191
sample_08492.jpg,16.5287,28.719307
sample_08493.jpg,-32.53855,13.823766
sample_08494.jpg,5.6509852,6.0170665
sample_08495.jpg,-1.9433385,-8.37034
sample_08496.jpg,-3.708004,-0.5698911
sample_08497.jpg,-8.452629,16.150188
sample_08498.jpg,4.9415684,-4.552324
sample_08499.jpg,-13.699557,1.661025
sample_08500.jpg,25.927607,-28.182934
sample_08501.jpg,16.023787,-8.742041
sample_08502.jpg,35.388233,-22.419596
sample_08503.jpg,-18.792168,6.4742923
sample_08504.jpg,-19.584934,57.544228
sample_08505.jpg,9.273531,-5.4043603
sample_08506.jpg,34.876392,31.740252
sample_08507.jpg,21.088018,-19.062353
sample_08508.jpg,9.3552065,-17.86975
sample_08509.jpg,1.841235,-20.87087
sample_08510.jpg,-32.901863,22.3417
sample_08511.jpg,-32.740967,-28.505257
sample_08512.jpg,-22.590101,-4.144492
sample_08513.jpg,-30.485197,-25.246729
sample_08514.jpg,-30.55554,13.016752
sample_08515.jpg,27.523026,-5.813304
sample_08516.jpg,-15.917103,-9.042511
sample_08517.jpg,4.7450686,-2.2223363
sample_08518.jpg,-31.013412,-26.707045
sample_08519.jpg,6.385873,-16.061771
sample_08520.jpg,-6.936552,-2.5359378
sample_08521.jpg,28.520006,-5.325912
sample_08522.jpg,9.817292,-16.751532
sample_08523.jpg,-50.17095,-9.154762
sample_08524.jpg,-1.1293215,-6.2278976
sample_08525.jpg,31.788198,5.007732
sample_08526.jpg,45.435165,26.252853
sample_08527.jpg,-15.473438,-29.800682
sample_08528.jpg,34.229244,-14.609735
sample_08529.jpg,-14.735032,-2.549841
sample_08530.jpg,18.383944,-16.424704
sample_08531.jpg,-13.205975,-6.060201
sample_08532.jpg,-35.52986,-33.286484
sample_08533.jpg,28.620766,33.09051
sample_08534.jpg,-24.881283,15.1202
sample_08535.jpg,-2.7401087,-4.795964
sample_08536.jpg,-11.795821,19.94402
sample_08537.jpg,23.609766,-22.987614
sample_08538.jpg,19.361137,13.539747
sample_08539.jpg,24.528618,-6.0288863
sample_08540.jpg,11.092048,-7.1215286
sample_08541.jpg,11.165202,24.479496
sample_08542.jpg,-4.3032985,7.053416
sample_08543.jpg,1.6578814,46.899654
sample_08544.jpg,-32.046177,-24.69677
sample_08545.jpg,26.901787,-7.5710745
sample_08546.jpg,-2.4839733,-26.962915
sample_08547.jpg,32.35123,-26.702454
sample_08548.jpg,-22.36572,3.2522771
sample_08549.jpg,-36.291927,14.74208
sample_08550.jpg,-19.745682,19.088064
sample_08551.jpg,25.982307,-26.48321
sample_08552.jpg,21.660973,31.53217
sample_08553.jpg,-15.649026,57.098072
sample_08554.jpg,-2.2391708,5.443892
sample_08555.jpg,-32.368484,-5.9736047
sample_08556.jpg,-17.426666,57.461853
sample_08557.jpg,2.34981,-0.376305
sample_08558.jpg,10.677776,-25.846088
sample_08559.jpg,-46.474316,-9.470247
sample_08560.jpg,17.120514,-0.47308785
sample_08561.jpg,-20.36423,9.49653
sample_08562.jpg,7.6702847,-4.60854
sample_08563.jpg,-4.759853,-1.4443126
sample_08564.jpg,23.030787,-25.599222
sample_08565.jpg,34.19911,-22.402658
sample_08566.jpg,23.133568,-23.910912
sample_08567.jpg,13.287814,1.7040621
sample_08568.jpg,21.233393,-17.252283
sample_08569.jpg,4.027567,-4.409289
sample_08570.jpg,-10.730021,54.561756
sample_08571.jpg,1.4594119,-10.873162
sample_08572.jpg,-11.075716,6.5653777
sample_08573.jpg,15.543858,-28.885227
sample_08574.jpg,2.3920016,-8.665242
sample_08575.jpg,-21.222206,-10.687511
sample_08576.jpg,-3.785737,-4.161465
sample_08577.jpg,14.254274,5.855617
sample_08578.jpg,19.922436,-30.705276
sample_08579.jpg,-7.82944,17.478487
sample_08580.jpg,32.885147,-10.00365
sample_08581.jpg,-32.768124,19.193407
sample_08582.jpg,28.620764,-36.278896
sample_08583.jpg,-11.835214,-3.6220324
sample_08584.jpg,-0.53691125,-21.24096
sample_08585.jpg,-24.30944,14.17734
sample_08586.jpg,-27.02279,20.781319
sample_08587.jpg,13.96938,2.5343928
sample_08588.jpg,-10.70851,3.767041
sample_08589.jpg,28.327848,-5.593474
sample_08590.jpg,28.00834,-21.155874
sample_08591.jpg,4.3331227,-3.4229107
sample_08592.jpg,-38.24287,15.795555
sample_08593.jpg,25.825268,-14.372244
sample_08594.jpg,-17.12903,56.514275
sample_08595.jpg,-9.04936,12.430353
sample_08596.jpg,17.211267,29.521648
sample_08597.jpg,-4.455977,52.339935
sample_08598.jpg,-34.900337,18.7723
sample_08599.jpg,-17.338238,-7.028311
sample_08600.jpg,25.597195,31.98638
sample_08601.jpg,9.894737,-8.641679
sample_08602.jpg,17.534618,-22.671915
sample_08603.jpg,2.948986,40.493153
sample_08604.jpg,-8.095655,-21.940237
sample_08605.jpg,-14.546457,13.811791
sample_08606.jpg,34.987064,-23.195215
sample_08607.jpg,-4.312667,4.06478
sample_08608.jpg,0.84294224,2.1986878
sample_08609.jpg,29.668959,32.68533
sample_08610.jpg,18.764532,-19.719954
sample_08611.jpg,19.012266,-4.4001455
sample_08612.jpg,8.144347,10.973545
sample_08613.jpg,-26.189285,0.90483785
sample_08614.jpg,-21.377625,5.8398304
sample_08615.jpg,2.9116635,-3.0618627
sample_08616.jpg,-5.3527956,-4.58162
sample_08617.jpg,28.600365,-6.136397
sample_08618.jpg,-13.438046,14.052087
sample_08619.jpg,6.1649423,-3.7960052
sample_08620.jpg,-17.439632,-12.678405
sample_08621.jpg,32.05857,-27.534344
sample_08622.jpg,-35.848465,10.441064
sample_08623.jpg,40.38066,28.86793
sample_08624.jpg,20.911957,-33.50937
sample_08625.jpg,10.035439,5.542035
sample_08626.jpg,2.6402838,-6.7992024
sample_08627.jpg,-3.1032763,17.5345
sample_08628.jpg,26.504507,-24.748404
sample_08629.jpg,18.98056,-15.899909
sample_08630.jpg,-15.441605,4.364742
sample_08631.jpg,-15.7703495,3.8278925
sample_08632.jpg,-3.5762777,-15.32969
sample_08633.jpg,-14.5296335,3.372568
sample_08634.jpg,1.2310884,9.346232
sample_08635.jpg,-1.7490996,-3.92608
sample_08636.jpg,-21.604727,0.45029616
sample_08637.jpg,30.90833,-11.087101
sample_08638.jpg,-29.688541,-24.942434
sample_08639.jpg,-14.27517,-1.8360479
sample_08640.jpg,25.292038,-21.226763
sample_08641.jpg,-3.1911385,-0.007539377
sample_08642.jpg,-18.01517,-7.735952
sample_08643.jpg,28.947248,-28.148018
sample_08644.jpg,-5.737061,-19.444635
sample_08645.jpg,43.97378,27.639921
sample_08646.jpg,-17.37564,10.986172
sample_08647.jpg,-19.276077,-12.659204
sample_08648.jpg,-17.645868,10.304864
sample_08649.jpg,-8.849467,7.2108755
sample_08650.jpg,-11.231182,4.1526055
sample_08651.jpg,-1.8521212,52.233227
sample_08652.jpg,23.142591,-27.886175
sample_08653.jpg,40.937866,29.176243
sample_08654.jpg,-35.27369,5.151381
sample_08655.jpg,19.476093,-12.279504
sample_08656.jpg,3.1092615,-4.130631
sample_08657.jpg,15.87849,-17.6131
sample_08658.jpg,2.8022995,23.078968
sample_08659.jpg,4.090396,-20.004774
sample_08660.jpg,23.88508,33.731117
sample_08661.jpg,-11.9953165,-20.377663
sample_08662.jpg,23.102325,-20.039413
sample_08663.jpg,-35.966846,-34.2322
sample_08664.jpg,-6.0251384,52.90142
sample_08665.jpg,-20.384935,25.676865
sample_08666.jpg,-52.012924,-7.8598204
sample_08667.jpg,-16.434202,-12.112681
sample_08668.jpg,5.1124396,-29.869963
sample_08669.jpg,-8.637971,-16.673237
sample_08670.jpg,20.149117,0.33692715
sample_08671.jpg,-33.12811,-27.51722
sample_08672.jpg,-0.93528306,-5.3142977
sample_08673.jpg,5.4118986,3.952092
sample_08674.jpg,2.9918532,39.765587
sample_08675.jpg,7.631983,-4.3628225
sample_08676.jpg,45.765774,25.947855
sample_08677.jpg,26.557154,-18.971252
sample_08678.jpg,-6.1272445,-2.3340278
sample_08679.jpg,23.157202,-21.998878
sample_08680.jpg,-25.29422,11.93046
sample_08681.jpg,-13.340916,-1.7136723
sample_08682.jpg,-8.8960705,5.3321137
sample_08683.jpg,-28.862663,8.241212
sample_08684.jpg,-21.453575,23.360498
sample_08685.jpg,12.490137,-2.2022307
sample_08686.jpg,2.6632967,-34.03759
sample_08687.jpg,27.03899,-15.156404
sample_08688.jpg,-17.169956,-0.06980088
sample_08689.jpg,16.03838,12.0560875
sample_08690.jpg,-14.720813,-28.618439
sample_08691.jpg,-34.100872,9.595961
sample_08692.jpg,22.116241,-8.75986
sample_08693.jpg,-15.953777,20.744846
sample_08694.jpg,8.2711,12.617946
sample_08695.jpg,1.84297,-12.341039
sample_08696.jpg,6.7405596,8.75508
sample_08697.jpg,8.089752,8.627251
sample_08698.jpg,19.905994,-30.111198
sample_08699.jpg,-16.60535,20.274492
sample_08700.jpg,23.435678,-7.6393166
sample_08701.jpg,18.719534,-9.41108
sample_08702.jpg,1.9276863,-2.9790704
sample_08703.jpg,-18.571318,-11.662391
sample_08704.jpg,6.5519204,-6.42632
sample_08705.jpg,3.497708,36.939407
sample_08706.jpg,-34.711758,16.99243
sample_08707.jpg,-18.06976,3.777993
sample_08708.jpg,20.17927,-9.374139
sample_08709.jpg,24.539442,-11.074583
sample_08710.jpg,43.156044,28.005638
sample_08711.jpg,6.706385,-2.0915554
sample_08712.jpg,-9.399483,-2.1806092
sample_08713.jpg,-38.287178,15.775049
sample_08714.jpg,-8.149151,3.6199512
sample_08715.jpg,25.703629,-31.037954
sample_08716.jpg,-0.25528827,-7.5346236
sample_08717.jpg,-21.288612,-5.9959216
sample_08718.jpg,-33.742577,10.153335
sample_08719.jpg,5.7266808,2.1418695
sample_08720.jpg,-9.715059,4.780294
sample_08721.jpg,-14.363921,9.693191
sample_08722.jpg,31.249226,-26.446594
sample_08723.jpg,-10.7373905,55.45859
sample_08724.jpg,14.282906,3.122131
sample_08725.jpg,-26.947968,21.145155
sample_08726.jpg,-3.9373806,-22.410587
sample_08727.jpg,-1.3113414,7.571146
sample_08728.jpg,-6.4954686,53.602493
sample_08729.jpg,0.030852595,47.81447
sample_08730.jpg,11.487316,-16.639265
sample_08731.jpg,2.6822846,-33.786182
sample_08732.jpg,19.632732,-25.205975
sample_08733.jpg,-29.810595,-24.659922
sample_08734.jpg,32.392258,-15.631601
sample_08735.jpg,14.247398,-13.500291
sample_08736.jpg,-0.5394577,-1.0207198
sample_08737.jpg,29.71313,32.023678
sample_08738.jpg,26.253904,-30.99766
sample_08739.jpg,10.283294,-5.7723174
sample_08740.jpg,25.435894,-25.56675
sample_08741.jpg,26.44715,-23.989872
sample_08742.jpg,-24.26945,10.986104
sample_08743.jpg,29.476751,-27.23385
sample_08744.jpg,-0.604624,-5.9014645
sample_08745.jpg,10.399604,-10.71928
sample_08746.jpg,15.94523,1.8988807
sample_08747.jpg,4.443644,-11.801355
sample_08748.jpg,-15.426001,-1.430305
sample_08749.jpg,0.36929727,18.911715
sample_08750.jpg,-26.279171,6.968943
sample_08751.jpg,-4.967484,53.88827
sample_08752.jpg,-2.858197,50.57464
sample_08753.jpg,-30.525343,11.613882
sample_08754.jpg,11.396605,-9.530115
sample_08755.jpg,3.944413,-4.0251236
sample_08756.jpg,38.49572,-14.716204
sample_08757.jpg,28.796118,-2.3117778
sample_08758.jpg,23.426104,-28.138138
sample_08759.jpg,-1.9238629,7.608838
sample_08760.jpg,-3.552116,-0.83054894
sample_08761.jpg,-33.628723,5.6853294
sample_08762.jpg,-16.073189,14.065586
sample_08763.jpg,28.012802,-19.814024
sample_08764.jpg,-17.381931,5.8945417
sample_08765.jpg,-10.545515,2.9113305
sample_08766.jpg,-19.536732,16.673286
sample_08767.jpg,17.640068,30.076761
sample_08768.jpg,21.092623,-31.09175
sample_08769.jpg,-28.529247,20.19809
sample_08770.jpg,-13.360963,4.820572
sample_08771.jpg,11.046032,-7.0337043
sample_08772.jpg,2.1422982,-35.91151
sample_08773.jpg,-32.470024,-28.11723
sample_08774.jpg,3.8098547,36.830574
sample_08775.jpg,23.251247,-15.080741
sample_08776.jpg,-8.904381,-2.0308807
sample_08777.jpg,-15.129651,-10.676347
sample_08778.jpg,-15.113573,8.081925
sample_08779.jpg,-1.0418556,14.831979
sample_08780.jpg,19.964813,-17.290771
sample_08781.jpg,10.633629,1.8590664
sample_08782.jpg,-9.741151,-9.094615
sample_08783.jpg,-14.713543,-0.5153176
sample_08784.jpg,7.3426223,-8.3948
sample_08785.jpg,5.521163,-12.582449
sample_08786.jpg,-33.55483,13.109912
sample_08787.jpg,-21.492676,8.275022
sample_08788.jpg,-29.169327,12.713835
sample_08789.jpg,-13.549307,-5.2110634
sample_08790.jpg,30.190279,32.833443
sample_08791.jpg,-12.067588,55.526447
sample_08792.jpg,22.10166,-34.229427
sample_08793.jpg,-0.08016476,-4.2063804
sample_08794.jpg,-11.497179,18.044119
sample_08795.jpg,5.1164746,-12.960267
sample_08796.jpg,27.246782,-33.93994
sample_08797.jpg,-10.363799,0.13287458
sample_08798.jpg,-16.507347,-10.603198
sample_08799.jpg,16.793726,27.988056
sample_08800.jpg,29.567188,-17.159336
sample_08801.jpg,-44.327793,-9.997688
sample_08802.jpg,4.453794,-5.9769173
sample_08803.jpg,34.864796,-21.812744
sample_08804.jpg,-44.579655,-10.016689
sample_08805.jpg,-46.10555,-9.616676
sample_08806.jpg,34.00064,-14.785808
sample_08807.jpg,-13.017242,14.275777
sample_08808.jpg,-32.98225,-29.073622
sample_08809.jpg,-6.3263154,-27.172215
sample_08810.jpg,25.95915,-29.732756
sample_08811.jpg,9.618712,-16.401855
sample_08812.jpg,-0.96626836,48.93113
sample_08813.jpg,-10.718453,-31.762335
sample_08814.jpg,16.670065,-17.739143
sample_08815.jpg,4.892112,-14.2817955
sample_08816.jpg,7.723788,-5.0977163
sample_08817.jpg,-30.887444,-5.4342036
sample_08818.jpg,-19.817501,0.47748378
sample_08819.jpg,-0.92645556,7.7386403
sample_08820.jpg,31.190367,-23.110569
sample_08821.jpg,32.076717,-19.118214
sample_08822.jpg,1.674745,-15.549658
sample_08823.jpg,3.5799189,-11.78292
sample_08824.jpg,10.148611,-13.261724
sample_08825.jpg,-9.614527,-27.917797
sample_08826.jpg,12.699982,-24.157887
sample_08827.jpg,4.6750054,4.369517
sample_08828.jpg,-7.8552675,52.928177
sample_08829.jpg,19.540741,31.208204
sample_08830.jpg,-8.742104,9.273021
sample_08831.jpg,-14.599159,56.383698
sample_08832.jpg,-11.557706,9.681937
sample_08833.jpg,2.6294408,-7.421318
sample_08834.jpg,41.09238,29.442282
sample_08835.jpg,-25.48067,10.722088
sample_08836.jpg,16.200653,4.3220515
sample_08837.jpg,-20.80113,18.379234
sample_08838.jpg,14.741249,-6.160026
sample_08839.jpg,-26.22283,18.632647
sample_08840.jpg,35.589924,-25.909767
sample_08841.jpg,11.215691,-21.953653
sample_08842.jpg,-18.623987,6.0649033
sample_08843.jpg,-6.207358,-16.054682
sample_08844.jpg,-4.100146,-16.827364
sample_08845.jpg,-21.73043,5.351859
sample_08846.jpg,-26.022419,17.074638
sample_08847.jpg,25.292385,3.705956
sample_08848.jpg,-7.147639,-4.134292
sample_08849.jpg,-9.097612,6.0114713
sample_08850.jpg,4.443509,3.087714
sample_08851.jpg,-34.736248,-32.176903
sample_08852.jpg,21.970396,-18.084291
sample_08853.jpg,-36.25664,15.409702
sample_08854.jpg,30.61037,-28.171429
sample_08855.jpg,-34.55574,2.495121
sample_08856.jpg,28.320316,32.706596
sample_08857.jpg,28.037113,-12.526139
sample_08858.jpg,-13.307529,-3.4512117
sample_08859.jpg,-29.789272,-5.8834786
sample_08860.jpg,-28.37731,14.564892
sample_08861.jpg,22.231085,31.529333
sample_08862.jpg,30.20497,-25.255116
sample_08863.jpg,-20.193975,57.65591
sample_08864.jpg,-32.043564,6.492223
sample_08865.jpg,17.841116,-28.227003
sample_08866.jpg,-0.98445946,0.8503366
sample_08867.jpg,11.838787,-4.9948707
sample_08868.jpg,-17.29041,56.54325
sample_08869.jpg,32.86291,-18.229513
sample_08870.jpg,39.479725,30.582909
sample_08871.jpg,-9.583388,18.86262
sample_08872.jpg,-26.878628,6.946717
sample_08873.jpg,-18.548338,-12.68573
sample_08874.jpg,-34.44272,3.1226323
sample_08875.jpg,-6.4894137,-13.57341
sample_08876.jpg,20.4707,4.6043167
sample_08877.jpg,1.6326133,2.867393
sample_08878.jpg,-14.828027,-1.6193591
sample_08879.jpg,-13.867699,-12.492612
sample_08880.jpg,40.148506,-15.0438175
sample_08881.jpg,0.29047748,2.6111562
sample_08882.jpg,10.635875,-0.8717225
sample_08883.jpg,22.845638,-28.581297
sample_08884.jpg,4.533039,-10.3890295
sample_08885.jpg,-22.246702,-1.7939583
sample_08886.jpg,-8.654322,-19.252056
sample_08887.jpg,-40.791435,-10.964942
sample_08888.jpg,-9.336531,9.239344
sample_08889.jpg,-6.1142797,-4.083391
sample_08890.jpg,1.6875153,-7.721556
sample_08891.jpg,-10.546888,-8.479713
sample_08892.jpg,0.57885516,-4.646685
sample_08893.jpg,-31.377714,13.284921
sample_08894.jpg,26.655518,4.7170653
sample_08895.jpg,14.846714,-17.683704
sample_08896.jpg,-4.414529,9.90269
sample_08897.jpg,28.09354,-1.1117064
sample_08898.jpg,9.394821,6.219123
sample_08899.jpg,-34.92803,0.03366089
sample_08900.jpg,1.4564822,-13.190486
sample_08901.jpg,-15.775095,16.831974
sample_08902.jpg,-51.529984,-8.753866
sample_08903.jpg,24.842966,-9.6693735
sample_08904.jpg,11.457623,25.721611
sample_08905.jpg,25.573088,-23.951832
sample_08906.jpg,22.204874,-12.881827
sample_08907.jpg,-32.865692,21.876823
sample_08908.jpg,20.713778,-16.368357
sample_08909.jpg,13.845967,-0.8716549
sample_08910.jpg,27.906118,-32.54076
sample_08911.jpg,11.56797,-8.454699
sample_08912.jpg,-12.144191,1.4365244
sample_08913.jpg,7.7884297,7.1491785
sample_08914.jpg,42.610928,28.39581
sample_08915.jpg,8.826755,-24.713688
sample_08916.jpg,-16.238117,2.747279
sample_08917.jpg,-6.196072,-13.586013
sample_08918.jpg,24.452837,-26.286526
sample_08919.jpg,8.923143,5.486713
sample_08920.jpg,18.576809,4.5178676
sample_08921.jpg,4.1146474,-10.686766
sample_08922.jpg,-15.459525,5.797516
sample_08923.jpg,15.887773,3.0237145
sample_08924.jpg,-19.16559,15.214564
sample_08925.jpg,-30.549952,-0.45563856
sample_08926.jpg,4.4181423,-5.1427565
sample_08927.jpg,-15.872333,9.286789
sample_08928.jpg,-35.13176,0.26085547
sample_08929.jpg,38.620735,30.505985
sample_08930.jpg,-13.089065,56.72123
sample_08931.jpg,0.28375807,9.671408
sample_08932.jpg,18.396093,-21.484627
sample_08933.jpg,7.1179433,5.551655
sample_08934.jpg,13.526641,10.427366
sample_08935.jpg,24.729584,-5.987847
sample_08936.jpg,9.71917,-6.92833
sample_08937.jpg,-28.146852,2.5447142
sample_08938.jpg,11.122532,-2.1771286
sample_08939.jpg,-49.790607,-8.267393
sample_08940.jpg,-23.24992,10.353379
sample_08941.jpg,14.643582,-7.474094
sample_08942.jpg,21.634977,-22.319098
sample_08943.jpg,-15.865842,-8.635109
sample_08944.jpg,30.62598,32.363876
sample_08945.jpg,-2.6857836,-21.453636
sample_08946.jpg,18.830893,29.49807
sample_08947.jpg,24.939293,3.8127835
sample_08948.jpg,-34.24837,11.420348
sample_08949.jpg,-0.96547747,47.718353
sample_08950.jpg,-21.825367,5.407182
sample_08951.jpg,12.420425,-14.959868
sample_08952.jpg,-11.438194,-18.816475
sample_08953.jpg,-6.9592733,14.944847
sample_08954.jpg,-8.29475,-12.302149
sample_08955.jpg,23.174686,-22.700476
sample_08956.jpg,-26.790512,12.219469
sample_08957.jpg,-6.42501,-1.3355814
sample_08958.jpg,-41.434246,-10.679597
sample_08959.jpg,-45.357883,-9.718697
sample_08960.jpg,-17.05208,57.334743
sample_08961.jpg,-31.496954,8.591413
sample_08962.jpg,-8.983329,-16.477318
sample_08963.jpg,3.1426253,39.880142
sample_08964.jpg,-1.599289,-17.329153
sample_08965.jpg,-13.150211,-22.8942
sample_08966.jpg,-24.900326,13.061084
sample_08967.jpg,11.976593,-15.956218
sample_08968.jpg,-7.9724026,22.018867
sample_08969.jpg,-7.245813,-1.4746996
sample_08970.jpg,28.588041,-18.034435
sample_08971.jpg,30.554352,-18.20657
sample_08972.jpg,23.072035,-12.039399
sample_08973.jpg,-10.621643,-26.013659
sample_08974.jpg,-4.432906,4.0701866
sample_08975.jpg,-34.971767,2.5361543
sample_08976.jpg,-12.882474,-28.555187
sample_08977.jpg,20.536283,-32.420616
sample_08978.jpg,-28.711683,13.395759
sample_08979.jpg,-12.867711,9.85992
sample_08980.jpg,-16.044136,57.038383
sample_08981.jpg,3.530729,-22.479906
sample_08982.jpg,10.588333,4.2042093
sample_08983.jpg,-17.288116,6.733543
sample_08984.jpg,3.8353205,-8.791969
sample_08985.jpg,13.385514,25.72693
sample_08986.jpg,1.2637677,45.628616
sample_08987.jpg,-31.3873,11.361438
sample_08988.jpg,-0.25064453,-2.0916686
sample_08989.jpg,32.298428,-28.619127
sample_08990.jpg,-18.024473,7.013679
sample_08991.jpg,-16.174297,2.4471753
sample_08992.jpg,-18.640013,3.264559
sample_08993.jpg,22.811985,-18.606876
sample_08994.jpg,-12.349301,20.512514
sample_08995.jpg,24.486729,-30.706596
sample_08996.jpg,-35.47866,-33.091373
sample_08997.jpg,10.958079,22.391071
sample_08998.jpg,-18.007494,57.224487
sample_08999.jpg,-10.623978,55.442722
sample_09000.jpg,10.053282,-14.3039
sample_09001.jpg,-28.808447,5.681184
sample_09002.jpg,3.199352,41.92803
sample_09003.jpg,40.05388,-14.968475
sample_09004.jpg,24.734303,31.875494
sample_09005.jpg,1.0809476,-35.551815
sample_09006.jpg,26.31435,2.365827
sample_09007.jpg,-0.3083803,-1.6706743
sample_09008.jpg,30.382008,-18.252405
sample_09009.jpg,-2.5784807,17.199793
sample_09010.jpg,27.535265,31.050531
sample_09011.jpg,-13.571276,56.52785
sample_09012.jpg,-5.947132,-1.2264531
sample_09013.jpg,5.8958054,18.294056
sample_09014.jpg,-17.653994,57.30108
sample_09015.jpg,-35.607193,-33.42794
sample_09016.jpg,29.32148,-4.4526796
sample_09017.jpg,-16.096142,-1.9309082
sample_09018.jpg,-20.01638,17.440718
sample_09019.jpg,8.795099,-7.244307
sample_09020.jpg,5.5296965,14.28897
sample_09021.jpg,27.485561,-28.050444
sample_09022.jpg,12.104401,12.084613
sample_09023.jpg,-3.5556986,-0.67362577
sample_09024.jpg,6.5006337,-14.212194
sample_09025.jpg,8.523009,-1.63926
sample_09026.jpg,24.4858,3.611816
sample_09027.jpg,-49.234005,-9.014228
sample_09028.jpg,21.417559,-25.895184
sample_09029.jpg,-0.3253365,5.513914
sample_09030.jpg,29.861492,32.54177
sample_09031.jpg,-11.915831,14.261895
sample_09032.jpg,35.04332,-27.322613
sample_09033.jpg,43.28278,28.06053
sample_09034.jpg,-23.034512,13.044176
sample_09035.jpg,13.367815,-2.8347871
sample_09036.jpg,18.609756,-16.777609
sample_09037.jpg,-53.223774,-8.248856
sample_09038.jpg,28.846638,31.806393
sample_09039.jpg,23.751308,-18.058136
sample_09040.jpg,18.288734,-14.868472
sample_09041.jpg,29.663336,31.812193
sample_09042.jpg,-16.288923,9.467296
sample_09043.jpg,25.789236,4.1178284
sample_09044.jpg,-17.984657,3.0360646
sample_09045.jpg,-5.3327813,52.60571
sample_09046.jpg,-47.854664,-9.3545885
sample_09047.jpg,-19.764767,-1.7013099
sample_09048.jpg,-8.521567,-3.2331982
sample_09049.jpg,26.98822,-21.171951
sample_09050.jpg,16.074472,-27.383768
sample_09051.jpg,-14.855557,16.861721
sample_09052.jpg,5.4763484,4.0464997
sample_09053.jpg,3.5683434,-0.66064197
sample_09054.jpg,-0.17155696,-4.773977
sample_09055.jpg,8.401409,-3.321665
sample_09056.jpg,-25.045252,16.099264
sample_09057.jpg,-2.3357825,16.600342
sample_09058.jpg,3.01555,5.088104
sample_09059.jpg,-17.604107,6.7421412
sample_09060.jpg,-20.66174,2.8748274
sample_09061.jpg,13.553708,-9.969756
sample_09062.jpg,4.170467,3.0913715
sample_09063.jpg,-16.946976,-8.809591
sample_09064.jpg,-4.974787,15.730097
sample_09065.jpg,-33.32597,13.40747
sample_09066.jpg,-5.7476764,20.776989
sample_09067.jpg,31.18968,-27.2539
sample_09068.jpg,21.0941,-8.058755
sample_09069.jpg,22.081957,0.7984861
sample_09070.jpg,-9.733869,-10.22292
sample_09071.jpg,-11.147285,56.638145
sample_09072.jpg,22.105017,-2.4701087
sample_09073.jpg,-20.118586,2.7329435
sample_09074.jpg,-30.399578,-0.1897144
sample_09075.jpg,9.734515,6.911318
sample_09076.jpg,-46.65607,-9.823505
sample_09077.jpg,39.73779,-14.922818
sample_09078.jpg,6.090047,2.8598163
sample_09079.jpg,-2.7543936,1.8731217
sample_09080.jpg,27.948132,-2.3757205
sample_09081.jpg,-34.061176,18.724735
sample_09082.jpg,-34.56781,-31.893587
sample_09083.jpg,20.138863,-31.051
sample_09084.jpg,17.777584,29.994753
sample_09085.jpg,-19.098923,9.559188
sample_09086.jpg,-9.447645,16.229279
sample_09087.jpg,15.561902,-19.565813
sample_09088.jpg,31.322021,-9.57224
sample_09089.jpg,-32.13005,19.679482
sample_09090.jpg,3.614837,-23.057938
sample_09091.jpg,0.348367,-14.677222
sample_09092.jpg,-22.741308,-6.5239034
sample_09093.jpg,41.419647,28.97433
sample_09094.jpg,32.750984,-28.371485
sample_09095.jpg,-7.415791,5.2792606
sample_09096.jpg,-26.007605,8.463546
sample_09097.jpg,15.380182,26.882162
sample_09098.jpg,24.803766,4.1691084
sample_09099.jpg,-6.5029655,6.218627
sample_09100.jpg,-23.575153,16.676287
sample_09101.jpg,-7.5984044,54.463528
sample_09102.jpg,31.310743,-30.613543
sample_09103.jpg,21.37389,-13.710618
sample_09104.jpg,-27.824692,-5.3846545
sample_09105.jpg,-21.824339,12.959315
sample_09106.jpg,-2.9996352,-18.030249
sample_09107.jpg,26.243446,-18.959467
sample_09108.jpg,4.593183,-7.8152366
sample_09109.jpg,34.40674,-23.178843
sample_09110.jpg,13.356725,-14.314429
sample_09111.jpg,-13.862135,56.368423
sample_09112.jpg,30.962313,-24.98798
sample_09113.jpg,19.251888,-9.762163
sample_09114.jpg,39.379707,-14.474604
sample_09115.jpg,-8.081223,21.62452
sample_09116.jpg,-32.659447,10.523698
sample_09117.jpg,-27.30937,13.277632
sample_09118.jpg,3.345374,5.232908
sample_09119.jpg,-6.029088,19.683073
sample_09120.jpg,34.305218,-23.04145
sample_09121.jpg,31.033203,-23.924942
sample_09122.jpg,21.077198,-15.018312
sample_09123.jpg,-17.830198,6.31345
sample_09124.jpg,27.109732,-17.07818
sample_09125.jpg,29.44971,-27.670433
sample_09126.jpg,42.87024,28.278004
sample_09127.jpg,11.560047,25.741543
sample_09128.jpg,1.7199984,-10.8141775
sample_09129.jpg,-4.0530252,0.31946823
sample_09130.jpg,-9.144942,21.335752
sample_09131.jpg,-16.516537,10.50315
sample_09132.jpg,-5.000888,-17.360117
sample_09133.jpg,26.725197,0.37410405
sample_09134.jpg,-18.363323,-0.7397707
sample_09135.jpg,28.005325,-18.06548
sample_09136.jpg,-2.1409886,-3.789642
sample_09137.jpg,-33.126514,17.868933
sample_09138.jpg,2.7207425,-6.932738
sample_09139.jpg,-9.360459,-5.9295106
sample_09140.jpg,-18.925066,-12.231715
sample_09141.jpg,24.731438,2.1528852
sample_09142.jpg,1.941975,-8.641064
sample_09143.jpg,12.5284815,-1.7069613
sample_09144.jpg,15.509269,-8.903761
sample_09145.jpg,5.4803376,-10.629837
sample_09146.jpg,13.366399,-11.5055485
sample_09147.jpg,18.131483,-14.725536
sample_09148.jpg,-22.506693,-1.9393568
sample_09149.jpg,25.7706,-27.060234
sample_09150.jpg,-35.751373,2.402512
sample_09151.jpg,-31.702534,-27.427538
sample_09152.jpg,15.512563,-15.940383
sample_09153.jpg,-1.9745457,2.4798672
sample_09154.jpg,-13.586845,-4.1403775
sample_09155.jpg,31.597837,-5.175891
sample_09156.jpg,7.0850425,0.7821858
sample_09157.jpg,13.890442,-1.2408373
sample_09158.jpg,7.303527,-0.3264842
sample_09159.jpg,-2.5747128,-12.355275
sample_09160.jpg,8.744008,-29.768394
sample_09161.jpg,8.567165,-11.69117
sample_09162.jpg,-24.9667,-2.80933
sample_09163.jpg,-2.5318906,-12.322551
sample_09164.jpg,12.258818,-6.835636
sample_09165.jpg,-19.433876,-12.828578
sample_09166.jpg,-32.192883,0.17365074
sample_09167.jpg,-33.763245,5.5226026
sample_09168.jpg,24.994465,32.26259
sample_09169.jpg,-21.025284,-4.021159
sample_09170.jpg,-10.741837,-26.013798
sample_09171.jpg,2.4961908,-8.013073
sample_09172.jpg,-6.71538,20.77363
sample_09173.jpg,2.5619886,40.56941
sample_09174.jpg,31.254105,-14.213707
sample_09175.jpg,-34.537987,8.319875
sample_09176.jpg,11.395165,-13.398208
sample_09177.jpg,-35.43573,-33.130085
sample_09178.jpg,-35.398254,-31.793573
sample_09179.jpg,-10.096547,10.851656
sample_09180.jpg,-22.631506,9.071176
sample_09181.jpg,-14.421556,56.31209
sample_09182.jpg,-10.265807,13.778791
sample_09183.jpg,-22.562902,-4.260652
sample_09184.jpg,15.242901,-5.4237847
sample_09185.jpg,-32.750233,2.4795125
sample_09186.jpg,-10.221626,-25.102654
sample_09187.jpg,-35.089626,14.31417
sample_09188.jpg,-19.98361,57.59265
sample_09189.jpg,5.6847744,3.0829265
sample_09190.jpg,22.078777,31.868338
sample_09191.jpg,-13.27531,12.629591
sample_09192.jpg,-24.45109,2.7749863
sample_09193.jpg,-4.315062,9.249227
sample_09194.jpg,-17.512266,4.067036
sample_09195.jpg,25.20616,-5.1591372
sample_09196.jpg,-0.0817819,4.5415463
sample_09197.jpg,-0.94059706,48.81746
sample_09198.jpg,-11.313642,19.206383
sample_09199.jpg,1.5490749,0.5626717
sample_09200.jpg,19.378094,-7.162975
sample_09201.jpg,6.428415,-5.1298137
sample_09202.jpg,-19.77606,6.74433
sample_09203.jpg,13.043425,2.1092515
sample_09204.jpg,-10.262122,-27.824959
sample_09205.jpg,-5.3152575,-16.186436
sample_09206.jpg,27.865532,-28.63941
sample_09207.jpg,-8.33545,-6.895373
sample_09208.jpg,23.924389,32.013916
sample_09209.jpg,1.1010191,0.7316196
sample_09210.jpg,-19.07505,57.358868
sample_09211.jpg,1.4011141,4.6951094
sample_09212.jpg,-27.099617,4.864704
sample_09213.jpg,0.89488435,-5.7413297
sample_09214.jpg,0.61639845,-0.43660253
sample_09215.jpg,-22.456789,-0.18866384
sample_09216.jpg,-21.880455,6.7979345
sample_09217.jpg,-4.282027,52.282547
sample_09218.jpg,-0.15978667,4.2816253
sample_09219.jpg,35.75649,-20.926863
sample_09220.jpg,-5.9430227,-20.461203
sample_09221.jpg,24.726206,-18.758823
sample_09222.jpg,25.310642,32.567265
sample_09223.jpg,-14.067218,16.739548
sample_09224.jpg,-6.965763,-18.512892
sample_09225.jpg,-50.593464,-9.01549
sample_09226.jpg,-17.964314,11.483131
sample_09227.jpg,-0.77930695,-1.6097387
sample_09228.jpg,32.63487,-23.505564
sample_09229.jpg,-21.768908,1.3492961
sample_09230.jpg,-11.651283,-0.22961693
sample_09231.jpg,23.649467,-22.942274
sample_09232.jpg,-19.203133,8.375872
sample_09233.jpg,15.177512,-19.40492
sample_09234.jpg,22.15603,-32.497135
sample_09235.jpg,1.9304744,-29.577286
sample_09236.jpg,-9.609561,54.28973
sample_09237.jpg,-30.171467,19.111595
sample_09238.jpg,23.655777,-24.467384
sample_09239.jpg,8.182035,-2.8711505
sample_09240.jpg,-40.46867,-11.763647
sample_09241.jpg,-26.475868,12.8141165
sample_09242.jpg,-21.253433,8.454376
sample_09243.jpg,31.239235,31.616652
sample_09244.jpg,5.340707,-12.697107
sample_09245.jpg,22.849958,31.896973
sample_09246.jpg,-9.719883,-19.952847
sample_09247.jpg,35.598312,31.405844
sample_09248.jpg,-4.37962,-7.9319177
sample_09249.jpg,2.2206516,37.20444
sample_09250.jpg,37.107483,31.347551
sample_09251.jpg,2.4933834,-32.65833
sample_09252.jpg,-11.155787,5.05991
sample_09253.jpg,-2.7847269,-21.251158
sample_09254.jpg,-5.396084,-23.022545
sample_09255.jpg,13.433201,-18.31481
sample_09256.jpg,-18.736296,57.054855
sample_09257.jpg,-9.074584,53.97827
sample_09258.jpg,40.572376,29.931906
sample_09259.jpg,17.672173,2.1173089
sample_09260.jpg,16.892654,4.006983
sample_09261.jpg,8.584138,-29.679144
sample_09262.jpg,20.048153,-33.46764
sample_09263.jpg,-32.517853,11.544675
sample_09264.jpg,32.141808,-9.162034
sample_09265.jpg,-14.524237,56.080036
sample_09266.jpg,-26.42532,14.632849
sample_09267.jpg,-35.879547,19.873007
sample_09268.jpg,-31.674498,-25.139326
sample_09269.jpg,-6.6452866,-1.850007
sample_09270.jpg,-23.296251,11.290185
sample_09271.jpg,-23.388548,12.123225
sample_09272.jpg,-15.63646,0.24329576
sample_09273.jpg,-7.5892267,7.795988
sample_09274.jpg,-11.572795,-19.923832
sample_09275.jpg,8.142373,-6.273345
sample_09276.jpg,25.841732,-30.454603
sample_09277.jpg,-16.484867,-0.3865226
sample_09278.jpg,-7.4769053,5.333212
sample_09279.jpg,8.153804,-20.516956
sample_09280.jpg,21.186693,-32.686516
sample_09281.jpg,24.993654,-2.0669367
sample_09282.jpg,-12.370851,-1.9771864
sample_09283.jpg,-13.97503,-1.209899
sample_09284.jpg,21.609577,-6.056834
sample_09285.jpg,4.197292,-10.74889
sample_09286.jpg,6.4379616,4.3715296
sample_09287.jpg,-17.177406,13.1029215
sample_09288.jpg,19.454285,-12.6960745
sample_09289.jpg,16.525833,2.017504
sample_09290.jpg,10.439429,8.605105
sample_09291.jpg,19.563274,7.8347507
sample_09292.jpg,-16.074125,7.512074
sample_09293.jpg,-3.476221,-6.4515595
sample_09294.jpg,28.63549,-28.473574
sample_09295.jpg,32.469975,-11.353331
sample_09296.jpg,-8.63166,-10.410502
sample_09297.jpg,-8.018852,21.677845
sample_09298.jpg,3.3038595,-2.137816
sample_09299.jpg,7.80066,-0.90786976
sample_09300.jpg,21.136932,-33.349144
sample_09301.jpg,-27.051382,-14.322099
sample_09302.jpg,-0.7813644,7.6397543
sample_09303.jpg,-11.692998,-13.5920725
sample_09304.jpg,-33.720383,-29.518028
sample_09305.jpg,-32.349125,11.539554
sample_09306.jpg,21.008705,-17.92535
sample_09307.jpg,4.7118855,-6.0730267
sample_09308.jpg,-15.506191,20.333609
sample_09309.jpg,-2.3964097,-22.021109
sample_09310.jpg,-14.887732,55.360043
sample_09311.jpg,-35.444916,9.533014
sample_09312.jpg,11.727935,-30.223928
sample_09313.jpg,13.093098,-29.456165
sample_09314.jpg,-19.859455,9.36472
sample_09315.jpg,-5.1784787,0.22544901
sample_09316.jpg,-19.10165,6.500489
sample_09317.jpg,-20.624704,5.177018
sample_09318.jpg,-3.384953,50.09979
sample_09319.jpg,4.0304036,-13.115877
sample_09320.jpg,-17.313066,-13.85977
sample_09321.jpg,0.10430055,-11.372632
sample_09322.jpg,15.5219755,-11.969168
sample_09323.jpg,-20.207575,17.017023
sample_09324.jpg,-10.425705,-24.328966
sample_09325.jpg,-28.767954,12.418616
sample_09326.jpg,22.089848,-30.66564
sample_09327.jpg,3.970053,-12.734826
sample_09328.jpg,2.4598007,-23.83692
sample_09329.jpg,-52.892315,-8.347346
sample_09330.jpg,-20.564837,-12.000682
sample_09331.jpg,4.2004175,-8.433738
sample_09332.jpg,-32.71325,19.439503
sample_09333.jpg,12.615232,-0.61586624
sample_09334.jpg,26.204908,-21.263105
sample_09335.jpg,-16.842379,57.09643
sample_09336.jpg,-27.327974,8.530986
sample_09337.jpg,-17.277048,-15.348198
sample_09338.jpg,-18.357912,57.292564
sample_09339.jpg,14.565029,0.76962024
sample_09340.jpg,-24.913374,-4.0468283
sample_09341.jpg,19.352278,13.529061
sample_09342.jpg,2.5054429,42.579575
sample_09343.jpg,18.32881,-22.769415
sample_09344.jpg,-4.1622167,52.404514
sample_09345.jpg,-3.885714,4.42955
sample_09346.jpg,2.8023913,6.5084486
sample_09347.jpg,-5.073593,4.9980245
sample_09348.jpg,2.1631732,0.7111008
sample_09349.jpg,15.938086,-12.523514
sample_09350.jpg,3.987581,-29.33293
sample_09351.jpg,-36.22358,17.486202
sample_09352.jpg,-27.913958,22.882256
sample_09353.jpg,-10.065764,55.756386
sample_09354.jpg,-2.746255,-21.766973
sample_09355.jpg,-32.388805,-28.04623
sample_09356.jpg,-31.205801,14.031509
sample_09357.jpg,36.526276,-23.32661
sample_09358.jpg,-30.316195,-24.843754
sample_09359.jpg,2.6294951,40.786354
sample_09360.jpg,-6.879593,53.743206
sample_09361.jpg,4.114176,18.885403
sample_09362.jpg,-0.7286585,-6.3902273
sample_09363.jpg,-8.520603,55.256496
sample_09364.jpg,7.498677,-11.071191
sample_09365.jpg,-6.9667406,21.700607
sample_09366.jpg,9.099477,-13.218439
sample_09367.jpg,-35.44916,-33.180042
sample_09368.jpg,43.635563,27.82942
sample_09369.jpg,33.198406,-24.814352
sample_09370.jpg,27.58402,-26.549885
sample_09371.jpg,20.70811,-9.271239
sample_09372.jpg,33.48474,5.605803
sample_09373.jpg,1.2751769,45.921535
sample_09374.jpg,20.65937,-25.651169
sample_09375.jpg,13.864583,-8.539535
sample_09376.jpg,1.9439797,9.407034
sample_09377.jpg,7.683303,-9.878503
sample_09378.jpg,29.778957,-10.10364
sample_09379.jpg,-13.766897,3.075167
sample_09380.jpg,36.868896,-17.9984
sample_09381.jpg,-4.0459595,-22.396399
sample_09382.jpg,3.649381,-16.532846
sample_09383.jpg,-0.4889654,46.427856
sample_09384.jpg,23.630829,32.104614
sample_09385.jpg,-29.6943,9.472609
sample_09386.jpg,12.691876,-17.066978
sample_09387.jpg,10.77365,-5.972065
sample_09388.jpg,14.702147,26.975847
sample_09389.jpg,19.475267,-16.308928
sample_09390.jpg,-4.13478,-4.6800785
sample_09391.jpg,-6.98753,-27.90315
sample_09392.jpg,21.425356,-31.19332
sample_09393.jpg,32.116516,-24.098137
sample_09394.jpg,21.12696,-33.527966
sample_09395.jpg,-34.918728,-32.3437
sample_09396.jpg,-2.9873734,0.5813056
sample_09397.jpg,-12.606394,5.1449404
sample_09398.jpg,5.1308265,-23.746088
sample_09399.jpg,32.119343,31.093277
sample_09400.jpg,-22.609411,-0.14336666
sample_09401.jpg,-7.9868,53.441025
sample_09402.jpg,32.396935,-10.900703
sample_09403.jpg,13.089219,26.743282
sample_09404.jpg,3.2163887,-0.7090729
sample_09405.jpg,-32.84204,10.312476
sample_09406.jpg,-8.37748,11.603122
sample_09407.jpg,-17.314383,14.029064
sample_09408.jpg,-0.56005865,49.155643
sample_09409.jpg,-14.825945,11.788838
sample_09410.jpg,-13.976613,-21.850683
sample_09411.jpg,-22.16054,12.156772
sample_09412.jpg,6.156617,-1.1955003
sample_09413.jpg,10.710722,-21.443834
sample_09414.jpg,14.750814,-11.284054
sample_09415.jpg,-24.811335,7.9862156
sample_09416.jpg,8.607274,-25.119778
sample_09417.jpg,14.293329,-4.37806
sample_09418.jpg,-35.179485,-32.524426
sample_09419.jpg,-8.158292,-20.95776
sample_09420.jpg,-21.357407,14.748104
sample_09421.jpg,23.98468,-24.73721
sample_09422.jpg,-10.9296465,4.022435
sample_09423.jpg,0.32171172,-13.744203
sample_09424.jpg,16.713114,-8.589498
sample_09425.jpg,-45.162697,-9.817945
sample_09426.jpg,-11.978371,-6.609994
sample_09427.jpg,-51.724373,-8.666225
sample_09428.jpg,-34.357857,4.584515
sample_09429.jpg,-50.108635,-8.945487
sample_09430.jpg,-9.498733,55.252716
sample_09431.jpg,28.46646,-19.620779
sample_09432.jpg,-33.088654,1.2294848
sample_09433.jpg,3.4095182,-18.060904
sample_09434.jpg,13.005825,24.701632
sample_09435.jpg,21.584322,-31.822886
sample_09436.jpg,4.0764184,36.591087
sample_09437.jpg,-1.8320715,5.1044474
sample_09438.jpg,-30.984947,-26.329922
sample_09439.jpg,19.092495,28.981379
sample_09440.jpg,26.096577,-21.892818
sample_09441.jpg,26.6751,-19.726728
sample_09442.jpg,17.922127,2.920689
sample_09443.jpg,-3.1959274,-8.263184
sample_09444.jpg,-33.558186,7.893721
sample_09445.jpg,-6.6997786,-23.142216
sample_09446.jpg,6.479175,-14.880438
sample_09447.jpg,14.620217,-8.273462
sample_09448.jpg,20.156855,-18.518404
sample_09449.jpg,21.276932,-13.06218
sample_09450.jpg,-1.8495703,5.95897
sample_09451.jpg,-12.664678,-6.365139
sample_09452.jpg,26.239208,4.5153923
sample_09453.jpg,4.8465767,40.551113
sample_09454.jpg,-48.92841,-9.097189
sample_09455.jpg,31.541052,31.17388
sample_09456.jpg,-6.443489,1.2239279
sample_09457.jpg,33.935524,31.99396
sample_09458.jpg,20.140596,-0.31525803
sample_09459.jpg,29.554089,-29.90289
sample_09460.jpg,22.832674,-11.4367895
sample_09461.jpg,-2.473331,-0.6253951
sample_09462.jpg,4.511095,-14.217524
sample_09463.jpg,39.103264,29.609272
sample_09464.jpg,9.1868925,-0.627524
sample_09465.jpg,-30.604246,13.627876
sample_09466.jpg,19.649952,30.705704
sample_09467.jpg,-7.296391,-3.6704497
sample_09468.jpg,13.943943,25.383953
sample_09469.jpg,-35.323215,3.9622478
sample_09470.jpg,-8.450645,-19.692694
sample_09471.jpg,-15.446211,11.696601
sample_09472.jpg,22.990719,1.6318215
sample_09473.jpg,15.749514,-5.2499895
sample_09474.jpg,-3.639007,-20.591473
sample_09475.jpg,13.985887,-14.756383
sample_09476.jpg,-5.95786,-30.75898
sample_09477.jpg,-18.608406,9.546142
sample_09478.jpg,7.995794,-19.479391
sample_09479.jpg,2.496055,1.0636822
sample_09480.jpg,32.93462,-5.998009
sample_09481.jpg,1.0310643,8.407224
sample_09482.jpg,25.160748,32.468025
sample_09483.jpg,-7.6766725,1.3152905
sample_09484.jpg,-23.491121,20.952904
sample_09485.jpg,-15.77071,4.8623857
sample_09486.jpg,-0.2034468,-1.0026712
sample_09487.jpg,7.3856254,-6.621938
sample_09488.jpg,9.126098,7.293878
sample_09489.jpg,-7.9179435,-6.1839223
sample_09490.jpg,-16.87979,-5.997478
sample_09491.jpg,-21.622456,-0.44575188
sample_09492.jpg,-13.207518,-11.0040865
sample_09493.jpg,9.4073515,-7.736829
sample_09494.jpg,-4.208293,-25.524532
sample_09495.jpg,-12.110151,-30.327148
sample_09496.jpg,-6.8697515,-7.790729
sample_09497.jpg,0.08707785,49.62768
sample_09498.jpg,-20.378092,25.791328
sample_09499.jpg,-8.987431,18.559534
sample_09500.jpg,17.8442,-10.638836
sample_09501.jpg,-30.742802,-25.752132
sample_09502.jpg,2.3659828,43.20423
sample_09503.jpg,-14.175123,-26.689333
sample_09504.jpg,24.66523,4.105519
sample_09505.jpg,-16.133877,-3.914849
sample_09506.jpg,27.013037,-33.726944
sample_09507.jpg,-9.771175,-19.807533
sample_09508.jpg,14.369363,24.3573
sample_09509.jpg,20.928368,31.30211
sample_09510.jpg,0.71381223,-1.7289113
sample_09511.jpg,4.5625143,-8.103699
sample_09512.jpg,-32.998405,3.7787383
sample_09513.jpg,0.88307834,45.131775
sample_09514.jpg,25.732353,33.724007
sample_09515.jpg,-0.44910073,-3.875612
sample_09516.jpg,29.26452,-18.836155
sample_09517.jpg,43.2747,29.30208
sample_09518.jpg,-29.733183,4.418754
sample_09519.jpg,-15.139259,56.93184
sample_09520.jpg,-4.510083,-4.760839
sample_09521.jpg,8.542886,9.4681015
sample_09522.jpg,-20.224808,3.5094686
sample_09523.jpg,-28.62527,-23.911217
sample_09524.jpg,-46.536507,-9.735499
sample_09525.jpg,27.532885,-21.90324
sample_09526.jpg,15.874041,-1.2377272
sample_09527.jpg,3.9139373,-6.354361
sample_09528.jpg,27.39904,-16.05047
sample_09529.jpg,-15.034257,9.588749
sample_09530.jpg,6.148976,6.0162134
sample_09531.jpg,-20.173033,6.7356606
sample_09532.jpg,17.051695,-5.962961
sample_09533.jpg,-12.350393,1.7738839
sample_09534.jpg,-8.678495,53.454803
sample_09535.jpg,-14.187487,12.746433
sample_09536.jpg,-0.42556348,-22.108921
sample_09537.jpg,11.986348,1.3802682
sample_09538.jpg,-2.5347347,-0.96221
sample_09539.jpg,23.980356,-15.170988
sample_09540.jpg,-33.56258,14.184364
sample_09541.jpg,-18.315166,2.671153
sample_09542.jpg,-2.6989594,10.0954
sample_09543.jpg,33.23871,-29.248236
sample_09544.jpg,23.943111,-6.121905
sample_09545.jpg,42.711445,28.35922
sample_09546.jpg,-36.17698,18.52055
sample_09547.jpg,-12.412104,3.8966627
sample_09548.jpg,30.952694,-25.898338
sample_09549.jpg,17.396894,-10.886459
sample_09550.jpg,45.825512,25.722593
sample_09551.jpg,-14.147988,-14.409193
sample_09552.jpg,1.7298735,-9.560297
sample_09553.jpg,41.661377,28.203724
sample_09554.jpg,27.951616,-6.748763
sample_09555.jpg,-9.294943,2.2295012
sample_09556.jpg,32.66992,-30.608376
sample_09557.jpg,-3.8186877,5.4765415
sample_09558.jpg,-40.724895,-10.851777
sample_09559.jpg,13.56718,-10.065055
sample_09560.jpg,0.06587568,-0.15411587
sample_09561.jpg,32.430916,-12.259906
sample_09562.jpg,20.212093,-17.1614
sample_09563.jpg,-33.707966,11.929054
sample_09564.jpg,15.731177,-16.163727
sample_09565.jpg,28.870708,32.681713
sample_09566.jpg,-33.096615,-29.161816
sample_09567.jpg,11.164536,-23.440233
sample_09568.jpg,7.1729736,11.608244
sample_09569.jpg,-21.880674,18.628878
sample_09570.jpg,38.23548,30.06302
sample_09571.jpg,-33.222805,4.15707
sample_09572.jpg,3.1127465,2.7692506
sample_09573.jpg,20.939438,-13.388742
sample_09574.jpg,8.085334,-23.765507
sample_09575.jpg,-1.1751698,-4.88732
sample_09576.jpg,-6.6517787,12.556237
sample_09577.jpg,-28.50889,1.3431175
sample_09578.jpg,-2.8771427,1.3189075
sample_09579.jpg,-0.8063479,-12.60305
sample_09580.jpg,-34.670097,15.763317
sample_09581.jpg,32.93178,-29.69807
sample_09582.jpg,27.019829,-26.86912
sample_09583.jpg,29.94928,-26.093836
sample_09584.jpg,-12.640747,53.39746
sample_09585.jpg,42.355793,28.312862
sample_09586.jpg,29.625996,-31.17054
sample_09587.jpg,-16.524336,-12.172111
sample_09588.jpg,18.21642,-1.7143294
sample_09589.jpg,23.766665,-19.865812
sample_09590.jpg,-10.423816,-26.402103
sample_09591.jpg,21.27012,-31.00614
sample_09592.jpg,-16.98544,-2.9885662
sample_09593.jpg,31.8201,32.395836
sample_09594.jpg,-23.01157,16.071026
sample_09595.jpg,28.735268,-16.772158
sample_09596.jpg,41.42073,27.80164
sample_09597.jpg,-13.927422,-26.029312
sample_09598.jpg,1.5050416,-2.8082006
sample_09599.jpg,-7.6976013,12.456084
sample_09600.jpg,-46.17778,-9.710589
sample_09601.jpg,1.7607881,46.914665
sample_09602.jpg,32.190514,-19.629892
sample_09603.jpg,16.576181,-23.97574
sample_09604.jpg,2.0906005,-35.4161
sample_09605.jpg,13.164244,-25.998579
sample_09606.jpg,-11.916017,11.785926
sample_09607.jpg,39.362236,29.364431
sample_09608.jpg,4.189981,7.294562
sample_09609.jpg,-9.617447,0.604775
sample_09610.jpg,-30.967304,19.093699
sample_09611.jpg,-11.702399,15.900321
sample_09612.jpg,29.303953,-13.059041
sample_09613.jpg,-5.841242,-21.918396
sample_09614.jpg,30.623623,32.677692
sample_09615.jpg,13.134381,-11.139235
sample_09616.jpg,-12.257426,8.647914
sample_09617.jpg,-7.7490907,-2.4604564
sample_09618.jpg,29.229406,-23.952196
sample_09619.jpg,19.431368,-19.271122
sample_09620.jpg,-18.937551,19.00968
sample_09621.jpg,20.514265,-13.673463
sample_09622.jpg,-8.685335,54.235977
sample_09623.jpg,-34.57387,14.310865
sample_09624.jpg,25.56446,-24.75551
sample_09625.jpg,-9.30938,-24.529234
sample_09626.jpg,-11.256238,55.05845
sample_09627.jpg,27.034296,-24.511864
sample_09628.jpg,-20.024834,17.609995
sample_09629.jpg,27.750074,-31.150854
sample_09630.jpg,-33.66763,7.909323
sample_09631.jpg,-33.70751,-29.594515
sample_09632.jpg,-18.326778,2.252985
sample_09633.jpg,21.555273,-1.6417905
sample_09634.jpg,12.28698,-14.927184
sample_09635.jpg,10.511721,-20.73995
sample_09636.jpg,-3.636815,-7.3388543
sample_09637.jpg,16.292269,-22.111246
sample_09638.jpg,-21.772083,16.887308
sample_09639.jpg,16.582323,27.790098
sample_09640.jpg,-3.1970105,3.3895087
sample_09641.jpg,-12.198558,-7.2364755
sample_09642.jpg,16.110588,-2.6179402
sample_09643.jpg,-17.650715,7.82441
sample_09644.jpg,-4.601797,20.974598
sample_09645.jpg,23.199736,-7.7499723
sample_09646.jpg,-2.5474305,-12.130146
sample_09647.jpg,30.967928,-6.935947
sample_09648.jpg,6.879628,-11.987007
sample_09649.jpg,-29.842522,20.583097
sample_09650.jpg,-35.596947,12.466628
sample_09651.jpg,14.580767,-21.710375
sample_09652.jpg,17.970499,3.9739325
sample_09653.jpg,-3.7503667,-2.501787
sample_09654.jpg,29.820423,-7.2057385
sample_09655.jpg,1.6212963,-4.139222
sample_09656.jpg,12.681505,6.7731457
sample_09657.jpg,-27.48599,-1.6928731
sample_09658.jpg,8.574672,-16.883871
sample_09659.jpg,12.053243,-9.240562
sample_09660.jpg,35.45631,30.317493
sample_09661.jpg,20.686687,-21.14822
sample_09662.jpg,2.9217708,40.82357
sample_09663.jpg,-0.07082883,13.597038
sample_09664.jpg,0.30958402,-8.067306
sample_09665.jpg,-17.101805,3.2875876
sample_09666.jpg,30.695286,-23.451801
sample_09667.jpg,28.99351,-26.456621
sample_09668.jpg,14.133861,-22.46203
sample_09669.jpg,-17.021172,3.729154
sample_09670.jpg,-9.041481,16.256924
sample_09671.jpg,-10.741296,-12.557682
sample_09672.jpg,-17.191874,57.766037
sample_09673.jpg,-31.833712,9.691089
sample_09674.jpg,13.98155,31.350382
sample_09675.jpg,-12.455093,-30.1837
sample_09676.jpg,7.222953,7.9120455
sample_09677.jpg,-9.686927,-12.113517
sample_09678.jpg,-13.624662,9.820815
sample_09679.jpg,-11.39548,55.756496
sample_09680.jpg,1.2929795,4.4142838
sample_09681.jpg,-15.790101,3.6619341
sample_09682.jpg,-27.773037,20.333662
sample_09683.jpg,-11.470472,-18.561115
sample_09684.jpg,6.3807964,-5.0175743
sample_09685.jpg,-32.188976,12.188135
sample_09686.jpg,-12.265339,15.557885
sample_09687.jpg,-12.827889,2.4207308
sample_09688.jpg,-14.614405,22.222036
sample_09689.jpg,-17.439888,57.014202
sample_09690.jpg,26.57121,32.57895
sample_09691.jpg,-2.3593354,18.840471
sample_09692.jpg,27.683268,-5.690877
sample_09693.jpg,4.3945017,7.960394
sample_09694.jpg,-1.9322182,16.319536
sample_09695.jpg,-24.733576,-11.737623
sample_09696.jpg,-16.020952,-20.531326
sample_09697.jpg,16.091576,-14.447451
sample_09698.jpg,13.121076,-22.776716
sample_09699.jpg,-21.821959,15.250249
sample_09700.jpg,4.463624,0.29447666
sample_09701.jpg,12.225047,-18.120985
sample_09702.jpg,21.101358,-30.560154
sample_09703.jpg,-11.967061,10.89344
sample_09704.jpg,13.011108,6.4056287
sample_09705.jpg,-6.3036036,-5.7976832
sample_09706.jpg,-7.3895955,-1.7823366
sample_09707.jpg,-51.27409,-8.781961
sample_09708.jpg,24.710905,-11.77663
sample_09709.jpg,35.517136,31.663311
sample_09710.jpg,-45.745293,-9.78933
sample_09711.jpg,-6.1336546,18.437874
sample_09712.jpg,-13.256445,5.9055243
sample_09713.jpg,18.828756,28.755781
sample_09714.jpg,30.036423,-9.789139
sample_09715.jpg,-2.4658675,50.18217
sample_09716.jpg,10.987817,-2.6151931
sample_09717.jpg,38.549667,29.099375
sample_09718.jpg,4.224217,45.166306
sample_09719.jpg,21.619497,-25.765505
sample_09720.jpg,-18.388643,-3.7707841
sample_09721.jpg,15.103649,-16.253847
sample_09722.jpg,44.243626,27.171682
sample_09723.jpg,13.728883,-12.189214
sample_09724.jpg,-37.215252,17.575575
sample_09725.jpg,-18.126198,11.159856
sample_09726.jpg,-50.616512,-9.083207
sample_09727.jpg,-17.551754,13.13739
sample_09728.jpg,-4.310083,14.403277
sample_09729.jpg,-3.1228778,51.332993
sample_09730.jpg,-11.400934,10.421422
sample_09731.jpg,-12.39783,1.1048803
sample_09732.jpg,25.138296,-15.787204
sample_09733.jpg,-7.3551426,-27.685354
sample_09734.jpg,-33.186573,14.383425
sample_09735.jpg,-5.8344884,52.98398
sample_09736.jpg,23.77986,-22.200651
sample_09737.jpg,-11.803524,3.908711
sample_09738.jpg,10.42367,-33.659615
sample_09739.jpg,11.54137,-7.785876
sample_09740.jpg,23.240206,31.549845
sample_09741.jpg,-16.653372,7.146905
sample_09742.jpg,-1.3283281,-1.1636018
sample_09743.jpg,-4.551604,-18.998611
sample_09744.jpg,-32.875393,-28.923695
sample_09745.jpg,-11.064746,2.5415487
sample_09746.jpg,5.3276534,-22.709265
sample_09747.jpg,-27.123709,21.297565
sample_09748.jpg,-2.4425945,3.199947
sample_09749.jpg,0.10375847,1.9521904
sample_09750.jpg,30.782143,-30.015913
sample_09751.jpg,5.8327293,-21.531265
sample_09752.jpg,-34.714127,2.3631456
sample_09753.jpg,-11.676268,55.559265
sample_09754.jpg,20.809908,-31.998055
sample_09755.jpg,-22.828335,28.661736
sample_09756.jpg,-11.285447,1.6485504
sample_09757.jpg,-0.5186367,48.449806
sample_09758.jpg,19.371948,-20.88764
sample_09759.jpg,-3.0365753,-5.3633475
sample_09760.jpg,41.541466,27.608038
sample_09761.jpg,3.4181,-13.791525
sample_09762.jpg,9.376519,2.7270966
sample_09763.jpg,-2.7798338,50.89755
sample_09764.jpg,-7.925849,54.8465
sample_09765.jpg,2.1356828,-23.757812
sample_09766.jpg,-20.67619,13.63831
sample_09767.jpg,6.1711526,-12.706985
sample_09768.jpg,17.074802,-14.083477
sample_09769.jpg,8.00983,-5.6323814
sample_09770.jpg,-23.65093,17.771086
sample_09771.jpg,-6.886151,0.883595
sample_09772.jpg,-0.0763975,-9.727201
sample_09773.jpg,3.3625765,-5.406395
sample_09774.jpg,1.6627007,-0.9204868
sample_09775.jpg,-2.0437894,-5.2939014
sample_09776.jpg,-3.7368774,50.580368
sample_09777.jpg,-35.83729,16.084578
sample_09778.jpg,10.389376,6.6915665
sample_09779.jpg,-27.750362,21.544674
sample_09780.jpg,-25.005276,-14.231841
sample_09781.jpg,-38.82078,17.588053
sample_09782.jpg,32.983593,-16.705769
sample_09783.jpg,1.5694358,44.94282
sample_09784.jpg,32.00344,-26.823439
sample_09785.jpg,-18.97534,21.32719
sample_09786.jpg,23.7694,-26.563742
sample_09787.jpg,8.3795,-16.75836
sample_09788.jpg,-15.196984,7.410139
sample_09789.jpg,21.737259,2.2582626
sample_09790.jpg,16.189451,-13.697224
sample_09791.jpg,27.174858,-8.433663
sample_09792.jpg,-0.9869125,49.289993
sample_09793.jpg,-24.901176,-2.6782923
sample_09794.jpg,-20.90082,10.83662
sample_09795.jpg,4.121182,1.7836074
sample_09796.jpg,27.272411,4.039985
sample_09797.jpg,31.74431,-15.652001
sample_09798.jpg,-30.273727,7.003813
sample_09799.jpg,-8.591165,-11.944607
sample_09800.jpg,10.21043,-5.264165
sample_09801.jpg,-9.119968,20.052052
sample_09802.jpg,-27.42041,-11.452867
sample_09803.jpg,20.981903,-34.852318
sample_09804.jpg,1.672455,7.5173616
sample_09805.jpg,41.919384,29.242819
sample_09806.jpg,1.6084471,0.9261766
sample_09807.jpg,33.133865,33.04343
sample_09808.jpg,18.564566,-0.89274335
sample_09809.jpg,-12.092807,53.95644
sample_09810.jpg,-28.725557,-6.583476
sample_09811.jpg,-34.278053,4.178697
sample_09812.jpg,-0.17257959,0.6900482
sample_09813.jpg,-51.276848,-8.442641
sample_09814.jpg,-6.482507,3.0870323
sample_09815.jpg,-26.585976,15.361557
sample_09816.jpg,26.742119,-33.72451
sample_09817.jpg,12.162148,24.832188
sample_09818.jpg,-7.035895,3.0070639
sample_09819.jpg,3.1771426,39.99091
sample_09820.jpg,26.525824,-13.525173
sample_09821.jpg,-14.894518,18.130379
sample_09822.jpg,-8.222189,21.879429
sample_09823.jpg,-26.852383,23.378077
sample_09824.jpg,-32.127205,6.9549904
sample_09825.jpg,0.11738363,0.51807183
sample_09826.jpg,18.624369,-30.146345
sample_09827.jpg,-48.67242,-8.972159
sample_09828.jpg,-5.141397,10.132731
sample_09829.jpg,1.1742847,1.8240502
sample_09830.jpg,-17.767931,-12.692896
sample_09831.jpg,32.223984,-22.913242
sample_09832.jpg,-13.809319,-23.46411
sample_09833.jpg,12.689049,6.030322
sample_09834.jpg,-18.821842,-3.3961172
sample_09835.jpg,-7.87949,-8.174035
sample_09836.jpg,-1.1218232,-7.2182918
sample_09837.jpg,-9.447451,55.863434
sample_09838.jpg,-1.7656778,2.5248837
sample_09839.jpg,2.3542979,-2.413378
sample_09840.jpg,33.602093,-16.84396
sample_09841.jpg,-32.374714,-28.022947
sample_09842.jpg,-26.438654,23.845667
sample_09843.jpg,-23.57637,5.076498
sample_09844.jpg,-3.4629323,-19.29639
sample_09845.jpg,27.695906,-5.050975
sample_09846.jpg,20.237394,2.3095868
sample_09847.jpg,28.203224,-18.225178
sample_09848.jpg,2.6812458,-0.8005048
sample_09849.jpg,15.752526,6.2636933
sample_09850.jpg,20.492722,1.6993816
sample_09851.jpg,-6.907647,0.2152992
sample_09852.jpg,1.4027419,46.700314
sample_09853.jpg,-6.1699133,-19.95997
sample_09854.jpg,-12.024223,9.761016
sample_09855.jpg,-16.397543,56.96277
sample_09856.jpg,18.246315,-18.962849
sample_09857.jpg,-17.619072,16.90324
sample_09858.jpg,21.236923,-22.240294
sample_09859.jpg,-29.289955,19.634853
sample_09860.jpg,-6.494734,-4.2361255
sample_09861.jpg,22.180632,-22.32046
sample_09862.jpg,29.836954,-9.753205
sample_09863.jpg,8.141231,-4.9124126
sample_09864.jpg,-17.037142,-9.437812
sample_09865.jpg,4.205195,40.69976
sample_09866.jpg,1.6098689,45.13561
sample_09867.jpg,29.226994,32.624332
sample_09868.jpg,6.211405,14.271618
sample_09869.jpg,-37.198303,15.862604
sample_09870.jpg,4.618153,-22.013609
sample_09871.jpg,-3.9272065,2.2503633
sample_09872.jpg,18.59229,1.7814817
sample_09873.jpg,2.5043247,-18.49158
sample_09874.jpg,-24.6921,20.038504
sample_09875.jpg,-34.13408,17.712513
sample_09876.jpg,28.237232,-26.24866
sample_09877.jpg,2.7618365,2.1659071
sample_09878.jpg,-11.64798,54.08993
sample_09879.jpg,-5.326473,0.51842606
sample_09880.jpg,22.419506,-19.677004
sample_09881.jpg,22.811668,31.9187
sample_09882.jpg,-5.235382,52.62196
sample_09883.jpg,25.382809,-22.531141
sample_09884.jpg,21.076426,-12.127001
sample_09885.jpg,23.366238,-24.491976
sample_09886.jpg,33.776436,-29.708374
sample_09887.jpg,10.210981,-0.14295311
sample_09888.jpg,-3.0249803,-18.241663
sample_09889.jpg,-16.448776,7.828736
sample_09890.jpg,6.9305983,-14.270774
sample_09891.jpg,19.546377,29.530672
sample_09892.jpg,-3.5996523,51.740112
sample_09893.jpg,7.354906,-21.297579
sample_09894.jpg,-28.043032,18.376669
sample_09895.jpg,-16.621532,-10.066467
sample_09896.jpg,25.611988,-25.474924
sample_09897.jpg,-19.978151,-12.174131
sample_09898.jpg,-26.066395,16.89555
sample_09899.jpg,25.857088,-31.130045
sample_09900.jpg,-5.0270686,52.366604
sample_09901.jpg,-35.558968,12.5989275
sample_09902.jpg,16.581701,-6.0473
sample_09903.jpg,-9.238627,54.71128
sample_09904.jpg,26.756247,2.9325035
sample_09905.jpg,9.10029,-11.348592
sample_09906.jpg,-0.95594907,-10.988123
sample_09907.jpg,3.2597895,44.06058
sample_09908.jpg,-18.70683,13.572299
sample_09909.jpg,8.614421,-10.113671
sample_09910.jpg,-8.753088,-4.182674
sample_09911.jpg,-4.0687943,-5.1547914
sample_09912.jpg,8.218021,-9.82251
sample_09913.jpg,11.411515,-5.7308865
sample_09914.jpg,-11.383068,-10.567663
sample_09915.jpg,25.014105,-14.487587
sample_09916.jpg,-9.145603,7.4347277
sample_09917.jpg,-12.159645,-21.309053
sample_09918.jpg,-52.956245,-8.330707
sample_09919.jpg,-9.137125,10.4988985
sample_09920.jpg,8.658306,15.331459
sample_09921.jpg,-22.736908,13.009279
sample_09922.jpg,27.641262,-5.665187
sample_09923.jpg,10.726681,-10.573918
sample_09924.jpg,-14.047085,7.8040824
sample_09925.jpg,40.117916,28.718285
sample_09926.jpg,13.822996,-7.7479997
sample_09927.jpg,-10.635353,55.08418
sample_09928.jpg,-7.1028676,-14.742716
sample_09929.jpg,-3.8791623,8.531484
sample_09930.jpg,-31.7995,17.147114
sample_09931.jpg,22.973164,-18.542387
sample_09932.jpg,7.3646283,6.5598507
sample_09933.jpg,31.812128,-25.165367
sample_09934.jpg,7.4660125,3.3469346
sample_09935.jpg,-33.12765,5.1592417
sample_09936.jpg,-35.271233,3.0843134
sample_09937.jpg,-1.0436636,-16.486904
sample_09938.jpg,35.007442,-12.434431
sample_09939.jpg,-34.56706,2.6718152
sample_09940.jpg,26.46555,3.3791428
sample_09941.jpg,-7.9330997,-3.625323
sample_09942.jpg,8.678868,-3.8532221
sample_09943.jpg,-34.005123,-30.596098
sample_09944.jpg,-29.172447,0.38927078
sample_09945.jpg,25.848763,-29.582973
sample_09946.jpg,-4.9915314,5.669167
sample_09947.jpg,17.660616,-27.172468
sample_09948.jpg,-21.952246,1.6368586
sample_09949.jpg,-20.549097,8.935195
sample_09950.jpg,-28.390865,11.115321
sample_09951.jpg,-5.4626846,-5.613194
sample_09952.jpg,-32.27509,14.628738
sample_09953.jpg,-7.2644663,14.951698
sample_09954.jpg,13.103658,-6.049556
sample_09955.jpg,-35.076714,14.252831
sample_09956.jpg,-35.186302,4.8989267
sample_09957.jpg,-13.398907,-11.265272
sample_09958.jpg,-32.7264,17.741976
sample_09959.jpg,-2.3208375,1.7283199
sample_09960.jpg,-35.36665,3.354479
sample_09961.jpg,-25.491468,-9.456684
sample_09962.jpg,4.9646893,1.0591646
sample_09963.jpg,14.153693,-18.965902
sample_09964.jpg,28.153316,-10.391981
sample_09965.jpg,-18.346262,-10.203525
sample_09966.jpg,10.055512,11.983674
sample_09967.jpg,18.24999,-20.091564
sample_09968.jpg,-0.07349456,48.918175
sample_09969.jpg,4.808451,10.474341
sample_09970.jpg,1.7371953,6.941511
sample_09971.jpg,8.8897,9.352205
sample_09972.jpg,31.59963,-26.867853
sample_09973.jpg,42.05935,28.75624
sample_09974.jpg,3.982881,-10.014062
sample_09975.jpg,-38.774025,15.264565
sample_09976.jpg,21.190418,2.2107685
sample_09977.jpg,-19.008087,57.442375
sample_09978.jpg,4.2382107,-17.09833
sample_09979.jpg,-14.4494505,55.597126
sample_09980.jpg,-33.594353,16.385038
sample_09981.jpg,18.048244,31.460361
sample_09982.jpg,5.6272097,-1.3001168
sample_09983.jpg,18.183983,-10.849799
sample_09984.jpg,-6.6345053,7.6811385
sample_09985.jpg,4.349729,-2.6077385
sample_09986.jpg,2.998514,39.81156
sample_09987.jpg,24.64898,-15.933682
sample_09988.jpg,-27.177084,13.43421
sample_09989.jpg,-33.939163,0.040676713
sample_09990.jpg,-21.131384,19.338694
sample_09991.jpg,7.0591555,-7.9919367
sample_09992.jpg,-10.279971,2.6899788
sample_09993.jpg,-4.04019,-3.3738813
sample_09994.jpg,-17.254831,56.781796
sample_09995.jpg,-28.68443,15.916071
sample_09996.jpg,-18.963974,-13.306108
sample_09997.jpg,-21.561583,-2.9455838
sample_09998.jpg,-3.2010286,-17.113535
sample_09999.jpg,-15.737855,57.239685
sample_10000.jpg,0.19753712,12.310989
sample_10001.jpg,-14.448096,10.382942
sample_10002.jpg,-33.45109,15.942375
sample_10003.jpg,-14.4854965,1.6636636
sample_10004.jpg,28.605185,-2.2448065
sample_10005.jpg,-25.88679,-4.8475766
sample_10006.jpg,26.840214,-22.104467
sample_10007.jpg,24.030252,31.642944
sample_10008.jpg,-16.637423,9.555338
sample_10009.jpg,-19.787067,3.4904501
sample_10010.jpg,-34.507236,1.2905902
sample_10011.jpg,-7.9932537,-3.9762933
sample_10012.jpg,14.601832,-18.069416
sample_10013.jpg,-26.9334,11.926043
sample_10014.jpg,18.823448,1.3927242
sample_10015.jpg,-10.091499,13.233168
sample_10016.jpg,-28.67276,3.5871558
sample_10017.jpg,28.047281,-20.840357
sample_10018.jpg,-12.748115,-4.026765
sample_10019.jpg,-24.071686,10.1664505
sample_10020.jpg,-26.28863,11.444826
sample_10021.jpg,3.6369383,-11.252291
sample_10022.jpg,-26.038582,8.191341
sample_10023.jpg,-21.100359,0.87183446
sample_10024.jpg,-28.525343,19.52231
sample_10025.jpg,9.244309,-5.726518
sample_10026.jpg,26.883377,-30.688887
sample_10027.jpg,-3.727266,-1.3891426
sample_10028.jpg,-16.719477,57.356514
sample_10029.jpg,30.088228,-27.530964
sample_10030.jpg,-50.097797,-9.03373
sample_10031.jpg,28.080626,32.778717
sample_10032.jpg,-19.332977,9.4530735
sample_10033.jpg,1.5587902,7.0718713
sample_10034.jpg,-24.697369,-11.715779
sample_10035.jpg,-53.149555,-8.290394
sample_10036.jpg,-4.240226,-1.2025455
sample_10037.jpg,29.200294,-28.04651
sample_10038.jpg,-10.839998,18.539486
sample_10039.jpg,3.6558058,-24.208553
sample_10040.jpg,24.783102,-13.330161
sample_10041.jpg,-13.554703,57.548416
sample_10042.jpg,29.002216,32.750267
sample_10043.jpg,10.59997,-2.7392023
sample_10044.jpg,-32.631817,6.42163
sample_10045.jpg,-45.964413,-9.524398
sample_10046.jpg,-5.617222,-3.3151665
sample_10047.jpg,-32.10282,-27.945274
sample_10048.jpg,0.5558325,5.473698
sample_10049.jpg,-10.550391,-24.03214
sample_10050.jpg,-35.246334,-32.883427
sample_10051.jpg,1.7762988,-29.488148
sample_10052.jpg,4.676437,-0.9006783
sample_10053.jpg,23.163904,-18.990585
sample_10054.jpg,-6.4866905,-9.330788
sample_10055.jpg,10.236978,-29.660675
sample_10056.jpg,6.352275,-22.425371
sample_10057.jpg,-34.81051,2.767539
sample_10058.jpg,-18.561087,57.215553
sample_10059.jpg,3.0689125,36.261646
sample_10060.jpg,-19.247751,-11.564576
sample_10061.jpg,18.023394,3.5618548
sample_10062.jpg,-21.436686,5.7533555
sample_10063.jpg,-17.38674,5.502948
sample_10064.jpg,14.260351,24.865372
sample_10065.jpg,-7.981051,-7.8015823
sample_10066.jpg,-7.699026,6.60481
sample_10067.jpg,20.862915,1.5117396
sample_10068.jpg,4.3713994,39.206207
sample_10069.jpg,-6.3153977,-2.0392826
sample_10070.jpg,-30.464548,-6.282534
sample_10071.jpg,28.36521,-19.344824
sample_10072.jpg,8.503105,-16.915491
sample_10073.jpg,27.195993,-9.539222
sample_10074.jpg,34.594746,31.875134
sample_10075.jpg,31.714382,-25.761765
sample_10076.jpg,3.273156,38.852932
sample_10077.jpg,14.158426,-14.705952
sample_10078.jpg,-34.017277,13.812481
sample_10079.jpg,-3.5023015,-21.278807
sample_10080.jpg,19.302483,13.382106
sample_10081.jpg,2.937715,40.86721
sample_10082.jpg,-25.449284,23.321257
sample_10083.jpg,1.0534623,40.50816
sample_10084.jpg,-21.15866,3.5245183
sample_10085.jpg,-16.744312,-0.4539651
sample_10086.jpg,15.703583,-0.9971082
sample_10087.jpg,10.9658165,-21.773605
sample_10088.jpg,16.163101,-19.873253
sample_10089.jpg,9.789366,-6.4268947
sample_10090.jpg,6.0271144,-6.843074
sample_10091.jpg,11.425647,-30.177118
sample_10092.jpg,2.1600733,47.24388
sample_10093.jpg,30.761917,-25.715511
sample_10094.jpg,-6.7154403,-28.210808
sample_10095.jpg,40.482895,28.599567
sample_10096.jpg,5.0767097,-6.937186
sample_10097.jpg,1.4700832,48.534306
sample_10098.jpg,-28.980145,-23.659176
sample_10099.jpg,-28.207952,3.7999842
sample_10100.jpg,20.56436,31.125893
sample_10101.jpg,-33.02338,1.264474
sample_10102.jpg,21.533396,-1.9547207
sample_10103.jpg,-12.107607,9.635227
sample_10104.jpg,-24.822708,6.4876833
sample_10105.jpg,20.263275,-0.9789958
sample_10106.jpg,-27.3753,8.557785
sample_10107.jpg,30.224129,32.520016
sample_10108.jpg,29.284567,-28.756716
sample_10109.jpg,-1.194159,-15.457438
sample_10110.jpg,17.014402,-21.088562
sample_10111.jpg,21.731207,33.16932
sample_10112.jpg,22.694466,8.298355
sample_10113.jpg,-5.1154118,-18.280798
sample_10114.jpg,-31.418264,-25.14088
sample_10115.jpg,18.883514,4.5741177
sample_10116.jpg,17.681341,10.440519
sample_10117.jpg,32.969643,-25.343866
sample_10118.jpg,26.367409,-8.337012
sample_10119.jpg,17.924385,-8.34107
sample_10120.jpg,-17.425959,-15.227277
sample_10121.jpg,3.2937248,36.54131
sample_10122.jpg,18.197464,-10.674175
sample_10123.jpg,-15.555949,-20.536047
sample_10124.jpg,8.609846,-16.873915
sample_10125.jpg,-50.37708,-8.959905
sample_10126.jpg,-12.287697,4.2583075
sample_10127.jpg,-50.6566,-8.968933
sample_10128.jpg,6.166841,21.522669
sample_10129.jpg,-7.5587935,-19.804077
sample_10130.jpg,-7.624702,17.074106
sample_10131.jpg,-36.95472,13.269999
sample_10132.jpg,-28.458334,17.087717
sample_10133.jpg,2.7785797,-5.2572784
sample_10134.jpg,5.6919394,-5.3177743
sample_10135.jpg,24.856499,4.876644
sample_10136.jpg,1.2696102,-6.726252
sample_10137.jpg,2.076718,-26.518564
sample_10138.jpg,-6.320074,-19.286911
sample_10139.jpg,9.173967,-22.159384
sample_10140.jpg,3.3010256,-5.6695075
sample_10141.jpg,4.055004,37.292667
sample_10142.jpg,32.400265,-28.131628
sample_10143.jpg,8.154414,4.801024
sample_10144.jpg,-29.667614,17.331726
sample_10145.jpg,37.517315,-18.284927
sample_10146.jpg,0.45621645,6.968074
sample_10147.jpg,41.75676,27.796192
sample_10148.jpg,4.020094,-4.8358264
sample_10149.jpg,-15.48737,5.460279
sample_10150.jpg,-2.9774194,50.303986
sample_10151.jpg,7.8135047,-23.933004
sample_10152.jpg,5.9628363,-28.101282
sample_10153.jpg,-16.798443,55.82796
sample_10154.jpg,0.85630876,2.182847
sample_10155.jpg,26.92636,-26.196756
sample_10156.jpg,-1.5580254,-22.939985
sample_10157.jpg,-0.26519707,-1.1926099
sample_10158.jpg,15.484939,-23.76729
sample_10159.jpg,24.713982,2.9318068
sample_10160.jpg,5.5199165,-9.044053
sample_10161.jpg,-11.613598,-3.804401
sample_10162.jpg,-18.827051,4.2383323
sample_10163.jpg,-27.003393,22.479088
sample_10164.jpg,-28.576263,22.412506
sample_10165.jpg,3.634965,-6.8946652
sample_10166.jpg,-20.395372,16.092693
sample_10167.jpg,-21.805702,-15.354622
sample_10168.jpg,24.671415,33.253937
sample_10169.jpg,-12.3820715,-25.484976
sample_10170.jpg,2.757979,38.525894
sample_10171.jpg,-7.497314,10.958971
sample_10172.jpg,-13.677619,-29.23024
sample_10173.jpg,27.513603,32.63257
sample_10174.jpg,-8.309403,-5.2541313
sample_10175.jpg,13.326211,-0.8827398
sample_10176.jpg,-29.827354,11.7500725
sample_10177.jpg,16.585636,-20.423187
sample_10178.jpg,-27.44288,-11.423088
sample_10179.jpg,20.161,30.805952
sample_10180.jpg,-25.797085,11.119206
sample_10181.jpg,29.227291,32.696335
sample_10182.jpg,11.49983,-30.201914
sample_10183.jpg,1.4251335,-7.25374
sample_10184.jpg,-9.927831,-4.1957603
sample_10185.jpg,17.839045,29.616114
sample_10186.jpg,22.584082,7.3655977
sample_10187.jpg,9.489071,-0.9525281
sample_10188.jpg,-33.50346,-28.92384
sample_10189.jpg,-49.56463,-8.880792
sample_10190.jpg,-2.3220406,51.04477
sample_10191.jpg,-31.213156,-24.145424
sample_10192.jpg,1.1517434,-0.9912381
sample_10193.jpg,-4.787837,-27.829838
sample_10194.jpg,-25.028637,16.77976
sample_10195.jpg,-2.2682447,-2.687717
sample_10196.jpg,5.2218895,2.0141127
sample_10197.jpg,-0.6437692,47.61662
sample_10198.jpg,13.837327,-8.6152935
sample_10199.jpg,-13.883704,-23.506567
sample_10200.jpg,1.4414628,44.95504
sample_10201.jpg,24.36259,33.58726
sample_10202.jpg,12.327894,-7.3509307
sample_10203.jpg,28.622623,-36.29937
sample_10204.jpg,-15.249509,-9.207784
sample_10205.jpg,-9.168899,7.928937
sample_10206.jpg,-28.40514,20.339762
sample_10207.jpg,15.235979,-7.88388
sample_10208.jpg,18.6418,-17.860796
sample_10209.jpg,38.27796,30.735004
sample_10210.jpg,23.888803,-20.20605
sample_10211.jpg,10.850686,0.1331085
sample_10212.jpg,22.245453,-19.684748
sample_10213.jpg,4.963197,-5.4643817
sample_10214.jpg,-8.53353,9.181863
sample_10215.jpg,3.5752425,-11.70636
sample_10216.jpg,22.291729,-21.366312
sample_10217.jpg,-32.703056,14.213833
sample_10218.jpg,-19.720362,57.52588
sample_10219.jpg,19.644135,-17.658537
sample_10220.jpg,35.537243,-23.196756
sample_10221.jpg,-3.9797533,-23.140085
sample_10222.jpg,5.278038,-0.6486818
sample_10223.jpg,36.745266,-20.577768
sample_10224.jpg,-18.57036,2.1109161
sample_10225.jpg,-27.196068,12.387384
sample_10226.jpg,3.9266975,-9.838911
sample_10227.jpg,2.224913,-6.764813
sample_10228.jpg,0.36667264,46.42994
sample_10229.jpg,-19.88909,15.241792
sample_10230.jpg,-18.997286,57.37074
sample_10231.jpg,8.398277,-6.6054997
sample_10232.jpg,25.522068,3.966545
sample_10233.jpg,11.10057,-19.487951
sample_10234.jpg,-14.95182,6.0555625
sample_10235.jpg,28.803446,-5.8490963
sample_10236.jpg,25.14268,-8.116755
sample_10237.jpg,-1.8764122,-2.0817835
sample_10238.jpg,-13.807976,0.84004253
sample_10239.jpg,-33.662643,15.426059
sample_10240.jpg,8.038769,-3.968497
sample_10241.jpg,-29.814798,15.564979
sample_10242.jpg,21.45156,-33.04434
sample_10243.jpg,33.111626,-28.394737
sample_10244.jpg,1.2700657,40.68807
sample_10245.jpg,7.2757816,-0.31037983
sample_10246.jpg,28.026857,-12.477297
sample_10247.jpg,9.468471,-17.281172
sample_10248.jpg,-34.04075,-30.482338
sample_10249.jpg,2.2013617,36.929417
sample_10250.jpg,4.826219,-9.952871
sample_10251.jpg,30.13876,33.678074
sample_10252.jpg,-1.456315,-5.524005
sample_10253.jpg,29.162764,-3.692462
sample_10254.jpg,19.816385,-3.9372244
sample_10255.jpg,-6.231175,7.4150987
sample_10256.jpg,-9.293722,-10.955475
sample_10257.jpg,-3.4178276,-11.373723
sample_10258.jpg,-10.051953,16.05083
sample_10259.jpg,2.308267,45.72373
sample_10260.jpg,28.229946,-29.427532
sample_10261.jpg,-16.835283,-10.893426
sample_10262.jpg,12.601099,-3.11649
sample_10263.jpg,7.8666277,-23.419037
sample_10264.jpg,-33.62588,-30.133469
sample_10265.jpg,-4.595446,21.188019
sample_10266.jpg,-32.904022,21.587492
sample_10267.jpg,11.468383,26.002035
sample_10268.jpg,25.625172,31.577133
sample_10269.jpg,-40.350815,-11.126896
sample_10270.jpg,5.8426094,-21.363543
sample_10271.jpg,-2.2532244,17.156733
sample_10272.jpg,14.749381,-13.612831
sample_10273.jpg,-7.126668,-29.68814
sample_10274.jpg,-12.889562,12.204081
sample_10275.jpg,43.905815,27.934416
sample_10276.jpg,-9.421694,19.679564
sample_10277.jpg,-51.46606,-8.724655
sample_10278.jpg,32.257965,-9.774666
sample_10279.jpg,-5.6204677,-18.57491
sample_10280.jpg,-10.77184,4.652481
sample_10281.jpg,13.300706,-21.741478
sample_10282.jpg,25.186636,-20.269318
sample_10283.jpg,-5.674159,-1.5302235
sample_10284.jpg,-34.18499,8.289547
sample_10285.jpg,-12.607607,12.221692
sample_10286.jpg,25.6051,32.365807
sample_10287.jpg,5.368748,-9.173914
sample_10288.jpg,-21.639246,7.228451
sample_10289.jpg,2.9631903,-2.0414813
sample_10290.jpg,-16.914452,5.1544805
sample_10291.jpg,4.5813007,-4.1475635
sample_10292.jpg,-10.099231,54.492016
sample_10293.jpg,12.461435,4.1285157
sample_10294.jpg,32.67058,-13.74493
sample_10295.jpg,-14.794868,5.2548394
sample_10296.jpg,-46.330074,-9.6346855
sample_10297.jpg,-29.053585,-23.935476
sample_10298.jpg,-33.6581,-30.663805
sample_10299.jpg,-2.8710928,-21.487318
sample_10300.jpg,-15.995915,7.9649973
sample_10301.jpg,-45.841244,-9.718389
sample_10302.jpg,-34.349583,2.4503832
sample_10303.jpg,-24.578636,-5.516285
sample_10304.jpg,-5.1008573,-17.1374
sample_10305.jpg,-5.952662,-30.748968
sample_10306.jpg,14.116985,-1.272686
sample_10307.jpg,-12.807664,55.839634
sample_10308.jpg,25.44622,-11.7342615
sample_10309.jpg,-14.562125,-14.695323
sample_10310.jpg,2.5719354,42.56569
sample_10311.jpg,-15.802771,57.549572
sample_10312.jpg,2.2697682,-9.728977
sample_10313.jpg,-25.45115,17.657314
sample_10314.jpg,11.778142,2.9179652
sample_10315.jpg,10.415318,-0.8832284
sample_10316.jpg,18.632912,-17.729126
sample_10317.jpg,2.7731206,3.222059
sample_10318.jpg,-3.02811,-13.850839
sample_10319.jpg,-15.631666,-9.922782
sample_10320.jpg,-22.584818,22.767431
sample_10321.jpg,25.835857,31.616259
sample_10322.jpg,13.367063,-15.777771
sample_10323.jpg,-6.505557,52.83667
sample_10324.jpg,-0.61136687,1.3859884
sample_10325.jpg,19.917263,29.839712
sample_10326.jpg,-29.985397,10.468214
sample_10327.jpg,44.81964,26.834288
sample_10328.jpg,-28.40631,7.3251157
sample_10329.jpg,10.359009,-33.86782
sample_10330.jpg,-6.8200393,-27.08041
sample_10331.jpg,36.66868,-22.658903
sample_10332.jpg,-10.224592,3.8340268
sample_10333.jpg,13.809055,-35.060013
sample_10334.jpg,11.490082,-4.6821346
sample_10335.jpg,16.81356,7.144602
sample_10336.jpg,39.928238,31.179853
sample_10337.jpg,21.592947,-20.372114
sample_10338.jpg,-37.26895,17.40519
sample_10339.jpg,13.124785,-9.18185
sample_10340.jpg,22.367968,-19.338266
sample_10341.jpg,-35.771084,13.127018
sample_10342.jpg,2.617821,-13.965159
sample_10343.jpg,20.483496,-1.2525687
sample_10344.jpg,-35.77182,19.34201
sample_10345.jpg,3.058323,-11.773736
sample_10346.jpg,-12.466824,6.4777246
sample_10347.jpg,15.599798,27.779459
sample_10348.jpg,10.203287,0.35918784
sample_10349.jpg,-8.766245,3.5147219
sample_10350.jpg,10.286044,-15.742263
sample_10351.jpg,23.615181,-1.6812869
sample_10352.jpg,2.2495093,7.350577
sample_10353.jpg,14.402506,2.4918017
sample_10354.jpg,18.030764,-14.640425
sample_10355.jpg,2.3170204,12.720636
sample_10356.jpg,10.10044,-24.401897
sample_10357.jpg,2.005001,-17.195286
sample_10358.jpg,-30.984299,-5.1567464
sample_10359.jpg,-20.273432,-5.878924
sample_10360.jpg,21.931265,-29.866835
sample_10361.jpg,-22.057838,5.96469
sample_10362.jpg,-10.322673,-6.5529275
sample_10363.jpg,43.022594,28.159767
sample_10364.jpg,-20.363684,-9.383437
sample_10365.jpg,-24.587038,-18.388062
sample_10366.jpg,-16.196402,1.2365041
sample_10367.jpg,19.589203,-3.7488847
sample_10368.jpg,9.630804,-17.55366
sample_10369.jpg,-51.416656,-7.928068
sample_10370.jpg,-1.3932408,-10.362689
sample_10371.jpg,20.843117,-18.935003
sample_10372.jpg,-26.365639,0.54787886
sample_10373.jpg,-8.993516,-27.372011
sample_10374.jpg,3.179169,34.31149
sample_10375.jpg,5.58029,-8.3612175
sample_10376.jpg,-37.77086,17.205332
sample_10377.jpg,28.662838,-30.571657
sample_10378.jpg,5.5052934,-14.971535
sample_10379.jpg,-13.291138,-0.37254232
sample_10380.jpg,19.915112,-23.949434
sample_10381.jpg,19.640104,0.84061825
sample_10382.jpg,-8.092945,53.544567
sample_10383.jpg,-5.0315957,15.55634
sample_10384.jpg,-13.265969,6.654561
sample_10385.jpg,-14.242577,6.45981
sample_10386.jpg,2.0410433,-35.53403
sample_10387.jpg,-16.162857,56.740334
sample_10388.jpg,-7.544996,-0.36870012
sample_10389.jpg,-27.772787,17.168325
sample_10390.jpg,37.662632,-21.089891
sample_10391.jpg,-46.240673,-9.556237
sample_10392.jpg,-18.659885,12.194654
sample_10393.jpg,-26.262478,16.507273
sample_10394.jpg,-25.022078,19.957806
sample_10395.jpg,-34.565968,12.795506
sample_10396.jpg,-5.3130326,-11.721895
sample_10397.jpg,40.88517,29.751003
sample_10398.jpg,-15.213527,0.7031853
sample_10399.jpg,9.484778,-10.705022
sample_10400.jpg,22.755234,-29.981136
sample_10401.jpg,3.7706523,37.794113
sample_10402.jpg,14.342156,12.183363
sample_10403.jpg,-9.997439,7.681186
sample_10404.jpg,11.427485,-19.391132
sample_10405.jpg,-5.2990074,-0.49228793
sample_10406.jpg,-5.1611476,8.188225
sample_10407.jpg,25.58616,-4.185211
sample_10408.jpg,-5.27053,12.702523
sample_10409.jpg,3.1343524,40.65376
sample_10410.jpg,-40.673683,-10.926311
sample_10411.jpg,19.008045,-3.2971084
sample_10412.jpg,-12.153588,1.9167767
sample_10413.jpg,-8.648098,4.50174
sample_10414.jpg,-50.56787,-9.114882
sample_10415.jpg,-14.009501,22.624071
sample_10416.jpg,-24.046078,-7.54628
sample_10417.jpg,-13.726587,0.40294445
sample_10418.jpg,-5.777878,15.416727
sample_10419.jpg,-27.050188,11.835126
sample_10420.jpg,31.880825,-29.962595
sample_10421.jpg,0.84280336,-15.775737
sample_10422.jpg,6.6834617,2.277885
