filename,x,y
sample_00001.jpg,20.916832,39.496475
sample_00002.jpg,-2.1629384,-1.3361413
sample_00003.jpg,-24.543257,-18.71146
sample_00004.jpg,35.3627,18.7402
sample_00005.jpg,-29.991014,7.624888
sample_00006.jpg,64.99645,-7.2447414
sample_00007.jpg,13.045675,1.6533955
sample_00008.jpg,6.8355017,-4.397316
sample_00009.jpg,-11.269804,18.400126
sample_00010.jpg,-5.98429,-40.71359
sample_00011.jpg,-61.790977,-18.369818
sample_00012.jpg,-4.5276594,-32.048283
sample_00013.jpg,28.737158,42.92101
sample_00014.jpg,-12.6287985,18.832327
sample_00015.jpg,-12.99035,4.3387327
sample_00016.jpg,3.5134995,-70.72593
sample_00017.jpg,-12.213034,24.437128
sample_00018.jpg,-11.777827,-44.47308
sample_00019.jpg,14.692498,22.269081
sample_00020.jpg,20.053679,11.968496
sample_00021.jpg,13.5352125,-9.620291
sample_00022.jpg,-15.923603,10.7417965
sample_00023.jpg,-5.0740914,0.24975587
sample_00024.jpg,5.6320524,10.710292
sample_00025.jpg,4.714106,-67.21746
sample_00026.jpg,-0.5326718,-25.45109
sample_00027.jpg,3.6166885,-70.87164
sample_00028.jpg,31.900053,26.045416
sample_00029.jpg,49.639088,11.2519455
sample_00030.jpg,25.028309,10.414895
sample_00031.jpg,7.8001227,44.429653
sample_00032.jpg,-38.15936,-19.581512
sample_00033.jpg,-51.122704,-0.5715347
sample_00034.jpg,62.93484,13.012249
sample_00035.jpg,8.080673,22.608309
sample_00036.jpg,58.10238,13.166956
sample_00037.jpg,3.7758043,5.888843
sample_00038.jpg,42.24322,1.8931662
sample_00039.jpg,-1.353882,-73.33806
sample_00040.jpg,54.911602,4.4208527
sample_00041.jpg,-13.44118,48.665844
sample_00042.jpg,-50.20289,-27.571781
sample_00043.jpg,56.744835,1.0664606
sample_00044.jpg,-0.5685299,9.240037
sample_00045.jpg,-27.15146,-52.74044
sample_00046.jpg,-51.606647,-28.086903
sample_00047.jpg,-0.2777248,1.8921992
sample_00048.jpg,-6.054963,27.748709
sample_00049.jpg,-42.87353,11.190919
sample_00050.jpg,12.744191,-64.84278
sample_00051.jpg,37.91758,36.923183
sample_00052.jpg,-0.16307816,18.41791
sample_00053.jpg,22.752232,8.73576
sample_00054.jpg,-36.450947,-8.531417
sample_00055.jpg,-15.444099,49.39632
sample_00056.jpg,21.280605,-5.4923663
sample_00057.jpg,-20.676085,-48.82757
sample_00058.jpg,-26.745043,0.3670666
sample_00059.jpg,31.66363,20.389881
sample_00060.jpg,2.3222034,6.5573883
sample_00061.jpg,62.043053,17.332096
sample_00062.jpg,-12.029737,-47.035187
sample_00063.jpg,31.883507,24.211475
sample_00064.jpg,-13.47895,15.641251
sample_00065.jpg,-9.379799,49.024376
sample_00066.jpg,30.640768,-27.980307
sample_00067.jpg,18.373299,18.854372
sample_00068.jpg,23.15196,-11.959922
sample_00069.jpg,44.89395,8.950853
sample_00070.jpg,37.66135,26.110449
sample_00071.jpg,30.906534,-13.724662
sample_00072.jpg,50.355633,-14.66671
sample_00073.jpg,-3.1804192,29.734465
sample_00074.jpg,18.485771,0.21363637
sample_00075.jpg,13.500587,3.2184348
sample_00076.jpg,-20.766865,29.408878
sample_00077.jpg,-50.73395,-13.885776
sample_00078.jpg,7.726761,11.638526
sample_00079.jpg,9.970349,-32.822697
sample_00080.jpg,32.216427,17.654379
sample_00081.jpg,-15.564593,-27.960526
sample_00082.jpg,30.626095,21.765478
sample_00083.jpg,-54.816906,-2.1911023
sample_00084.jpg,-47.573174,-0.92857265
sample_00085.jpg,-8.667992,-42.703747
sample_00086.jpg,-45.81344,-10.873476
sample_00087.jpg,-49.81588,-6.333372
sample_00088.jpg,-16.077085,16.56858
sample_00089.jpg,19.587885,18.1616
sample_00090.jpg,-26.919346,22.57572
sample_00091.jpg,15.80078,37.463398
sample_00092.jpg,46.752056,16.670284
sample_00093.jpg,-22.226795,8.848398
sample_00094.jpg,-28.19998,-6.829174
sample_00095.jpg,43.692284,-14.8772545
sample_00096.jpg,-26.473246,-7.6726995
sample_00097.jpg,-2.1536672,21.167692
sample_00098.jpg,64.37746,2.5062187
sample_00099.jpg,41.03699,-13.562425
sample_00100.jpg,25.490429,-49.219086
sample_00101.jpg,15.881644,-11.533706
sample_00102.jpg,3.9889436,1.9549811
sample_00103.jpg,-42.017544,48.66287
sample_00104.jpg,0.6715888,10.7898
sample_00105.jpg,22.322618,5.097044
sample_00106.jpg,-30.626614,-7.5714245
sample_00107.jpg,11.620997,17.988731
sample_00108.jpg,23.704163,12.918742
sample_00109.jpg,7.196024,-0.3968846
sample_00110.jpg,-37.356003,-8.603988
sample_00111.jpg,-7.103967,-43.269722
sample_00112.jpg,28.0999,38.236828
sample_00113.jpg,-13.876107,13.624024
sample_00114.jpg,-6.60663,-0.19967453
sample_00115.jpg,-3.5500085,-19.930973
sample_00116.jpg,-39.33447,9.93185
sample_00117.jpg,3.4424045,-3.8160572
sample_00118.jpg,71.99109,6.1786504
sample_00119.jpg,-49.990284,-6.738544
sample_00120.jpg,-54.879574,-25.868519
sample_00121.jpg,-33.791428,10.0541935
sample_00122.jpg,-14.367645,25.438131
sample_00123.jpg,10.783919,-2.0113673
sample_00124.jpg,-60.49959,-13.877256
sample_00125.jpg,-18.245697,11.315513
sample_00126.jpg,-23.149176,-57.53094
sample_00127.jpg,14.583331,-8.533007
sample_00128.jpg,-49.872826,-10.239015
sample_00129.jpg,-22.773018,-15.602127
sample_00130.jpg,7.1496205,-13.300588
sample_00131.jpg,-34.921146,50.750587
sample_00132.jpg,60.667686,4.4925523
sample_00133.jpg,10.204373,23.28407
sample_00134.jpg,44.87778,-8.187705
sample_00135.jpg,-24.935747,-19.555248
sample_00136.jpg,25.676067,-42.15548
sample_00137.jpg,-38.244587,-10.850813
sample_00138.jpg,-53.58037,-11.279068
sample_00139.jpg,-34.387012,-6.242564
sample_00140.jpg,26.485445,-22.196434
sample_00141.jpg,-10.044658,-19.249866
sample_00142.jpg,-3.4105775,19.56318
sample_00143.jpg,-9.131085,2.9828699
sample_00144.jpg,41.437286,23.759834
sample_00145.jpg,42.63389,22.839071
sample_00146.jpg,4.001289,10.632512
sample_00147.jpg,-0.8440822,34.829906
sample_00148.jpg,44.430225,6.919658
sample_00149.jpg,-41.68404,0.90871847
sample_00150.jpg,-38.476753,-3.4376307
sample_00151.jpg,17.665796,1.7445574
sample_00152.jpg,29.321774,21.240084
sample_00153.jpg,14.126951,18.784061
sample_00154.jpg,29.135998,15.022648
sample_00155.jpg,23.11118,11.432545
sample_00156.jpg,-4.5902715,38.40346
sample_00157.jpg,16.129686,11.431159
sample_00158.jpg,-18.076439,5.9028554
sample_00159.jpg,54.689365,3.6873527
sample_00160.jpg,16.369478,21.08251
sample_00161.jpg,9.285043,14.934555
sample_00162.jpg,49.063133,-5.274817
sample_00163.jpg,-43.442204,-8.153829
sample_00164.jpg,-71.194984,16.95727
sample_00165.jpg,-25.653301,-57.787056
sample_00166.jpg,-14.716359,0.9890673
sample_00167.jpg,66.263504,-1.0060589
sample_00168.jpg,-60.768456,-19.91404
sample_00169.jpg,-30.64697,-25.934452
sample_00170.jpg,-8.2171135,-42.980537
sample_00171.jpg,-4.576316,41.250336
sample_00172.jpg,1.4859118,-25.068773
sample_00173.jpg,16.397547,-54.536995
sample_00174.jpg,4.8328757,24.619526
sample_00175.jpg,62.128822,0.19492406
sample_00176.jpg,-20.815184,34.975693
sample_00177.jpg,-20.721548,1.7332304
sample_00178.jpg,-29.940056,-15.071614
sample_00179.jpg,50.91782,21.702984
sample_00180.jpg,-57.35805,-13.54091
sample_00181.jpg,-38.086926,-4.240962
sample_00182.jpg,18.367504,37.58812
sample_00183.jpg,-20.679035,24.368662
sample_00184.jpg,-22.856937,11.02387
sample_00185.jpg,-17.128752,-52.253696
sample_00186.jpg,-57.005867,-31.042997
sample_00187.jpg,-12.509201,49.827297
sample_00188.jpg,0.6138369,14.4962015
sample_00189.jpg,-5.3941736,15.614059
sample_00190.jpg,15.057221,24.69257
sample_00191.jpg,-71.46435,15.251196
sample_00192.jpg,-40.12584,-16.922539
sample_00193.jpg,16.90981,-25.925701
sample_00194.jpg,-6.827709,-12.497721
sample_00195.jpg,-19.946033,-53.525505
sample_00196.jpg,30.148218,42.67644
sample_00197.jpg,42.187626,8.491162
sample_00198.jpg,11.20153,14.301666
sample_00199.jpg,8.673475,-60.718693
sample_00200.jpg,37.171722,17.309202
sample_00201.jpg,44.000122,-2.3281782
sample_00202.jpg,-48.38839,-17.127754
sample_00203.jpg,39.66754,23.025175
sample_00204.jpg,3.0919907,39.97922
sample_00205.jpg,-48.74133,-6.536971
sample_00206.jpg,-18.40665,30.58503
sample_00207.jpg,41.209087,46.761806
sample_00208.jpg,-5.022574,-13.452744
sample_00209.jpg,4.263386,16.226883
sample_00210.jpg,-24.543108,10.89862
sample_00211.jpg,-7.46983,5.551757
sample_00212.jpg,-12.266072,-46.169605
sample_00213.jpg,-6.9873133,-43.420597
sample_00214.jpg,-46.591576,-2.570901
sample_00215.jpg,-44.140224,-10.125886
sample_00216.jpg,66.13387,-13.528721
sample_00217.jpg,-1.4328856,-71.41342
sample_00218.jpg,-41.888447,-10.054352
sample_00219.jpg,-44.407574,-11.084227
sample_00220.jpg,31.904537,10.330875
sample_00221.jpg,-3.9479904,-34.997776
sample_00222.jpg,-74.107925,15.00749
sample_00223.jpg,-60.376953,18.727064
sample_00224.jpg,31.965769,6.9855556
sample_00225.jpg,56.799576,4.9811826
sample_00226.jpg,21.622513,-59.048393
sample_00227.jpg,-18.4834,-19.920595
sample_00228.jpg,8.631803,3.949722
sample_00229.jpg,-46.45562,-12.053113
sample_00230.jpg,-76.62207,12.264585
sample_00231.jpg,17.375021,-59.626396
sample_00232.jpg,67.141785,-9.3227415
sample_00233.jpg,32.862217,39.84614
sample_00234.jpg,3.0610085,-9.536606
sample_00235.jpg,23.528414,-10.247851
sample_00236.jpg,18.531874,30.90482
sample_00237.jpg,7.258035,17.775534
sample_00238.jpg,-58.0147,-33.51257
sample_00239.jpg,2.1311467,41.37278
sample_00240.jpg,-20.40368,-53.331528
sample_00241.jpg,28.066544,0.19640961
sample_00242.jpg,-49.238758,48.97167
sample_00243.jpg,-22.893751,7.443928
sample_00244.jpg,19.276815,45.120403
sample_00245.jpg,-53.893684,-16.819464
sample_00246.jpg,62.08411,-4.9870286
sample_00247.jpg,-10.817833,11.592641
sample_00248.jpg,-18.397766,-1.7033006
sample_00249.jpg,18.380814,12.628936
sample_00250.jpg,1.4801449,26.893549
sample_00251.jpg,-28.045849,12.848637
sample_00252.jpg,39.65381,47.213585
sample_00253.jpg,-11.576767,-5.4684205
sample_00254.jpg,8.68648,18.807322
sample_00255.jpg,-36.35696,0.61699724
sample_00256.jpg,-6.7867274,-11.348709
sample_00257.jpg,13.66614,20.137772
sample_00258.jpg,-17.268335,13.756209
sample_00259.jpg,51.47073,-5.2427197
sample_00260.jpg,-26.469482,-14.18823
sample_00261.jpg,29.603836,18.115084
sample_00262.jpg,-46.887474,49.980797
sample_00263.jpg,52.69801,-8.423037
sample_00264.jpg,32.87424,42.009224
sample_00265.jpg,-51.230743,-0.808894
sample_00266.jpg,28.63827,19.803875
sample_00267.jpg,16.38558,-56.956192
sample_00268.jpg,-23.811846,-21.70623
sample_00269.jpg,9.1128845,-34.472572
sample_00270.jpg,62.2831,1.3670573
sample_00271.jpg,62.55562,-2.1130824
sample_00272.jpg,-35.01575,0.66881293
sample_00273.jpg,-40.858276,9.607512
sample_00274.jpg,-60.49403,-31.642738
sample_00275.jpg,-54.732307,0.4985413
sample_00276.jpg,-27.918562,-56.581345
sample_00277.jpg,57.173996,-4.094936
sample_00278.jpg,-40.67743,-6.674782
sample_00279.jpg,10.7156315,26.278673
sample_00280.jpg,25.744886,15.367382
sample_00281.jpg,-31.442486,-10.503967
sample_00282.jpg,-46.110672,-5.111022
sample_00283.jpg,31.901476,13.009678
sample_00284.jpg,48.90391,17.722824
sample_00285.jpg,7.614356,41.793896
sample_00286.jpg,70.00308,-5.658953
sample_00287.jpg,36.373413,4.671833
sample_00288.jpg,-50.489815,-8.071141
sample_00289.jpg,-30.067877,9.660151
sample_00290.jpg,-39.005795,-9.025705
sample_00291.jpg,-20.386156,22.307665
sample_00292.jpg,-10.068796,27.148739
sample_00293.jpg,-36.154686,-1.5424654
sample_00294.jpg,-49.542797,-2.8045118
sample_00295.jpg,21.802906,46.356667
sample_00296.jpg,-76.96987,12.053185
sample_00297.jpg,18.832058,18.76343
sample_00298.jpg,40.52632,-9.974957
sample_00299.jpg,24.40651,-51.997505
sample_00300.jpg,-32.179844,-55.867767
sample_00301.jpg,38.887676,2.0702577
sample_00302.jpg,23.689144,13.006406
sample_00303.jpg,-45.39499,49.515408
sample_00304.jpg,38.84231,16.233309
sample_00305.jpg,-50.445972,-21.758062
sample_00306.jpg,-6.562285,-40.531803
sample_00307.jpg,57.71361,-18.101524
sample_00308.jpg,-17.916586,-52.77699
sample_00309.jpg,53.71633,-8.262096
sample_00310.jpg,-7.784918,19.705744
sample_00311.jpg,-53.77125,-12.641489
sample_00312.jpg,-4.302995,22.618458
sample_00313.jpg,-14.35905,15.481421
sample_00314.jpg,-23.990366,-52.93082
sample_00315.jpg,57.550816,6.1472898
sample_00316.jpg,9.789833,-12.803644
sample_00317.jpg,56.988495,-4.194704
sample_00318.jpg,30.542097,32.95844
sample_00319.jpg,-37.425663,50.6599
sample_00320.jpg,25.511349,-47.849274
sample_00321.jpg,19.522568,26.277338
sample_00322.jpg,-39.89524,-4.8082957
sample_00323.jpg,-22.772417,-18.767757
sample_00324.jpg,-43.97946,1.0247296
sample_00325.jpg,-69.844055,13.95848
sample_00326.jpg,-1.871961,40.06703
sample_00327.jpg,31.851187,5.198258
sample_00328.jpg,-74.56276,13.103088
sample_00329.jpg,59.937634,5.4814525
sample_00330.jpg,-8.385021,5.952571
sample_00331.jpg,-14.219579,39.438618
sample_00332.jpg,2.0997574,20.064194
sample_00333.jpg,-67.56486,18.811424
sample_00334.jpg,1.6012781,16.613317
sample_00335.jpg,-6.092374,1.0048103
sample_00336.jpg,8.658638,24.235338
sample_00337.jpg,25.593256,-47.273186
sample_00338.jpg,-58.819218,-18.025267
sample_00339.jpg,9.784367,25.666464
sample_00340.jpg,42.155846,18.159502
sample_00341.jpg,15.264936,5.1304073
sample_00342.jpg,3.5789368,-9.055858
sample_00343.jpg,-33.720654,-27.156807
sample_00344.jpg,-7.68031,-40.923485
sample_00345.jpg,2.7185805,14.266616
sample_00346.jpg,-71.4081,16.211645
sample_00347.jpg,17.482996,-58.58682
sample_00348.jpg,-21.119987,8.54782
sample_00349.jpg,-31.838373,18.713129
sample_00350.jpg,2.4816809,-9.629429
sample_00351.jpg,61.825676,-8.962379
sample_00352.jpg,62.15189,2.049272
sample_00353.jpg,5.663522,14.124459
sample_00354.jpg,10.456847,6.9492083
sample_00355.jpg,-5.2801228,17.507235
sample_00356.jpg,42.372345,-8.217889
sample_00357.jpg,-17.253149,16.646662
sample_00358.jpg,-20.369818,9.747103
sample_00359.jpg,-6.758672,-40.36667
sample_00360.jpg,31.966343,45.492424
sample_00361.jpg,-13.037791,24.092241
sample_00362.jpg,-35.007732,15.820153
sample_00363.jpg,70.02785,9.014881
sample_00364.jpg,60.637012,13.271067
sample_00365.jpg,-38.794594,14.325547
sample_00366.jpg,31.778902,42.55443
sample_00367.jpg,-15.042986,48.4577
sample_00368.jpg,-43.04337,-55.70081
sample_00369.jpg,-54.704308,-24.10712
sample_00370.jpg,64.9312,-13.182028
sample_00371.jpg,8.912344,12.752747
sample_00372.jpg,-53.34608,-9.127246
sample_00373.jpg,-2.0803337,30.696663
sample_00374.jpg,-61.301376,-21.655186
sample_00375.jpg,-8.48982,-9.026122
sample_00376.jpg,0.73230255,21.967714
sample_00377.jpg,-2.1674526,20.137907
sample_00378.jpg,-46.695515,-0.15481004
sample_00379.jpg,-29.834492,-57.22253
sample_00380.jpg,-52.652653,46.76468
sample_00381.jpg,-1.3186488,12.594447
sample_00382.jpg,-11.42111,12.783899
sample_00383.jpg,-52.73541,-2.7952037
sample_00384.jpg,13.430051,-60.674023
sample_00385.jpg,-52.804173,-16.93603
sample_00386.jpg,1.050662,26.540602
sample_00387.jpg,-14.335239,25.345394
sample_00388.jpg,25.729942,-47.10683
sample_00389.jpg,-5.473436,-72.880066
sample_00390.jpg,-29.074274,-14.233096
sample_00391.jpg,-0.25152272,-64.2548
sample_00392.jpg,-21.216335,7.327149
sample_00393.jpg,-8.308039,19.067656
sample_00394.jpg,-41.137985,-54.31897
sample_00395.jpg,40.94624,46.865376
sample_00396.jpg,-11.535846,-45.75361
sample_00397.jpg,-59.460533,-4.3260064
sample_00398.jpg,-14.7625065,-53.6081
sample_00399.jpg,-44.110374,0.8986971
sample_00400.jpg,1.0950447,21.760536
sample_00401.jpg,-12.896982,25.885826
sample_00402.jpg,58.7786,-3.9383328
sample_00403.jpg,-30.281797,-17.655403
sample_00404.jpg,-33.906654,-0.0013597931
sample_00405.jpg,3.9643452,13.9441
sample_00406.jpg,-62.83713,-34.45521
sample_00407.jpg,9.315923,-63.098648
sample_00408.jpg,-0.84496,19.567608
sample_00409.jpg,50.553326,8.298031
sample_00410.jpg,12.259142,-61.16453
sample_00411.jpg,52.31331,1.2471757
sample_00412.jpg,-17.796997,-51.14
sample_00413.jpg,25.499289,-11.808155
sample_00414.jpg,52.51318,8.342128
sample_00415.jpg,15.208913,-22.14804
sample_00416.jpg,30.16121,21.161356
sample_00417.jpg,-23.189157,1.1064839
sample_00418.jpg,-17.597404,22.955149
sample_00419.jpg,17.643555,44.226162
sample_00420.jpg,54.77304,-13.75596
sample_00421.jpg,-25.253057,-3.1220596
sample_00422.jpg,-52.87584,-1.9780867
sample_00423.jpg,0.2846086,15.16742
sample_00424.jpg,4.339101,8.441193
sample_00425.jpg,-7.3608227,31.546196
sample_00426.jpg,-57.074707,-21.243029
sample_00427.jpg,-5.775171,-1.5286118
sample_00428.jpg,4.146046,26.890068
sample_00429.jpg,39.204994,22.702085
sample_00430.jpg,-49.721077,6.863891
sample_00431.jpg,20.190336,14.399512
sample_00432.jpg,-7.985773,-40.933807
sample_00433.jpg,11.718905,30.770527
sample_00434.jpg,-2.7258265,-4.341563
sample_00435.jpg,-42.8962,-53.571053
sample_00436.jpg,-49.32133,-9.763472
sample_00437.jpg,12.287705,15.455921
sample_00438.jpg,-19.768688,12.814479
sample_00439.jpg,-36.137135,-9.049037
sample_00440.jpg,14.49573,-60.98119
sample_00441.jpg,-56.56767,-14.176598
sample_00442.jpg,64.05381,-8.793299
sample_00443.jpg,-13.35334,4.6343246
sample_00444.jpg,-38.600754,-10.274963
sample_00445.jpg,-39.637756,-14.514357
sample_00446.jpg,-51.769356,-33.35162
sample_00447.jpg,50.52515,23.72253
sample_00448.jpg,-37.437523,17.593092
sample_00449.jpg,32.715134,-3.161304
sample_00450.jpg,23.02103,45.244286
sample_00451.jpg,-63.11462,19.92871
sample_00452.jpg,-15.545593,43.72021
sample_00453.jpg,-59.217728,-13.8616295
sample_00454.jpg,23.335798,25.734894
sample_00455.jpg,-42.850098,50.092506
sample_00456.jpg,-25.271748,-52.487465
sample_00457.jpg,48.71213,-12.393586
sample_00458.jpg,-51.671913,-17.694445
sample_00459.jpg,-30.943106,32.807808
sample_00460.jpg,50.27872,5.802432
sample_00461.jpg,-55.143726,-32.525997
sample_00462.jpg,-0.0039059327,24.023516
sample_00463.jpg,-33.87915,27.515533
sample_00464.jpg,-1.7994938,-65.387
sample_00465.jpg,65.76316,8.710574
sample_00466.jpg,17.749819,-2.9082825
sample_00467.jpg,29.197906,3.8262322
sample_00468.jpg,-21.972372,21.192623
sample_00469.jpg,49.740826,-4.5256515
sample_00470.jpg,13.243651,-65.20922
sample_00471.jpg,-29.363297,12.222622
sample_00472.jpg,0.7908105,19.866272
sample_00473.jpg,-51.2854,-34.340916
sample_00474.jpg,-25.61253,23.443674
sample_00475.jpg,-52.321255,-16.211271
sample_00476.jpg,-50.5417,9.618967
sample_00477.jpg,-0.11992104,-70.32356
sample_00478.jpg,-20.670094,35.01841
sample_00479.jpg,23.154345,-53.985405
sample_00480.jpg,-26.742882,4.9214606
sample_00481.jpg,-26.887886,22.545574
sample_00482.jpg,-13.067224,48.345062
sample_00483.jpg,53.139084,-2.5504897
sample_00484.jpg,11.898129,38.010532
sample_00485.jpg,-13.3450165,48.521713
sample_00486.jpg,8.074,18.07936
sample_00487.jpg,-14.470153,13.959299
sample_00488.jpg,-25.156939,9.618673
sample_00489.jpg,37.705986,10.130085
sample_00490.jpg,28.045395,-40.906048
sample_00491.jpg,-36.550385,11.325045
sample_00492.jpg,23.492794,-52.439915
sample_00493.jpg,-46.96856,-10.523902
sample_00494.jpg,31.268715,-11.473366
sample_00495.jpg,-50.498116,-21.245443
sample_00496.jpg,-75.40263,13.38711
sample_00497.jpg,-34.74974,12.892873
sample_00498.jpg,-17.317026,44.35516
sample_00499.jpg,41.841686,1.5422807
sample_00500.jpg,-1.4622047,40.17227
sample_00501.jpg,-17.448141,9.196572
sample_00502.jpg,25.160244,21.335976
sample_00503.jpg,-34.220154,-2.7181132
sample_00504.jpg,44.821453,25.840868
sample_00505.jpg,-1.4622351,-72.34289
sample_00506.jpg,4.392818,25.447496
sample_00507.jpg,-7.3340316,20.656017
sample_00508.jpg,54.96306,-0.35203767
sample_00509.jpg,-16.58812,4.812109
sample_00510.jpg,17.41754,-7.4095607
sample_00511.jpg,14.487308,11.72918
sample_00512.jpg,38.997078,31.980871
sample_00513.jpg,-13.816318,43.21539
sample_00514.jpg,63.66731,12.801877
sample_00515.jpg,27.017523,15.852944
sample_00516.jpg,36.646255,3.101192
sample_00517.jpg,-15.33085,-27.877218
sample_00518.jpg,-38.75912,51.298603
sample_00519.jpg,30.582287,30.119904
sample_00520.jpg,23.067568,-52.57914
sample_00521.jpg,13.162514,0.20141338
sample_00522.jpg,1.4311167,11.638278
sample_00523.jpg,56.212467,2.1057396
sample_00524.jpg,33.191414,-2.4692702
sample_00525.jpg,-17.138035,-21.158003
sample_00526.jpg,-13.323185,-47.32666
sample_00527.jpg,-19.674969,-19.598137
sample_00528.jpg,7.0985193,12.4353485
sample_00529.jpg,36.048923,29.675352
sample_00530.jpg,-14.151616,27.422924
sample_00531.jpg,-47.475548,-27.591593
sample_00532.jpg,-51.189537,-20.084492
sample_00533.jpg,65.27937,-6.595261
sample_00534.jpg,37.56872,11.156877
sample_00535.jpg,29.471237,0.8160518
sample_00536.jpg,24.843954,-42.85332
sample_00537.jpg,-52.097584,46.824635
sample_00538.jpg,25.867737,-46.098663
sample_00539.jpg,39.4318,12.675615
sample_00540.jpg,-5.436831,-17.884848
sample_00541.jpg,-22.76352,11.253372
sample_00542.jpg,-13.234856,6.574594
sample_00543.jpg,-53.485233,-34.69286
sample_00544.jpg,-13.0826645,36.78465
sample_00545.jpg,-23.981844,-7.645587
sample_00546.jpg,3.7302942,18.046564
sample_00547.jpg,21.691422,14.010829
sample_00548.jpg,39.68706,14.567537
sample_00549.jpg,-9.53722,10.305498
sample_00550.jpg,20.128925,11.979794
sample_00551.jpg,-77.02235,11.955554
sample_00552.jpg,63.116108,-8.596771
sample_00553.jpg,23.614586,31.957954
sample_00554.jpg,32.75739,16.116917
sample_00555.jpg,8.125146,-10.28247
sample_00556.jpg,-22.235777,-8.324377
sample_00557.jpg,-63.85957,19.383934
sample_00558.jpg,14.339327,17.450932
sample_00559.jpg,-37.87372,-54.673187
sample_00560.jpg,-18.565603,30.291779
sample_00561.jpg,27.492268,15.747229
sample_00562.jpg,-66.25665,16.588793
sample_00563.jpg,-39.841175,-52.682194
sample_00564.jpg,-43.101784,-5.959251
sample_00565.jpg,30.9824,40.654125
sample_00566.jpg,28.458694,15.513268
sample_00567.jpg,-45.40496,49.572704
sample_00568.jpg,-20.772123,14.910406
sample_00569.jpg,-24.355242,12.682232
sample_00570.jpg,-14.201327,28.870012
sample_00571.jpg,38.092407,46.17576
sample_00572.jpg,-1.662611,47.509277
sample_00573.jpg,7.8217874,26.208273
sample_00574.jpg,-58.585983,-4.915452
sample_00575.jpg,-4.8735504,-16.75643
sample_00576.jpg,-67.6797,18.876347
sample_00577.jpg,-17.362276,-47.79115
sample_00578.jpg,-3.98299,24.83995
sample_00579.jpg,23.648832,-10.0909395
sample_00580.jpg,-9.151224,48.738087
sample_00581.jpg,46.64162,5.4223657
sample_00582.jpg,-36.192608,1.7433658
sample_00583.jpg,41.063717,-2.839438
sample_00584.jpg,-47.52036,-3.6121304
sample_00585.jpg,40.60963,-13.201787
sample_00586.jpg,-11.025849,-44.243515
sample_00587.jpg,37.592113,14.140391
sample_00588.jpg,38.128407,34.404297
sample_00589.jpg,45.51793,-1.7065881
sample_00590.jpg,8.829725,-34.73712
sample_00591.jpg,-51.78338,47.421146
sample_00592.jpg,-76.42865,12.703832
sample_00593.jpg,44.507748,13.4335
sample_00594.jpg,70.92215,-5.186098
sample_00595.jpg,-15.60418,-50.097485
sample_00596.jpg,-7.3861103,-3.6094143
sample_00597.jpg,21.090584,-57.864647
sample_00598.jpg,40.76587,47.2256
sample_00599.jpg,20.98484,0.3111978
sample_00600.jpg,-19.12716,-51.845737
sample_00601.jpg,8.451717,14.179776
sample_00602.jpg,-8.487439,23.638166
sample_00603.jpg,-6.8414273,-11.435043
sample_00604.jpg,-43.729557,-9.204619
sample_00605.jpg,-11.63975,13.689797
sample_00606.jpg,22.985094,-44.974113
sample_00607.jpg,-10.999523,14.726834
sample_00608.jpg,-9.6569,45.561996
sample_00609.jpg,66.35862,2.6344311
sample_00610.jpg,-7.977721,32.433083
sample_00611.jpg,-12.234049,28.950865
sample_00612.jpg,27.232866,-44.25761
sample_00613.jpg,-16.619995,21.88109
sample_00614.jpg,4.1218576,17.67233
sample_00615.jpg,29.228863,-6.9230394
sample_00616.jpg,-18.818377,-17.353632
sample_00617.jpg,-24.484367,-20.61097
sample_00618.jpg,47.63051,2.3305418
sample_00619.jpg,-16.480394,-50.109962
sample_00620.jpg,-25.29288,-14.0231495
sample_00621.jpg,27.312988,7.78429
sample_00622.jpg,27.561214,22.020782
sample_00623.jpg,-55.28331,-5.087849
sample_00624.jpg,24.376225,10.118419
sample_00625.jpg,-48.93455,48.964294
sample_00626.jpg,39.535206,27.204515
sample_00627.jpg,16.122812,-24.701101
sample_00628.jpg,1.085997,18.115208
sample_00629.jpg,67.72405,-10.947465
sample_00630.jpg,10.292125,-11.662537
sample_00631.jpg,17.102962,-26.036758
sample_00632.jpg,-4.6692,17.209766
sample_00633.jpg,2.727808,50.348793
sample_00634.jpg,57.139706,1.3521569
sample_00635.jpg,-38.198917,7.336926
sample_00636.jpg,-51.606052,-4.325393
sample_00637.jpg,-54.022343,-5.254293
sample_00638.jpg,-27.62075,16.462126
sample_00639.jpg,10.694146,40.64085
sample_00640.jpg,-0.47188896,-13.530049
sample_00641.jpg,31.157625,-4.562849
sample_00642.jpg,31.942657,-41.595837
sample_00643.jpg,6.2923217,0.7144115
sample_00644.jpg,-51.2011,-5.3765874
sample_00645.jpg,-48.782337,-12.056328
sample_00646.jpg,56.219154,-2.117685
sample_00647.jpg,-16.622377,10.217977
sample_00648.jpg,22.554562,21.059517
sample_00649.jpg,14.473662,2.5558083
sample_00650.jpg,-37.827892,-1.9148338
sample_00651.jpg,29.541594,35.04177
sample_00652.jpg,-25.517511,8.0031595
sample_00653.jpg,-14.370671,49.4341
sample_00654.jpg,7.029123,15.514788
sample_00655.jpg,-33.58384,-0.108848915
sample_00656.jpg,-13.157287,36.900253
sample_00657.jpg,22.0059,22.776274
sample_00658.jpg,27.316566,20.868586
sample_00659.jpg,10.707133,-22.669195
sample_00660.jpg,23.361753,11.356817
sample_00661.jpg,-52.756615,-31.344313
sample_00662.jpg,-20.597622,-0.97859377
sample_00663.jpg,-2.4594934,34.104168
sample_00664.jpg,51.184723,17.864101
sample_00665.jpg,35.50308,30.727755
sample_00666.jpg,-15.329149,-0.6820143
sample_00667.jpg,51.882866,-15.71926
sample_00668.jpg,8.66822,-1.4832599
sample_00669.jpg,-36.24139,-5.9800615
sample_00670.jpg,39.796417,31.379934
sample_00671.jpg,54.36957,-10.218986
sample_00672.jpg,-14.504127,-50.615284
sample_00673.jpg,-3.1715932,10.5247135
sample_00674.jpg,38.5666,19.064552
sample_00675.jpg,-16.291653,28.25494
sample_00676.jpg,-38.01039,-20.122402
sample_00677.jpg,-5.874875,-36.18987
sample_00678.jpg,45.087273,10.727934
sample_00679.jpg,-46.64737,12.113268
sample_00680.jpg,-56.923374,-23.613914
sample_00681.jpg,64.94218,-9.140283
sample_00682.jpg,-28.682802,-11.299682
sample_00683.jpg,-9.834017,10.787939
sample_00684.jpg,-36.249237,4.4412875
sample_00685.jpg,32.94082,18.821692
sample_00686.jpg,-21.69158,-49.331867
sample_00687.jpg,-35.874115,-0.3441263
sample_00688.jpg,10.832534,4.6228786
sample_00689.jpg,58.124138,6.0640416
sample_00690.jpg,14.226705,10.296075
sample_00691.jpg,41.238518,47.603508
sample_00692.jpg,70.76966,7.5808125
sample_00693.jpg,-6.9261103,43.053204
sample_00694.jpg,10.730012,24.208303
sample_00695.jpg,-7.366293,13.262661
sample_00696.jpg,8.252374,-2.7680387
sample_00697.jpg,-32.520775,14.7531395
sample_00698.jpg,18.006454,18.449205
sample_00699.jpg,-19.98206,13.01318
sample_00700.jpg,17.93136,29.391098
sample_00701.jpg,13.379101,35.44639
sample_00702.jpg,24.460592,26.828598
sample_00703.jpg,18.82342,-56.369617
sample_00704.jpg,9.583344,19.94059
sample_00705.jpg,-27.917065,-0.5346855
sample_00706.jpg,-36.500572,15.277512
sample_00707.jpg,33.395058,16.35277
sample_00708.jpg,30.384687,-11.214511
sample_00709.jpg,72.0111,-5.7232766
sample_00710.jpg,37.737625,18.405762
sample_00711.jpg,54.10541,1.7485741
sample_00712.jpg,-21.250238,-46.562355
sample_00713.jpg,19.04081,-21.493332
sample_00714.jpg,35.844505,16.008753
sample_00715.jpg,-53.960346,-27.38856
sample_00716.jpg,9.924659,-1.655426
sample_00717.jpg,-4.69627,33.824734
sample_00718.jpg,-26.103851,3.5697637
sample_00719.jpg,44.857582,7.7173214
sample_00720.jpg,-58.263462,-29.75738
sample_00721.jpg,-11.142836,-45.057938
sample_00722.jpg,-59.876137,-27.1682
sample_00723.jpg,-31.628637,23.777575
sample_00724.jpg,12.565373,1.25626
sample_00725.jpg,-35.411686,-12.556199
sample_00726.jpg,9.879885,17.218502
sample_00727.jpg,-8.8756895,-0.072059184
sample_00728.jpg,60.561844,3.3216963
sample_00729.jpg,37.229065,-4.4738016
sample_00730.jpg,-51.53872,-25.66171
sample_00731.jpg,-16.083323,42.229435
sample_00732.jpg,30.61894,-6.6480837
sample_00733.jpg,-19.90955,-51.5286
sample_00734.jpg,13.240346,-0.9337062
sample_00735.jpg,27.328556,12.171375
sample_00736.jpg,-69.365555,14.43645
sample_00737.jpg,17.718523,11.326403
sample_00738.jpg,24.753862,-42.15889
sample_00739.jpg,-6.5229607,-5.153877
sample_00740.jpg,-36.264996,18.472786
sample_00741.jpg,-7.52657,11.854315
sample_00742.jpg,48.542034,20.666605
sample_00743.jpg,-3.7564185,4.755738
sample_00744.jpg,68.064186,-12.516195
sample_00745.jpg,61.293484,-20.144829
sample_00746.jpg,-34.4374,-10.731134
sample_00747.jpg,9.824374,17.17084
sample_00748.jpg,14.982204,-60.726566
sample_00749.jpg,-32.06108,-3.7457182
sample_00750.jpg,32.2853,24.628387
sample_00751.jpg,11.904959,-60.20397
sample_00752.jpg,-59.83832,-6.726871
sample_00753.jpg,-56.354862,-27.526936
sample_00754.jpg,69.01237,-1.4495057
sample_00755.jpg,-70.48551,9.875304
sample_00756.jpg,4.446296,25.663486
sample_00757.jpg,-16.85089,28.017822
sample_00758.jpg,-37.69402,-13.184992
sample_00759.jpg,-5.460712,-35.641315
sample_00760.jpg,55.96212,5.2947397
sample_00761.jpg,2.6752062,-67.56765
sample_00762.jpg,14.090446,30.603535
sample_00763.jpg,32.243618,17.642473
sample_00764.jpg,4.7572384,16.980045
sample_00765.jpg,37.548767,-13.557303
sample_00766.jpg,-41.581024,-15.890994
sample_00767.jpg,57.06678,2.368296
sample_00768.jpg,40.050846,14.677688
sample_00769.jpg,1.736456,4.6561184
sample_00770.jpg,27.761078,9.554779
sample_00771.jpg,-68.346466,13.294467
sample_00772.jpg,-41.811897,-2.8467019
sample_00773.jpg,-23.753407,-9.554308
sample_00774.jpg,31.97556,0.33341455
sample_00775.jpg,-50.546864,47.187267
sample_00776.jpg,-8.562719,-17.46125
sample_00777.jpg,11.718131,25.33949
sample_00778.jpg,-38.735676,8.561446
sample_00779.jpg,48.951073,-13.842919
sample_00780.jpg,44.604843,22.549314
sample_00781.jpg,40.870373,-14.447257
sample_00782.jpg,54.188393,11.228819
sample_00783.jpg,-37.758114,-53.653076
sample_00784.jpg,45.268482,-14.98192
sample_00785.jpg,-23.859543,-22.750202
sample_00786.jpg,-28.562887,5.126667
sample_00787.jpg,-45.3182,-7.030727
sample_00788.jpg,17.793678,16.519426
sample_00789.jpg,2.6658254,8.067778
sample_00790.jpg,-24.292133,-8.267751
sample_00791.jpg,21.363335,48.028988
sample_00792.jpg,68.476654,-6.139599
sample_00793.jpg,22.497429,-9.201159
sample_00794.jpg,-52.447674,-4.271955
sample_00795.jpg,-52.89485,-20.743872
sample_00796.jpg,18.514193,20.287605
sample_00797.jpg,-11.760887,19.171522
sample_00798.jpg,-28.156914,9.689795
sample_00799.jpg,-45.489307,-1.7625388
sample_00800.jpg,30.660763,18.356531
sample_00801.jpg,-64.18468,18.95749
sample_00802.jpg,6.457129,4.4284973
sample_00803.jpg,-26.940367,14.05394
sample_00804.jpg,-53.078304,-6.3467765
sample_00805.jpg,-29.38756,11.086768
sample_00806.jpg,-24.226265,-15.547428
sample_00807.jpg,-36.079582,-1.4178956
sample_00808.jpg,-24.53459,-5.9614363
sample_00809.jpg,23.816328,35.911106
sample_00810.jpg,-18.65417,-1.5620034
sample_00811.jpg,-15.334093,9.866531
sample_00812.jpg,34.88523,15.798734
sample_00813.jpg,35.988976,45.354305
sample_00814.jpg,14.004149,-59.60101
sample_00815.jpg,-39.40778,50.502716
sample_00816.jpg,-27.026325,-53.156902
sample_00817.jpg,-15.933253,0.98784167
sample_00818.jpg,-37.294064,-54.848785
sample_00819.jpg,13.854609,46.508442
sample_00820.jpg,1.1477416,43.093403
sample_00821.jpg,-47.510395,3.8081076
sample_00822.jpg,-1.2200395,-65.76202
sample_00823.jpg,-41.77216,-2.5612044
sample_00824.jpg,-52.7206,-33.19235
sample_00825.jpg,42.114,-0.37607098
sample_00826.jpg,16.530708,-57.09774
sample_00827.jpg,-0.26355097,-11.597418
sample_00828.jpg,55.360485,-4.789375
sample_00829.jpg,42.525013,27.090988
sample_00830.jpg,23.993948,-48.409138
sample_00831.jpg,38.772297,6.9930644
sample_00832.jpg,8.536794,11.309894
sample_00833.jpg,-40.70396,-53.61945
sample_00834.jpg,-35.097427,50.653538
sample_00835.jpg,-29.938103,3.2125597
sample_00836.jpg,-14.15093,21.911232
sample_00837.jpg,-60.279236,-26.885777
sample_00838.jpg,-52.285805,-21.584913
sample_00839.jpg,-38.234005,15.835268
sample_00840.jpg,68.956856,-10.516169
sample_00841.jpg,-9.568054,46.488514
sample_00842.jpg,-29.289751,19.209412
sample_00843.jpg,30.384178,-41.30454
sample_00844.jpg,-15.0491,3.9135637
sample_00845.jpg,24.306347,16.345232
sample_00846.jpg,-2.8235223,44.02458
sample_00847.jpg,25.409586,20.850454
sample_00848.jpg,62.400307,4.7134705
sample_00849.jpg,32.889576,-41.708797
sample_00850.jpg,5.353411,-0.8160808
sample_00851.jpg,-10.203548,-0.28997034
sample_00852.jpg,24.72324,39.61947
sample_00853.jpg,49.000904,3.608744
sample_00854.jpg,-32.31736,-8.597245
sample_00855.jpg,-40.87661,-3.6936548
sample_00856.jpg,1.3038274,32.154003
sample_00857.jpg,-53.84397,-28.953869
sample_00858.jpg,16.918484,-54.078487
sample_00859.jpg,-43.399197,11.829432
sample_00860.jpg,-36.415825,50.65364
sample_00861.jpg,20.693657,42.65351
sample_00862.jpg,17.647139,44.25275
sample_00863.jpg,-2.0039754,-68.92952
sample_00864.jpg,-41.041725,-12.63896
sample_00865.jpg,-60.47315,-31.68849
sample_00866.jpg,28.867575,-24.10098
sample_00867.jpg,29.238588,4.1340914
sample_00868.jpg,14.583406,14.761168
sample_00869.jpg,-14.362864,10.933092
sample_00870.jpg,4.211445,5.618081
sample_00871.jpg,-34.916855,-51.77087
sample_00872.jpg,12.525098,33.698643
sample_00873.jpg,-3.075632,-35.193336
sample_00874.jpg,3.8710482,-7.7306404
sample_00875.jpg,-34.713543,12.650069
sample_00876.jpg,39.436024,46.31885
sample_00877.jpg,20.09507,4.0352044
sample_00878.jpg,6.327788,30.322697
sample_00879.jpg,5.189995,41.976295
sample_00880.jpg,-54.85626,-26.614948
sample_00881.jpg,-40.05591,-54.391388
sample_00882.jpg,51.4543,4.6922603
sample_00883.jpg,-21.444935,-9.038585
sample_00884.jpg,-29.403587,-10.483003
sample_00885.jpg,24.42735,-48.609642
sample_00886.jpg,42.640026,24.504627
sample_00887.jpg,10.950362,-21.475824
sample_00888.jpg,27.38998,5.3237686
sample_00889.jpg,-10.102862,-12.400199
sample_00890.jpg,-23.59373,-20.14906
sample_00891.jpg,-6.8291745,-37.368896
sample_00892.jpg,-7.068771,-40.666878
sample_00893.jpg,29.757092,-39.143547
sample_00894.jpg,0.15359077,24.106064
sample_00895.jpg,27.857851,4.3269634
sample_00896.jpg,54.57349,2.7081218
sample_00897.jpg,26.93342,19.514408
sample_00898.jpg,8.87379,-34.714893
sample_00899.jpg,12.005861,-60.264324
sample_00900.jpg,40.2986,45.69491
sample_00901.jpg,-35.744823,2.3829093
sample_00902.jpg,62.937637,16.698036
sample_00903.jpg,-37.719204,51.08753
sample_00904.jpg,-18.07934,14.311016
sample_00905.jpg,9.683045,-61.744377
sample_00906.jpg,24.978266,6.8431087
sample_00907.jpg,26.38264,27.444445
sample_00908.jpg,-61.970676,20.10012
sample_00909.jpg,11.283222,-10.681333
sample_00910.jpg,-27.209063,-56.351143
sample_00911.jpg,-41.85024,10.898058
sample_00912.jpg,11.190385,-10.07763
sample_00913.jpg,-71.952194,15.927169
sample_00914.jpg,45.80527,-0.64715195
sample_00915.jpg,60.56828,-8.262125
sample_00916.jpg,39.127735,-1.0209932
sample_00917.jpg,-71.952614,16.382282
sample_00918.jpg,40.216175,46.03051
sample_00919.jpg,-23.702568,42.552303
sample_00920.jpg,65.20119,-6.869095
sample_00921.jpg,44.708794,17.620848
sample_00922.jpg,-16.160025,-53.16859
sample_00923.jpg,-3.027194,-14.7716255
sample_00924.jpg,24.86192,22.167513
sample_00925.jpg,20.689238,41.440273
sample_00926.jpg,-33.889843,-7.3386784
sample_00927.jpg,-19.122738,-3.9101253
sample_00928.jpg,7.9677324,-65.37257
sample_00929.jpg,35.32717,13.624885
sample_00930.jpg,66.1064,-9.07635
sample_00931.jpg,-0.7494616,26.866684
sample_00932.jpg,10.874308,29.876911
sample_00933.jpg,-25.830153,14.072792
sample_00934.jpg,16.77154,24.230108
sample_00935.jpg,50.280914,-14.478084
sample_00936.jpg,44.935295,-11.8372555
sample_00937.jpg,-41.173237,-10.518952
sample_00938.jpg,-21.721033,13.842188
sample_00939.jpg,24.72304,11.431816
sample_00940.jpg,-52.411884,-13.574705
sample_00941.jpg,-32.5172,-57.507008
sample_00942.jpg,51.021214,-10.12298
sample_00943.jpg,-60.497063,-28.81996
sample_00944.jpg,16.137226,-6.1005683
sample_00945.jpg,53.857697,14.626523
sample_00946.jpg,33.662052,-9.877867
sample_00947.jpg,15.286932,-21.727879
sample_00948.jpg,-25.982944,18.183548
sample_00949.jpg,-6.5643735,26.557108
sample_00950.jpg,-31.815811,-56.180183
sample_00951.jpg,12.938792,17.792402
sample_00952.jpg,22.34305,35.129295
sample_00953.jpg,-17.893513,6.804295
sample_00954.jpg,-14.43348,38.75494
sample_00955.jpg,45.156902,-26.143019
sample_00956.jpg,-35.679176,-57.4938
sample_00957.jpg,48.123993,-3.2241907
sample_00958.jpg,22.561993,-47.31968
sample_00959.jpg,4.9836845,8.317996
sample_00960.jpg,-29.354744,28.906826
sample_00961.jpg,-17.564493,-16.114666
sample_00962.jpg,-29.268099,8.738343
sample_00963.jpg,-51.210552,-20.193855
sample_00964.jpg,-10.374736,14.438155
sample_00965.jpg,-57.113342,-9.124826
sample_00966.jpg,-32.426723,-59.20236
sample_00967.jpg,-10.0938635,27.501905
sample_00968.jpg,41.257454,16.055445
sample_00969.jpg,9.57519,27.912996
sample_00970.jpg,-1.9404925,-69.88576
sample_00971.jpg,17.355587,46.483543
sample_00972.jpg,2.9489977,34.001266
sample_00973.jpg,1.4368211,6.177682
sample_00974.jpg,-7.954318,-39.82827
sample_00975.jpg,-50.69342,48.593876
sample_00976.jpg,-21.259945,32.659466
sample_00977.jpg,42.228912,11.290486
sample_00978.jpg,-1.7401975,24.235636
sample_00979.jpg,15.899555,18.311888
sample_00980.jpg,-45.34386,-0.5671271
sample_00981.jpg,0.61826,29.756155
sample_00982.jpg,1.032641,34.977497
sample_00983.jpg,-44.743465,-53.580036
sample_00984.jpg,8.492506,-69.155045
sample_00985.jpg,30.856333,-43.389275
sample_00986.jpg,8.4382715,-30.894476
sample_00987.jpg,13.84852,-24.50094
sample_00988.jpg,-14.855732,42.517662
sample_00989.jpg,-52.985493,-31.09293
sample_00990.jpg,7.700648,-70.07462
sample_00991.jpg,-45.4689,-11.937293
sample_00992.jpg,-45.726067,48.85632
sample_00993.jpg,24.755241,-44.834183
sample_00994.jpg,-7.122191,52.30426
sample_00995.jpg,-4.050093,27.701368
sample_00996.jpg,23.983025,-47.35226
sample_00997.jpg,30.664192,21.876982
sample_00998.jpg,17.150467,29.467745
sample_00999.jpg,28.39169,29.100248
sample_01000.jpg,1.9522516,21.798935
sample_01001.jpg,7.608685,-66.49447
sample_01002.jpg,38.69014,-13.264791
sample_01003.jpg,-58.948856,-4.5400877
sample_01004.jpg,57.176174,-6.458008
sample_01005.jpg,55.48147,12.594495
sample_01006.jpg,-48.371944,49.464855
sample_01007.jpg,-41.391907,-55.84337
sample_01008.jpg,-2.6307855,-72.95818
sample_01009.jpg,-9.223831,46.71331
sample_01010.jpg,-4.160932,25.665325
sample_01011.jpg,-20.355892,20.832796
sample_01012.jpg,-5.674486,-37.897743
sample_01013.jpg,-18.952942,21.406513
sample_01014.jpg,-10.728182,39.582703
sample_01015.jpg,14.6675625,-61.492992
sample_01016.jpg,-27.302181,-1.0529852
sample_01017.jpg,-36.057583,-9.601326
sample_01018.jpg,-34.228004,10.727394
sample_01019.jpg,-39.6148,-10.591228
sample_01020.jpg,-21.370636,15.012245
sample_01021.jpg,21.024185,37.500065
sample_01022.jpg,63.677593,4.886871
sample_01023.jpg,41.285725,11.635837
sample_01024.jpg,-32.706837,-14.089779
sample_01025.jpg,30.381155,-4.613565
sample_01026.jpg,-45.204796,49.56624
sample_01027.jpg,0.08250029,21.366201
sample_01028.jpg,2.937566,-66.99795
sample_01029.jpg,5.8024254,-65.06823
sample_01030.jpg,-55.221687,-13.882881
sample_01031.jpg,-7.413647,8.5189295
sample_01032.jpg,27.639242,43.792084
sample_01033.jpg,11.728811,-18.796608
sample_01034.jpg,46.413742,30.299864
sample_01035.jpg,-31.315727,-2.2002854
sample_01036.jpg,39.293247,4.739304
sample_01037.jpg,-33.962395,3.0855184
sample_01038.jpg,46.026062,29.55856
sample_01039.jpg,14.957859,1.2543947
sample_01040.jpg,32.881435,31.947746
sample_01041.jpg,-35.432564,-1.8458619
sample_01042.jpg,-23.621735,42.844833
sample_01043.jpg,-64.925644,17.006214
sample_01044.jpg,-63.835316,19.350801
sample_01045.jpg,24.291931,-53.329918
sample_01046.jpg,-19.67993,-48.269257
sample_01047.jpg,-20.91533,-18.775436
sample_01048.jpg,-28.61847,-56.86332
sample_01049.jpg,-0.80920607,14.08817
sample_01050.jpg,-10.6796875,8.719484
sample_01051.jpg,23.696507,38.0967
sample_01052.jpg,-33.99054,51.000927
sample_01053.jpg,56.912827,-4.1128273
sample_01054.jpg,26.606976,18.492086
sample_01055.jpg,-10.537562,19.791798
sample_01056.jpg,-16.146847,-49.115364
sample_01057.jpg,-33.71384,10.15666
sample_01058.jpg,0.86080396,12.704134
sample_01059.jpg,21.375431,-54.40797
sample_01060.jpg,47.979656,6.2651234
sample_01061.jpg,-4.3367324,14.563323
sample_01062.jpg,-24.895584,-10.892487
sample_01063.jpg,32.8241,13.8141575
sample_01064.jpg,17.234491,3.6320632
sample_01065.jpg,4.63934,22.215431
sample_01066.jpg,17.715725,12.791495
sample_01067.jpg,-7.128209,23.71939
sample_01068.jpg,69.29827,-4.2363267
sample_01069.jpg,-40.412563,-16.429174
sample_01070.jpg,24.187853,41.20843
sample_01071.jpg,28.731094,21.608028
sample_01072.jpg,5.0750804,-65.616165
sample_01073.jpg,-31.720314,19.882599
sample_01074.jpg,-9.437511,-41.262
sample_01075.jpg,-6.7859693,-43.3748
sample_01076.jpg,16.807646,-60.72939
sample_01077.jpg,-31.554585,-58.924034
sample_01078.jpg,-24.411861,-51.7251
sample_01079.jpg,-39.60924,18.811571
sample_01080.jpg,-1.3811901,28.263271
sample_01081.jpg,-36.525513,-4.0060015
sample_01082.jpg,5.0959034,26.467306
sample_01083.jpg,3.5476842,-67.29734
sample_01084.jpg,-39.829906,2.8099556
sample_01085.jpg,-20.078112,-2.591262
sample_01086.jpg,-44.991108,49.936386
sample_01087.jpg,-12.24755,14.688834
sample_01088.jpg,5.026914,-68.73143
sample_01089.jpg,-58.06764,-17.31161
sample_01090.jpg,56.8704,-7.382093
sample_01091.jpg,44.316822,16.623253
sample_01092.jpg,-4.1139708,25.645992
sample_01093.jpg,-38.473473,-58.199036
sample_01094.jpg,-23.592358,43.051224
sample_01095.jpg,2.4320104,4.695372
sample_01096.jpg,8.499289,-6.8521566
sample_01097.jpg,0.44190168,11.045779
sample_01098.jpg,-50.751534,-20.907974
sample_01099.jpg,-21.695618,-5.2124505
sample_01100.jpg,-63.157024,20.490343
sample_01101.jpg,11.513844,-61.56306
sample_01102.jpg,-35.812553,-17.084604
sample_01103.jpg,41.444233,10.377654
sample_01104.jpg,38.103054,34.537716
sample_01105.jpg,41.495644,44.46927
sample_01106.jpg,-17.168827,-29.368587
sample_01107.jpg,39.848038,8.685232
sample_01108.jpg,17.727503,20.396555
sample_01109.jpg,-13.343563,14.324784
sample_01110.jpg,-3.8608518,15.804617
sample_01111.jpg,-2.0413315,-42.286346
sample_01112.jpg,46.63207,16.275812
sample_01113.jpg,-27.55401,10.064275
sample_01114.jpg,-10.543926,-44.686985
sample_01115.jpg,-9.763722,16.680798
sample_01116.jpg,23.68028,-4.0398393
sample_01117.jpg,37.637875,-0.8052401
sample_01118.jpg,-10.066106,46.627113
sample_01119.jpg,-8.044252,3.4026616
sample_01120.jpg,20.810007,6.01243
sample_01121.jpg,8.089157,-65.01889
sample_01122.jpg,9.9918785,18.655865
sample_01123.jpg,0.9215893,1.5155624
sample_01124.jpg,49.228386,-13.547296
sample_01125.jpg,51.39534,-0.20498805
sample_01126.jpg,-40.958363,49.898125
sample_01127.jpg,-8.851488,23.12993
sample_01128.jpg,18.264114,40.458485
sample_01129.jpg,-12.534742,28.907877
sample_01130.jpg,33.574757,16.30921
sample_01131.jpg,29.430779,15.056219
sample_01132.jpg,-29.498604,17.776169
sample_01133.jpg,-31.734365,0.74351305
sample_01134.jpg,43.707127,18.661243
sample_01135.jpg,-32.53839,14.622047
sample_01136.jpg,-16.182306,-53.91424
sample_01137.jpg,-57.608845,-17.434023
sample_01138.jpg,-37.259037,10.751042
sample_01139.jpg,-54.36918,-31.68161
sample_01140.jpg,14.105175,7.158536
sample_01141.jpg,-3.7679825,12.347635
sample_01142.jpg,14.823215,42.13787
sample_01143.jpg,-37.38418,-4.4591603
sample_01144.jpg,-32.32851,-13.158411
sample_01145.jpg,38.00301,37.776775
sample_01146.jpg,44.00426,20.747524
sample_01147.jpg,1.3155259,43.35373
sample_01148.jpg,-43.32976,1.8313396
sample_01149.jpg,-0.42684305,24.315329
sample_01150.jpg,-49.512215,46.381306
sample_01151.jpg,-58.290745,-22.583933
sample_01152.jpg,31.275805,39.53483
sample_01153.jpg,-67.85625,18.508333
sample_01154.jpg,18.095074,22.435862
sample_01155.jpg,-57.020763,-9.164776
sample_01156.jpg,2.6678782,-68.524574
sample_01157.jpg,-21.689247,-56.365204
sample_01158.jpg,22.368439,27.133081
sample_01159.jpg,-6.5375648,25.090279
sample_01160.jpg,-8.751876,12.335782
sample_01161.jpg,-8.324211,-42.860615
sample_01162.jpg,29.201385,-7.0239596
sample_01163.jpg,11.584933,2.8623683
sample_01164.jpg,-15.903224,-46.01104
sample_01165.jpg,5.923129,13.962249
sample_01166.jpg,-1.9720831,44.03239
sample_01167.jpg,-3.5365357,11.407101
sample_01168.jpg,28.971218,6.053973
sample_01169.jpg,-32.526466,-5.3897676
sample_01170.jpg,57.38669,2.042841
sample_01171.jpg,-8.626002,25.398417
sample_01172.jpg,-42.85332,4.844124
sample_01173.jpg,15.442514,42.435223
sample_01174.jpg,-35.234207,-5.581039
sample_01175.jpg,-4.0869966,-71.61927
sample_01176.jpg,45.504696,30.574663
sample_01177.jpg,16.863705,10.06747
sample_01178.jpg,-52.440647,-9.665257
sample_01179.jpg,-41.36914,1.1527133
sample_01180.jpg,-37.466385,-12.236131
sample_01181.jpg,-2.2655995,44.047264
sample_01182.jpg,68.77257,-12.620139
sample_01183.jpg,60.614296,3.2354388
sample_01184.jpg,14.013539,20.120462
sample_01185.jpg,-20.614697,8.553281
sample_01186.jpg,22.591272,26.881344
sample_01187.jpg,-39.7836,11.870109
sample_01188.jpg,-2.455408,-71.40574
sample_01189.jpg,-25.845459,-55.674606
sample_01190.jpg,1.010278,34.81311
sample_01191.jpg,-42.453495,16.524193
sample_01192.jpg,0.33038193,-9.916188
sample_01193.jpg,22.573427,15.813508
sample_01194.jpg,-12.5714035,-47.508114
sample_01195.jpg,15.508893,-1.7324493
sample_01196.jpg,-67.19099,16.158516
sample_01197.jpg,58.39952,0.082829334
sample_01198.jpg,-8.653709,41.13027
sample_01199.jpg,12.17209,34.0368
sample_01200.jpg,3.5039258,-3.5877764
sample_01201.jpg,12.0468855,-20.048946
sample_01202.jpg,-9.572862,-10.281784
sample_01203.jpg,-25.670074,-6.568034
sample_01204.jpg,-27.011015,-56.33001
sample_01205.jpg,-15.465903,-52.921776
sample_01206.jpg,41.25647,20.135277
sample_01207.jpg,2.6336794,14.071419
sample_01208.jpg,3.175037,19.95231
sample_01209.jpg,13.592092,26.001184
sample_01210.jpg,14.592173,17.616278
sample_01211.jpg,31.220245,-8.359736
sample_01212.jpg,-5.146619,8.414825
sample_01213.jpg,-33.89322,-4.067706
sample_01214.jpg,-2.6155853,17.001144
sample_01215.jpg,42.090347,-8.403103
sample_01216.jpg,-2.466698,-42.291145
sample_01217.jpg,58.598495,2.7468057
sample_01218.jpg,-37.90312,3.7739644
sample_01219.jpg,-1.1864319,22.371107
sample_01220.jpg,35.68733,35.042324
sample_01221.jpg,-32.865463,-56.600338
sample_01222.jpg,65.14426,2.3507905
sample_01223.jpg,-4.0525274,-9.611411
sample_01224.jpg,41.47811,3.81835
sample_01225.jpg,-59.560047,-16.4562
sample_01226.jpg,-46.112415,-25.02085
sample_01227.jpg,1.1777025,-7.0408573
sample_01228.jpg,38.49825,21.306974
sample_01229.jpg,-8.759604,17.891508
sample_01230.jpg,24.011305,37.905502
sample_01231.jpg,-9.420679,48.824814
sample_01232.jpg,-52.097206,-12.025556
sample_01233.jpg,56.777393,-10.662525
sample_01234.jpg,-25.867083,1.8093672
sample_01235.jpg,-24.96886,-52.048782
sample_01236.jpg,-3.2011933,-71.6249
sample_01237.jpg,18.909983,4.922805
sample_01238.jpg,-30.388044,-19.266632
sample_01239.jpg,-27.160614,-10.966746
sample_01240.jpg,61.118073,-7.5460954
sample_01241.jpg,-27.098885,16.685457
sample_01242.jpg,-29.847143,32.788635
sample_01243.jpg,16.297356,36.295185
sample_01244.jpg,-30.817066,-5.6038694
sample_01245.jpg,42.41207,49.286938
sample_01246.jpg,-32.873684,11.311842
sample_01247.jpg,33.581917,35.316414
sample_01248.jpg,-41.357708,-53.223267
sample_01249.jpg,-29.013401,2.0165217
sample_01250.jpg,-4.933198,-13.587466
sample_01251.jpg,-14.786386,47.12195
sample_01252.jpg,-9.431468,-2.1851513
sample_01253.jpg,-46.64719,-23.62034
sample_01254.jpg,36.313572,-14.681144
sample_01255.jpg,2.2881577,-7.8126073
sample_01256.jpg,-34.411587,-27.350426
sample_01257.jpg,-24.70501,-19.092554
sample_01258.jpg,-51.10496,47.446285
sample_01259.jpg,-27.454782,5.713602
sample_01260.jpg,49.388107,-5.608058
sample_01261.jpg,-30.59157,-1.4392508
sample_01262.jpg,13.129466,24.153551
sample_01263.jpg,17.520344,15.069163
sample_01264.jpg,-1.1825832,-68.66052
sample_01265.jpg,10.099417,-9.004158
sample_01266.jpg,5.279998,22.278076
sample_01267.jpg,12.344057,-62.900238
sample_01268.jpg,-2.4524584,-14.483243
sample_01269.jpg,-10.212752,-41.573814
sample_01270.jpg,-50.727364,-25.304874
sample_01271.jpg,-3.8478472,-35.620865
sample_01272.jpg,-52.233868,46.85936
sample_01273.jpg,-40.66329,-2.3507717
sample_01274.jpg,-29.598537,4.3810077
sample_01275.jpg,26.998602,-8.346698
sample_01276.jpg,3.1917465,-68.85639
sample_01277.jpg,-27.355614,-58.25565
sample_01278.jpg,40.963314,-6.3400116
sample_01279.jpg,18.771051,24.49945
sample_01280.jpg,-6.566437,10.820583
sample_01281.jpg,47.623444,0.57715714
sample_01282.jpg,-3.2132654,3.7746656
sample_01283.jpg,15.0776005,42.56586
sample_01284.jpg,34.57754,13.34265
sample_01285.jpg,51.127186,-17.675747
sample_01286.jpg,-52.554203,-21.147728
sample_01287.jpg,-42.591713,-11.498321
sample_01288.jpg,-12.130399,49.398342
sample_01289.jpg,-66.6883,17.638258
sample_01290.jpg,-54.071995,-30.280748
sample_01291.jpg,23.500942,31.912666
sample_01292.jpg,-54.654903,-5.9511113
sample_01293.jpg,-15.805926,2.7367802
sample_01294.jpg,40.942787,-12.321844
sample_01295.jpg,-44.207016,-10.420626
sample_01296.jpg,-54.385735,-24.870737
sample_01297.jpg,-7.7990513,27.086216
sample_01298.jpg,-39.23902,50.871853
sample_01299.jpg,0.7967053,43.357224
sample_01300.jpg,-15.093076,16.963375
sample_01301.jpg,9.554449,-66.90116
sample_01302.jpg,-5.152122,-13.553011
sample_01303.jpg,-50.149082,1.3560976
sample_01304.jpg,44.08126,-3.4235961
sample_01305.jpg,12.28268,-63.928394
sample_01306.jpg,32.718475,-8.064054
sample_01307.jpg,-8.722036,54.333733
sample_01308.jpg,-29.43889,10.222324
sample_01309.jpg,-16.075277,12.29994
sample_01310.jpg,47.424515,7.005672
sample_01311.jpg,-23.235764,0.23136912
sample_01312.jpg,43.87206,19.556034
sample_01313.jpg,62.181152,3.0612335
sample_01314.jpg,-51.73628,-20.882566
sample_01315.jpg,25.160744,-52.76348
sample_01316.jpg,-2.824008,9.680598
sample_01317.jpg,45.653553,10.640216
sample_01318.jpg,-4.8412886,21.480412
sample_01319.jpg,36.02943,50.005653
sample_01320.jpg,-10.3217535,1.820453
sample_01321.jpg,-17.904663,17.937511
sample_01322.jpg,-7.0666466,-12.475483
sample_01323.jpg,-36.182865,-17.01578
sample_01324.jpg,31.741482,20.666645
sample_01325.jpg,-5.165149,4.76923
sample_01326.jpg,38.769398,15.050902
sample_01327.jpg,-24.145773,-56.324398
sample_01328.jpg,-2.3341866,22.759573
sample_01329.jpg,-46.409187,-21.433218
sample_01330.jpg,-20.148659,-54.265816
sample_01331.jpg,23.936817,-48.42627
sample_01332.jpg,60.639347,-2.9725099
sample_01333.jpg,13.703765,40.358833
sample_01334.jpg,38.873215,-5.8411794
sample_01335.jpg,-14.955689,35.829475
sample_01336.jpg,20.49874,-60.62676
sample_01337.jpg,51.828472,6.020485
sample_01338.jpg,25.066761,33.977932
sample_01339.jpg,1.6150581,32.61866
sample_01340.jpg,5.8122516,34.89152
sample_01341.jpg,9.713398,14.374064
sample_01342.jpg,-9.449131,23.85333
sample_01343.jpg,-3.4002051,3.799609
sample_01344.jpg,18.666788,22.214214
sample_01345.jpg,29.085188,29.744783
sample_01346.jpg,49.608105,-18.492258
sample_01347.jpg,-5.6537156,-39.07701
sample_01348.jpg,-36.685486,5.5977855
sample_01349.jpg,-29.73903,21.100039
sample_01350.jpg,50.815323,11.526815
sample_01351.jpg,-33.671154,7.258816
sample_01352.jpg,-32.90261,-0.052501917
sample_01353.jpg,70.214325,-6.9730587
sample_01354.jpg,-24.726688,-22.504416
sample_01355.jpg,-4.836462,21.453304
sample_01356.jpg,-8.780043,-43.6896
sample_01357.jpg,-52.891987,-11.347448
sample_01358.jpg,40.505886,1.9396225
sample_01359.jpg,-50.818474,-23.610588
sample_01360.jpg,-25.300953,-18.648924
sample_01361.jpg,-8.008422,7.9781084
sample_01362.jpg,40.385227,-10.039907
sample_01363.jpg,7.5595937,21.011738
sample_01364.jpg,23.358238,25.626623
sample_01365.jpg,13.114156,33.9623
sample_01366.jpg,-16.645317,-1.8514775
sample_01367.jpg,11.242488,-67.62998
sample_01368.jpg,31.442017,-27.018232
sample_01369.jpg,-13.928006,16.868557
sample_01370.jpg,40.397873,-7.674026
sample_01371.jpg,-52.997852,-10.69011
sample_01372.jpg,33.18423,42.88941
sample_01373.jpg,0.14326198,-2.4857388
sample_01374.jpg,2.4518733,19.244246
sample_01375.jpg,44.508003,-8.10503
sample_01376.jpg,-49.71975,-14.086848
sample_01377.jpg,-28.962847,6.0522604
sample_01378.jpg,0.53369266,-70.279785
sample_01379.jpg,-25.5441,2.910472
sample_01380.jpg,-20.630136,-58.23569
sample_01381.jpg,20.229445,31.565598
sample_01382.jpg,44.626175,13.1819
sample_01383.jpg,-26.345325,9.022814
sample_01384.jpg,-7.040476,44.209362
sample_01385.jpg,-61.465816,19.605896
sample_01386.jpg,19.086138,26.168236
sample_01387.jpg,-23.774525,18.004797
sample_01388.jpg,-61.506443,-14.947611
sample_01389.jpg,-15.690027,7.301734
sample_01390.jpg,2.374413,-66.900734
sample_01391.jpg,-23.941973,-2.852522
sample_01392.jpg,-15.1134815,-49.2012
sample_01393.jpg,9.019281,21.566416
sample_01394.jpg,34.89761,6.1404824
sample_01395.jpg,-2.0886486,-72.359634
sample_01396.jpg,31.624743,37.35381
sample_01397.jpg,-50.038834,49.0713
sample_01398.jpg,6.53341,4.0809965
sample_01399.jpg,65.10594,-5.40482
sample_01400.jpg,26.824127,-10.267014
sample_01401.jpg,60.66144,-13.615613
sample_01402.jpg,22.2071,-49.70667
sample_01403.jpg,-17.518484,24.295176
sample_01404.jpg,2.4620876,-68.02285
sample_01405.jpg,-27.685894,-56.324486
sample_01406.jpg,46.39391,7.183456
sample_01407.jpg,-46.830475,1.463844
sample_01408.jpg,6.422196,30.868242
sample_01409.jpg,-23.905592,-18.104868
sample_01410.jpg,-32.956615,1.8668202
sample_01411.jpg,44.421535,16.587181
sample_01412.jpg,-0.35100693,-72.38598
sample_01413.jpg,23.25083,23.952398
sample_01414.jpg,-50.23614,-17.445799
sample_01415.jpg,9.150183,-3.243428
sample_01416.jpg,16.036123,-26.007622
sample_01417.jpg,-3.5548453,41.835426
sample_01418.jpg,-18.109434,-8.178504
sample_01419.jpg,16.336752,-24.40216
sample_01420.jpg,-40.200558,5.126215
sample_01421.jpg,36.865303,16.051573
sample_01422.jpg,10.271486,14.067762
sample_01423.jpg,-9.989375,31.480787
sample_01424.jpg,-26.268507,-4.8112726
sample_01425.jpg,-9.021777,21.231205
sample_01426.jpg,54.774918,-2.2229395
sample_01427.jpg,-36.88504,18.584923
sample_01428.jpg,22.301867,-53.77386
sample_01429.jpg,21.583271,21.740564
sample_01430.jpg,6.3430367,19.895325
sample_01431.jpg,-10.363395,9.846059
sample_01432.jpg,-56.755592,-31.090553
sample_01433.jpg,-10.365459,22.401762
sample_01434.jpg,16.108414,11.303648
sample_01435.jpg,-38.29318,4.9443836
sample_01436.jpg,-72.14319,14.482285
sample_01437.jpg,-15.721624,3.991063
sample_01438.jpg,24.20504,-48.195274
sample_01439.jpg,10.007645,23.2284
sample_01440.jpg,40.98884,16.776814
sample_01441.jpg,24.893225,13.427289
sample_01442.jpg,49.297752,-11.414832
sample_01443.jpg,-24.826359,-6.616694
sample_01444.jpg,-36.986603,-13.551616
sample_01445.jpg,15.124309,9.420661
sample_01446.jpg,2.498499,11.404133
sample_01447.jpg,10.198523,19.555822
sample_01448.jpg,-22.719416,14.638044
sample_01449.jpg,-6.501703,46.803207
sample_01450.jpg,-67.72447,15.975469
sample_01451.jpg,2.4990544,47.28137
sample_01452.jpg,70.5828,5.71186
sample_01453.jpg,43.00285,-0.36901638
sample_01454.jpg,-37.69632,7.7868705
sample_01455.jpg,42.001297,47.210194
sample_01456.jpg,-35.8276,-52.98394
sample_01457.jpg,29.102253,30.508646
sample_01458.jpg,-6.2390094,-40.224396
sample_01459.jpg,0.07560978,32.73677
sample_01460.jpg,-26.681955,0.50734854
sample_01461.jpg,-23.535055,-5.104527
sample_01462.jpg,29.962584,17.910961
sample_01463.jpg,26.582073,6.8754935
sample_01464.jpg,-62.120014,19.96722
sample_01465.jpg,35.24176,15.689875
sample_01466.jpg,26.25484,13.468436
sample_01467.jpg,70.8052,8.081298
sample_01468.jpg,32.73587,19.156273
sample_01469.jpg,30.100098,15.33921
sample_01470.jpg,66.89258,-7.735096
sample_01471.jpg,65.05655,0.47484955
sample_01472.jpg,21.567678,-57.768566
sample_01473.jpg,-52.285812,-12.545031
sample_01474.jpg,19.77438,-50.026543
sample_01475.jpg,-36.073353,50.45968
sample_01476.jpg,37.351593,-12.014991
sample_01477.jpg,-6.7627397,40.053226
sample_01478.jpg,-28.265526,-57.70686
sample_01479.jpg,42.67574,9.33568
sample_01480.jpg,26.912725,-10.446162
sample_01481.jpg,-49.92226,3.922064
sample_01482.jpg,63.080357,-10.289195
sample_01483.jpg,-31.469452,33.99982
sample_01484.jpg,-21.82121,-7.471975
sample_01485.jpg,-3.2531886,-16.28196
sample_01486.jpg,12.93646,14.063191
sample_01487.jpg,-32.282722,16.555126
sample_01488.jpg,61.04179,-2.0442014
sample_01489.jpg,-45.384552,-2.0496686
sample_01490.jpg,62.93373,-17.242102
sample_01491.jpg,2.38196,24.37959
sample_01492.jpg,62.629623,12.810555
sample_01493.jpg,-43.17187,14.460142
sample_01494.jpg,24.41436,-3.1399853
sample_01495.jpg,-2.9947145,46.21916
sample_01496.jpg,17.411934,36.50979
sample_01497.jpg,-16.920992,20.44139
sample_01498.jpg,-16.904112,1.064724
sample_01499.jpg,6.593975,7.7920833
sample_01500.jpg,49.192764,18.196243
sample_01501.jpg,38.857502,-25.702456
sample_01502.jpg,3.5130262,-3.7551823
sample_01503.jpg,-16.79512,27.891497
sample_01504.jpg,35.501522,5.3955126
sample_01505.jpg,32.21821,-26.458529
sample_01506.jpg,1.1366829,11.554924
sample_01507.jpg,-50.565987,-0.19886324
sample_01508.jpg,-64.75137,-22.055082
sample_01509.jpg,-35.54707,-2.4831674
sample_01510.jpg,3.5231025,19.02856
sample_01511.jpg,7.573397,-66.72991
sample_01512.jpg,-11.823682,-41.517826
sample_01513.jpg,37.158882,12.19814
sample_01514.jpg,57.82902,-5.507078
sample_01515.jpg,6.9152856,17.641539
sample_01516.jpg,-25.220636,-17.310465
sample_01517.jpg,6.2577515,40.00275
sample_01518.jpg,61.962696,8.671471
sample_01519.jpg,-23.49585,-56.356964
sample_01520.jpg,27.196054,24.987675
sample_01521.jpg,51.940536,-12.125845
sample_01522.jpg,57.23567,8.213038
sample_01523.jpg,-32.145985,-0.10499296
sample_01524.jpg,17.481245,19.396866
sample_01525.jpg,-20.54554,13.89451
sample_01526.jpg,-13.653748,20.553614
sample_01527.jpg,-7.7320933,10.518454
sample_01528.jpg,0.67451346,14.58009
sample_01529.jpg,19.673695,-58.94001
sample_01530.jpg,11.5827875,-16.602415
sample_01531.jpg,-12.967512,31.09744
sample_01532.jpg,15.350547,-5.107916
sample_01533.jpg,-40.755978,-16.861706
sample_01534.jpg,25.620909,17.238415
sample_01535.jpg,-0.5996456,22.388313
sample_01536.jpg,-60.682674,-24.23674
sample_01537.jpg,-52.757717,-19.925514
sample_01538.jpg,50.50965,-16.693336
sample_01539.jpg,31.83993,19.753664
sample_01540.jpg,10.6840925,11.402224
sample_01541.jpg,-6.259706,12.185797
sample_01542.jpg,6.736358,4.01708
sample_01543.jpg,-20.988964,-55.225746
sample_01544.jpg,3.7320614,-11.03366
sample_01545.jpg,-42.52135,-53.57692
sample_01546.jpg,56.256073,3.2826655
sample_01547.jpg,26.687813,-8.492208
sample_01548.jpg,-41.091576,-53.28098
sample_01549.jpg,-16.649815,45.00456
sample_01550.jpg,69.99113,-4.332802
sample_01551.jpg,60.72639,-5.103975
sample_01552.jpg,40.093822,10.483422
sample_01553.jpg,62.07722,-11.176082
sample_01554.jpg,2.3048623,-67.53043
sample_01555.jpg,29.83205,4.270185
sample_01556.jpg,8.677872,12.984446
sample_01557.jpg,-11.467923,14.642405
sample_01558.jpg,28.107832,-44.716747
sample_01559.jpg,-21.907923,-51.68905
sample_01560.jpg,-43.31275,-12.521334
sample_01561.jpg,21.089422,25.032541
sample_01562.jpg,-55.316025,-21.415617
sample_01563.jpg,-46.491665,47.777016
sample_01564.jpg,19.163506,18.920933
sample_01565.jpg,21.882574,11.265443
sample_01566.jpg,-15.278511,-9.530134
sample_01567.jpg,32.08139,27.714527
sample_01568.jpg,-39.328392,-14.479741
sample_01569.jpg,23.476866,34.289448
sample_01570.jpg,-9.717598,36.98424
sample_01571.jpg,0.028165773,12.166214
sample_01572.jpg,12.547075,21.380062
sample_01573.jpg,-0.13518298,-3.0259812
sample_01574.jpg,17.574385,-53.129818
sample_01575.jpg,-53.046978,-31.766186
sample_01576.jpg,2.3693275,23.124289
sample_01577.jpg,-11.294054,33.19676
sample_01578.jpg,41.85843,48.390423
sample_01579.jpg,-31.373915,-56.87317
sample_01580.jpg,-27.100006,22.358124
sample_01581.jpg,12.832006,27.35606
sample_01582.jpg,-17.549942,5.7655478
sample_01583.jpg,41.286396,-11.28109
sample_01584.jpg,10.144675,-64.432755
sample_01585.jpg,-10.564135,25.331993
sample_01586.jpg,-16.907206,-50.330845
sample_01587.jpg,-8.089864,-41.80353
sample_01588.jpg,9.92033,-19.949175
sample_01589.jpg,44.835186,17.25395
sample_01590.jpg,-60.693096,19.2046
sample_01591.jpg,-50.31938,-12.983745
sample_01592.jpg,4.760625,37.28731
sample_01593.jpg,-24.242203,-19.800419
sample_01594.jpg,-8.4853,-7.9034133
sample_01595.jpg,41.190964,23.76436
sample_01596.jpg,-13.420151,-11.57896
sample_01597.jpg,2.0433598,13.410867
sample_01598.jpg,24.046774,-5.7248197
sample_01599.jpg,10.881962,51.043613
sample_01600.jpg,-11.974182,-41.2852
sample_01601.jpg,58.13021,-3.164913
sample_01602.jpg,-0.76030874,-0.40207186
sample_01603.jpg,68.14782,-12.717613
sample_01604.jpg,-58.61158,21.006277
sample_01605.jpg,-25.928823,-54.72522
sample_01606.jpg,21.701319,17.306288
sample_01607.jpg,22.61267,26.486265
sample_01608.jpg,-0.004266997,-10.163496
sample_01609.jpg,46.69542,6.4395485
sample_01610.jpg,48.849056,19.290133
sample_01611.jpg,-18.08354,-54.387566
sample_01612.jpg,27.331476,-2.7424664
sample_01613.jpg,-49.517086,-5.3963227
sample_01614.jpg,-61.99214,-12.397403
sample_01615.jpg,33.08561,20.707954
sample_01616.jpg,9.531133,15.902122
sample_01617.jpg,22.633211,17.620792
sample_01618.jpg,66.1615,-6.013367
sample_01619.jpg,42.094204,-3.3457508
sample_01620.jpg,-16.481403,20.691528
sample_01621.jpg,39.06574,47.29557
sample_01622.jpg,8.2197275,19.512165
sample_01623.jpg,-14.739733,7.990677
sample_01624.jpg,-16.775227,-5.806511
sample_01625.jpg,32.794098,13.442568
sample_01626.jpg,-16.04049,-50.716465
sample_01627.jpg,71.78869,7.034433
sample_01628.jpg,-19.134031,14.113868
sample_01629.jpg,52.395725,6.0371294
sample_01630.jpg,18.03793,4.3758497
sample_01631.jpg,32.891502,39.226467
sample_01632.jpg,-8.121427,16.519264
sample_01633.jpg,-38.57884,-55.305073
sample_01634.jpg,-7.15612,17.49901
sample_01635.jpg,-1.2415637,-5.1253314
sample_01636.jpg,0.38378656,-71.61654
sample_01637.jpg,-52.41425,-11.65092
sample_01638.jpg,-31.812239,33.725323
sample_01639.jpg,-14.0668,26.197512
sample_01640.jpg,-45.242744,9.447301
sample_01641.jpg,-58.239277,-27.528578
sample_01642.jpg,-48.46242,-8.636163
sample_01643.jpg,10.46982,-5.813662
sample_01644.jpg,-32.31722,29.399734
sample_01645.jpg,59.939213,2.763184
sample_01646.jpg,-29.355268,-8.063117
sample_01647.jpg,-23.57722,-54.769653
sample_01648.jpg,-61.27604,-21.881351
sample_01649.jpg,-38.740746,-0.37809607
sample_01650.jpg,49.50281,-2.6487617
sample_01651.jpg,-76.288086,13.109056
sample_01652.jpg,-32.145332,3.1605003
sample_01653.jpg,-62.317883,-26.106552
sample_01654.jpg,14.292407,35.239124
sample_01655.jpg,60.895283,7.206014
sample_01656.jpg,45.560112,-2.0779607
sample_01657.jpg,-5.857289,9.8051605
sample_01658.jpg,-33.906826,21.819527
sample_01659.jpg,-7.163422,1.5633432
sample_01660.jpg,25.136194,42.098145
sample_01661.jpg,-52.373726,-9.827731
sample_01662.jpg,71.7649,6.965111
sample_01663.jpg,66.410904,-6.9667416
sample_01664.jpg,-23.250498,16.171856
sample_01665.jpg,42.302574,18.261017
sample_01666.jpg,37.75717,45.14488
sample_01667.jpg,35.762623,9.108262
sample_01668.jpg,-20.561792,-57.523357
sample_01669.jpg,-12.250634,-9.250231
sample_01670.jpg,-52.682434,-25.358593
sample_01671.jpg,-43.557575,1.7801462
sample_01672.jpg,-42.201538,14.348416
sample_01673.jpg,63.63924,-6.384728
sample_01674.jpg,-54.108887,-10.778641
sample_01675.jpg,-38.727154,-6.3995366
sample_01676.jpg,-72.589195,15.039779
sample_01677.jpg,-27.492575,-53.398567
sample_01678.jpg,38.68188,17.176847
sample_01679.jpg,28.104187,-43.901188
sample_01680.jpg,-49.32967,48.548904
sample_01681.jpg,1.0328094,13.870592
sample_01682.jpg,-30.138285,2.0949342
sample_01683.jpg,-2.7494214,47.282936
sample_01684.jpg,-35.332188,9.385734
sample_01685.jpg,10.436684,22.240545
sample_01686.jpg,-7.150322,-38.67391
sample_01687.jpg,-54.3978,-20.976187
sample_01688.jpg,15.910454,-26.344107
sample_01689.jpg,-35.70695,2.5477772
sample_01690.jpg,7.228034,-66.93926
sample_01691.jpg,7.184659,-0.3589854
sample_01692.jpg,45.371353,-6.2594233
sample_01693.jpg,9.224616,-5.0204945
sample_01694.jpg,6.2945356,39.578167
sample_01695.jpg,-71.740715,14.870936
sample_01696.jpg,0.26802546,35.652122
sample_01697.jpg,33.221394,38.796715
sample_01698.jpg,11.502278,15.631456
sample_01699.jpg,-5.4108505,7.298004
sample_01700.jpg,-23.516994,-48.060387
sample_01701.jpg,-34.699097,-12.496951
sample_01702.jpg,-47.5392,-0.84640706
sample_01703.jpg,-39.056736,50.5347
sample_01704.jpg,39.077065,-13.91752
sample_01705.jpg,-46.622,-7.2436275
sample_01706.jpg,-54.243145,-13.983907
sample_01707.jpg,47.35091,25.79432
sample_01708.jpg,-56.34103,-28.179005
sample_01709.jpg,-16.24948,6.1148624
sample_01710.jpg,30.971758,-2.8893013
sample_01711.jpg,1.6362569,18.822071
sample_01712.jpg,39.34509,9.89558
sample_01713.jpg,20.922398,28.820358
sample_01714.jpg,35.768097,12.56222
sample_01715.jpg,-14.967777,3.9464247
sample_01716.jpg,0.7457475,39.833183
sample_01717.jpg,-51.778584,47.05839
sample_01718.jpg,-25.95036,-15.882638
sample_01719.jpg,-6.012275,-73.151596
sample_01720.jpg,-14.800373,29.969723
sample_01721.jpg,30.300497,6.414734
sample_01722.jpg,-34.10945,-11.759943
sample_01723.jpg,6.44703,10.365623
sample_01724.jpg,-42.14403,-56.139507
sample_01725.jpg,5.184603,1.9525509
sample_01726.jpg,39.78484,7.3417273
sample_01727.jpg,-9.475602,5.4472914
sample_01728.jpg,-4.488342,-31.848253
sample_01729.jpg,-30.138248,-14.927231
sample_01730.jpg,7.9966793,44.717045
sample_01731.jpg,17.272741,16.967604
sample_01732.jpg,-4.1516643,28.27375
sample_01733.jpg,43.343216,33.660973
sample_01734.jpg,36.527737,29.902483
sample_01735.jpg,31.32887,-27.106535
sample_01736.jpg,7.543145,14.950345
sample_01737.jpg,70.26117,8.909514
sample_01738.jpg,4.61103,-13.27613
sample_01739.jpg,29.291681,-19.312035
sample_01740.jpg,9.001952,-60.745712
sample_01741.jpg,-3.4433146,49.409378
sample_01742.jpg,2.9264953,50.210487
sample_01743.jpg,37.858692,7.9249053
sample_01744.jpg,-67.83152,18.007233
sample_01745.jpg,-45.025085,-4.258989
sample_01746.jpg,-4.578055,16.922241
sample_01747.jpg,-11.964527,14.387316
sample_01748.jpg,-25.58135,20.956314
sample_01749.jpg,70.9048,7.13153
sample_01750.jpg,40.265694,18.510025
sample_01751.jpg,-52.33041,-20.296244
sample_01752.jpg,-42.17215,-10.657773
sample_01753.jpg,-31.729523,19.690027
sample_01754.jpg,13.821978,37.36533
sample_01755.jpg,30.971756,39.843456
sample_01756.jpg,-12.245694,11.246522
sample_01757.jpg,29.780064,41.806187
sample_01758.jpg,-2.131272,21.071453
sample_01759.jpg,-26.003944,-54.515118
sample_01760.jpg,-8.797182,-42.32091
sample_01761.jpg,14.578186,11.879758
sample_01762.jpg,50.02119,-14.6748905
sample_01763.jpg,53.298615,9.030678
sample_01764.jpg,-15.624635,40.439564
sample_01765.jpg,-5.323016,33.776756
sample_01766.jpg,12.263143,-64.12143
sample_01767.jpg,-10.220222,-13.164509
sample_01768.jpg,54.861202,20.05692
sample_01769.jpg,-72.69072,15.302431
sample_01770.jpg,-18.755793,-1.5721024
sample_01771.jpg,-25.163837,-54.835274
sample_01772.jpg,32.471832,24.784056
sample_01773.jpg,4.723095,4.1446676
sample_01774.jpg,-33.755928,-4.030519
sample_01775.jpg,-27.653322,29.735062
sample_01776.jpg,-49.011272,-9.575142
sample_01777.jpg,26.264448,33.938457
sample_01778.jpg,-53.258465,-14.231082
sample_01779.jpg,28.815968,6.9379396
sample_01780.jpg,42.15607,-15.231202
sample_01781.jpg,-0.70065314,8.865412
sample_01782.jpg,26.14536,-43.060703
sample_01783.jpg,-51.852715,-10.052856
sample_01784.jpg,-9.034519,26.451406
sample_01785.jpg,21.860157,17.151222
sample_01786.jpg,-55.561855,-18.562914
sample_01787.jpg,-34.653984,-27.342558
sample_01788.jpg,-9.207097,46.076458
sample_01789.jpg,-21.83936,16.78331
sample_01790.jpg,-30.493938,35.219593
sample_01791.jpg,-40.587963,4.616165
sample_01792.jpg,-8.4349,-40.3829
sample_01793.jpg,48.13472,17.62064
sample_01794.jpg,0.4494194,-8.0753765
sample_01795.jpg,7.7412047,-67.53799
sample_01796.jpg,32.737915,23.751057
sample_01797.jpg,-33.74368,1.9696238
sample_01798.jpg,-43.946102,-9.241329
sample_01799.jpg,37.674675,3.3691618
sample_01800.jpg,1.3427953,-71.98699
sample_01801.jpg,4.0631757,1.316384
sample_01802.jpg,69.96712,0.97520643
sample_01803.jpg,67.11843,0.1327522
sample_01804.jpg,-8.572144,22.794807
sample_01805.jpg,-59.272926,-30.1557
sample_01806.jpg,-8.598478,-40.705627
sample_01807.jpg,67.83763,-9.491976
sample_01808.jpg,51.468597,-9.155653
sample_01809.jpg,62.875416,-0.7225874
sample_01810.jpg,8.52712,4.1086564
sample_01811.jpg,-5.2577004,-3.859072
sample_01812.jpg,-48.96769,-13.881707
sample_01813.jpg,7.394267,15.339522
sample_01814.jpg,-15.556913,9.366128
sample_01815.jpg,-18.11464,-14.161649
sample_01816.jpg,-17.460361,16.701326
sample_01817.jpg,-69.178734,13.96315
sample_01818.jpg,-54.848858,-30.28568
sample_01819.jpg,55.641468,-12.745524
sample_01820.jpg,12.615242,19.18861
sample_01821.jpg,14.570455,-8.0033245
sample_01822.jpg,25.989689,41.325176
sample_01823.jpg,-51.89135,47.10047
sample_01824.jpg,-55.839653,-10.950846
sample_01825.jpg,-22.418644,35.751568
sample_01826.jpg,20.645588,-3.454774
sample_01827.jpg,0.8453805,-8.58849
sample_01828.jpg,-24.458473,7.314706
sample_01829.jpg,71.024254,7.507356
sample_01830.jpg,7.8575096,-69.177155
sample_01831.jpg,48.574085,-1.2781508
sample_01832.jpg,3.0951064,36.579716
sample_01833.jpg,21.8002,-53.588276
sample_01834.jpg,25.169443,-43.94227
sample_01835.jpg,32.29389,14.321548
sample_01836.jpg,-63.67155,18.082186
sample_01837.jpg,-46.33991,50.41239
sample_01838.jpg,39.00557,-1.550957
sample_01839.jpg,-41.37325,3.9471467
sample_01840.jpg,50.09064,-11.198927
sample_01841.jpg,6.492093,-2.6039217
sample_01842.jpg,21.195774,-49.72343
sample_01843.jpg,-29.02371,-56.975067
sample_01844.jpg,33.800777,42.42397
sample_01845.jpg,-45.52115,-1.0767217
sample_01846.jpg,-18.719313,31.066254
sample_01847.jpg,18.421886,40.193607
sample_01848.jpg,41.146904,44.578236
sample_01849.jpg,-20.265985,-6.638275
sample_01850.jpg,-14.2782135,-11.148374
sample_01851.jpg,43.786713,-2.206647
sample_01852.jpg,-4.1776724,-15.041474
sample_01853.jpg,4.7329473,39.890568
sample_01854.jpg,-9.616913,14.959311
sample_01855.jpg,-65.89836,18.45276
sample_01856.jpg,48.719124,-2.2420352
sample_01857.jpg,11.103847,19.410475
sample_01858.jpg,-24.577385,-18.745228
sample_01859.jpg,-4.099987,49.512955
sample_01860.jpg,30.79481,11.909081
sample_01861.jpg,-12.68212,-48.82342
sample_01862.jpg,-46.744957,1.4747776
sample_01863.jpg,-6.6611133,0.24268854
sample_01864.jpg,36.45434,10.988867
sample_01865.jpg,13.421458,22.382265
sample_01866.jpg,-14.683213,2.5378919
sample_01867.jpg,-21.167662,-53.896626
sample_01868.jpg,-29.273697,19.309319
sample_01869.jpg,36.51901,-6.6280036
sample_01870.jpg,0.8674255,42.89286
sample_01871.jpg,-42.91601,50.40903
sample_01872.jpg,-4.839572,12.444332
sample_01873.jpg,51.056522,-13.724727
sample_01874.jpg,-1.973075,13.306469
sample_01875.jpg,-36.441364,-6.816848
sample_01876.jpg,-19.99595,27.000446
sample_01877.jpg,-38.685745,21.635899
sample_01878.jpg,-47.48403,49.163177
sample_01879.jpg,11.511448,-59.73287
sample_01880.jpg,-41.605984,11.60033
sample_01881.jpg,-0.5575125,14.114869
sample_01882.jpg,22.067991,-7.3161755
sample_01883.jpg,11.199506,-9.5945015
sample_01884.jpg,-50.5726,-8.818366
sample_01885.jpg,-62.602894,19.517702
sample_01886.jpg,27.546707,-46.302124
sample_01887.jpg,0.20859429,22.88769
sample_01888.jpg,29.227058,23.220793
sample_01889.jpg,-25.167997,-19.508888
sample_01890.jpg,-16.500677,27.897923
sample_01891.jpg,-29.37537,-59.50745
sample_01892.jpg,-21.179941,-54.246872
sample_01893.jpg,11.616573,8.094624
sample_01894.jpg,25.974808,5.104522
sample_01895.jpg,-43.88891,-7.735382
sample_01896.jpg,-64.99998,-25.058779
sample_01897.jpg,2.7818148,-68.425
sample_01898.jpg,36.434715,23.405125
sample_01899.jpg,59.07326,4.507031
sample_01900.jpg,-26.184597,12.501637
sample_01901.jpg,-55.28103,-19.187637
sample_01902.jpg,-2.8490772,32.638832
sample_01903.jpg,4.6857123,36.30996
sample_01904.jpg,30.268612,19.71893
sample_01905.jpg,25.664845,-49.253925
sample_01906.jpg,-6.606594,31.622221
sample_01907.jpg,1.0250785,-2.4219747
sample_01908.jpg,-22.158247,2.496464
sample_01909.jpg,-40.09692,-56.023727
sample_01910.jpg,50.09355,-16.029919
sample_01911.jpg,26.141663,26.205624
sample_01912.jpg,39.317726,46.21993
sample_01913.jpg,-28.296413,-52.02451
sample_01914.jpg,-29.029629,-57.38514
sample_01915.jpg,-3.7149315,4.353521
sample_01916.jpg,-56.43552,-27.924616
sample_01917.jpg,41.07557,45.302097
sample_01918.jpg,11.9292555,-12.003601
sample_01919.jpg,-50.96115,-13.35823
sample_01920.jpg,-46.819256,-11.216892
sample_01921.jpg,51.33554,-1.4674349
sample_01922.jpg,-44.764984,-6.5926633
sample_01923.jpg,-31.985546,5.18661
sample_01924.jpg,-28.809135,-3.378844
sample_01925.jpg,52.688797,-1.3952574
sample_01926.jpg,-41.422802,51.44805
sample_01927.jpg,-53.3853,-28.101572
sample_01928.jpg,24.647936,-43.557808
sample_01929.jpg,-65.472305,19.384445
sample_01930.jpg,-2.9404058,35.177937
sample_01931.jpg,53.329697,20.467884
sample_01932.jpg,-59.658142,-16.395782
sample_01933.jpg,-40.379353,12.696059
sample_01934.jpg,33.147114,6.3497663
sample_01935.jpg,16.055443,-63.439484
sample_01936.jpg,0.3291646,-16.32445
sample_01937.jpg,-64.46958,19.45166
sample_01938.jpg,4.96954,11.11129
sample_01939.jpg,38.721657,10.528911
sample_01940.jpg,43.924526,45.011158
sample_01941.jpg,-8.221268,16.669525
sample_01942.jpg,-14.057763,-5.3905315
sample_01943.jpg,21.838917,28.807781
sample_01944.jpg,-74.32708,13.724078
sample_01945.jpg,-41.568344,-2.9779706
sample_01946.jpg,-24.834705,18.402409
sample_01947.jpg,15.613861,0.558653
sample_01948.jpg,-28.831083,-7.179601
sample_01949.jpg,-74.93756,13.045371
sample_01950.jpg,37.403538,9.563847
sample_01951.jpg,-39.875435,50.499725
sample_01952.jpg,-57.86898,-22.271002
sample_01953.jpg,55.190166,1.9344814
sample_01954.jpg,-49.777943,-20.441635
sample_01955.jpg,-1.6499116,-70.301834
sample_01956.jpg,-32.398174,-16.472412
sample_01957.jpg,7.363094,13.231019
sample_01958.jpg,-30.153162,-55.307934
sample_01959.jpg,5.4035873,20.858568
sample_01960.jpg,-31.21391,15.300008
sample_01961.jpg,63.95611,-6.843635
sample_01962.jpg,-10.648976,6.7459784
sample_01963.jpg,-23.514997,-54.63654
sample_01964.jpg,-42.14825,10.649492
sample_01965.jpg,-22.245382,7.485265
sample_01966.jpg,-49.468662,48.98335
sample_01967.jpg,30.086796,4.860779
sample_01968.jpg,-44.94864,-8.506944
sample_01969.jpg,-5.219105,-19.559526
sample_01970.jpg,62.210575,0.32196578
sample_01971.jpg,23.122456,10.992737
sample_01972.jpg,10.87702,21.303686
sample_01973.jpg,32.926727,9.627881
sample_01974.jpg,5.0347643,9.94652
sample_01975.jpg,-4.213155,46.46666
sample_01976.jpg,-35.911312,-4.3507185
sample_01977.jpg,-14.788958,43.74583
sample_01978.jpg,17.777073,46.707245
sample_01979.jpg,6.586277,-15.97003
sample_01980.jpg,-15.210629,-27.855112
sample_01981.jpg,-55.436935,-26.597572
sample_01982.jpg,-27.08312,-19.298658
sample_01983.jpg,34.80651,-4.82686
sample_01984.jpg,18.9863,14.443662
sample_01985.jpg,-69.67033,15.802763
sample_01986.jpg,44.586426,30.268568
sample_01987.jpg,46.510036,21.075342
sample_01988.jpg,56.868305,1.0307968
sample_01989.jpg,21.075624,14.095505
sample_01990.jpg,31.231537,30.26416
sample_01991.jpg,-29.660894,-55.341984
sample_01992.jpg,46.090763,28.781279
sample_01993.jpg,0.8535546,-25.12381
sample_01994.jpg,33.736855,-9.182026
sample_01995.jpg,49.258583,15.441804
sample_01996.jpg,-1.4585061,-69.85524
sample_01997.jpg,22.085062,23.856936
sample_01998.jpg,-37.416615,-1.5490123
sample_01999.jpg,62.211998,17.174139
sample_02000.jpg,4.106717,31.858944
sample_02001.jpg,32.103718,40.47173
sample_02002.jpg,18.878983,22.127405
sample_02003.jpg,-35.042732,0.3486555
sample_02004.jpg,65.7717,-10.579939
sample_02005.jpg,13.423309,-59.962128
sample_02006.jpg,-9.859688,23.737778
sample_02007.jpg,28.824652,43.05442
sample_02008.jpg,17.854326,-54.279247
sample_02009.jpg,-12.2960825,14.167412
sample_02010.jpg,-16.201313,18.102055
sample_02011.jpg,40.279118,-3.510363
sample_02012.jpg,-4.2625003,-33.676292
sample_02013.jpg,-48.23966,-10.320893
sample_02014.jpg,-14.024976,46.141827
sample_02015.jpg,41.174366,15.12402
sample_02016.jpg,-59.574223,-27.789417
sample_02017.jpg,8.943768,36.929276
sample_02018.jpg,-44.858032,-3.5188725
sample_02019.jpg,-25.783934,13.820668
sample_02020.jpg,-44.61478,4.791882
sample_02021.jpg,-3.1274304,30.726637
sample_02022.jpg,-32.66659,30.06062
sample_02023.jpg,17.956276,27.556969
sample_02024.jpg,43.906803,-1.6619719
sample_02025.jpg,-49.1209,-10.175871
sample_02026.jpg,40.502712,10.1017475
sample_02027.jpg,-55.604816,-14.008196
sample_02028.jpg,7.6292424,38.275757
sample_02029.jpg,-23.632362,42.73576
sample_02030.jpg,-4.991561,-72.4862
sample_02031.jpg,51.922314,17.733196
sample_02032.jpg,47.92543,3.4603448
sample_02033.jpg,-21.978933,-2.1623175
sample_02034.jpg,-25.120436,12.24959
sample_02035.jpg,35.533936,38.641518
sample_02036.jpg,22.34089,-50.827106
sample_02037.jpg,63.894608,-11.204534
sample_02038.jpg,-16.863848,-4.1501794
sample_02039.jpg,33.60078,42.252117
sample_02040.jpg,12.08652,-2.4364932
sample_02041.jpg,3.9446886,20.332277
sample_02042.jpg,-2.8527975,24.121552
sample_02043.jpg,-16.473326,-53.853905
sample_02044.jpg,45.972504,6.1770554
sample_02045.jpg,-39.824284,3.483081
sample_02046.jpg,-35.78917,-6.5113435
sample_02047.jpg,-6.4561653,22.528992
sample_02048.jpg,38.189514,14.838978
sample_02049.jpg,40.533863,40.507248
sample_02050.jpg,5.9249444,-69.74493
sample_02051.jpg,16.578793,0.44376364
sample_02052.jpg,64.607445,1.9262552
sample_02053.jpg,38.85262,-25.702509
sample_02054.jpg,64.40764,11.025954
sample_02055.jpg,9.315233,-7.046776
sample_02056.jpg,-60.340294,-18.845448
sample_02057.jpg,21.425842,22.13903
sample_02058.jpg,-16.004679,25.689396
sample_02059.jpg,31.818466,18.694933
sample_02060.jpg,19.151394,45.126976
sample_02061.jpg,-2.0914383,28.441639
sample_02062.jpg,5.0013785,29.764229
sample_02063.jpg,17.874714,22.469969
sample_02064.jpg,30.942549,15.934822
sample_02065.jpg,23.22417,-46.45457
sample_02066.jpg,54.637146,-9.496442
sample_02067.jpg,-21.957119,-5.7237678
sample_02068.jpg,41.052162,8.0060425
sample_02069.jpg,10.917765,27.64507
sample_02070.jpg,51.92094,17.743317
sample_02071.jpg,-19.471485,-15.536548
sample_02072.jpg,-20.299482,-53.90474
sample_02073.jpg,-21.383709,-57.349182
sample_02074.jpg,23.17559,-4.221221
sample_02075.jpg,-40.446014,-13.512559
sample_02076.jpg,-36.84865,-12.879622
sample_02077.jpg,9.130739,22.171932
sample_02078.jpg,56.66178,2.1217053
sample_02079.jpg,24.413551,16.40926
sample_02080.jpg,-24.013863,15.615545
sample_02081.jpg,61.192596,10.703305
sample_02082.jpg,38.8445,20.425526
sample_02083.jpg,-18.91097,17.603477
sample_02084.jpg,-57.070183,-25.131376
sample_02085.jpg,37.79264,14.56962
sample_02086.jpg,-12.832161,9.21324
sample_02087.jpg,37.129375,15.50802
sample_02088.jpg,0.35880142,0.09550557
sample_02089.jpg,19.617558,17.419975
sample_02090.jpg,32.529957,-7.3773856
sample_02091.jpg,54.864014,-6.283171
sample_02092.jpg,5.376817,-65.897385
sample_02093.jpg,-6.915289,15.22995
sample_02094.jpg,32.287685,16.339592
sample_02095.jpg,45.42532,5.284261
sample_02096.jpg,5.246619,15.612842
sample_02097.jpg,-39.911697,-54.944954
sample_02098.jpg,-5.070306,36.916702
sample_02099.jpg,-58.841118,-2.1856873
sample_02100.jpg,41.50267,45.357494
sample_02101.jpg,-38.392723,-5.0982347
sample_02102.jpg,14.30381,42.10302
sample_02103.jpg,46.878185,-1.6916195
sample_02104.jpg,-2.2713099,38.515102
sample_02105.jpg,-55.96488,-34.344276
sample_02106.jpg,-58.553375,-4.6821103
sample_02107.jpg,44.109493,18.35336
sample_02108.jpg,-53.84223,-4.5936127
sample_02109.jpg,68.02381,-2.7858965
sample_02110.jpg,30.836302,19.080997
sample_02111.jpg,-4.9646378,35.440983
sample_02112.jpg,34.644733,24.742668
sample_02113.jpg,20.633656,-49.417065
sample_02114.jpg,-39.65113,-54.739475
sample_02115.jpg,-11.726871,29.240198
sample_02116.jpg,-15.941687,-46.274635
sample_02117.jpg,60.06105,1.8621342
sample_02118.jpg,32.161232,-41.56707
sample_02119.jpg,-19.14787,14.025602
sample_02120.jpg,17.806288,-20.150316
sample_02121.jpg,25.162584,12.198746
sample_02122.jpg,-14.432806,49.196335
sample_02123.jpg,-2.031444,22.743292
sample_02124.jpg,-18.823385,-52.68098
sample_02125.jpg,-2.949015,6.9348836
sample_02126.jpg,-9.6512,8.10951
sample_02127.jpg,20.56146,17.283827
sample_02128.jpg,-5.155439,-33.93049
sample_02129.jpg,-40.848473,3.7706807
sample_02130.jpg,62.054405,-8.638254
sample_02131.jpg,-59.16035,-30.40759
sample_02132.jpg,7.1000586,30.578112
sample_02133.jpg,-11.640788,-41.371258
sample_02134.jpg,1.0430818,40.583145
sample_02135.jpg,-31.963259,-58.71829
sample_02136.jpg,-12.513657,31.337944
sample_02137.jpg,6.8888006,22.805687
sample_02138.jpg,52.539288,11.930106
sample_02139.jpg,15.881689,20.032627
sample_02140.jpg,59.90616,-2.5049007
sample_02141.jpg,-24.116394,-22.713186
sample_02142.jpg,19.524328,14.078206
sample_02143.jpg,-39.75441,-19.130703
sample_02144.jpg,20.315636,-1.0632939
sample_02145.jpg,-54.30923,-9.997142
sample_02146.jpg,14.333349,-65.71997
sample_02147.jpg,-32.937824,5.340253
sample_02148.jpg,3.4208982,30.452381
sample_02149.jpg,8.575853,17.5828
sample_02150.jpg,-24.639456,8.113292
sample_02151.jpg,-56.997147,-28.440544
sample_02152.jpg,-22.10676,12.780373
sample_02153.jpg,-41.116158,50.122158
sample_02154.jpg,62.10191,11.989026
sample_02155.jpg,-5.4466753,-40.952625
sample_02156.jpg,10.084301,37.863895
sample_02157.jpg,-5.5290766,-18.72088
sample_02158.jpg,35.830803,50.25869
sample_02159.jpg,17.902681,-20.777197
sample_02160.jpg,-3.4066682,6.9524302
sample_02161.jpg,-7.390646,1.7144954
sample_02162.jpg,14.294086,-11.472045
sample_02163.jpg,-57.84972,-35.19855
sample_02164.jpg,-25.342302,-14.019182
sample_02165.jpg,-21.03629,-45.309277
sample_02166.jpg,3.5602942,9.606074
sample_02167.jpg,9.211459,-34.45922
sample_02168.jpg,-4.4822774,-2.8243644
sample_02169.jpg,38.297695,11.943639
sample_02170.jpg,31.898254,19.620178
sample_02171.jpg,-17.856438,18.922073
sample_02172.jpg,6.8292837,28.989159
sample_02173.jpg,43.363052,2.465546
sample_02174.jpg,10.425084,18.217554
sample_02175.jpg,-34.812637,50.825058
sample_02176.jpg,46.12969,7.6242094
sample_02177.jpg,-10.768232,-39.739563
sample_02178.jpg,37.51604,-15.310135
sample_02179.jpg,31.087646,-13.70119
sample_02180.jpg,58.392765,-5.137467
sample_02181.jpg,35.13819,18.789345
sample_02182.jpg,-11.890077,41.74557
sample_02183.jpg,24.339241,-9.799905
sample_02184.jpg,62.3119,-1.7180349
sample_02185.jpg,-23.110275,-19.467836
sample_02186.jpg,-55.39519,-12.584942
sample_02187.jpg,-25.350384,10.118017
sample_02188.jpg,42.37058,4.501279
sample_02189.jpg,21.680786,11.455788
sample_02190.jpg,26.265621,38.356045
sample_02191.jpg,46.289894,9.107615
sample_02192.jpg,54.15211,-1.887089
sample_02193.jpg,69.98564,0.79698944
sample_02194.jpg,8.877449,34.01763
sample_02195.jpg,-21.74645,19.075363
sample_02196.jpg,-53.770794,-4.4689713
sample_02197.jpg,-42.79096,7.790026
sample_02198.jpg,-27.535658,37.195934
sample_02199.jpg,-7.351824,21.535994
sample_02200.jpg,-46.79157,8.262436
sample_02201.jpg,5.616,16.92497
sample_02202.jpg,32.314564,-1.9451201
sample_02203.jpg,-41.781925,-53.8833
sample_02204.jpg,0.7449895,-17.62358
sample_02205.jpg,25.496746,-47.461334
sample_02206.jpg,60.50915,-3.6122472
sample_02207.jpg,17.916368,15.698877
sample_02208.jpg,2.7672377,24.127035
sample_02209.jpg,35.887527,3.1935937
sample_02210.jpg,51.517735,-0.40407014
sample_02211.jpg,-22.640322,0.73901016
sample_02212.jpg,31.442774,36.995
sample_02213.jpg,16.707865,29.60633
sample_02214.jpg,0.87201756,30.67688
sample_02215.jpg,31.656412,14.777041
sample_02216.jpg,52.797424,-9.674127
sample_02217.jpg,-8.713547,12.05477
sample_02218.jpg,-2.7491815,-11.526183
sample_02219.jpg,63.845684,12.13327
sample_02220.jpg,57.000587,-14.536901
sample_02221.jpg,13.180729,31.658083
sample_02222.jpg,-35.23099,1.5741663
sample_02223.jpg,-23.34433,-6.59109
sample_02224.jpg,29.648521,8.15332
sample_02225.jpg,-28.658941,-56.013493
sample_02226.jpg,-19.334757,11.863919
sample_02227.jpg,64.5959,-6.8676705
sample_02228.jpg,42.019875,19.817196
sample_02229.jpg,24.540226,-9.743858
sample_02230.jpg,50.857212,-3.193073
sample_02231.jpg,14.919589,-23.948582
sample_02232.jpg,-20.601223,1.4204742
sample_02233.jpg,-33.804108,6.3704243
sample_02234.jpg,1.9719841,30.958845
sample_02235.jpg,33.20397,-1.8569547
sample_02236.jpg,-25.207684,11.304973
sample_02237.jpg,-45.929333,-22.426487
sample_02238.jpg,17.233063,3.7583504
sample_02239.jpg,-4.8047967,41.20115
sample_02240.jpg,-63.301693,18.461187
sample_02241.jpg,53.04043,-3.0231125
sample_02242.jpg,-17.407167,-29.655949
sample_02243.jpg,-1.8917305,18.050318
sample_02244.jpg,60.72456,-14.158878
sample_02245.jpg,33.68734,36.852512
sample_02246.jpg,-37.558105,-53.140617
sample_02247.jpg,6.5831614,35.0979
sample_02248.jpg,13.979922,-62.488735
sample_02249.jpg,26.217915,31.827238
sample_02250.jpg,-8.957862,-7.8727765
sample_02251.jpg,44.549713,-3.2855961
sample_02252.jpg,-49.80035,48.765545
sample_02253.jpg,37.486168,-4.0576153
sample_02254.jpg,14.053813,35.31253
sample_02255.jpg,62.88668,10.966082
sample_02256.jpg,8.33267,-69.32893
sample_02257.jpg,-9.444379,33.518997
sample_02258.jpg,-28.085142,-55.649555
sample_02259.jpg,47.99126,15.182543
sample_02260.jpg,41.95946,6.6107
sample_02261.jpg,20.620985,22.943352
sample_02262.jpg,40.2013,10.611603
sample_02263.jpg,49.364414,4.2632713
sample_02264.jpg,44.887997,11.727946
sample_02265.jpg,33.23147,11.032716
sample_02266.jpg,-16.784883,10.777045
sample_02267.jpg,4.960669,-67.88861
sample_02268.jpg,49.53206,-15.354877
sample_02269.jpg,10.116306,-32.808857
sample_02270.jpg,20.886768,-55.760822
sample_02271.jpg,30.313051,11.614857
sample_02272.jpg,10.385159,14.28167
sample_02273.jpg,12.239257,-10.038098
sample_02274.jpg,28.479675,32.522
sample_02275.jpg,2.531332,15.512339
sample_02276.jpg,-37.805695,-12.284319
sample_02277.jpg,-1.4114652,-15.913166
sample_02278.jpg,46.75962,16.620407
sample_02279.jpg,13.598034,-61.99691
sample_02280.jpg,-40.23138,5.1445394
sample_02281.jpg,57.077038,-7.9961996
sample_02282.jpg,29.253412,-25.688412
sample_02283.jpg,-9.152224,1.0212555
sample_02284.jpg,17.289387,-4.296469
sample_02285.jpg,19.111294,27.6741
sample_02286.jpg,-18.649788,34.550045
sample_02287.jpg,-20.578474,-17.19317
sample_02288.jpg,-34.4102,-6.0773807
sample_02289.jpg,-13.239192,6.8443575
sample_02290.jpg,51.996983,18.886324
sample_02291.jpg,-16.31669,-47.415348
sample_02292.jpg,-29.877487,1.6873951
sample_02293.jpg,-20.829943,-46.496338
sample_02294.jpg,-8.6832485,47.00973
sample_02295.jpg,48.96856,-10.0362625
sample_02296.jpg,35.71751,27.829124
sample_02297.jpg,18.88595,-56.05932
sample_02298.jpg,-11.770545,17.181536
sample_02299.jpg,66.780136,-3.2487395
sample_02300.jpg,-21.60203,-53.835754
sample_02301.jpg,-65.17748,13.7765465
sample_02302.jpg,-31.88739,-2.6873024
sample_02303.jpg,-48.86012,-20.609934
sample_02304.jpg,26.90819,-43.39418
sample_02305.jpg,-30.800554,13.511088
sample_02306.jpg,48.98506,16.94367
sample_02307.jpg,19.783745,14.328712
sample_02308.jpg,27.94723,3.5158675
sample_02309.jpg,58.53801,-3.2473383
sample_02310.jpg,-18.756586,10.147901
sample_02311.jpg,-31.82406,-58.880806
sample_02312.jpg,-17.040817,45.249447
sample_02313.jpg,-43.412178,-11.192742
sample_02314.jpg,-29.884926,34.7421
sample_02315.jpg,-56.77963,-15.197438
sample_02316.jpg,-0.44700456,-24.798285
sample_02317.jpg,-4.523256,51.264023
sample_02318.jpg,59.040268,-6.869723
sample_02319.jpg,17.935875,41.277405
sample_02320.jpg,2.1024818,19.99557
sample_02321.jpg,61.386375,-3.2305133
sample_02322.jpg,-70.47363,9.916224
sample_02323.jpg,-28.442842,5.676045
sample_02324.jpg,-35.599735,14.354934
sample_02325.jpg,-8.612871,43.609974
sample_02326.jpg,18.982092,-58.974274
sample_02327.jpg,15.902371,15.988311
sample_02328.jpg,-39.162212,-59.00612
sample_02329.jpg,-41.677193,16.461763
sample_02330.jpg,-36.56365,50.705017
sample_02331.jpg,-13.176513,34.11254
sample_02332.jpg,55.18863,-10.213774
sample_02333.jpg,47.082096,14.757698
sample_02334.jpg,-23.345568,-55.30252
sample_02335.jpg,-2.500837,-73.78669
sample_02336.jpg,2.6071463,-68.24706
sample_02337.jpg,-28.642992,11.27711
sample_02338.jpg,61.071304,9.384398
sample_02339.jpg,55.987553,-6.4982266
sample_02340.jpg,-11.290976,21.798725
sample_02341.jpg,7.5946565,20.478912
sample_02342.jpg,9.280357,-20.749266
sample_02343.jpg,37.488483,-16.893177
sample_02344.jpg,-11.047347,-47.169407
sample_02345.jpg,-35.523518,11.324006
sample_02346.jpg,-45.025536,-10.595659
sample_02347.jpg,-51.158424,-14.885601
sample_02348.jpg,33.676758,4.401399
sample_02349.jpg,31.187527,16.512564
sample_02350.jpg,-55.655876,-31.033926
sample_02351.jpg,36.5101,17.605156
sample_02352.jpg,-25.93748,5.322007
sample_02353.jpg,-18.756962,-53.236755
sample_02354.jpg,0.79640496,43.634506
sample_02355.jpg,10.288476,38.159584
sample_02356.jpg,24.036346,28.351665
sample_02357.jpg,1.0695608,-4.265111
sample_02358.jpg,-33.948082,-4.140058
sample_02359.jpg,-17.670357,-10.370949
sample_02360.jpg,0.8751958,27.442186
sample_02361.jpg,20.184803,-58.97868
sample_02362.jpg,33.12308,-1.9956286
sample_02363.jpg,-16.101242,13.03539
sample_02364.jpg,-28.588451,-2.6299295
sample_02365.jpg,-46.628944,-11.6167755
sample_02366.jpg,-27.23285,10.051278
sample_02367.jpg,-54.54036,-25.183495
sample_02368.jpg,8.260633,-67.327995
sample_02369.jpg,-12.019714,40.076485
sample_02370.jpg,-44.990818,-3.4889052
sample_02371.jpg,-27.27736,11.086792
sample_02372.jpg,-36.061237,-0.890148
sample_02373.jpg,-24.256256,-11.561181
sample_02374.jpg,29.708782,28.105623
sample_02375.jpg,39.28975,45.937508
sample_02376.jpg,62.31903,6.2717414
sample_02377.jpg,-16.306377,-19.571487
sample_02378.jpg,11.62464,2.7386844
sample_02379.jpg,12.0681925,33.820892
sample_02380.jpg,-17.532331,22.860758
sample_02381.jpg,28.46599,14.327291
sample_02382.jpg,-15.967664,-28.13536
sample_02383.jpg,20.88637,10.2009735
sample_02384.jpg,-40.60083,-1.4960272
sample_02385.jpg,13.553064,-21.591137
sample_02386.jpg,0.66382885,26.176561
sample_02387.jpg,9.55766,19.50849
sample_02388.jpg,11.845306,21.869404
sample_02389.jpg,4.5262823,-4.8785753
sample_02390.jpg,43.35642,2.8026161
sample_02391.jpg,-25.834192,-55.73086
sample_02392.jpg,12.4824915,5.7217994
sample_02393.jpg,-44.18292,-6.574846
sample_02394.jpg,-41.48102,-4.9002123
sample_02395.jpg,-5.7530227,-41.91901
sample_02396.jpg,14.715914,-65.59635
sample_02397.jpg,0.6974051,17.284744
sample_02398.jpg,-48.335117,-25.286572
sample_02399.jpg,61.97191,-6.4986825
sample_02400.jpg,20.729292,-8.036606
sample_02401.jpg,-1.5935532,10.892759
sample_02402.jpg,-8.355489,-17.191216
sample_02403.jpg,-72.466705,16.11263
sample_02404.jpg,-76.36846,12.2864275
sample_02405.jpg,-21.820549,-2.145811
sample_02406.jpg,-24.86846,-54.42548
sample_02407.jpg,-33.321217,16.412067
sample_02408.jpg,25.041977,-42.627842
sample_02409.jpg,-35.591606,-55.77082
sample_02410.jpg,-16.48049,11.650598
sample_02411.jpg,-29.547924,8.116455
sample_02412.jpg,14.74629,-12.825762
sample_02413.jpg,-66.72005,17.469692
sample_02414.jpg,7.103256,-6.705523
sample_02415.jpg,-59.574955,-29.184393
sample_02416.jpg,46.262096,2.4066234
sample_02417.jpg,-10.727979,13.817004
sample_02418.jpg,-6.8928223,43.63845
sample_02419.jpg,-21.048494,14.902071
sample_02420.jpg,70.1628,8.675641
sample_02421.jpg,24.902468,-52.966534
sample_02422.jpg,-26.316925,5.0725307
sample_02423.jpg,-52.975124,-33.083176
sample_02424.jpg,35.3607,31.837683
sample_02425.jpg,-51.27939,-15.565523
sample_02426.jpg,-15.768067,32.465565
sample_02427.jpg,-38.478264,2.6982565
sample_02428.jpg,23.802687,-5.8627996
sample_02429.jpg,44.96291,4.8884263
sample_02430.jpg,-28.030159,3.8566651
sample_02431.jpg,-17.948118,-51.767185
sample_02432.jpg,0.49925163,-25.193533
sample_02433.jpg,-8.551291,13.7799425
sample_02434.jpg,-19.334547,13.61733
sample_02435.jpg,-8.221506,-41.070213
sample_02436.jpg,-14.75989,5.8254967
sample_02437.jpg,6.4830136,-2.4988508
sample_02438.jpg,4.1403275,20.427149
sample_02439.jpg,-24.609632,11.491836
sample_02440.jpg,-2.3813405,0.14961232
sample_02441.jpg,-19.600212,-46.756275
sample_02442.jpg,-2.539114,25.00342
sample_02443.jpg,-36.932384,-2.9407508
sample_02444.jpg,35.369812,17.50586
sample_02445.jpg,25.856588,24.550957
sample_02446.jpg,-56.51703,-21.411987
sample_02447.jpg,40.51859,17.015442
sample_02448.jpg,-24.128393,33.813053
sample_02449.jpg,23.09056,6.9258866
sample_02450.jpg,-22.954039,9.416275
sample_02451.jpg,-36.10125,10.99113
sample_02452.jpg,44.882717,-3.373738
sample_02453.jpg,-7.438415,52.015198
sample_02454.jpg,38.840233,-13.815193
sample_02455.jpg,-5.3237953,-4.0750985
sample_02456.jpg,14.922522,-20.40902
sample_02457.jpg,-43.299553,-53.942677
sample_02458.jpg,-64.41851,19.01316
sample_02459.jpg,26.615833,34.882893
sample_02460.jpg,-62.90895,-16.767742
sample_02461.jpg,-30.72152,-12.616715
sample_02462.jpg,22.624952,-49.859283
sample_02463.jpg,-30.042988,1.3112974
sample_02464.jpg,-15.882859,33.255005
sample_02465.jpg,30.235353,5.015556
sample_02466.jpg,8.282987,5.5333114
sample_02467.jpg,23.723618,29.66244
sample_02468.jpg,17.96706,-55.41461
sample_02469.jpg,4.8030314,29.810095
sample_02470.jpg,-28.672995,5.8806834
sample_02471.jpg,56.57681,-12.205554
sample_02472.jpg,-59.0519,-34.093685
sample_02473.jpg,-15.711921,24.570152
sample_02474.jpg,-62.065914,-25.813564
sample_02475.jpg,39.31372,45.961945
sample_02476.jpg,49.302914,-15.726898
sample_02477.jpg,65.841934,-6.0531964
sample_02478.jpg,39.03179,45.692303
sample_02479.jpg,-2.006299,-65.350815
sample_02480.jpg,65.36217,-12.431301
sample_02481.jpg,37.674797,24.256744
sample_02482.jpg,-7.9074297,29.509508
sample_02483.jpg,5.384946,-67.4758
sample_02484.jpg,-32.400467,8.849558
sample_02485.jpg,-65.074905,18.923555
sample_02486.jpg,2.2864966,41.580105
sample_02487.jpg,4.193665,24.936777
sample_02488.jpg,14.993093,25.344278
sample_02489.jpg,-60.87338,-19.726217
sample_02490.jpg,22.555689,-52.877335
sample_02491.jpg,33.801933,42.276062
sample_02492.jpg,44.42545,11.850802
sample_02493.jpg,41.22061,-15.358869
sample_02494.jpg,31.556684,9.531819
sample_02495.jpg,-64.750534,-22.052967
sample_02496.jpg,10.405256,7.0106664
sample_02497.jpg,19.451925,38.40964
sample_02498.jpg,24.020107,46.59968
sample_02499.jpg,16.176815,-59.362614
sample_02500.jpg,20.383284,-60.34324
sample_02501.jpg,5.549436,26.829325
sample_02502.jpg,-31.31386,16.515667
sample_02503.jpg,-21.958014,-56.25927
sample_02504.jpg,-42.01854,49.762413
sample_02505.jpg,34.618122,-16.996582
sample_02506.jpg,-45.221523,49.412197
sample_02507.jpg,-16.959547,-47.014023
sample_02508.jpg,13.636716,-66.17458
sample_02509.jpg,34.83007,11.824371
sample_02510.jpg,19.50347,24.343748
sample_02511.jpg,-0.85300815,19.7117
sample_02512.jpg,-31.000244,17.015615
sample_02513.jpg,-18.413939,-8.1520195
sample_02514.jpg,-1.6889036,-72.30959
sample_02515.jpg,23.188532,3.2726614
sample_02516.jpg,1.727056,33.87566
sample_02517.jpg,39.789665,-7.594468
sample_02518.jpg,31.036587,22.985786
sample_02519.jpg,-2.0455897,27.362404
sample_02520.jpg,19.611773,14.371182
sample_02521.jpg,-3.0838368,-20.061684
sample_02522.jpg,-7.8129616,14.09136
sample_02523.jpg,-62.26893,-12.234206
sample_02524.jpg,-30.042425,-12.854798
sample_02525.jpg,8.984738,-6.7568784
sample_02526.jpg,-34.85477,-56.653606
sample_02527.jpg,-34.721813,-3.5685956
sample_02528.jpg,22.382154,19.234148
sample_02529.jpg,62.763912,-10.175467
sample_02530.jpg,22.183626,38.256096
sample_02531.jpg,23.772552,21.40212
sample_02532.jpg,-39.22038,-18.822208
sample_02533.jpg,-18.909597,15.012769
sample_02534.jpg,28.33932,32.714054
sample_02535.jpg,34.627373,-6.7843957
sample_02536.jpg,12.578585,33.316864
sample_02537.jpg,-48.93507,-27.48771
sample_02538.jpg,-43.524223,49.63428
sample_02539.jpg,0.83115864,-73.41578
sample_02540.jpg,62.69884,-13.682201
sample_02541.jpg,-8.747498,-41.761868
sample_02542.jpg,-38.783215,-57.99528
sample_02543.jpg,22.822634,-10.214202
sample_02544.jpg,72.34914,9.01488
sample_02545.jpg,0.42370853,16.811134
sample_02546.jpg,15.6765995,-60.19073
sample_02547.jpg,-1.800509,-3.8157213
sample_02548.jpg,-27.154306,-0.9474432
sample_02549.jpg,28.90669,8.99336
sample_02550.jpg,14.60793,29.443735
sample_02551.jpg,37.345,-12.0390625
sample_02552.jpg,-46.049423,-7.0303936
sample_02553.jpg,-74.70122,13.938436
sample_02554.jpg,-50.615246,-21.855581
sample_02555.jpg,-26.577892,-7.8596134
sample_02556.jpg,27.384197,23.486948
sample_02557.jpg,10.073518,36.63233
sample_02558.jpg,27.532122,31.644766
sample_02559.jpg,19.38466,43.26271
sample_02560.jpg,34.95298,29.583437
sample_02561.jpg,52.927082,-10.861712
sample_02562.jpg,-44.988155,4.3165245
sample_02563.jpg,-34.21267,-27.72124
sample_02564.jpg,36.12082,43.390686
sample_02565.jpg,-47.63927,49.10153
sample_02566.jpg,-5.122825,-36.176594
sample_02567.jpg,-15.121668,42.352905
sample_02568.jpg,-46.575447,8.682594
sample_02569.jpg,-47.006107,46.913044
sample_02570.jpg,-29.359327,-54.121437
sample_02571.jpg,-32.69288,-14.941756
sample_02572.jpg,49.78484,22.45002
sample_02573.jpg,-68.76637,16.50869
sample_02574.jpg,2.705785,2.8977203
sample_02575.jpg,2.1628525,30.800312
sample_02576.jpg,-4.3547497,-12.908086
sample_02577.jpg,22.375671,27.123632
sample_02578.jpg,-1.2113295,25.587505
sample_02579.jpg,50.511124,24.615252
sample_02580.jpg,-33.78512,-7.3227572
sample_02581.jpg,-39.186676,-3.590359
sample_02582.jpg,15.24453,-10.068718
sample_02583.jpg,-4.7096233,-2.745723
sample_02584.jpg,-5.9563046,16.8858
sample_02585.jpg,10.689603,-64.998634
sample_02586.jpg,27.126057,-8.274879
sample_02587.jpg,51.78969,1.773433
sample_02588.jpg,-19.96941,15.182328
sample_02589.jpg,35.719303,16.301302
sample_02590.jpg,-35.46915,50.68004
sample_02591.jpg,50.19067,-12.035013
sample_02592.jpg,8.331895,-30.887041
sample_02593.jpg,-9.822412,18.55108
sample_02594.jpg,-15.749607,7.1618257
sample_02595.jpg,-57.009,-20.180424
sample_02596.jpg,21.128035,24.289385
sample_02597.jpg,0.0415438,4.9307404
sample_02598.jpg,24.027845,-51.542152
sample_02599.jpg,43.706608,6.4419413
sample_02600.jpg,-31.4034,8.649696
sample_02601.jpg,27.972412,21.946558
sample_02602.jpg,-31.461071,13.388894
sample_02603.jpg,-10.321529,47.781677
sample_02604.jpg,19.298258,-58.95175
sample_02605.jpg,-49.735756,-15.782127
sample_02606.jpg,-45.74433,2.2527606
sample_02607.jpg,-13.650282,-47.492065
sample_02608.jpg,-2.2488008,18.384628
sample_02609.jpg,42.958874,-15.51508
sample_02610.jpg,-1.5858414,30.305847
sample_02611.jpg,2.3829987,-7.839804
sample_02612.jpg,48.51866,-15.30555
sample_02613.jpg,48.87244,8.192783
sample_02614.jpg,26.814241,17.217264
sample_02615.jpg,14.566697,-20.161718
sample_02616.jpg,15.547816,-12.72444
sample_02617.jpg,-42.43976,50.190453
sample_02618.jpg,59.337017,-12.328682
sample_02619.jpg,46.811623,5.1013956
sample_02620.jpg,24.433815,24.816877
sample_02621.jpg,-8.540264,19.155874
sample_02622.jpg,-48.538563,-12.411091
sample_02623.jpg,-46.56784,-8.036692
sample_02624.jpg,-10.612235,39.440945
sample_02625.jpg,-59.4992,-31.11613
sample_02626.jpg,-21.090015,3.9279847
sample_02627.jpg,5.375975,19.860792
sample_02628.jpg,21.959743,-54.577305
sample_02629.jpg,6.3746486,-66.09954
sample_02630.jpg,23.2557,-48.051384
sample_02631.jpg,-69.905,13.29258
sample_02632.jpg,-43.71829,-53.964222
sample_02633.jpg,13.164039,-9.959985
sample_02634.jpg,-44.390907,-19.845963
sample_02635.jpg,-21.600838,19.362457
sample_02636.jpg,-4.43807,25.715612
sample_02637.jpg,2.4283338,20.215406
sample_02638.jpg,67.62035,-4.4048786
sample_02639.jpg,16.140207,-2.9831696
sample_02640.jpg,-10.41411,25.30577
sample_02641.jpg,-29.13258,-6.547517
sample_02642.jpg,52.77276,-13.382807
sample_02643.jpg,-35.08775,2.4285514
sample_02644.jpg,-10.885444,18.636044
sample_02645.jpg,35.959366,10.871807
sample_02646.jpg,43.885723,21.37309
sample_02647.jpg,-58.197247,-16.903193
sample_02648.jpg,-64.97279,19.049297
sample_02649.jpg,-34.386417,51.37678
sample_02650.jpg,-22.934654,-0.54431444
sample_02651.jpg,-35.224335,1.5550127
sample_02652.jpg,-46.826473,-10.814898
sample_02653.jpg,39.76729,1.2950772
sample_02654.jpg,70.12286,8.948951
sample_02655.jpg,-15.247368,-49.034187
sample_02656.jpg,-22.81633,-16.990654
sample_02657.jpg,-14.299429,-48.631123
sample_02658.jpg,31.611471,8.9377365
sample_02659.jpg,-41.53294,-9.525238
sample_02660.jpg,42.811302,6.861341
sample_02661.jpg,13.928046,-64.90054
sample_02662.jpg,45.255432,-14.078851
sample_02663.jpg,-35.313614,-57.037655
sample_02664.jpg,-40.291054,-10.48284
sample_02665.jpg,-49.511734,-19.925747
sample_02666.jpg,45.91282,3.828984
sample_02667.jpg,41.170742,-13.635727
sample_02668.jpg,-56.955624,-31.725042
sample_02669.jpg,-34.760845,-28.392218
sample_02670.jpg,-11.930141,5.9309297
sample_02671.jpg,-29.407328,12.071283
sample_02672.jpg,-23.672653,25.405872
sample_02673.jpg,21.201286,-53.928555
sample_02674.jpg,-10.8332405,-40.638504
sample_02675.jpg,-36.189137,6.4568777
sample_02676.jpg,44.102356,20.323225
sample_02677.jpg,49.130608,-15.717709
sample_02678.jpg,0.5266722,42.02831
sample_02679.jpg,1.4762715,-66.0142
sample_02680.jpg,-28.388273,-6.017665
sample_02681.jpg,13.388607,-2.5393977
sample_02682.jpg,-44.023533,-4.7149053
sample_02683.jpg,9.514989,31.850294
sample_02684.jpg,-30.28109,-19.398321
sample_02685.jpg,-17.594858,-48.95063
sample_02686.jpg,48.34693,0.73502123
sample_02687.jpg,12.291159,28.504688
sample_02688.jpg,-50.754215,-18.65591
sample_02689.jpg,-10.003463,-39.82668
sample_02690.jpg,2.2836332,-7.4673557
sample_02691.jpg,-59.101776,-31.524591
sample_02692.jpg,-68.267426,17.280045
sample_02693.jpg,10.906208,38.61044
sample_02694.jpg,6.63659,-4.728662
sample_02695.jpg,-9.36441,16.254406
sample_02696.jpg,-21.35209,8.501319
sample_02697.jpg,20.928228,41.09434
sample_02698.jpg,-27.500233,-16.573591
sample_02699.jpg,9.197369,-7.279141
sample_02700.jpg,-38.64912,8.526661
sample_02701.jpg,-49.03069,-11.72236
sample_02702.jpg,11.83603,14.009334
sample_02703.jpg,-2.741348,47.8815
sample_02704.jpg,39.561924,27.284088
sample_02705.jpg,-42.95211,-4.7277822
sample_02706.jpg,42.11981,46.261375
sample_02707.jpg,20.5908,42.49421
sample_02708.jpg,-38.40021,-2.9379623
sample_02709.jpg,-18.940231,27.392094
sample_02710.jpg,-46.153057,-9.413371
sample_02711.jpg,-58.999474,-19.01796
sample_02712.jpg,38.730064,43.850258
sample_02713.jpg,-3.2033937,-7.2815657
sample_02714.jpg,41.55354,47.562233
sample_02715.jpg,9.527824,-20.1611
sample_02716.jpg,24.233736,26.53035
sample_02717.jpg,4.1741095,27.145956
sample_02718.jpg,46.35965,6.3738403
sample_02719.jpg,16.185574,25.124607
sample_02720.jpg,71.1225,7.415187
sample_02721.jpg,33.538467,23.563818
sample_02722.jpg,-7.3430877,18.470568
sample_02723.jpg,21.901373,4.64509
sample_02724.jpg,-24.223728,3.3129334
sample_02725.jpg,-51.116814,-8.954657
sample_02726.jpg,-51.514275,-9.461828
sample_02727.jpg,-60.500114,18.702816
sample_02728.jpg,-54.302803,-10.60477
sample_02729.jpg,8.677227,-4.2615414
sample_02730.jpg,-21.468588,-5.8872457
sample_02731.jpg,2.9413552,26.967041
sample_02732.jpg,18.014679,21.617596
sample_02733.jpg,54.065697,0.38988948
sample_02734.jpg,27.511251,39.585957
sample_02735.jpg,56.948666,-8.00603
sample_02736.jpg,13.547102,43.82279
sample_02737.jpg,-50.184315,4.1189466
sample_02738.jpg,-31.608917,-13.170174
sample_02739.jpg,15.841668,-7.6614256
sample_02740.jpg,-22.277752,-56.758396
sample_02741.jpg,44.96498,-14.639959
sample_02742.jpg,-16.56067,25.419754
sample_02743.jpg,-42.01007,-7.4959645
sample_02744.jpg,28.99795,-6.8298464
sample_02745.jpg,-34.064327,-19.226921
sample_02746.jpg,-45.89067,-8.298615
sample_02747.jpg,-58.62828,-28.77117
sample_02748.jpg,35.763283,20.551392
sample_02749.jpg,35.869816,50.211903
sample_02750.jpg,-49.86238,-21.452873
sample_02751.jpg,-40.901196,3.948091
sample_02752.jpg,14.421154,-7.582213
sample_02753.jpg,-15.780142,32.43456
sample_02754.jpg,-9.060303,8.878645
sample_02755.jpg,19.784538,29.134848
sample_02756.jpg,37.532295,10.973056
sample_02757.jpg,21.697966,-48.622
sample_02758.jpg,15.222517,-59.679585
sample_02759.jpg,-5.016624,30.81952
sample_02760.jpg,-8.000207,-45.202133
sample_02761.jpg,0.68649954,8.213945
sample_02762.jpg,1.4886316,10.363568
sample_02763.jpg,33.77509,12.408619
sample_02764.jpg,41.344242,47.741493
sample_02765.jpg,-16.129866,47.432438
sample_02766.jpg,32.93686,41.890022
sample_02767.jpg,-6.754489,9.326243
sample_02768.jpg,-22.010525,27.112425
sample_02769.jpg,34.574055,16.57112
sample_02770.jpg,63.209015,12.65141
sample_02771.jpg,65.65792,-0.36451438
sample_02772.jpg,59.98966,-3.8567789
sample_02773.jpg,53.558277,-4.813248
sample_02774.jpg,-15.305928,40.24452
sample_02775.jpg,3.97728,-66.64001
sample_02776.jpg,59.700893,1.0406272
sample_02777.jpg,-5.9100847,21.336924
sample_02778.jpg,-16.232386,13.55209
sample_02779.jpg,-8.151114,53.74435
sample_02780.jpg,-44.664436,-8.91016
sample_02781.jpg,-36.68624,13.937349
sample_02782.jpg,-31.42006,33.988453
sample_02783.jpg,13.0549755,15.66794
sample_02784.jpg,-1.8948872,-72.40849
sample_02785.jpg,12.844327,8.769503
sample_02786.jpg,18.449604,-58.00814
sample_02787.jpg,52.94872,-17.727533
sample_02788.jpg,39.50659,6.0742607
sample_02789.jpg,11.387539,30.301477
sample_02790.jpg,45.772026,-25.922358
sample_02791.jpg,-36.190613,7.1768146
sample_02792.jpg,-23.328245,0.14818412
sample_02793.jpg,-22.097397,9.006709
sample_02794.jpg,23.49963,34.17572
sample_02795.jpg,17.318134,16.317305
sample_02796.jpg,1.942961,-67.787224
sample_02797.jpg,8.647384,14.684939
sample_02798.jpg,69.88408,-12.8112
sample_02799.jpg,8.163755,-68.972824
sample_02800.jpg,-24.211647,-18.215412
sample_02801.jpg,24.407362,17.467789
sample_02802.jpg,-31.745901,-58.639637
sample_02803.jpg,21.277006,18.790234
sample_02804.jpg,70.04375,-4.2049785
sample_02805.jpg,-34.960102,-27.104412
sample_02806.jpg,6.6304803,33.73417
sample_02807.jpg,36.208164,19.659986
sample_02808.jpg,-0.14678745,6.7774973
sample_02809.jpg,38.90754,31.91615
sample_02810.jpg,-8.032686,24.664333
sample_02811.jpg,9.033139,18.046408
sample_02812.jpg,-35.826042,-55.992382
sample_02813.jpg,-18.784456,22.982546
sample_02814.jpg,15.097598,-4.9477515
sample_02815.jpg,-3.853626,-71.19038
sample_02816.jpg,0.32807294,15.380069
sample_02817.jpg,15.033646,20.798548
sample_02818.jpg,-40.60603,-1.7882054
sample_02819.jpg,-26.750172,-19.048832
sample_02820.jpg,-2.8839493,-4.972017
sample_02821.jpg,-24.865635,-55.74781
sample_02822.jpg,34.660336,31.222364
sample_02823.jpg,51.56098,-19.82668
sample_02824.jpg,1.5937233,-6.8658447
sample_02825.jpg,1.986449,28.931776
sample_02826.jpg,18.367552,13.165465
sample_02827.jpg,-6.7806277,-9.224285
sample_02828.jpg,-38.9106,-5.712843
sample_02829.jpg,-5.4200644,14.41493
sample_02830.jpg,57.604923,-11.162872
sample_02831.jpg,-6.038844,-17.642742
sample_02832.jpg,7.5487237,34.96439
sample_02833.jpg,60.279366,6.1097784
sample_02834.jpg,-0.23628987,-9.028979
sample_02835.jpg,23.03738,29.507519
sample_02836.jpg,8.952471,23.091713
sample_02837.jpg,61.578987,-7.5738025
sample_02838.jpg,-34.542572,-5.321308
sample_02839.jpg,-24.226076,-51.603985
sample_02840.jpg,0.8591371,41.783348
sample_02841.jpg,-3.3953001,-34.57204
sample_02842.jpg,-14.689965,-11.384948
sample_02843.jpg,-10.461966,-12.871753
sample_02844.jpg,-63.614895,20.318163
sample_02845.jpg,15.022073,-52.908424
sample_02846.jpg,53.902588,-2.6696754
sample_02847.jpg,-7.863159,15.981637
sample_02848.jpg,41.7485,14.295713
sample_02849.jpg,0.7508377,45.437244
sample_02850.jpg,25.128428,7.1546173
sample_02851.jpg,22.915344,29.561043
sample_02852.jpg,38.771996,14.566658
sample_02853.jpg,44.011555,-11.719185
sample_02854.jpg,-65.67501,16.987263
sample_02855.jpg,-19.767834,16.951988
sample_02856.jpg,10.200269,21.661583
sample_02857.jpg,-2.0658643,5.8242755
sample_02858.jpg,-18.759556,-3.9598265
sample_02859.jpg,-60.6775,18.916704
sample_02860.jpg,-33.280834,-11.030414
sample_02861.jpg,32.872013,11.267484
sample_02862.jpg,44.91534,20.221228
sample_02863.jpg,-40.286747,1.8778802
sample_02864.jpg,15.965546,-2.2015224
sample_02865.jpg,-24.253307,2.1031663
sample_02866.jpg,53.19349,-2.4743345
sample_02867.jpg,-8.274351,36.172997
sample_02868.jpg,25.95702,31.733341
sample_02869.jpg,-37.011063,11.385202
sample_02870.jpg,-9.322712,-44.5476
sample_02871.jpg,24.15887,46.357056
sample_02872.jpg,50.8582,14.942643
sample_02873.jpg,-12.41813,-45.88284
sample_02874.jpg,-14.913056,19.147924
sample_02875.jpg,21.052246,30.120924
sample_02876.jpg,28.515757,40.75703
sample_02877.jpg,45.947685,4.2097535
sample_02878.jpg,13.897764,-59.334263
sample_02879.jpg,-45.691483,49.440464
sample_02880.jpg,-35.40655,-3.8497899
sample_02881.jpg,20.771042,30.765863
sample_02882.jpg,25.261137,21.432114
sample_02883.jpg,-4.416632,24.638905
sample_02884.jpg,-0.031912625,-14.291127
sample_02885.jpg,16.044195,-56.376713
sample_02886.jpg,24.215363,5.669756
sample_02887.jpg,-16.94679,35.538673
sample_02888.jpg,0.5199998,34.166023
sample_02889.jpg,-18.686285,2.641679
sample_02890.jpg,-19.92874,8.148614
sample_02891.jpg,-8.631564,-41.45455
sample_02892.jpg,56.143154,17.639444
sample_02893.jpg,22.766222,16.820469
sample_02894.jpg,22.026196,8.689398
sample_02895.jpg,44.038193,5.1904883
sample_02896.jpg,-7.1448092,28.696552
sample_02897.jpg,4.1800385,1.535575
sample_02898.jpg,41.519627,44.12936
sample_02899.jpg,-37.890736,2.0352457
sample_02900.jpg,58.42014,-1.4099991
sample_02901.jpg,-2.4452534,-17.724752
sample_02902.jpg,38.156227,15.589886
sample_02903.jpg,29.16548,15.629012
sample_02904.jpg,-58.53466,-18.827435
sample_02905.jpg,44.850163,-9.997488
sample_02906.jpg,-56.753185,-31.022987
sample_02907.jpg,42.669838,5.54553
sample_02908.jpg,30.251976,25.756542
sample_02909.jpg,15.981531,3.1640987
sample_02910.jpg,6.214928,19.074942
sample_02911.jpg,2.6929767,-68.84123
sample_02912.jpg,26.590714,27.596867
sample_02913.jpg,-56.726486,-25.838594
sample_02914.jpg,33.35111,-14.300359
sample_02915.jpg,-40.416103,-11.786349
sample_02916.jpg,-50.22489,-9.021745
sample_02917.jpg,-1.2423263,44.45105
sample_02918.jpg,-2.7186406,31.569654
sample_02919.jpg,14.086695,-21.174805
sample_02920.jpg,-27.720158,8.359846
sample_02921.jpg,-40.626,16.55195
sample_02922.jpg,-33.68774,-56.044594
sample_02923.jpg,-50.706814,-29.515007
sample_02924.jpg,1.121894,40.69217
sample_02925.jpg,-47.533348,3.728206
sample_02926.jpg,2.1802542,-0.6450433
sample_02927.jpg,-22.936958,18.665258
sample_02928.jpg,-50.3251,-8.425955
sample_02929.jpg,-4.404568,38.848083
sample_02930.jpg,19.952347,11.890498
sample_02931.jpg,3.7690055,15.4860115
sample_02932.jpg,-21.971266,-4.283599
sample_02933.jpg,36.395912,5.9177837
sample_02934.jpg,13.721852,-24.846588
sample_02935.jpg,-34.65182,-28.429523
sample_02936.jpg,-14.824721,-2.200268
sample_02937.jpg,-12.827251,8.249086
sample_02938.jpg,2.6875966,-11.325768
sample_02939.jpg,34.421646,-9.2177
sample_02940.jpg,-25.52652,26.004124
sample_02941.jpg,-65.621315,19.176231
sample_02942.jpg,-40.457954,-16.714867
sample_02943.jpg,-51.959064,47.031223
sample_02944.jpg,-12.332857,-47.624638
sample_02945.jpg,59.957523,1.3734212
sample_02946.jpg,-17.610859,-52.314373
sample_02947.jpg,-34.513634,-4.8785214
sample_02948.jpg,-18.698538,16.255154
sample_02949.jpg,30.082655,13.891221
sample_02950.jpg,50.52405,24.152874
sample_02951.jpg,9.83214,-67.123856
sample_02952.jpg,-67.77177,18.900698
sample_02953.jpg,-34.552536,10.52076
sample_02954.jpg,-5.3321886,-35.156826
sample_02955.jpg,29.069117,26.390306
sample_02956.jpg,47.77952,-13.979108
sample_02957.jpg,-41.280373,-4.0955677
sample_02958.jpg,-48.51386,-27.108244
sample_02959.jpg,34.29605,2.4087086
sample_02960.jpg,19.204021,16.295378
sample_02961.jpg,72.60412,7.352066
sample_02962.jpg,-38.458652,-56.076923
sample_02963.jpg,-42.505226,49.247677
sample_02964.jpg,38.845005,-25.726353
sample_02965.jpg,63.630592,10.032976
sample_02966.jpg,-40.880436,-3.6626525
sample_02967.jpg,-22.967293,0.571542
sample_02968.jpg,-60.78376,-31.944271
sample_02969.jpg,15.808201,-6.1342177
sample_02970.jpg,-50.53229,49.35297
sample_02971.jpg,10.398468,5.1156073
sample_02972.jpg,17.150932,39.200466
sample_02973.jpg,14.916561,-20.529648
sample_02974.jpg,6.9951863,-66.40647
sample_02975.jpg,-32.756645,31.898895
sample_02976.jpg,-8.501938,23.684908
sample_02977.jpg,46.531254,9.540583
sample_02978.jpg,-20.504866,-48.58913
sample_02979.jpg,53.12988,-6.0718756
sample_02980.jpg,24.863482,10.50224
sample_02981.jpg,20.96283,25.973219
sample_02982.jpg,-10.155563,16.105518
sample_02983.jpg,-74.2653,14.869188
sample_02984.jpg,56.460236,3.0440078
sample_02985.jpg,11.867625,-21.338732
sample_02986.jpg,50.539677,23.868444
sample_02987.jpg,1.4354768,-12.746948
sample_02988.jpg,-12.237162,8.477731
sample_02989.jpg,-20.768045,3.4166906
sample_02990.jpg,-2.1198819,14.947609
sample_02991.jpg,13.108112,23.043997
sample_02992.jpg,-33.578335,1.6119989
sample_02993.jpg,4.612697,-6.825258
sample_02994.jpg,-18.487629,12.425768
sample_02995.jpg,27.990053,16.571901
sample_02996.jpg,22.504759,25.030186
sample_02997.jpg,63.504066,5.305035
sample_02998.jpg,-37.20657,-19.847532
sample_02999.jpg,16.804829,-58.360474
sample_03000.jpg,18.820444,37.42012
sample_03001.jpg,49.935093,3.8438787
sample_03002.jpg,1.0178983,-67.37568
sample_03003.jpg,-44.900635,-7.709874
sample_03004.jpg,-47.633392,-8.3199835
sample_03005.jpg,-26.01088,7.2128158
sample_03006.jpg,14.319325,2.787763
sample_03007.jpg,-5.752187,43.903217
sample_03008.jpg,62.820576,10.065133
sample_03009.jpg,-35.262577,0.339607
sample_03010.jpg,52.974224,0.34663537
sample_03011.jpg,-53.05918,-29.898361
sample_03012.jpg,1.9572482,-66.21658
sample_03013.jpg,55.42428,-8.293032
sample_03014.jpg,-18.768795,-13.885575
sample_03015.jpg,-29.58663,-6.7283645
sample_03016.jpg,4.0095577,16.574093
sample_03017.jpg,31.148073,1.3816385
sample_03018.jpg,-21.758497,16.365229
sample_03019.jpg,-14.82644,43.728886
sample_03020.jpg,64.62678,-14.161964
sample_03021.jpg,-53.36312,-6.13274
sample_03022.jpg,-12.743856,16.888742
sample_03023.jpg,-68.5334,12.983345
sample_03024.jpg,32.90664,14.80294
sample_03025.jpg,0.098566726,43.26862
sample_03026.jpg,2.6692052,15.263084
sample_03027.jpg,-11.961832,41.838997
sample_03028.jpg,-13.059552,-2.09659
sample_03029.jpg,31.508837,15.505821
sample_03030.jpg,-11.852173,-46.27319
sample_03031.jpg,27.819511,47.08769
sample_03032.jpg,19.252848,38.94239
sample_03033.jpg,-42.74091,-10.006419
sample_03034.jpg,4.0291204,27.995062
sample_03035.jpg,-35.149406,-15.342619
sample_03036.jpg,-29.198948,-14.320021
sample_03037.jpg,-9.658947,17.651333
sample_03038.jpg,-64.08013,19.266764
sample_03039.jpg,-11.88012,47.78117
sample_03040.jpg,29.933405,37.553814
sample_03041.jpg,-4.8196254,32.38944
sample_03042.jpg,-75.40291,13.2549
sample_03043.jpg,-27.831247,4.137819
sample_03044.jpg,-47.419765,-25.247412
sample_03045.jpg,3.5789535,10.616761
sample_03046.jpg,16.101965,25.536161
sample_03047.jpg,-29.853365,-6.832694
sample_03048.jpg,-57.918667,-31.83096
sample_03049.jpg,39.949078,-7.5818663
sample_03050.jpg,-6.4832597,16.873531
sample_03051.jpg,27.655363,-44.411472
sample_03052.jpg,-6.301433,-33.946342
sample_03053.jpg,-5.0666776,39.623363
sample_03054.jpg,31.404993,-11.669489
sample_03055.jpg,-21.261745,18.009665
sample_03056.jpg,-22.939936,5.9801846
sample_03057.jpg,53.585556,-8.3524065
sample_03058.jpg,-39.701157,50.991486
sample_03059.jpg,-57.86073,-32.576675
sample_03060.jpg,-52.34701,-20.31788
sample_03061.jpg,-14.49388,13.233676
sample_03062.jpg,-41.87779,-23.501604
sample_03063.jpg,-39.825623,1.8705375
sample_03064.jpg,-11.995378,22.909645
sample_03065.jpg,-27.182606,-57.577377
sample_03066.jpg,36.585445,23.241707
sample_03067.jpg,28.174082,-2.0654633
sample_03068.jpg,35.400578,41.237988
sample_03069.jpg,22.182938,38.266724
sample_03070.jpg,45.77776,4.9832654
sample_03071.jpg,33.296967,-12.235417
sample_03072.jpg,10.030453,-0.19141528
sample_03073.jpg,-20.61133,1.4104764
sample_03074.jpg,40.32695,45.051308
sample_03075.jpg,-15.472453,9.077215
sample_03076.jpg,29.284723,-24.843195
sample_03077.jpg,33.73682,4.450238
sample_03078.jpg,-4.071431,-35.38206
sample_03079.jpg,13.432957,-65.762276
sample_03080.jpg,51.73281,-20.159811
sample_03081.jpg,23.408943,1.932449
sample_03082.jpg,28.237099,27.365547
sample_03083.jpg,-33.95716,2.1415577
sample_03084.jpg,-0.424362,9.095663
sample_03085.jpg,42.246033,7.6956663
sample_03086.jpg,-50.222057,-9.993332
sample_03087.jpg,11.222535,-8.192091
sample_03088.jpg,4.1971316,35.774525
sample_03089.jpg,-18.522661,20.451658
sample_03090.jpg,-43.698353,-54.295803
sample_03091.jpg,4.5212073,-13.388619
sample_03092.jpg,9.735537,39.268074
sample_03093.jpg,7.162508,25.228958
sample_03094.jpg,61.29715,-20.129688
sample_03095.jpg,71.01624,7.351086
sample_03096.jpg,-12.697948,26.012981
sample_03097.jpg,-47.333546,-9.221502
sample_03098.jpg,40.515446,12.193861
sample_03099.jpg,7.12848,34.557762
sample_03100.jpg,-18.461136,-8.496421
sample_03101.jpg,2.396106,-13.253567
sample_03102.jpg,20.96756,11.343272
sample_03103.jpg,-46.9247,-1.4284085
sample_03104.jpg,-56.19031,-19.707235
sample_03105.jpg,34.32545,-8.058932
sample_03106.jpg,-70.708374,9.847224
sample_03107.jpg,50.603237,2.7485802
sample_03108.jpg,-41.335922,-5.670143
sample_03109.jpg,-5.6704583,-37.360775
sample_03110.jpg,-42.07131,-8.8773775
sample_03111.jpg,-16.054342,-49.70162
sample_03112.jpg,-41.432682,50.714855
sample_03113.jpg,60.455185,4.332067
sample_03114.jpg,30.013245,12.400112
sample_03115.jpg,25.156876,-4.298981
sample_03116.jpg,-47.729546,-25.105497
sample_03117.jpg,-35.700047,20.915297
sample_03118.jpg,-56.290264,-10.269996
sample_03119.jpg,45.7924,8.540008
sample_03120.jpg,49.69292,-15.615155
sample_03121.jpg,47.00253,11.972408
sample_03122.jpg,26.605257,35.69872
sample_03123.jpg,-35.949673,-6.405687
sample_03124.jpg,-8.656761,17.68479
sample_03125.jpg,15.659536,-61.82551
sample_03126.jpg,-51.4799,-12.147244
sample_03127.jpg,-15.424229,-52.298615
sample_03128.jpg,16.807459,19.59175
sample_03129.jpg,-14.260761,9.72565
sample_03130.jpg,-15.763715,12.173782
sample_03131.jpg,43.2563,-2.3245535
sample_03132.jpg,7.9909773,-7.9894347
sample_03133.jpg,-44.419914,-7.4481945
sample_03134.jpg,1.7026204,16.239597
sample_03135.jpg,-54.285233,-24.126343
sample_03136.jpg,-21.38641,-57.669823
sample_03137.jpg,-20.876915,-44.47803
sample_03138.jpg,-56.52692,-21.605846
sample_03139.jpg,8.911881,-11.316565
sample_03140.jpg,29.069668,16.45004
sample_03141.jpg,38.07939,36.85552
sample_03142.jpg,25.774263,16.912594
sample_03143.jpg,-29.829824,-10.036096
sample_03144.jpg,20.682074,16.779865
sample_03145.jpg,-35.14403,-0.787813
sample_03146.jpg,-41.243496,49.872128
sample_03147.jpg,67.45764,-11.596543
sample_03148.jpg,-21.86076,12.02992
sample_03149.jpg,7.484642,17.238367
sample_03150.jpg,-48.57649,-2.4649842
sample_03151.jpg,-23.740791,-16.329662
sample_03152.jpg,-15.455906,20.930075
sample_03153.jpg,-55.63045,-11.102042
sample_03154.jpg,-41.962723,14.197432
sample_03155.jpg,27.135296,22.23396
sample_03156.jpg,-41.00986,-4.9857306
sample_03157.jpg,19.909754,-58.44685
sample_03158.jpg,-4.287146,-20.93906
sample_03159.jpg,-5.247211,-34.98023
sample_03160.jpg,-8.811302,45.11302
sample_03161.jpg,1.2375917,-11.229679
sample_03162.jpg,-55.253357,-27.24056
sample_03163.jpg,-24.488499,19.907043
sample_03164.jpg,-34.402092,-6.146159
sample_03165.jpg,47.96143,11.623286
sample_03166.jpg,16.02597,-25.811079
sample_03167.jpg,-8.542343,-43.66423
sample_03168.jpg,36.357567,43.613537
sample_03169.jpg,25.066946,38.434338
sample_03170.jpg,40.04994,17.17553
sample_03171.jpg,-18.94983,-5.680627
sample_03172.jpg,37.700863,-8.840799
sample_03173.jpg,67.180504,-12.468117
sample_03174.jpg,-47.894466,48.889267
sample_03175.jpg,13.472746,-7.7885356
sample_03176.jpg,22.978832,11.266534
sample_03177.jpg,-20.663954,-54.575996
sample_03178.jpg,-49.82425,49.128304
sample_03179.jpg,-8.867989,29.907347
sample_03180.jpg,21.38754,31.177193
sample_03181.jpg,14.829143,22.457289
sample_03182.jpg,-2.7043595,31.6967
sample_03183.jpg,55.133205,-2.356451
sample_03184.jpg,-47.15402,-25.845446
sample_03185.jpg,-41.052013,-18.81447
sample_03186.jpg,-3.131428,3.6975641
sample_03187.jpg,39.36988,23.953857
sample_03188.jpg,21.318901,-5.4688535
sample_03189.jpg,68.02479,-7.8425455
sample_03190.jpg,-14.449367,-10.699661
sample_03191.jpg,7.5597157,10.022458
sample_03192.jpg,-10.678702,7.15417
sample_03193.jpg,-72.39535,15.251229
sample_03194.jpg,45.783245,-0.42373332
sample_03195.jpg,-57.29976,-29.338581
sample_03196.jpg,24.988867,10.304247
sample_03197.jpg,9.8940325,20.955677
sample_03198.jpg,58.281612,-1.3203763
sample_03199.jpg,38.65377,-12.800818
sample_03200.jpg,-5.956726,-37.45565
sample_03201.jpg,10.343576,7.2271366
sample_03202.jpg,8.61857,-65.88229
sample_03203.jpg,-12.754017,8.610079
sample_03204.jpg,34.10291,32.05927
sample_03205.jpg,-14.068074,16.531403
sample_03206.jpg,1.8868884,-71.921234
sample_03207.jpg,10.792569,29.434711
sample_03208.jpg,-10.425909,31.687376
sample_03209.jpg,-13.906215,10.430978
sample_03210.jpg,-24.764374,11.190419
sample_03211.jpg,-5.615331,18.76945
sample_03212.jpg,-30.50951,-5.591375
sample_03213.jpg,-4.79336,-34.86672
sample_03214.jpg,24.399199,26.706198
sample_03215.jpg,52.17234,16.240295
sample_03216.jpg,-28.093832,-12.5325
sample_03217.jpg,25.426792,26.920658
sample_03218.jpg,20.968756,-49.525814
sample_03219.jpg,-58.920025,-2.3261466
sample_03220.jpg,-25.526178,19.531261
sample_03221.jpg,-48.68758,-3.229277
sample_03222.jpg,32.337074,37.976116
sample_03223.jpg,34.622734,8.321791
sample_03224.jpg,-2.6316552,1.0054742
sample_03225.jpg,8.66229,-36.010742
sample_03226.jpg,-64.73785,18.714811
sample_03227.jpg,31.750635,5.04786
sample_03228.jpg,-24.246056,-8.313157
sample_03229.jpg,8.220146,0.51983875
sample_03230.jpg,31.658749,-8.448342
sample_03231.jpg,-15.919116,-48.441845
sample_03232.jpg,32.171978,22.037859
sample_03233.jpg,8.257784,-30.987146
sample_03234.jpg,-25.504236,0.5905735
sample_03235.jpg,2.8277254,16.996168
sample_03236.jpg,2.579155,-69.61512
sample_03237.jpg,63.15663,11.642218
sample_03238.jpg,36.365322,10.272785
sample_03239.jpg,-3.6802998,-6.8308477
sample_03240.jpg,-35.187992,-24.3706
sample_03241.jpg,29.15277,14.073769
sample_03242.jpg,-46.62684,-9.06765
sample_03243.jpg,10.44613,0.7329582
sample_03244.jpg,22.595142,10.3932705
sample_03245.jpg,35.5655,35.119923
sample_03246.jpg,7.4977255,11.497278
sample_03247.jpg,12.317465,-23.2131
sample_03248.jpg,-76.00092,12.618496
sample_03249.jpg,1.9238907,22.705193
sample_03250.jpg,-11.340704,18.963417
sample_03251.jpg,-10.897469,16.5887
sample_03252.jpg,37.66424,27.786932
sample_03253.jpg,-32.649734,6.7043967
sample_03254.jpg,59.525204,-2.550982
sample_03255.jpg,-48.09422,-22.63589
sample_03256.jpg,-50.911446,-23.805555
sample_03257.jpg,42.69459,8.682824
sample_03258.jpg,-2.3943098,30.42603
sample_03259.jpg,0.20008442,15.537541
sample_03260.jpg,-1.3996903,10.714947
sample_03261.jpg,-27.611727,12.581246
sample_03262.jpg,47.727352,-8.895658
sample_03263.jpg,30.47566,-6.766375
sample_03264.jpg,-28.259958,-51.69034
sample_03265.jpg,26.300877,-11.8751545
sample_03266.jpg,-32.383858,16.945038
sample_03267.jpg,43.331696,33.651676
sample_03268.jpg,-34.22569,-51.39462
sample_03269.jpg,-5.8704233,29.773243
sample_03270.jpg,-48.21125,-10.301246
sample_03271.jpg,-41.297714,-12.648261
sample_03272.jpg,32.617435,14.878967
sample_03273.jpg,-23.224617,19.876656
sample_03274.jpg,-18.127277,-13.638053
sample_03275.jpg,-50.758026,-12.48056
sample_03276.jpg,-46.002037,-3.7341435
sample_03277.jpg,49.97447,-12.0247755
sample_03278.jpg,-13.935961,48.70507
sample_03279.jpg,-14.559954,4.9624853
sample_03280.jpg,0.92456514,21.28873
sample_03281.jpg,24.321903,5.733743
sample_03282.jpg,27.130749,18.254116
sample_03283.jpg,50.839096,14.922847
sample_03284.jpg,-33.333004,5.21488
sample_03285.jpg,26.128796,13.601752
sample_03286.jpg,46.797302,-13.195391
sample_03287.jpg,61.590683,-4.3924594
sample_03288.jpg,-14.904688,-13.359613
sample_03289.jpg,36.96977,22.736841
sample_03290.jpg,-5.1771183,50.293804
sample_03291.jpg,-5.776033,28.82642
sample_03292.jpg,38.962074,45.350952
sample_03293.jpg,-36.254326,-2.7350883
sample_03294.jpg,26.1637,5.0577927
sample_03295.jpg,7.748489,26.037731
sample_03296.jpg,-56.278477,-24.688976
sample_03297.jpg,-19.957058,-53.273106
sample_03298.jpg,29.16937,17.272434
sample_03299.jpg,40.457546,44.077904
sample_03300.jpg,-1.9337155,-4.0543017
sample_03301.jpg,-53.372295,-6.226748
sample_03302.jpg,12.471887,22.681053
sample_03303.jpg,50.48137,-17.703346
sample_03304.jpg,57.32383,6.192602
sample_03305.jpg,24.882153,15.453262
sample_03306.jpg,-58.481693,-26.474365
sample_03307.jpg,64.53413,-2.4157898
sample_03308.jpg,-49.074707,-2.824103
sample_03309.jpg,-13.680774,20.291883
sample_03310.jpg,-29.63477,34.06395
sample_03311.jpg,-60.259834,-31.30368
sample_03312.jpg,-3.5436368,-4.3030915
sample_03313.jpg,40.620796,44.044525
sample_03314.jpg,-12.054388,7.116564
sample_03315.jpg,69.58304,-12.692669
sample_03316.jpg,11.878961,-2.078592
sample_03317.jpg,-11.432817,46.461285
sample_03318.jpg,29.856745,-7.0225663
sample_03319.jpg,-28.518116,-56.757538
sample_03320.jpg,53.407185,8.900206
sample_03321.jpg,43.45873,15.943112
sample_03322.jpg,-0.84338444,1.0472348
sample_03323.jpg,40.870537,-14.390394
sample_03324.jpg,-38.594593,-53.278084
sample_03325.jpg,-15.270512,-9.833506
sample_03326.jpg,22.88422,17.19302
sample_03327.jpg,-45.272827,-53.826744
sample_03328.jpg,-41.895046,-13.950202
sample_03329.jpg,32.429398,10.18648
sample_03330.jpg,29.103016,29.71854
sample_03331.jpg,67.96175,-9.79857
sample_03332.jpg,-14.304891,8.81552
sample_03333.jpg,-42.655617,-55.870735
sample_03334.jpg,-18.482756,-19.875538
sample_03335.jpg,20.72471,23.056229
sample_03336.jpg,-33.248695,28.563978
sample_03337.jpg,13.345215,15.070629
sample_03338.jpg,24.14984,19.592396
sample_03339.jpg,18.783108,23.279518
sample_03340.jpg,31.488401,-4.0169935
sample_03341.jpg,28.442188,33.055634
sample_03342.jpg,-41.253937,50.049644
sample_03343.jpg,16.61424,19.824072
sample_03344.jpg,-61.537907,-19.692617
sample_03345.jpg,0.9647582,-73.30771
sample_03346.jpg,-32.321293,34.36255
sample_03347.jpg,-49.534996,-1.1881825
sample_03348.jpg,-4.4314227,9.909977
sample_03349.jpg,1.5018382,42.87856
sample_03350.jpg,52.854042,-10.218261
sample_03351.jpg,0.6996854,25.855473
sample_03352.jpg,11.376179,12.538673
sample_03353.jpg,48.73752,-12.407784
sample_03354.jpg,49.352276,-18.974289
sample_03355.jpg,-38.518353,-15.8555
sample_03356.jpg,-15.001012,-7.60147
sample_03357.jpg,34.97552,-12.227809
sample_03358.jpg,55.147465,10.086601
sample_03359.jpg,32.77584,-7.367081
sample_03360.jpg,-31.191946,-25.51362
sample_03361.jpg,-4.301587,14.340419
sample_03362.jpg,47.985237,7.5460434
sample_03363.jpg,24.170284,37.317413
sample_03364.jpg,-19.203707,5.6821876
sample_03365.jpg,57.980648,6.1142673
sample_03366.jpg,-10.829041,-44.07539
sample_03367.jpg,15.536996,30.645308
sample_03368.jpg,-38.08047,-2.1348243
sample_03369.jpg,12.025111,23.645401
sample_03370.jpg,-38.373394,20.07351
sample_03371.jpg,-11.21189,-39.818897
sample_03372.jpg,55.798264,7.1309304
sample_03373.jpg,-50.018295,-7.890525
sample_03374.jpg,-16.136627,15.669979
sample_03375.jpg,21.942759,19.259321
sample_03376.jpg,-7.7959495,32.04048
sample_03377.jpg,51.968838,4.655324
sample_03378.jpg,-22.05615,38.335133
sample_03379.jpg,-46.45846,-6.234546
sample_03380.jpg,-27.993416,-12.559633
sample_03381.jpg,-46.500237,-21.444092
sample_03382.jpg,-40.401608,-3.6838605
sample_03383.jpg,-57.057182,-26.49226
sample_03384.jpg,21.3156,25.187716
sample_03385.jpg,23.28369,17.447685
sample_03386.jpg,-48.671215,46.428604
sample_03387.jpg,18.654654,6.6945114
sample_03388.jpg,-40.192738,19.14329
sample_03389.jpg,28.304806,-35.69023
sample_03390.jpg,46.82914,20.009533
sample_03391.jpg,10.901449,-67.359726
sample_03392.jpg,-33.278374,5.1940284
sample_03393.jpg,26.495697,34.49569
sample_03394.jpg,46.897903,-1.6806551
sample_03395.jpg,39.208355,7.909782
sample_03396.jpg,-35.283154,14.775911
sample_03397.jpg,9.652051,-65.587166
sample_03398.jpg,-64.40851,19.227312
sample_03399.jpg,-59.358513,21.036701
sample_03400.jpg,-48.45646,-0.767454
sample_03401.jpg,23.967314,23.03157
sample_03402.jpg,-37.399227,-58.283398
sample_03403.jpg,45.845825,-5.1213527
sample_03404.jpg,-57.63882,-18.34963
sample_03405.jpg,10.608012,15.893802
sample_03406.jpg,-8.568045,-5.082741
sample_03407.jpg,-50.416843,-8.323307
sample_03408.jpg,0.58550674,38.55375
sample_03409.jpg,39.50509,5.034086
sample_03410.jpg,-38.13903,-17.456497
sample_03411.jpg,39.72241,16.179342
sample_03412.jpg,1.2342489,-73.38772
sample_03413.jpg,26.621893,-44.27565
sample_03414.jpg,-31.089785,17.978369
sample_03415.jpg,-61.26362,-20.825298
sample_03416.jpg,-30.894764,-0.5116588
sample_03417.jpg,25.396679,-52.489544
sample_03418.jpg,63.146175,3.988618
sample_03419.jpg,34.88542,11.814696
sample_03420.jpg,68.727585,-6.958633
sample_03421.jpg,37.966442,-8.766361
sample_03422.jpg,-32.591663,-15.338938
sample_03423.jpg,-77.49419,14.44297
sample_03424.jpg,-14.968651,-48.518303
sample_03425.jpg,-21.646708,-57.699398
sample_03426.jpg,-32.180264,12.343863
sample_03427.jpg,-10.368116,-19.64069
sample_03428.jpg,12.912327,-60.752018
sample_03429.jpg,20.85739,15.6725
sample_03430.jpg,23.718609,29.625988
sample_03431.jpg,-27.123503,6.4788036
sample_03432.jpg,-21.966951,30.396276
sample_03433.jpg,32.018993,-1.7291803
sample_03434.jpg,-22.006693,-57.812683
sample_03435.jpg,-41.024014,-21.266066
sample_03436.jpg,-52.91182,-16.091564
sample_03437.jpg,-19.354023,26.340334
sample_03438.jpg,-1.0194536,-25.68672
sample_03439.jpg,-7.356176,46.30204
sample_03440.jpg,-59.457478,-2.365388
sample_03441.jpg,7.5730324,-64.21893
sample_03442.jpg,24.819237,-52.70114
sample_03443.jpg,33.586308,46.722805
sample_03444.jpg,-8.457587,15.714699
sample_03445.jpg,-29.689323,-0.91452926
sample_03446.jpg,-20.944868,-53.942932
sample_03447.jpg,-44.54811,-53.754925
sample_03448.jpg,50.24149,13.126852
sample_03449.jpg,-14.528028,46.022907
sample_03450.jpg,54.79643,-0.5309705
sample_03451.jpg,8.134312,25.577337
sample_03452.jpg,-2.1815522,-8.364076
sample_03453.jpg,37.21709,17.117933
sample_03454.jpg,4.135719,24.784256
sample_03455.jpg,-35.645977,-55.10598
sample_03456.jpg,-5.5797386,18.061224
sample_03457.jpg,30.164143,40.85648
sample_03458.jpg,4.4421425,-1.5643743
sample_03459.jpg,12.933781,-60.481422
sample_03460.jpg,46.90148,0.3497661
sample_03461.jpg,-10.084512,30.026688
sample_03462.jpg,40.827206,2.9273992
sample_03463.jpg,-47.265408,-7.786981
sample_03464.jpg,19.66066,-57.235256
sample_03465.jpg,-36.02506,2.5097752
sample_03466.jpg,-28.79565,-6.1697335
sample_03467.jpg,3.0588913,16.923988
sample_03468.jpg,-42.028164,-3.421733
sample_03469.jpg,-42.69596,-6.5444455
sample_03470.jpg,24.29652,-48.987656
sample_03471.jpg,-46.70821,50.179413
sample_03472.jpg,59.315502,-5.7877107
sample_03473.jpg,45.43538,12.626921
sample_03474.jpg,-16.970882,2.4182827
sample_03475.jpg,-38.027657,48.456524
sample_03476.jpg,22.612585,22.140245
sample_03477.jpg,5.497136,32.251244
sample_03478.jpg,10.580827,15.866287
sample_03479.jpg,-47.045227,-0.30938765
sample_03480.jpg,-0.73728347,-25.481678
sample_03481.jpg,10.549865,41.92824
sample_03482.jpg,-33.160923,7.848872
sample_03483.jpg,16.59318,27.891678
sample_03484.jpg,48.67092,-3.3205667
sample_03485.jpg,-7.609044,47.004536
sample_03486.jpg,-4.688523,12.113943
sample_03487.jpg,47.24462,5.6567326
sample_03488.jpg,-34.64686,51.42691
sample_03489.jpg,4.4653716,33.16092
sample_03490.jpg,35.38627,30.688717
sample_03491.jpg,29.136326,14.801309
sample_03492.jpg,-37.605988,-54.135307
sample_03493.jpg,-36.823048,3.2985792
sample_03494.jpg,63.773968,9.9673395
sample_03495.jpg,-24.45737,19.878468
sample_03496.jpg,-55.151985,-30.332361
sample_03497.jpg,-0.20632769,22.64806
sample_03498.jpg,-2.271214,16.639908
sample_03499.jpg,16.356358,12.825298
sample_03500.jpg,16.449892,-59.95185
sample_03501.jpg,-4.675445,-4.264506
sample_03502.jpg,-34.546753,1.4429735
sample_03503.jpg,35.450207,18.768517
sample_03504.jpg,9.667241,-65.31012
sample_03505.jpg,51.579884,-18.068115
sample_03506.jpg,7.8269033,-61.871918
sample_03507.jpg,-42.377098,-53.348484
sample_03508.jpg,-21.611135,19.092705
sample_03509.jpg,52.108612,6.980982
sample_03510.jpg,-47.770824,-12.138897
sample_03511.jpg,34.2949,22.484056
sample_03512.jpg,36.584175,7.8004913
sample_03513.jpg,14.068609,1.1222558
sample_03514.jpg,-17.485168,21.547253
sample_03515.jpg,24.383427,-51.64886
sample_03516.jpg,-23.975447,9.902453
sample_03517.jpg,-53.18214,-25.224634
sample_03518.jpg,-41.970898,16.375973
sample_03519.jpg,-1.9479524,33.396275
sample_03520.jpg,-37.372295,12.860258
sample_03521.jpg,-31.562212,-2.2619402
sample_03522.jpg,45.41027,-26.081566
sample_03523.jpg,46.04644,30.23478
sample_03524.jpg,19.149223,-57.292435
sample_03525.jpg,-6.4335413,-44.10747
sample_03526.jpg,26.869755,9.692595
sample_03527.jpg,28.068228,-43.70204
sample_03528.jpg,-60.293045,-20.14198
sample_03529.jpg,26.430578,-41.00035
sample_03530.jpg,-36.615414,5.4913535
sample_03531.jpg,-28.458578,0.76073396
sample_03532.jpg,24.275177,36.257187
sample_03533.jpg,-28.724823,7.1637783
sample_03534.jpg,-26.361982,3.7673311
sample_03535.jpg,-35.492096,-11.462831
sample_03536.jpg,40.73159,8.021614
sample_03537.jpg,2.7615747,50.321747
sample_03538.jpg,-55.800232,-12.470364
sample_03539.jpg,-22.10766,15.426932
sample_03540.jpg,41.701702,25.485792
sample_03541.jpg,9.884845,2.0059931
sample_03542.jpg,-6.1426544,8.218348
sample_03543.jpg,-38.706127,-15.960813
sample_03544.jpg,33.818302,14.065294
sample_03545.jpg,3.6842866,22.966625
sample_03546.jpg,-43.263206,-4.0332875
sample_03547.jpg,-19.897871,-53.348286
sample_03548.jpg,-40.462547,49.266056
sample_03549.jpg,37.29429,6.8009486
sample_03550.jpg,33.272556,27.070236
sample_03551.jpg,-0.36553258,31.377508
sample_03552.jpg,26.943268,-4.013126
sample_03553.jpg,-28.665236,0.8108059
sample_03554.jpg,54.398342,20.128113
sample_03555.jpg,-7.4422836,7.908896
sample_03556.jpg,-72.08801,15.368824
sample_03557.jpg,-53.120552,-23.912905
sample_03558.jpg,-65.1802,19.631208
sample_03559.jpg,-14.25548,8.812573
sample_03560.jpg,42.508064,-1.781555
sample_03561.jpg,-58.877834,-33.987484
sample_03562.jpg,40.59247,3.9700663
sample_03563.jpg,41.176517,-12.659083
sample_03564.jpg,14.589337,16.537767
sample_03565.jpg,-1.9268454,0.6672484
sample_03566.jpg,39.62646,11.598237
sample_03567.jpg,-23.042084,-14.853327
sample_03568.jpg,29.85203,12.080874
sample_03569.jpg,-8.616639,43.132126
sample_03570.jpg,-26.611515,-11.577673
sample_03571.jpg,20.327265,33.64032
sample_03572.jpg,17.794676,32.16903
sample_03573.jpg,37.837715,-15.323639
sample_03574.jpg,27.53573,-10.697891
sample_03575.jpg,19.634136,24.343754
sample_03576.jpg,11.967425,-10.127817
sample_03577.jpg,-26.869177,25.998865
sample_03578.jpg,-7.0381627,-9.156765
sample_03579.jpg,-62.667496,-17.942219
sample_03580.jpg,-14.658334,20.738758
sample_03581.jpg,-37.57439,-2.0291839
sample_03582.jpg,69.76013,1.5910319
sample_03583.jpg,-57.21616,-32.06019
sample_03584.jpg,-30.841934,33.045006
sample_03585.jpg,-21.85868,-19.850777
sample_03586.jpg,-46.105476,9.276096
sample_03587.jpg,-32.567554,-55.800854
sample_03588.jpg,-26.360287,-18.390907
sample_03589.jpg,28.873226,23.657452
sample_03590.jpg,-29.153093,-58.04476
sample_03591.jpg,-37.238865,-24.899061
sample_03592.jpg,-40.595493,49.858173
sample_03593.jpg,-35.874104,-10.972734
sample_03594.jpg,-24.768908,-55.75433
sample_03595.jpg,28.471832,12.266675
sample_03596.jpg,2.0353484,-68.12849
sample_03597.jpg,29.23024,17.205122
sample_03598.jpg,30.611486,-28.02777
sample_03599.jpg,-36.027794,-55.935852
sample_03600.jpg,43.420486,-4.251829
sample_03601.jpg,49.00343,21.247593
sample_03602.jpg,36.15792,17.775166
sample_03603.jpg,-9.404964,-11.088613
sample_03604.jpg,-37.14081,18.884106
sample_03605.jpg,10.529905,38.636974
sample_03606.jpg,15.694428,-9.62365
sample_03607.jpg,-3.5957391,-20.68283
sample_03608.jpg,-20.291111,-47.123833
sample_03609.jpg,22.344059,0.7998227
sample_03610.jpg,10.439347,25.258944
sample_03611.jpg,-36.054977,-0.6006116
sample_03612.jpg,26.650557,27.407013
sample_03613.jpg,38.745964,46.247562
sample_03614.jpg,22.54558,28.2011
sample_03615.jpg,17.634445,-58.11369
sample_03616.jpg,26.741867,-4.101767
sample_03617.jpg,25.528984,31.654549
sample_03618.jpg,12.217188,18.81736
sample_03619.jpg,-7.2692156,18.679579
sample_03620.jpg,-3.1900702,12.568742
sample_03621.jpg,-39.747513,-19.88336
sample_03622.jpg,4.231217,23.471825
sample_03623.jpg,-26.615019,8.899903
sample_03624.jpg,-19.130945,11.440566
sample_03625.jpg,25.188946,29.754639
sample_03626.jpg,-53.20771,-13.323323
sample_03627.jpg,8.066891,23.232336
sample_03628.jpg,1.3137575,23.398087
sample_03629.jpg,-49.148582,-13.425428
sample_03630.jpg,42.431183,-12.591147
sample_03631.jpg,50.28242,-3.7748203
sample_03632.jpg,-6.6769266,0.95882726
sample_03633.jpg,-29.423506,-1.7194318
sample_03634.jpg,-33.3448,4.4631104
sample_03635.jpg,28.744911,42.777386
sample_03636.jpg,-19.448595,26.83796
sample_03637.jpg,-69.88759,15.2104
sample_03638.jpg,46.120567,8.975342
sample_03639.jpg,8.840028,15.764898
sample_03640.jpg,-11.220917,-4.761668
sample_03641.jpg,-14.076755,48.96832
sample_03642.jpg,15.616267,32.65633
sample_03643.jpg,3.7209368,-69.63725
sample_03644.jpg,42.104397,-12.151862
sample_03645.jpg,16.61696,41.711845
sample_03646.jpg,-16.299128,-49.430275
sample_03647.jpg,30.490952,32.581104
sample_03648.jpg,-33.08192,-27.2778
sample_03649.jpg,5.193825,-67.86903
sample_03650.jpg,-54.393597,-7.64963
sample_03651.jpg,65.06404,-10.707624
sample_03652.jpg,14.154547,-65.75521
sample_03653.jpg,-9.389756,-44.31026
sample_03654.jpg,-9.844465,7.2713175
sample_03655.jpg,-27.68448,8.435817
sample_03656.jpg,18.23579,21.57723
sample_03657.jpg,17.437746,46.440224
sample_03658.jpg,-15.244791,39.593575
sample_03659.jpg,-71.63165,13.790473
sample_03660.jpg,-8.907987,-5.8000293
sample_03661.jpg,6.109961,17.343374
sample_03662.jpg,-8.231608,44.920624
sample_03663.jpg,49.28192,10.096418
sample_03664.jpg,-14.744976,-48.32497
sample_03665.jpg,-19.413857,6.854926
sample_03666.jpg,35.912342,31.288708
sample_03667.jpg,-23.884079,2.9628975
sample_03668.jpg,43.170708,24.518204
sample_03669.jpg,-18.50333,-51.76037
sample_03670.jpg,-13.936507,14.032994
sample_03671.jpg,21.787863,3.8039465
sample_03672.jpg,-1.2878288,17.232105
sample_03673.jpg,-46.208687,-12.765391
sample_03674.jpg,-31.576944,34.33569
sample_03675.jpg,4.3008103,-7.4572854
sample_03676.jpg,-21.795769,-10.57486
sample_03677.jpg,-48.71342,-10.168655
sample_03678.jpg,-7.312647,-40.82231
sample_03679.jpg,-24.41122,-7.5805817
sample_03680.jpg,48.399155,15.510219
sample_03681.jpg,31.065002,42.04193
sample_03682.jpg,13.372852,25.543484
sample_03683.jpg,26.464394,11.162298
sample_03684.jpg,-52.026676,-19.13889
sample_03685.jpg,2.639538,16.993742
sample_03686.jpg,-13.893734,23.449888
sample_03687.jpg,-32.228065,-26.817072
sample_03688.jpg,53.445095,0.21218506
sample_03689.jpg,36.601128,15.0185
sample_03690.jpg,17.491236,1.5202955
sample_03691.jpg,-9.807025,36.66208
sample_03692.jpg,-47.399258,4.6350718
sample_03693.jpg,51.946716,0.26822516
sample_03694.jpg,16.019156,-55.117615
sample_03695.jpg,64.15197,-10.112826
sample_03696.jpg,-33.618027,-11.373335
sample_03697.jpg,2.378851,-0.51352817
sample_03698.jpg,-29.264807,5.788843
sample_03699.jpg,20.545918,6.1213346
sample_03700.jpg,29.169655,41.24158
sample_03701.jpg,-55.052967,-29.336275
sample_03702.jpg,-34.774666,-56.234943
sample_03703.jpg,34.451424,2.6043155
sample_03704.jpg,-23.46854,-53.797
sample_03705.jpg,63.652176,13.115906
sample_03706.jpg,26.008627,-43.543068
sample_03707.jpg,47.229485,19.586752
sample_03708.jpg,66.840515,-9.979403
sample_03709.jpg,12.3032255,13.669632
sample_03710.jpg,-40.483643,-8.718644
sample_03711.jpg,38.159946,18.344828
sample_03712.jpg,28.103043,10.547595
sample_03713.jpg,13.67239,37.309982
sample_03714.jpg,17.452974,30.682678
sample_03715.jpg,-26.104069,-16.451895
sample_03716.jpg,-48.146587,-25.083399
sample_03717.jpg,22.289879,-49.209423
sample_03718.jpg,-5.4206276,-44.05471
sample_03719.jpg,49.85293,19.731836
sample_03720.jpg,30.046356,-41.69508
sample_03721.jpg,-20.965359,32.860947
sample_03722.jpg,60.05207,6.2584662
sample_03723.jpg,46.26939,-5.4127765
sample_03724.jpg,-31.764677,-57.128704
sample_03725.jpg,45.03028,-14.192828
sample_03726.jpg,-55.725273,-22.262379
sample_03727.jpg,-58.876842,-13.235607
sample_03728.jpg,43.101974,-10.980276
sample_03729.jpg,9.887861,19.618689
sample_03730.jpg,11.302116,-9.429169
sample_03731.jpg,1.1176248,-67.8488
sample_03732.jpg,-50.45025,-20.821869
sample_03733.jpg,-7.177558,23.715322
sample_03734.jpg,63.551697,17.490627
sample_03735.jpg,57.42076,2.513628
sample_03736.jpg,65.926674,-6.2095585
sample_03737.jpg,-39.312378,-53.18048
sample_03738.jpg,47.207615,-13.330184
sample_03739.jpg,48.319164,13.729153
sample_03740.jpg,-24.339909,-12.536335
sample_03741.jpg,-43.19713,-2.0391796
sample_03742.jpg,-11.806446,21.355145
sample_03743.jpg,60.637302,-0.5808857
sample_03744.jpg,42.39073,11.964653
sample_03745.jpg,-11.291886,18.513926
sample_03746.jpg,-7.0168557,22.673647
sample_03747.jpg,48.920025,21.265638
sample_03748.jpg,-12.01472,49.62692
sample_03749.jpg,-50.0489,4.070804
sample_03750.jpg,20.448622,20.858059
sample_03751.jpg,38.071457,17.176159
sample_03752.jpg,-36.45211,9.027043
sample_03753.jpg,45.53561,-6.0163145
sample_03754.jpg,-32.074917,1.2687526
sample_03755.jpg,-14.043468,31.226364
sample_03756.jpg,-13.38426,-46.857643
sample_03757.jpg,12.419269,-23.37665
sample_03758.jpg,-56.75234,-18.651
sample_03759.jpg,42.225254,27.98116
sample_03760.jpg,-58.416584,-33.701607
sample_03761.jpg,-1.0901154,18.330008
sample_03762.jpg,44.15148,4.749925
sample_03763.jpg,-43.10136,48.730503
sample_03764.jpg,68.08979,-10.734086
sample_03765.jpg,-8.613658,-40.999878
sample_03766.jpg,-11.136782,-2.9418404
sample_03767.jpg,-27.816051,-56.196987
sample_03768.jpg,-4.4006424,20.151323
sample_03769.jpg,-38.07372,4.246502
sample_03770.jpg,60.26917,-2.8569486
sample_03771.jpg,-24.732336,-18.233486
sample_03772.jpg,36.982445,20.969625
sample_03773.jpg,5.257566,-11.189007
sample_03774.jpg,-0.17684883,-3.1470165
sample_03775.jpg,61.258625,5.582367
sample_03776.jpg,-10.633753,28.9351
sample_03777.jpg,-15.753986,-45.697884
sample_03778.jpg,-5.99278,13.139508
sample_03779.jpg,21.424904,33.58229
sample_03780.jpg,56.645218,12.914035
sample_03781.jpg,-27.662308,5.4948726
sample_03782.jpg,-20.94906,17.490683
sample_03783.jpg,53.30834,12.86876
sample_03784.jpg,-49.565655,6.7334633
sample_03785.jpg,-29.127272,-56.80263
sample_03786.jpg,-75.66119,13.197246
sample_03787.jpg,-1.1524006,-42.66961
sample_03788.jpg,48.517174,-1.866824
sample_03789.jpg,-37.439293,2.3874743
sample_03790.jpg,17.394524,32.47136
sample_03791.jpg,40.590557,43.515064
sample_03792.jpg,33.08158,32.321404
sample_03793.jpg,-12.151379,11.03988
sample_03794.jpg,21.745253,-57.67714
sample_03795.jpg,63.534832,-12.318661
sample_03796.jpg,2.3923078,7.794101
sample_03797.jpg,24.77664,-6.607678
sample_03798.jpg,14.367463,-7.956346
sample_03799.jpg,27.325695,-46.918915
sample_03800.jpg,28.561869,-43.270176
sample_03801.jpg,62.70937,-4.1056523
sample_03802.jpg,48.043438,11.582994
sample_03803.jpg,-0.36585587,31.529604
sample_03804.jpg,-45.278267,48.00674
sample_03805.jpg,53.896683,1.8182427
sample_03806.jpg,12.4050865,-60.007343
sample_03807.jpg,25.383562,-9.532327
sample_03808.jpg,55.835968,-6.8477683
sample_03809.jpg,-10.6307,21.180729
sample_03810.jpg,43.637856,6.888542
sample_03811.jpg,-23.050688,16.072206
sample_03812.jpg,-20.833807,-46.448017
sample_03813.jpg,-44.205467,-4.631988
sample_03814.jpg,-14.16775,42.782898
sample_03815.jpg,25.05992,26.88329
sample_03816.jpg,-15.0564165,-47.764675
sample_03817.jpg,-34.098408,50.554188
sample_03818.jpg,13.893829,-58.751328
sample_03819.jpg,58.84564,-11.82266
sample_03820.jpg,-24.395315,9.866212
sample_03821.jpg,-25.487791,-21.606272
sample_03822.jpg,-3.934783,-35.128155
sample_03823.jpg,20.989391,-58.358326
sample_03824.jpg,46.55396,0.6809137
sample_03825.jpg,-24.458467,-52.202
sample_03826.jpg,5.1924443,-0.38224006
sample_03827.jpg,22.417858,4.618851
sample_03828.jpg,-7.3698645,21.681103
sample_03829.jpg,17.240334,-53.744537
sample_03830.jpg,24.837978,25.17074
sample_03831.jpg,-43.78765,9.837414
sample_03832.jpg,45.39727,21.867405
sample_03833.jpg,-17.289614,14.84334
sample_03834.jpg,-20.119787,18.128815
sample_03835.jpg,43.03469,10.695457
sample_03836.jpg,0.75349104,23.010632
sample_03837.jpg,22.141462,0.8899434
sample_03838.jpg,-47.895756,-16.649063
sample_03839.jpg,-31.400877,11.2998905
sample_03840.jpg,-42.86242,49.068176
sample_03841.jpg,-14.462773,41.01683
sample_03842.jpg,-19.49598,16.456905
sample_03843.jpg,0.3839661,3.169305
sample_03844.jpg,58.04773,6.0993233
sample_03845.jpg,-0.82919574,23.007143
sample_03846.jpg,59.457405,-13.382268
sample_03847.jpg,-41.85035,-12.67675
sample_03848.jpg,-34.681362,51.47005
sample_03849.jpg,29.919077,37.547306
sample_03850.jpg,19.453028,38.88792
sample_03851.jpg,26.689106,-42.457928
sample_03852.jpg,-55.44268,-14.275441
sample_03853.jpg,-28.610296,-56.638557
sample_03854.jpg,-0.9701428,-7.812002
sample_03855.jpg,57.025517,9.648173
sample_03856.jpg,-19.583311,-52.07872
sample_03857.jpg,25.90209,35.895504
sample_03858.jpg,54.202427,7.616461
sample_03859.jpg,34.36347,14.386068
sample_03860.jpg,-23.858507,42.152184
sample_03861.jpg,-77.399475,12.905335
sample_03862.jpg,25.115273,7.048362
sample_03863.jpg,-5.931371,35.003155
sample_03864.jpg,41.745773,19.146687
sample_03865.jpg,-3.3544874,37.217117
sample_03866.jpg,36.886097,9.468738
sample_03867.jpg,-8.827567,4.6062365
sample_03868.jpg,-18.424383,-51.403786
sample_03869.jpg,-43.403873,-13.024553
sample_03870.jpg,19.844734,30.05386
sample_03871.jpg,-32.22283,-1.7039
sample_03872.jpg,-12.937924,-46.906464
sample_03873.jpg,-46.950745,-26.156916
sample_03874.jpg,29.717068,8.011642
sample_03875.jpg,15.186541,22.09817
sample_03876.jpg,-5.7551317,-73.228424
sample_03877.jpg,-37.84156,-2.7985322
sample_03878.jpg,3.279019,-66.45452
sample_03879.jpg,17.21485,-20.62596
sample_03880.jpg,-12.33006,20.260288
sample_03881.jpg,-61.171207,-8.793307
sample_03882.jpg,64.6452,4.801329
sample_03883.jpg,-31.91137,-55.068474
sample_03884.jpg,-41.028263,-0.37584442
sample_03885.jpg,37.72348,12.392424
sample_03886.jpg,-45.317482,0.5127687
sample_03887.jpg,-29.59978,-58.189762
sample_03888.jpg,40.79575,-1.7727244
sample_03889.jpg,-3.33665,15.851329
sample_03890.jpg,-13.366631,28.051006
sample_03891.jpg,-29.316517,34.116005
sample_03892.jpg,-29.085062,3.4191196
sample_03893.jpg,27.565351,-13.985011
sample_03894.jpg,36.145924,29.557762
sample_03895.jpg,-27.189495,-12.608804
sample_03896.jpg,30.896708,-13.553081
sample_03897.jpg,-5.5384693,-9.754049
sample_03898.jpg,-52.236458,-8.370923
sample_03899.jpg,11.575153,21.845354
sample_03900.jpg,6.52915,-65.322586
sample_03901.jpg,68.88708,-10.878567
sample_03902.jpg,-5.076747,-35.620155
sample_03903.jpg,8.740823,-4.884663
sample_03904.jpg,-22.946053,13.966548
sample_03905.jpg,20.205507,39.243244
sample_03906.jpg,10.991453,37.270554
sample_03907.jpg,-34.715427,8.247191
sample_03908.jpg,-5.180211,7.242854
sample_03909.jpg,-56.348274,-19.495838
sample_03910.jpg,-56.03093,-29.366098
sample_03911.jpg,-5.5649414,-40.750626
sample_03912.jpg,-31.455904,11.595601
sample_03913.jpg,-25.487959,3.223177
sample_03914.jpg,-11.604811,15.67034
sample_03915.jpg,-9.686065,35.227085
sample_03916.jpg,12.201058,-20.09402
sample_03917.jpg,-13.80389,14.894764
sample_03918.jpg,67.32842,-11.053778
sample_03919.jpg,14.910933,14.585816
sample_03920.jpg,-2.2240818,-17.038225
sample_03921.jpg,64.7994,-10.662706
sample_03922.jpg,3.0867856,-70.02239
sample_03923.jpg,48.037853,15.398445
sample_03924.jpg,-6.540041,-35.286568
sample_03925.jpg,43.12054,-6.0290236
sample_03926.jpg,44.209316,11.156547
sample_03927.jpg,17.437397,32.39531
sample_03928.jpg,60.013676,-5.5609956
sample_03929.jpg,-6.4767146,0.9648071
sample_03930.jpg,-7.720367,-40.095467
sample_03931.jpg,15.222926,19.23631
sample_03932.jpg,-41.625923,5.680421
sample_03933.jpg,-33.133377,-5.918689
sample_03934.jpg,-22.799698,-0.76457745
sample_03935.jpg,-14.716199,29.338583
sample_03936.jpg,44.39648,3.1737177
sample_03937.jpg,18.770523,3.1162395
sample_03938.jpg,37.649994,18.856037
sample_03939.jpg,6.393528,21.326138
sample_03940.jpg,28.37017,22.687656
sample_03941.jpg,62.387413,-2.5941174
sample_03942.jpg,17.449068,46.464283
sample_03943.jpg,-9.134795,28.716993
sample_03944.jpg,-11.74993,-15.121884
sample_03945.jpg,-13.056019,41.765152
sample_03946.jpg,-6.7317247,40.11324
sample_03947.jpg,22.863361,-53.599926
sample_03948.jpg,50.44094,-0.8245421
sample_03949.jpg,-20.334723,3.579872
sample_03950.jpg,64.62174,-1.3651392
sample_03951.jpg,-11.902075,-0.6430958
sample_03952.jpg,-15.521765,-45.757824
sample_03953.jpg,37.02687,-15.134451
sample_03954.jpg,-33.37622,-57.007652
sample_03955.jpg,-13.932478,-2.6534696
sample_03956.jpg,50.881046,21.800938
sample_03957.jpg,-18.897306,23.770546
sample_03958.jpg,39.707752,21.57935
sample_03959.jpg,3.797736,42.63652
sample_03960.jpg,-24.234533,-12.038068
sample_03961.jpg,-43.397038,7.444179
sample_03962.jpg,33.746113,2.7170792
sample_03963.jpg,2.2883444,9.881159
sample_03964.jpg,-23.868067,28.73156
sample_03965.jpg,21.19939,-51.45261
sample_03966.jpg,61.554386,3.592459
sample_03967.jpg,-69.41705,17.019392
sample_03968.jpg,49.258183,-16.389685
sample_03969.jpg,-46.61086,-2.47127
sample_03970.jpg,-13.0426445,2.0383732
sample_03971.jpg,-59.237415,-4.3195643
sample_03972.jpg,49.386513,-16.076015
sample_03973.jpg,-51.17735,-9.313293
sample_03974.jpg,21.756048,19.937855
sample_03975.jpg,55.203964,-5.8996034
sample_03976.jpg,-6.45268,-39.64132
sample_03977.jpg,-24.454983,8.798826
sample_03978.jpg,-25.326654,16.854898
sample_03979.jpg,-15.504215,-0.7317326
sample_03980.jpg,-38.186596,-15.260777
sample_03981.jpg,62.83707,-4.1770296
sample_03982.jpg,48.455864,0.67524403
sample_03983.jpg,0.9395021,33.1334
sample_03984.jpg,44.042328,26.358751
sample_03985.jpg,-29.056984,28.629642
sample_03986.jpg,-48.805073,-11.216848
sample_03987.jpg,20.269281,31.509626
sample_03988.jpg,26.384993,-22.108362
sample_03989.jpg,-28.811176,1.0475359
sample_03990.jpg,-6.830019,45.244263
sample_03991.jpg,30.702158,-5.8095107
sample_03992.jpg,30.578398,28.566513
sample_03993.jpg,-45.18797,-53.689854
sample_03994.jpg,-37.85954,1.6827892
sample_03995.jpg,-42.483532,49.814434
sample_03996.jpg,50.277138,4.9338307
sample_03997.jpg,-6.3400826,50.379925
sample_03998.jpg,58.096886,6.3182383
sample_03999.jpg,29.69997,28.32259
sample_04000.jpg,38.121258,-0.52820075
sample_04001.jpg,32.629757,25.948626
sample_04002.jpg,29.477522,-17.609709
sample_04003.jpg,-14.842312,14.322429
sample_04004.jpg,23.082262,-4.1669936
sample_04005.jpg,29.06667,10.443061
sample_04006.jpg,12.285617,35.78529
sample_04007.jpg,9.350248,24.528584
sample_04008.jpg,-51.035107,47.74368
sample_04009.jpg,3.1279118,42.41465
sample_04010.jpg,7.2284493,14.520085
sample_04011.jpg,-11.025768,-44.937374
sample_04012.jpg,-47.492058,-14.95192
sample_04013.jpg,26.62996,-41.697227
sample_04014.jpg,-17.380915,8.798769
sample_04015.jpg,37.419964,26.027323
sample_04016.jpg,30.176188,-16.193422
sample_04017.jpg,-13.720214,-46.794468
sample_04018.jpg,-23.451834,28.495893
sample_04019.jpg,3.1823351,-71.81203
sample_04020.jpg,-3.8803737,-8.153428
sample_04021.jpg,-25.91678,6.4899178
sample_04022.jpg,33.667118,7.0633173
sample_04023.jpg,-22.918987,5.843925
sample_04024.jpg,57.551426,-3.0692494
sample_04025.jpg,27.13442,-46.822685
sample_04026.jpg,-59.512154,-15.19301
sample_04027.jpg,-25.058523,-11.074434
sample_04028.jpg,-15.874013,33.056946
sample_04029.jpg,-15.796465,-50.690193
sample_04030.jpg,-60.620235,-17.083178
sample_04031.jpg,-0.935227,20.627295
sample_04032.jpg,-6.4641867,40.037766
sample_04033.jpg,11.0588455,4.794517
sample_04034.jpg,-53.691956,-13.839638
sample_04035.jpg,67.56237,-13.163887
sample_04036.jpg,16.830254,21.923702
sample_04037.jpg,-7.654928,8.805781
sample_04038.jpg,25.92168,41.189754
sample_04039.jpg,25.696918,22.369349
sample_04040.jpg,9.298606,11.889532
sample_04041.jpg,35.827095,-15.644091
sample_04042.jpg,-15.951747,47.300186
sample_04043.jpg,-35.747707,-53.01429
sample_04044.jpg,-60.05269,-3.8811889
sample_04045.jpg,-47.95776,-24.390314
sample_04046.jpg,-41.41597,-55.879875
sample_04047.jpg,61.77623,-9.035986
sample_04048.jpg,-41.736294,50.13023
sample_04049.jpg,46.913765,16.594824
sample_04050.jpg,54.50875,5.9752846
sample_04051.jpg,-18.939047,-5.5866294
sample_04052.jpg,14.372046,31.480087
sample_04053.jpg,17.37925,-60.087013
sample_04054.jpg,-23.692593,42.626835
sample_04055.jpg,43.36965,14.407231
sample_04056.jpg,44.91378,7.779008
sample_04057.jpg,33.386963,6.2467475
sample_04058.jpg,-25.630733,-0.8804173
sample_04059.jpg,-57.8539,-35.174416
sample_04060.jpg,-56.771286,-28.497673
sample_04061.jpg,39.999493,48.052246
sample_04062.jpg,-7.309648,52.673515
sample_04063.jpg,-38.421402,10.062805
sample_04064.jpg,-57.536003,-26.20366
sample_04065.jpg,31.10991,40.41408
sample_04066.jpg,-25.26346,16.941748
sample_04067.jpg,17.05153,-21.366602
sample_04068.jpg,-75.887215,13.113372
sample_04069.jpg,-1.4091544,25.841236
sample_04070.jpg,-4.8036385,28.912624
sample_04071.jpg,3.9058855,19.592422
sample_04072.jpg,0.76207125,40.18874
sample_04073.jpg,17.39399,-10.040583
sample_04074.jpg,-52.991287,-31.81265
sample_04075.jpg,-40.355797,-54.23446
sample_04076.jpg,-10.69969,48.19795
sample_04077.jpg,11.035863,40.86069
sample_04078.jpg,17.444204,14.921696
sample_04079.jpg,63.285297,-1.9841527
sample_04080.jpg,11.877678,-22.807362
sample_04081.jpg,63.67863,-4.1303678
sample_04082.jpg,-59.960403,-4.013386
sample_04083.jpg,-51.132214,-0.6153346
sample_04084.jpg,-29.7719,-26.81249
sample_04085.jpg,26.879822,40.28688
sample_04086.jpg,11.4962845,10.438721
sample_04087.jpg,6.7951617,7.850855
sample_04088.jpg,13.895342,1.4817383
sample_04089.jpg,7.602166,-65.53416
sample_04090.jpg,3.4363244,-1.7653096
sample_04091.jpg,-54.641033,-29.98355
sample_04092.jpg,-29.877745,16.6018
sample_04093.jpg,-47.898487,-16.69663
sample_04094.jpg,43.116302,12.960744
sample_04095.jpg,-34.53449,-50.972908
sample_04096.jpg,31.610888,18.695503
sample_04097.jpg,57.573036,2.6193125
sample_04098.jpg,-13.292999,5.0697107
sample_04099.jpg,-24.594324,-8.293853
sample_04100.jpg,-28.079407,7.684876
sample_04101.jpg,22.679918,-1.924882
sample_04102.jpg,17.455359,16.514282
sample_04103.jpg,60.514576,4.243222
sample_04104.jpg,4.3284965,13.111981
sample_04105.jpg,10.996902,22.519493
sample_04106.jpg,28.422493,-7.4882116
sample_04107.jpg,-2.2071307,38.4215
sample_04108.jpg,-10.77573,10.58086
sample_04109.jpg,-20.24081,-55.588135
sample_04110.jpg,-8.386738,46.26891
sample_04111.jpg,-17.847849,-50.735638
sample_04112.jpg,8.744696,26.140402
sample_04113.jpg,-5.336131,-44.058132
sample_04114.jpg,-23.38649,-57.72051
sample_04115.jpg,42.117123,28.221388
sample_04116.jpg,-34.190777,-1.1475242
sample_04117.jpg,11.519941,36.22482
sample_04118.jpg,0.8375791,36.207523
sample_04119.jpg,-44.437378,-5.581085
sample_04120.jpg,49.027004,22.565254
sample_04121.jpg,16.10589,12.723942
sample_04122.jpg,-8.336243,10.070155
sample_04123.jpg,-49.552876,-2.0455332
sample_04124.jpg,-19.645924,0.6805532
sample_04125.jpg,-21.484238,11.866828
sample_04126.jpg,67.646164,-6.827956
sample_04127.jpg,63.59112,-10.828914
sample_04128.jpg,-0.5945357,36.27679
sample_04129.jpg,-22.553286,-15.480298
sample_04130.jpg,15.198913,-60.28718
sample_04131.jpg,26.707283,-42.177837
sample_04132.jpg,43.820335,-13.409887
sample_04133.jpg,-18.274647,15.664664
sample_04134.jpg,-49.269455,-18.441374
sample_04135.jpg,27.142895,7.6613407
sample_04136.jpg,-20.290985,21.02972
sample_04137.jpg,18.99762,41.549385
sample_04138.jpg,64.79291,-3.6674643
sample_04139.jpg,-14.795856,-7.6010995
sample_04140.jpg,57.726337,13.094366
sample_04141.jpg,45.09055,2.3183522
sample_04142.jpg,65.606155,6.971272
sample_04143.jpg,-31.232254,-8.963198
sample_04144.jpg,-5.9480395,-73.117485
sample_04145.jpg,-22.623278,3.778
sample_04146.jpg,28.889538,13.178705
sample_04147.jpg,-12.911241,9.851762
sample_04148.jpg,36.148426,8.537895
sample_04149.jpg,63.35861,4.046819
sample_04150.jpg,-51.049362,-2.4657655
sample_04151.jpg,-1.7539256,19.384047
sample_04152.jpg,-12.386604,48.369324
sample_04153.jpg,-44.571186,-24.647915
sample_04154.jpg,23.890215,-8.028967
sample_04155.jpg,62.323124,8.843387
sample_04156.jpg,-19.787369,26.991325
sample_04157.jpg,-34.960316,-27.964022
sample_04158.jpg,68.308075,-3.9744391
sample_04159.jpg,25.466225,17.086248
sample_04160.jpg,-15.57487,-7.8473787
sample_04161.jpg,-61.65945,-16.674809
sample_04162.jpg,1.0616193,21.26514
sample_04163.jpg,27.911024,7.126309
sample_04164.jpg,2.6601813,-9.916914
sample_04165.jpg,-14.328007,42.973045
sample_04166.jpg,-8.046949,32.001564
sample_04167.jpg,17.635357,-53.98838
sample_04168.jpg,-53.1465,-23.895102
sample_04169.jpg,60.413647,4.3196325
sample_04170.jpg,20.67638,-49.896713
sample_04171.jpg,45.666122,-13.963439
sample_04172.jpg,-27.034733,1.5266037
sample_04173.jpg,-25.070831,4.168497
sample_04174.jpg,62.697956,0.5497979
sample_04175.jpg,-60.981308,-24.83392
sample_04176.jpg,0.6185196,-71.098526
sample_04177.jpg,0.07872589,17.025997
sample_04178.jpg,-37.33052,0.40463325
sample_04179.jpg,49.48883,12.813067
sample_04180.jpg,-57.848816,-16.690355
sample_04181.jpg,-9.67374,-11.643267
sample_04182.jpg,4.813483,-8.387611
sample_04183.jpg,-0.9961595,39.50422
sample_04184.jpg,-38.53222,-18.96157
sample_04185.jpg,11.481342,-10.83924
sample_04186.jpg,38.25811,-0.8862948
sample_04187.jpg,54.67581,5.9239416
sample_04188.jpg,57.97995,-7.690956
sample_04189.jpg,-14.982749,45.962154
sample_04190.jpg,-5.748825,-11.37559
sample_04191.jpg,1.6351355,-25.110159
sample_04192.jpg,-11.737212,47.321064
sample_04193.jpg,37.009346,11.679034
sample_04194.jpg,-52.949432,-25.518225
sample_04195.jpg,-58.859043,-26.645876
sample_04196.jpg,-32.104435,-54.63101
sample_04197.jpg,-16.226223,-1.8332077
sample_04198.jpg,54.831287,3.4098508
sample_04199.jpg,-32.35083,-56.146637
sample_04200.jpg,-52.23433,-15.926021
sample_04201.jpg,16.705948,-62.436287
sample_04202.jpg,32.48021,23.899755
sample_04203.jpg,-3.8377352,28.070948
sample_04204.jpg,-55.858803,-21.418823
sample_04205.jpg,3.0039139,0.46287414
sample_04206.jpg,31.113907,30.266935
sample_04207.jpg,-69.75048,13.7679615
sample_04208.jpg,16.375675,15.05179
sample_04209.jpg,11.2550335,32.000057
sample_04210.jpg,-32.364758,31.291084
sample_04211.jpg,-48.755688,47.697834
sample_04212.jpg,-66.28023,18.2365
sample_04213.jpg,23.048077,-1.4515845
sample_04214.jpg,15.30842,6.919105
sample_04215.jpg,-10.745909,32.068066
sample_04216.jpg,60.97743,-2.0423806
sample_04217.jpg,34.08291,22.227705
sample_04218.jpg,29.282665,-19.261414
sample_04219.jpg,1.3342549,40.55401
sample_04220.jpg,-58.03665,-26.892405
sample_04221.jpg,-45.195763,-24.608456
sample_04222.jpg,-72.25934,16.259989
sample_04223.jpg,60.702496,0.6214175
sample_04224.jpg,0.0030563062,33.87035
sample_04225.jpg,2.781391,-67.03566
sample_04226.jpg,35.74282,3.1453173
sample_04227.jpg,-50.29294,-11.129579
sample_04228.jpg,16.382061,21.355982
sample_04229.jpg,-42.05853,16.506298
sample_04230.jpg,-29.954649,29.038357
sample_04231.jpg,-20.58926,-46.553814
sample_04232.jpg,19.882416,-60.15466
sample_04233.jpg,-20.819191,-54.702625
sample_04234.jpg,-4.7583675,21.680243
sample_04235.jpg,-19.367197,18.7338
sample_04236.jpg,-0.03771392,-69.97567
sample_04237.jpg,-10.925227,-41.454643
sample_04238.jpg,65.3369,3.1852913
sample_04239.jpg,-2.4017723,-72.08598
sample_04240.jpg,6.818866,23.89029
sample_04241.jpg,-21.75448,-17.569134
sample_04242.jpg,-20.675251,-48.567455
sample_04243.jpg,-0.20620002,-10.670022
sample_04244.jpg,-34.458588,-10.482245
sample_04245.jpg,-67.74265,18.927948
sample_04246.jpg,-37.099392,12.498746
sample_04247.jpg,9.585504,-1.65081
sample_04248.jpg,1.1889218,-69.91697
sample_04249.jpg,13.428165,25.38859
sample_04250.jpg,-2.113252,17.889435
sample_04251.jpg,-21.694283,-44.541264
sample_04252.jpg,-5.3812537,51.094166
sample_04253.jpg,66.00918,-12.257223
sample_04254.jpg,-43.861343,-1.8144448
sample_04255.jpg,12.282835,-19.968012
sample_04256.jpg,30.354122,5.1731844
sample_04257.jpg,-10.2664,-13.266392
sample_04258.jpg,-9.719497,15.227522
sample_04259.jpg,60.400654,-0.7873354
sample_04260.jpg,-20.631207,-48.59888
sample_04261.jpg,-32.60108,31.675348
sample_04262.jpg,45.77765,14.503472
sample_04263.jpg,-6.419437,13.669334
sample_04264.jpg,25.17924,-52.57654
sample_04265.jpg,38.217823,-14.897529
sample_04266.jpg,-37.004192,11.405076
sample_04267.jpg,-10.780202,39.783817
sample_04268.jpg,33.390564,-1.1097023
sample_04269.jpg,-4.0628557,-9.414648
sample_04270.jpg,-38.95522,5.210722
sample_04271.jpg,-32.105465,28.897047
sample_04272.jpg,55.170853,10.136242
sample_04273.jpg,38.481075,-15.6558895
sample_04274.jpg,-34.444492,50.723053
sample_04275.jpg,-30.376953,-2.733673
sample_04276.jpg,55.49158,9.519145
sample_04277.jpg,-18.58261,20.437004
sample_04278.jpg,36.2073,14.767214
sample_04279.jpg,13.097418,9.280294
sample_04280.jpg,25.778156,37.277325
sample_04281.jpg,42.770023,16.136005
sample_04282.jpg,-50.983017,-11.248454
sample_04283.jpg,10.53972,0.18817234
sample_04284.jpg,-45.57628,-21.896137
sample_04285.jpg,-57.776203,-22.157433
sample_04286.jpg,23.857996,-8.664378
sample_04287.jpg,-3.5504708,15.457235
sample_04288.jpg,16.559532,31.318302
sample_04289.jpg,21.782036,16.119457
sample_04290.jpg,28.85765,23.908167
sample_04291.jpg,24.920055,34.422997
sample_04292.jpg,-29.947493,0.18880984
sample_04293.jpg,-29.528275,-6.7592382
sample_04294.jpg,-25.487803,16.62139
sample_04295.jpg,-26.610003,-51.686302
sample_04296.jpg,14.93415,-8.70602
sample_04297.jpg,-55.450066,-26.64942
sample_04298.jpg,46.634014,4.1523385
sample_04299.jpg,33.327953,-12.760496
sample_04300.jpg,68.67914,-12.899913
sample_04301.jpg,19.098978,32.620716
sample_04302.jpg,18.441046,29.75567
sample_04303.jpg,-61.90565,-17.52073
sample_04304.jpg,-43.573692,-53.02865
sample_04305.jpg,40.702625,6.423053
sample_04306.jpg,-22.756235,18.025234
sample_04307.jpg,16.319233,-56.03756
sample_04308.jpg,31.496109,-11.695315
sample_04309.jpg,22.1803,22.875755
sample_04310.jpg,-21.939346,-17.10498
sample_04311.jpg,-41.51604,-55.649025
sample_04312.jpg,-75.02246,13.653661
sample_04313.jpg,60.604507,5.019687
sample_04314.jpg,38.34573,-9.081157
sample_04315.jpg,-18.278233,24.922905
sample_04316.jpg,1.5897615,43.01967
sample_04317.jpg,3.4778926,13.181927
sample_04318.jpg,-34.54336,-50.921383
sample_04319.jpg,28.016245,19.569885
sample_04320.jpg,-16.760052,-2.8032854
sample_04321.jpg,-43.530556,11.951146
sample_04322.jpg,11.647422,7.9842496
sample_04323.jpg,32.771416,12.357433
sample_04324.jpg,-13.795631,-48.429382
sample_04325.jpg,11.562794,-19.698381
sample_04326.jpg,29.909348,-41.432636
sample_04327.jpg,9.912144,28.884066
sample_04328.jpg,45.433334,6.077682
sample_04329.jpg,3.7649953,-68.17592
sample_04330.jpg,-28.04991,2.2895725
sample_04331.jpg,4.149473,29.11797
sample_04332.jpg,29.863577,27.081099
sample_04333.jpg,16.077335,-55.231255
sample_04334.jpg,-14.46643,15.49615
sample_04335.jpg,-11.296074,23.626106
sample_04336.jpg,38.571503,13.773252
sample_04337.jpg,-17.049063,23.083105
sample_04338.jpg,37.806427,-15.208341
sample_04339.jpg,16.486649,19.223577
sample_04340.jpg,62.897453,10.5319
sample_04341.jpg,-67.3642,19.670635
sample_04342.jpg,3.6054194,11.488816
sample_04343.jpg,45.912376,2.6257114
sample_04344.jpg,-69.075294,15.879057
sample_04345.jpg,-35.017868,-52.815495
sample_04346.jpg,-19.66913,-47.122414
sample_04347.jpg,7.5149617,-65.4153
sample_04348.jpg,49.383514,-5.135955
sample_04349.jpg,-0.5167552,37.093273
sample_04350.jpg,-34.479362,15.66841
sample_04351.jpg,27.635647,10.46325
sample_04352.jpg,48.93961,-18.082027
sample_04353.jpg,-33.46599,-1.5791357
sample_04354.jpg,32.8551,17.071503
sample_04355.jpg,-41.498295,-6.259651
sample_04356.jpg,-14.539214,11.816898
sample_04357.jpg,15.72165,1.5228511
sample_04358.jpg,-10.085524,-42.410164
sample_04359.jpg,-9.420364,-13.43106
sample_04360.jpg,-31.846426,-10.724082
sample_04361.jpg,60.94586,-15.328752
sample_04362.jpg,12.861817,16.322992
sample_04363.jpg,26.73863,9.694128
sample_04364.jpg,-37.049088,-4.435928
sample_04365.jpg,-24.688808,-3.7755759
sample_04366.jpg,3.984154,44.658947
sample_04367.jpg,-12.751042,-1.2294852
sample_04368.jpg,-15.122285,10.595491
sample_04369.jpg,-21.57509,14.639813
sample_04370.jpg,-29.92806,21.760649
sample_04371.jpg,15.78973,16.130968
sample_04372.jpg,-12.618923,-47.609386
sample_04373.jpg,27.625877,17.867199
sample_04374.jpg,-56.69603,-21.724497
sample_04375.jpg,-1.1026415,11.856182
sample_04376.jpg,63.248795,-12.018787
sample_04377.jpg,21.678364,25.238047
sample_04378.jpg,22.828995,6.921766
sample_04379.jpg,45.627617,-26.021635
sample_04380.jpg,44.711006,-10.171703
sample_04381.jpg,17.168192,17.661537
sample_04382.jpg,-17.543018,-13.294628
sample_04383.jpg,16.91336,0.31045327
sample_04384.jpg,33.77495,36.85077
sample_04385.jpg,-22.578306,-53.47477
sample_04386.jpg,8.100513,-2.889442
sample_04387.jpg,20.045866,-60.68843
sample_04388.jpg,1.3809115,-9.371686
sample_04389.jpg,23.108538,-51.61099
sample_04390.jpg,18.326197,25.210705
sample_04391.jpg,-10.327323,7.2205048
sample_04392.jpg,29.895493,24.468199
sample_04393.jpg,62.055904,2.8714287
sample_04394.jpg,-34.44119,-17.53258
sample_04395.jpg,-2.9676874,25.862139
sample_04396.jpg,9.497352,-9.452207
sample_04397.jpg,2.1352606,23.825775
sample_04398.jpg,35.077896,5.607722
sample_04399.jpg,3.637259,25.503124
sample_04400.jpg,0.84732336,-25.100399
sample_04401.jpg,-48.6474,-11.164127
sample_04402.jpg,29.720634,34.603092
sample_04403.jpg,15.408393,-2.9209018
sample_04404.jpg,15.856363,5.3399262
sample_04405.jpg,22.05187,0.008067828
sample_04406.jpg,-26.120043,-56.167694
sample_04407.jpg,28.546865,40.72238
sample_04408.jpg,-2.459292,8.161882
sample_04409.jpg,72.25082,-1.3123864
sample_04410.jpg,39.858513,-9.906657
sample_04411.jpg,-4.4256377,1.6266185
sample_04412.jpg,44.855553,-0.16927436
sample_04413.jpg,54.319435,15.398178
sample_04414.jpg,-23.46975,-9.424944
sample_04415.jpg,-26.878218,26.093384
sample_04416.jpg,-47.06205,47.063473
sample_04417.jpg,24.806284,-11.304909
sample_04418.jpg,-1.3728274,1.8137289
sample_04419.jpg,11.964822,24.547699
sample_04420.jpg,38.29147,8.895191
sample_04421.jpg,41.47445,47.808285
sample_04422.jpg,31.656954,20.615286
sample_04423.jpg,23.3735,16.974821
sample_04424.jpg,-9.943211,-13.539836
sample_04425.jpg,10.389789,27.79747
sample_04426.jpg,25.460396,19.823105
sample_04427.jpg,8.729687,29.874422
sample_04428.jpg,27.985365,20.360016
sample_04429.jpg,29.795258,14.727742
sample_04430.jpg,39.08621,-9.585017
sample_04431.jpg,-56.10727,-24.506418
sample_04432.jpg,-23.779196,25.804928
sample_04433.jpg,-31.650324,2.4719536
sample_04434.jpg,42.767567,24.639881
sample_04435.jpg,-21.147457,13.147666
sample_04436.jpg,23.47779,-45.33966
sample_04437.jpg,-10.136999,-44.205177
sample_04438.jpg,-42.593174,9.145982
sample_04439.jpg,13.759323,-61.494377
sample_04440.jpg,-4.7459474,-10.887765
sample_04441.jpg,35.162605,5.4782796
sample_04442.jpg,-17.665554,4.0851626
sample_04443.jpg,25.064316,19.921791
sample_04444.jpg,-18.347694,-53.961647
sample_04445.jpg,-29.68703,8.019831
sample_04446.jpg,29.28742,9.902427
sample_04447.jpg,-53.546535,-4.2169857
sample_04448.jpg,31.724329,-1.3203112
sample_04449.jpg,8.87116,-65.45167
sample_04450.jpg,-34.156853,-56.727882
sample_04451.jpg,3.8434093,3.3981788
sample_04452.jpg,6.683086,33.94539
sample_04453.jpg,63.498264,-11.108998
sample_04454.jpg,6.257416,23.873798
sample_04455.jpg,-12.90303,50.08052
sample_04456.jpg,35.650414,19.23911
sample_04457.jpg,-50.821697,46.98901
sample_04458.jpg,-5.783961,-35.481136
sample_04459.jpg,-10.3597555,-4.3263664
sample_04460.jpg,-12.949246,-7.368517
sample_04461.jpg,9.3876,10.432408
sample_04462.jpg,17.087744,-53.917213
sample_04463.jpg,-23.502348,0.4640809
sample_04464.jpg,-12.78424,17.017399
sample_04465.jpg,-43.568455,-53.569553
sample_04466.jpg,-0.026838282,-2.1156197
sample_04467.jpg,-54.207027,-12.991518
sample_04468.jpg,-20.905785,-43.97649
sample_04469.jpg,-4.4402347,10.011311
sample_04470.jpg,40.901485,0.8510396
sample_04471.jpg,-16.059786,15.687591
sample_04472.jpg,9.945225,22.783836
sample_04473.jpg,-24.53512,8.726288
sample_04474.jpg,-14.834125,10.18733
sample_04475.jpg,-24.043541,-21.639988
sample_04476.jpg,-42.7727,-1.0558797
sample_04477.jpg,-39.650806,-0.5282637
sample_04478.jpg,-17.208538,-9.75425
sample_04479.jpg,-15.562678,-47.803116
sample_04480.jpg,-22.780712,-21.47292
sample_04481.jpg,-61.61335,-17.407087
sample_04482.jpg,-2.7597902,22.940298
sample_04483.jpg,63.584797,-4.855124
sample_04484.jpg,15.366546,30.512156
sample_04485.jpg,57.738346,-2.0328043
sample_04486.jpg,-16.336836,-28.446987
sample_04487.jpg,-21.367071,-13.864119
sample_04488.jpg,33.21885,20.909426
sample_04489.jpg,56.463707,11.669537
sample_04490.jpg,25.888372,24.713522
sample_04491.jpg,57.49992,-6.336782
sample_04492.jpg,20.321293,18.738585
sample_04493.jpg,-34.182957,0.3616299
sample_04494.jpg,-9.23587,34.227676
sample_04495.jpg,-25.874125,-55.57061
sample_04496.jpg,57.247887,-1.1314964
sample_04497.jpg,34.531982,16.804813
sample_04498.jpg,-47.994804,-6.384142
sample_04499.jpg,-39.15044,-18.598383
sample_04500.jpg,7.434637,41.87413
sample_04501.jpg,-17.192072,-47.38736
sample_04502.jpg,2.1746728,2.7329855
sample_04503.jpg,52.463547,-13.895661
sample_04504.jpg,34.37161,-6.5439615
sample_04505.jpg,20.34933,-59.455894
sample_04506.jpg,8.182933,-7.2926416
sample_04507.jpg,1.4565238,5.7434187
sample_04508.jpg,-41.96327,48.891933
sample_04509.jpg,-4.7977157,26.777483
sample_04510.jpg,44.916374,17.340454
sample_04511.jpg,21.070591,-48.96113
sample_04512.jpg,-24.914385,30.961575
sample_04513.jpg,-7.1430464,28.863281
sample_04514.jpg,-13.747625,-17.978502
sample_04515.jpg,29.131485,29.978079
sample_04516.jpg,-52.71743,-33.897015
sample_04517.jpg,46.31835,18.975605
sample_04518.jpg,37.220535,16.25564
sample_04519.jpg,-20.994698,-47.95686
sample_04520.jpg,5.160831,33.833332
sample_04521.jpg,11.799835,25.26052
sample_04522.jpg,-56.469193,-21.640526
sample_04523.jpg,64.082146,-12.21821
sample_04524.jpg,25.323826,-43.051105
sample_04525.jpg,-20.687162,-52.086136
sample_04526.jpg,-32.62398,-1.4769102
sample_04527.jpg,28.039082,7.8043737
sample_04528.jpg,-50.875683,-13.384769
sample_04529.jpg,-31.636784,20.947206
sample_04530.jpg,-62.392426,19.872927
sample_04531.jpg,-19.082207,27.164507
sample_04532.jpg,23.097862,-50.47703
sample_04533.jpg,3.6024654,3.398159
sample_04534.jpg,17.10304,-61.434513
sample_04535.jpg,56.056744,17.793015
sample_04536.jpg,-22.7526,6.0942783
sample_04537.jpg,-27.210825,-53.182507
sample_04538.jpg,17.061811,42.524982
sample_04539.jpg,26.19427,38.64706
sample_04540.jpg,21.715347,-54.538025
sample_04541.jpg,10.457882,-62.936646
sample_04542.jpg,26.387379,-47.027157
sample_04543.jpg,48.558315,-2.0608382
sample_04544.jpg,-6.77247,-32.470352
sample_04545.jpg,37.537514,20.959545
sample_04546.jpg,-20.025408,16.894068
sample_04547.jpg,45.039307,30.130249
sample_04548.jpg,21.105074,35.54388
sample_04549.jpg,-7.803749,-41.963245
sample_04550.jpg,19.561375,-5.208257
sample_04551.jpg,-54.5705,-29.791319
sample_04552.jpg,41.420242,48.017017
sample_04553.jpg,-7.5599966,19.930056
sample_04554.jpg,5.145078,22.396284
sample_04555.jpg,17.062717,34.290535
sample_04556.jpg,-28.28571,-57.762295
sample_04557.jpg,-39.746258,-0.68446964
sample_04558.jpg,-5.633017,-31.618479
sample_04559.jpg,22.975132,-16.05854
sample_04560.jpg,-20.119009,-57.138885
sample_04561.jpg,19.59099,14.991211
sample_04562.jpg,15.155217,34.69103
sample_04563.jpg,64.77316,-13.779387
sample_04564.jpg,-75.98875,12.9476795
sample_04565.jpg,-57.711926,-30.491203
sample_04566.jpg,50.22425,5.9317026
sample_04567.jpg,-4.1758084,15.869489
sample_04568.jpg,13.682961,18.338291
sample_04569.jpg,-41.946537,-9.754144
sample_04570.jpg,-44.553993,-53.763195
sample_04571.jpg,24.410551,7.282455
sample_04572.jpg,-28.991577,3.4549465
sample_04573.jpg,-7.556758,11.731719
sample_04574.jpg,-23.845158,6.879732
sample_04575.jpg,31.255648,-27.184265
sample_04576.jpg,39.8914,29.239103
sample_04577.jpg,-42.902283,-17.37225
sample_04578.jpg,-29.6764,4.3485622
sample_04579.jpg,1.9346569,21.995848
sample_04580.jpg,-75.4091,13.2123375
sample_04581.jpg,-12.320352,14.65445
sample_04582.jpg,-16.684162,11.681472
sample_04583.jpg,27.885996,16.56785
sample_04584.jpg,2.0892386,-68.58893
sample_04585.jpg,-20.386105,16.555103
sample_04586.jpg,24.380966,-53.886745
sample_04587.jpg,71.453804,7.700753
sample_04588.jpg,58.805477,9.306501
sample_04589.jpg,36.866497,37.30219
sample_04590.jpg,-39.472557,-2.3650596
sample_04591.jpg,62.333275,-2.1835945
sample_04592.jpg,57.38946,-6.1947374
sample_04593.jpg,-57.054043,3.58213
sample_04594.jpg,-0.15140863,20.66703
sample_04595.jpg,32.131096,12.65148
sample_04596.jpg,26.020111,17.535635
sample_04597.jpg,18.455187,33.450874
sample_04598.jpg,30.92728,-9.191376
sample_04599.jpg,0.7228321,22.925829
sample_04600.jpg,39.8391,46.451122
sample_04601.jpg,18.340761,-60.385044
sample_04602.jpg,-0.6243537,9.62202
sample_04603.jpg,-12.794371,4.0467033
sample_04604.jpg,-15.878282,-1.8677157
sample_04605.jpg,-1.4071506,12.655928
sample_04606.jpg,-24.174564,12.5816345
sample_04607.jpg,5.734869,12.294434
sample_04608.jpg,-33.118187,-27.752674
sample_04609.jpg,68.17964,-11.407246
sample_04610.jpg,62.7655,3.4596276
sample_04611.jpg,36.296177,16.123466
sample_04612.jpg,55.19409,-0.9426987
sample_04613.jpg,14.580111,26.320503
sample_04614.jpg,-5.794487,11.341362
sample_04615.jpg,10.728712,11.410399
sample_04616.jpg,-26.1955,-54.794376
sample_04617.jpg,-31.677572,-7.0544815
sample_04618.jpg,-32.89467,28.821228
sample_04619.jpg,46.59615,3.3289351
sample_04620.jpg,-7.900103,21.473726
sample_04621.jpg,19.442902,38.86497
sample_04622.jpg,69.86525,-4.9331727
sample_04623.jpg,33.07969,18.081331
sample_04624.jpg,-35.965466,-57.65124
sample_04625.jpg,1.86546,39.257782
sample_04626.jpg,37.553555,-8.9593725
sample_04627.jpg,-17.213293,27.847456
sample_04628.jpg,12.307178,-12.295603
sample_04629.jpg,66.76725,-10.0935135
sample_04630.jpg,-39.145435,-16.349998
sample_04631.jpg,24.64378,4.9399314
sample_04632.jpg,5.9666414,-12.198636
sample_04633.jpg,2.7655172,17.983484
sample_04634.jpg,34.793102,-6.9202757
sample_04635.jpg,3.3019905,-68.39569
sample_04636.jpg,49.999184,15.237681
sample_04637.jpg,-8.111493,53.688908
sample_04638.jpg,-3.7787836,-33.137444
sample_04639.jpg,-16.286512,-52.42715
sample_04640.jpg,24.065487,-48.099846
sample_04641.jpg,29.500395,-17.478563
sample_04642.jpg,44.447346,3.0348573
sample_04643.jpg,27.931877,20.248463
sample_04644.jpg,-17.803326,18.06033
sample_04645.jpg,-0.16613652,-5.5049267
sample_04646.jpg,-71.70364,16.424864
sample_04647.jpg,13.204269,-23.721298
sample_04648.jpg,38.195232,-8.986439
sample_04649.jpg,-4.4258094,35.457333
sample_04650.jpg,65.81393,-4.910505
sample_04651.jpg,-14.5454645,24.935715
sample_04652.jpg,-50.942654,-14.9719715
sample_04653.jpg,-20.842741,24.530682
sample_04654.jpg,15.751135,-56.087402
sample_04655.jpg,-16.214895,-53.204945
sample_04656.jpg,-9.794603,31.46897
sample_04657.jpg,-4.6643004,15.821332
sample_04658.jpg,4.923743,12.172291
sample_04659.jpg,-18.156782,6.9128838
sample_04660.jpg,-57.66369,-15.178625
sample_04661.jpg,52.688007,-14.995014
sample_04662.jpg,-49.23294,-5.0976877
sample_04663.jpg,-40.283936,19.179022
sample_04664.jpg,-5.333172,48.97476
sample_04665.jpg,43.36752,4.284758
sample_04666.jpg,17.62139,23.585949
sample_04667.jpg,-22.042448,10.108658
sample_04668.jpg,22.733263,6.866492
sample_04669.jpg,27.932714,14.422637
sample_04670.jpg,-32.122635,-26.808264
sample_04671.jpg,52.94738,0.6085054
sample_04672.jpg,-56.747,-32.96656
sample_04673.jpg,-17.360159,-16.104647
sample_04674.jpg,64.62575,-10.20282
sample_04675.jpg,-44.315495,-20.683128
sample_04676.jpg,33.212265,43.28476
sample_04677.jpg,12.957256,-62.32242
sample_04678.jpg,29.340792,-23.913832
sample_04679.jpg,60.988335,10.322643
sample_04680.jpg,-51.546696,-30.372103
sample_04681.jpg,16.15295,-18.621925
sample_04682.jpg,-41.949394,1.0037097
sample_04683.jpg,-52.643787,6.4281564
sample_04684.jpg,-0.83085155,-70.99474
sample_04685.jpg,47.895683,17.503984
sample_04686.jpg,26.029373,41.194107
sample_04687.jpg,-34.49483,-27.23911
sample_04688.jpg,29.484554,-42.25543
sample_04689.jpg,2.7858608,27.097189
sample_04690.jpg,15.144286,-57.222855
sample_04691.jpg,23.155252,-1.3450423
sample_04692.jpg,4.2691574,22.972717
sample_04693.jpg,-9.385785,4.4325056
sample_04694.jpg,-28.5869,-9.323206
sample_04695.jpg,4.249702,1.2678273
sample_04696.jpg,66.65758,-10.098608
sample_04697.jpg,35.650307,-14.0529785
sample_04698.jpg,21.65861,-2.5796075
sample_04699.jpg,47.76715,4.5116224
sample_04700.jpg,-42.19914,-4.5024776
sample_04701.jpg,-66.58007,15.316768
sample_04702.jpg,-5.1582975,-8.203883
sample_04703.jpg,11.020113,27.242043
sample_04704.jpg,-43.91452,-8.620309
sample_04705.jpg,-1.5179913,-9.8218355
sample_04706.jpg,7.8110757,22.590622
sample_04707.jpg,-46.46597,-21.507343
sample_04708.jpg,-51.884808,47.10875
sample_04709.jpg,-55.888905,-30.119308
sample_04710.jpg,-28.607834,-52.587967
sample_04711.jpg,-30.757395,-59.03329
sample_04712.jpg,8.983163,34.12379
sample_04713.jpg,-33.643616,17.498873
sample_04714.jpg,-56.871674,-18.21778
sample_04715.jpg,62.93269,-7.33808
sample_04716.jpg,-5.93845,-35.59252
sample_04717.jpg,-7.4754624,-12.555526
sample_04718.jpg,58.050407,-7.2358913
sample_04719.jpg,35.666607,24.953934
sample_04720.jpg,2.7157598,3.3270562
sample_04721.jpg,18.19305,-56.982
sample_04722.jpg,-44.745872,-7.5619006
sample_04723.jpg,23.289059,40.04491
sample_04724.jpg,54.041798,2.6312451
sample_04725.jpg,-69.165115,13.70463
sample_04726.jpg,-41.81163,-8.415622
sample_04727.jpg,-0.51704264,36.277695
sample_04728.jpg,-38.276848,-19.075045
sample_04729.jpg,-37.911648,-15.067786
sample_04730.jpg,-30.293507,-17.603258
sample_04731.jpg,8.688669,-68.93035
sample_04732.jpg,-57.124653,-22.442373
sample_04733.jpg,48.807796,-16.327972
sample_04734.jpg,9.117646,-8.338418
sample_04735.jpg,40.39157,12.029704
sample_04736.jpg,27.1573,37.60508
sample_04737.jpg,59.895412,-9.711218
sample_04738.jpg,10.153788,12.398442
sample_04739.jpg,-12.349668,21.270994
sample_04740.jpg,61.924908,-1.5168386
sample_04741.jpg,70.29003,-3.820722
sample_04742.jpg,-14.800699,30.649574
sample_04743.jpg,12.830478,11.255067
sample_04744.jpg,18.541594,1.0788585
sample_04745.jpg,42.81053,7.771802
sample_04746.jpg,29.397724,-40.9959
sample_04747.jpg,17.112333,22.878046
sample_04748.jpg,-40.938602,-7.779342
sample_04749.jpg,-31.740305,27.930416
sample_04750.jpg,-20.99355,3.1510897
sample_04751.jpg,11.067166,26.745678
sample_04752.jpg,59.376785,1.7393997
sample_04753.jpg,20.496069,-49.367455
sample_04754.jpg,18.312365,6.8868337
sample_04755.jpg,-42.208305,2.46207
sample_04756.jpg,18.231634,-0.24769582
sample_04757.jpg,-16.797417,30.71808
sample_04758.jpg,44.61448,12.430125
sample_04759.jpg,-13.896985,12.9125595
sample_04760.jpg,0.9051398,40.66891
sample_04761.jpg,-9.293043,18.55712
sample_04762.jpg,-13.57624,43.571354
sample_04763.jpg,11.440379,-24.792416
sample_04764.jpg,-22.62052,-53.02539
sample_04765.jpg,-7.926247,-16.81228
sample_04766.jpg,28.976511,44.85462
sample_04767.jpg,12.255582,-20.307259
sample_04768.jpg,-8.642625,-41.12005
sample_04769.jpg,-34.57673,-8.717315
sample_04770.jpg,59.34381,7.6783357
sample_04771.jpg,13.555673,-61.05338
sample_04772.jpg,9.686909,-9.778489
sample_04773.jpg,-21.604246,-50.841507
sample_04774.jpg,-41.088604,-54.690815
sample_04775.jpg,19.917864,-60.582752
sample_04776.jpg,-34.26127,-27.555294
sample_04777.jpg,-34.66354,-53.97271
sample_04778.jpg,-27.926401,-53.56772
sample_04779.jpg,-27.765106,10.15673
sample_04780.jpg,61.630077,-12.190342
sample_04781.jpg,-24.10162,-48.155502
sample_04782.jpg,43.45554,18.588455
sample_04783.jpg,1.306664,-73.451935
sample_04784.jpg,-24.729715,-16.413624
sample_04785.jpg,0.43188167,8.885126
sample_04786.jpg,-33.990532,3.2203262
sample_04787.jpg,3.0750904,28.796896
sample_04788.jpg,-28.60911,16.80027
sample_04789.jpg,-18.574686,2.5045683
sample_04790.jpg,-7.400435,-43.348675
sample_04791.jpg,36.60086,18.695036
sample_04792.jpg,-15.041503,30.164373
sample_04793.jpg,-21.53764,-17.205355
sample_04794.jpg,-2.1812286,20.26331
sample_04795.jpg,-18.338291,-52.036755
sample_04796.jpg,-3.4642444,46.790665
sample_04797.jpg,-56.51117,-31.175236
sample_04798.jpg,-29.634592,28.930626
sample_04799.jpg,15.238249,-21.979435
sample_04800.jpg,-38.710728,-17.742323
sample_04801.jpg,30.669796,13.209254
sample_04802.jpg,-28.888819,8.527962
sample_04803.jpg,39.017593,20.419878
sample_04804.jpg,-17.245174,-49.589977
sample_04805.jpg,10.781696,-61.736042
sample_04806.jpg,-14.073253,-11.27313
sample_04807.jpg,-4.8846,7.083331
sample_04808.jpg,58.675808,2.1806893
sample_04809.jpg,12.925812,-61.2159
sample_04810.jpg,-48.104942,-27.38237
sample_04811.jpg,3.7947946,37.495228
sample_04812.jpg,12.743354,-2.6986651
sample_04813.jpg,-5.439814,-31.800444
sample_04814.jpg,-28.511997,-4.613597
sample_04815.jpg,63.628784,-0.47928005
sample_04816.jpg,51.907764,-20.465254
sample_04817.jpg,23.54407,14.659487
sample_04818.jpg,55.880356,4.4751463
sample_04819.jpg,40.474094,1.8288538
sample_04820.jpg,0.68159866,-73.20549
sample_04821.jpg,19.090992,22.972223
sample_04822.jpg,59.798374,-13.392925
sample_04823.jpg,36.184906,20.225222
sample_04824.jpg,54.56076,-1.0937496
sample_04825.jpg,-15.187861,-50.123207
sample_04826.jpg,15.411091,-5.5016713
sample_04827.jpg,-12.693805,-7.6066127
sample_04828.jpg,-19.901348,9.751241
sample_04829.jpg,61.36317,2.0120375
sample_04830.jpg,10.668964,2.1401079
sample_04831.jpg,9.426174,34.758953
sample_04832.jpg,-10.783739,-1.4190291
sample_04833.jpg,-39.87033,-54.716957
sample_04834.jpg,59.651466,-4.0397887
sample_04835.jpg,7.8202305,28.193832
sample_04836.jpg,24.951344,-44.328003
sample_04837.jpg,-26.951235,10.442958
sample_04838.jpg,36.440014,12.731145
sample_04839.jpg,-69.711815,15.023354
sample_04840.jpg,0.106771454,-64.49479
sample_04841.jpg,43.893913,10.464773
sample_04842.jpg,-28.864061,13.8676405
sample_04843.jpg,-32.586647,24.752901
sample_04844.jpg,25.1301,-44.04826
sample_04845.jpg,-4.3085814,13.048129
sample_04846.jpg,31.607782,35.560143
sample_04847.jpg,48.943123,-14.631362
sample_04848.jpg,-20.410957,-17.470037
sample_04849.jpg,-12.871248,18.93699
sample_04850.jpg,19.610376,2.7592134
sample_04851.jpg,40.298367,10.952143
sample_04852.jpg,44.533363,5.7542224
sample_04853.jpg,67.320595,-13.866511
sample_04854.jpg,-44.057644,-51.48762
sample_04855.jpg,61.073105,13.09244
sample_04856.jpg,-40.824265,-16.137354
sample_04857.jpg,-36.08949,-58.93128
sample_04858.jpg,-60.56437,-17.996593
sample_04859.jpg,37.35491,9.7212715
sample_04860.jpg,16.655811,-25.645182
sample_04861.jpg,9.105877,37.164482
sample_04862.jpg,-1.4857945,-72.49946
sample_04863.jpg,-18.713621,7.3365464
sample_04864.jpg,32.70469,10.867475
sample_04865.jpg,12.510075,5.709155
sample_04866.jpg,17.570559,41.10193
sample_04867.jpg,10.497886,30.320736
sample_04868.jpg,-24.080505,6.540082
sample_04869.jpg,-37.405407,-10.592037
sample_04870.jpg,13.715758,43.793095
sample_04871.jpg,-57.99663,-27.932846
sample_04872.jpg,-24.176516,-18.210745
sample_04873.jpg,44.996376,-0.18807928
sample_04874.jpg,11.226475,18.60475
sample_04875.jpg,-59.502106,-30.027569
sample_04876.jpg,16.46507,-7.054153
sample_04877.jpg,13.996361,-4.355364
sample_04878.jpg,32.99176,41.975197
sample_04879.jpg,23.440975,14.166064
sample_04880.jpg,-9.777531,11.173811
sample_04881.jpg,-28.434305,-51.196774
sample_04882.jpg,-37.98029,4.583314
sample_04883.jpg,-30.87926,33.157494
sample_04884.jpg,-28.874224,21.362373
sample_04885.jpg,0.30161893,28.07334
sample_04886.jpg,46.61905,1.7847887
sample_04887.jpg,2.9037273,-70.98698
sample_04888.jpg,-4.909416,8.254053
sample_04889.jpg,-54.750874,-18.028193
sample_04890.jpg,-14.177524,22.116852
sample_04891.jpg,4.646174,-13.312834
sample_04892.jpg,-3.909452,-9.3603525
sample_04893.jpg,-8.901129,46.08101
sample_04894.jpg,37.189762,12.555308
sample_04895.jpg,-30.453465,-8.213057
sample_04896.jpg,-10.464733,0.950806
sample_04897.jpg,-21.517221,32.54146
sample_04898.jpg,37.70487,14.75357
sample_04899.jpg,-28.157694,0.68944556
sample_04900.jpg,26.863012,18.825949
sample_04901.jpg,46.075527,30.30103
sample_04902.jpg,47.75052,-10.060174
sample_04903.jpg,-20.723785,1.2817358
sample_04904.jpg,26.448114,-1.9852759
sample_04905.jpg,18.700317,-56.142155
sample_04906.jpg,42.53918,19.95565
sample_04907.jpg,-20.262522,-54.58917
sample_04908.jpg,8.703814,13.007118
sample_04909.jpg,15.363272,7.267763
sample_04910.jpg,22.502407,18.285042
sample_04911.jpg,9.471485,-20.0409
sample_04912.jpg,-37.916046,-5.827174
sample_04913.jpg,-30.830603,-56.3622
sample_04914.jpg,46.87003,-17.843384
sample_04915.jpg,35.486633,21.629492
sample_04916.jpg,-12.878764,0.6798717
sample_04917.jpg,-37.107605,0.9822426
sample_04918.jpg,-14.747211,42.90358
sample_04919.jpg,22.437016,27.729952
sample_04920.jpg,18.055847,16.369873
sample_04921.jpg,-32.01927,-56.482975
sample_04922.jpg,-30.46388,5.2725606
sample_04923.jpg,-62.659145,-18.203175
sample_04924.jpg,-2.1877375,-1.3605176
sample_04925.jpg,58.222652,-5.440199
sample_04926.jpg,-21.87855,-54.72993
sample_04927.jpg,0.72527486,-73.05788
sample_04928.jpg,-53.358948,-27.64163
sample_04929.jpg,11.431367,-3.6596875
sample_04930.jpg,-40.748924,-0.42892534
sample_04931.jpg,14.901663,-22.952072
sample_04932.jpg,28.710524,-4.827575
sample_04933.jpg,63.426876,3.0099432
sample_04934.jpg,35.837093,13.8264265
sample_04935.jpg,72.20282,-1.3637053
sample_04936.jpg,-5.372247,-36.360664
sample_04937.jpg,43.910248,-2.6955466
sample_04938.jpg,-50.18441,49.46478
sample_04939.jpg,17.250353,21.405031
sample_04940.jpg,-21.138456,-20.685896
sample_04941.jpg,10.670234,29.742893
sample_04942.jpg,-51.218193,-20.804369
sample_04943.jpg,26.569426,22.445843
sample_04944.jpg,11.388831,18.50846
sample_04945.jpg,33.37761,-7.3015723
sample_04946.jpg,-52.062237,-19.09851
sample_04947.jpg,62.78448,-10.100656
sample_04948.jpg,32.588764,-7.1058993
sample_04949.jpg,46.7331,-12.560814
sample_04950.jpg,-58.055725,-30.801662
sample_04951.jpg,-9.653083,1.9077297
sample_04952.jpg,-21.059126,13.278532
sample_04953.jpg,-1.1942788,19.58776
sample_04954.jpg,0.5397396,-13.999626
sample_04955.jpg,0.3633868,-72.937744
sample_04956.jpg,-0.6366714,36.66454
sample_04957.jpg,-47.59722,-9.1838665
sample_04958.jpg,-14.626696,15.495229
sample_04959.jpg,-35.58953,-57.826775
sample_04960.jpg,46.91184,-3.6042898
sample_04961.jpg,22.382233,-53.277798
sample_04962.jpg,54.66889,11.671348
sample_04963.jpg,49.141117,-0.7156458
sample_04964.jpg,25.257952,46.340836
sample_04965.jpg,35.20501,41.410828
sample_04966.jpg,7.996125,39.145138
sample_04967.jpg,48.28128,-4.001434
sample_04968.jpg,49.626587,-4.3874536
sample_04969.jpg,50.143837,4.3903704
sample_04970.jpg,13.255991,-21.601753
sample_04971.jpg,-26.06035,13.511544
sample_04972.jpg,25.145498,-11.53374
sample_04973.jpg,-43.831863,-54.017242
sample_04974.jpg,-35.46526,-57.492496
sample_04975.jpg,52.706024,10.781247
sample_04976.jpg,-7.820942,27.105986
sample_04977.jpg,-23.360943,-10.918856
sample_04978.jpg,48.81979,6.1813607
sample_04979.jpg,-38.339054,10.2676525
sample_04980.jpg,63.50538,17.57515
sample_04981.jpg,34.60952,32.59458
sample_04982.jpg,60.087845,-13.393755
sample_04983.jpg,-17.630762,-18.316391
sample_04984.jpg,37.376114,3.6912363
sample_04985.jpg,55.947365,-4.502723
sample_04986.jpg,-9.586765,-18.950714
sample_04987.jpg,-44.33825,-15.440366
sample_04988.jpg,18.447369,18.747524
sample_04989.jpg,42.931232,-0.86179197
sample_04990.jpg,8.895213,-8.730034
sample_04991.jpg,-46.212517,-17.504463
sample_04992.jpg,68.73613,-11.96748
sample_04993.jpg,29.085054,-40.69927
sample_04994.jpg,-7.828904,19.468773
sample_04995.jpg,-27.424541,-10.704159
sample_04996.jpg,-16.952507,11.9924755
sample_04997.jpg,45.136208,21.677319
sample_04998.jpg,-2.6604922,47.139847
sample_04999.jpg,32.812737,41.519524
sample_05000.jpg,10.569784,-9.601151
sample_05001.jpg,-28.572262,-13.414338
sample_05002.jpg,-23.74132,21.631058
sample_05003.jpg,13.919926,40.45384
sample_05004.jpg,-7.8920627,1.383993
sample_05005.jpg,-24.913254,-20.569912
sample_05006.jpg,63.902954,4.855291
sample_05007.jpg,64.40782,14.126573
sample_05008.jpg,21.60084,15.121294
sample_05009.jpg,-32.606274,-15.252781
sample_05010.jpg,-13.488526,34.56498
sample_05011.jpg,-52.333904,-27.206154
sample_05012.jpg,22.004498,-4.3435206
sample_05013.jpg,-62.374954,-26.156548
sample_05014.jpg,-53.827194,-27.300293
sample_05015.jpg,50.80897,9.265989
sample_05016.jpg,57.587685,-6.1841273
sample_05017.jpg,41.310184,5.0793
sample_05018.jpg,-0.14220154,-68.10622
sample_05019.jpg,-56.00898,-21.393314
sample_05020.jpg,-14.899961,-53.438843
sample_05021.jpg,-60.87992,18.993351
sample_05022.jpg,-21.719952,17.071913
sample_05023.jpg,-43.059635,-0.6626707
sample_05024.jpg,22.575336,-48.993473
sample_05025.jpg,19.662077,25.626802
sample_05026.jpg,-58.075623,-32.035553
sample_05027.jpg,51.100094,3.5609648
sample_05028.jpg,61.16074,0.7828069
sample_05029.jpg,23.108149,-11.0625925
sample_05030.jpg,-34.141857,6.060901
sample_05031.jpg,46.22557,-1.694617
sample_05032.jpg,-58.40681,-29.097898
sample_05033.jpg,3.4473014,21.624235
sample_05034.jpg,48.054398,6.107941
sample_05035.jpg,46.39805,-12.058071
sample_05036.jpg,57.913345,-18.373018
sample_05037.jpg,-25.747189,-21.768183
sample_05038.jpg,-2.7821448,-70.671776
sample_05039.jpg,1.8254533,0.7372955
sample_05040.jpg,-32.442795,-1.6504171
sample_05041.jpg,-27.002138,-56.33297
sample_05042.jpg,22.969936,-10.682726
sample_05043.jpg,-47.682552,-0.8667951
sample_05044.jpg,1.5188762,18.61746
sample_05045.jpg,-16.29956,15.8621645
sample_05046.jpg,-59.965557,-33.116142
sample_05047.jpg,-58.46823,-29.451233
sample_05048.jpg,-12.997119,17.818556
sample_05049.jpg,45.46173,-5.1533155
sample_05050.jpg,13.879414,-65.11618
sample_05051.jpg,51.26571,-5.0788584
sample_05052.jpg,31.51411,-2.2822218
sample_05053.jpg,-1.82231,3.4415164
sample_05054.jpg,7.654966,-63.734188
sample_05055.jpg,-10.549678,-7.771353
sample_05056.jpg,30.35322,14.204967
sample_05057.jpg,-39.144554,51.444927
sample_05058.jpg,-10.818228,20.02052
sample_05059.jpg,-1.7418102,-33.735615
sample_05060.jpg,-31.065752,-7.0536833
sample_05061.jpg,58.25863,-13.956433
sample_05062.jpg,43.152195,10.803337
sample_05063.jpg,28.761972,33.36111
sample_05064.jpg,-5.538258,19.976517
sample_05065.jpg,-12.615974,19.79186
sample_05066.jpg,-10.596006,-41.4499
sample_05067.jpg,-1.5779628,-9.841961
sample_05068.jpg,-42.00613,-8.972847
sample_05069.jpg,-7.8922415,33.04389
sample_05070.jpg,-46.602898,1.5931752
sample_05071.jpg,0.09999961,26.35895
sample_05072.jpg,-35.847935,-26.73357
sample_05073.jpg,-18.362488,12.766902
sample_05074.jpg,-56.658527,-25.40636
sample_05075.jpg,56.94018,-14.551179
sample_05076.jpg,-28.437647,-58.739864
sample_05077.jpg,-5.496674,33.468254
sample_05078.jpg,7.005535,18.75982
sample_05079.jpg,27.320017,34.231678
sample_05080.jpg,-39.806458,-21.540869
sample_05081.jpg,20.010061,19.246172
sample_05082.jpg,-15.349803,-53.87419
sample_05083.jpg,-47.412605,-13.477079
sample_05084.jpg,40.339012,44.44706
sample_05085.jpg,-6.718156,32.66933
sample_05086.jpg,-44.46317,-53.93554
sample_05087.jpg,-58.52849,-13.511288
sample_05088.jpg,-51.85394,-13.782146
sample_05089.jpg,23.811476,-47.935184
sample_05090.jpg,-0.306457,53.354885
sample_05091.jpg,-47.453648,48.962288
sample_05092.jpg,13.041917,8.115638
sample_05093.jpg,-25.832462,13.929556
sample_05094.jpg,28.986055,29.723185
sample_05095.jpg,7.479112,-34.196472
sample_05096.jpg,63.7318,10.000365
sample_05097.jpg,-3.0517383,-16.180618
sample_05098.jpg,-17.33612,40.67755
sample_05099.jpg,-4.6146307,-72.32223
sample_05100.jpg,20.57595,19.34636
sample_05101.jpg,-19.922943,2.2492642
sample_05102.jpg,-33.675934,13.455995
sample_05103.jpg,17.710953,-58.19681
sample_05104.jpg,-7.500675,13.95608
sample_05105.jpg,-31.971972,5.326694
sample_05106.jpg,-2.9000838,8.914725
sample_05107.jpg,43.673454,24.326923
sample_05108.jpg,-1.9691559,40.21101
sample_05109.jpg,-41.014507,-56.05588
sample_05110.jpg,-16.025934,-52.662315
sample_05111.jpg,-16.368114,-45.91033
sample_05112.jpg,39.827114,-5.7839336
sample_05113.jpg,-34.503445,-8.903207
sample_05114.jpg,-33.83542,-8.065435
sample_05115.jpg,-15.632545,37.342323
sample_05116.jpg,-55.5812,-28.027176
sample_05117.jpg,7.392973,-66.54673
sample_05118.jpg,56.133266,17.644154
sample_05119.jpg,45.129772,24.524033
sample_05120.jpg,-44.760704,-8.457585
sample_05121.jpg,0.4978469,-25.170906
sample_05122.jpg,-33.92284,50.557346
sample_05123.jpg,17.092016,5.4537344
sample_05124.jpg,-3.4022293,-5.6321917
sample_05125.jpg,68.226746,-12.120244
sample_05126.jpg,40.87301,23.669718
sample_05127.jpg,44.06146,30.427814
sample_05128.jpg,26.455181,15.768171
sample_05129.jpg,21.162859,26.552359
sample_05130.jpg,59.349506,4.6929936
sample_05131.jpg,37.179733,25.739582
sample_05132.jpg,5.167884,-4.1269097
sample_05133.jpg,72.532295,7.396435
sample_05134.jpg,23.910547,30.69126
sample_05135.jpg,-12.08707,-47.71643
sample_05136.jpg,-49.340088,-3.621511
sample_05137.jpg,11.418276,14.347586
sample_05138.jpg,-70.611244,15.395581
sample_05139.jpg,-11.996232,2.7950344
sample_05140.jpg,62.601,-10.013322
sample_05141.jpg,30.135134,-4.553524
sample_05142.jpg,7.695598,-1.9258162
sample_05143.jpg,25.338367,29.963617
sample_05144.jpg,16.558912,12.994762
sample_05145.jpg,-18.548306,5.146782
sample_05146.jpg,8.456296,-66.86118
sample_05147.jpg,-4.759335,-35.644024
sample_05148.jpg,-9.859663,20.116335
sample_05149.jpg,0.5460443,26.734087
sample_05150.jpg,-54.40781,-22.23543
sample_05151.jpg,-4.1514297,-39.593636
sample_05152.jpg,3.0262704,35.226444
sample_05153.jpg,17.111483,16.123158
sample_05154.jpg,-15.61651,39.44107
sample_05155.jpg,16.40953,-25.379269
sample_05156.jpg,48.00563,12.288419
sample_05157.jpg,-23.284765,-9.498455
sample_05158.jpg,-52.69434,-3.3969762
sample_05159.jpg,10.677993,-68.19029
sample_05160.jpg,-28.547693,13.846956
sample_05161.jpg,-41.10575,-8.998352
sample_05162.jpg,-17.253681,16.552992
sample_05163.jpg,9.515189,-2.7095623
sample_05164.jpg,30.944603,-43.41625
sample_05165.jpg,-54.91847,-15.927059
sample_05166.jpg,-54.624317,-31.38117
sample_05167.jpg,16.562366,46.61824
sample_05168.jpg,-53.425392,-6.8811316
sample_05169.jpg,10.9632845,-65.637695
sample_05170.jpg,-45.19149,-16.247772
sample_05171.jpg,53.030758,-0.524936
sample_05172.jpg,42.529667,-15.294441
sample_05173.jpg,24.027699,22.19938
sample_05174.jpg,13.883738,-65.84729
sample_05175.jpg,2.5536401,-8.754575
sample_05176.jpg,65.02835,-11.44844
sample_05177.jpg,-6.5405087,-5.113018
sample_05178.jpg,-29.518753,9.410273
sample_05179.jpg,-58.14937,-32.096832
sample_05180.jpg,-26.608397,-8.879838
sample_05181.jpg,3.5226943,30.547888
sample_05182.jpg,-16.951189,14.388585
sample_05183.jpg,33.81847,40.986225
sample_05184.jpg,-32.78046,-58.05755
sample_05185.jpg,1.5289326,36.722916
sample_05186.jpg,39.06844,13.953696
sample_05187.jpg,-14.380096,43.072845
sample_05188.jpg,4.6046143,36.36682
sample_05189.jpg,-54.796722,-28.737726
sample_05190.jpg,-6.786794,44.21507
sample_05191.jpg,56.675064,-14.105936
sample_05192.jpg,9.427932,19.324654
sample_05193.jpg,-28.945658,-54.39993
sample_05194.jpg,-4.2637725,-13.224216
sample_05195.jpg,-1.528443,35.587605
sample_05196.jpg,69.026886,-1.6297296
sample_05197.jpg,12.8998785,11.118168
sample_05198.jpg,-5.5472937,-10.791079
sample_05199.jpg,-39.441753,-17.629784
sample_05200.jpg,-34.028908,13.485416
sample_05201.jpg,-33.128292,3.3832726
sample_05202.jpg,47.258324,8.216329
sample_05203.jpg,-39.877335,-18.864374
sample_05204.jpg,-23.701681,11.879816
sample_05205.jpg,-11.144754,8.406713
sample_05206.jpg,-50.376144,47.87557
sample_05207.jpg,0.5487166,17.91779
sample_05208.jpg,-11.134985,-3.0826473
sample_05209.jpg,15.6396265,32.636036
sample_05210.jpg,-12.445634,11.778505
sample_05211.jpg,11.412939,32.002186
sample_05212.jpg,-32.148937,-5.458804
sample_05213.jpg,-46.80831,-24.479519
sample_05214.jpg,-20.350784,-10.575543
sample_05215.jpg,-37.561375,6.201439
sample_05216.jpg,23.832418,-11.147363
sample_05217.jpg,-3.737979,17.257792
sample_05218.jpg,-11.612168,26.820597
sample_05219.jpg,4.1953363,-67.0751
sample_05220.jpg,49.20445,-9.127507
sample_05221.jpg,57.6409,-18.003483
sample_05222.jpg,-8.1894655,38.49779
sample_05223.jpg,-35.483532,15.851379
sample_05224.jpg,-59.76895,-32.72443
sample_05225.jpg,6.1555114,-6.115091
sample_05226.jpg,-26.07405,6.4413757
sample_05227.jpg,6.321486,18.28961
sample_05228.jpg,28.742369,-2.1586227
sample_05229.jpg,-11.571605,10.53039
sample_05230.jpg,12.684551,-20.1573
sample_05231.jpg,41.11254,6.972551
sample_05232.jpg,16.719883,8.032951
sample_05233.jpg,0.63983655,38.244392
sample_05234.jpg,14.254059,1.0441748
sample_05235.jpg,-1.4638724,10.839272
sample_05236.jpg,54.509274,-1.1020427
sample_05237.jpg,-36.81998,-4.6193
sample_05238.jpg,12.821672,27.420065
sample_05239.jpg,-61.86696,-25.29347
sample_05240.jpg,-29.813963,22.189354
sample_05241.jpg,42.16559,19.6563
sample_05242.jpg,26.494274,-0.58655727
sample_05243.jpg,-43.404224,48.610607
sample_05244.jpg,-18.845093,-3.9609823
sample_05245.jpg,29.022497,-44.003326
sample_05246.jpg,41.088062,-18.150496
sample_05247.jpg,36.03615,34.575394
sample_05248.jpg,31.736155,13.422946
sample_05249.jpg,46.27854,-5.3040934
sample_05250.jpg,-35.47714,-0.50849503
sample_05251.jpg,-4.307837,-31.668928
sample_05252.jpg,-6.655474,-39.703884
sample_05253.jpg,-1.1753876,9.163454
sample_05254.jpg,-4.5672736,17.496645
sample_05255.jpg,-35.72413,-6.634383
sample_05256.jpg,-40.595913,7.7812576
sample_05257.jpg,-49.589146,6.767678
sample_05258.jpg,60.386757,-13.709129
sample_05259.jpg,43.89813,12.307706
sample_05260.jpg,-15.82964,13.805909
sample_05261.jpg,6.336145,22.812586
sample_05262.jpg,10.039,-2.4272618
sample_05263.jpg,-48.076057,-26.964832
sample_05264.jpg,47.7292,15.505015
sample_05265.jpg,-11.502233,42.377724
sample_05266.jpg,1.0465746,21.252256
sample_05267.jpg,-43.186565,-7.873613
sample_05268.jpg,61.311283,16.207336
sample_05269.jpg,-9.08026,-18.664309
sample_05270.jpg,5.224787,14.321392
sample_05271.jpg,-45.688778,-13.417783
sample_05272.jpg,16.082191,-24.807798
sample_05273.jpg,56.671204,0.30226043
sample_05274.jpg,28.771187,-13.482537
sample_05275.jpg,-48.13183,-27.082409
sample_05276.jpg,34.589954,2.1685596
sample_05277.jpg,7.6052766,19.823845
sample_05278.jpg,-44.974903,-21.896158
sample_05279.jpg,36.470066,6.321721
sample_05280.jpg,0.047166724,36.191177
sample_05281.jpg,-32.26489,8.982299
sample_05282.jpg,24.249071,21.307034
sample_05283.jpg,-27.717058,-55.073257
sample_05284.jpg,66.65064,-5.4528775
sample_05285.jpg,-24.958467,-18.488874
sample_05286.jpg,21.663486,-54.233356
sample_05287.jpg,-19.478968,1.7582265
sample_05288.jpg,66.28627,-8.143042
sample_05289.jpg,-26.607222,-56.576088
sample_05290.jpg,24.14133,28.593681
sample_05291.jpg,6.8457465,17.45217
sample_05292.jpg,-6.3024073,3.6263852
sample_05293.jpg,15.513796,-11.006909
sample_05294.jpg,-16.847511,30.654886
sample_05295.jpg,-50.37919,-19.617064
sample_05296.jpg,18.995275,-60.95219
sample_05297.jpg,-4.066486,0.0067126504
sample_05298.jpg,28.383629,1.5668621
sample_05299.jpg,-20.85443,7.3793254
sample_05300.jpg,40.749794,12.077751
sample_05301.jpg,-1.6842984,35.44995
sample_05302.jpg,49.415665,13.214406
sample_05303.jpg,-4.343377,7.992742
sample_05304.jpg,14.885776,-8.00813
sample_05305.jpg,58.23678,-11.864392
sample_05306.jpg,59.27143,-3.8400505
sample_05307.jpg,1.9855326,31.38602
sample_05308.jpg,10.966375,-60.580124
sample_05309.jpg,28.331064,25.23127
sample_05310.jpg,26.819965,7.889919
sample_05311.jpg,51.23926,-11.961664
sample_05312.jpg,11.281453,18.139513
sample_05313.jpg,-2.251636,18.40578
sample_05314.jpg,-42.90175,-6.234648
sample_05315.jpg,51.261482,-17.571907
sample_05316.jpg,-9.669369,-10.315568
sample_05317.jpg,6.0587215,-11.7913475
sample_05318.jpg,-43.34893,-5.9748564
sample_05319.jpg,5.1736836,11.112547
sample_05320.jpg,-2.220224,14.571406
sample_05321.jpg,45.807663,14.594188
sample_05322.jpg,-26.91132,-57.225674
sample_05323.jpg,-22.628632,-55.29865
sample_05324.jpg,64.32387,-0.63881373
sample_05325.jpg,5.0947366,37.66685
sample_05326.jpg,0.5400794,-17.844381
sample_05327.jpg,-14.194503,-49.727055
sample_05328.jpg,-30.176643,21.757757
sample_05329.jpg,9.378008,18.014095
sample_05330.jpg,4.0747933,-71.17829
sample_05331.jpg,-38.830914,-9.0167055
sample_05332.jpg,0.8411359,30.702938
sample_05333.jpg,39.026443,4.3042674
sample_05334.jpg,-31.095804,3.4930966
sample_05335.jpg,-5.1481495,7.2990713
sample_05336.jpg,27.454851,37.752888
sample_05337.jpg,17.48184,25.965431
sample_05338.jpg,14.432064,19.817228
sample_05339.jpg,-48.522503,0.8417516
sample_05340.jpg,-42.42314,-14.29408
sample_05341.jpg,-13.352775,25.68303
sample_05342.jpg,13.648522,20.271011
sample_05343.jpg,-34.050777,-19.490211
sample_05344.jpg,28.687607,36.325592
sample_05345.jpg,-43.146442,-54.20856
sample_05346.jpg,-11.371161,-39.374634
sample_05347.jpg,-22.355146,-57.458046
sample_05348.jpg,18.003689,34.83207
sample_05349.jpg,-59.170837,-4.039643
sample_05350.jpg,-27.25316,-15.097547
sample_05351.jpg,43.878853,4.613846
sample_05352.jpg,17.81276,37.615112
sample_05353.jpg,-59.48159,-31.63002
sample_05354.jpg,58.126957,-10.797321
sample_05355.jpg,6.7627077,-66.9563
sample_05356.jpg,13.373784,-62.48982
sample_05357.jpg,-28.592766,-21.140453
sample_05358.jpg,14.474084,23.605747
sample_05359.jpg,-12.032666,39.939243
sample_05360.jpg,-14.931062,-48.041492
sample_05361.jpg,-12.864903,1.1860896
sample_05362.jpg,-53.48091,-31.134798
sample_05363.jpg,-62.118748,18.707644
sample_05364.jpg,-74.015495,14.883415
sample_05365.jpg,-18.823809,3.7035332
sample_05366.jpg,14.834654,-52.747818
sample_05367.jpg,50.903133,-8.64721
sample_05368.jpg,67.79713,-10.325992
sample_05369.jpg,-47.894634,-26.399672
sample_05370.jpg,-36.74032,-59.15779
sample_05371.jpg,-45.939007,-6.2691016
sample_05372.jpg,54.447598,-12.597746
sample_05373.jpg,-31.157946,-54.701534
sample_05374.jpg,-39.488674,-7.5347104
sample_05375.jpg,35.90024,34.42786
sample_05376.jpg,4.274113,18.790476
sample_05377.jpg,-27.34388,7.2353835
sample_05378.jpg,-54.937065,-8.823685
sample_05379.jpg,-57.142662,-31.300516
sample_05380.jpg,-1.7165767,14.615045
sample_05381.jpg,41.125477,-18.36378
sample_05382.jpg,4.55496,-65.25427
sample_05383.jpg,-46.603645,-19.55495
sample_05384.jpg,3.0907166,20.91552
sample_05385.jpg,55.17445,0.6527663
sample_05386.jpg,-13.798107,7.4345956
sample_05387.jpg,58.435307,-7.749891
sample_05388.jpg,61.073082,15.691615
sample_05389.jpg,-8.766331,49.055683
sample_05390.jpg,25.179506,-52.812164
sample_05391.jpg,68.75996,-13.294564
sample_05392.jpg,-53.617203,-29.46205
sample_05393.jpg,-21.012835,24.629032
sample_05394.jpg,-20.937487,28.088963
sample_05395.jpg,49.98017,-19.234854
sample_05396.jpg,48.011307,-13.975496
sample_05397.jpg,-3.6035805,-7.215108
sample_05398.jpg,-39.42024,7.2091203
sample_05399.jpg,26.228104,4.9683166
sample_05400.jpg,-50.361958,46.8408
sample_05401.jpg,-12.675402,15.289755
sample_05402.jpg,-30.659906,6.7113814
sample_05403.jpg,35.355656,20.398838
sample_05404.jpg,61.03366,-7.651284
sample_05405.jpg,29.145338,13.153442
sample_05406.jpg,-9.040895,34.740692
sample_05407.jpg,-63.093044,19.678974
sample_05408.jpg,-52.868412,-33.228542
sample_05409.jpg,46.541298,18.96538
sample_05410.jpg,-5.4096074,-72.74128
sample_05411.jpg,-32.243626,30.990845
sample_05412.jpg,54.41545,-4.039194
sample_05413.jpg,22.033123,24.282682
sample_05414.jpg,7.5693116,-5.680868
sample_05415.jpg,-33.907448,-26.767015
sample_05416.jpg,22.186865,12.872839
sample_05417.jpg,-5.53342,14.431962
sample_05418.jpg,-53.29264,-28.992924
sample_05419.jpg,16.529236,-1.3781509
sample_05420.jpg,3.6309967,22.422956
sample_05421.jpg,-41.699417,-56.700584
sample_05422.jpg,-59.917854,-3.9118164
sample_05423.jpg,14.7739725,-19.424994
sample_05424.jpg,34.897243,37.68097
sample_05425.jpg,-42.472218,-5.6107783
sample_05426.jpg,-27.462353,9.478511
sample_05427.jpg,65.69445,-9.739535
sample_05428.jpg,-56.254982,-19.16082
sample_05429.jpg,-67.60741,19.13387
sample_05430.jpg,-9.229409,-12.609252
sample_05431.jpg,33.7103,8.089108
sample_05432.jpg,-0.35938945,-64.64391
sample_05433.jpg,6.2311206,23.88304
sample_05434.jpg,-49.87934,48.623817
sample_05435.jpg,30.340765,9.321379
sample_05436.jpg,49.807457,-17.205042
sample_05437.jpg,0.35745212,-72.73068
sample_05438.jpg,11.847791,12.349336
sample_05439.jpg,-56.379948,-18.082775
sample_05440.jpg,-28.350426,-1.1965704
sample_05441.jpg,-39.725895,-14.498915
sample_05442.jpg,21.041538,37.41459
sample_05443.jpg,26.000029,-39.20782
sample_05444.jpg,-14.9351845,48.36622
sample_05445.jpg,-49.883408,-15.516247
sample_05446.jpg,-47.209354,49.1807
sample_05447.jpg,55.673042,21.479664
sample_05448.jpg,-57.16689,-30.935314
sample_05449.jpg,48.945072,16.289667
sample_05450.jpg,-7.345155,-8.949262
sample_05451.jpg,45.7011,11.74966
sample_05452.jpg,6.179233,43.700176
sample_05453.jpg,-46.739094,-8.348039
sample_05454.jpg,-25.556623,-1.0336666
sample_05455.jpg,-4.9239125,-35.662212
sample_05456.jpg,28.628956,7.41948
sample_05457.jpg,-24.543608,28.4574
sample_05458.jpg,53.03205,12.837135
sample_05459.jpg,-38.61487,6.2626066
sample_05460.jpg,3.0363543,-10.5437
sample_05461.jpg,33.77772,15.256176
sample_05462.jpg,-46.089397,-12.408969
sample_05463.jpg,26.606579,-48.281586
sample_05464.jpg,6.8424973,31.830156
sample_05465.jpg,-31.472387,4.4490924
sample_05466.jpg,42.614433,27.005331
sample_05467.jpg,34.971214,-5.0345955
sample_05468.jpg,-74.16554,14.963432
sample_05469.jpg,10.364011,-21.990627
sample_05470.jpg,6.0355687,-10.028965
sample_05471.jpg,-11.400431,10.004893
sample_05472.jpg,-29.407597,-1.6923311
sample_05473.jpg,-54.144753,-3.9059725
sample_05474.jpg,-52.64676,6.435683
sample_05475.jpg,-12.135503,-9.157873
sample_05476.jpg,12.034066,18.354868
sample_05477.jpg,8.789851,20.847383
sample_05478.jpg,24.510721,-44.28104
sample_05479.jpg,-16.62471,27.20513
sample_05480.jpg,-6.400757,-39.092064
sample_05481.jpg,-54.476368,-19.319983
sample_05482.jpg,7.578498,-34.36191
sample_05483.jpg,7.934883,-3.0342627
sample_05484.jpg,16.358152,22.419697
sample_05485.jpg,4.050114,-3.2771711
sample_05486.jpg,-29.750109,11.150189
sample_05487.jpg,-12.823684,30.873857
sample_05488.jpg,5.998861,-69.84888
sample_05489.jpg,33.609024,16.561718
sample_05490.jpg,-19.049026,29.735342
sample_05491.jpg,45.599503,-26.016205
sample_05492.jpg,52.829243,-11.865899
sample_05493.jpg,-13.051987,13.206589
sample_05494.jpg,0.53392476,38.727543
sample_05495.jpg,-45.42117,0.6664989
sample_05496.jpg,-6.3033857,35.034103
sample_05497.jpg,11.03167,33.880455
sample_05498.jpg,26.520319,-1.9056839
sample_05499.jpg,23.981663,18.38002
sample_05500.jpg,-15.078256,10.720301
sample_05501.jpg,-48.538975,1.2398286
sample_05502.jpg,30.002638,-13.472402
sample_05503.jpg,43.22884,11.454922
sample_05504.jpg,6.6099806,27.404646
sample_05505.jpg,27.420101,23.436827
sample_05506.jpg,-66.975555,13.148886
sample_05507.jpg,-43.76765,-1.7789158
sample_05508.jpg,-44.3553,-6.3909903
sample_05509.jpg,55.616535,7.045439
sample_05510.jpg,-47.34279,-12.147782
sample_05511.jpg,69.694145,7.623321
sample_05512.jpg,46.132587,29.073725
sample_05513.jpg,-38.41236,-7.2093177
sample_05514.jpg,-54.39206,-19.93755
sample_05515.jpg,-13.726262,-17.981031
sample_05516.jpg,46.714794,-5.3795
sample_05517.jpg,8.991007,-60.326637
sample_05518.jpg,-30.823507,-4.6829715
sample_05519.jpg,-54.32288,-15.773231
sample_05520.jpg,23.024223,20.226398
sample_05521.jpg,-0.93791145,8.094784
sample_05522.jpg,56.89298,-2.9704313
sample_05523.jpg,10.776837,24.337212
sample_05524.jpg,1.8313199,-10.177737
sample_05525.jpg,-3.1157084,2.8779368
sample_05526.jpg,29.166285,-41.16849
sample_05527.jpg,63.51543,11.936546
sample_05528.jpg,12.661328,-61.81558
sample_05529.jpg,50.275093,13.013348
sample_05530.jpg,19.209784,3.3379638
sample_05531.jpg,-32.349537,3.197376
sample_05532.jpg,20.224733,9.670301
sample_05533.jpg,9.720081,11.052449
sample_05534.jpg,10.357266,14.63802
sample_05535.jpg,8.709254,-5.5611115
sample_05536.jpg,-32.930153,-11.163156
sample_05537.jpg,-43.330643,-3.3391116
sample_05538.jpg,-12.0965395,30.156387
sample_05539.jpg,-1.1159891,48.18859
sample_05540.jpg,11.592324,-67.18943
sample_05541.jpg,-2.74945,-11.609622
sample_05542.jpg,14.747776,5.527
sample_05543.jpg,-54.867714,0.588989
sample_05544.jpg,-33.410503,-55.92493
sample_05545.jpg,-19.58354,16.95231
sample_05546.jpg,33.25824,27.044315
sample_05547.jpg,-46.190067,-5.308171
sample_05548.jpg,20.4227,-0.84602815
sample_05549.jpg,-24.915363,-54.783695
sample_05550.jpg,-20.847816,3.2277186
sample_05551.jpg,-8.864645,-5.6121416
sample_05552.jpg,-40.328445,-6.6255045
sample_05553.jpg,50.3476,2.0121357
sample_05554.jpg,32.515835,10.670677
sample_05555.jpg,-9.5872,-19.306877
sample_05556.jpg,15.772897,1.7726147
sample_05557.jpg,-48.736168,-6.4442058
sample_05558.jpg,-3.672998,23.540276
sample_05559.jpg,-43.888573,-22.044315
sample_05560.jpg,25.315708,28.995087
sample_05561.jpg,9.980447,-8.8601
sample_05562.jpg,14.929265,-23.666796
sample_05563.jpg,8.782785,29.830576
sample_05564.jpg,39.733494,48.273956
sample_05565.jpg,-7.187555,-39.86482
sample_05566.jpg,14.73106,-60.06869
sample_05567.jpg,-43.556168,1.9691163
sample_05568.jpg,52.215782,-12.453507
sample_05569.jpg,-57.91924,-12.315486
sample_05570.jpg,41.22294,10.416875
sample_05571.jpg,-46.404053,10.608291
sample_05572.jpg,-0.13116951,17.70773
sample_05573.jpg,56.067,17.676374
sample_05574.jpg,52.482826,-4.791675
sample_05575.jpg,20.687752,30.040169
sample_05576.jpg,30.223425,28.911142
sample_05577.jpg,13.414473,12.874588
sample_05578.jpg,-28.898695,7.807842
sample_05579.jpg,6.5098033,37.742767
sample_05580.jpg,-22.812992,-9.51844
sample_05581.jpg,-47.355686,49.191498
sample_05582.jpg,29.539326,-23.863375
sample_05583.jpg,-16.43228,15.276338
sample_05584.jpg,66.259285,-10.0829935
sample_05585.jpg,-57.046234,-28.222076
sample_05586.jpg,21.89148,-0.66228
sample_05587.jpg,16.6221,27.935133
sample_05588.jpg,-33.434616,-54.079216
sample_05589.jpg,19.122742,-55.87209
sample_05590.jpg,-15.777544,14.116673
sample_05591.jpg,-10.80231,-13.169783
sample_05592.jpg,26.369884,9.580077
sample_05593.jpg,-1.2577866,16.231346
sample_05594.jpg,18.876348,37.278355
sample_05595.jpg,-11.603029,21.079062
sample_05596.jpg,41.057198,21.913324
sample_05597.jpg,-4.6518354,41.095516
sample_05598.jpg,29.211483,11.571475
sample_05599.jpg,49.083874,-4.806337
sample_05600.jpg,-58.20509,-33.646988
sample_05601.jpg,47.524204,-3.4999413
sample_05602.jpg,-9.960185,27.98298
sample_05603.jpg,-69.27576,16.776823
sample_05604.jpg,16.593424,7.969482
sample_05605.jpg,33.877396,42.967464
sample_05606.jpg,33.767082,23.501448
sample_05607.jpg,4.258954,20.662098
sample_05608.jpg,45.582047,-9.583198
sample_05609.jpg,-27.257137,18.739359
sample_05610.jpg,14.728816,-19.136358
sample_05611.jpg,16.748964,34.70091
sample_05612.jpg,63.577053,1.5256238
sample_05613.jpg,54.129288,-7.0996056
sample_05614.jpg,27.571026,-2.8446605
sample_05615.jpg,-3.2076359,18.684832
sample_05616.jpg,11.661799,39.196106
sample_05617.jpg,-48.81364,-24.558245
sample_05618.jpg,36.205826,5.0573683
sample_05619.jpg,-35.124588,-24.341103
sample_05620.jpg,6.0149302,9.095795
sample_05621.jpg,-46.23068,6.121789
sample_05622.jpg,-35.15508,-26.62065
sample_05623.jpg,-54.59945,-10.39498
sample_05624.jpg,-13.204072,31.034218
sample_05625.jpg,69.914314,9.031776
sample_05626.jpg,-38.573486,-58.571
sample_05627.jpg,-36.526917,1.420471
sample_05628.jpg,-69.85638,16.083065
sample_05629.jpg,-29.395971,32.321247
sample_05630.jpg,-14.624619,1.7757059
sample_05631.jpg,31.709154,35.43723
sample_05632.jpg,9.383621,16.674435
sample_05633.jpg,-28.163303,-1.375845
sample_05634.jpg,-33.579357,19.3699
sample_05635.jpg,65.24926,1.8563306
sample_05636.jpg,-71.91399,14.009486
sample_05637.jpg,5.893305,-67.467514
sample_05638.jpg,-5.4375987,-71.664024
sample_05639.jpg,-42.54989,50.59655
sample_05640.jpg,-15.653696,-28.00505
sample_05641.jpg,25.792395,28.866583
sample_05642.jpg,51.542316,-0.9764296
sample_05643.jpg,12.169154,-67.15111
sample_05644.jpg,31.856468,40.973812
sample_05645.jpg,24.972923,-1.2993488
sample_05646.jpg,38.502247,-7.67102
sample_05647.jpg,61.740223,-12.533018
sample_05648.jpg,52.34581,7.0216284
sample_05649.jpg,-66.76673,17.380833
sample_05650.jpg,22.770893,42.25572
sample_05651.jpg,-46.80586,-26.175589
sample_05652.jpg,-11.037157,8.745233
sample_05653.jpg,72.0097,-5.723457
sample_05654.jpg,7.7816525,24.322014
sample_05655.jpg,-44.72821,-3.6044545
sample_05656.jpg,-54.934643,-8.792706
sample_05657.jpg,-4.8994036,-6.1717176
sample_05658.jpg,-37.385906,-53.94533
sample_05659.jpg,69.68869,7.5760503
sample_05660.jpg,-15.550015,23.409048
sample_05661.jpg,-23.254875,-48.050358
sample_05662.jpg,18.34863,-59.527508
sample_05663.jpg,64.46068,10.468338
sample_05664.jpg,-16.78803,-52.355423
sample_05665.jpg,59.98399,0.047738645
sample_05666.jpg,28.696697,17.4246
sample_05667.jpg,-16.394678,-6.404443
sample_05668.jpg,-7.3113856,-38.974228
sample_05669.jpg,-5.3851643,25.09469
sample_05670.jpg,-14.67035,45.956085
sample_05671.jpg,28.282904,-44.093548
sample_05672.jpg,54.111065,-7.391819
sample_05673.jpg,37.971714,23.183737
sample_05674.jpg,-25.449121,-20.398535
sample_05675.jpg,29.271124,-25.681892
sample_05676.jpg,34.7651,28.134174
sample_05677.jpg,25.01073,0.610631
sample_05678.jpg,41.696007,21.443205
sample_05679.jpg,-13.622842,22.27753
sample_05680.jpg,-7.7780695,34.543503
sample_05681.jpg,-56.563408,-30.530235
sample_05682.jpg,11.955469,20.681076
sample_05683.jpg,37.79311,46.639538
sample_05684.jpg,33.556797,-1.9717203
sample_05685.jpg,16.745852,18.178112
sample_05686.jpg,-31.416239,25.772715
sample_05687.jpg,-0.47898805,35.83364
sample_05688.jpg,51.14134,6.6003547
sample_05689.jpg,0.20621222,-7.723851
sample_05690.jpg,-46.42337,-10.970509
sample_05691.jpg,19.043844,-56.16767
sample_05692.jpg,57.922546,4.2569847
sample_05693.jpg,-5.600404,-36.785423
sample_05694.jpg,2.2212799,-71.83235
sample_05695.jpg,-57.597088,-30.721773
sample_05696.jpg,66.00665,-8.040308
sample_05697.jpg,5.480544,15.672701
sample_05698.jpg,-43.740173,-9.522797
sample_05699.jpg,34.614624,31.222094
sample_05700.jpg,15.039887,-61.001255
sample_05701.jpg,63.636784,-2.351425
sample_05702.jpg,-9.516246,4.435723
sample_05703.jpg,-52.253624,-20.527618
sample_05704.jpg,13.033932,29.132372
sample_05705.jpg,-44.94968,2.7228844
sample_05706.jpg,50.413742,3.8448176
sample_05707.jpg,16.064363,-21.475437
sample_05708.jpg,18.342196,22.97485
sample_05709.jpg,27.46496,9.601689
sample_05710.jpg,9.943197,7.676998
sample_05711.jpg,-30.483967,11.175545
sample_05712.jpg,-17.763018,13.857244
sample_05713.jpg,-43.33014,-10.397483
sample_05714.jpg,8.674199,47.805542
sample_05715.jpg,15.319817,23.720041
sample_05716.jpg,-5.043414,-32.056076
sample_05717.jpg,55.615757,3.7572205
sample_05718.jpg,-39.93519,11.940157
sample_05719.jpg,-37.085125,18.239931
sample_05720.jpg,-2.2801175,19.05159
sample_05721.jpg,-4.305966,16.477617
sample_05722.jpg,-43.949177,9.6699095
sample_05723.jpg,-22.593227,8.2342615
sample_05724.jpg,-43.081142,-0.23710337
sample_05725.jpg,17.83175,-26.100147
sample_05726.jpg,26.743599,-44.552013
sample_05727.jpg,2.261325,44.166645
sample_05728.jpg,-4.990964,3.6619473
sample_05729.jpg,17.175014,-21.20894
sample_05730.jpg,25.968294,-48.31415
sample_05731.jpg,-34.65225,-4.4255514
sample_05732.jpg,41.557793,10.028519
sample_05733.jpg,67.02068,-10.245097
sample_05734.jpg,40.922817,46.840942
sample_05735.jpg,35.386536,-5.0515637
sample_05736.jpg,-37.695747,-10.611568
sample_05737.jpg,-15.235654,-49.106632
sample_05738.jpg,1.3385547,24.504478
sample_05739.jpg,18.19262,50.936005
sample_05740.jpg,16.278872,-18.124453
sample_05741.jpg,-1.4013164,0.7916652
sample_05742.jpg,-19.640274,9.238308
sample_05743.jpg,23.520098,0.05887086
sample_05744.jpg,-8.593275,52.87884
sample_05745.jpg,-39.627094,50.757122
sample_05746.jpg,1.9671813,28.226353
sample_05747.jpg,21.489801,18.830761
sample_05748.jpg,-3.8467238,4.423315
sample_05749.jpg,62.91956,12.169963
sample_05750.jpg,23.663584,15.823749
sample_05751.jpg,7.243994,-10.041002
sample_05752.jpg,33.124783,17.724585
sample_05753.jpg,-14.760008,-0.50376946
sample_05754.jpg,65.58132,-13.975309
sample_05755.jpg,39.25737,45.670376
sample_05756.jpg,42.65027,14.964323
sample_05757.jpg,17.362986,-20.312769
sample_05758.jpg,51.914593,-9.9178505
sample_05759.jpg,-44.67544,6.2729945
sample_05760.jpg,32.20807,8.473959
sample_05761.jpg,5.498492,20.904968
sample_05762.jpg,27.07706,-42.68613
sample_05763.jpg,40.24894,47.085655
sample_05764.jpg,44.51808,-14.062363
sample_05765.jpg,8.607021,39.723003
sample_05766.jpg,-69.28666,16.557467
sample_05767.jpg,32.476673,0.63006073
sample_05768.jpg,23.922237,39.04547
sample_05769.jpg,35.60812,-13.817414
sample_05770.jpg,62.93076,1.2314357
sample_05771.jpg,5.5884066,22.324217
sample_05772.jpg,0.5112383,32.088837
sample_05773.jpg,-21.95643,22.660158
sample_05774.jpg,47.288757,-15.8658085
sample_05775.jpg,-42.701603,7.676478
sample_05776.jpg,70.30822,-12.602468
sample_05777.jpg,60.67856,0.6673854
sample_05778.jpg,-4.4042835,20.47772
sample_05779.jpg,13.448942,14.8601055
sample_05780.jpg,20.530073,-54.588192
sample_05781.jpg,-47.758713,-10.886274
sample_05782.jpg,-15.604239,26.180222
sample_05783.jpg,31.729675,-2.6876192
sample_05784.jpg,4.891746,25.992306
sample_05785.jpg,-35.864403,5.181105
sample_05786.jpg,-3.6040154,-20.386456
sample_05787.jpg,-69.02485,16.030233
sample_05788.jpg,9.97568,-65.1103
sample_05789.jpg,-0.74512315,-71.74552
sample_05790.jpg,2.8356738,12.705133
sample_05791.jpg,1.0222418,31.915964
sample_05792.jpg,-61.58559,20.131296
sample_05793.jpg,-3.0333474,16.561424
sample_05794.jpg,37.397938,-13.341855
sample_05795.jpg,-3.4703991,21.452322
sample_05796.jpg,-12.1526165,38.881405
sample_05797.jpg,-0.9541129,48.368244
sample_05798.jpg,-38.955044,-5.989956
sample_05799.jpg,-22.50307,24.729769
sample_05800.jpg,-12.579897,11.296455
sample_05801.jpg,-2.0777602,13.911039
sample_05802.jpg,-7.789035,-2.034637
sample_05803.jpg,20.864155,23.113258
sample_05804.jpg,-3.4564588,27.631857
sample_05805.jpg,-21.794315,-57.65527
sample_05806.jpg,-5.0627155,50.514046
sample_05807.jpg,-17.312346,12.3262825
sample_05808.jpg,-30.639963,4.252648
sample_05809.jpg,21.603403,41.18408
sample_05810.jpg,-15.855052,3.9536765
sample_05811.jpg,15.9203415,-24.40541
sample_05812.jpg,-2.1023347,16.435192
sample_05813.jpg,-26.404478,7.888168
sample_05814.jpg,16.688704,-57.752193
sample_05815.jpg,-4.8029985,-10.5991125
sample_05816.jpg,14.372291,-21.982063
sample_05817.jpg,-27.202833,18.292253
sample_05818.jpg,-34.002186,16.963417
sample_05819.jpg,17.105967,-21.47967
sample_05820.jpg,26.939375,-44.357986
sample_05821.jpg,-51.29644,-34.215508
sample_05822.jpg,12.919768,29.064043
sample_05823.jpg,-0.18347073,16.720945
sample_05824.jpg,-15.905103,-27.879196
sample_05825.jpg,8.618788,-5.577659
sample_05826.jpg,-42.375744,-54.540012
sample_05827.jpg,-26.468412,7.89279
sample_05828.jpg,-52.625645,-9.810899
sample_05829.jpg,-20.097633,0.33913392
sample_05830.jpg,51.675137,-4.6515546
sample_05831.jpg,-75.12295,13.345761
sample_05832.jpg,62.666233,14.015378
sample_05833.jpg,37.78411,8.627077
sample_05834.jpg,-27.701551,16.18612
sample_05835.jpg,10.869162,18.523825
sample_05836.jpg,41.927097,44.47397
sample_05837.jpg,-49.352135,-15.292608
sample_05838.jpg,65.97006,-8.075756
sample_05839.jpg,-1.6491315,25.665066
sample_05840.jpg,-5.436434,-1.9468178
sample_05841.jpg,44.76723,20.048157
sample_05842.jpg,-2.1130478,-42.23958
sample_05843.jpg,-14.783147,-51.337845
sample_05844.jpg,-9.983762,-40.81752
sample_05845.jpg,-30.89368,2.0381253
sample_05846.jpg,13.364661,-23.861643
sample_05847.jpg,-56.21341,-26.763226
sample_05848.jpg,-43.887787,-24.380564
sample_05849.jpg,18.187244,-26.308598
sample_05850.jpg,-39.954178,50.197674
sample_05851.jpg,15.014503,-12.445988
sample_05852.jpg,22.081532,1.1099441
sample_05853.jpg,-40.05559,-55.261627
sample_05854.jpg,21.146278,41.030334
sample_05855.jpg,1.2030853,12.532445
sample_05856.jpg,-18.082363,-50.476295
sample_05857.jpg,66.68928,-11.2779045
sample_05858.jpg,5.8441873,25.631767
sample_05859.jpg,-51.151768,-34.412777
sample_05860.jpg,-30.453611,8.869584
sample_05861.jpg,-32.66438,7.428301
sample_05862.jpg,34.19856,30.716137
sample_05863.jpg,60.390995,-7.3251753
sample_05864.jpg,37.74586,19.43885
sample_05865.jpg,-50.786514,48.032154
sample_05866.jpg,8.84646,-2.8167539
sample_05867.jpg,-60.826508,-24.318563
sample_05868.jpg,-13.595134,43.1067
sample_05869.jpg,-1.9327737,21.18112
sample_05870.jpg,63.989384,-8.714848
sample_05871.jpg,66.64941,-6.256353
sample_05872.jpg,6.0644627,36.553513
sample_05873.jpg,-35.06523,-1.0760682
sample_05874.jpg,-69.74598,16.048107
sample_05875.jpg,-14.525257,-48.795715
sample_05876.jpg,62.52168,13.564961
sample_05877.jpg,7.441371,-2.4476807
sample_05878.jpg,21.039238,-49.669056
sample_05879.jpg,69.99885,-3.7012365
sample_05880.jpg,-25.363953,-19.489876
sample_05881.jpg,27.027008,-45.64616
sample_05882.jpg,6.1194143,-67.34786
sample_05883.jpg,-4.826388,10.787019
sample_05884.jpg,16.727442,26.178957
sample_05885.jpg,-46.585526,-7.862141
sample_05886.jpg,56.570927,2.14961
sample_05887.jpg,9.641561,-65.91531
sample_05888.jpg,-32.646507,4.2064476
sample_05889.jpg,-26.45512,3.7166495
sample_05890.jpg,-42.30422,2.6677983
sample_05891.jpg,11.328302,6.7256446
sample_05892.jpg,-59.189014,-12.7689705
sample_05893.jpg,-39.42241,50.134975
sample_05894.jpg,8.295778,40.235672
sample_05895.jpg,-27.596283,2.9442406
sample_05896.jpg,61.753605,-3.7504807
sample_05897.jpg,-43.750195,16.372614
sample_05898.jpg,-41.76293,-3.181225
sample_05899.jpg,-31.64689,33.659847
sample_05900.jpg,30.72301,-42.8465
sample_05901.jpg,-38.833275,1.1462586
sample_05902.jpg,-43.26319,-7.0563526
sample_05903.jpg,63.24667,2.721321
sample_05904.jpg,23.153126,-51.850903
sample_05905.jpg,-13.320552,-48.303654
sample_05906.jpg,29.962343,15.315361
sample_05907.jpg,30.587112,-1.9806437
sample_05908.jpg,-35.444668,-3.1746926
sample_05909.jpg,9.063302,27.459051
sample_05910.jpg,14.09868,-22.276382
sample_05911.jpg,-10.230409,-0.20976926
sample_05912.jpg,5.2882648,15.584882
sample_05913.jpg,4.2561502,11.952788
sample_05914.jpg,-19.762573,6.27303
sample_05915.jpg,-5.3051553,-17.687452
sample_05916.jpg,-8.634816,-5.201733
sample_05917.jpg,4.138431,31.844215
sample_05918.jpg,-44.44312,-1.0742149
sample_05919.jpg,21.036037,13.974254
sample_05920.jpg,28.38228,-43.298218
sample_05921.jpg,-34.21712,-7.4770007
sample_05922.jpg,17.201767,-61.182186
sample_05923.jpg,4.0676694,28.261122
sample_05924.jpg,-45.33191,49.80002
sample_05925.jpg,-12.396386,22.575449
sample_05926.jpg,54.708977,0.52478486
sample_05927.jpg,-36.70335,7.290775
sample_05928.jpg,-9.114717,46.03008
sample_05929.jpg,10.789222,-61.583725
sample_05930.jpg,-17.912281,18.918938
sample_05931.jpg,50.670464,-18.50125
sample_05932.jpg,53.50386,4.9339843
sample_05933.jpg,1.8151722,-10.374405
sample_05934.jpg,40.354675,45.191845
sample_05935.jpg,-7.0888653,9.881302
sample_05936.jpg,-64.346344,19.214958
sample_05937.jpg,9.1022005,26.003464
sample_05938.jpg,15.558087,20.313576
sample_05939.jpg,-9.916451,-13.631171
sample_05940.jpg,-24.02135,-14.26858
sample_05941.jpg,19.680643,33.121826
sample_05942.jpg,-14.133129,27.557226
sample_05943.jpg,-53.301407,-3.749254
sample_05944.jpg,0.8611583,17.177181
sample_05945.jpg,4.757594,-1.2260412
sample_05946.jpg,48.26588,3.851058
sample_05947.jpg,-17.732695,-50.721752
sample_05948.jpg,-48.029682,-14.699606
sample_05949.jpg,0.5911732,-67.78599
sample_05950.jpg,-45.561535,-1.7075971
sample_05951.jpg,31.128017,40.139053
sample_05952.jpg,0.20018795,-71.06847
sample_05953.jpg,29.563469,-17.393932
sample_05954.jpg,-0.8515139,21.863426
sample_05955.jpg,27.73678,43.664074
sample_05956.jpg,-51.319153,47.388336
sample_05957.jpg,-4.5258856,40.71605
sample_05958.jpg,-19.340208,1.7795181
sample_05959.jpg,23.402275,35.78374
sample_05960.jpg,-18.829695,9.3913965
sample_05961.jpg,6.6102405,23.859245
sample_05962.jpg,1.3271452,29.902561
sample_05963.jpg,25.796368,29.02218
sample_05964.jpg,7.7245183,-31.688438
sample_05965.jpg,-12.665072,28.814875
sample_05966.jpg,-12.295786,-41.66639
sample_05967.jpg,39.38627,44.92413
sample_05968.jpg,16.804071,0.6306916
sample_05969.jpg,-30.825258,-56.140244
sample_05970.jpg,-26.105957,1.8354882
sample_05971.jpg,-37.4786,51.262062
sample_05972.jpg,-20.18808,-57.319073
sample_05973.jpg,32.153866,22.078102
sample_05974.jpg,-21.563444,-4.2178173
sample_05975.jpg,15.672855,-60.882786
sample_05976.jpg,-24.174097,11.459008
sample_05977.jpg,31.365948,-0.29952464
sample_05978.jpg,-32.69202,7.3400216
sample_05979.jpg,48.14622,5.144544
sample_05980.jpg,64.2863,12.310967
sample_05981.jpg,-38.559326,-15.929958
sample_05982.jpg,-5.1925483,22.489199
sample_05983.jpg,1.5967499,-12.787328
sample_05984.jpg,69.82072,-4.9967165
sample_05985.jpg,-38.72396,-12.155314
sample_05986.jpg,59.35061,8.719096
sample_05987.jpg,-39.516205,-7.584687
sample_05988.jpg,30.771067,10.614455
sample_05989.jpg,5.8425446,18.881899
sample_05990.jpg,19.936754,17.482891
sample_05991.jpg,9.250696,-66.96575
sample_05992.jpg,23.84829,-3.9466827
sample_05993.jpg,56.492275,-6.540084
sample_05994.jpg,67.084816,-10.354474
sample_05995.jpg,9.741537,24.930054
sample_05996.jpg,-57.928066,-24.502457
sample_05997.jpg,64.46808,14.176131
sample_05998.jpg,63.548336,17.539806
sample_05999.jpg,5.2342544,41.93806
sample_06000.jpg,-24.931232,-11.963664
sample_06001.jpg,6.350133,0.80406487
sample_06002.jpg,29.19162,-40.7056
sample_06003.jpg,12.720386,4.490793
sample_06004.jpg,10.805997,39.01071
sample_06005.jpg,17.25303,-20.826239
sample_06006.jpg,39.62354,9.86856
sample_06007.jpg,0.23050594,38.496475
sample_06008.jpg,23.873373,41.231464
sample_06009.jpg,4.5897646,4.1306157
sample_06010.jpg,-11.48892,34.876667
sample_06011.jpg,-24.683805,15.570091
sample_06012.jpg,15.863524,-56.67618
sample_06013.jpg,29.12751,11.811535
sample_06014.jpg,16.063375,-23.823975
sample_06015.jpg,-21.134268,-3.7291286
sample_06016.jpg,-11.637576,-37.70585
sample_06017.jpg,0.46001613,4.0550375
sample_06018.jpg,-67.85313,19.057806
sample_06019.jpg,21.325,40.318184
sample_06020.jpg,1.1065066,-25.110104
sample_06021.jpg,-28.977055,-4.832435
sample_06022.jpg,24.533627,-43.221676
sample_06023.jpg,33.966393,39.745785
sample_06024.jpg,-7.771937,-34.159348
sample_06025.jpg,-23.05027,2.4108348
sample_06026.jpg,44.90036,-1.5723801
sample_06027.jpg,-27.559313,37.16943
sample_06028.jpg,49.89463,-18.916
sample_06029.jpg,11.731816,23.39817
sample_06030.jpg,-31.645933,-11.903708
sample_06031.jpg,64.3442,2.285825
sample_06032.jpg,-1.2710378,25.63535
sample_06033.jpg,-26.85224,-2.5912867
sample_06034.jpg,-36.01577,50.6943
sample_06035.jpg,5.2409844,-66.923065
sample_06036.jpg,11.069856,-64.25822
sample_06037.jpg,-12.005507,34.769955
sample_06038.jpg,-1.6515759,-16.60143
sample_06039.jpg,63.70205,17.548983
sample_06040.jpg,54.13201,9.775734
sample_06041.jpg,-1.6342379,-42.468456
sample_06042.jpg,-24.199026,-2.808744
sample_06043.jpg,30.377226,28.775618
sample_06044.jpg,-55.379967,-20.301283
sample_06045.jpg,-29.76668,21.474525
sample_06046.jpg,-38.45413,-7.7173395
sample_06047.jpg,-57.364304,-29.872812
sample_06048.jpg,-26.33997,-55.653748
sample_06049.jpg,-22.422577,-19.746548
sample_06050.jpg,-48.02008,-25.225897
sample_06051.jpg,-4.099211,3.543447
sample_06052.jpg,-0.30314773,17.388678
sample_06053.jpg,-27.987957,2.8021011
sample_06054.jpg,-21.732964,38.38526
sample_06055.jpg,57.347305,-1.1172003
sample_06056.jpg,38.87594,16.915596
sample_06057.jpg,-47.452393,4.1583223
sample_06058.jpg,52.738533,18.144213
sample_06059.jpg,12.793566,-63.482365
sample_06060.jpg,-36.11705,-9.07618
sample_06061.jpg,-49.46955,46.746635
sample_06062.jpg,-9.013435,34.698635
sample_06063.jpg,19.543694,-54.82401
sample_06064.jpg,16.610472,-53.89183
sample_06065.jpg,55.866734,0.65557206
sample_06066.jpg,-47.911106,-14.622479
sample_06067.jpg,-28.595251,13.35681
sample_06068.jpg,17.616283,19.431326
sample_06069.jpg,4.1870427,29.19719
sample_06070.jpg,-45.107475,9.539823
sample_06071.jpg,-40.132782,-54.161865
sample_06072.jpg,35.98838,19.943567
sample_06073.jpg,-29.615313,29.23869
sample_06074.jpg,45.283894,30.350666
sample_06075.jpg,-10.454378,3.18467
sample_06076.jpg,-30.343283,5.665074
sample_06077.jpg,54.396793,-0.7708054
sample_06078.jpg,-30.792288,-54.219776
sample_06079.jpg,-5.2879734,22.287872
sample_06080.jpg,-22.998945,20.217243
sample_06081.jpg,26.711617,12.667991
sample_06082.jpg,-40.936188,-53.103737
sample_06083.jpg,-51.69909,-10.746266
sample_06084.jpg,-22.441586,35.75626
sample_06085.jpg,-27.247211,18.090874
sample_06086.jpg,49.030518,-19.525032
sample_06087.jpg,8.4442625,-62.264816
sample_06088.jpg,-2.1969957,14.987028
sample_06089.jpg,37.57399,12.480157
sample_06090.jpg,-26.621464,11.630407
sample_06091.jpg,-2.175311,23.636454
sample_06092.jpg,7.2557216,25.16535
sample_06093.jpg,-21.637299,0.110563725
sample_06094.jpg,14.3241,-10.067949
sample_06095.jpg,17.57448,-10.071136
sample_06096.jpg,21.22048,39.721478
sample_06097.jpg,-46.116398,48.55628
sample_06098.jpg,-38.74708,2.813665
sample_06099.jpg,-24.622873,7.4217424
sample_06100.jpg,62.168407,-0.61131597
sample_06101.jpg,34.89398,1.9481069
sample_06102.jpg,-14.335718,1.646069
sample_06103.jpg,4.3664837,21.431597
sample_06104.jpg,-7.831394,22.318382
sample_06105.jpg,5.4820166,11.424477
sample_06106.jpg,20.570606,-55.34577
sample_06107.jpg,52.756367,-0.22809757
sample_06108.jpg,42.933994,41.79023
sample_06109.jpg,40.285427,-3.4520464
sample_06110.jpg,6.3337245,22.88102
sample_06111.jpg,-0.62076825,15.586145
sample_06112.jpg,5.010492,4.1115165
sample_06113.jpg,-36.79909,50.63486
sample_06114.jpg,-62.798367,-34.42833
sample_06115.jpg,20.88621,-7.755483
sample_06116.jpg,50.50837,1.4406494
sample_06117.jpg,60.789757,-4.845772
sample_06118.jpg,43.834343,18.533539
sample_06119.jpg,-54.14955,-31.455729
sample_06120.jpg,-39.08024,-12.357122
sample_06121.jpg,50.13289,19.517273
sample_06122.jpg,52.399216,16.503231
sample_06123.jpg,3.413651,7.3688197
sample_06124.jpg,4.3387694,-66.75586
sample_06125.jpg,60.463516,-3.532018
sample_06126.jpg,71.417145,6.746279
sample_06127.jpg,-33.618713,17.66092
sample_06128.jpg,13.020709,15.837426
sample_06129.jpg,-12.257254,16.32752
sample_06130.jpg,-26.679483,11.320294
sample_06131.jpg,17.29033,39.720135
sample_06132.jpg,5.3367014,23.204252
sample_06133.jpg,-73.07922,14.902828
sample_06134.jpg,11.681288,-6.6492114
sample_06135.jpg,-6.566264,-6.871032
sample_06136.jpg,-25.067413,11.15156
sample_06137.jpg,-52.021282,-29.87315
sample_06138.jpg,-22.681234,11.7661295
sample_06139.jpg,-53.808365,3.6123054
sample_06140.jpg,14.7159395,-11.850886
sample_06141.jpg,15.249694,-62.55531
sample_06142.jpg,-60.378136,-20.05889
sample_06143.jpg,59.61265,-11.95892
sample_06144.jpg,-9.6959305,15.201964
sample_06145.jpg,-25.80545,10.068348
sample_06146.jpg,8.481952,7.358018
sample_06147.jpg,19.095177,12.674222
sample_06148.jpg,-32.846085,-55.748795
sample_06149.jpg,-59.692974,-21.541819
sample_06150.jpg,-59.12494,-13.058513
sample_06151.jpg,19.068705,3.2875874
sample_06152.jpg,50.257683,4.0809746
sample_06153.jpg,-25.343702,22.153332
sample_06154.jpg,-5.510614,18.666862
sample_06155.jpg,-31.99396,1.3543491
sample_06156.jpg,-20.954813,-52.37431
sample_06157.jpg,-28.35738,5.40865
sample_06158.jpg,-20.409426,-10.564037
sample_06159.jpg,-51.946533,2.6375935
sample_06160.jpg,-69.59752,16.595074
sample_06161.jpg,-58.91839,-2.4221067
sample_06162.jpg,28.214659,3.572499
sample_06163.jpg,50.37185,-17.859629
sample_06164.jpg,58.44143,-12.457129
sample_06165.jpg,-0.41850302,29.57972
sample_06166.jpg,54.31475,-10.521655
sample_06167.jpg,37.906456,33.829895
sample_06168.jpg,-24.05752,-7.156861
sample_06169.jpg,10.319706,-61.456795
sample_06170.jpg,35.18575,23.453527
sample_06171.jpg,-22.250425,-9.779297
sample_06172.jpg,25.684164,14.785661
sample_06173.jpg,-9.97227,-18.969727
sample_06174.jpg,2.4152641,-8.284009
sample_06175.jpg,-13.881936,45.020943
sample_06176.jpg,-28.144375,4.8253107
sample_06177.jpg,3.7839684,14.4745245
sample_06178.jpg,-75.867256,11.433351
sample_06179.jpg,24.017508,15.91793
sample_06180.jpg,17.44694,-8.095185
sample_06181.jpg,55.857887,-8.240999
sample_06182.jpg,3.688685,37.717262
sample_06183.jpg,-30.24267,10.880478
sample_06184.jpg,-3.7977817,-71.04505
sample_06185.jpg,-6.4577,-37.006344
sample_06186.jpg,-26.565695,-12.372624
sample_06187.jpg,13.554716,-6.438771
sample_06188.jpg,-48.82944,-6.8692546
sample_06189.jpg,-60.605007,-17.765043
sample_06190.jpg,-2.372378,45.1542
sample_06191.jpg,33.82792,39.398006
sample_06192.jpg,10.39191,-8.366732
sample_06193.jpg,-8.603919,23.189823
sample_06194.jpg,53.09937,4.526785
sample_06195.jpg,-25.281536,-23.191643
sample_06196.jpg,-14.338095,-45.69445
sample_06197.jpg,14.146046,-12.248468
sample_06198.jpg,29.088688,-40.546288
sample_06199.jpg,25.45124,-44.638687
sample_06200.jpg,-5.6649036,-72.982056
sample_06201.jpg,-30.273275,-12.770783
sample_06202.jpg,-52.002407,-15.190819
sample_06203.jpg,15.420912,-23.447134
sample_06204.jpg,-58.486496,-25.569477
sample_06205.jpg,47.28306,22.555931
sample_06206.jpg,15.005806,14.67822
sample_06207.jpg,-64.06043,19.07805
sample_06208.jpg,25.793356,16.314886
sample_06209.jpg,-7.203856,13.859713
sample_06210.jpg,13.775155,-20.997898
sample_06211.jpg,41.539223,-1.1176629
sample_06212.jpg,63.608814,-10.851522
sample_06213.jpg,13.96389,29.04624
sample_06214.jpg,7.4417787,-69.635056
sample_06215.jpg,48.637207,-5.0327787
sample_06216.jpg,-9.601165,-43.152615
sample_06217.jpg,54.380096,5.867242
sample_06218.jpg,-41.701603,16.698986
sample_06219.jpg,-40.324112,-7.148273
sample_06220.jpg,69.82574,-4.8126154
sample_06221.jpg,30.214321,-42.073093
sample_06222.jpg,15.553303,0.4125114
sample_06223.jpg,-28.540947,2.2120922
sample_06224.jpg,-23.639912,42.729492
sample_06225.jpg,66.56957,-1.6868478
sample_06226.jpg,42.650433,10.207875
sample_06227.jpg,-45.524223,-25.343014
sample_06228.jpg,-42.34808,-15.885608
sample_06229.jpg,22.871204,17.631714
sample_06230.jpg,-43.061207,50.064186
sample_06231.jpg,39.864536,45.52583
sample_06232.jpg,-58.92347,-11.3780365
sample_06233.jpg,-62.726982,-17.962357
sample_06234.jpg,5.4048085,19.816282
sample_06235.jpg,-32.238922,3.2497303
sample_06236.jpg,11.025369,33.7343
sample_06237.jpg,10.935254,-18.531849
sample_06238.jpg,-27.64854,-5.0704203
sample_06239.jpg,-25.085625,-8.619392
sample_06240.jpg,6.0825987,-10.013233
sample_06241.jpg,-24.445185,-11.332962
sample_06242.jpg,45.3682,-16.218256
sample_06243.jpg,32.174896,-12.889088
sample_06244.jpg,57.840183,-4.3438
sample_06245.jpg,-35.222588,-54.1123
sample_06246.jpg,53.265244,12.711495
sample_06247.jpg,-30.794209,-57.6646
sample_06248.jpg,22.776089,-50.10954
sample_06249.jpg,-53.883427,-7.957855
sample_06250.jpg,-61.3416,-21.652437
sample_06251.jpg,34.592808,25.454512
sample_06252.jpg,47.083073,-9.870462
sample_06253.jpg,-18.645359,34.56696
sample_06254.jpg,13.226265,12.766875
sample_06255.jpg,55.83745,9.227052
sample_06256.jpg,29.101862,9.514856
sample_06257.jpg,19.636835,16.31114
sample_06258.jpg,15.314055,-10.921889
sample_06259.jpg,-28.300941,13.868049
sample_06260.jpg,36.171234,6.5883536
sample_06261.jpg,-22.019081,21.118906
sample_06262.jpg,13.796805,19.696547
sample_06263.jpg,-38.42063,-8.090563
sample_06264.jpg,5.873508,10.949608
sample_06265.jpg,-7.001647,6.5745473
sample_06266.jpg,43.395603,45.17791
sample_06267.jpg,-39.238277,-57.9755
sample_06268.jpg,12.165467,-67.13005
sample_06269.jpg,-37.62602,-0.101525776
sample_06270.jpg,36.116226,12.071465
sample_06271.jpg,-36.674664,-8.6695385
sample_06272.jpg,32.22716,-26.45515
sample_06273.jpg,32.274487,23.483627
sample_06274.jpg,21.953465,-49.28057
sample_06275.jpg,0.6866369,26.097513
sample_06276.jpg,-10.006936,43.325897
sample_06277.jpg,31.025644,1.3707114
sample_06278.jpg,-4.087659,51.259266
sample_06279.jpg,-38.12868,-13.4156275
sample_06280.jpg,-4.3461137,16.08713
sample_06281.jpg,65.55594,-0.40910602
sample_06282.jpg,17.686268,30.296057
sample_06283.jpg,24.131435,-45.737827
sample_06284.jpg,-27.645369,12.547964
sample_06285.jpg,33.798386,12.245624
sample_06286.jpg,-40.3363,-2.7508912
sample_06287.jpg,54.289066,17.55939
sample_06288.jpg,7.699987,10.184526
sample_06289.jpg,50.73232,-16.843287
sample_06290.jpg,-3.4268224,21.14959
sample_06291.jpg,43.946293,15.456226
sample_06292.jpg,1.7832924,42.83339
sample_06293.jpg,-38.155235,-58.36551
sample_06294.jpg,32.21062,-26.464563
sample_06295.jpg,-44.253265,-53.91058
sample_06296.jpg,-20.920519,28.789818
sample_06297.jpg,-8.038131,-44.90429
sample_06298.jpg,70.94112,7.4141216
sample_06299.jpg,-62.383152,21.054676
sample_06300.jpg,-69.67334,15.398611
sample_06301.jpg,27.855854,22.329357
sample_06302.jpg,-5.0948434,-10.09711
sample_06303.jpg,16.789553,1.5047185
sample_06304.jpg,54.226135,3.8627114
sample_06305.jpg,-30.338242,-6.800232
sample_06306.jpg,2.0780087,1.3448575
sample_06307.jpg,-17.95529,22.195293
sample_06308.jpg,24.756521,22.222075
sample_06309.jpg,-18.496977,12.311432
sample_06310.jpg,13.464176,-61.149075
sample_06311.jpg,17.756256,21.392328
sample_06312.jpg,38.951008,8.33636
sample_06313.jpg,3.9132297,14.456907
sample_06314.jpg,-10.404777,-41.367565
sample_06315.jpg,18.667643,36.127323
sample_06316.jpg,-58.737247,-26.125984
sample_06317.jpg,-38.603554,-19.032614
sample_06318.jpg,27.71803,47.1581
sample_06319.jpg,-11.718428,-4.5956216
sample_06320.jpg,-66.13916,20.45364
sample_06321.jpg,36.33198,13.782184
sample_06322.jpg,4.304968,18.03109
sample_06323.jpg,22.424482,31.59027
sample_06324.jpg,-19.278452,-52.907364
sample_06325.jpg,22.968391,-16.065006
sample_06326.jpg,55.161724,19.555342
sample_06327.jpg,-33.745937,-25.878733
sample_06328.jpg,29.088467,-40.52126
sample_06329.jpg,-23.990526,-53.098698
sample_06330.jpg,-4.614163,-72.3057
sample_06331.jpg,-39.4608,18.77946
sample_06332.jpg,-3.6969635,25.033594
sample_06333.jpg,22.068565,-49.490032
sample_06334.jpg,-8.769877,34.965393
sample_06335.jpg,-56.173466,-27.954142
sample_06336.jpg,-11.267481,27.176485
sample_06337.jpg,56.684013,-6.4445863
sample_06338.jpg,-31.858633,-7.173219
sample_06339.jpg,-10.35706,-46.456394
sample_06340.jpg,-21.919222,22.892073
sample_06341.jpg,-13.716142,19.678555
sample_06342.jpg,29.221464,11.587696
sample_06343.jpg,-9.415023,-43.49225
sample_06344.jpg,22.150658,-7.599427
sample_06345.jpg,43.594448,26.302444
sample_06346.jpg,16.421951,-2.6512895
sample_06347.jpg,-44.328476,-17.62939
sample_06348.jpg,-55.170963,-32.6127
sample_06349.jpg,58.848076,-0.30917642
sample_06350.jpg,-17.352854,14.629243
sample_06351.jpg,35.510967,21.962946
sample_06352.jpg,70.01285,8.840659
sample_06353.jpg,-6.678941,20.221107
sample_06354.jpg,13.65862,-0.90583545
sample_06355.jpg,16.127537,-63.28566
sample_06356.jpg,47.24828,19.440098
sample_06357.jpg,-0.4674621,-65.442
sample_06358.jpg,-1.6694014,33.4094
sample_06359.jpg,-59.106873,-27.90858
sample_06360.jpg,-38.014454,-58.427242
sample_06361.jpg,-21.152737,-45.130783
sample_06362.jpg,-52.866177,-1.7757691
sample_06363.jpg,-15.297414,22.064993
sample_06364.jpg,6.8921165,28.988604
sample_06365.jpg,-25.276312,-21.457294
sample_06366.jpg,-59.68914,-5.484492
sample_06367.jpg,-19.348703,-52.587704
sample_06368.jpg,-28.681458,-56.021694
sample_06369.jpg,-31.221312,-24.94131
sample_06370.jpg,-1.0018548,37.065407
sample_06371.jpg,-53.375946,-29.112202
sample_06372.jpg,-4.712383,-14.124852
sample_06373.jpg,52.097527,17.67531
sample_06374.jpg,-53.423218,-26.219656
sample_06375.jpg,-53.649345,-12.405042
sample_06376.jpg,35.43093,-6.4273
sample_06377.jpg,0.72274554,15.859828
sample_06378.jpg,-4.1425834,34.586353
sample_06379.jpg,13.366357,32.931
sample_06380.jpg,-32.307354,-27.555246
sample_06381.jpg,-13.42626,33.917664
sample_06382.jpg,-35.519146,6.985322
sample_06383.jpg,0.7250529,11.106606
sample_06384.jpg,57.569443,0.24294508
sample_06385.jpg,-6.3255115,23.699177
sample_06386.jpg,15.215583,-7.1436443
sample_06387.jpg,-43.969284,-4.0306497
sample_06388.jpg,18.5017,-59.369984
sample_06389.jpg,16.703688,-54.23566
sample_06390.jpg,29.173862,-24.942554
sample_06391.jpg,21.520956,-56.723625
sample_06392.jpg,-1.0883372,41.929207
sample_06393.jpg,27.663214,-43.95443
sample_06394.jpg,54.172203,-14.077426
sample_06395.jpg,62.243923,17.09082
sample_06396.jpg,47.15405,-7.4733796
sample_06397.jpg,49.318573,3.161391
sample_06398.jpg,39.87085,9.717772
sample_06399.jpg,8.22578,-63.602036
sample_06400.jpg,10.06219,24.766052
sample_06401.jpg,-36.00756,-56.43782
sample_06402.jpg,-11.909839,-13.631426
sample_06403.jpg,0.7211895,31.703588
sample_06404.jpg,65.00074,-6.395662
sample_06405.jpg,59.05267,-3.4206908
sample_06406.jpg,46.94694,-14.877297
sample_06407.jpg,16.880903,10.031562
sample_06408.jpg,15.442085,10.528191
sample_06409.jpg,12.5830345,11.309848
sample_06410.jpg,25.305738,-50.39005
sample_06411.jpg,30.304924,16.938896
sample_06412.jpg,-14.914974,48.45908
sample_06413.jpg,-24.424515,-7.5717363
sample_06414.jpg,47.8476,9.587889
sample_06415.jpg,-6.883425,6.725269
sample_06416.jpg,-6.2796226,-1.5509547
sample_06417.jpg,-1.2013968,-70.48469
sample_06418.jpg,0.028604297,-16.237696
sample_06419.jpg,13.910969,23.061636
sample_06420.jpg,-21.319235,-49.160152
sample_06421.jpg,-11.673671,-5.643462
sample_06422.jpg,-38.674046,21.608627
sample_06423.jpg,-8.628912,14.765694
sample_06424.jpg,-63.232624,-14.61882
sample_06425.jpg,-44.924053,6.253848
sample_06426.jpg,-31.798418,-5.6194205
sample_06427.jpg,10.620239,-61.694576
sample_06428.jpg,66.773544,-10.151896
sample_06429.jpg,-35.39233,6.9356074
sample_06430.jpg,-23.57221,8.102675
sample_06431.jpg,-0.4124968,13.971282
sample_06432.jpg,-27.610584,16.619604
sample_06433.jpg,-11.29409,21.17293
sample_06434.jpg,-56.376316,-33.181038
sample_06435.jpg,15.842853,-23.033905
sample_06436.jpg,52.410526,-17.103128
sample_06437.jpg,29.999763,40.164883
sample_06438.jpg,12.264098,32.984715
sample_06439.jpg,-57.984077,-14.6093445
sample_06440.jpg,5.605109,14.013187
sample_06441.jpg,-8.074925,6.880399
sample_06442.jpg,27.976168,-23.205
sample_06443.jpg,-35.38701,8.313574
sample_06444.jpg,30.710865,7.557512
sample_06445.jpg,-23.10391,0.22747745
sample_06446.jpg,39.000763,-6.1420765
sample_06447.jpg,-43.878654,-14.731795
sample_06448.jpg,32.750042,0.9161883
sample_06449.jpg,-35.49356,-6.854339
sample_06450.jpg,-32.410633,-8.730405
sample_06451.jpg,19.45538,20.368155
sample_06452.jpg,2.3558831,9.843279
sample_06453.jpg,-47.5775,49.90488
sample_06454.jpg,21.471642,7.9520636
sample_06455.jpg,20.955269,17.478199
sample_06456.jpg,-20.044645,4.7837095
sample_06457.jpg,56.446526,-12.526321
sample_06458.jpg,-27.447699,-58.044117
sample_06459.jpg,1.6654797,18.40262
sample_06460.jpg,-6.396745,52.171383
sample_06461.jpg,44.759663,4.142691
sample_06462.jpg,-36.14997,51.394726
sample_06463.jpg,8.41902,23.880816
sample_06464.jpg,-54.51193,-20.951069
sample_06465.jpg,13.780922,20.836449
sample_06466.jpg,-12.014395,41.805847
sample_06467.jpg,12.460935,-18.119379
sample_06468.jpg,-47.449287,-3.714532
sample_06469.jpg,15.830281,-55.957592
sample_06470.jpg,-32.543777,-27.462044
sample_06471.jpg,-7.261376,30.770689
sample_06472.jpg,28.904089,29.122103
sample_06473.jpg,9.114982,38.74735
sample_06474.jpg,-6.092115,15.53915
sample_06475.jpg,-23.24427,-47.38947
sample_06476.jpg,-17.844608,10.320586
sample_06477.jpg,1.2035407,24.391972
sample_06478.jpg,4.9369974,15.42513
sample_06479.jpg,-58.78749,-28.684631
sample_06480.jpg,6.738971,-4.751423
sample_06481.jpg,7.8420935,24.06898
sample_06482.jpg,24.711815,-47.77341
sample_06483.jpg,9.319437,-10.474974
sample_06484.jpg,-59.799545,-31.599571
sample_06485.jpg,30.925789,-13.130559
sample_06486.jpg,24.053493,18.241133
sample_06487.jpg,-24.38763,-12.103361
sample_06488.jpg,48.578106,-18.185368
sample_06489.jpg,26.807217,2.4563472
sample_06490.jpg,12.523092,30.760302
sample_06491.jpg,-6.179513,1.776454
sample_06492.jpg,21.470047,4.4458313
sample_06493.jpg,3.8322306,5.9884696
sample_06494.jpg,-9.106235,26.584593
sample_06495.jpg,-15.928303,-28.1032
sample_06496.jpg,18.895182,5.1568427
sample_06497.jpg,43.979385,1.3261033
sample_06498.jpg,16.299131,-54.47406
sample_06499.jpg,26.345652,26.115255
sample_06500.jpg,64.2772,7.1932034
sample_06501.jpg,-14.248075,44.225307
sample_06502.jpg,-33.63069,1.5437906
sample_06503.jpg,-20.385836,-46.95039
sample_06504.jpg,-49.05795,-5.0057993
sample_06505.jpg,-1.8610256,22.835926
sample_06506.jpg,4.4640613,8.269978
sample_06507.jpg,11.077778,-3.917183
sample_06508.jpg,3.892958,42.523693
sample_06509.jpg,-2.7403119,26.655764
sample_06510.jpg,42.10204,46.323704
sample_06511.jpg,-10.864606,23.79466
sample_06512.jpg,-44.90296,-7.6997824
sample_06513.jpg,-15.335037,23.61969
sample_06514.jpg,61.746166,-12.713071
sample_06515.jpg,-49.923714,-12.260064
sample_06516.jpg,19.561764,-5.2188115
sample_06517.jpg,-13.17718,15.820144
sample_06518.jpg,10.797699,45.332
sample_06519.jpg,-13.851786,41.359806
sample_06520.jpg,17.209158,6.743314
sample_06521.jpg,0.2971521,-9.805049
sample_06522.jpg,-58.158623,-32.106136
sample_06523.jpg,-57.769333,-33.219036
sample_06524.jpg,0.27222526,8.445491
sample_06525.jpg,50.760406,-8.468208
sample_06526.jpg,9.01436,20.671295
sample_06527.jpg,57.85452,-5.4241643
sample_06528.jpg,-13.152615,-11.5690975
sample_06529.jpg,-56.392353,-22.022022
sample_06530.jpg,51.579575,26.726675
sample_06531.jpg,51.726074,11.084086
sample_06532.jpg,-47.749184,-11.905611
sample_06533.jpg,-25.229559,-8.109048
sample_06534.jpg,19.518421,22.700277
sample_06535.jpg,47.236668,8.349737
sample_06536.jpg,25.660048,-47.32188
sample_06537.jpg,20.632767,11.614639
sample_06538.jpg,12.719475,36.867645
sample_06539.jpg,-58.195053,-27.306461
sample_06540.jpg,15.664943,-54.628193
sample_06541.jpg,8.232328,19.754374
sample_06542.jpg,-39.03978,2.095525
sample_06543.jpg,-12.912351,0.38480648
sample_06544.jpg,49.964558,-2.196133
sample_06545.jpg,-46.002594,-9.2533455
sample_06546.jpg,-36.002533,-56.82016
sample_06547.jpg,35.4758,38.126453
sample_06548.jpg,29.743797,10.18137
sample_06549.jpg,9.392953,-62.541073
sample_06550.jpg,-11.72783,0.64031565
sample_06551.jpg,5.546109,-1.2540745
sample_06552.jpg,-24.55915,-22.632498
sample_06553.jpg,-0.16306973,9.560914
sample_06554.jpg,-16.34712,-50.263504
sample_06555.jpg,-2.4033382,-17.474884
sample_06556.jpg,-32.044575,4.058884
sample_06557.jpg,16.036112,-6.4916854
sample_06558.jpg,29.93974,24.472263
sample_06559.jpg,-58.43275,-20.433228
sample_06560.jpg,-0.110175714,6.732098
sample_06561.jpg,14.323546,21.529568
sample_06562.jpg,-28.17988,-53.518776
sample_06563.jpg,-8.194241,3.4457297
sample_06564.jpg,-3.6838522,17.951122
sample_06565.jpg,-35.011986,1.6078765
sample_06566.jpg,23.500551,45.50308
sample_06567.jpg,35.824455,50.274693
sample_06568.jpg,52.662792,11.659516
sample_06569.jpg,-43.1838,-12.746083
sample_06570.jpg,-5.5097313,-31.694706
sample_06571.jpg,-28.023983,25.17518
sample_06572.jpg,-4.437501,-15.661497
sample_06573.jpg,25.026875,-3.6685133
sample_06574.jpg,44.248707,11.543291
sample_06575.jpg,16.492006,14.830295
sample_06576.jpg,-46.095062,-7.5704255
sample_06577.jpg,-37.552868,50.50612
sample_06578.jpg,26.16977,-46.802452
sample_06579.jpg,24.57707,25.015966
sample_06580.jpg,-40.486977,49.547882
sample_06581.jpg,51.612812,14.4214945
sample_06582.jpg,41.85759,21.696548
sample_06583.jpg,50.49285,2.0712068
sample_06584.jpg,-21.989567,-14.6641
sample_06585.jpg,-46.55157,12.164105
sample_06586.jpg,29.625986,15.972512
sample_06587.jpg,9.953775,-3.7848625
sample_06588.jpg,71.72021,7.1557755
sample_06589.jpg,7.5794325,8.9660425
sample_06590.jpg,41.68657,15.783434
sample_06591.jpg,-17.652344,3.810849
sample_06592.jpg,43.09605,-9.670482
sample_06593.jpg,-36.558575,-57.619724
sample_06594.jpg,-24.899382,-8.39665
sample_06595.jpg,-0.7409332,-65.194855
sample_06596.jpg,-11.650344,-46.77448
sample_06597.jpg,17.114492,5.6686516
sample_06598.jpg,40.670452,45.419727
sample_06599.jpg,11.394193,12.56882
sample_06600.jpg,-5.750282,-36.679317
sample_06601.jpg,5.014507,7.3594365
sample_06602.jpg,50.466633,-14.837212
sample_06603.jpg,53.888115,7.323287
sample_06604.jpg,23.754559,24.199873
sample_06605.jpg,-34.836216,-0.51982135
sample_06606.jpg,-21.754227,-57.610996
sample_06607.jpg,5.332111,37.700207
sample_06608.jpg,-2.6252642,22.761984
sample_06609.jpg,11.65231,35.086704
sample_06610.jpg,-14.243437,-5.0089726
sample_06611.jpg,-40.407223,-9.26921
sample_06612.jpg,14.069352,-61.25817
sample_06613.jpg,-21.077858,-46.26229
sample_06614.jpg,-54.27501,-26.292797
sample_06615.jpg,-13.639,-2.1221504
sample_06616.jpg,32.79599,32.32674
sample_06617.jpg,13.983335,-57.946983
sample_06618.jpg,68.25644,-7.615702
sample_06619.jpg,20.408823,0.78645253
sample_06620.jpg,9.060287,-65.49942
sample_06621.jpg,-3.8162441,-17.541271
sample_06622.jpg,2.1369836,45.472885
sample_06623.jpg,33.665016,8.680853
sample_06624.jpg,-51.19188,-10.362827
sample_06625.jpg,-32.833313,-20.8058
sample_06626.jpg,16.544138,14.393413
sample_06627.jpg,39.130066,4.1054845
sample_06628.jpg,-34.372303,-2.6615252
sample_06629.jpg,-28.646015,1.5406723
sample_06630.jpg,6.805699,31.780684
sample_06631.jpg,49.728104,-4.3796167
sample_06632.jpg,-9.726125,37.699364
sample_06633.jpg,18.661598,10.03902
sample_06634.jpg,10.869572,20.630909
sample_06635.jpg,-5.9539475,9.779154
sample_06636.jpg,-13.866584,30.970322
sample_06637.jpg,5.7443666,5.913233
sample_06638.jpg,-10.572679,2.298483
sample_06639.jpg,-33.681118,10.449985
sample_06640.jpg,-56.963314,-22.003164
sample_06641.jpg,-47.373837,-5.8203998
sample_06642.jpg,4.8566303,-6.734797
sample_06643.jpg,-34.258125,16.94085
sample_06644.jpg,-2.3674448,28.33281
sample_06645.jpg,14.356152,27.380493
sample_06646.jpg,12.3452835,30.744045
sample_06647.jpg,33.85934,14.865829
sample_06648.jpg,13.99427,-23.848907
sample_06649.jpg,-12.443287,12.263707
sample_06650.jpg,4.0805306,26.608166
sample_06651.jpg,-36.207798,10.983148
sample_06652.jpg,-40.396095,-5.4815745
sample_06653.jpg,40.940628,48.406452
sample_06654.jpg,-5.5489397,-40.747227
sample_06655.jpg,35.08547,14.602393
sample_06656.jpg,-40.427742,0.40537637
sample_06657.jpg,39.156628,29.423977
sample_06658.jpg,5.0688663,12.766946
sample_06659.jpg,13.424291,11.434946
sample_06660.jpg,49.419018,-13.202948
sample_06661.jpg,15.97898,-60.790905
sample_06662.jpg,3.1826422,16.741756
sample_06663.jpg,-15.38728,12.828641
sample_06664.jpg,5.4967885,18.436861
sample_06665.jpg,42.647606,26.979498
sample_06666.jpg,9.020225,-9.617132
sample_06667.jpg,-6.3684006,52.024643
sample_06668.jpg,9.819158,32.6446
sample_06669.jpg,23.650269,45.42275
sample_06670.jpg,-42.06604,-1.0945574
sample_06671.jpg,-16.23835,-48.98439
sample_06672.jpg,-52.04407,-21.519371
sample_06673.jpg,20.340853,-50.345978
sample_06674.jpg,65.16079,-9.301138
sample_06675.jpg,-5.5793576,-37.448814
sample_06676.jpg,25.23254,29.660795
sample_06677.jpg,-7.7214184,-8.657053
sample_06678.jpg,-32.159714,-3.766533
sample_06679.jpg,21.202824,17.268726
sample_06680.jpg,-22.727379,-55.2087
sample_06681.jpg,10.82352,40.599007
sample_06682.jpg,14.447101,-65.72799
sample_06683.jpg,35.5706,-15.587586
sample_06684.jpg,-15.20864,-0.10128714
sample_06685.jpg,-5.573135,-37.309223
sample_06686.jpg,66.33178,-3.0034451
sample_06687.jpg,-23.65587,-21.778809
sample_06688.jpg,51.72401,-4.650754
sample_06689.jpg,-17.144642,-16.014605
sample_06690.jpg,-9.978018,15.298588
sample_06691.jpg,20.034092,-49.17544
sample_06692.jpg,8.983126,-60.45155
sample_06693.jpg,13.753553,1.8490332
sample_06694.jpg,-21.909573,-17.749043
sample_06695.jpg,4.026483,-10.035949
sample_06696.jpg,-22.32112,-12.17206
sample_06697.jpg,-54.316605,-4.724186
sample_06698.jpg,-0.09264295,13.277675
sample_06699.jpg,-9.150135,19.446566
sample_06700.jpg,-27.558435,-56.237236
sample_06701.jpg,-35.6194,-14.936683
sample_06702.jpg,-12.063268,16.189306
sample_06703.jpg,3.7836425,34.305424
sample_06704.jpg,2.4936895,17.912212
sample_06705.jpg,15.981918,36.847404
sample_06706.jpg,-47.98499,-5.2042675
sample_06707.jpg,-42.86405,-2.5817049
sample_06708.jpg,22.289936,4.679225
sample_06709.jpg,10.465388,-63.551655
sample_06710.jpg,-19.26338,-53.606785
sample_06711.jpg,-30.539667,-18.871862
sample_06712.jpg,-48.581585,-12.590465
sample_06713.jpg,-4.1254168,50.788548
sample_06714.jpg,19.88985,22.024937
sample_06715.jpg,63.20614,-6.117368
sample_06716.jpg,40.656113,46.048798
sample_06717.jpg,-37.459118,-12.751896
sample_06718.jpg,1.5719227,15.889248
sample_06719.jpg,67.917305,-9.3587675
sample_06720.jpg,5.7288632,14.154656
sample_06721.jpg,29.402872,19.31584
sample_06722.jpg,59.69991,1.7317477
sample_06723.jpg,-51.30829,-34.289825
sample_06724.jpg,-56.074196,-10.804544
sample_06725.jpg,-66.765724,13.119654
sample_06726.jpg,-37.456795,-0.35629216
sample_06727.jpg,60.735836,-13.995587
sample_06728.jpg,-24.991573,-52.443657
sample_06729.jpg,10.134731,-65.3284
sample_06730.jpg,13.147263,-66.147835
sample_06731.jpg,-42.746128,-2.4756956
sample_06732.jpg,-66.45333,15.027189
sample_06733.jpg,-17.081316,-53.369144
sample_06734.jpg,10.196431,-68.58765
sample_06735.jpg,2.4133015,20.9863
sample_06736.jpg,-14.764846,11.720779
sample_06737.jpg,-7.619801,14.237204
sample_06738.jpg,26.275467,11.076849
sample_06739.jpg,-62.880817,-23.732704
sample_06740.jpg,48.84463,2.1202586
sample_06741.jpg,-7.810454,-43.10591
sample_06742.jpg,27.848385,28.97937
sample_06743.jpg,38.760777,-2.2992797
sample_06744.jpg,-52.538082,-21.393093
sample_06745.jpg,65.93821,-3.08668
sample_06746.jpg,15.696608,16.698559
sample_06747.jpg,-42.606678,9.161798
sample_06748.jpg,-42.66212,-17.55275
sample_06749.jpg,64.175224,7.147986
sample_06750.jpg,63.49257,-7.027775
sample_06751.jpg,32.274597,42.23397
sample_06752.jpg,39.393394,7.2985215
sample_06753.jpg,-15.817045,19.152609
sample_06754.jpg,10.048768,-32.828785
sample_06755.jpg,-11.695389,26.877163
sample_06756.jpg,47.10517,-13.163242
sample_06757.jpg,41.07281,6.893205
sample_06758.jpg,-24.948664,31.018211
sample_06759.jpg,14.47842,-11.686868
sample_06760.jpg,-0.40739018,16.502268
sample_06761.jpg,14.566723,-57.946823
sample_06762.jpg,8.624955,24.302847
sample_06763.jpg,-1.6984551,7.301911
sample_06764.jpg,-53.274807,-18.598545
sample_06765.jpg,29.762218,-41.538445
sample_06766.jpg,28.117243,-2.0221598
sample_06767.jpg,-31.29939,6.6713696
sample_06768.jpg,44.528454,9.122403
sample_06769.jpg,-32.183846,16.957903
sample_06770.jpg,21.787376,30.158218
sample_06771.jpg,-39.392834,3.8681715
sample_06772.jpg,-30.635433,3.4458842
sample_06773.jpg,13.799378,43.89445
sample_06774.jpg,-5.9826975,-30.88714
sample_06775.jpg,-74.61048,13.925886
sample_06776.jpg,23.240246,41.215824
sample_06777.jpg,-19.96468,-51.771694
sample_06778.jpg,-17.151474,7.975633
sample_06779.jpg,44.56527,-12.033745
sample_06780.jpg,-44.772964,-9.498326
sample_06781.jpg,-15.405857,-49.31588
sample_06782.jpg,-24.673256,7.255586
sample_06783.jpg,41.617336,44.208496
sample_06784.jpg,3.758857,-71.072014
sample_06785.jpg,15.268433,19.207472
sample_06786.jpg,-47.127644,5.850381
sample_06787.jpg,-50.132477,-6.899664
sample_06788.jpg,28.86491,19.40944
sample_06789.jpg,-37.072887,-53.835163
sample_06790.jpg,24.130854,0.50417125
sample_06791.jpg,-19.75781,-55.540085
sample_06792.jpg,-33.22857,5.18366
sample_06793.jpg,-5.597105,51.428513
sample_06794.jpg,-26.222273,-54.758945
sample_06795.jpg,34.347855,20.918848
sample_06796.jpg,20.231125,-48.520218
sample_06797.jpg,-2.2878492,-73.17066
sample_06798.jpg,-3.5105267,-17.784027
sample_06799.jpg,25.512766,8.600287
sample_06800.jpg,-57.614033,-14.468045
sample_06801.jpg,-48.29563,-8.725766
sample_06802.jpg,33.77973,32.39347
sample_06803.jpg,40.989304,46.54774
sample_06804.jpg,-5.0269055,30.678848
sample_06805.jpg,-38.805946,1.0358282
sample_06806.jpg,6.0415034,48.90887
sample_06807.jpg,-43.490215,-53.17059
sample_06808.jpg,32.84951,13.448413
sample_06809.jpg,21.450615,12.989314
sample_06810.jpg,-43.14087,-12.549261
sample_06811.jpg,-29.195698,23.26146
sample_06812.jpg,-76.05314,13.040736
sample_06813.jpg,-48.003513,-12.252028
sample_06814.jpg,-53.03307,-8.203947
sample_06815.jpg,19.319689,-55.56266
sample_06816.jpg,17.181686,-57.44098
sample_06817.jpg,61.597427,-12.506759
sample_06818.jpg,-3.087379,25.962025
sample_06819.jpg,20.332766,-50.609062
sample_06820.jpg,-40.015614,51.42817
sample_06821.jpg,-24.91108,3.666008
sample_06822.jpg,8.748349,26.074383
sample_06823.jpg,-45.388924,-12.759192
sample_06824.jpg,28.410307,17.698442
sample_06825.jpg,-61.166096,-8.801835
sample_06826.jpg,-33.772728,-56.17522
sample_06827.jpg,46.69387,13.50314
sample_06828.jpg,31.004204,39.868732
sample_06829.jpg,-31.527924,-54.762096
sample_06830.jpg,-24.952986,31.00274
sample_06831.jpg,-5.4053464,-37.424084
sample_06832.jpg,-13.8639,19.127974
sample_06833.jpg,51.24142,-11.270651
sample_06834.jpg,3.9674644,13.601106
sample_06835.jpg,-59.2837,-31.584097
sample_06836.jpg,-18.844614,31.238766
sample_06837.jpg,-3.8512075,-71.9628
sample_06838.jpg,-34.97427,16.273859
sample_06839.jpg,32.483047,-41.792454
sample_06840.jpg,31.947266,12.252924
sample_06841.jpg,-43.96193,8.1720085
sample_06842.jpg,-6.565123,48.875282
sample_06843.jpg,-21.2079,11.977053
sample_06844.jpg,-20.314827,4.6921506
sample_06845.jpg,6.651143,-4.559814
sample_06846.jpg,-32.893482,30.538857
sample_06847.jpg,-33.942627,11.144224
sample_06848.jpg,-27.006723,21.388033
sample_06849.jpg,31.182236,-10.891531
sample_06850.jpg,-24.937138,-16.558107
sample_06851.jpg,-39.382965,-54.055367
sample_06852.jpg,14.1072445,-9.193428
sample_06853.jpg,-30.61553,35.00994
sample_06854.jpg,-33.520897,-56.026558
sample_06855.jpg,-29.813719,2.9564722
sample_06856.jpg,-46.11158,-19.683458
sample_06857.jpg,-36.94643,-0.78895915
sample_06858.jpg,-26.336979,-4.712658
sample_06859.jpg,17.606028,8.429098
sample_06860.jpg,-52.156124,-3.987687
sample_06861.jpg,61.90765,5.65006
sample_06862.jpg,8.828706,-10.478701
sample_06863.jpg,0.0332785,-24.795204
sample_06864.jpg,6.3754334,21.478865
sample_06865.jpg,8.288426,38.953777
sample_06866.jpg,47.87573,11.5465145
sample_06867.jpg,13.843741,43.698856
sample_06868.jpg,24.156046,19.987114
sample_06869.jpg,16.207401,-23.228718
sample_06870.jpg,5.147693,-0.87454134
sample_06871.jpg,-46.575928,-14.315749
sample_06872.jpg,44.49571,12.966943
sample_06873.jpg,26.740213,14.940855
sample_06874.jpg,-16.909082,45.193645
sample_06875.jpg,-1.3769623,44.4956
sample_06876.jpg,-24.03239,9.116278
sample_06877.jpg,-5.4165397,23.806084
sample_06878.jpg,2.3982742,4.684577
sample_06879.jpg,12.850055,9.52191
sample_06880.jpg,-55.781895,-8.057389
sample_06881.jpg,-3.8531961,-11.067782
sample_06882.jpg,33.70064,-17.94924
sample_06883.jpg,-8.095999,-33.579533
sample_06884.jpg,28.960968,-40.10418
sample_06885.jpg,-0.49500343,33.307934
sample_06886.jpg,-27.417944,-55.67683
sample_06887.jpg,-27.878607,-51.303665
sample_06888.jpg,15.505873,30.534737
sample_06889.jpg,-24.023058,28.632538
sample_06890.jpg,-14.701921,30.251934
sample_06891.jpg,-43.3163,4.01111
sample_06892.jpg,62.97062,-2.8362877
sample_06893.jpg,14.167418,-21.495615
sample_06894.jpg,14.221989,7.1118617
sample_06895.jpg,44.477184,9.800973
sample_06896.jpg,54.74356,-6.087665
sample_06897.jpg,-4.3639703,27.877472
sample_06898.jpg,-6.942485,26.218
sample_06899.jpg,-37.949883,18.169098
sample_06900.jpg,1.0678778,-8.800742
sample_06901.jpg,-59.298473,-32.300533
sample_06902.jpg,54.45387,-6.9419317
sample_06903.jpg,-10.631325,6.393509
sample_06904.jpg,6.4064293,33.047955
sample_06905.jpg,57.965027,2.6641982
sample_06906.jpg,-8.551647,14.881118
sample_06907.jpg,-32.28273,8.890304
sample_06908.jpg,-18.798027,-7.759999
sample_06909.jpg,-36.16458,5.0793667
sample_06910.jpg,-23.638449,-5.1933184
sample_06911.jpg,25.778316,18.53275
sample_06912.jpg,-17.970032,26.336756
sample_06913.jpg,7.298326,20.471338
sample_06914.jpg,21.594643,-58.323105
sample_06915.jpg,38.03497,37.10562
sample_06916.jpg,13.48519,40.19898
sample_06917.jpg,41.15869,-18.48025
sample_06918.jpg,38.153183,8.783764
sample_06919.jpg,0.43077898,20.31422
sample_06920.jpg,-4.684336,20.743958
sample_06921.jpg,43.30058,12.678609
sample_06922.jpg,-23.339544,-16.675827
sample_06923.jpg,51.017563,-17.568998
sample_06924.jpg,23.364267,-48.696568
sample_06925.jpg,23.89855,-49.484486
sample_06926.jpg,63.73239,0.34933865
sample_06927.jpg,-11.529281,3.7886515
sample_06928.jpg,65.13665,-5.632982
sample_06929.jpg,24.28172,-9.751614
sample_06930.jpg,-8.45439,-7.8833537
sample_06931.jpg,59.744843,-10.852347
sample_06932.jpg,-60.73418,-32.77014
sample_06933.jpg,23.261171,-52.327213
sample_06934.jpg,0.86741865,10.382496
sample_06935.jpg,10.551599,-11.458439
sample_06936.jpg,-25.112743,-9.844476
sample_06937.jpg,14.846873,5.448334
sample_06938.jpg,6.432876,-6.45157
sample_06939.jpg,-5.1367164,31.432894
sample_06940.jpg,66.16871,-2.9304588
sample_06941.jpg,-10.406711,-43.546272
sample_06942.jpg,-51.931458,-12.5639925
sample_06943.jpg,-46.251724,-14.95986
sample_06944.jpg,-52.36391,46.817493
sample_06945.jpg,-10.987317,17.776321
sample_06946.jpg,72.96514,7.699645
sample_06947.jpg,-12.040691,41.09594
sample_06948.jpg,-18.975208,-13.805204
sample_06949.jpg,-48.60872,-4.6837716
sample_06950.jpg,-42.847084,-7.2200837
sample_06951.jpg,-16.228306,-53.345825
sample_06952.jpg,46.514202,0.31207016
sample_06953.jpg,44.825047,-1.4884473
sample_06954.jpg,58.742035,1.4036102
sample_06955.jpg,-27.316486,-0.1946668
sample_06956.jpg,-17.767467,44.218082
sample_06957.jpg,11.371784,-60.832737
sample_06958.jpg,21.227856,-55.150326
sample_06959.jpg,-24.471638,-17.435137
sample_06960.jpg,-37.06735,-1.9716095
sample_06961.jpg,-11.999808,43.458168
sample_06962.jpg,-10.512321,-12.778864
sample_06963.jpg,54.624523,-17.588886
sample_06964.jpg,49.480515,1.6062831
sample_06965.jpg,21.442024,13.35694
sample_06966.jpg,-12.527279,18.419706
sample_06967.jpg,18.602505,33.140537
sample_06968.jpg,39.75798,10.578347
sample_06969.jpg,62.69183,8.02348
sample_06970.jpg,57.463665,6.180254
sample_06971.jpg,-43.990746,-14.962691
sample_06972.jpg,-18.498207,30.237242
sample_06973.jpg,43.262615,-2.5267663
sample_06974.jpg,-56.61032,-29.412313
sample_06975.jpg,-15.543068,-49.41762
sample_06976.jpg,10.699683,-60.852264
sample_06977.jpg,-46.236637,6.339959
sample_06978.jpg,69.312645,-8.401185
sample_06979.jpg,62.81172,-7.563825
sample_06980.jpg,-8.264629,-0.8092914
sample_06981.jpg,-54.01759,-27.586077
sample_06982.jpg,-46.490322,-10.246416
sample_06983.jpg,36.258415,16.46012
sample_06984.jpg,16.290812,-24.803593
sample_06985.jpg,-34.0087,21.735855
sample_06986.jpg,41.73444,47.606354
sample_06987.jpg,-45.75082,-25.14083
sample_06988.jpg,33.721878,15.727519
sample_06989.jpg,-41.87841,-8.774878
sample_06990.jpg,33.01972,39.399956
sample_06991.jpg,-12.357489,48.77519
sample_06992.jpg,48.05543,21.851967
sample_06993.jpg,-54.85772,0.5568752
sample_06994.jpg,-1.0227014,-68.39935
sample_06995.jpg,-12.951789,11.472667
sample_06996.jpg,-57.772743,-32.6335
sample_06997.jpg,58.312428,5.9423175
sample_06998.jpg,0.61694163,-71.14323
sample_06999.jpg,0.9231073,-8.742913
sample_07000.jpg,7.5589085,13.3651905
sample_07001.jpg,11.6693325,19.615366
sample_07002.jpg,34.727394,9.274503
sample_07003.jpg,-77.54885,11.476256
sample_07004.jpg,-6.458951,-35.746643
sample_07005.jpg,-39.77941,6.0294313
sample_07006.jpg,35.594734,7.0962906
sample_07007.jpg,-62.377663,-15.888048
sample_07008.jpg,-40.355385,-1.6202981
sample_07009.jpg,-46.261093,9.35644
sample_07010.jpg,50.801426,-12.690641
sample_07011.jpg,-50.43373,-25.365402
sample_07012.jpg,-55.469425,-31.322021
sample_07013.jpg,-5.230313,50.329666
sample_07014.jpg,-48.029057,-5.063407
sample_07015.jpg,37.176052,46.193695
sample_07016.jpg,32.73938,1.0214665
sample_07017.jpg,-2.6588829,15.994438
sample_07018.jpg,15.588161,32.536495
sample_07019.jpg,62.10531,8.696435
sample_07020.jpg,29.045996,23.270472
sample_07021.jpg,30.562637,40.15722
sample_07022.jpg,-5.9852753,-37.495377
sample_07023.jpg,-53.880997,-16.82084
sample_07024.jpg,15.20174,-12.778352
sample_07025.jpg,2.9766228,32.299137
sample_07026.jpg,30.367582,33.160385
sample_07027.jpg,-10.886725,43.40117
sample_07028.jpg,9.741294,-67.58843
sample_07029.jpg,27.27122,35.826187
sample_07030.jpg,-23.201889,6.5582457
sample_07031.jpg,-47.47226,-1.6835222
sample_07032.jpg,13.097079,24.326977
sample_07033.jpg,-37.64125,-7.0510263
sample_07034.jpg,-74.37756,13.785702
sample_07035.jpg,1.6507312,36.311283
sample_07036.jpg,44.147125,18.341993
sample_07037.jpg,-39.858784,-21.615583
sample_07038.jpg,-36.413277,50.49031
sample_07039.jpg,41.466686,-0.7110009
sample_07040.jpg,-16.984148,-47.357056
sample_07041.jpg,54.506496,7.686502
sample_07042.jpg,14.266834,49.058315
sample_07043.jpg,-11.584237,-46.43377
sample_07044.jpg,-2.732548,47.597946
sample_07045.jpg,-24.905462,-22.39788
sample_07046.jpg,11.256711,-16.354055
sample_07047.jpg,21.222292,-51.25245
sample_07048.jpg,54.35916,1.1675704
sample_07049.jpg,-10.515989,1.4719887
sample_07050.jpg,-37.71194,-0.44566032
sample_07051.jpg,31.961462,-41.522354
sample_07052.jpg,-58.1518,-27.161175
sample_07053.jpg,-58.691463,-13.316735
sample_07054.jpg,54.500114,-14.40508
sample_07055.jpg,-27.075956,19.969559
sample_07056.jpg,-10.05457,14.694071
sample_07057.jpg,10.859424,6.6924987
sample_07058.jpg,20.69921,-12.772904
sample_07059.jpg,-34.9061,50.66915
sample_07060.jpg,61.164375,18.142103
sample_07061.jpg,62.906174,-3.7711148
sample_07062.jpg,32.639713,14.511806
sample_07063.jpg,-28.237543,-9.338384
sample_07064.jpg,7.192182,-6.3173337
sample_07065.jpg,14.524845,0.17580551
sample_07066.jpg,-0.8870276,1.0844854
sample_07067.jpg,-66.73564,17.86
sample_07068.jpg,-35.93056,-55.608044
sample_07069.jpg,-28.821863,-0.3638777
sample_07070.jpg,25.968393,-45.134487
sample_07071.jpg,3.5453558,-9.170374
sample_07072.jpg,19.225658,-55.70949
sample_07073.jpg,43.779026,8.509793
sample_07074.jpg,-6.226299,21.874155
sample_07075.jpg,15.370849,1.3917837
sample_07076.jpg,-53.250126,-31.424446
sample_07077.jpg,21.190016,18.649284
sample_07078.jpg,12.818293,6.941818
sample_07079.jpg,35.31059,38.04407
sample_07080.jpg,-5.6403975,-36.97457
sample_07081.jpg,-4.97974,15.874766
sample_07082.jpg,-23.720524,-48.109104
sample_07083.jpg,12.336912,-19.620485
sample_07084.jpg,-59.64363,-32.650005
sample_07085.jpg,17.179703,25.800224
sample_07086.jpg,-14.508749,-0.634096
sample_07087.jpg,40.70999,7.262659
sample_07088.jpg,-10.233805,31.605278
sample_07089.jpg,-52.01441,-19.473082
sample_07090.jpg,-40.251686,-2.7811646
sample_07091.jpg,22.27543,14.504719
sample_07092.jpg,64.73073,11.286887
sample_07093.jpg,42.495583,21.49636
sample_07094.jpg,24.134304,-46.432583
sample_07095.jpg,-31.624817,13.408292
sample_07096.jpg,2.0312219,37.993515
sample_07097.jpg,-26.994488,-13.403425
sample_07098.jpg,-36.714577,-12.886975
sample_07099.jpg,5.2236757,26.509266
sample_07100.jpg,30.277903,-13.550703
sample_07101.jpg,28.981062,20.94044
sample_07102.jpg,-57.02079,-30.964252
sample_07103.jpg,-46.1933,-8.848543
sample_07104.jpg,-6.3623176,36.658073
sample_07105.jpg,2.774488,3.5039577
sample_07106.jpg,-1.283321,16.651342
sample_07107.jpg,-6.869659,42.732296
sample_07108.jpg,-8.114195,16.566507
sample_07109.jpg,-18.80427,15.539706
sample_07110.jpg,-31.730125,-59.384018
sample_07111.jpg,-11.730241,-4.2670903
sample_07112.jpg,-18.77266,14.957285
sample_07113.jpg,15.422253,-20.572325
sample_07114.jpg,-14.646991,11.815519
sample_07115.jpg,-57.51359,-19.887709
sample_07116.jpg,41.842037,44.26533
sample_07117.jpg,-52.646637,-11.464673
sample_07118.jpg,15.720752,17.327427
sample_07119.jpg,48.439243,4.176845
sample_07120.jpg,-9.58013,11.186262
sample_07121.jpg,-44.682835,-12.120121
sample_07122.jpg,-1.7299473,19.194048
sample_07123.jpg,28.235,12.161025
sample_07124.jpg,14.791191,20.420979
sample_07125.jpg,26.59671,-42.341305
sample_07126.jpg,1.6810776,14.935082
sample_07127.jpg,27.231976,12.954994
sample_07128.jpg,-29.313179,19.469015
sample_07129.jpg,40.76349,44.491867
sample_07130.jpg,10.756496,-1.0625305
sample_07131.jpg,3.2671957,25.086388
sample_07132.jpg,33.25888,21.89312
sample_07133.jpg,27.752804,-14.1908455
sample_07134.jpg,19.91062,7.3402553
sample_07135.jpg,9.955489,-4.218882
sample_07136.jpg,2.8696346,39.900166
sample_07137.jpg,8.961454,-34.64049
sample_07138.jpg,25.697926,23.517752
sample_07139.jpg,-30.133133,-3.496581
sample_07140.jpg,56.58061,2.7060647
sample_07141.jpg,-1.9086252,-17.259682
sample_07142.jpg,48.69136,15.550859
sample_07143.jpg,28.082815,13.518643
sample_07144.jpg,-10.403271,25.925016
sample_07145.jpg,-70.44554,9.875472
sample_07146.jpg,-34.141556,8.284013
sample_07147.jpg,-48.321,-27.266876
sample_07148.jpg,-24.750298,-16.989532
sample_07149.jpg,62.129498,17.128006
sample_07150.jpg,5.504016,-66.14307
sample_07151.jpg,-45.096096,-11.945409
sample_07152.jpg,-33.37454,-5.888846
sample_07153.jpg,24.995016,-8.607369
sample_07154.jpg,37.043205,-15.219325
sample_07155.jpg,24.227472,8.800397
sample_07156.jpg,16.202518,-55.965313
sample_07157.jpg,-33.312237,13.268791
sample_07158.jpg,43.43855,9.133316
sample_07159.jpg,-20.314905,20.83154
sample_07160.jpg,10.063386,2.0449436
sample_07161.jpg,-3.0442357,-17.27728
sample_07162.jpg,41.275642,1.5005225
sample_07163.jpg,-35.994083,4.5496798
sample_07164.jpg,-30.70878,-25.904617
sample_07165.jpg,52.614605,-4.715013
sample_07166.jpg,-1.2943497,-5.0837116
sample_07167.jpg,-37.002457,-59.35295
sample_07168.jpg,-43.41767,-53.9809
sample_07169.jpg,49.69516,-4.529925
sample_07170.jpg,66.03704,-9.478666
sample_07171.jpg,-3.7469566,-33.050175
sample_07172.jpg,68.15257,-12.72781
sample_07173.jpg,10.482549,-7.046719
sample_07174.jpg,28.1871,3.6513162
sample_07175.jpg,34.629784,-6.8720407
sample_07176.jpg,1.5670549,0.87350804
sample_07177.jpg,39.91424,23.529669
sample_07178.jpg,-30.712072,13.538773
sample_07179.jpg,-66.16287,20.221912
sample_07180.jpg,47.971066,-13.188753
sample_07181.jpg,2.1320214,25.97964
sample_07182.jpg,-1.0796715,18.435114
sample_07183.jpg,-39.775406,13.904803
sample_07184.jpg,-8.2363615,-42.555164
sample_07185.jpg,53.520226,3.1335342
sample_07186.jpg,25.411861,12.220403
sample_07187.jpg,-25.351828,2.9791682
sample_07188.jpg,37.824047,1.5400085
sample_07189.jpg,20.513447,-56.703415
sample_07190.jpg,29.63034,14.889676
sample_07191.jpg,-17.454294,-29.71668
sample_07192.jpg,-12.755962,49.847935
sample_07193.jpg,25.213167,18.466827
sample_07194.jpg,-45.33229,49.553337
sample_07195.jpg,-45.502396,48.5216
sample_07196.jpg,27.991806,-14.106587
sample_07197.jpg,-64.19917,19.208176
sample_07198.jpg,-26.950197,-2.9140518
sample_07199.jpg,35.37471,3.7854488
sample_07200.jpg,61.048203,2.725722
sample_07201.jpg,45.161858,15.670313
sample_07202.jpg,-16.148235,-7.5979123
sample_07203.jpg,-5.161826,-10.407721
sample_07204.jpg,41.897724,-12.499867
sample_07205.jpg,55.596542,-7.0130954
sample_07206.jpg,34.382385,10.660296
sample_07207.jpg,48.036423,9.468355
sample_07208.jpg,-24.048008,-53.595745
sample_07209.jpg,16.536057,20.406693
sample_07210.jpg,-51.838333,-31.470163
sample_07211.jpg,-49.85185,-20.552746
sample_07212.jpg,40.021725,31.240974
sample_07213.jpg,-49.143845,-10.190832
sample_07214.jpg,-36.428646,16.72548
sample_07215.jpg,-44.742725,-11.890311
sample_07216.jpg,-56.579025,-21.803698
sample_07217.jpg,14.2936325,-26.413816
sample_07218.jpg,-44.24704,-18.304968
sample_07219.jpg,33.771015,42.261814
sample_07220.jpg,44.194416,-11.80216
sample_07221.jpg,-32.43996,10.314193
sample_07222.jpg,-16.87507,-49.348347
sample_07223.jpg,-45.998722,-15.239254
sample_07224.jpg,7.663618,6.059329
sample_07225.jpg,38.31739,37.184704
sample_07226.jpg,23.669916,14.704627
sample_07227.jpg,25.46084,23.314196
sample_07228.jpg,-44.477257,-53.814045
sample_07229.jpg,-9.564105,-43.83216
sample_07230.jpg,34.241882,-14.858814
sample_07231.jpg,-35.26151,-57.221867
sample_07232.jpg,-31.185556,9.72251
sample_07233.jpg,17.96298,27.430643
sample_07234.jpg,42.77411,21.65565
sample_07235.jpg,-5.608076,26.149767
sample_07236.jpg,12.220788,-5.703408
sample_07237.jpg,47.188457,2.8951514
sample_07238.jpg,-34.686485,-9.912093
sample_07239.jpg,-7.5618806,28.554037
sample_07240.jpg,58.783123,2.94298
sample_07241.jpg,33.420506,36.466084
sample_07242.jpg,-10.6416645,-46.142815
sample_07243.jpg,30.308905,13.161081
sample_07244.jpg,6.615898,27.204367
sample_07245.jpg,-14.67765,40.21476
sample_07246.jpg,-56.499207,-21.22226
sample_07247.jpg,2.9454255,32.814625
sample_07248.jpg,38.135056,-3.7312696
sample_07249.jpg,15.002643,24.416407
sample_07250.jpg,-51.678173,-7.993094
sample_07251.jpg,-13.665079,46.496223
sample_07252.jpg,1.463675,-6.6098576
sample_07253.jpg,-24.942968,31.020882
sample_07254.jpg,-55.06254,-15.670839
sample_07255.jpg,-34.972355,-57.977863
sample_07256.jpg,-34.226532,-55.52053
sample_07257.jpg,8.651792,-35.638973
sample_07258.jpg,-17.705175,4.108052
sample_07259.jpg,-51.285725,-25.091604
sample_07260.jpg,-5.56306,51.4884
sample_07261.jpg,-53.6583,-31.202703
sample_07262.jpg,-3.0802975,5.3254986
sample_07263.jpg,-48.414906,-14.85915
sample_07264.jpg,11.93282,18.938078
sample_07265.jpg,35.896706,8.49072
sample_07266.jpg,16.684483,-58.077354
sample_07267.jpg,19.788118,-57.09929
sample_07268.jpg,34.48734,5.0974708
sample_07269.jpg,3.1178372,36.616016
sample_07270.jpg,-22.915903,13.134124
sample_07271.jpg,-4.5603075,-35.501938
sample_07272.jpg,35.96459,14.609534
sample_07273.jpg,-56.540337,-27.716782
sample_07274.jpg,15.814397,33.012394
sample_07275.jpg,45.48763,10.642041
sample_07276.jpg,-72.40108,13.962715
sample_07277.jpg,6.995089,22.7346
sample_07278.jpg,-45.683735,-25.176153
sample_07279.jpg,-22.905329,-18.393333
sample_07280.jpg,42.25099,-12.950499
sample_07281.jpg,-6.036611,-19.143368
sample_07282.jpg,-2.5197299,9.075163
sample_07283.jpg,-4.4387856,-31.820408
sample_07284.jpg,-11.241211,-40.309467
sample_07285.jpg,3.727665,15.569193
sample_07286.jpg,-1.9470197,10.132576
sample_07287.jpg,-5.64954,-34.010715
sample_07288.jpg,63.608143,-6.98482
sample_07289.jpg,-43.611187,-3.9685543
sample_07290.jpg,-7.0101824,14.280975
sample_07291.jpg,66.09751,2.8374424
sample_07292.jpg,56.664448,3.9326408
sample_07293.jpg,-13.78736,-17.95577
sample_07294.jpg,-4.653803,-72.308846
sample_07295.jpg,-8.311981,36.531395
sample_07296.jpg,-15.091716,16.049183
sample_07297.jpg,54.368816,13.502954
sample_07298.jpg,-28.872551,-55.179466
sample_07299.jpg,-3.9574325,-37.154484
sample_07300.jpg,66.86132,-12.036314
sample_07301.jpg,-9.885959,-41.62929
sample_07302.jpg,7.964821,44.670624
sample_07303.jpg,-24.976606,-2.7716649
sample_07304.jpg,61.90395,-7.4054
sample_07305.jpg,-4.5255227,-35.63197
sample_07306.jpg,-16.021687,25.669575
sample_07307.jpg,3.8519955,-10.316308
sample_07308.jpg,-30.25663,-3.3203442
sample_07309.jpg,46.21689,17.961082
sample_07310.jpg,-24.073141,12.864945
sample_07311.jpg,9.640561,-7.9028263
sample_07312.jpg,-11.827575,-46.64206
sample_07313.jpg,30.357069,30.013489
sample_07314.jpg,-12.131856,2.672839
sample_07315.jpg,0.2623639,28.202143
sample_07316.jpg,-39.61691,-55.007458
sample_07317.jpg,-23.351318,-9.398692
sample_07318.jpg,22.208574,-3.7126195
sample_07319.jpg,-32.052776,-56.707485
sample_07320.jpg,13.180078,-62.347687
sample_07321.jpg,7.848106,34.236156
sample_07322.jpg,2.1313539,22.136982
sample_07323.jpg,53.320595,4.9627533
sample_07324.jpg,-17.353045,44.26424
sample_07325.jpg,53.804253,-19.367529
sample_07326.jpg,-32.376194,-16.529583
sample_07327.jpg,20.131187,6.167981
sample_07328.jpg,-55.651417,-22.609745
sample_07329.jpg,-7.4004498,11.808936
sample_07330.jpg,8.104529,20.466358
sample_07331.jpg,-1.2307103,-12.570653
sample_07332.jpg,-13.031589,-47.64831
sample_07333.jpg,57.04885,-14.142775
sample_07334.jpg,32.568356,10.821975
sample_07335.jpg,-5.520033,13.440954
sample_07336.jpg,-29.803003,-17.071291
sample_07337.jpg,48.66689,2.1954947
sample_07338.jpg,62.142723,-4.8875837
sample_07339.jpg,-8.625136,10.1105995
sample_07340.jpg,-58.858616,-18.90789
sample_07341.jpg,-5.396087,-37.376778
sample_07342.jpg,39.731037,33.90026
sample_07343.jpg,-31.504356,12.201638
sample_07344.jpg,-43.999027,0.90712285
sample_07345.jpg,17.752134,25.406033
sample_07346.jpg,7.003156,12.698055
sample_07347.jpg,-1.7337494,7.316366
sample_07348.jpg,-40.409492,4.930754
sample_07349.jpg,37.56367,17.204185
sample_07350.jpg,-20.833284,-15.540474
sample_07351.jpg,-43.570366,6.0457516
sample_07352.jpg,8.726224,-9.667779
sample_07353.jpg,-24.89165,5.2392964
sample_07354.jpg,65.35436,4.74208
sample_07355.jpg,62.801086,-3.7279577
sample_07356.jpg,-29.688427,-59.482037
sample_07357.jpg,-19.56667,17.460333
sample_07358.jpg,-40.97201,-5.338657
sample_07359.jpg,4.5580816,-4.8650446
sample_07360.jpg,1.3806701,10.485086
sample_07361.jpg,38.84921,-25.70099
sample_07362.jpg,24.672026,2.0319238
sample_07363.jpg,67.12688,-9.734405
sample_07364.jpg,16.040363,-25.042673
sample_07365.jpg,-9.022289,21.213242
sample_07366.jpg,12.258482,2.4316096
sample_07367.jpg,-34.280445,-27.94074
sample_07368.jpg,56.48149,-1.0684773
sample_07369.jpg,-4.6856103,12.410675
sample_07370.jpg,38.06191,16.073135
sample_07371.jpg,-40.543022,-18.841877
sample_07372.jpg,2.1779907,-6.8761063
sample_07373.jpg,6.0179577,-66.69485
sample_07374.jpg,-44.44634,50.391876
sample_07375.jpg,24.800909,-50.746418
sample_07376.jpg,-38.250538,-55.743023
sample_07377.jpg,-7.3626137,4.0538096
sample_07378.jpg,-7.434911,46.39579
sample_07379.jpg,-4.4710665,18.82218
sample_07380.jpg,3.4972703,35.26061
sample_07381.jpg,7.4816856,-34.120537
sample_07382.jpg,-14.636407,8.310075
sample_07383.jpg,-5.904991,16.675867
sample_07384.jpg,23.267824,38.34302
sample_07385.jpg,-3.8373187,23.275953
sample_07386.jpg,10.290521,38.642525
sample_07387.jpg,-37.724606,-3.4328501
sample_07388.jpg,39.163776,45.378784
sample_07389.jpg,10.759681,41.661266
sample_07390.jpg,-17.281862,0.12580197
sample_07391.jpg,-36.38262,-57.30703
sample_07392.jpg,-45.30689,-24.678825
sample_07393.jpg,27.462618,-8.105004
sample_07394.jpg,3.9764514,10.725114
sample_07395.jpg,55.865944,-6.2141705
sample_07396.jpg,-46.30531,-16.981825
sample_07397.jpg,-20.549906,-47.004158
sample_07398.jpg,11.5809555,16.896843
sample_07399.jpg,12.8074875,20.167778
sample_07400.jpg,29.492172,13.459806
sample_07401.jpg,-23.216413,8.4982
sample_07402.jpg,-43.970226,-14.878037
sample_07403.jpg,-49.20889,-20.606794
sample_07404.jpg,36.66568,7.738844
sample_07405.jpg,37.00374,12.299547
sample_07406.jpg,-22.012138,9.963291
sample_07407.jpg,-3.9766057,-71.66171
sample_07408.jpg,-21.903406,5.5587697
sample_07409.jpg,-51.47708,-30.341629
sample_07410.jpg,39.188984,10.744245
sample_07411.jpg,30.61527,12.34343
sample_07412.jpg,-3.6180303,-4.3328056
sample_07413.jpg,1.9686219,-72.896324
sample_07414.jpg,-22.262697,-56.097363
sample_07415.jpg,-20.206207,-12.752778
sample_07416.jpg,-45.29965,-26.668453
sample_07417.jpg,-23.134254,18.052221
sample_07418.jpg,69.50652,-3.1639748
sample_07419.jpg,-34.032787,7.161503
sample_07420.jpg,-56.54233,-11.001417
sample_07421.jpg,31.940083,3.4618673
sample_07422.jpg,-36.461323,-20.155214
sample_07423.jpg,-63.79042,19.376116
sample_07424.jpg,23.671911,-52.75521
sample_07425.jpg,-36.290386,11.154117
sample_07426.jpg,40.138477,18.169943
sample_07427.jpg,8.26134,5.6400423
sample_07428.jpg,65.98349,1.2204263
sample_07429.jpg,15.475526,12.757681
sample_07430.jpg,-1.8604552,-65.41004
sample_07431.jpg,-32.1196,-56.387203
sample_07432.jpg,48.3278,-11.083542
sample_07433.jpg,-33.546593,-53.92688
sample_07434.jpg,12.135125,-7.666004
sample_07435.jpg,-51.422638,47.37335
sample_07436.jpg,-33.19122,-2.8523464
sample_07437.jpg,17.49235,1.5832715
sample_07438.jpg,-5.3393946,-0.024462976
sample_07439.jpg,10.824088,45.28353
sample_07440.jpg,-2.9771042,-13.530212
sample_07441.jpg,-41.070816,2.3903997
sample_07442.jpg,69.31806,-9.686667
sample_07443.jpg,24.739563,16.660261
sample_07444.jpg,49.2205,6.6639876
sample_07445.jpg,46.373535,-10.52777
sample_07446.jpg,19.558662,16.106688
sample_07447.jpg,36.43666,6.5237193
sample_07448.jpg,-26.226673,15.4162
sample_07449.jpg,-29.356386,10.823029
sample_07450.jpg,18.975452,11.524935
sample_07451.jpg,-42.027176,-7.838731
sample_07452.jpg,-44.26347,-25.445724
sample_07453.jpg,-11.095742,7.1952906
sample_07454.jpg,-63.140366,-14.459548
sample_07455.jpg,-14.896128,39.823845
sample_07456.jpg,5.97598,36.555714
sample_07457.jpg,-4.92191,5.409167
sample_07458.jpg,30.683178,18.28078
sample_07459.jpg,-76.814476,13.835764
sample_07460.jpg,-18.800297,-55.466522
sample_07461.jpg,-34.5493,-29.657358
sample_07462.jpg,4.5409093,31.042986
sample_07463.jpg,35.965134,8.531876
sample_07464.jpg,-51.4535,46.84106
sample_07465.jpg,-3.5314236,-35.193142
sample_07466.jpg,-9.113702,46.301743
sample_07467.jpg,51.727333,3.6899312
sample_07468.jpg,-69.52284,16.746391
sample_07469.jpg,-34.762455,-54.197964
sample_07470.jpg,23.31622,2.0622623
sample_07471.jpg,-59.08193,-15.849336
sample_07472.jpg,7.475649,-5.7529325
sample_07473.jpg,18.934067,10.564138
sample_07474.jpg,-77.28965,11.842218
sample_07475.jpg,-41.664692,16.16999
sample_07476.jpg,38.895283,45.903084
sample_07477.jpg,-6.1038804,23.88159
sample_07478.jpg,-55.963974,-34.373962
sample_07479.jpg,-62.760357,-17.071636
sample_07480.jpg,51.228844,4.7910485
sample_07481.jpg,15.142168,-58.806236
sample_07482.jpg,17.257477,8.423966
sample_07483.jpg,-7.744169,12.33693
sample_07484.jpg,-5.386513,-72.36006
sample_07485.jpg,35.3385,16.924072
sample_07486.jpg,9.583702,9.049829
sample_07487.jpg,33.947765,18.043755
sample_07488.jpg,-8.222396,46.791264
sample_07489.jpg,-49.117035,2.5580459
sample_07490.jpg,-21.504734,-55.53407
sample_07491.jpg,0.28504694,28.646288
sample_07492.jpg,16.417767,1.3760865
sample_07493.jpg,-49.060978,47.251915
sample_07494.jpg,-17.54339,-9.983966
sample_07495.jpg,25.113388,32.998783
sample_07496.jpg,-48.859653,47.883137
sample_07497.jpg,-31.67179,10.067191
sample_07498.jpg,-9.579908,45.11825
sample_07499.jpg,5.876812,18.821793
sample_07500.jpg,-76.80827,12.348008
sample_07501.jpg,15.809946,-23.835152
sample_07502.jpg,-2.3188703,11.843247
sample_07503.jpg,-47.555637,-7.1551566
sample_07504.jpg,28.044786,20.46968
sample_07505.jpg,-7.598633,17.557371
sample_07506.jpg,-27.726492,-11.538884
sample_07507.jpg,6.495628,-67.01366
sample_07508.jpg,41.777775,8.284845
sample_07509.jpg,-15.370821,7.080179
sample_07510.jpg,10.086415,29.656088
sample_07511.jpg,-37.006004,18.62427
sample_07512.jpg,-12.975741,4.2889667
sample_07513.jpg,39.925438,43.76515
sample_07514.jpg,-6.5440907,52.220608
sample_07515.jpg,65.93969,-7.936784
sample_07516.jpg,-36.76517,-8.285392
sample_07517.jpg,-0.23656914,13.457787
sample_07518.jpg,30.54162,2.8652034
sample_07519.jpg,37.193382,22.735342
sample_07520.jpg,-40.866135,-21.184584
sample_07521.jpg,-40.789234,9.636878
sample_07522.jpg,42.843952,-14.283333
sample_07523.jpg,1.0988171,-4.2715654
sample_07524.jpg,49.38027,23.22138
sample_07525.jpg,-2.0015275,24.011204
sample_07526.jpg,12.229477,-67.06259
sample_07527.jpg,-33.398582,-55.921898
sample_07528.jpg,-2.530389,8.284281
sample_07529.jpg,-20.805525,10.626942
sample_07530.jpg,-1.4823415,-72.62002
sample_07531.jpg,-19.400526,12.174199
sample_07532.jpg,49.220768,-3.310332
sample_07533.jpg,-51.205517,-34.32422
sample_07534.jpg,-9.997399,46.86644
sample_07535.jpg,-22.817413,-53.112564
sample_07536.jpg,-75.94466,11.827413
sample_07537.jpg,-32.460094,-28.902058
sample_07538.jpg,-7.0136037,28.560356
sample_07539.jpg,8.7408905,14.691926
sample_07540.jpg,-27.050577,-19.543894
sample_07541.jpg,-41.185825,-12.77038
sample_07542.jpg,7.3478594,2.274895
sample_07543.jpg,51.67588,-9.948536
sample_07544.jpg,8.570201,-35.86812
sample_07545.jpg,30.648241,19.435549
sample_07546.jpg,-5.36584,-0.039772253
sample_07547.jpg,45.732944,-4.1563506
sample_07548.jpg,11.426051,14.385489
sample_07549.jpg,62.741688,-5.3254323
sample_07550.jpg,49.405155,13.04796
sample_07551.jpg,-2.9317062,-13.732045
sample_07552.jpg,-4.3496394,-39.678158
sample_07553.jpg,-13.876605,46.107586
sample_07554.jpg,44.163605,-1.1302006
sample_07555.jpg,-38.09341,4.3528028
sample_07556.jpg,-9.654471,4.298277
sample_07557.jpg,23.109472,-52.65266
sample_07558.jpg,14.852541,-19.780203
sample_07559.jpg,-26.724506,10.980931
sample_07560.jpg,25.318367,4.0663185
sample_07561.jpg,26.362953,27.466099
sample_07562.jpg,34.365955,13.063906
sample_07563.jpg,25.466543,-4.28323
sample_07564.jpg,-3.4098268,18.530125
sample_07565.jpg,-6.2228703,5.339532
sample_07566.jpg,-54.018837,-28.309347
sample_07567.jpg,-25.285278,-9.953042
sample_07568.jpg,-50.383232,48.238747
sample_07569.jpg,18.759512,-58.399673
sample_07570.jpg,-44.515106,5.0613832
sample_07571.jpg,28.888859,14.905497
sample_07572.jpg,-44.24022,-2.7369325
sample_07573.jpg,14.963928,3.5407999
sample_07574.jpg,29.25737,-24.916035
sample_07575.jpg,-44.66539,4.732338
sample_07576.jpg,15.172329,15.890809
sample_07577.jpg,-6.134673,21.44651
sample_07578.jpg,23.876047,38.742474
sample_07579.jpg,33.68147,42.293552
sample_07580.jpg,-0.09919373,42.5059
sample_07581.jpg,11.227441,20.191053
sample_07582.jpg,49.341137,3.207824
sample_07583.jpg,-13.7687235,-17.976345
sample_07584.jpg,18.893217,21.07296
sample_07585.jpg,24.402668,-11.036264
sample_07586.jpg,16.301338,-8.43243
sample_07587.jpg,71.12382,7.431769
sample_07588.jpg,-39.05342,-59.09016
sample_07589.jpg,65.62279,-7.4596443
sample_07590.jpg,16.855247,42.25343
sample_07591.jpg,19.667007,-2.7766643
sample_07592.jpg,-58.091896,-32.551117
sample_07593.jpg,-0.15483624,-70.252785
sample_07594.jpg,-25.091059,8.823702
sample_07595.jpg,-28.590752,11.401092
sample_07596.jpg,37.778072,13.651264
sample_07597.jpg,28.087667,-2.0837078
sample_07598.jpg,51.39015,-9.023005
sample_07599.jpg,-4.6244144,26.97315
sample_07600.jpg,42.71692,46.407856
sample_07601.jpg,-37.771057,11.812687
sample_07602.jpg,-41.807148,51.37113
sample_07603.jpg,-11.95228,22.548183
sample_07604.jpg,5.310121,23.054533
sample_07605.jpg,16.809141,41.481823
sample_07606.jpg,33.708237,-12.811322
sample_07607.jpg,14.478812,22.47897
sample_07608.jpg,37.906193,5.7114477
sample_07609.jpg,-42.960682,-54.102055
sample_07610.jpg,-48.86162,-2.8629255
sample_07611.jpg,-12.28618,24.27809
sample_07612.jpg,12.249069,-23.905754
sample_07613.jpg,-25.800797,-19.425655
sample_07614.jpg,-41.962673,50.170288
sample_07615.jpg,5.7215347,46.296806
sample_07616.jpg,34.914066,-12.098253
sample_07617.jpg,-41.673355,11.181233
sample_07618.jpg,13.640512,-0.81863487
sample_07619.jpg,6.4137044,26.537079
sample_07620.jpg,7.196858,36.64238
sample_07621.jpg,5.037435,12.735758
sample_07622.jpg,2.8297105,-0.35012054
sample_07623.jpg,17.802141,28.60699
sample_07624.jpg,0.45937672,8.690391
sample_07625.jpg,20.48224,21.050686
sample_07626.jpg,18.462578,6.87764
sample_07627.jpg,-13.600697,43.88404
sample_07628.jpg,-42.75348,-54.05458
sample_07629.jpg,64.462395,-9.008868
sample_07630.jpg,33.136242,16.252712
sample_07631.jpg,9.446957,4.159548
sample_07632.jpg,-51.994118,2.7333968
sample_07633.jpg,10.848914,24.40004
sample_07634.jpg,-42.471924,-0.9995521
sample_07635.jpg,0.24575602,-70.74096
sample_07636.jpg,-38.259037,-54.365116
sample_07637.jpg,-54.588985,-4.1372795
sample_07638.jpg,-50.037296,1.3122947
sample_07639.jpg,16.418652,24.548994
sample_07640.jpg,25.906103,-48.953106
sample_07641.jpg,-34.658836,-56.961624
sample_07642.jpg,18.978369,28.149246
sample_07643.jpg,-13.035189,31.543251
sample_07644.jpg,-56.559254,-27.3676
sample_07645.jpg,24.434563,-42.98088
sample_07646.jpg,-13.439883,30.945194
sample_07647.jpg,-22.43658,4.340823
sample_07648.jpg,-47.705334,-13.012284
sample_07649.jpg,42.86124,-12.455676
sample_07650.jpg,47.314583,23.786312
sample_07651.jpg,65.99601,-12.0587845
sample_07652.jpg,17.291018,-59.1768
sample_07653.jpg,30.871063,12.829763
sample_07654.jpg,11.879583,35.972286
sample_07655.jpg,-27.502842,7.218303
sample_07656.jpg,-7.96956,10.394385
sample_07657.jpg,16.812433,-9.276558
sample_07658.jpg,-15.365154,-45.23227
sample_07659.jpg,-27.528399,15.126109
sample_07660.jpg,-5.284195,-4.009928
sample_07661.jpg,6.3521256,-2.5759063
sample_07662.jpg,35.58088,-0.014042589
sample_07663.jpg,66.824104,-10.180777
sample_07664.jpg,-2.4260254,-69.694145
sample_07665.jpg,-39.65982,-3.8957474
sample_07666.jpg,-21.2247,27.655928
sample_07667.jpg,0.7001853,33.423656
sample_07668.jpg,-51.973988,-6.7532377
sample_07669.jpg,-5.512853,19.639307
sample_07670.jpg,57.695786,4.1257677
sample_07671.jpg,-21.55633,12.041589
sample_07672.jpg,-31.29074,7.601077
sample_07673.jpg,-52.05279,-14.972554
sample_07674.jpg,-47.243607,-1.1645097
sample_07675.jpg,-10.833674,-44.364025
sample_07676.jpg,-14.31596,6.501452
sample_07677.jpg,-34.86295,-27.60191
sample_07678.jpg,-45.006195,-21.911076
sample_07679.jpg,-34.451202,30.439594
sample_07680.jpg,-62.28805,-24.232325
sample_07681.jpg,14.081357,35.57776
sample_07682.jpg,-15.7961035,-53.80105
sample_07683.jpg,49.266705,6.711253
sample_07684.jpg,11.305792,47.49924
sample_07685.jpg,-0.5097176,28.233799
sample_07686.jpg,64.4452,9.524413
sample_07687.jpg,11.904488,23.475836
sample_07688.jpg,-12.710809,43.752724
sample_07689.jpg,47.15,13.275063
sample_07690.jpg,-18.225021,37.555336
sample_07691.jpg,69.94697,0.96418357
sample_07692.jpg,15.543937,7.583955
sample_07693.jpg,-0.7169125,1.2024893
sample_07694.jpg,11.558371,-24.697212
sample_07695.jpg,5.932057,5.5318546
sample_07696.jpg,-39.039875,0.24849758
sample_07697.jpg,71.20832,7.327075
sample_07698.jpg,-0.3633736,15.835473
sample_07699.jpg,34.956615,7.229226
sample_07700.jpg,-34.030514,-0.6466217
sample_07701.jpg,35.489838,-2.297853
sample_07702.jpg,-39.77189,49.492012
sample_07703.jpg,14.127463,28.062449
sample_07704.jpg,62.493805,-7.2788725
sample_07705.jpg,-19.902637,2.569827
sample_07706.jpg,-31.848505,-26.82885
sample_07707.jpg,7.438956,15.122034
sample_07708.jpg,21.188488,8.816961
sample_07709.jpg,16.051395,13.52713
sample_07710.jpg,23.77811,-8.841932
sample_07711.jpg,29.702993,-23.78667
sample_07712.jpg,-13.238183,1.7386335
sample_07713.jpg,40.09286,1.5825188
sample_07714.jpg,9.550859,10.607118
sample_07715.jpg,-44.74854,-13.000419
sample_07716.jpg,-37.499702,-2.6244879
sample_07717.jpg,-47.061016,-18.419088
sample_07718.jpg,25.577406,14.924865
sample_07719.jpg,-10.836007,36.50409
sample_07720.jpg,-0.10198593,18.189524
sample_07721.jpg,27.157915,-43.003693
sample_07722.jpg,53.638573,-16.087029
sample_07723.jpg,15.90457,26.90129
sample_07724.jpg,-13.903797,22.850481
sample_07725.jpg,-20.071836,24.278109
sample_07726.jpg,-42.06803,10.700545
sample_07727.jpg,-5.6143947,51.29136
sample_07728.jpg,-42.726997,-10.078777
sample_07729.jpg,1.611613,8.874971
sample_07730.jpg,32.60776,14.956187
sample_07731.jpg,49.73565,-16.32273
sample_07732.jpg,39.025467,14.927081
sample_07733.jpg,-1.7705656,-72.37762
sample_07734.jpg,59.839108,-1.2452036
sample_07735.jpg,-20.007256,7.268984
sample_07736.jpg,-76.86788,14.146532
sample_07737.jpg,37.146313,20.808357
sample_07738.jpg,18.82666,-53.96843
sample_07739.jpg,20.938398,4.540898
sample_07740.jpg,43.36654,0.1809904
sample_07741.jpg,20.33654,29.480751
sample_07742.jpg,-37.235844,-5.876764
sample_07743.jpg,-24.549154,12.232379
sample_07744.jpg,42.854862,-15.890355
sample_07745.jpg,60.64933,-6.0928264
sample_07746.jpg,-35.215496,-54.7369
sample_07747.jpg,6.9358797,20.759739
sample_07748.jpg,-59.132107,-20.21076
sample_07749.jpg,2.8382535,-13.635605
sample_07750.jpg,-59.345284,-15.0340805
sample_07751.jpg,-5.895731,27.584772
sample_07752.jpg,13.72593,2.430346
sample_07753.jpg,56.17429,0.66420746
sample_07754.jpg,25.706512,8.924682
sample_07755.jpg,15.268792,22.773811
sample_07756.jpg,24.043285,18.33157
sample_07757.jpg,10.308902,38.62098
sample_07758.jpg,-59.902557,-3.9400873
sample_07759.jpg,12.9648485,18.789175
sample_07760.jpg,-18.770948,-0.09316102
sample_07761.jpg,-67.703285,18.808743
sample_07762.jpg,-58.31026,-26.29741
sample_07763.jpg,-28.732393,14.998549
sample_07764.jpg,8.723437,28.328508
sample_07765.jpg,37.500614,-13.818564
sample_07766.jpg,17.555765,-59.483242
sample_07767.jpg,-3.673008,-1.8209032
sample_07768.jpg,23.758022,23.044449
sample_07769.jpg,-37.290516,-58.479176
sample_07770.jpg,-43.495945,4.2517476
sample_07771.jpg,57.736893,1.3823931
sample_07772.jpg,40.34283,44.57641
sample_07773.jpg,-55.762203,-27.201624
sample_07774.jpg,-3.3092976,12.351255
sample_07775.jpg,-55.93357,-7.7392244
sample_07776.jpg,8.292503,-63.6618
sample_07777.jpg,-16.483147,-6.3000536
sample_07778.jpg,9.497163,9.075482
sample_07779.jpg,-29.686626,4.9845138
sample_07780.jpg,7.9271684,-62.30443
sample_07781.jpg,6.2198052,-65.814705
sample_07782.jpg,-2.0386374,-65.39226
sample_07783.jpg,21.041456,14.499731
sample_07784.jpg,26.721935,15.917951
sample_07785.jpg,73.4207,7.3600926
sample_07786.jpg,21.95205,46.06022
sample_07787.jpg,1.2929682,32.41143
sample_07788.jpg,7.4334817,1.8865787
sample_07789.jpg,2.8578515,-9.786475
sample_07790.jpg,-9.51679,20.93001
sample_07791.jpg,-13.427575,42.097416
sample_07792.jpg,-3.7228656,-35.69601
sample_07793.jpg,-8.5983095,4.6734934
sample_07794.jpg,-50.947506,-5.932714
sample_07795.jpg,56.10489,1.0740345
sample_07796.jpg,-5.451386,26.035128
sample_07797.jpg,-20.168247,-12.777433
sample_07798.jpg,45.637783,-26.019924
sample_07799.jpg,-1.329896,15.435996
sample_07800.jpg,21.216972,0.318925
sample_07801.jpg,-39.382866,-3.9022307
sample_07802.jpg,23.500702,39.85862
sample_07803.jpg,-11.7844715,11.9760065
sample_07804.jpg,-20.917713,28.301811
sample_07805.jpg,-29.762917,33.78809
sample_07806.jpg,-34.542263,5.1410236
sample_07807.jpg,40.73362,-5.768939
sample_07808.jpg,8.262473,-67.569435
sample_07809.jpg,-19.497356,-54.975838
sample_07810.jpg,15.531218,17.57674
sample_07811.jpg,-7.3253145,17.759567
sample_07812.jpg,-29.604744,-10.617457
sample_07813.jpg,-12.799641,0.38116702
sample_07814.jpg,-50.13551,-11.165325
sample_07815.jpg,14.870635,-60.71431
sample_07816.jpg,-58.834595,20.922411
sample_07817.jpg,-3.6236093,19.795925
sample_07818.jpg,13.034326,-60.655834
sample_07819.jpg,41.890285,9.059476
sample_07820.jpg,-48.125774,-32.95398
sample_07821.jpg,-42.195614,-53.82552
sample_07822.jpg,-7.6744127,-41.33653
sample_07823.jpg,-75.07219,13.3713875
sample_07824.jpg,26.28898,-22.056517
sample_07825.jpg,-8.183381,48.028015
sample_07826.jpg,-16.53393,-7.8161745
sample_07827.jpg,19.39465,34.95284
sample_07828.jpg,-46.899883,6.0182447
sample_07829.jpg,-0.16327333,1.4556743
sample_07830.jpg,22.77457,36.745224
sample_07831.jpg,-34.645428,30.496172
sample_07832.jpg,14.199561,-23.626516
sample_07833.jpg,11.169943,-8.947166
sample_07834.jpg,-50.476376,-4.5611606
sample_07835.jpg,-35.052486,3.584573
sample_07836.jpg,8.407641,-7.2028937
sample_07837.jpg,-20.07689,-16.54515
sample_07838.jpg,24.893312,43.722527
sample_07839.jpg,-57.392788,-28.432684
sample_07840.jpg,-38.536846,-58.12238
sample_07841.jpg,-15.163314,-9.666586
sample_07842.jpg,-69.61492,13.28476
sample_07843.jpg,-30.917727,-56.33407
sample_07844.jpg,-22.15794,5.94913
sample_07845.jpg,-41.55933,-13.7218485
sample_07846.jpg,44.445595,29.514496
sample_07847.jpg,40.682793,15.222823
sample_07848.jpg,35.53529,-15.735406
sample_07849.jpg,60.820053,-0.22243263
sample_07850.jpg,-7.388861,30.933111
sample_07851.jpg,13.032325,31.587507
sample_07852.jpg,2.0795274,20.472466
sample_07853.jpg,-3.542508,-20.469257
sample_07854.jpg,49.94989,5.310819
sample_07855.jpg,11.260528,-1.9850403
sample_07856.jpg,2.659728,24.072468
sample_07857.jpg,0.84554785,33.3636
sample_07858.jpg,-2.543085,25.230453
sample_07859.jpg,-34.52339,-50.85875
sample_07860.jpg,-24.611013,-53.656197
sample_07861.jpg,22.206106,-3.1834924
sample_07862.jpg,7.0080967,19.229706
sample_07863.jpg,19.58914,-59.096577
sample_07864.jpg,-6.972957,13.186978
sample_07865.jpg,15.840507,22.677849
sample_07866.jpg,21.974646,-0.8612678
sample_07867.jpg,-39.425213,-54.415016
sample_07868.jpg,55.326958,14.675737
sample_07869.jpg,-5.0912867,-31.404797
sample_07870.jpg,-5.661111,51.40573
sample_07871.jpg,-19.021782,-50.276543
sample_07872.jpg,2.328422,2.8524723
sample_07873.jpg,-14.173716,13.656917
sample_07874.jpg,17.454048,-52.8379
sample_07875.jpg,69.69731,-12.028763
sample_07876.jpg,-26.008532,-3.4484735
sample_07877.jpg,6.149261,40.438972
sample_07878.jpg,6.0735464,-8.384367
sample_07879.jpg,-14.914355,43.599747
sample_07880.jpg,26.632967,-45.426205
sample_07881.jpg,33.126095,43.57663
sample_07882.jpg,45.835693,-3.1567528
sample_07883.jpg,-42.774803,-5.6068454
sample_07884.jpg,26.665522,-46.584103
sample_07885.jpg,-52.07935,-15.996046
sample_07886.jpg,27.725744,43.609116
sample_07887.jpg,-23.098093,-17.227251
sample_07888.jpg,-36.453197,-3.356416
sample_07889.jpg,54.863747,20.753162
sample_07890.jpg,-1.6188396,35.47255
sample_07891.jpg,-66.3586,13.129077
sample_07892.jpg,6.9157624,28.910334
sample_07893.jpg,-16.738272,8.171132
sample_07894.jpg,-25.586336,-9.605988
sample_07895.jpg,26.466778,41.5902
sample_07896.jpg,-21.472786,13.391805
sample_07897.jpg,-20.65811,-50.953407
sample_07898.jpg,27.169403,-42.751484
sample_07899.jpg,68.24666,-11.617633
sample_07900.jpg,-8.125998,16.215645
sample_07901.jpg,-33.605164,-8.246903
sample_07902.jpg,-72.557205,15.01255
sample_07903.jpg,51.298824,21.04057
sample_07904.jpg,-5.502233,18.336218
sample_07905.jpg,-4.018676,46.588734
sample_07906.jpg,-21.933455,30.86425
sample_07907.jpg,17.949646,4.1480165
sample_07908.jpg,3.1181214,32.603645
sample_07909.jpg,48.674232,-14.792565
sample_07910.jpg,-17.264856,7.749304
sample_07911.jpg,52.84975,11.116104
sample_07912.jpg,-21.0721,-45.096252
sample_07913.jpg,18.22652,14.362311
sample_07914.jpg,6.677882,-67.96818
sample_07915.jpg,-41.022964,-9.81858
sample_07916.jpg,19.394398,26.148228
sample_07917.jpg,57.48834,-6.2884774
sample_07918.jpg,1.0798415,-25.114576
sample_07919.jpg,-57.017616,-30.448708
sample_07920.jpg,26.796217,-41.24367
sample_07921.jpg,16.800926,9.877124
sample_07922.jpg,16.412647,1.4746417
sample_07923.jpg,58.33725,-13.883371
sample_07924.jpg,14.495366,16.519033
sample_07925.jpg,35.75278,15.131331
sample_07926.jpg,-6.5479774,22.4097
sample_07927.jpg,20.211737,-54.880676
sample_07928.jpg,11.655533,10.355331
sample_07929.jpg,4.6403003,17.963173
sample_07930.jpg,-60.31034,-19.974827
sample_07931.jpg,58.70241,3.883391
sample_07932.jpg,13.477233,9.297406
sample_07933.jpg,43.95445,20.676136
sample_07934.jpg,-23.28835,-8.247849
sample_07935.jpg,28.192896,36.36699
sample_07936.jpg,-54.383,-12.871815
sample_07937.jpg,-36.19752,-54.777798
sample_07938.jpg,-49.935997,-17.118725
sample_07939.jpg,-33.192078,17.679394
sample_07940.jpg,46.96029,-15.054026
sample_07941.jpg,-35.481422,-3.5599606
sample_07942.jpg,-56.625626,-27.926266
sample_07943.jpg,25.663424,45.67123
sample_07944.jpg,-58.728333,-31.236246
sample_07945.jpg,47.81378,-16.912771
sample_07946.jpg,9.982034,42.78616
sample_07947.jpg,10.421114,42.21321
sample_07948.jpg,0.5621726,3.6280077
sample_07949.jpg,15.783527,16.259964
sample_07950.jpg,-61.48418,19.260338
sample_07951.jpg,18.67236,17.168356
sample_07952.jpg,-49.34243,-3.0061495
sample_07953.jpg,42.14345,-1.6076074
sample_07954.jpg,22.089897,-54.6994
sample_07955.jpg,60.214066,2.1025386
sample_07956.jpg,27.87985,-43.96452
sample_07957.jpg,15.810763,26.982603
sample_07958.jpg,-57.084953,-3.458366
sample_07959.jpg,-2.7883327,-16.303232
sample_07960.jpg,9.13812,14.593243
sample_07961.jpg,15.203693,-10.694427
sample_07962.jpg,-29.195305,-57.219475
sample_07963.jpg,-45.47855,-13.694773
sample_07964.jpg,-40.227608,16.563484
sample_07965.jpg,-8.645087,30.091915
sample_07966.jpg,11.342038,-6.5413485
sample_07967.jpg,-51.09673,-5.3204036
sample_07968.jpg,-44.81361,-9.016907
sample_07969.jpg,0.43634674,18.933842
sample_07970.jpg,-6.3825154,5.364704
sample_07971.jpg,-2.307464,0.829784
sample_07972.jpg,17.675802,34.410873
sample_07973.jpg,-50.985966,-13.91206
sample_07974.jpg,26.222338,37.897343
sample_07975.jpg,28.070114,16.573526
sample_07976.jpg,-41.043728,-4.869794
sample_07977.jpg,18.651659,28.982973
sample_07978.jpg,-37.8445,-19.880589
sample_07979.jpg,-8.6044445,27.888897
sample_07980.jpg,-71.50547,15.683011
sample_07981.jpg,-0.73896796,29.712622
sample_07982.jpg,-32.855087,28.943453
sample_07983.jpg,-16.770018,20.179497
sample_07984.jpg,40.68808,-5.647984
sample_07985.jpg,29.965874,-0.21015579
sample_07986.jpg,40.381695,13.604938
sample_07987.jpg,31.019363,24.900928
sample_07988.jpg,-60.128452,20.329409
sample_07989.jpg,-34.782078,-54.989727
sample_07990.jpg,27.915977,43.534077
sample_07991.jpg,-13.705911,14.092595
sample_07992.jpg,50.536175,-17.643621
sample_07993.jpg,-16.630032,-54.012928
sample_07994.jpg,24.260897,-45.591953
sample_07995.jpg,-7.5911818,30.68692
sample_07996.jpg,68.244576,-3.5259879
sample_07997.jpg,9.959145,23.297411
sample_07998.jpg,-19.031397,7.279099
sample_07999.jpg,-49.100796,-13.738459
sample_08000.jpg,43.26895,17.75023
sample_08001.jpg,-56.986477,-27.839422
sample_08002.jpg,24.957193,32.948086
sample_08003.jpg,8.040907,18.224905
sample_08004.jpg,65.63328,-2.7422328
sample_08005.jpg,-1.7974839,-14.630235
sample_08006.jpg,-65.761856,18.508423
sample_08007.jpg,-21.947016,5.9768763
sample_08008.jpg,-32.4077,24.422577
sample_08009.jpg,24.662231,-2.8458962
sample_08010.jpg,55.080208,1.4533839
sample_08011.jpg,-2.645416,31.531946
sample_08012.jpg,-58.020256,-27.920382
sample_08013.jpg,6.7448907,34.9499
sample_08014.jpg,-22.862038,-57.621773
sample_08015.jpg,7.355132,9.58849
sample_08016.jpg,7.5656343,-69.98863
sample_08017.jpg,56.986507,-14.156083
sample_08018.jpg,-1.3749807,-69.811806
sample_08019.jpg,-56.71881,-30.405066
sample_08020.jpg,21.826723,19.50035
sample_08021.jpg,-29.761621,15.308032
sample_08022.jpg,6.5654173,30.610672
sample_08023.jpg,-1.0435802,-18.504908
sample_08024.jpg,22.676193,-52.651745
sample_08025.jpg,5.0204372,1.8645369
sample_08026.jpg,-23.799255,-20.953285
sample_08027.jpg,40.61586,-12.903628
sample_08028.jpg,-31.97682,-56.553318
sample_08029.jpg,-7.0678635,-11.290012
sample_08030.jpg,40.15723,2.1553202
sample_08031.jpg,-3.7242994,31.107864
sample_08032.jpg,-48.332985,-13.059344
sample_08033.jpg,21.490896,34.624695
sample_08034.jpg,-58.771465,-6.996952
sample_08035.jpg,-5.2705054,43.717224
sample_08036.jpg,31.237833,29.622671
sample_08037.jpg,-19.206606,-8.367702
sample_08038.jpg,22.967585,9.389114
sample_08039.jpg,6.4121475,7.9229894
sample_08040.jpg,-12.137035,-42.472954
sample_08041.jpg,-45.481384,-12.200054
sample_08042.jpg,-1.1819748,45.01833
sample_08043.jpg,7.625589,-67.36722
sample_08044.jpg,57.748356,-10.147268
sample_08045.jpg,-30.472466,-6.420942
sample_08046.jpg,30.929096,10.906203
sample_08047.jpg,20.203564,13.880773
sample_08048.jpg,-7.286285,18.627905
sample_08049.jpg,72.16962,7.5586586
sample_08050.jpg,-38.78537,-4.958257
sample_08051.jpg,-4.631294,-71.94477
sample_08052.jpg,-34.34218,-55.349964
sample_08053.jpg,-19.09702,-52.136787
sample_08054.jpg,-25.457018,0.61783504
sample_08055.jpg,-2.2401433,20.19076
sample_08056.jpg,34.543533,2.2904592
sample_08057.jpg,-12.716118,18.612679
sample_08058.jpg,-34.11804,2.0920415
sample_08059.jpg,5.237421,27.46572
sample_08060.jpg,16.450405,24.419287
sample_08061.jpg,-21.782434,5.457138
sample_08062.jpg,2.7837303,12.608661
sample_08063.jpg,-46.129597,-22.26897
sample_08064.jpg,-16.942268,35.54184
sample_08065.jpg,-48.947453,-26.678547
sample_08066.jpg,-32.463886,-28.967745
sample_08067.jpg,12.696472,17.508167
sample_08068.jpg,-32.99028,8.903235
sample_08069.jpg,44.549557,5.8074265
sample_08070.jpg,37.54967,-8.395472
sample_08071.jpg,-32.740967,-5.418151
sample_08072.jpg,-24.345493,8.818936
sample_08073.jpg,23.192434,-49.036213
sample_08074.jpg,36.19884,36.703682
sample_08075.jpg,59.526005,3.6622207
sample_08076.jpg,34.34294,8.727116
sample_08077.jpg,-27.075891,25.824217
sample_08078.jpg,-6.256076,-31.09885
sample_08079.jpg,-18.767084,23.831823
sample_08080.jpg,24.952795,14.000098
sample_08081.jpg,50.125454,15.174002
sample_08082.jpg,-0.9641353,5.7415752
sample_08083.jpg,-26.64792,9.010259
sample_08084.jpg,5.503663,32.160725
sample_08085.jpg,-26.37951,-4.63665
sample_08086.jpg,23.320625,-49.272526
sample_08087.jpg,-9.395251,-2.1870892
sample_08088.jpg,-28.827898,-3.4553723
sample_08089.jpg,28.077177,37.132904
sample_08090.jpg,-0.8033592,-25.531
sample_08091.jpg,24.15135,-49.54054
sample_08092.jpg,23.979986,9.239543
sample_08093.jpg,-11.430566,-45.413277
sample_08094.jpg,-22.857151,-8.370479
sample_08095.jpg,-18.95552,19.505527
sample_08096.jpg,29.242308,-23.892668
sample_08097.jpg,59.869244,-4.4510913
sample_08098.jpg,-27.639435,-55.40363
sample_08099.jpg,-52.557026,-34.015022
sample_08100.jpg,23.626648,0.7373961
sample_08101.jpg,1.7404525,16.345358
sample_08102.jpg,-19.139591,-50.741264
sample_08103.jpg,49.999046,-14.094464
sample_08104.jpg,-5.3391547,-41.13465
sample_08105.jpg,-5.2056255,-36.596405
sample_08106.jpg,16.775698,13.09479
sample_08107.jpg,-6.675148,-11.598037
sample_08108.jpg,42.266716,0.5289986
sample_08109.jpg,60.074707,-14.659044
sample_08110.jpg,14.800546,-63.943394
sample_08111.jpg,-6.712313,-6.7432556
sample_08112.jpg,6.0335464,22.612492
sample_08113.jpg,27.707344,18.184341
sample_08114.jpg,7.6166105,32.81222
sample_08115.jpg,-52.72454,-6.79861
sample_08116.jpg,41.8626,-2.5937293
sample_08117.jpg,-26.58528,23.093714
sample_08118.jpg,-10.307195,-43.25087
sample_08119.jpg,14.258675,37.39506
sample_08120.jpg,-1.6274304,-71.415245
sample_08121.jpg,-35.98338,0.53821015
sample_08122.jpg,6.338593,3.837868
sample_08123.jpg,-2.0636983,-2.6670275
sample_08124.jpg,53.89497,14.506205
sample_08125.jpg,-26.893333,-56.71103
sample_08126.jpg,28.417244,-8.547413
sample_08127.jpg,-24.6189,-18.389065
sample_08128.jpg,46.503822,21.080353
sample_08129.jpg,-29.039991,-53.25195
sample_08130.jpg,30.526693,17.023916
sample_08131.jpg,9.580836,12.096138
sample_08132.jpg,21.176092,-55.928623
sample_08133.jpg,-42.40095,-12.677916
sample_08134.jpg,-29.876175,-55.203873
sample_08135.jpg,22.48037,14.029631
sample_08136.jpg,-6.674148,38.266518
sample_08137.jpg,36.670246,28.073822
sample_08138.jpg,68.63913,-10.9437685
sample_08139.jpg,1.0738205,6.6716285
sample_08140.jpg,-26.29214,-16.213644
sample_08141.jpg,-42.668884,-9.029737
sample_08142.jpg,15.485534,4.425345
sample_08143.jpg,62.35905,12.222739
sample_08144.jpg,21.53191,-53.03494
sample_08145.jpg,24.809055,22.795132
sample_08146.jpg,29.608469,41.850994
sample_08147.jpg,20.865753,8.986397
sample_08148.jpg,31.536724,17.034523
sample_08149.jpg,15.144623,24.232279
sample_08150.jpg,-6.540319,24.956345
sample_08151.jpg,30.198114,-41.224266
sample_08152.jpg,56.74238,-8.61754
sample_08153.jpg,-5.9649386,-3.6091952
sample_08154.jpg,-49.81767,-15.644608
sample_08155.jpg,-5.145883,23.705929
sample_08156.jpg,-29.775291,-59.373325
sample_08157.jpg,6.571257,27.351654
sample_08158.jpg,46.70041,16.85292
sample_08159.jpg,4.018322,-65.6603
sample_08160.jpg,13.624073,15.741692
sample_08161.jpg,-25.042505,5.610826
sample_08162.jpg,55.11667,-8.438273
sample_08163.jpg,11.709311,16.089947
sample_08164.jpg,-17.086143,-54.58652
sample_08165.jpg,1.4045272,12.484461
sample_08166.jpg,5.6166697,28.70064
sample_08167.jpg,-7.7308803,34.58583
sample_08168.jpg,5.8000636,17.096603
sample_08169.jpg,34.345867,33.736477
sample_08170.jpg,18.690018,17.23606
sample_08171.jpg,32.80952,40.626526
sample_08172.jpg,18.582798,9.022588
sample_08173.jpg,20.93594,-57.774094
sample_08174.jpg,-6.7113676,-11.350473
sample_08175.jpg,-35.46472,-3.7519867
sample_08176.jpg,-32.748478,-55.479294
sample_08177.jpg,-27.582333,-56.32057
sample_08178.jpg,-23.677788,23.264725
sample_08179.jpg,16.84098,2.5438957
sample_08180.jpg,15.296972,39.155098
sample_08181.jpg,-24.536638,-8.351581
sample_08182.jpg,12.678585,17.308025
sample_08183.jpg,-2.1173472,-42.07646
sample_08184.jpg,10.861397,51.051876
sample_08185.jpg,26.632734,43.37623
sample_08186.jpg,62.505486,0.42137864
sample_08187.jpg,12.100988,-20.26995
sample_08188.jpg,9.732359,21.414545
sample_08189.jpg,-58.141964,-19.681114
sample_08190.jpg,-58.17947,-22.944714
sample_08191.jpg,52.92522,1.0599338
sample_08192.jpg,36.69006,47.32251
sample_08193.jpg,3.1575716,19.907976
sample_08194.jpg,-62.020935,-17.467197
sample_08195.jpg,55.221893,-3.5716126
sample_08196.jpg,-48.098396,-14.7461815
sample_08197.jpg,22.12402,-4.605781
sample_08198.jpg,55.840046,7.1271796
sample_08199.jpg,-20.78382,13.208422
sample_08200.jpg,70.00118,-11.655059
sample_08201.jpg,44.473946,21.55053
sample_08202.jpg,-7.2032747,37.265766
sample_08203.jpg,-6.969047,52.2666
sample_08204.jpg,60.222057,-0.72420603
sample_08205.jpg,56.007935,1.6811762
sample_08206.jpg,30.10865,15.608208
sample_08207.jpg,-62.081966,-17.751701
sample_08208.jpg,-43.19993,-53.300144
sample_08209.jpg,66.09052,-10.891066
sample_08210.jpg,7.1358495,-64.874214
sample_08211.jpg,-36.35676,-2.0694466
sample_08212.jpg,3.1115897,22.870213
sample_08213.jpg,-44.51345,-6.3465376
sample_08214.jpg,-19.820826,15.038961
sample_08215.jpg,-56.743504,-28.43969
sample_08216.jpg,17.896921,27.234903
sample_08217.jpg,13.053514,-61.859505
sample_08218.jpg,-26.75808,-16.418274
sample_08219.jpg,-1.4924344,4.3623266
sample_08220.jpg,-2.7223046,40.016018
sample_08221.jpg,-2.1044257,5.8066063
sample_08222.jpg,64.002335,-9.837856
sample_08223.jpg,-15.250107,2.4818912
sample_08224.jpg,-14.838639,18.618956
sample_08225.jpg,-8.62556,41.120033
sample_08226.jpg,-39.741932,50.278778
sample_08227.jpg,-24.583532,10.818483
sample_08228.jpg,-26.957922,-54.8018
sample_08229.jpg,6.8077574,-67.63509
sample_08230.jpg,30.587927,2.8673353
sample_08231.jpg,29.179613,43.27886
sample_08232.jpg,11.5375805,3.747483
sample_08233.jpg,13.999155,19.887869
sample_08234.jpg,-27.774456,-54.01803
sample_08235.jpg,-11.220054,-11.276203
sample_08236.jpg,31.951666,6.743477
sample_08237.jpg,40.881405,19.928747
sample_08238.jpg,45.708904,13.069593
sample_08239.jpg,51.54714,-17.519598
sample_08240.jpg,-51.861095,2.6015651
sample_08241.jpg,5.3923445,17.30849
sample_08242.jpg,4.487666,23.975382
sample_08243.jpg,-27.643225,4.688972
sample_08244.jpg,23.80643,35.679806
sample_08245.jpg,-56.16457,-19.883001
sample_08246.jpg,31.739494,17.00406
sample_08247.jpg,-3.3597648,14.214859
sample_08248.jpg,6.330577,16.070812
sample_08249.jpg,-21.50175,10.816809
sample_08250.jpg,44.23343,0.09254264
sample_08251.jpg,-11.098666,16.323606
sample_08252.jpg,33.72475,28.695465
sample_08253.jpg,-30.664371,-12.621282
sample_08254.jpg,-48.84397,49.155647
sample_08255.jpg,-51.596935,47.28917
sample_08256.jpg,-54.004837,-20.085655
sample_08257.jpg,-14.720372,48.32565
sample_08258.jpg,9.49976,-66.793594
sample_08259.jpg,-61.05222,19.03616
sample_08260.jpg,-12.309297,-45.647858
sample_08261.jpg,-76.04271,12.88848
sample_08262.jpg,-50.26815,-13.520748
sample_08263.jpg,5.0194592,38.295185
sample_08264.jpg,-3.1239507,-71.32417
sample_08265.jpg,-62.7847,-18.00462
sample_08266.jpg,-46.326576,-4.963102
sample_08267.jpg,-31.377335,3.342509
sample_08268.jpg,1.350659,14.024728
sample_08269.jpg,-12.525152,-46.588463
sample_08270.jpg,58.546257,-5.450568
sample_08271.jpg,24.0221,28.271967
sample_08272.jpg,4.19559,44.702835
sample_08273.jpg,16.185053,-54.478764
sample_08274.jpg,11.152685,33.77351
sample_08275.jpg,-3.7541175,-1.6202922
sample_08276.jpg,-43.862946,12.614365
sample_08277.jpg,70.25627,7.1708727
sample_08278.jpg,-3.985392,17.678406
sample_08279.jpg,-20.385391,11.848359
sample_08280.jpg,-12.374098,10.787557
sample_08281.jpg,5.5382576,34.88574
sample_08282.jpg,14.218807,10.422715
sample_08283.jpg,-1.3097776,20.488302
sample_08284.jpg,65.044106,1.7114925
sample_08285.jpg,24.350203,18.102228
sample_08286.jpg,-27.301178,6.063477
sample_08287.jpg,41.277737,44.299896
sample_08288.jpg,68.30115,-11.572293
sample_08289.jpg,51.111973,9.47256
sample_08290.jpg,3.376345,-9.896589
sample_08291.jpg,6.2634926,-67.06015
sample_08292.jpg,4.4329906,36.5886
sample_08293.jpg,37.2944,3.6493952
sample_08294.jpg,7.8004746,-8.288216
sample_08295.jpg,59.198708,3.5771422
sample_08296.jpg,18.586254,30.95797
sample_08297.jpg,-41.19816,-55.049725
sample_08298.jpg,-11.72227,34.69052
sample_08299.jpg,-33.725986,11.230018
sample_08300.jpg,-37.201515,3.1148238
sample_08301.jpg,9.563137,12.275451
sample_08302.jpg,-34.813736,3.549007
sample_08303.jpg,10.04621,-32.82329
sample_08304.jpg,-24.684723,1.8196741
sample_08305.jpg,38.76939,-6.6019816
sample_08306.jpg,55.50502,14.50399
sample_08307.jpg,56.7436,1.230786
sample_08308.jpg,-35.074993,6.367429
sample_08309.jpg,-12.101367,-48.359833
sample_08310.jpg,43.352615,3.2891212
sample_08311.jpg,33.996513,39.673084
sample_08312.jpg,0.26337603,25.436651
sample_08313.jpg,-60.87882,-12.453791
sample_08314.jpg,38.045998,0.20364259
sample_08315.jpg,-49.617455,-10.858252
sample_08316.jpg,-3.3769915,8.914238
sample_08317.jpg,-66.62971,15.313215
sample_08318.jpg,-4.771094,-37.081593
sample_08319.jpg,-3.6312165,-72.12154
sample_08320.jpg,8.639542,33.091904
sample_08321.jpg,5.3202434,-4.36495
sample_08322.jpg,57.747826,9.401305
sample_08323.jpg,-55.903484,-12.6468935
sample_08324.jpg,-17.550844,18.781591
sample_08325.jpg,-20.940428,15.272034
sample_08326.jpg,-3.7065566,-17.33182
sample_08327.jpg,-53.910137,-28.075228
sample_08328.jpg,-4.566783,27.459162
sample_08329.jpg,55.438744,13.027316
sample_08330.jpg,-47.58378,0.4426562
sample_08331.jpg,-74.644806,13.612151
sample_08332.jpg,26.985407,11.6082735
sample_08333.jpg,48.963303,23.445498
sample_08334.jpg,-20.517925,10.890301
sample_08335.jpg,35.388233,24.907543
sample_08336.jpg,5.5859556,28.621058
sample_08337.jpg,33.7841,-9.420861
sample_08338.jpg,-12.930323,0.086828895
sample_08339.jpg,-7.0982885,15.427056
sample_08340.jpg,-50.17561,48.3939
sample_08341.jpg,12.118843,28.452143
sample_08342.jpg,2.4575543,33.68982
sample_08343.jpg,48.12096,-5.4013443
sample_08344.jpg,26.90179,19.356419
sample_08345.jpg,-3.4688642,42.0995
sample_08346.jpg,-37.350872,2.4989104
sample_08347.jpg,-22.714941,-22.073854
sample_08348.jpg,39.67833,12.693569
sample_08349.jpg,-31.446646,-58.72806
sample_08350.jpg,7.5813127,11.716272
sample_08351.jpg,9.513286,16.624784
sample_08352.jpg,-8.415429,53.80396
sample_08353.jpg,27.80846,22.038536
sample_08354.jpg,-6.93483,52.53011
sample_08355.jpg,-0.5171458,4.0936346
sample_08356.jpg,50.581596,-1.3308232
sample_08357.jpg,-16.698828,19.041388
sample_08358.jpg,1.6247842,-2.411466
sample_08359.jpg,-34.558594,30.48092
sample_08360.jpg,-35.440502,4.2072616
sample_08361.jpg,-16.98241,8.306397
sample_08362.jpg,-29.826803,-54.682377
sample_08363.jpg,-24.030005,14.486356
sample_08364.jpg,17.75373,0.7993252
sample_08365.jpg,-4.459599,-72.35807
sample_08366.jpg,-6.4014754,19.6073
sample_08367.jpg,-2.11205,40.04812
sample_08368.jpg,10.871947,8.93143
sample_08369.jpg,8.9769535,16.583654
sample_08370.jpg,-4.3434744,15.18922
sample_08371.jpg,27.43954,-10.618508
sample_08372.jpg,-45.332214,-4.349301
sample_08373.jpg,-32.13901,17.126566
sample_08374.jpg,7.6846447,-10.986638
sample_08375.jpg,49.55984,11.1074295
sample_08376.jpg,1.146576,0.46102223
sample_08377.jpg,45.180946,0.10823949
sample_08378.jpg,6.848789,-68.01623
sample_08379.jpg,-41.93795,50.85222
sample_08380.jpg,-5.288164,17.199753
sample_08381.jpg,-4.281892,20.082966
sample_08382.jpg,8.027129,21.516563
sample_08383.jpg,64.48969,-7.6682
sample_08384.jpg,15.1755705,-56.589634
sample_08385.jpg,-9.138898,45.992447
sample_08386.jpg,-31.281902,5.4774036
sample_08387.jpg,-15.349002,-3.6075315
sample_08388.jpg,22.173584,45.561092
sample_08389.jpg,30.886597,-4.203537
sample_08390.jpg,-30.718695,0.5652141
sample_08391.jpg,9.943063,5.7088423
sample_08392.jpg,-59.950825,-30.583103
sample_08393.jpg,-59.857887,-27.816648
sample_08394.jpg,39.180107,47.131298
sample_08395.jpg,9.814775,-1.744617
sample_08396.jpg,-39.691265,-54.97847
sample_08397.jpg,-23.871937,-12.309267
sample_08398.jpg,1.3310922,16.733181
sample_08399.jpg,33.05621,40.32561
sample_08400.jpg,36.411045,4.7748127
sample_08401.jpg,8.394037,19.209955
sample_08402.jpg,1.9151714,-70.07673
sample_08403.jpg,-6.9511943,45.45654
sample_08404.jpg,4.23086,5.4349103
sample_08405.jpg,-4.9411135,-6.143646
sample_08406.jpg,-8.416407,20.313776
sample_08407.jpg,-10.354648,23.784573
sample_08408.jpg,48.189034,-4.24826
sample_08409.jpg,17.748278,-52.605446
sample_08410.jpg,34.228783,25.59209
sample_08411.jpg,6.218815,21.61772
sample_08412.jpg,17.594896,-2.8903575
sample_08413.jpg,42.892982,-0.66926646
sample_08414.jpg,-12.717427,-4.5477524
sample_08415.jpg,4.677869,24.528355
sample_08416.jpg,-12.119043,33.59063
sample_08417.jpg,23.57713,-52.18722
sample_08418.jpg,-59.049328,-13.419507
sample_08419.jpg,27.715023,18.26352
sample_08420.jpg,18.386414,-56.20978
sample_08421.jpg,-41.48684,-4.2731147
sample_08422.jpg,53.489513,-13.866816
sample_08423.jpg,67.55995,-8.551777
sample_08424.jpg,24.398348,12.109292
sample_08425.jpg,32.16003,38.47967
sample_08426.jpg,26.048025,3.135956
sample_08427.jpg,31.891882,3.3857882
sample_08428.jpg,61.71779,2.8805864
sample_08429.jpg,36.810585,44.094845
sample_08430.jpg,-2.5911114,-4.4918594
sample_08431.jpg,64.368065,10.274851
sample_08432.jpg,30.96614,-8.434807
sample_08433.jpg,57.680077,-2.1818602
sample_08434.jpg,42.0481,6.8316584
sample_08435.jpg,-9.583544,20.338013
sample_08436.jpg,62.00235,-12.160311
sample_08437.jpg,30.956415,-5.425854
sample_08438.jpg,16.27185,-21.364044
sample_08439.jpg,23.108158,44.03195
sample_08440.jpg,69.04565,-1.7726701
sample_08441.jpg,-24.493704,16.70806
sample_08442.jpg,9.816863,42.88585
sample_08443.jpg,0.019946322,19.921831
sample_08444.jpg,-13.730151,16.649048
sample_08445.jpg,-18.551062,30.453959
sample_08446.jpg,22.531372,-52.672466
sample_08447.jpg,49.94047,15.309878
sample_08448.jpg,17.15504,-7.388878
sample_08449.jpg,50.6151,-16.518192
sample_08450.jpg,68.213486,-6.2351327
sample_08451.jpg,45.211586,15.786658
sample_08452.jpg,13.728874,30.43671
sample_08453.jpg,51.887794,12.023662
sample_08454.jpg,-23.654724,23.425821
sample_08455.jpg,-41.490444,-56.108543
sample_08456.jpg,-35.466293,18.26483
sample_08457.jpg,35.189316,11.046631
sample_08458.jpg,-36.634136,0.15599899
sample_08459.jpg,3.5491264,-65.72527
sample_08460.jpg,70.71007,-8.709393
sample_08461.jpg,25.374092,-49.40673
sample_08462.jpg,23.03069,19.45509
sample_08463.jpg,13.09659,1.7118659
sample_08464.jpg,-4.771236,18.090689
sample_08465.jpg,-41.148396,-0.73194623
sample_08466.jpg,20.478407,-56.01725
sample_08467.jpg,29.2015,-25.096952
sample_08468.jpg,-2.9220123,-35.746307
sample_08469.jpg,43.40308,13.954695
sample_08470.jpg,6.7087927,16.200293
sample_08471.jpg,-4.084104,-31.424248
sample_08472.jpg,1.0665727,-4.2473493
sample_08473.jpg,-27.366926,-2.777627
sample_08474.jpg,12.809133,22.226067
sample_08475.jpg,34.515736,-8.202414
sample_08476.jpg,-42.27104,2.1797729
sample_08477.jpg,50.158253,2.0741687
sample_08478.jpg,34.252056,19.721886
sample_08479.jpg,35.67549,0.05261307
sample_08480.jpg,-31.900436,-0.9603868
sample_08481.jpg,47.751724,10.663301
sample_08482.jpg,45.459282,-8.158727
sample_08483.jpg,-46.77111,12.127489
sample_08484.jpg,29.44474,39.249657
sample_08485.jpg,-58.919918,-11.208834
sample_08486.jpg,23.752073,18.399052
sample_08487.jpg,54.496906,-9.810608
sample_08488.jpg,-14.62433,11.056687
sample_08489.jpg,-51.847675,-7.2147117
sample_08490.jpg,-52.94103,-11.54126
sample_08491.jpg,-23.975214,8.944996
sample_08492.jpg,-7.049002,-39.523407
sample_08493.jpg,-47.252926,-16.209826
sample_08494.jpg,2.3193767,11.638768
sample_08495.jpg,0.08801156,20.73811
sample_08496.jpg,8.111794,16.534693
sample_08497.jpg,-0.6182135,18.144472
sample_08498.jpg,3.1281288,26.605751
sample_08499.jpg,-19.69795,11.222312
sample_08500.jpg,53.24847,-1.0170475
sample_08501.jpg,31.182177,8.394556
sample_08502.jpg,56.725353,-5.1487865
sample_08503.jpg,-40.11332,-1.4790602
sample_08504.jpg,-5.0097885,-72.624886
sample_08505.jpg,21.609758,20.013432
sample_08506.jpg,-26.956928,-56.005825
sample_08507.jpg,48.84166,5.0337286
sample_08508.jpg,13.550544,-5.8430667
sample_08509.jpg,13.614726,12.952597
sample_08510.jpg,-61.21213,-19.438868
sample_08511.jpg,-68.87357,16.29179
sample_08512.jpg,-12.9375725,-7.387515
sample_08513.jpg,-63.744278,18.617712
sample_08514.jpg,-49.477463,-12.563953
sample_08515.jpg,21.077711,-7.939668
sample_08516.jpg,9.570604,-2.260528
sample_08517.jpg,9.742924,26.680056
sample_08518.jpg,-66.23825,20.040255
sample_08519.jpg,19.29548,11.354757
sample_08520.jpg,2.7672737,25.38181
sample_08521.jpg,-1.7085596,-16.096256
sample_08522.jpg,27.534004,14.866756
sample_08523.jpg,-47.92145,49.860535
sample_08524.jpg,20.03352,8.526183
sample_08525.jpg,32.27218,-26.435179
sample_08526.jpg,-43.855373,-53.467228
sample_08527.jpg,-29.864326,-27.105946
sample_08528.jpg,52.66948,-4.7514725
sample_08529.jpg,-2.4179919,11.690651
sample_08530.jpg,43.80259,8.268346
sample_08531.jpg,-12.150398,28.649105
sample_08532.jpg,-76.30519,12.576612
sample_08533.jpg,-21.00885,-49.450413
sample_08534.jpg,-48.545258,-7.940653
sample_08535.jpg,2.2684305,20.362518
sample_08536.jpg,-17.540997,-7.826485
sample_08537.jpg,51.262604,-15.662744
sample_08538.jpg,-17.536278,-29.81485
sample_08539.jpg,24.853096,-6.7190046
sample_08540.jpg,13.776937,38.732727
sample_08541.jpg,-7.153399,-32.251343
sample_08542.jpg,-29.850777,15.188806
sample_08543.jpg,24.089283,-53.690662
sample_08544.jpg,-65.04352,13.1475525
sample_08545.jpg,27.73805,-6.366267
sample_08546.jpg,31.644424,11.728288
sample_08547.jpg,69.795815,-4.617989
sample_08548.jpg,-28.270905,6.3885484
sample_08549.jpg,-51.46567,-27.132494
sample_08550.jpg,-28.870203,-12.319054
sample_08551.jpg,61.88249,4.2951555
sample_08552.jpg,-12.576387,-45.728355
sample_08553.jpg,2.0726886,-70.48265
sample_08554.jpg,-18.62783,24.312578
sample_08555.jpg,-2.8600538,-20.914303
sample_08556.jpg,-1.041108,-72.71703
sample_08557.jpg,4.378053,21.361542
sample_08558.jpg,34.513477,5.2850585
sample_08559.jpg,-42.557404,49.171837
sample_08560.jpg,35.148846,31.837929
sample_08561.jpg,-39.016365,-5.8133883
sample_08562.jpg,6.8685856,19.535707
sample_08563.jpg,-0.32638994,21.550447
sample_08564.jpg,64.27767,9.748453
sample_08565.jpg,56.961937,-4.370727
sample_08566.jpg,52.8757,-8.717515
sample_08567.jpg,21.149334,34.73876
sample_08568.jpg,42.624676,-0.22315289
sample_08569.jpg,3.6021538,24.600042
sample_08570.jpg,7.041089,-64.4707
sample_08571.jpg,14.659313,22.55096
sample_08572.jpg,-29.837,6.8735986
sample_08573.jpg,43.26893,-13.0531
sample_08574.jpg,7.38273,21.4519
sample_08575.jpg,2.3936017,-9.546797
sample_08576.jpg,1.4016342,17.5731
sample_08577.jpg,21.004877,37.92804
sample_08578.jpg,48.231724,-13.914289
sample_08579.jpg,-14.193985,-5.234487
sample_08580.jpg,29.736761,-37.39412
sample_08581.jpg,-60.145294,-24.748049
sample_08582.jpg,38.86382,-25.705866
sample_08583.jpg,-4.995093,1.7395436
sample_08584.jpg,51.94238,22.641647
sample_08585.jpg,-39.985893,-6.3679566
sample_08586.jpg,-53.92418,-17.210487
sample_08587.jpg,-0.5840799,26.966228
sample_08588.jpg,-30.538454,7.6337585
sample_08589.jpg,-2.9974287,-14.358941
sample_08590.jpg,64.28331,-3.8638973
sample_08591.jpg,-11.303167,34.391315
sample_08592.jpg,-60.606422,-30.461763
sample_08593.jpg,44.7076,2.6497295
sample_08594.jpg,-1.0746424,-69.08841
sample_08595.jpg,-29.071173,14.176826
sample_08596.jpg,-10.245827,-40.974895
sample_08597.jpg,16.117252,-60.915867
sample_08598.jpg,-48.398407,-31.606445
sample_08599.jpg,-20.462814,3.6607866
sample_08600.jpg,-14.663233,-50.644222
sample_08601.jpg,28.727074,19.392668
sample_08602.jpg,47.93645,-9.54724
sample_08603.jpg,26.633654,-45.135883
sample_08604.jpg,-12.114681,44.341278
sample_08605.jpg,-32.090847,-8.304036
sample_08606.jpg,57.380527,-6.276894
sample_08607.jpg,-7.9638276,26.003695
sample_08608.jpg,1.5608565,0.93584853
sample_08609.jpg,-20.30844,-52.884205
sample_08610.jpg,46.770157,5.9429946
sample_08611.jpg,49.728275,28.513985
sample_08612.jpg,-0.9086792,-18.640982
sample_08613.jpg,-32.745808,30.691734
sample_08614.jpg,-27.657986,-14.988929
sample_08615.jpg,8.850437,22.06475
sample_08616.jpg,-15.0119295,20.72486
sample_08617.jpg,-3.5638452,-14.547132
sample_08618.jpg,-34.151417,7.2623
sample_08619.jpg,11.298903,12.472004
sample_08620.jpg,12.745215,-8.883694
sample_08621.jpg,66.65101,-9.455404
sample_08622.jpg,-53.65539,-29.783045
sample_08623.jpg,-35.665546,-58.29166
sample_08624.jpg,50.45136,-18.067898
sample_08625.jpg,14.018792,8.549469
sample_08626.jpg,9.920151,20.622787
sample_08627.jpg,-5.308364,-9.465735
sample_08628.jpg,62.684692,-6.283866
sample_08629.jpg,46.879898,6.6366544
sample_08630.jpg,-24.091085,3.1233296
sample_08631.jpg,-28.019886,2.6189635
sample_08632.jpg,-2.0173278,31.951067
sample_08633.jpg,-11.642795,9.717746
sample_08634.jpg,-17.44606,28.06561
sample_08635.jpg,20.833073,15.584532
sample_08636.jpg,-31.637081,-4.475831
sample_08637.jpg,41.40991,-2.6335325
sample_08638.jpg,-63.217407,20.636763
sample_08639.jpg,-19.98396,5.932769
sample_08640.jpg,51.011734,1.3452276
sample_08641.jpg,-14.396383,15.43285
sample_08642.jpg,-27.790108,10.124546
sample_08643.jpg,65.69763,-6.299005
sample_08644.jpg,-11.31384,42.732742
sample_08645.jpg,-40.240433,-53.291363
sample_08646.jpg,-28.822721,7.6114397
sample_08647.jpg,9.569006,-9.82307
sample_08648.jpg,-38.382168,-10.347627
sample_08649.jpg,-33.335487,1.5016512
sample_08650.jpg,-33.71921,27.66571
sample_08651.jpg,20.212376,-60.851044
sample_08652.jpg,52.66408,-10.0530205
sample_08653.jpg,-35.598606,-57.053196
sample_08654.jpg,-39.68384,-19.794626
sample_08655.jpg,49.29883,22.582619
sample_08656.jpg,11.139474,26.635374
sample_08657.jpg,41.374336,8.786974
sample_08658.jpg,-0.5572686,-25.432968
sample_08659.jpg,27.236732,5.2438545
sample_08660.jpg,-20.951725,-46.00564
sample_08661.jpg,-14.452478,49.552906
sample_08662.jpg,50.56582,8.063214
sample_08663.jpg,-77.474915,11.983579
sample_08664.jpg,13.217541,-61.341812
sample_08665.jpg,-61.283985,-21.410383
sample_08666.jpg,-62.02896,-29.714436
sample_08667.jpg,13.240362,2.37346
sample_08668.jpg,-2.8495812,-5.4813337
sample_08669.jpg,-14.508306,39.83588
sample_08670.jpg,31.762377,42.053753
sample_08671.jpg,-67.15204,13.429859
sample_08672.jpg,-1.3889325,21.817303
sample_08673.jpg,9.805029,30.447067
sample_08674.jpg,26.84935,-44.12612
sample_08675.jpg,19.274584,24.456837
sample_08676.jpg,-44.159058,-53.872044
sample_08677.jpg,46.37996,10.989762
sample_08678.jpg,-9.907199,12.987556
sample_08679.jpg,52.7232,5.735005
sample_08680.jpg,-41.30272,-5.1365995
sample_08681.jpg,-20.814465,6.888669
sample_08682.jpg,-13.163511,10.749022
sample_08683.jpg,-42.353752,-20.12958
sample_08684.jpg,-59.5396,-16.534048
sample_08685.jpg,24.233557,21.11807
sample_08686.jpg,9.969814,-32.984715
sample_08687.jpg,52.38059,14.092512
sample_08688.jpg,-38.52073,14.141082
sample_08689.jpg,8.867779,-20.966972
sample_08690.jpg,-30.747555,-25.978704
sample_08691.jpg,-51.830986,-22.789465
sample_08692.jpg,39.40509,17.912344
sample_08693.jpg,-10.020868,12.630152
sample_08694.jpg,5.3781085,34.107258
sample_08695.jpg,14.263857,27.943386
sample_08696.jpg,-3.4634032,31.003248
sample_08697.jpg,5.489619,24.87967
sample_08698.jpg,47.417625,-12.367154
sample_08699.jpg,-44.042522,-3.9572868
sample_08700.jpg,35.095543,39.226482
sample_08701.jpg,41.82532,21.484648
sample_08702.jpg,21.524803,20.76759
sample_08703.jpg,8.377424,-10.114787
sample_08704.jpg,10.918875,9.088728
sample_08705.jpg,29.007404,-41.009724
sample_08706.jpg,-56.93929,-27.037262
sample_08707.jpg,-18.81526,5.774093
sample_08708.jpg,44.43382,14.43666
sample_08709.jpg,48.988064,17.317585
sample_08710.jpg,-39.521515,-54.66662
sample_08711.jpg,17.744766,11.249261
sample_08712.jpg,-5.0875235,28.694487
sample_08713.jpg,-60.713417,-30.160425
sample_08714.jpg,-24.47053,12.809903
sample_08715.jpg,60.395878,-13.743188
sample_08716.jpg,6.2820015,16.890398
sample_08717.jpg,-18.628937,37.611248
sample_08718.jpg,-51.06094,-18.916796
sample_08719.jpg,-2.1928155,38.479378
sample_08720.jpg,-9.022289,19.213291
sample_08721.jpg,-34.56793,-1.5037507
sample_08722.jpg,63.085163,-8.420216
sample_08723.jpg,7.693647,-66.94267
sample_08724.jpg,15.82322,39.371376
sample_08725.jpg,-51.529003,-16.697342
sample_08726.jpg,-7.107557,52.48228
sample_08727.jpg,-21.96195,30.598387
sample_08728.jpg,12.871066,-64.62779
sample_08729.jpg,19.81153,-53.89123
sample_08730.jpg,31.447077,8.39318
sample_08731.jpg,-63.092495,-15.041837
sample_08732.jpg,61.98226,13.337356
sample_08733.jpg,-63.274693,19.591633
sample_08734.jpg,45.452526,-2.8288138
sample_08735.jpg,30.855583,14.189444
sample_08736.jpg,-2.3367171,18.562546
sample_08737.jpg,-18.17932,-54.44657
sample_08738.jpg,60.843185,-13.9299345
sample_08739.jpg,26.573484,20.36819
sample_08740.jpg,61.96214,4.262923
sample_08741.jpg,54.397697,-0.6157077
sample_08742.jpg,-42.671207,-8.885045
sample_08743.jpg,65.26283,-8.19432
sample_08744.jpg,4.136316,17.772802
sample_08745.jpg,30.614637,19.225033
sample_08746.jpg,23.93436,30.480875
sample_08747.jpg,17.558393,11.359401
sample_08748.jpg,-14.929371,2.5821114
sample_08749.jpg,-9.19761,-18.662413
sample_08750.jpg,-48.469376,0.91360855
sample_08751.jpg,14.097419,-65.7927
sample_08752.jpg,16.053667,-56.38324
sample_08753.jpg,-42.153774,-9.198825
sample_08754.jpg,25.708553,17.44562
sample_08755.jpg,3.801283,24.276972
sample_08756.jpg,71.50701,7.371102
sample_08757.jpg,28.633316,-4.9225583
sample_08758.jpg,52.80481,-9.831301
sample_08759.jpg,-32.03596,17.805796
sample_08760.jpg,2.524487,15.394382
sample_08761.jpg,-25.96677,-21.793652
sample_08762.jpg,-36.52336,-8.674826
sample_08763.jpg,58.263668,7.244653
sample_08764.jpg,-34.655975,-2.0960605
sample_08765.jpg,-22.933474,4.0184507
sample_08766.jpg,-28.229198,-9.497109
sample_08767.jpg,-10.803624,-40.856884
sample_08768.jpg,50.984356,-15.420859
sample_08769.jpg,-55.00745,-19.068491
sample_08770.jpg,-22.486109,11.35487
sample_08771.jpg,9.719511,32.74706
sample_08772.jpg,8.759276,-35.487137
sample_08773.jpg,-68.26164,17.019579
sample_08774.jpg,30.035875,-41.484314
sample_08775.jpg,28.825674,2.8927193
sample_08776.jpg,-15.873987,23.735659
sample_08777.jpg,9.052783,-0.9679838
sample_08778.jpg,-34.42153,-9.805719
sample_08779.jpg,-4.979203,-8.930831
sample_08780.jpg,42.01134,6.2221518
sample_08781.jpg,15.827811,37.404133
sample_08782.jpg,-4.2370334,35.775097
sample_08783.jpg,-11.984544,5.8805118
sample_08784.jpg,30.910736,15.30917
sample_08785.jpg,20.211903,8.665513
sample_08786.jpg,-53.326893,-26.290176
sample_08787.jpg,-37.85815,-3.6613405
sample_08788.jpg,-46.517124,-14.3245945
sample_08789.jpg,-0.5991594,24.496592
sample_08790.jpg,-22.54558,-52.817104
sample_08791.jpg,5.306691,-66.79804
sample_08792.jpg,51.655674,-20.018293
sample_08793.jpg,2.7984838,24.008032
sample_08794.jpg,-0.9531605,0.9218184
sample_08795.jpg,21.11437,9.02857
sample_08796.jpg,56.874157,-18.656315
sample_08797.jpg,-25.904793,5.1526566
sample_08798.jpg,10.103119,-3.632843
sample_08799.jpg,-5.634839,-40.66348
sample_08800.jpg,55.31761,13.480299
sample_08801.jpg,-39.130386,50.234344
sample_08802.jpg,7.9063373,17.973265
sample_08803.jpg,56.26785,-5.5475125
sample_08804.jpg,-39.224174,50.57729
sample_08805.jpg,-41.683723,49.44891
sample_08806.jpg,52.165607,-4.006027
sample_08807.jpg,-12.778867,-11.785247
sample_08808.jpg,-69.46767,16.65736
sample_08809.jpg,7.1505327,25.400711
sample_08810.jpg,49.12225,-7.577876
sample_08811.jpg,35.67722,27.816605
sample_08812.jpg,19.053068,-55.652363
sample_08813.jpg,18.425373,-24.279018
sample_08814.jpg,42.05662,7.817433
sample_08815.jpg,21.727613,16.205984
sample_08816.jpg,14.627836,24.059608
sample_08817.jpg,-3.8173666,-20.342134
sample_08818.jpg,-10.580994,0.80141956
sample_08819.jpg,-32.042866,6.237733
sample_08820.jpg,61.02805,-0.9726214
sample_08821.jpg,55.370083,12.23777
sample_08822.jpg,6.065436,48.912167
sample_08823.jpg,27.5363,26.14006
sample_08824.jpg,27.550741,15.637221
sample_08825.jpg,15.351198,-20.257618
sample_08826.jpg,36.80045,-6.804361
sample_08827.jpg,-7.206759,19.420076
sample_08828.jpg,9.941823,-61.71474
sample_08829.jpg,-10.424116,-43.30598
sample_08830.jpg,-4.6157775,23.880468
sample_08831.jpg,2.6799622,-69.96964
sample_08832.jpg,-37.272278,18.491215
sample_08833.jpg,11.345153,29.48197
sample_08834.jpg,-35.452343,-55.47251
sample_08835.jpg,-46.798367,-8.550467
sample_08836.jpg,28.132288,36.128784
sample_08837.jpg,-23.010363,-9.906056
sample_08838.jpg,45.17487,26.633606
sample_08839.jpg,-45.047672,-9.122798
sample_08840.jpg,57.655502,-10.436723
sample_08841.jpg,33.063305,5.023863
sample_08842.jpg,-31.922285,4.9825726
sample_08843.jpg,-25.80379,23.366024
sample_08844.jpg,-8.370659,46.261497
sample_08845.jpg,-23.75803,17.975168
sample_08846.jpg,-50.115208,-15.805629
sample_08847.jpg,39.184254,45.784924
sample_08848.jpg,3.6097097,9.5277
sample_08849.jpg,-24.048035,-1.8407446
sample_08850.jpg,6.463311,24.914404
sample_08851.jpg,-74.75361,14.116889
sample_08852.jpg,51.33856,4.42832
sample_08853.jpg,-59.146164,-31.15298
sample_08854.jpg,65.78087,-8.756524
sample_08855.jpg,-23.63393,-18.194637
sample_08856.jpg,-18.554585,-52.135876
sample_08857.jpg,38.953796,-1.5325776
sample_08858.jpg,7.8199306,2.2149615
sample_08859.jpg,-5.172108,-19.196064
sample_08860.jpg,-47.300705,-12.960198
sample_08861.jpg,-12.125472,-46.665646
sample_08862.jpg,59.825405,-5.6115975
sample_08863.jpg,-5.623761,-72.91186
sample_08864.jpg,-39.1098,-17.62787
sample_08865.jpg,48.243908,-14.472909
sample_08866.jpg,-6.4504414,19.07206
sample_08867.jpg,20.162495,22.289658
sample_08868.jpg,-1.8125343,-69.18847
sample_08869.jpg,50.582302,-3.5361118
sample_08870.jpg,-33.018616,-54.199917
sample_08871.jpg,-6.4680037,-15.024712
sample_08872.jpg,-38.96521,-1.9057055
sample_08873.jpg,10.515539,-10.55817
sample_08874.jpg,-24.199245,-20.314886
sample_08875.jpg,-4.5406547,38.582535
sample_08876.jpg,22.713839,45.196796
sample_08877.jpg,-0.75042605,24.483522
sample_08878.jpg,-25.937765,7.065977
sample_08879.jpg,13.37253,0.9878459
sample_08880.jpg,69.75358,9.0984125
sample_08881.jpg,13.482612,25.526972
sample_08882.jpg,0.47743732,4.3064938
sample_08883.jpg,53.796764,-10.820473
sample_08884.jpg,24.244589,14.484028
sample_08885.jpg,-13.4165535,-1.9158655
sample_08886.jpg,4.9372144,7.48613
sample_08887.jpg,-35.034847,50.760075
sample_08888.jpg,-30.827208,15.848022
sample_08889.jpg,-14.566541,18.566751
sample_08890.jpg,16.904829,19.582361
sample_08891.jpg,-13.926298,-20.960644
sample_08892.jpg,6.72887,19.025301
sample_08893.jpg,-51.91581,-10.336457
sample_08894.jpg,41.341328,47.415047
sample_08895.jpg,38.860027,11.237016
sample_08896.jpg,-4.932145,5.529008
sample_08897.jpg,25.808918,22.416063
sample_08898.jpg,23.262678,20.531748
sample_08899.jpg,-20.217058,-16.984423
sample_08900.jpg,10.497523,40.52739
sample_08901.jpg,-31.335924,-7.629845
sample_08902.jpg,-50.43024,48.52832
sample_08903.jpg,19.113407,1.5564708
sample_08904.jpg,-33.553078,-20.815516
sample_08905.jpg,59.490997,-1.9294897
sample_08906.jpg,49.018726,13.241746
sample_08907.jpg,-59.98023,-19.410845
sample_08908.jpg,33.890903,8.692608
sample_08909.jpg,20.313602,33.692146
sample_08910.jpg,63.937366,-13.374264
sample_08911.jpg,1.8584517,28.6479
sample_08912.jpg,-15.698202,10.708736
sample_08913.jpg,2.703035,5.181479
sample_08914.jpg,-38.76933,-54.777958
sample_08915.jpg,34.493076,2.2368398
sample_08916.jpg,-17.84166,15.737742
sample_08917.jpg,-4.731345,38.93939
sample_08918.jpg,63.46642,1.5005805
sample_08919.jpg,1.3296882,6.966558
sample_08920.jpg,26.334461,38.385002
sample_08921.jpg,9.618824,21.283241
sample_08922.jpg,-34.19571,12.229437
sample_08923.jpg,18.187597,50.936466
sample_08924.jpg,-38.817493,-0.5704965
sample_08925.jpg,-20.772655,-21.184053
sample_08926.jpg,11.339589,19.416409
sample_08927.jpg,-40.063053,11.457015
sample_08928.jpg,-20.26602,-16.898218
sample_08929.jpg,-32.202503,-56.283554
sample_08930.jpg,4.0996437,-70.99675
sample_08931.jpg,-2.030029,28.613874
sample_08932.jpg,54.07357,7.552432
sample_08933.jpg,-3.2558372,29.552034
sample_08934.jpg,-16.447487,-21.366144
sample_08935.jpg,45.227097,30.512754
sample_08936.jpg,22.83205,22.287058
sample_08937.jpg,-32.541943,-15.6221485
sample_08938.jpg,22.477118,33.303967
sample_08939.jpg,-48.145332,45.846912
sample_08940.jpg,-39.525837,0.93221706
sample_08941.jpg,17.055557,-11.075999
sample_08942.jpg,57.718872,3.920586
sample_08943.jpg,9.11118,-1.8420346
sample_08944.jpg,-20.965172,-54.248272
sample_08945.jpg,-5.673225,50.65225
sample_08946.jpg,-7.101852,-43.29505
sample_08947.jpg,39.33821,45.774155
sample_08948.jpg,-55.042076,-28.0701
sample_08949.jpg,17.028336,-53.466045
sample_08950.jpg,-33.018818,-0.18733041
sample_08951.jpg,36.92207,9.868549
sample_08952.jpg,-7.3983135,-3.5673609
sample_08953.jpg,-31.18307,23.833578
sample_08954.jpg,-6.0862637,13.733285
sample_08955.jpg,49.144,3.2458737
sample_08956.jpg,-51.938755,-7.0137053
sample_08957.jpg,-13.101621,9.042964
sample_08958.jpg,-36.61802,50.42519
sample_08959.jpg,-40.387962,49.913223
sample_08960.jpg,-1.230541,-71.983154
sample_08961.jpg,-55.36984,-15.729892
sample_08962.jpg,-16.992287,40.78021
sample_08963.jpg,27.350119,-44.475906
sample_08964.jpg,-0.3017482,43.630436
sample_08965.jpg,-34.465923,-29.128582
sample_08966.jpg,-48.012848,-14.752734
sample_08967.jpg,26.009304,20.273481
sample_08968.jpg,-8.97455,-13.7475605
sample_08969.jpg,-2.0404477,27.079071
sample_08970.jpg,58.520718,10.880082
sample_08971.jpg,53.51298,12.422559
sample_08972.jpg,45.184196,17.032738
sample_08973.jpg,10.616784,-21.838182
sample_08974.jpg,-23.96274,5.147807
sample_08975.jpg,-22.602697,-19.814056
sample_08976.jpg,14.076829,-24.21138
sample_08977.jpg,49.318714,-16.588322
sample_08978.jpg,-45.52088,-10.707319
sample_08979.jpg,-29.609987,16.677101
sample_08980.jpg,1.0518335,-71.16944
sample_08981.jpg,15.570296,-2.7352934
sample_08982.jpg,4.3583765,31.061893
sample_08983.jpg,-26.002775,6.5011663
sample_08984.jpg,14.54709,13.79249
sample_08985.jpg,-5.583044,-35.300575
sample_08986.jpg,22.069899,-50.577652
sample_08987.jpg,-47.692158,-18.42684
sample_08988.jpg,1.2321767,25.7133
sample_08989.jpg,66.8534,-10.851649
sample_08990.jpg,-34.09965,0.37865427
sample_08991.jpg,-34.99256,19.079756
sample_08992.jpg,-25.822796,-2.3963895
sample_08993.jpg,43.531483,6.047944
sample_08994.jpg,-16.994116,2.090589
sample_08995.jpg,59.181713,-12.109923
sample_08996.jpg,-75.98638,12.337034
sample_08997.jpg,22.908428,46.7393
sample_08998.jpg,-2.324687,-71.73163
sample_08999.jpg,8.08663,-67.58141
sample_09000.jpg,28.326452,25.252266
sample_09001.jpg,-34.805202,-5.3764644
sample_09002.jpg,26.834665,-47.659348
sample_09003.jpg,69.55569,9.470577
sample_09004.jpg,-14.258608,-49.769115
sample_09005.jpg,7.4505243,-34.295498
sample_09006.jpg,41.287502,44.09047
sample_09007.jpg,6.116137,20.807686
sample_09008.jpg,49.60474,7.123523
sample_09009.jpg,-4.6521473,-10.811759
sample_09010.jpg,-15.474075,-54.280384
sample_09011.jpg,4.1008058,-69.98433
sample_09012.jpg,-3.3024642,13.610182
sample_09013.jpg,2.7079303,-2.9748645
sample_09014.jpg,-1.3029606,-72.06148
sample_09015.jpg,-76.51792,12.389745
sample_09016.jpg,32.14737,-12.34355
sample_09017.jpg,-4.8140335,1.5051997
sample_09018.jpg,-27.009586,-12.138738
sample_09019.jpg,14.633103,11.801694
sample_09020.jpg,14.910321,24.623943
sample_09021.jpg,60.60323,1.7472227
sample_09022.jpg,-2.0501997,13.579458
sample_09023.jpg,-1.1090947,26.851696
sample_09024.jpg,24.428505,7.4851646
sample_09025.jpg,20.678783,26.082687
sample_09026.jpg,37.811497,45.11747
sample_09027.jpg,-46.55163,48.544773
sample_09028.jpg,63.552124,12.400386
sample_09029.jpg,-0.31251037,11.538414
sample_09030.jpg,-20.567469,-53.360806
sample_09031.jpg,-16.070517,9.491779
sample_09032.jpg,58.812675,-11.070532
sample_09033.jpg,-38.886143,-54.141438
sample_09034.jpg,-41.79475,-11.263114
sample_09035.jpg,28.500532,30.107738
sample_09036.jpg,65.96516,12.462435
sample_09037.jpg,-52.551414,46.6611
sample_09038.jpg,-17.805208,-54.306118
sample_09039.jpg,49.756363,1.7994884
sample_09040.jpg,33.53097,20.056585
sample_09041.jpg,-18.523901,-54.75313
sample_09042.jpg,-17.715847,11.540208
sample_09043.jpg,40.581886,47.041805
sample_09044.jpg,-36.326748,0.6527907
sample_09045.jpg,14.326299,-61.729416
sample_09046.jpg,-45.28579,49.17041
sample_09047.jpg,-30.54707,-5.0235195
sample_09048.jpg,-20.675915,-1.1693487
sample_09049.jpg,54.351616,2.3414958
sample_09050.jpg,43.82649,-11.2880335
sample_09051.jpg,-38.498978,-5.5048556
sample_09052.jpg,1.1538862,36.365753
sample_09053.jpg,8.291529,16.539526
sample_09054.jpg,-10.724996,19.825933
sample_09055.jpg,8.703981,47.771427
sample_09056.jpg,-45.28299,-7.845173
sample_09057.jpg,-4.2416244,-10.619817
sample_09058.jpg,-3.200353,16.468529
sample_09059.jpg,-31.597265,3.289923
sample_09060.jpg,-32.745144,-4.7352247
sample_09061.jpg,37.821224,18.283869
sample_09062.jpg,-31.614279,11.790678
sample_09063.jpg,-8.898297,6.927015
sample_09064.jpg,-26.479284,1.9452214
sample_09065.jpg,-52.181957,-28.91592
sample_09066.jpg,-7.4757934,-12.212264
sample_09067.jpg,66.84602,-8.996756
sample_09068.jpg,19.791033,26.253107
sample_09069.jpg,27.478708,6.9246593
sample_09070.jpg,12.743835,-8.718897
sample_09071.jpg,5.615331,-70.36149
sample_09072.jpg,41.87926,25.07683
sample_09073.jpg,-42.534706,4.552796
sample_09074.jpg,-20.79675,-21.068588
sample_09075.jpg,-3.013378,-2.6013947
sample_09076.jpg,-42.81724,50.63444
sample_09077.jpg,70.34949,8.783615
sample_09078.jpg,8.256229,35.330547
sample_09079.jpg,-7.895168,39.845287
sample_09080.jpg,-6.881878,-12.906178
sample_09081.jpg,-59.15735,-24.588825
sample_09082.jpg,-74.10849,14.122658
sample_09083.jpg,49.096222,-14.500861
sample_09084.jpg,-10.645688,-40.99264
sample_09085.jpg,-18.967981,10.275067
sample_09086.jpg,-11.526917,-4.6131926
sample_09087.jpg,43.154823,3.5282967
sample_09088.jpg,37.026222,-4.8562737
sample_09089.jpg,-32.266777,-13.289594
sample_09090.jpg,14.065206,-6.465376
sample_09091.jpg,-18.303617,37.602543
sample_09092.jpg,-23.822979,25.683867
sample_09093.jpg,-36.22617,-56.586044
sample_09094.jpg,65.46252,-11.550642
sample_09095.jpg,-2.0584033,28.856293
sample_09096.jpg,-42.356853,0.8691818
sample_09097.jpg,-5.086594,-37.982464
sample_09098.jpg,37.802547,46.834827
sample_09099.jpg,-22.16502,11.068216
sample_09100.jpg,-40.93939,-3.349904
sample_09101.jpg,11.677304,-65.46936
sample_09102.jpg,67.903534,-7.7201567
sample_09103.jpg,46.978737,21.423794
sample_09104.jpg,-4.4365387,-15.878819
sample_09105.jpg,-38.981304,-10.000611
sample_09106.jpg,9.592796,35.02777
sample_09107.jpg,51.57251,6.0919676
sample_09108.jpg,10.8070965,17.404814
sample_09109.jpg,57.46959,-5.758118
sample_09110.jpg,36.13314,10.987219
sample_09111.jpg,3.1883936,-70.17232
sample_09112.jpg,61.154663,-3.384327
sample_09113.jpg,51.092674,9.806602
sample_09114.jpg,70.89111,8.748842
sample_09115.jpg,-10.349496,-13.232226
sample_09116.jpg,-48.818996,-22.537909
sample_09117.jpg,-48.989098,-11.288102
sample_09118.jpg,-3.482,27.063078
sample_09119.jpg,2.306685,-9.432954
sample_09120.jpg,57.715385,-6.235234
sample_09121.jpg,63.080364,-5.9461246
sample_09122.jpg,40.325115,23.255268
sample_09123.jpg,-33.819668,-2.2009315
sample_09124.jpg,58.847942,-0.30350897
sample_09125.jpg,64.45483,-5.7740073
sample_09126.jpg,-38.502975,-54.735382
sample_09127.jpg,-33.56636,-20.794127
sample_09128.jpg,21.738026,5.0639725
sample_09129.jpg,-9.918264,24.625402
sample_09130.jpg,-3.9726052,-17.22859
sample_09131.jpg,-32.543884,9.99901
sample_09132.jpg,-9.480487,47.33467
sample_09133.jpg,42.60445,-7.6037755
sample_09134.jpg,-18.575916,1.3376845
sample_09135.jpg,59.28639,7.7133803
sample_09136.jpg,3.5570235,21.697968
sample_09137.jpg,-55.340446,-25.611465
sample_09138.jpg,29.825262,27.094122
sample_09139.jpg,-22.06137,-16.48502
sample_09140.jpg,9.025681,-10.86079
sample_09141.jpg,39.131554,43.274498
sample_09142.jpg,20.604036,27.445145
sample_09143.jpg,31.80185,33.98866
sample_09144.jpg,32.015915,6.825053
sample_09145.jpg,15.720087,29.106121
sample_09146.jpg,39.271736,26.662527
sample_09147.jpg,29.407135,19.263094
sample_09148.jpg,-34.68501,8.487657
sample_09149.jpg,61.502308,-11.309027
sample_09150.jpg,-24.325432,-18.71138
sample_09151.jpg,-66.2637,18.469223
sample_09152.jpg,39.334507,12.570836
sample_09153.jpg,-7.6475444,17.563366
sample_09154.jpg,-9.119773,8.9303055
sample_09155.jpg,-1.7625858,-17.440363
sample_09156.jpg,12.4637985,39.427864
sample_09157.jpg,24.793633,43.44132
sample_09158.jpg,10.651818,-0.57040155
sample_09159.jpg,4.4541144,18.800446
sample_09160.jpg,31.92957,-12.565326
sample_09161.jpg,30.203964,9.132356
sample_09162.jpg,-35.447987,20.685871
sample_09163.jpg,16.086298,23.395937
sample_09164.jpg,26.78836,17.124079
sample_09165.jpg,11.446154,-11.650383
sample_09166.jpg,-37.520237,-10.60452
sample_09167.jpg,-26.056314,-21.645687
sample_09168.jpg,-15.111728,-49.26262
sample_09169.jpg,-15.881598,-1.8837141
sample_09170.jpg,10.258757,-21.995403
sample_09171.jpg,13.008531,19.49782
sample_09172.jpg,-11.126612,-11.399081
sample_09173.jpg,25.814407,-44.15443
sample_09174.jpg,42.920437,-2.3668377
sample_09175.jpg,-42.204056,-19.96634
sample_09176.jpg,23.38264,13.860771
sample_09177.jpg,-76.06698,12.820529
sample_09178.jpg,-70.74042,9.926553
sample_09179.jpg,-9.983872,23.474075
sample_09180.jpg,-44.950775,4.147282
sample_09181.jpg,2.881448,-68.950775
sample_09182.jpg,-12.197922,-3.7859643
sample_09183.jpg,-24.529125,25.981216
sample_09184.jpg,39.506176,29.285631
sample_09185.jpg,-21.391768,-14.027352
sample_09186.jpg,11.442734,-16.731085
sample_09187.jpg,-55.018055,-28.248037
sample_09188.jpg,-5.0252056,-72.53956
sample_09189.jpg,7.800645,27.560923
sample_09190.jpg,-13.868618,-45.56155
sample_09191.jpg,-35.906483,10.327801
sample_09192.jpg,-40.464684,-11.972152
sample_09193.jpg,-20.548948,19.455812
sample_09194.jpg,-26.620474,5.5702877
sample_09195.jpg,-4.0125422,-8.264113
sample_09196.jpg,2.7207456,34.002197
sample_09197.jpg,18.548346,-55.366146
sample_09198.jpg,-17.415306,-9.78107
sample_09199.jpg,-9.295988,21.736284
sample_09200.jpg,22.805288,3.2657049
sample_09201.jpg,-5.410432,19.737282
sample_09202.jpg,-24.950016,-2.8959389
sample_09203.jpg,33.0418,44.08634
sample_09204.jpg,13.424557,-20.716795
sample_09205.jpg,-31.625412,23.609602
sample_09206.jpg,65.72926,-4.323523
sample_09207.jpg,-17.158838,4.5607347
sample_09208.jpg,-13.628083,-48.054035
sample_09209.jpg,-2.3277104,30.390985
sample_09210.jpg,-4.0053225,-71.736916
sample_09211.jpg,-23.704933,23.323486
sample_09212.jpg,-43.703533,-15.450007
sample_09213.jpg,13.365875,16.32715
sample_09214.jpg,2.5794423,35.12643
sample_09215.jpg,-32.63942,-4.9107785
sample_09216.jpg,-36.341564,-0.49843338
sample_09217.jpg,15.851388,-60.85861
sample_09218.jpg,8.167322,9.557643
sample_09219.jpg,32.839157,-5.9807916
sample_09220.jpg,-10.819682,44.515873
sample_09221.jpg,49.755352,1.6868685
sample_09222.jpg,-16.312548,-49.458023
sample_09223.jpg,-28.816263,-6.5266957
sample_09224.jpg,27.740713,-1.6056967
sample_09225.jpg,-48.926422,49.265102
sample_09226.jpg,-45.237545,-0.0878446
sample_09227.jpg,10.591217,9.799553
sample_09228.jpg,62.52718,-1.3102237
sample_09229.jpg,-50.54604,-11.141565
sample_09230.jpg,-20.45081,24.25408
sample_09231.jpg,52.173386,2.5824544
sample_09232.jpg,-25.775728,-0.57945585
sample_09233.jpg,42.150112,13.288075
sample_09234.jpg,51.68729,-16.527233
sample_09235.jpg,-61.30606,21.16471
sample_09236.jpg,6.675894,-64.84924
sample_09237.jpg,-52.047787,-20.536415
sample_09238.jpg,61.452763,-6.0649195
sample_09239.jpg,18.040243,29.331608
sample_09240.jpg,-34.40426,51.47552
sample_09241.jpg,-46.94488,-10.362006
sample_09242.jpg,-33.154198,2.8767977
sample_09243.jpg,-21.496403,-56.74588
sample_09244.jpg,21.21553,9.188231
sample_09245.jpg,-13.181798,-46.963192
sample_09246.jpg,-12.865456,48.143406
sample_09247.jpg,-27.626204,-56.715862
sample_09248.jpg,9.639722,15.682317
sample_09249.jpg,25.604153,-41.790524
sample_09250.jpg,-29.99654,-54.979362
sample_09251.jpg,8.325601,-30.686052
sample_09252.jpg,-31.069382,7.818787
sample_09253.jpg,-5.4285946,50.673367
sample_09254.jpg,-33.46291,28.013943
sample_09255.jpg,49.714977,28.45288
sample_09256.jpg,-3.512112,-70.398415
sample_09257.jpg,7.4972973,-63.977592
sample_09258.jpg,-34.493546,-55.10802
sample_09259.jpg,30.667034,44.24335
sample_09260.jpg,20.326605,41.344578
sample_09261.jpg,30.93639,-13.567005
sample_09262.jpg,49.140785,-18.110588
sample_09263.jpg,-46.604458,-19.481201
sample_09264.jpg,37.14512,-4.5083337
sample_09265.jpg,2.1287024,-68.008125
sample_09266.jpg,-45.69549,-11.502504
sample_09267.jpg,-59.686974,-28.068409
sample_09268.jpg,-65.36005,13.818155
sample_09269.jpg,-10.020415,13.035252
sample_09270.jpg,-37.147263,1.2817464
sample_09271.jpg,-39.995747,1.6272466
sample_09272.jpg,-17.323296,8.699013
sample_09273.jpg,-11.189596,16.023506
sample_09274.jpg,-50.54782,9.609048
sample_09275.jpg,15.524761,29.097075
sample_09276.jpg,60.476295,-11.884576
sample_09277.jpg,-21.920261,38.358784
sample_09278.jpg,-30.073095,28.878803
sample_09279.jpg,23.91809,32.037754
sample_09280.jpg,50.83671,-16.518644
sample_09281.jpg,32.779793,30.39155
sample_09282.jpg,-11.072635,11.600688
sample_09283.jpg,-10.337667,1.8475313
sample_09284.jpg,44.780308,26.296179
sample_09285.jpg,24.603941,-1.2362291
sample_09286.jpg,-5.2178106,-0.20008768
sample_09287.jpg,-27.999855,-0.31971446
sample_09288.jpg,46.21416,20.72586
sample_09289.jpg,27.979116,37.52565
sample_09290.jpg,22.66697,4.702417
sample_09291.jpg,9.965711,35.026646
sample_09292.jpg,-27.125202,2.791158
sample_09293.jpg,13.36079,21.223196
sample_09294.jpg,66.46421,-4.670404
sample_09295.jpg,26.046095,-11.216604
sample_09296.jpg,-15.597454,5.5316
sample_09297.jpg,-10.394803,-13.111975
sample_09298.jpg,10.148846,24.153948
sample_09299.jpg,20.684727,20.091034
sample_09300.jpg,50.727142,-18.3712
sample_09301.jpg,8.244858,-34.89912
sample_09302.jpg,-10.001074,4.797099
sample_09303.jpg,16.545473,-1.2923762
sample_09304.jpg,-69.617035,14.237394
sample_09305.jpg,-47.56561,-19.162598
sample_09306.jpg,45.176174,8.17108
sample_09307.jpg,15.846877,18.486403
sample_09308.jpg,-41.90453,14.043214
sample_09309.jpg,-5.8080025,51.618088
sample_09310.jpg,2.4034708,-69.59986
sample_09311.jpg,-51.838627,-30.413599
sample_09312.jpg,35.69647,-16.341919
sample_09313.jpg,37.776497,-15.476431
sample_09314.jpg,-30.687376,4.6457753
sample_09315.jpg,-18.977306,7.307267
sample_09316.jpg,-24.689566,3.8414848
sample_09317.jpg,-38.200043,2.0912476
sample_09318.jpg,15.47162,-55.36391
sample_09319.jpg,20.765987,2.496218
sample_09320.jpg,11.630098,-10.559885
sample_09321.jpg,4.4248414,23.075981
sample_09322.jpg,69.71537,11.2632885
sample_09323.jpg,-25.083298,-9.61967
sample_09324.jpg,10.882263,-18.575142
sample_09325.jpg,-45.043526,-12.895389
sample_09326.jpg,51.15072,-13.592041
sample_09327.jpg,20.87327,2.5631697
sample_09328.jpg,6.037783,-8.341457
sample_09329.jpg,-52.25253,46.8987
sample_09330.jpg,10.425479,-8.976534
sample_09331.jpg,11.645965,26.594236
sample_09332.jpg,-41.80014,-15.777906
sample_09333.jpg,16.5035,28.094503
sample_09334.jpg,56.335938,4.0544605
sample_09335.jpg,-0.52721596,-71.46127
sample_09336.jpg,-53.220333,-14.127794
sample_09337.jpg,8.576591,7.334351
sample_09338.jpg,-2.658252,-71.644295
sample_09339.jpg,2.575056,28.660143
sample_09340.jpg,-50.925606,-3.6462765
sample_09341.jpg,-17.494173,-29.7676
sample_09342.jpg,24.680182,-47.445568
sample_09343.jpg,47.80029,-9.923525
sample_09344.jpg,15.816134,-61.355568
sample_09345.jpg,-29.41723,17.783627
sample_09346.jpg,-5.2223477,21.99595
sample_09347.jpg,-24.121338,33.83692
sample_09348.jpg,-4.4603453,13.755291
sample_09349.jpg,35.969517,13.814738
sample_09350.jpg,20.050688,-8.952192
sample_09351.jpg,-56.85538,-29.88486
sample_09352.jpg,-58.231277,-23.018002
sample_09353.jpg,8.697966,-68.02516
sample_09354.jpg,-5.873711,51.781586
sample_09355.jpg,-67.4784,17.204615
sample_09356.jpg,-51.84239,-11.0304365
sample_09357.jpg,70.08083,-13.453133
sample_09358.jpg,-63.01979,18.036345
sample_09359.jpg,25.220865,-44.97375
sample_09360.jpg,9.322693,-65.09414
sample_09361.jpg,-2.7410774,25.364414
sample_09362.jpg,19.189861,8.730368
sample_09363.jpg,11.028395,-67.28065
sample_09364.jpg,30.243895,14.990123
sample_09365.jpg,-10.951317,-14.160158
sample_09366.jpg,30.070984,11.791117
sample_09367.jpg,-76.09187,12.821154
sample_09368.jpg,-40.15552,-54.60787
sample_09369.jpg,63.586983,-6.1877823
sample_09370.jpg,67.47473,-5.4304733
sample_09371.jpg,38.39256,7.10838
sample_09372.jpg,30.682577,-27.93294
sample_09373.jpg,22.486237,-51.942394
sample_09374.jpg,63.26368,12.663617
sample_09375.jpg,34.293083,11.950911
sample_09376.jpg,-23.816957,10.296254
sample_09377.jpg,21.68242,25.47017
sample_09378.jpg,31.837378,-2.464588
sample_09379.jpg,-22.665922,9.663756
sample_09380.jpg,33.84139,-9.799017
sample_09381.jpg,-7.293355,52.38633
sample_09382.jpg,28.483688,27.192646
sample_09383.jpg,-52.57118,-31.89411
sample_09384.jpg,-14.63763,-47.291668
sample_09385.jpg,-55.715572,-13.2114105
sample_09386.jpg,39.915325,17.099072
sample_09387.jpg,9.148207,34.57068
sample_09388.jpg,-4.2924685,-36.826126
sample_09389.jpg,39.399273,7.814495
sample_09390.jpg,-3.4329658,21.142939
sample_09391.jpg,-30.434809,35.007637
sample_09392.jpg,51.18468,-15.110646
sample_09393.jpg,66.641106,-1.8728918
sample_09394.jpg,50.66415,-18.484962
sample_09395.jpg,-74.956505,13.607721
sample_09396.jpg,-3.312,-2.3201349
sample_09397.jpg,-17.926722,13.943843
sample_09398.jpg,16.148321,-7.6005983
sample_09399.jpg,-21.78478,-57.66825
sample_09400.jpg,-32.702923,-5.0824685
sample_09401.jpg,10.557779,-61.882835
sample_09402.jpg,24.556206,-11.05399
sample_09403.jpg,-3.9890182,-38.09983
sample_09404.jpg,-6.441473,26.764322
sample_09405.jpg,-50.898373,-22.349678
sample_09406.jpg,-23.622406,4.681954
sample_09407.jpg,-27.586678,-0.90961087
sample_09408.jpg,17.38444,-53.968155
sample_09409.jpg,-36.74409,8.995572
sample_09410.jpg,-35.148197,-26.818256
sample_09411.jpg,-33.50348,0.745111
sample_09412.jpg,17.087267,34.37707
sample_09413.jpg,23.163132,-1.3866098
sample_09414.jpg,33.94556,14.411135
sample_09415.jpg,-40.123226,-8.753973
sample_09416.jpg,40.92511,-4.895488
sample_09417.jpg,2.860614,50.278316
sample_09418.jpg,-74.76276,12.851221
sample_09419.jpg,-12.4462185,43.766495
sample_09420.jpg,-39.603905,-6.2496686
sample_09421.jpg,62.721092,4.735936
sample_09422.jpg,-23.31794,13.648097
sample_09423.jpg,8.041073,41.652256
sample_09424.jpg,28.358671,18.19534
sample_09425.jpg,-40.040077,50.21244
sample_09426.jpg,-21.426987,32.510212
sample_09427.jpg,-51.18044,48.006588
sample_09428.jpg,-23.443758,-19.375452
sample_09429.jpg,-48.155884,48.80821
sample_09430.jpg,8.940163,-67.37834
sample_09431.jpg,57.277134,9.600749
sample_09432.jpg,-21.379288,-16.920792
sample_09433.jpg,37.623814,24.15553
sample_09434.jpg,-4.589946,-34.561775
sample_09435.jpg,50.418823,-15.731737
sample_09436.jpg,30.894606,-41.371937
sample_09437.jpg,-4.9909105,12.133005
sample_09438.jpg,-65.403915,19.339678
sample_09439.jpg,-6.7100596,-43.366623
sample_09440.jpg,53.373486,3.0156276
sample_09441.jpg,56.357243,-1.702546
sample_09442.jpg,28.395676,42.2261
sample_09443.jpg,5.1644444,10.167738
sample_09444.jpg,-41.421143,-19.610386
sample_09445.jpg,-30.27667,29.366976
sample_09446.jpg,22.889719,12.717486
sample_09447.jpg,24.290731,35.07844
sample_09448.jpg,41.348064,5.2350173
sample_09449.jpg,40.789005,18.138744
sample_09450.jpg,-3.898641,33.692814
sample_09451.jpg,-4.4710884,35.35408
sample_09452.jpg,40.58023,47.32416
sample_09453.jpg,22.89952,-44.70126
sample_09454.jpg,-46.292164,48.935368
sample_09455.jpg,-20.379717,-57.323154
sample_09456.jpg,-15.033856,18.043371
sample_09457.jpg,-26.106163,-56.0387
sample_09458.jpg,30.773758,44.225227
sample_09459.jpg,69.23412,-8.132824
sample_09460.jpg,43.442726,19.016565
sample_09461.jpg,-4.730463,10.924022
sample_09462.jpg,27.512236,10.780884
sample_09463.jpg,-34.03126,-58.484055
sample_09464.jpg,26.318748,12.625461
sample_09465.jpg,-50.715744,-12.373122
sample_09466.jpg,-10.386816,-44.15895
sample_09467.jpg,-16.388666,18.437624
sample_09468.jpg,-4.2332397,-35.4674
sample_09469.jpg,-23.563272,-21.914967
sample_09470.jpg,-9.741087,44.994644
sample_09471.jpg,-36.94554,9.571547
sample_09472.jpg,41.48571,42.716393
sample_09473.jpg,34.042225,18.523636
sample_09474.jpg,-31.901123,28.833792
sample_09475.jpg,40.32955,12.744677
sample_09476.jpg,8.401973,31.294027
sample_09477.jpg,-32.54988,2.3485217
sample_09478.jpg,27.299532,14.082354
sample_09479.jpg,-7.127659,23.717484
sample_09480.jpg,32.752693,-6.772163
sample_09481.jpg,-10.483185,22.35307
sample_09482.jpg,-16.388409,-48.97614
sample_09483.jpg,-17.415825,13.429082
sample_09484.jpg,-38.673466,-10.993916
sample_09485.jpg,-28.793497,7.9748936
sample_09486.jpg,2.7369351,35.110218
sample_09487.jpg,6.883407,6.2686186
sample_09488.jpg,2.7063608,8.292999
sample_09489.jpg,-0.49480042,1.5218278
sample_09490.jpg,-24.226404,33.72365
sample_09491.jpg,-16.955387,-4.14549
sample_09492.jpg,13.71928,5.421085
sample_09493.jpg,14.452137,33.66474
sample_09494.jpg,-10.732791,36.455307
sample_09495.jpg,16.324875,-23.856102
sample_09496.jpg,14.538923,13.718402
sample_09497.jpg,21.24271,-58.475307
sample_09498.jpg,-63.50868,-18.832314
sample_09499.jpg,-5.7427235,-9.188431
sample_09500.jpg,24.876738,-6.848773
sample_09501.jpg,-64.321465,19.12288
sample_09502.jpg,25.840921,-46.486526
sample_09503.jpg,-32.75339,-27.497086
sample_09504.jpg,38.198444,46.63905
sample_09505.jpg,-23.814772,28.612726
sample_09506.jpg,57.477463,-17.963324
sample_09507.jpg,-12.564528,47.834354
sample_09508.jpg,-2.6454854,-34.85064
sample_09509.jpg,-11.559846,-44.51775
sample_09510.jpg,-6.1897807,18.363016
sample_09511.jpg,-1.9216702,22.640995
sample_09512.jpg,-28.863657,-19.897293
sample_09513.jpg,20.338285,-49.550587
sample_09514.jpg,-20.433285,-47.504578
sample_09515.jpg,4.7026677,19.783428
sample_09516.jpg,62.02787,1.8670549
sample_09517.jpg,-39.284473,-52.22671
sample_09518.jpg,-61.279675,-12.314353
sample_09519.jpg,2.6351306,-71.05681
sample_09520.jpg,3.822929,27.98289
sample_09521.jpg,14.800097,32.733833
sample_09522.jpg,-30.79079,-0.53091407
sample_09523.jpg,-61.62349,20.077309
sample_09524.jpg,-42.550198,50.431515
sample_09525.jpg,55.953125,-0.3076142
sample_09526.jpg,35.54591,31.210901
sample_09527.jpg,2.1284811,18.695438
sample_09528.jpg,41.05812,13.486988
sample_09529.jpg,-27.590904,-3.8335345
sample_09530.jpg,20.725489,30.082882
sample_09531.jpg,-35.368515,13.975243
sample_09532.jpg,7.998959,5.8451114
sample_09533.jpg,-16.623503,11.511515
sample_09534.jpg,8.484611,-61.81476
sample_09535.jpg,-35.38817,8.518553
sample_09536.jpg,53.44194,24.560349
sample_09537.jpg,-2.9742794,22.30784
sample_09538.jpg,-3.3613422,15.065164
sample_09539.jpg,29.207993,4.096136
sample_09540.jpg,-52.925205,-25.302914
sample_09541.jpg,-20.771744,7.0344563
sample_09542.jpg,-23.13374,10.98625
sample_09543.jpg,68.823166,-12.370338
sample_09544.jpg,45.704124,30.220798
sample_09545.jpg,-38.282917,-54.432053
sample_09546.jpg,-57.710262,-28.937874
sample_09547.jpg,-6.9799438,15.473926
sample_09548.jpg,60.605156,-7.347057
sample_09549.jpg,-3.0998547,2.5932891
sample_09550.jpg,-43.804688,-55.27707
sample_09551.jpg,9.651419,3.554996
sample_09552.jpg,12.510998,22.541256
sample_09553.jpg,-37.32444,-57.57196
sample_09554.jpg,30.116802,-7.858312
sample_09555.jpg,-15.330367,15.206694
sample_09556.jpg,65.92853,-13.615469
sample_09557.jpg,-10.948949,25.210918
sample_09558.jpg,-34.95025,50.473194
sample_09559.jpg,40.173206,20.055384
sample_09560.jpg,7.4281864,15.246782
sample_09561.jpg,44.83678,-3.4195774
sample_09562.jpg,53.924618,20.063076
sample_09563.jpg,-60.46633,-18.444807
sample_09564.jpg,38.2968,12.071168
sample_09565.jpg,-19.296911,-53.04479
sample_09566.jpg,-69.46626,16.406994
sample_09567.jpg,40.094788,24.629957
sample_09568.jpg,21.30562,-3.177872
sample_09569.jpg,-33.797867,-11.35192
sample_09570.jpg,-31.63296,-58.76279
sample_09571.jpg,-27.597195,-21.019516
sample_09572.jpg,-10.718645,28.881516
sample_09573.jpg,57.130043,8.2820215
sample_09574.jpg,12.006423,-2.4479759
sample_09575.jpg,8.827304,20.420904
sample_09576.jpg,-4.9932513,5.3831773
sample_09577.jpg,-17.948286,-0.57207
sample_09578.jpg,-23.083954,16.15015
sample_09579.jpg,13.707528,17.633999
sample_09580.jpg,-52.110134,-30.695536
sample_09581.jpg,68.45395,-12.471433
sample_09582.jpg,69.996445,-2.9532819
sample_09583.jpg,68.18152,-0.5001837
sample_09584.jpg,-0.34913304,-64.24449
sample_09585.jpg,-39.343098,-54.873524
sample_09586.jpg,63.65061,-12.181741
sample_09587.jpg,13.863084,2.66028
sample_09588.jpg,31.05727,38.61579
sample_09589.jpg,50.577267,2.5184746
sample_09590.jpg,12.341795,-20.805376
sample_09591.jpg,50.890667,-15.111652
sample_09592.jpg,-19.216925,26.922358
sample_09593.jpg,-23.347067,-54.270756
sample_09594.jpg,-19.668278,-8.3239
sample_09595.jpg,55.481228,13.150425
sample_09596.jpg,-37.89464,-58.342804
sample_09597.jpg,-33.135994,-27.847504
sample_09598.jpg,20.467619,37.144794
sample_09599.jpg,-43.646023,16.63757
sample_09600.jpg,-41.79615,50.020115
sample_09601.jpg,24.422789,-53.598934
sample_09602.jpg,55.840073,-4.4903603
sample_09603.jpg,52.350704,8.559334
sample_09604.jpg,9.242113,-34.379383
sample_09605.jpg,22.029037,-4.395982
sample_09606.jpg,-35.57103,18.210104
sample_09607.jpg,-34.633327,-58.408825
sample_09608.jpg,-2.3974385,36.0439
sample_09609.jpg,-3.4890919,21.016947
sample_09610.jpg,-44.408634,-18.55082
sample_09611.jpg,1.10101,0.54421085
sample_09612.jpg,41.372482,-2.0865302
sample_09613.jpg,-27.828587,29.746038
sample_09614.jpg,-21.955164,-53.86493
sample_09615.jpg,36.179596,36.627636
sample_09616.jpg,-25.030016,15.395143
sample_09617.jpg,-19.52824,12.6853075
sample_09618.jpg,60.901768,-9.773428
sample_09619.jpg,39.128002,1.9424007
sample_09620.jpg,-34.217846,-12.400355
sample_09621.jpg,56.615395,8.44915
sample_09622.jpg,9.634158,-65.06428
sample_09623.jpg,-55.920467,-28.669193
sample_09624.jpg,58.247917,0.8751955
sample_09625.jpg,11.423903,-21.260263
sample_09626.jpg,5.683686,-66.09585
sample_09627.jpg,60.816814,10.125621
sample_09628.jpg,-27.35372,-10.458771
sample_09629.jpg,61.50015,-13.9801655
sample_09630.jpg,-45.22517,-14.010775
sample_09631.jpg,-69.71594,14.73572
sample_09632.jpg,-20.72259,7.3650866
sample_09633.jpg,34.59474,39.400322
sample_09634.jpg,20.712711,27.405067
sample_09635.jpg,23.928335,24.15459
sample_09636.jpg,14.186633,-26.555094
sample_09637.jpg,42.33181,-8.028917
sample_09638.jpg,-24.859234,-7.393721
sample_09639.jpg,-5.4676957,-40.53468
sample_09640.jpg,-29.323198,17.880056
sample_09641.jpg,-26.97915,19.983688
sample_09642.jpg,33.904327,28.66458
sample_09643.jpg,-23.152227,0.40757632
sample_09644.jpg,0.3564313,-9.980078
sample_09645.jpg,43.36367,33.620914
sample_09646.jpg,3.577487,18.347563
sample_09647.jpg,53.30665,16.42122
sample_09648.jpg,27.2793,12.955756
sample_09649.jpg,-56.1056,-21.76508
sample_09650.jpg,-53.93921,-29.507006
sample_09651.jpg,48.099983,-10.949481
sample_09652.jpg,29.40602,35.352306
sample_09653.jpg,-0.034870535,17.266243
sample_09654.jpg,38.725655,34.674408
sample_09655.jpg,20.623037,17.418058
sample_09656.jpg,24.799395,-1.3303127
sample_09657.jpg,-34.10086,-6.8697844
sample_09658.jpg,28.428251,7.233498
sample_09659.jpg,37.84703,22.888882
sample_09660.jpg,-29.394024,-59.553486
sample_09661.jpg,48.956757,8.637946
sample_09662.jpg,26.421406,-45.64524
sample_09663.jpg,-13.134327,4.408408
sample_09664.jpg,18.943413,20.890089
sample_09665.jpg,-37.668755,14.441257
sample_09666.jpg,60.120335,1.267029
sample_09667.jpg,60.373486,-13.053024
sample_09668.jpg,40.697083,-9.858339
sample_09669.jpg,-31.438116,2.9723887
sample_09670.jpg,-11.278175,-4.62698
sample_09671.jpg,16.904182,0.70232564
sample_09672.jpg,-0.3720907,-73.28656
sample_09673.jpg,-58.3809,-14.76268
sample_09674.jpg,-2.2791722,-42.239727
sample_09675.jpg,15.995708,-24.748135
sample_09676.jpg,5.210219,35.156475
sample_09677.jpg,16.864744,2.5119119
sample_09678.jpg,-35.56982,7.1085167
sample_09679.jpg,6.594833,-68.113686
sample_09680.jpg,-1.2460876,30.021467
sample_09681.jpg,-39.60087,12.038469
sample_09682.jpg,-56.32169,-19.317888
sample_09683.jpg,-20.243837,21.96343
sample_09684.jpg,16.987076,-4.544614
sample_09685.jpg,-47.806248,-18.780745
sample_09686.jpg,-17.48197,3.8770726
sample_09687.jpg,-15.819371,18.375975
sample_09688.jpg,-42.526024,16.460463
sample_09689.jpg,-1.7206423,-71.31538
sample_09690.jpg,-16.375889,-49.85968
sample_09691.jpg,-4.2081738,-9.052659
sample_09692.jpg,28.361036,-6.5150695
sample_09693.jpg,-15.422282,27.146416
sample_09694.jpg,-3.6600697,-10.504536
sample_09695.jpg,-35.350033,25.656664
sample_09696.jpg,-59.834854,-5.8620434
sample_09697.jpg,39.80628,21.567116
sample_09698.jpg,49.302055,8.991577
sample_09699.jpg,-41.377747,-0.1612138
sample_09700.jpg,-4.8136077,32.33501
sample_09701.jpg,30.343016,20.865488
sample_09702.jpg,52.07919,-12.53137
sample_09703.jpg,-35.673405,17.302168
sample_09704.jpg,15.400232,42.502804
sample_09705.jpg,0.51107156,20.352762
sample_09706.jpg,-2.2045672,39.933586
sample_09707.jpg,-49.604576,48.649216
sample_09708.jpg,37.858948,-0.86865515
sample_09709.jpg,-27.697561,-56.41893
sample_09710.jpg,-41.258564,50.242176
sample_09711.jpg,-9.582552,-10.446075
sample_09712.jpg,-40.600155,7.910321
sample_09713.jpg,-6.4225388,-43.219246
sample_09714.jpg,2.3776996,-13.289396
sample_09715.jpg,16.42162,-56.884693
sample_09716.jpg,19.152275,32.746105
sample_09717.jpg,-33.76165,-59.209084
sample_09718.jpg,-1.2037266,-42.65895
sample_09719.jpg,62.150383,-0.10117604
sample_09720.jpg,-2.8494658,6.957182
sample_09721.jpg,36.384106,14.8232155
sample_09722.jpg,-41.327873,-54.44076
sample_09723.jpg,35.553505,26.868296
sample_09724.jpg,-57.1427,-30.307808
sample_09725.jpg,-32.612457,2.0846891
sample_09726.jpg,-49.04581,49.526352
sample_09727.jpg,-31.802929,0.5461919
sample_09728.jpg,-24.11239,-2.0427155
sample_09729.jpg,17.078527,-59.728226
sample_09730.jpg,-36.65585,13.878207
sample_09731.jpg,-17.519707,9.541383
sample_09732.jpg,53.7584,14.638651
sample_09733.jpg,16.577547,-20.792273
sample_09734.jpg,-52.419556,-14.072544
sample_09735.jpg,13.818073,-62.028076
sample_09736.jpg,53.020317,0.6720567
sample_09737.jpg,-25.672943,7.940913
sample_09738.jpg,29.32719,-23.9737
sample_09739.jpg,39.499386,18.771276
sample_09740.jpg,-12.820163,-48.22458
sample_09741.jpg,-30.374542,1.3688024
sample_09742.jpg,7.770635,15.2655945
sample_09743.jpg,-11.596079,50.124153
sample_09744.jpg,-69.278885,16.728695
sample_09745.jpg,-12.338123,13.867488
sample_09746.jpg,35.461334,8.267186
sample_09747.jpg,-58.684692,-22.683702
sample_09748.jpg,-14.72828,19.38959
sample_09749.jpg,8.568332,29.925585
sample_09750.jpg,63.859512,-10.696588
sample_09751.jpg,17.256279,-5.8914037
sample_09752.jpg,-23.772434,-18.922573
sample_09753.jpg,5.720766,-66.90934
sample_09754.jpg,49.883,-16.099401
sample_09755.jpg,-48.154057,-32.89293
sample_09756.jpg,-10.073288,17.41051
sample_09757.jpg,20.26204,-55.50005
sample_09758.jpg,49.00951,8.147032
sample_09759.jpg,14.562925,27.64328
sample_09760.jpg,-38.314827,-58.334137
sample_09761.jpg,14.219849,3.5981874
sample_09762.jpg,15.379605,34.739758
sample_09763.jpg,17.252302,-58.21786
sample_09764.jpg,11.092052,-67.04263
sample_09765.jpg,6.061749,-8.537808
sample_09766.jpg,-30.499268,-7.128812
sample_09767.jpg,21.541458,9.604196
sample_09768.jpg,33.65853,10.437892
sample_09769.jpg,14.305142,30.609598
sample_09770.jpg,-45.75631,-9.699693
sample_09771.jpg,-14.923618,18.690418
sample_09772.jpg,8.48694,25.240353
sample_09773.jpg,9.955336,20.90958
sample_09774.jpg,1.9613849,25.624664
sample_09775.jpg,10.473085,12.8885355
sample_09776.jpg,15.618522,-55.437805
sample_09777.jpg,-55.96218,-26.808435
sample_09778.jpg,25.0633,-6.0646544
sample_09779.jpg,-56.83255,-19.911083
sample_09780.jpg,36.117092,-16.360712
sample_09781.jpg,-58.66525,-30.736738
sample_09782.jpg,56.592255,-2.030887
sample_09783.jpg,22.362247,-50.067333
sample_09784.jpg,64.43143,-4.909357
sample_09785.jpg,-45.547527,-4.8023195
sample_09786.jpg,65.83435,11.052302
sample_09787.jpg,27.925074,7.4554677
sample_09788.jpg,-25.386324,6.1183014
sample_09789.jpg,34.56108,41.40662
sample_09790.jpg,25.985125,17.592693
sample_09791.jpg,24.387703,-9.305617
sample_09792.jpg,19.796223,-56.18579
sample_09793.jpg,-35.091022,20.727245
sample_09794.jpg,-37.501923,-3.1899886
sample_09795.jpg,-59.381485,20.783426
sample_09796.jpg,42.31933,47.166107
sample_09797.jpg,45.328922,-2.327462
sample_09798.jpg,-41.240646,-17.651361
sample_09799.jpg,9.695291,3.696805
sample_09800.jpg,20.668707,24.533346
sample_09801.jpg,-14.918686,-13.374663
sample_09802.jpg,-57.024975,3.536193
sample_09803.jpg,51.77563,-18.453037
sample_09804.jpg,-24.430323,19.748333
sample_09805.jpg,-37.052776,-54.228344
sample_09806.jpg,-3.6190357,19.494404
sample_09807.jpg,-24.923697,-53.101204
sample_09808.jpg,38.874348,32.106796
sample_09809.jpg,3.7180142,-64.20511
sample_09810.jpg,-6.06154,-18.53545
sample_09811.jpg,-24.927277,-21.357193
sample_09812.jpg,21.652384,32.62835
sample_09813.jpg,-49.199657,46.688984
sample_09814.jpg,-28.074863,25.09415
sample_09815.jpg,-48.088974,-9.8598795
sample_09816.jpg,56.84801,-17.19097
sample_09817.jpg,-5.801656,-32.036095
sample_09818.jpg,-9.857005,14.15069
sample_09819.jpg,27.094181,-45.05545
sample_09820.jpg,49.456562,15.360004
sample_09821.jpg,-31.466751,-11.897517
sample_09822.jpg,-10.030602,-13.641371
sample_09823.jpg,-46.497448,-24.78322
sample_09824.jpg,-41.449123,-15.63047
sample_09825.jpg,-20.981182,17.781876
sample_09826.jpg,39.973553,-13.946201
sample_09827.jpg,-46.52941,47.527744
sample_09828.jpg,-11.330374,4.9074454
sample_09829.jpg,17.685932,24.496988
sample_09830.jpg,13.050028,-8.913282
sample_09831.jpg,58.50746,-3.839943
sample_09832.jpg,-34.337467,-27.464273
sample_09833.jpg,22.15765,-2.3887906
sample_09834.jpg,-40.947994,8.571553
sample_09835.jpg,19.988136,-15.0729065
sample_09836.jpg,6.8098392,13.936944
sample_09837.jpg,9.536574,-68.23998
sample_09838.jpg,-4.142325,29.646048
sample_09839.jpg,20.427525,19.381975
sample_09840.jpg,47.429108,-5.4041967
sample_09841.jpg,-68.19615,17.211374
sample_09842.jpg,-47.203194,-24.871233
sample_09843.jpg,-39.672188,-4.917965
sample_09844.jpg,-9.349914,49.074314
sample_09845.jpg,0.155552,-14.125597
sample_09846.jpg,32.70217,41.58189
sample_09847.jpg,59.622555,8.26892
sample_09848.jpg,2.0266182,28.451237
sample_09849.jpg,18.793495,35.876575
sample_09850.jpg,21.414406,44.23427
sample_09851.jpg,-11.671802,17.26917
sample_09852.jpg,22.77476,-53.779274
sample_09853.jpg,53.483097,24.616394
sample_09854.jpg,-31.165869,17.09764
sample_09855.jpg,0.38288224,-70.863716
sample_09856.jpg,47.710865,7.0471
sample_09857.jpg,-41.448254,-1.606509
sample_09858.jpg,52.62705,-8.634885
sample_09859.jpg,-52.999237,-19.477531
sample_09860.jpg,-25.50605,26.047218
sample_09861.jpg,57.60403,4.212388
sample_09862.jpg,26.754759,0.8033979
sample_09863.jpg,21.54653,21.831522
sample_09864.jpg,9.986926,-4.1279764
sample_09865.jpg,23.181528,-44.793095
sample_09866.jpg,22.52669,-50.883293
sample_09867.jpg,-19.486233,-52.754326
sample_09868.jpg,-5.8447294,16.981262
sample_09869.jpg,-58.78973,-32.22927
sample_09870.jpg,13.380428,-6.238765
sample_09871.jpg,-3.3656063,17.496168
sample_09872.jpg,30.665415,39.91257
sample_09873.jpg,6.6468563,7.3993206
sample_09874.jpg,-55.497875,-17.916498
sample_09875.jpg,-57.8887,-26.090961
sample_09876.jpg,66.89363,2.226939
sample_09877.jpg,3.7280874,6.2469025
sample_09878.jpg,3.8197868,-64.2436
sample_09879.jpg,-6.271122,15.376152
sample_09880.jpg,47.81313,5.1922827
sample_09881.jpg,-12.994402,-46.999557
sample_09882.jpg,14.340199,-61.341877
sample_09883.jpg,52.53389,3.3562472
sample_09884.jpg,58.333923,7.6388216
sample_09885.jpg,61.228386,10.4185505
sample_09886.jpg,69.44038,-10.463405
sample_09887.jpg,16.632029,39.816673
sample_09888.jpg,-9.054506,32.343426
sample_09889.jpg,-22.504305,13.068538
sample_09890.jpg,24.858963,6.7105913
sample_09891.jpg,-8.369803,-44.599903
sample_09892.jpg,16.912218,-60.274784
sample_09893.jpg,26.436579,2.75031
sample_09894.jpg,-60.83862,-23.559082
sample_09895.jpg,-9.011386,-2.3264854
sample_09896.jpg,62.807133,1.628685
sample_09897.jpg,10.418958,-7.1978674
sample_09898.jpg,-50.933277,-16.474737
sample_09899.jpg,60.184673,-14.188059
sample_09900.jpg,13.944689,-60.53902
sample_09901.jpg,-54.10516,-28.663597
sample_09902.jpg,10.012485,32.163555
sample_09903.jpg,9.685583,-65.70244
sample_09904.jpg,42.412716,44.983334
sample_09905.jpg,25.783762,18.231329
sample_09906.jpg,6.3119125,16.91556
sample_09907.jpg,25.607866,-52.316784
sample_09908.jpg,-39.370388,-1.5289913
sample_09909.jpg,30.31809,16.84188
sample_09910.jpg,5.8519087,10.121011
sample_09911.jpg,12.74957,27.486437
sample_09912.jpg,20.872635,28.560442
sample_09913.jpg,21.993618,20.04242
sample_09914.jpg,12.028927,1.0969079
sample_09915.jpg,37.16452,39.709034
sample_09916.jpg,-32.31632,7.438147
sample_09917.jpg,-15.606709,47.960075
sample_09918.jpg,-52.25362,46.866962
sample_09919.jpg,-36.41574,11.99315
sample_09920.jpg,-16.61998,-21.218199
sample_09921.jpg,-34.440174,4.137409
sample_09922.jpg,-1.3381296,-14.140913
sample_09923.jpg,31.079576,22.983143
sample_09924.jpg,-21.253532,9.878183
sample_09925.jpg,-36.018326,-58.74398
sample_09926.jpg,33.4487,19.453222
sample_09927.jpg,7.595992,-65.807816
sample_09928.jpg,-28.773838,27.39568
sample_09929.jpg,-8.47662,15.8588
sample_09930.jpg,-53.20548,-22.211647
sample_09931.jpg,47.48231,4.328306
sample_09932.jpg,8.265008,27.5813
sample_09933.jpg,65.89118,-2.929625
sample_09934.jpg,0.13317274,42.705364
sample_09935.jpg,-25.175688,-23.3972
sample_09936.jpg,-25.107964,-18.789476
sample_09937.jpg,0.94003683,44.28593
sample_09938.jpg,35.453438,-2.3191628
sample_09939.jpg,-25.526731,-18.277584
sample_09940.jpg,41.60654,46.02939
sample_09941.jpg,-0.8337528,20.602478
sample_09942.jpg,7.6606307,34.214943
sample_09943.jpg,-71.45221,14.955598
sample_09944.jpg,-23.689709,-16.213812
sample_09945.jpg,49.040474,-7.5238767
sample_09946.jpg,-12.353287,20.052874
sample_09947.jpg,43.198746,-6.0424166
sample_09948.jpg,-42.613113,6.3858957
sample_09949.jpg,-42.34944,-2.261173
sample_09950.jpg,-41.5324,-15.147873
sample_09951.jpg,19.257975,26.959904
sample_09952.jpg,-48.55061,-17.168781
sample_09953.jpg,1.1906455,18.946016
sample_09954.jpg,17.633324,25.42067
sample_09955.jpg,-55.181656,-28.146164
sample_09956.jpg,-26.42521,-19.495083
sample_09957.jpg,-18.341206,1.2204788
sample_09958.jpg,-55.63091,-24.796553
sample_09959.jpg,-1.8715458,14.999809
sample_09960.jpg,-25.501331,-18.8852
sample_09961.jpg,-38.70001,21.662312
sample_09962.jpg,18.192654,13.903944
sample_09963.jpg,40.675655,9.142652
sample_09964.jpg,31.185347,-0.8061688
sample_09965.jpg,8.577984,-5.0855126
sample_09966.jpg,-0.526267,5.868715
sample_09967.jpg,40.755444,3.6971488
sample_09968.jpg,21.377186,-56.606766
sample_09969.jpg,-5.831225,-1.5337018
sample_09970.jpg,8.358175,38.711575
sample_09971.jpg,-20.718613,17.681135
sample_09972.jpg,62.975353,-4.8259673
sample_09973.jpg,-37.27416,-55.43231
sample_09974.jpg,12.900039,26.307617
sample_09975.jpg,-53.167454,-33.414616
sample_09976.jpg,34.268955,42.35114
sample_09977.jpg,-3.9759264,-72.15483
sample_09978.jpg,30.236446,28.95595
sample_09979.jpg,1.2033095,-67.27909
sample_09980.jpg,-53.234005,-11.487072
sample_09981.jpg,-11.056419,-42.65574
sample_09982.jpg,11.437019,16.429544
sample_09983.jpg,21.05862,28.955473
sample_09984.jpg,-24.82441,5.448618
sample_09985.jpg,22.692839,36.46186
sample_09986.jpg,27.048353,-44.682144
sample_09987.jpg,41.797874,14.314475
sample_09988.jpg,-48.926186,-11.21244
sample_09989.jpg,-22.15436,-17.326508
sample_09990.jpg,-26.776678,-11.742752
sample_09991.jpg,24.937109,19.880188
sample_09992.jpg,-19.722187,13.67158
sample_09993.jpg,1.7018906,18.89291
sample_09994.jpg,-1.0463916,-70.06742
sample_09995.jpg,-46.945515,-4.757616
sample_09996.jpg,12.572289,-7.4607015
sample_09997.jpg,-45.243946,2.556182
sample_09998.jpg,0.36676484,43.319286
sample_09999.jpg,2.6456108,-71.5868
sample_10000.jpg,-9.034268,21.424986
sample_10001.jpg,-35.718643,6.774606
sample_10002.jpg,-56.22558,-32.093597
sample_10003.jpg,-19.313574,11.256493
sample_10004.jpg,-1.6575146,3.4789371
sample_10005.jpg,-16.439756,-19.77724
sample_10006.jpg,57.523823,0.42157164
sample_10007.jpg,-13.300655,-50.03307
sample_10008.jpg,-31.788078,9.969071
sample_10009.jpg,-30.922256,1.2922163
sample_10010.jpg,-26.201286,-16.480177
sample_10011.jpg,-18.57496,8.78263
sample_10012.jpg,40.805565,24.183685
sample_10013.jpg,-46.890736,-6.041435
sample_10014.jpg,38.018467,33.293053
sample_10015.jpg,-23.855976,21.60409
sample_10016.jpg,-36.753586,-15.457896
sample_10017.jpg,60.677853,0.6167131
sample_10018.jpg,-7.4787383,1.9662043
sample_10019.jpg,-38.589108,1.8760672
sample_10020.jpg,-46.9565,-5.9602
sample_10021.jpg,10.148962,19.558777
sample_10022.jpg,-52.379684,-4.387726
sample_10023.jpg,-33.263702,7.819492
sample_10024.jpg,-58.040775,-18.818186
sample_10025.jpg,22.011831,21.369553
sample_10026.jpg,62.48316,-13.609262
sample_10027.jpg,8.441523,27.873512
sample_10028.jpg,0.18748783,-72.40284
sample_10029.jpg,69.50257,-7.9062395
sample_10030.jpg,-48.130676,49.196667
sample_10031.jpg,-19.12744,-51.74683
sample_10032.jpg,-31.945444,3.6654432
sample_10033.jpg,6.265345,39.442608
sample_10034.jpg,-35.330116,25.653389
sample_10035.jpg,-52.610016,46.70163
sample_10036.jpg,-12.782552,12.189427
sample_10037.jpg,65.81122,-7.7185183
sample_10038.jpg,-3.412807,-16.513681
sample_10039.jpg,12.825577,-10.408369
sample_10040.jpg,42.181053,17.03606
sample_10041.jpg,3.114726,-72.54319
sample_10042.jpg,-19.849634,-52.744686
sample_10043.jpg,21.506039,20.086174
sample_10044.jpg,-39.440414,-17.19684
sample_10045.jpg,-41.25345,49.576134
sample_10046.jpg,20.305302,12.982781
sample_10047.jpg,-67.68165,18.316963
sample_10048.jpg,-7.0912423,25.206327
sample_10049.jpg,9.839781,-20.150099
sample_10050.jpg,-75.747536,13.210433
sample_10051.jpg,-59.468163,20.784857
sample_10052.jpg,-6.55453,21.459547
sample_10053.jpg,43.93997,6.4553275
sample_10054.jpg,3.2208536,30.199814
sample_10055.jpg,34.35011,-14.973112
sample_10056.jpg,34.257843,17.75123
sample_10057.jpg,-25.210232,-18.484596
sample_10058.jpg,-3.0772052,-71.10729
sample_10059.jpg,28.864588,-40.039494
sample_10060.jpg,9.451692,-11.453768
sample_10061.jpg,24.588087,39.536583
sample_10062.jpg,-25.03368,3.6697829
sample_10063.jpg,-30.25537,1.8248063
sample_10064.jpg,-3.2270813,-35.35893
sample_10065.jpg,19.987144,-15.07343
sample_10066.jpg,-16.066275,13.612215
sample_10067.jpg,33.543682,41.640354
sample_10068.jpg,32.231773,-42.4477
sample_10069.jpg,-9.966754,12.902024
sample_10070.jpg,-3.6110535,-19.825356
sample_10071.jpg,57.034286,9.8226185
sample_10072.jpg,28.291683,7.211143
sample_10073.jpg,21.813747,-9.246723
sample_10074.jpg,-26.829323,-55.956287
sample_10075.jpg,71.65337,-2.026876
sample_10076.jpg,27.843567,-43.766296
sample_10077.jpg,34.49145,13.187375
sample_10078.jpg,-56.378975,-25.314003
sample_10079.jpg,-32.237934,28.981272
sample_10080.jpg,-17.211826,-29.414984
sample_10081.jpg,26.285147,-46.1679
sample_10082.jpg,-47.448696,-24.940613
sample_10083.jpg,-53.25956,-29.301212
sample_10084.jpg,-42.88879,4.6010504
sample_10085.jpg,-18.88063,9.544797
sample_10086.jpg,34.719395,31.310751
sample_10087.jpg,37.812675,5.6567965
sample_10088.jpg,46.06723,6.627744
sample_10089.jpg,5.0214705,19.783882
sample_10090.jpg,26.669369,21.2602
sample_10091.jpg,35.330467,-16.325985
sample_10092.jpg,22.266272,-58.822292
sample_10093.jpg,61.713665,-3.9243183
sample_10094.jpg,17.418774,-20.936165
sample_10095.jpg,-36.41951,-58.215557
sample_10096.jpg,12.985158,15.795842
sample_10097.jpg,21.957853,-58.89917
sample_10098.jpg,-61.300552,20.02931
sample_10099.jpg,-32.689877,-13.977451
sample_10100.jpg,-11.126123,-44.524654
sample_10101.jpg,-21.174639,-16.484613
sample_10102.jpg,29.711695,23.162174
sample_10103.jpg,-33.75154,14.883734
sample_10104.jpg,-40.381676,-13.463636
sample_10105.jpg,39.33003,4.788845
sample_10106.jpg,-53.63318,-13.863962
sample_10107.jpg,-20.650137,-53.65547
sample_10108.jpg,65.457466,-7.212746
sample_10109.jpg,15.221078,9.386006
sample_10110.jpg,45.277843,7.0893188
sample_10111.jpg,-21.091059,-45.32279
sample_10112.jpg,-0.97171295,-5.468171
sample_10113.jpg,-11.708404,49.053997
sample_10114.jpg,-65.29835,13.864837
sample_10115.jpg,27.480556,39.68154
sample_10116.jpg,10.716121,41.725037
sample_10117.jpg,67.84703,-4.370691
sample_10118.jpg,45.173553,24.591833
sample_10119.jpg,22.911594,20.200657
sample_10120.jpg,12.301378,-12.204479
sample_10121.jpg,28.408997,-42.02234
sample_10122.jpg,32.32301,12.497565
sample_10123.jpg,-59.71801,-6.41803
sample_10124.jpg,28.175117,7.4762793
sample_10125.jpg,-48.319298,48.955856
sample_10126.jpg,-13.47778,22.37978
sample_10127.jpg,-48.644054,49.19138
sample_10128.jpg,-4.830694,10.842973
sample_10129.jpg,-7.410059,44.681328
sample_10130.jpg,-46.504784,10.691526
sample_10131.jpg,-55.036594,-32.826603
sample_10132.jpg,-49.521008,-18.16111
sample_10133.jpg,15.638022,28.05885
sample_10134.jpg,7.6841593,21.123035
sample_10135.jpg,40.365807,47.62592
sample_10136.jpg,8.674905,27.905413
sample_10137.jpg,15.515944,43.112614
sample_10138.jpg,-12.208517,43.52391
sample_10139.jpg,44.208992,0.14850684
sample_10140.jpg,-4.528545,8.0442
sample_10141.jpg,29.850803,-42.707905
sample_10142.jpg,65.38882,-11.430832
sample_10143.jpg,-1.1277063,32.20707
sample_10144.jpg,-56.216312,-14.295469
sample_10145.jpg,34.04171,-13.4108715
sample_10146.jpg,8.525255,8.382509
sample_10147.jpg,-38.36918,-58.146294
sample_10148.jpg,19.327646,20.410378
sample_10149.jpg,-23.322504,7.8451033
sample_10150.jpg,15.809882,-56.12217
sample_10151.jpg,10.692223,-2.6798868
sample_10152.jpg,2.819079,2.5071268
sample_10153.jpg,-0.95607287,-65.93077
sample_10154.jpg,-11.894258,26.94491
sample_10155.jpg,64.098816,3.9706445
sample_10156.jpg,63.626736,17.547518
sample_10157.jpg,5.8622785,25.739319
sample_10158.jpg,33.81911,10.286586
sample_10159.jpg,39.245163,44.482944
sample_10160.jpg,14.006845,19.012506
sample_10161.jpg,-7.441975,1.705721
sample_10162.jpg,-41.304176,5.812084
sample_10163.jpg,-49.279026,-23.97391
sample_10164.jpg,-57.117912,-22.275026
sample_10165.jpg,0.35043016,4.28088
sample_10166.jpg,-26.532495,-13.919471
sample_10167.jpg,4.6506467,-13.284047
sample_10168.jpg,-20.412731,-46.938244
sample_10169.jpg,-24.061476,41.692898
sample_10170.jpg,26.797958,-42.202393
sample_10171.jpg,-8.266891,13.510894
sample_10172.jpg,5.930704,12.338418
sample_10173.jpg,-18.198242,-51.31055
sample_10174.jpg,-3.7911513,34.425316
sample_10175.jpg,24.849598,22.325699
sample_10176.jpg,-49.631886,-12.261454
sample_10177.jpg,46.45281,6.8642077
sample_10178.jpg,-57.04141,3.541101
sample_10179.jpg,-10.239921,-44.16527
sample_10180.jpg,-37.085827,-6.063562
sample_10181.jpg,-20.240122,-52.784855
sample_10182.jpg,35.304047,-16.517878
sample_10183.jpg,16.854183,18.083984
sample_10184.jpg,-18.471886,13.744834
sample_10185.jpg,-8.509694,-41.945614
sample_10186.jpg,14.285323,49.07583
sample_10187.jpg,12.480516,33.41466
sample_10188.jpg,-68.90762,14.076496
sample_10189.jpg,-46.90871,47.669758
sample_10190.jpg,16.587675,-59.07476
sample_10191.jpg,-64.82846,12.94528
sample_10192.jpg,6.463462,30.493706
sample_10193.jpg,-29.608004,35.094524
sample_10194.jpg,-46.263447,-17.50361
sample_10195.jpg,-15.042501,23.744085
sample_10196.jpg,-0.07800689,24.524704
sample_10197.jpg,17.432692,-53.393436
sample_10198.jpg,31.688787,26.15046
sample_10199.jpg,-34.26731,-27.45115
sample_10200.jpg,21.67648,-49.772236
sample_10201.jpg,-20.98478,-46.40104
sample_10202.jpg,26.34669,13.465808
sample_10203.jpg,38.84434,-25.730675
sample_10204.jpg,10.51898,-1.9511974
sample_10205.jpg,-21.9008,4.4744186
sample_10206.jpg,-55.245033,-19.217777
sample_10207.jpg,27.495216,-14.77608
sample_10208.jpg,42.3458,11.749464
sample_10209.jpg,-31.683765,-55.855717
sample_10210.jpg,43.97097,9.094841
sample_10211.jpg,20.737572,35.91554
sample_10212.jpg,44.27106,6.775346
sample_10213.jpg,18.661783,22.530035
sample_10214.jpg,-17.56533,21.507341
sample_10215.jpg,26.295036,30.393532
sample_10216.jpg,57.21542,6.9067802
sample_10217.jpg,-56.032433,-24.483843
sample_10218.jpg,-4.696943,-72.28949
sample_10219.jpg,42.27303,7.452322
sample_10220.jpg,56.645584,-7.0063553
sample_10221.jpg,-13.85292,44.62051
sample_10222.jpg,0.24627405,18.929928
sample_10223.jpg,32.218277,-8.0704
sample_10224.jpg,-25.942965,4.3216414
sample_10225.jpg,-47.016838,-11.442976
sample_10226.jpg,17.894623,20.375172
sample_10227.jpg,-1.7450266,22.67264
sample_10228.jpg,20.274714,-51.045822
sample_10229.jpg,-45.19086,-6.052543
sample_10230.jpg,-3.7645047,-71.731094
sample_10231.jpg,20.204191,20.975798
sample_10232.jpg,39.62205,46.317604
sample_10233.jpg,27.245216,3.5075524
sample_10234.jpg,-21.891405,-5.659825
sample_10235.jpg,-3.4587164,-14.437916
sample_10236.jpg,44.41936,21.30794
sample_10237.jpg,-18.161402,33.126053
sample_10238.jpg,-14.429502,-5.143313
sample_10239.jpg,-53.98516,-11.667229
sample_10240.jpg,-7.2644753,31.755495
sample_10241.jpg,-56.180416,-16.523989
sample_10242.jpg,50.828796,-18.862192
sample_10243.jpg,67.888115,-11.256026
sample_10244.jpg,19.648495,-47.587627
sample_10245.jpg,-4.316646,18.691404
sample_10246.jpg,38.83053,-2.1170905
sample_10247.jpg,26.812075,24.138699
sample_10248.jpg,-71.10372,14.569227
sample_10249.jpg,26.655365,-41.90509
sample_10250.jpg,23.283886,14.714577
sample_10251.jpg,-23.729591,-51.147675
sample_10252.jpg,0.18091646,28.296762
sample_10253.jpg,-1.508219,3.189539
sample_10254.jpg,46.72157,23.401283
sample_10255.jpg,-20.122314,-2.5751147
sample_10256.jpg,-15.817479,33.916668
sample_10257.jpg,-15.435353,22.120516
sample_10258.jpg,-25.009779,8.022598
sample_10259.jpg,24.798944,-52.90443
sample_10260.jpg,67.27559,-6.777091
sample_10261.jpg,6.8567114,-4.355447
sample_10262.jpg,10.415362,32.11874
sample_10263.jpg,31.856411,3.3322248
sample_10264.jpg,-71.005264,15.714901
sample_10265.jpg,2.6027544,-9.912026
sample_10266.jpg,-59.86677,-19.784353
sample_10267.jpg,-33.911804,-20.703838
sample_10268.jpg,-13.849353,-50.760544
sample_10269.jpg,-34.61728,50.014492
sample_10270.jpg,15.85849,8.522343
sample_10271.jpg,-2.0038607,-5.1931567
sample_10272.jpg,29.17232,10.041614
sample_10273.jpg,19.323383,-21.578653
sample_10274.jpg,-30.805998,13.526179
sample_10275.jpg,-39.80705,-53.06915
sample_10276.jpg,-11.443258,-5.467658
sample_10277.jpg,-50.461864,48.18091
sample_10278.jpg,37.225574,-1.7357339
sample_10279.jpg,-12.013698,48.816593
sample_10280.jpg,-32.487373,24.367027
sample_10281.jpg,35.614162,-0.01886213
sample_10282.jpg,55.84536,5.548352
sample_10283.jpg,-9.892402,17.460194
sample_10284.jpg,-41.73211,-19.7058
sample_10285.jpg,-38.319893,13.323757
sample_10286.jpg,-15.914158,-49.966763
sample_10287.jpg,14.361509,18.56232
sample_10288.jpg,-48.354702,-13.044992
sample_10289.jpg,9.914586,28.723927
sample_10290.jpg,-24.17068,-0.3221549
sample_10291.jpg,12.405247,-18.02221
sample_10292.jpg,8.198611,-65.8393
sample_10293.jpg,29.324306,23.091768
sample_10294.jpg,47.737087,-3.4126623
sample_10295.jpg,-22.419151,0.30312753
sample_10296.jpg,-41.97048,49.455597
sample_10297.jpg,-61.42159,20.765453
sample_10298.jpg,-72.27956,16.175545
sample_10299.jpg,-5.8005238,51.60947
sample_10300.jpg,-30.781845,2.1241481
sample_10301.jpg,-41.40489,50.020435
sample_10302.jpg,-20.165176,-19.304276
sample_10303.jpg,-27.696018,15.64816
sample_10304.jpg,-11.360775,46.855885
sample_10305.jpg,8.412784,31.276213
sample_10306.jpg,19.600883,33.08368
sample_10307.jpg,4.6256566,-67.52259
sample_10308.jpg,48.604233,17.853987
sample_10309.jpg,12.163022,20.402187
sample_10310.jpg,25.203913,-47.106037
sample_10311.jpg,0.8305796,-72.94858
sample_10312.jpg,18.277048,20.511532
sample_10313.jpg,-46.240265,-9.101881
sample_10314.jpg,18.785131,40.876106
sample_10315.jpg,1.0387151,4.6293283
sample_10316.jpg,42.161343,11.793509
sample_10317.jpg,-9.629696,24.912495
sample_10318.jpg,-12.171218,36.001354
sample_10319.jpg,-37.34265,-19.928617
sample_10320.jpg,-25.565994,-12.459701
sample_10321.jpg,-13.985365,-50.929695
sample_10322.jpg,34.095116,11.87454
sample_10323.jpg,11.023932,-61.34743
sample_10324.jpg,9.040643,0.011282439
sample_10325.jpg,-8.17255,-44.90409
sample_10326.jpg,-54.83697,0.5219028
sample_10327.jpg,-42.43461,-53.674583
sample_10328.jpg,-47.507786,9.437698
sample_10329.jpg,29.484503,-24.619196
sample_10330.jpg,-31.04763,33.008934
sample_10331.jpg,56.10041,-8.217818
sample_10332.jpg,-19.849651,9.761238
sample_10333.jpg,22.984419,-16.046232
sample_10334.jpg,26.450888,35.391777
sample_10335.jpg,25.278265,45.900208
sample_10336.jpg,-36.169594,-53.22698
sample_10337.jpg,61.250565,5.2771873
sample_10338.jpg,-56.805798,-31.736084
sample_10339.jpg,38.804882,16.685902
sample_10340.jpg,52.09558,-2.8314595
sample_10341.jpg,-62.119015,-25.13766
sample_10342.jpg,23.630985,24.11566
sample_10343.jpg,40.39881,32.15128
sample_10344.jpg,-58.86555,-28.107475
sample_10345.jpg,18.742764,20.081284
sample_10346.jpg,-23.345684,-3.5758
sample_10347.jpg,-6.257166,-38.329456
sample_10348.jpg,20.619764,33.764458
sample_10349.jpg,-23.792055,14.298033
sample_10350.jpg,30.024332,9.20234
sample_10351.jpg,54.94268,15.530258
sample_10352.jpg,6.263076,39.62044
sample_10353.jpg,21.383379,48.045204
sample_10354.jpg,39.38243,15.174277
sample_10355.jpg,-6.339949,3.5742118
sample_10356.jpg,10.750601,-2.0865815
sample_10357.jpg,0.9003206,8.663126
sample_10358.jpg,-3.9537222,-20.208563
sample_10359.jpg,-16.775768,6.285651
sample_10360.jpg,52.861713,-12.987577
sample_10361.jpg,-27.806574,-3.029642
sample_10362.jpg,-21.236689,-18.298532
sample_10363.jpg,-39.582817,-55.95664
sample_10364.jpg,-1.3759178,-7.803238
sample_10365.jpg,-15.950552,-28.130894
sample_10366.jpg,-18.79716,8.785259
sample_10367.jpg,37.178116,27.999414
sample_10368.jpg,35.48848,9.014292
sample_10369.jpg,-48.217934,45.699123
sample_10370.jpg,-6.435418,31.505201
sample_10371.jpg,41.898613,8.209975
sample_10372.jpg,-52.533237,0.82418966
sample_10373.jpg,16.207645,-18.347746
sample_10374.jpg,13.137029,25.64103
sample_10375.jpg,9.774057,16.643642
sample_10376.jpg,-57.08105,-31.24463
sample_10377.jpg,63.406284,-1.8110749
sample_10378.jpg,8.037015,2.4220173
sample_10379.jpg,-17.29197,28.493992
sample_10380.jpg,52.712646,14.144334
sample_10381.jpg,32.828094,32.671608
sample_10382.jpg,9.687247,-62.034615
sample_10383.jpg,-27.140942,1.7157674
sample_10384.jpg,-22.877705,15.661973
sample_10385.jpg,-39.192364,-3.2364144
sample_10386.jpg,8.986796,-34.58341
sample_10387.jpg,0.57396394,-70.548164
sample_10388.jpg,-17.301212,12.288494
sample_10389.jpg,-50.023792,-9.477353
sample_10390.jpg,53.7496,-8.871085
sample_10391.jpg,-41.803276,48.86812
sample_10392.jpg,-47.45608,2.987746
sample_10393.jpg,-52.920433,-12.2122555
sample_10394.jpg,-35.961964,-11.050572
sample_10395.jpg,-54.651413,-25.64865
sample_10396.jpg,-6.117641,34.950993
sample_10397.jpg,-35.46984,-54.723026
sample_10398.jpg,-20.249563,8.125246
sample_10399.jpg,29.607384,6.6803155
sample_10400.jpg,54.309765,-12.739248
sample_10401.jpg,29.313211,-41.99839
sample_10402.jpg,38.85058,-13.288178
sample_10403.jpg,-30.803452,6.7557025
sample_10404.jpg,18.930288,10.51379
sample_10405.jpg,-3.970772,22.93567
sample_10406.jpg,-13.825454,17.465866
sample_10407.jpg,-2.1873038,-14.420729
sample_10408.jpg,-30.173872,-4.6698146
sample_10409.jpg,26.854368,-45.500587
sample_10410.jpg,-34.776417,50.636063
sample_10411.jpg,41.638294,12.220371
sample_10412.jpg,-20.355658,11.597096
sample_10413.jpg,-16.448206,18.993223
sample_10414.jpg,-49.01107,49.552555
sample_10415.jpg,-43.497585,16.544691
sample_10416.jpg,-23.299044,26.232368
sample_10417.jpg,-18.116226,10.352027
sample_10418.jpg,-1.4457904,4.7473183
sample_10419.jpg,-48.65847,-7.792644
sample_10420.jpg,67.270615,-13.104101
sample_10421.jpg,15.804649,26.50741
sample_10422.jpg,11.597031,36.01769
