filename,source_image_id,latitude,longitude,sun_angle,season,resolution,split,novelty_score,flagged
sample_00001.jpg,SRC_042,10.0,180.0,36.92431,N-spring,0.5,train,0.4031093038232475,False
sample_00002.jpg,SRC_022,20.0,180.0,41.513642,N-spring,0.25,train,0.41043575957132983,False
sample_00003.jpg,SRC_074,0.0,180.0,50.25459,N-spring,0.5,train,0.4053645081730578,False
sample_00004.jpg,SRC_091,-40.0,180.0,72.511342,N-summer,0.5,train,0.3940844388023678,False
sample_00005.jpg,SRC_108,-40.0,180.0,68.856247,N-summer,0.5,validation,0.38016416186949015,False
sample_00006.jpg,SRC_013,50.0,180.0,54.051464,N-spring,0.5,train,0.4660219148902992,False
sample_00007.jpg,SRC_151,-15.0,180.0,63.408071,N-summer,0.5,train,0.3950291815637103,False
sample_00008.jpg,SRC_063,25.0,180.0,41.329237,N-spring,0.25,train,0.40405275539010654,False
sample_00009.jpg,SRC_030,-25.0,180.0,67.936804,N-spring,0.5,train,0.38922487705985687,False
sample_00010.jpg,SRC_096,25.0,180.0,40.422288,N-spring,0.25,calibration,0.49969325173086804,False
sample_00011.jpg,SRC_130,25.0,180.0,37.507656,N-spring,0.25,validation,0.5136570381432702,False
sample_00012.jpg,SRC_156,10.0,180.0,48.737382,N-summer,0.25,train,0.40189790105648965,False
sample_00013.jpg,SRC_164,20.0,180.0,59.226879,N-autumn,0.25,train,0.3813965405168117,False
sample_00014.jpg,SRC_002,40.0,180.0,45.868768,N-summer,0.25,train,0.3700688956948094,False
sample_00015.jpg,SRC_006,-15.0,180.0,65.638079,N-spring,0.5,train,0.39728573643730686,False
sample_00016.jpg,SRC_153,-40.0,180.0,43.960452,N-autumn,0.25,train,0.49342593487776065,False
sample_00017.jpg,SRC_156,10.0,180.0,48.737382,N-summer,0.25,train,0.39092150106133217,False
sample_00018.jpg,SRC_094,20.0,180.0,66.934532,N-autumn,0.25,train,0.49745090077462795,False
sample_00019.jpg,SRC_158,-5.0,180.0,35.954137,N-winter,0.25,train,0.38266390849175796,False
sample_00020.jpg,SRC_050,0.0,180.0,53.680047,N-summer,0.25,calibration,0.4123782025204662,False
sample_00021.jpg,SRC_112,-30.0,180.0,67.516648,N-spring,0.5,train,0.44105525045168636,False
sample_00022.jpg,SRC_059,15.0,180.0,48.046698,N-summer,0.25,train,0.3879328029352695,False
sample_00023.jpg,SRC_151,-15.0,180.0,63.408071,N-summer,0.5,train,0.3924666394641966,False
sample_00024.jpg,SRC_073,45.0,180.0,41.537171,N-spring,0.25,train,0.3846491368871547,False
sample_00025.jpg,SRC_050,0.0,180.0,53.680047,N-summer,0.25,calibration,0.5003571287854445,False
sample_00026.jpg,SRC_045,-90.0,0.0,70.559818,N-autumn,0.25,train,0.4737669433168657,False
sample_00027.jpg,SRC_153,-40.0,180.0,43.960452,N-autumn,0.25,train,0.49476873599914395,False
sample_00028.jpg,SRC_092,5.0,180.0,57.429528,N-autumn,0.25,validation,0.3974770770501612,False
sample_00029.jpg,SRC_049,5.0,180.0,42.94902,N-spring,0.25,train,0.44700437888292865,False
sample_00030.jpg,SRC_013,50.0,180.0,54.051464,N-spring,0.5,train,0.3864523400988328,False
sample_00031.jpg,SRC_103,-35.0,180.0,57.090396,N-autumn,0.25,train,0.40353653291876024,False
sample_00032.jpg,SRC_051,20.0,180.0,63.609319,N-autumn,0.5,train,0.4385126796742864,False
sample_00033.jpg,SRC_102,-10.0,180.0,52.255853,N-spring,0.25,train,0.40799465121033734,False
sample_00034.jpg,SRC_078,15.0,180.0,40.437008,N-spring,0.25,train,0.41122812857667557,False
sample_00035.jpg,SRC_084,-10.0,180.0,58.957849,N-summer,0.25,train,0.39182524210068614,False
sample_00036.jpg,SRC_069,25.0,180.0,48.120522,N-summer,0.5,train,0.4490020307297877,False
sample_00037.jpg,SRC_041,15.0,180.0,46.712049,N-summer,0.25,calibration,0.37301863048116385,False
sample_00038.jpg,SRC_097,0.0,180.0,35.318175,N-winter,0.25,train,0.4281335949212865,False
sample_00039.jpg,SRC_096,25.0,180.0,40.422288,N-spring,0.25,calibration,0.5060742416856967,False
sample_00040.jpg,SRC_052,5.0,180.0,51.705435,N-summer,0.25,train,0.44493783726024916,False
sample_00041.jpg,SRC_006,-15.0,180.0,65.638079,N-spring,0.5,train,0.41255866513633066,False
sample_00042.jpg,SRC_011,-20.0,180.0,70.371153,N-summer,0.25,train,0.4854868881104334,False
sample_00043.jpg,SRC_030,-25.0,180.0,67.936804,N-spring,0.5,train,0.42782871926028837,False
sample_00044.jpg,SRC_158,-5.0,180.0,35.954137,N-winter,0.25,train,0.39006519431364045,False
sample_00045.jpg,SRC_061,50.0,180.0,43.110277,N-spring,0.5,train,0.4974674579854141,False
sample_00046.jpg,SRC_126,-20.0,180.0,68.779144,N-summer,0.5,train,0.46874300780443895,False
sample_00047.jpg,SRC_085,0.0,180.0,39.187341,N-spring,0.25,train,0.38998109641603335,False
sample_00048.jpg,SRC_076,25.0,180.0,63.632584,N-autumn,0.25,validation,0.4066978691106523,False
sample_00049.jpg,SRC_134,-30.0,180.0,69.607895,N-spring,0.5,train,0.39364983326780684,False
sample_00050.jpg,SRC_069,25.0,180.0,48.120522,N-summer,0.5,train,0.4864585591473419,False
sample_00051.jpg,SRC_089,10.0,180.0,48.442522,N-winter,0.25,validation,0.40145762728236284,False
sample_00052.jpg,SRC_063,25.0,180.0,41.329237,N-spring,0.25,train,0.37077049109646404,False
sample_00053.jpg,SRC_097,0.0,180.0,35.318175,N-winter,0.25,train,0.38367205810235994,False
sample_00054.jpg,SRC_088,0.0,180.0,53.004483,N-summer,0.25,train,0.4114745960881578,False
sample_00055.jpg,SRC_111,-35.0,180.0,79.069883,N-spring,1.0,train,0.420349143563422,False
sample_00056.jpg,SRC_133,-10.0,180.0,48.887369,N-spring,0.5,calibration,0.4204857513994263,False
sample_00057.jpg,SRC_157,40.0,180.0,44.22455,N-summer,0.25,train,0.48434015227216987,False
sample_00058.jpg,SRC_109,50.0,180.0,54.137665,N-summer,0.25,validation,0.39143352490427485,False
sample_00059.jpg,SRC_042,10.0,180.0,36.92431,N-spring,0.5,train,0.37820272142148526,False
sample_00060.jpg,SRC_156,10.0,180.0,48.737382,N-summer,0.25,train,0.4114223300830909,False
sample_00061.jpg,SRC_164,20.0,180.0,59.226879,N-autumn,0.25,train,0.3892992880478105,False
sample_00062.jpg,SRC_001,-5.0,180.0,51.987197,N-spring,0.5,calibration,0.49094142489548487,False
sample_00063.jpg,SRC_084,-10.0,180.0,58.957849,N-summer,0.25,train,0.3843633731597188,False
sample_00064.jpg,SRC_141,-10.0,180.0,55.206291,N-spring,0.25,train,0.37042707945558584,False
sample_00065.jpg,SRC_099,15.0,180.0,42.024472,N-spring,0.5,train,0.3819572959691325,False
sample_00066.jpg,SRC_040,90.0,0.0,57.651744,N-spring,0.5,validation,0.5046502810302045,False
sample_00067.jpg,SRC_156,10.0,180.0,48.737382,N-summer,0.25,train,0.4052181808146438,False
sample_00068.jpg,SRC_067,-15.0,180.0,64.724247,N-spring,0.5,calibration,0.39201277469113227,False
sample_00069.jpg,SRC_116,5.0,180.0,41.203028,N-spring,0.25,calibration,0.42555376029013486,False
sample_00070.jpg,SRC_050,0.0,180.0,53.680047,N-summer,0.25,calibration,0.4539651169808606,False
sample_00071.jpg,SRC_108,-40.0,180.0,68.856247,N-summer,0.5,validation,0.3965841640567645,False
sample_00072.jpg,SRC_094,20.0,180.0,66.934532,N-autumn,0.25,train,0.4664597464155559,False
sample_00073.jpg,SRC_086,15.0,180.0,43.648742,N-summer,0.5,train,0.37555841006197205,False
sample_00074.jpg,SRC_027,35.0,180.0,41.369436,N-spring,0.5,calibration,0.38626091516142436,False
sample_00075.jpg,SRC_021,-90.0,0.0,68.040851,N-autumn,0.5,calibration,0.40504082403168934,False
sample_00076.jpg,SRC_040,90.0,0.0,57.651744,N-spring,0.5,validation,0.40026768626669307,False
sample_00077.jpg,SRC_031,-90.0,0.0,62.684336,N-winter,0.5,train,0.4350890154948492,False
sample_00078.jpg,SRC_171,-35.0,180.0,63.65778,N-spring,0.25,calibration,0.3954548947753894,False
sample_00079.jpg,SRC_075,-90.0,0.0,65.329336,N-winter,0.25,train,0.47371361554117036,False
sample_00080.jpg,SRC_091,-40.0,180.0,72.511342,N-summer,0.5,train,0.38993888116024555,False
sample_00081.jpg,SRC_018,-90.0,0.0,67.882485,N-winter,0.25,train,0.5018018704041851,False
sample_00082.jpg,SRC_027,35.0,180.0,41.369436,N-spring,0.5,calibration,0.40762814692711924,False
sample_00083.jpg,SRC_148,-15.0,180.0,49.227137,N-autumn,0.25,train,0.41735532595955493,False
sample_00084.jpg,SRC_061,50.0,180.0,43.110277,N-spring,0.5,train,0.4038419559414922,False
sample_00085.jpg,SRC_037,15.0,180.0,44.468297,N-spring,0.25,calibration,0.4752860949432156,False
sample_00086.jpg,SRC_148,-15.0,180.0,49.227137,N-autumn,0.25,train,0.4270301106277318,False
sample_00087.jpg,SRC_102,-10.0,180.0,52.255853,N-spring,0.25,train,0.4163920274877329,False
sample_00088.jpg,SRC_009,-25.0,180.0,73.827745,N-spring,0.5,train,0.410032525278187,False
sample_00089.jpg,SRC_100,20.0,180.0,41.506528,N-spring,0.25,train,0.38281139721394963,False
sample_00090.jpg,SRC_141,-10.0,180.0,55.206291,N-spring,0.25,train,0.39638359527210165,False
sample_00091.jpg,SRC_134,-30.0,180.0,69.607895,N-spring,0.5,train,0.40654502552179894,False
sample_00092.jpg,SRC_132,5.0,180.0,51.83727,N-summer,0.25,train,0.41192720315403575,False
sample_00093.jpg,SRC_103,-35.0,180.0,57.090396,N-autumn,0.25,train,0.3864465269915944,False
sample_00094.jpg,SRC_116,5.0,180.0,41.203028,N-spring,0.25,calibration,0.3949633591010732,False
sample_00095.jpg,SRC_115,25.0,180.0,41.8845,N-spring,0.25,train,0.4255630494093011,False
sample_00096.jpg,SRC_061,50.0,180.0,43.110277,N-spring,0.5,train,0.4094811036526981,False
sample_00097.jpg,SRC_114,-10.0,180.0,58.176498,N-autumn,0.5,calibration,0.38779607906328983,False
sample_00098.jpg,SRC_119,90.0,0.0,58.642683,N-spring,0.25,calibration,0.4448353240398156,False
sample_00099.jpg,SRC_120,90.0,0.0,69.983669,N-summer,0.25,train,0.3813282551088706,False
sample_00100.jpg,SRC_066,-10.0,180.0,61.81065,N-summer,0.5,validation,0.4701292575967198,False
sample_00101.jpg,SRC_112,-30.0,180.0,67.516648,N-spring,0.5,train,0.41912929863830695,False
sample_00102.jpg,SRC_097,0.0,180.0,35.318175,N-winter,0.25,train,0.3821322009294501,False
sample_00103.jpg,SRC_172,55.0,180.0,47.744159,N-summer,0.25,train,0.5103794456229607,False
sample_00104.jpg,SRC_156,10.0,180.0,48.737382,N-summer,0.25,train,0.3771411023891279,False
sample_00105.jpg,SRC_161,5.0,180.0,52.294471,N-summer,0.25,calibration,0.39263302882202894,False
sample_00106.jpg,SRC_151,-15.0,180.0,63.408071,N-summer,0.5,train,0.4109395022599804,False
sample_00107.jpg,SRC_112,-30.0,180.0,67.516648,N-spring,0.5,train,0.392871940347273,False
sample_00108.jpg,SRC_121,25.0,180.0,67.446292,N-autumn,0.5,validation,0.3956176388014196,False
sample_00109.jpg,SRC_074,0.0,180.0,50.25459,N-spring,0.5,train,0.38512390240853317,False
sample_00110.jpg,SRC_151,-15.0,180.0,63.408071,N-summer,0.5,train,0.4154276773609283,False
sample_00111.jpg,SRC_047,0.0,180.0,48.028677,N-spring,0.5,train,0.5039304361529311,False
sample_00112.jpg,SRC_092,5.0,180.0,57.429528,N-autumn,0.25,validation,0.41372928584084245,False
sample_00113.jpg,SRC_015,20.0,180.0,46.484204,N-summer,0.25,train,0.37954659904692245,False
sample_00114.jpg,SRC_124,0.0,180.0,51.928413,N-summer,0.25,train,0.3875786948296434,False
sample_00115.jpg,SRC_074,0.0,180.0,50.25459,N-spring,0.5,train,0.40244664869325464,False
sample_00116.jpg,SRC_088,0.0,180.0,53.004483,N-summer,0.25,train,0.40303498508194957,False
sample_00117.jpg,SRC_124,0.0,180.0,51.928413,N-summer,0.25,train,0.39328567885153426,False
sample_00118.jpg,SRC_026,90.0,0.0,57.238404,N-spring,0.25,train,0.4681856521306768,False
sample_00119.jpg,SRC_061,50.0,180.0,43.110277,N-spring,0.5,train,0.4204050748872625,False
sample_00120.jpg,SRC_135,5.0,180.0,41.328761,N-winter,0.5,train,0.48572500147578407,False
sample_00121.jpg,SRC_016,10.0,180.0,55.552023,N-winter,0.5,train,0.3914812681052984,False
sample_00122.jpg,SRC_171,-35.0,180.0,63.65778,N-spring,0.25,calibration,0.3991115497443315,False
sample_00123.jpg,SRC_066,-10.0,180.0,61.81065,N-summer,0.5,validation,0.39329301154258084,False
sample_00124.jpg,SRC_111,-35.0,180.0,79.069883,N-spring,1.0,train,0.45212693196625775,False
sample_00125.jpg,SRC_009,-25.0,180.0,73.827745,N-spring,0.5,train,0.40957384708056893,False
sample_00126.jpg,SRC_052,5.0,180.0,51.705435,N-summer,0.25,train,0.49606825603977767,False
sample_00127.jpg,SRC_067,-15.0,180.0,64.724247,N-spring,0.5,calibration,0.39170968680461227,False
sample_00128.jpg,SRC_102,-10.0,180.0,52.255853,N-spring,0.25,train,0.4178432920044693,False
sample_00129.jpg,SRC_103,-35.0,180.0,57.090396,N-autumn,0.25,train,0.40368251790917553,False
sample_00130.jpg,SRC_050,0.0,180.0,53.680047,N-summer,0.25,calibration,0.4870891063032007,False
sample_00131.jpg,SRC_112,-30.0,180.0,67.516648,N-spring,0.5,train,0.4478050582888352,False
sample_00132.jpg,SRC_047,0.0,180.0,48.028677,N-spring,0.5,train,0.44645036397250404,False
sample_00133.jpg,SRC_114,-10.0,180.0,58.176498,N-autumn,0.5,calibration,0.3661925375827807,False
sample_00134.jpg,SRC_133,-10.0,180.0,48.887369,N-spring,0.5,calibration,0.4364288995829627,False
sample_00135.jpg,SRC_074,0.0,180.0,50.25459,N-spring,0.5,train,0.43307321488477724,False
sample_00136.jpg,SRC_014,-40.0,180.0,38.480327,N-winter,0.25,calibration,0.45591055123763313,False
sample_00137.jpg,SRC_088,0.0,180.0,53.004483,N-summer,0.25,train,0.40730932787646984,False
sample_00138.jpg,SRC_148,-15.0,180.0,49.227137,N-autumn,0.25,train,0.44994644809403816,False
sample_00139.jpg,SRC_022,20.0,180.0,41.513642,N-spring,0.25,train,0.41960445445955064,False
sample_00140.jpg,SRC_119,90.0,0.0,58.642683,N-spring,0.25,calibration,0.4991828384077445,False
sample_00141.jpg,SRC_107,20.0,180.0,65.68027,N-autumn,0.5,train,0.43013832188010737,False
sample_00142.jpg,SRC_099,15.0,180.0,42.024472,N-spring,0.5,train,0.3696044841458672,False
sample_00143.jpg,SRC_030,-25.0,180.0,67.936804,N-spring,0.5,train,0.39654962722630455,False
sample_00144.jpg,SRC_106,25.0,180.0,40.638999,N-spring,0.5,validation,0.4042504591324363,False
sample_00145.jpg,SRC_115,25.0,180.0,41.8845,N-spring,0.25,train,0.4292463794552024,False
sample_00146.jpg,SRC_103,-35.0,180.0,57.090396,N-autumn,0.25,train,0.3887488361649575,False
sample_00147.jpg,SRC_134,-30.0,180.0,69.607895,N-spring,0.5,train,0.37655729510249397,False
sample_00148.jpg,SRC_153,-40.0,180.0,43.960452,N-autumn,0.25,train,0.4130950936341016,False
sample_00149.jpg,SRC_056,-40.0,180.0,74.660587,N-summer,0.5,train,0.3941768170870995,False
sample_00150.jpg,SRC_145,-5.0,180.0,52.15166,N-spring,0.25,train,0.3957493684248802,False
sample_00151.jpg,SRC_033,45.0,180.0,66.067561,N-summer,0.25,validation,0.43104069201654205,False
sample_00152.jpg,SRC_133,-10.0,180.0,48.887369,N-spring,0.5,calibration,0.4169535998927415,False
sample_00153.jpg,SRC_072,15.0,180.0,46.966801,N-winter,0.25,train,0.38789502351163163,False
sample_00154.jpg,SRC_075,-90.0,0.0,65.329336,N-winter,0.25,train,0.3868355909495563,False
sample_00155.jpg,SRC_043,10.0,180.0,50.433279,N-summer,0.5,calibration,0.4026408872516945,False
sample_00156.jpg,SRC_027,35.0,180.0,41.369436,N-spring,0.5,calibration,0.3858008398314443,False
sample_00157.jpg,SRC_153,-40.0,180.0,43.960452,N-autumn,0.25,train,0.3831642567925282,False
sample_00158.jpg,SRC_093,-25.0,180.0,43.343655,N-autumn,0.5,calibration,0.37554268044911193,False
sample_00159.jpg,SRC_091,-40.0,180.0,72.511342,N-summer,0.5,train,0.4364972431194881,False
sample_00160.jpg,SRC_158,-5.0,180.0,35.954137,N-winter,0.25,train,0.39151044904796384,False
sample_00161.jpg,SRC_099,15.0,180.0,42.024472,N-spring,0.5,train,0.3768844238855493,False
sample_00162.jpg,SRC_146,10.0,180.0,58.0428,N-summer,0.5,validation,0.48669256833603447,False
sample_00163.jpg,SRC_062,45.0,180.0,81.508965,N-autumn,0.5,train,0.40367152685307517,False
sample_00164.jpg,SRC_122,-5.0,180.0,57.310506,N-summer,0.25,train,0.514324331399058,False
sample_00165.jpg,SRC_074,0.0,180.0,50.25459,N-spring,0.5,train,0.5045305077408173,False
sample_00166.jpg,SRC_100,20.0,180.0,41.506528,N-spring,0.25,train,0.3803473789109839,False
sample_00167.jpg,SRC_044,-90.0,0.0,81.862162,N-autumn,0.5,train,0.5009055646126626,False
sample_00168.jpg,SRC_068,0.0,180.0,56.216196,N-summer,0.25,train,0.5113058738005197,False
sample_00169.jpg,SRC_125,-5.0,180.0,52.428603,N-spring,0.25,train,0.44504990914996484,False
sample_00170.jpg,SRC_011,-20.0,180.0,70.371153,N-summer,0.25,train,0.48593157170906787,False
sample_00171.jpg,SRC_134,-30.0,180.0,69.607895,N-spring,0.5,train,0.3858327466740383,False
sample_00172.jpg,SRC_017,-90.0,0.0,64.6979,N-winter,0.25,train,0.484475034649237,False
sample_00173.jpg,SRC_148,-15.0,180.0,49.227137,N-autumn,0.25,train,0.5048270947423659,False
sample_00174.jpg,SRC_156,10.0,180.0,48.737382,N-summer,0.25,train,0.40364238562188504,False
sample_00175.jpg,SRC_049,5.0,180.0,42.94902,N-spring,0.25,train,0.4477048251392738,False
sample_00176.jpg,SRC_009,-25.0,180.0,73.827745,N-spring,0.5,train,0.4127696528297567,False
sample_00177.jpg,SRC_063,25.0,180.0,41.329237,N-spring,0.25,train,0.405040562783043,False
sample_00178.jpg,SRC_151,-15.0,180.0,63.408071,N-summer,0.5,train,0.4027273859985522,False
sample_00179.jpg,SRC_069,25.0,180.0,48.120522,N-summer,0.5,train,0.4083169008080005,False
sample_00180.jpg,SRC_144,-35.0,180.0,76.731052,N-spring,0.5,train,0.46465728680109375,False
sample_00181.jpg,SRC_145,-5.0,180.0,52.15166,N-spring,0.25,train,0.41294310370913523,False
sample_00182.jpg,SRC_092,5.0,180.0,57.429528,N-autumn,0.25,validation,0.38950332681246397,False
sample_00183.jpg,SRC_171,-35.0,180.0,63.65778,N-spring,0.25,calibration,0.3864361324268562,False
sample_00184.jpg,SRC_108,-40.0,180.0,68.856247,N-summer,0.5,validation,0.3787166203590907,False
sample_00185.jpg,SRC_097,0.0,180.0,35.318175,N-winter,0.25,train,0.4843513039769354,False
sample_00186.jpg,SRC_011,-20.0,180.0,70.371153,N-summer,0.25,train,0.5166914783640039,False
sample_00187.jpg,SRC_088,0.0,180.0,53.004483,N-summer,0.25,train,0.40215157396522583,False
sample_00188.jpg,SRC_124,0.0,180.0,51.928413,N-summer,0.25,train,0.3846276578405418,False
sample_00189.jpg,SRC_013,50.0,180.0,54.051464,N-spring,0.5,train,0.3739364047112658,False
sample_00190.jpg,SRC_042,10.0,180.0,36.92431,N-spring,0.5,train,0.384857507980015,False
sample_00191.jpg,SRC_172,55.0,180.0,47.744159,N-summer,0.25,train,0.5240818850206448,False
sample_00192.jpg,SRC_095,-20.0,180.0,56.495654,N-spring,0.5,train,0.42731573928302957,False
sample_00193.jpg,SRC_096,25.0,180.0,40.422288,N-spring,0.25,calibration,0.41059457051301756,False
sample_00194.jpg,SRC_072,15.0,180.0,46.966801,N-winter,0.25,train,0.3993157306931529,False
sample_00195.jpg,SRC_034,40.0,180.0,46.055099,N-summer,0.25,train,0.4736485478426388,False
sample_00196.jpg,SRC_092,5.0,180.0,57.429528,N-autumn,0.25,validation,0.4129495096890635,False
sample_00197.jpg,SRC_129,20.0,180.0,41.057252,N-spring,0.25,train,0.44174038308524677,False
sample_00198.jpg,SRC_109,50.0,180.0,54.137665,N-summer,0.25,validation,0.38590446107708964,False
sample_00199.jpg,SRC_059,15.0,180.0,48.046698,N-summer,0.25,train,0.5005656160621312,False
sample_00200.jpg,SRC_042,10.0,180.0,36.92431,N-spring,0.5,train,0.39657374369562626,False
sample_00201.jpg,SRC_047,0.0,180.0,48.028677,N-spring,0.5,train,0.4582849938205834,False
sample_00202.jpg,SRC_139,40.0,180.0,53.533251,N-winter,0.25,train,0.4420334682811455,False
sample_00203.jpg,SRC_115,25.0,180.0,41.8845,N-spring,0.25,train,0.4118464735460341,False
sample_00204.jpg,SRC_004,30.0,180.0,61.107468,N-autumn,0.5,train,0.3891039840321316,False
sample_00205.jpg,SRC_144,-35.0,180.0,76.731052,N-spring,0.5,train,0.41741811134663365,False
sample_00206.jpg,SRC_030,-25.0,180.0,67.936804,N-spring,0.5,train,0.38717548312437083,False
sample_00207.jpg,SRC_040,90.0,0.0,57.651744,N-spring,0.5,validation,0.39153064351182854,False
sample_00208.jpg,SRC_023,-10.0,180.0,50.837437,N-spring,0.25,train,0.41459878275899975,False
sample_00209.jpg,SRC_159,20.0,180.0,67.076816,N-autumn,0.25,train,0.3870344528218738,False
sample_00210.jpg,SRC_108,-40.0,180.0,68.856247,N-summer,0.5,validation,0.37099299174147526,False
sample_00211.jpg,SRC_009,-25.0,180.0,73.827745,N-spring,0.5,train,0.3833948721548362,False
sample_00212.jpg,SRC_169,40.0,180.0,48.615664,N-summer,0.25,validation,0.4758813166285143,False
sample_00213.jpg,SRC_069,25.0,180.0,48.120522,N-summer,0.5,train,0.5147331350935704,False
sample_00214.jpg,SRC_126,-20.0,180.0,68.779144,N-summer,0.5,train,0.4134932587999341,False
sample_00215.jpg,SRC_006,-15.0,180.0,65.638079,N-spring,0.5,train,0.40589100861633154,False
sample_00216.jpg,SRC_066,-10.0,180.0,61.81065,N-summer,0.5,validation,0.5252816769556116,False
sample_00217.jpg,SRC_169,40.0,180.0,48.615664,N-summer,0.25,validation,0.5051920200043638,False
sample_00218.jpg,SRC_111,-35.0,180.0,79.069883,N-spring,1.0,train,0.4189906123599029,False
sample_00219.jpg,SRC_061,50.0,180.0,43.110277,N-spring,0.5,train,0.419224399230715,False
sample_00220.jpg,SRC_030,-25.0,180.0,67.936804,N-spring,0.5,train,0.3895044476993632,False
sample_00221.jpg,SRC_013,50.0,180.0,54.051464,N-spring,0.5,train,0.4217724786953972,False
sample_00222.jpg,SRC_097,0.0,180.0,35.318175,N-winter,0.25,train,0.515112466901587,False
sample_00223.jpg,SRC_150,10.0,180.0,50.798821,N-summer,0.5,train,0.45516226843337576,False
sample_00224.jpg,SRC_050,0.0,180.0,53.680047,N-summer,0.25,calibration,0.4043868507725171,False
sample_00225.jpg,SRC_133,-10.0,180.0,48.887369,N-spring,0.5,calibration,0.4515554503895373,False
sample_00226.jpg,SRC_022,20.0,180.0,41.513642,N-spring,0.25,train,0.5267638225202209,False
sample_00227.jpg,SRC_127,-35.0,180.0,47.507974,N-autumn,0.5,train,0.39518836160102533,False
sample_00228.jpg,SRC_112,-30.0,180.0,67.516648,N-spring,0.5,train,0.395237190601201,False
sample_00229.jpg,SRC_142,-30.0,180.0,34.276784,N-winter,0.25,train,0.4340510281359339,False
sample_00230.jpg,SRC_141,-10.0,180.0,55.206291,N-spring,0.25,train,0.5120311122034336,False
sample_00231.jpg,SRC_096,25.0,180.0,40.422288,N-spring,0.25,calibration,0.48469110325773324,False
sample_00232.jpg,SRC_064,90.0,0.0,60.573524,N-spring,0.25,train,0.4829505266215534,False
sample_00233.jpg,SRC_089,10.0,180.0,48.442522,N-winter,0.25,validation,0.3994798524322744,False
sample_00234.jpg,SRC_083,0.0,180.0,55.378885,N-spring,0.25,train,0.39839678332377126,False
sample_00235.jpg,SRC_123,0.0,180.0,54.598149,N-autumn,0.5,train,0.4076333472755634,False
sample_00236.jpg,SRC_013,50.0,180.0,54.051464,N-spring,0.5,train,0.39287213853554037,False
sample_00237.jpg,SRC_006,-15.0,180.0,65.638079,N-spring,0.5,train,0.38394341127076304,False
sample_00238.jpg,SRC_081,-90.0,0.0,74.772433,N-autumn,0.25,train,0.5160591868015924,False
sample_00239.jpg,SRC_004,30.0,180.0,61.107468,N-autumn,0.5,train,0.37702556170781454,False
sample_00240.jpg,SRC_009,-25.0,180.0,73.827745,N-spring,0.5,train,0.4860288478605431,False
sample_00241.jpg,SRC_133,-10.0,180.0,48.887369,N-spring,0.5,calibration,0.4275367008629141,False
sample_00242.jpg,SRC_016,10.0,180.0,55.552023,N-winter,0.5,train,0.4979306918135068,False
sample_00243.jpg,SRC_095,-20.0,180.0,56.495654,N-spring,0.5,train,0.38732657760611444,False
sample_00244.jpg,SRC_021,-90.0,0.0,68.040851,N-autumn,0.5,calibration,0.38705303843895256,False
sample_00245.jpg,SRC_056,-40.0,180.0,74.660587,N-summer,0.5,train,0.4373254211351735,False
sample_00246.jpg,SRC_108,-40.0,180.0,68.856247,N-summer,0.5,validation,0.46093589147321323,False
sample_00247.jpg,SRC_005,0.0,180.0,55.846781,N-summer,0.5,calibration,0.3879708094534937,False
sample_00248.jpg,SRC_150,10.0,180.0,50.798821,N-summer,0.5,train,0.4252225148936577,False
sample_00249.jpg,SRC_140,35.0,180.0,44.85556,N-spring,0.25,validation,0.3723367523389222,False
sample_00250.jpg,SRC_035,0.0,180.0,56.990187,N-autumn,0.25,train,0.3983138936089392,False
sample_00251.jpg,SRC_136,-35.0,180.0,76.922409,N-spring,0.5,train,0.37907128566070614,False
sample_00252.jpg,SRC_040,90.0,0.0,57.651744,N-spring,0.5,validation,0.391725068704872,False
sample_00253.jpg,SRC_095,-20.0,180.0,56.495654,N-spring,0.5,train,0.39623620068680354,False
sample_00254.jpg,SRC_099,15.0,180.0,42.024472,N-spring,0.5,train,0.3848576281229773,False
sample_00255.jpg,SRC_014,-40.0,180.0,38.480327,N-winter,0.25,calibration,0.3814555072792324,False
sample_00256.jpg,SRC_151,-15.0,180.0,63.408071,N-summer,0.5,train,0.3996373583207289,False
sample_00257.jpg,SRC_063,25.0,180.0,41.329237,N-spring,0.25,train,0.38630374753625085,False
sample_00258.jpg,SRC_109,50.0,180.0,54.137665,N-summer,0.25,validation,0.39219518740124293,False
sample_00259.jpg,SRC_115,25.0,180.0,41.8845,N-spring,0.25,train,0.44159298941580827,False
sample_00260.jpg,SRC_170,-20.0,180.0,56.332579,N-autumn,0.25,train,0.4265800717574602,False
sample_00261.jpg,SRC_030,-25.0,180.0,67.936804,N-spring,0.5,train,0.3771973811502866,False
sample_00262.jpg,SRC_091,-40.0,180.0,72.511342,N-summer,0.5,train,0.5158407421102511,False
sample_00263.jpg,SRC_154,0.0,180.0,54.770875,N-summer,0.5,train,0.4690689898569783,False
sample_00264.jpg,SRC_092,5.0,180.0,57.429528,N-autumn,0.25,validation,0.3992776281593152,False
sample_00265.jpg,SRC_102,-10.0,180.0,52.255853,N-spring,0.25,train,0.4311108429509133,False
sample_00266.jpg,SRC_121,25.0,180.0,67.446292,N-autumn,0.5,validation,0.38439969135402763,False
sample_00267.jpg,SRC_151,-15.0,180.0,63.408071,N-summer,0.5,train,0.4881427933251512,False
sample_00268.jpg,SRC_135,5.0,180.0,41.328761,N-winter,0.5,train,0.402610162124586,False
sample_00269.jpg,SRC_143,90.0,0.0,68.916652,N-spring,0.5,validation,0.5020295929546748,False
sample_00270.jpg,SRC_069,25.0,180.0,48.120522,N-summer,0.5,train,0.47329159008976596,False
sample_00271.jpg,SRC_051,20.0,180.0,63.609319,N-autumn,0.5,train,0.4626425645959948,False
sample_00272.jpg,SRC_108,-40.0,180.0,68.856247,N-summer,0.5,validation,0.3896249567635977,False
sample_00273.jpg,SRC_088,0.0,180.0,53.004483,N-summer,0.25,train,0.39581667092419365,False
sample_00274.jpg,SRC_168,90.0,0.0,64.709631,N-summer,0.25,train,0.5513556309544652,False
sample_00275.jpg,SRC_070,60.0,180.0,58.788969,N-summer,0.5,validation,0.4219141850566617,False
sample_00276.jpg,SRC_004,30.0,180.0,61.107468,N-autumn,0.5,train,0.48070076038104653,False
sample_00277.jpg,SRC_049,5.0,180.0,42.94902,N-spring,0.25,train,0.4772005863014506,False
sample_00278.jpg,SRC_062,45.0,180.0,81.508965,N-autumn,0.5,train,0.39467996611760764,False
sample_00279.jpg,SRC_115,25.0,180.0,41.8845,N-spring,0.25,train,0.4006220498920346,False
sample_00280.jpg,SRC_037,15.0,180.0,44.468297,N-spring,0.25,calibration,0.3844514400564252,False
sample_00281.jpg,SRC_024,10.0,180.0,53.725813,N-summer,0.25,calibration,0.4036158017648628,False
sample_00282.jpg,SRC_168,90.0,0.0,64.709631,N-summer,0.25,train,0.39095649200652066,False
sample_00283.jpg,SRC_082,-10.0,180.0,60.444036,N-spring,0.25,train,0.38833103067528507,False
sample_00284.jpg,SRC_133,-10.0,180.0,48.887369,N-spring,0.5,calibration,0.40728470650401166,False
sample_00285.jpg,SRC_013,50.0,180.0,54.051464,N-spring,0.5,train,0.38138651551772,False
sample_00286.jpg,SRC_059,15.0,180.0,48.046698,N-summer,0.25,train,0.5039675574389919,False
sample_00287.jpg,SRC_069,25.0,180.0,48.120522,N-summer,0.5,train,0.40458669720439167,False
sample_00288.jpg,SRC_074,0.0,180.0,50.25459,N-spring,0.5,train,0.4183124651348632,False
sample_00289.jpg,SRC_036,5.0,180.0,52.749586,N-summer,0.25,train,0.3902495065711433,False
sample_00290.jpg,SRC_088,0.0,180.0,53.004483,N-summer,0.25,train,0.4047365013848846,False
sample_00291.jpg,SRC_171,-35.0,180.0,63.65778,N-spring,0.25,calibration,0.3846260401488193,False
sample_00292.jpg,SRC_030,-25.0,180.0,67.936804,N-spring,0.5,train,0.3747867760066501,False
sample_00293.jpg,SRC_062,45.0,180.0,81.508965,N-autumn,0.5,train,0.3957575533916925,False
sample_00294.jpg,SRC_102,-10.0,180.0,52.255853,N-spring,0.25,train,0.4207725712467448,False
sample_00295.jpg,SRC_093,-25.0,180.0,43.343655,N-autumn,0.5,calibration,0.3901683927967071,False
sample_00296.jpg,SRC_001,-5.0,180.0,51.987197,N-spring,0.5,calibration,0.5144667625539396,False
sample_00297.jpg,SRC_153,-40.0,180.0,43.960452,N-autumn,0.25,train,0.38378222785527294,False
sample_00298.jpg,SRC_138,25.0,180.0,44.714676,N-summer,0.25,train,0.4107294680766295,False
sample_00299.jpg,SRC_097,0.0,180.0,35.318175,N-winter,0.25,train,0.491242359703016,False
sample_00300.jpg,SRC_109,50.0,180.0,54.137665,N-summer,0.25,validation,0.48304364628325497,False
sample_00301.jpg,SRC_017,-90.0,0.0,64.6979,N-winter,0.25,train,0.3987802972218124,False
sample_00302.jpg,SRC_030,-25.0,180.0,67.936804,N-spring,0.5,train,0.38675022471054304,False
sample_00303.jpg,SRC_084,-10.0,180.0,58.957849,N-summer,0.25,train,0.5019391068640864,False
sample_00304.jpg,SRC_006,-15.0,180.0,65.638079,N-spring,0.5,train,0.38275867861580093,False
sample_00305.jpg,SRC_151,-15.0,180.0,63.408071,N-summer,0.5,train,0.44388398144455543,False
sample_00306.jpg,SRC_011,-20.0,180.0,70.371153,N-summer,0.25,train,0.4840640507014678,False
sample_00307.jpg,SRC_047,0.0,180.0,48.028677,N-spring,0.5,train,0.5094811522984385,False
sample_00308.jpg,SRC_042,10.0,180.0,36.92431,N-spring,0.5,train,0.4853708563371638,False
sample_00309.jpg,SRC_071,20.0,180.0,40.070501,N-spring,0.25,train,0.4659255595761846,False
sample_00310.jpg,SRC_099,15.0,180.0,42.024472,N-spring,0.5,train,0.3874335494478622,False
sample_00311.jpg,SRC_060,90.0,0.0,64.124177,N-summer,0.25,train,0.4474348995589773,False
sample_00312.jpg,SRC_099,15.0,180.0,42.024472,N-spring,0.5,train,0.377765537940541,False
sample_00313.jpg,SRC_139,40.0,180.0,53.533251,N-winter,0.25,train,0.3905003742421642,False
sample_00314.jpg,SRC_061,50.0,180.0,43.110277,N-spring,0.5,train,0.4837161689194146,False
sample_00315.jpg,SRC_108,-40.0,180.0,68.856247,N-summer,0.5,validation,0.41879355067751944,False
sample_00316.jpg,SRC_125,-5.0,180.0,52.428603,N-spring,0.25,train,0.43490798999212066,False
sample_00317.jpg,SRC_108,-40.0,180.0,68.856247,N-summer,0.5,validation,0.4536562201045527,False
sample_00318.jpg,SRC_146,10.0,180.0,58.0428,N-summer,0.5,validation,0.4067448833954124,False
sample_00319.jpg,SRC_115,25.0,180.0,41.8845,N-spring,0.25,train,0.48774937797178275,False
sample_00320.jpg,SRC_146,10.0,180.0,58.0428,N-summer,0.5,validation,0.46675044353327005,False
sample_00321.jpg,SRC_115,25.0,180.0,41.8845,N-spring,0.25,train,0.3988618671412324,False
sample_00322.jpg,SRC_006,-15.0,180.0,65.638079,N-spring,0.5,train,0.41749415445620297,False
sample_00323.jpg,SRC_135,5.0,180.0,41.328761,N-winter,0.5,train,0.39771276693527646,False
sample_00324.jpg,SRC_062,45.0,180.0,81.508965,N-autumn,0.5,train,0.40629130731495805,False
sample_00325.jpg,SRC_165,10.0,180.0,42.451267,N-winter,0.25,calibration,0.5334120620746691,False
sample_00326.jpg,SRC_004,30.0,180.0,61.107468,N-autumn,0.5,train,0.37744767790706774,False
sample_00327.jpg,SRC_013,50.0,180.0,54.051464,N-spring,0.5,train,0.4012521222049976,False
sample_00328.jpg,SRC_112,-30.0,180.0,67.516648,N-spring,0.5,train,0.5144730154730708,False
sample_00329.jpg,SRC_047,0.0,180.0,48.028677,N-spring,0.5,train,0.44395800274847996,False
sample_00330.jpg,SRC_151,-15.0,180.0,63.408071,N-summer,0.5,train,0.39434699132809486,False
sample_00331.jpg,SRC_127,-35.0,180.0,47.507974,N-autumn,0.5,train,0.38329789895835936,False
sample_00332.jpg,SRC_156,10.0,180.0,48.737382,N-summer,0.25,train,0.3693727939639897,False
sample_00333.jpg,SRC_078,15.0,180.0,40.437008,N-spring,0.25,train,0.5202581527811793,False
sample_00334.jpg,SRC_158,-5.0,180.0,35.954137,N-winter,0.25,train,0.3940281093098451,False
sample_00335.jpg,SRC_009,-25.0,180.0,73.827745,N-spring,0.5,train,0.399332125517695,False
sample_00336.jpg,SRC_004,30.0,180.0,61.107468,N-autumn,0.5,train,0.38204283067484035,False
sample_00337.jpg,SRC_169,40.0,180.0,48.615664,N-summer,0.25,validation,0.4567115506589925,False
sample_00338.jpg,SRC_170,-20.0,180.0,56.332579,N-autumn,0.25,train,0.47077121459522636,False
sample_00339.jpg,SRC_009,-25.0,180.0,73.827745,N-spring,0.5,train,0.41170105440673277,False
sample_00340.jpg,SRC_133,-10.0,180.0,48.887369,N-spring,0.5,calibration,0.4107175701487,False
sample_00341.jpg,SRC_043,10.0,180.0,50.433279,N-summer,0.5,calibration,0.38869864400872867,False
sample_00342.jpg,SRC_111,-35.0,180.0,79.069883,N-spring,1.0,train,0.40944425953891583,False
sample_00343.jpg,SRC_144,-35.0,180.0,76.731052,N-spring,0.5,train,0.419433286708432,False
sample_00344.jpg,SRC_013,50.0,180.0,54.051464,N-spring,0.5,train,0.4718204086545647,False
sample_00345.jpg,SRC_157,40.0,180.0,44.22455,N-summer,0.25,train,0.3878067225826939,False
sample_00346.jpg,SRC_153,-40.0,180.0,43.960452,N-autumn,0.25,train,0.5158204117665939,False
sample_00347.jpg,SRC_005,0.0,180.0,55.846781,N-summer,0.5,calibration,0.48484552793491903,False
sample_00348.jpg,SRC_058,30.0,180.0,69.060883,N-autumn,0.5,train,0.3876845135375263,False
sample_00349.jpg,SRC_103,-35.0,180.0,57.090396,N-autumn,0.25,train,0.39721349429937347,False
sample_00350.jpg,SRC_083,0.0,180.0,55.378885,N-spring,0.25,train,0.3971966391185807,False
sample_00351.jpg,SRC_029,-5.0,180.0,45.485648,N-autumn,0.25,train,0.49356342730203806,False
sample_00352.jpg,SRC_101,5.0,180.0,48.479381,N-winter,0.25,validation,0.43865924297597736,False
sample_00353.jpg,SRC_157,40.0,180.0,44.22455,N-summer,0.25,train,0.36900659326582685,False
sample_00354.jpg,SRC_126,-20.0,180.0,68.779144,N-summer,0.5,train,0.37486322405518047,False
sample_00355.jpg,SRC_009,-25.0,180.0,73.827745,N-spring,0.5,train,0.4002593026996159,False
sample_00356.jpg,SRC_123,0.0,180.0,54.598149,N-autumn,0.5,train,0.3945589487047035,False
sample_00357.jpg,SRC_076,25.0,180.0,63.632584,N-autumn,0.25,validation,0.39604507344654793,False
sample_00358.jpg,SRC_085,0.0,180.0,39.187341,N-spring,0.25,train,0.3956162584821178,False
sample_00359.jpg,SRC_013,50.0,180.0,54.051464,N-spring,0.5,train,0.4797087112559787,False
sample_00360.jpg,SRC_092,5.0,180.0,57.429528,N-autumn,0.25,validation,0.4077356124549003,False
sample_00361.jpg,SRC_109,50.0,180.0,54.137665,N-summer,0.25,validation,0.38963327028881933,False
sample_00362.jpg,SRC_070,60.0,180.0,58.788969,N-summer,0.5,validation,0.3813829652417987,False
sample_00363.jpg,SRC_026,90.0,0.0,57.238404,N-spring,0.25,train,0.4503647952407935,False
sample_00364.jpg,SRC_115,25.0,180.0,41.8845,N-spring,0.25,train,0.41820146747561715,False
sample_00365.jpg,SRC_103,-35.0,180.0,57.090396,N-autumn,0.25,train,0.4122915429079246,False
sample_00366.jpg,SRC_092,5.0,180.0,57.429528,N-autumn,0.25,validation,0.40106863341523535,False
sample_00367.jpg,SRC_111,-35.0,180.0,79.069883,N-spring,1.0,train,0.427897870516828,False
sample_00368.jpg,SRC_135,5.0,180.0,41.328761,N-winter,0.5,train,0.5254552218198864,False
sample_00369.jpg,SRC_102,-10.0,180.0,52.255853,N-spring,0.25,train,0.47616876944581704,False
sample_00370.jpg,SRC_153,-40.0,180.0,43.960452,N-autumn,0.25,train,0.49659334978376835,False
sample_00371.jpg,SRC_156,10.0,180.0,48.737382,N-summer,0.25,train,0.3900401527164895,False
sample_00372.jpg,SRC_144,-35.0,180.0,76.731052,N-spring,0.5,train,0.42937261432470564,False
sample_00373.jpg,SRC_027,35.0,180.0,41.369436,N-spring,0.5,calibration,0.3795531038871192,False
sample_00374.jpg,SRC_031,-90.0,0.0,62.684336,N-winter,0.5,train,0.4855009721826913,False
sample_00375.jpg,SRC_052,5.0,180.0,51.705435,N-summer,0.25,train,0.38434690650968306,False
sample_00376.jpg,SRC_004,30.0,180.0,61.107468,N-autumn,0.5,train,0.37936101023020835,False
sample_00377.jpg,SRC_099,15.0,180.0,42.024472,N-spring,0.5,train,0.38757246154068387,False
sample_00378.jpg,SRC_063,25.0,180.0,41.329237,N-spring,0.25,train,0.42497992789359734,False
sample_00379.jpg,SRC_027,35.0,180.0,41.369436,N-spring,0.5,calibration,0.48821609707639196,False
sample_00380.jpg,SRC_104,25.0,180.0,45.102036,N-summer,0.5,calibration,0.5407651732049698,False
sample_00381.jpg,SRC_009,-25.0,180.0,73.827745,N-spring,0.5,train,0.3909655259949039,False
sample_00382.jpg,SRC_108,-40.0,180.0,68.856247,N-summer,0.5,validation,0.38745920130064904,False
sample_00383.jpg,SRC_142,-30.0,180.0,34.276784,N-winter,0.25,train,0.44628736684608866,False
sample_00384.jpg,SRC_168,90.0,0.0,64.709631,N-summer,0.25,train,0.4883228643296319,False
sample_00385.jpg,SRC_170,-20.0,180.0,56.332579,N-autumn,0.25,train,0.4404962447822663,False
sample_00386.jpg,SRC_009,-25.0,180.0,73.827745,N-spring,0.5,train,0.38830655239559364,False
sample_00387.jpg,SRC_139,40.0,180.0,53.533251,N-winter,0.25,train,0.37540551395273536,False
sample_00388.jpg,SRC_056,-40.0,180.0,74.660587,N-summer,0.5,train,0.45789647949370405,False
sample_00389.jpg,SRC_066,-10.0,180.0,61.81065,N-summer,0.5,validation,0.5125283403872747,False
sample_00390.jpg,SRC_023,-10.0,180.0,50.837437,N-spring,0.25,train,0.42730145591551577,False
sample_00391.jpg,SRC_130,25.0,180.0,37.507656,N-spring,0.25,validation,0.5137886923707816,False
sample_00392.jpg,SRC_134,-30.0,180.0,69.607895,N-spring,0.5,train,0.41626019018753063,False
sample_00393.jpg,SRC_002,40.0,180.0,45.868768,N-summer,0.25,train,0.36597688684589363,False
sample_00394.jpg,SRC_158,-5.0,180.0,35.954137,N-winter,0.25,train,0.5030261765430805,False
sample_00395.jpg,SRC_040,90.0,0.0,57.651744,N-spring,0.5,validation,0.39093841415554087,False
sample_00396.jpg,SRC_145,-5.0,180.0,52.15166,N-spring,0.25,train,0.4801192342014107,False
sample_00397.jpg,SRC_125,-5.0,180.0,52.428603,N-spring,0.25,train,0.41507495711578474,False
sample_00398.jpg,SRC_108,-40.0,180.0,68.856247,N-summer,0.5,validation,0.524144752433823,False
sample_00399.jpg,SRC_142,-30.0,180.0,34.276784,N-winter,0.25,train,0.4307528419221679,False
sample_00400.jpg,SRC_013,50.0,180.0,54.051464,N-spring,0.5,train,0.3780855840584968,False
sample_00401.jpg,SRC_099,15.0,180.0,42.024472,N-spring,0.5,train,0.38661716375543,False
sample_00402.jpg,SRC_123,0.0,180.0,54.598149,N-autumn,0.5,train,0.4608690685793091,False
sample_00403.jpg,SRC_137,-5.0,180.0,45.053172,N-spring,0.25,train,0.4273549535280853,False
sample_00404.jpg,SRC_127,-35.0,180.0,47.507974,N-autumn,0.5,train,0.3968892583486038,False
sample_00405.jpg,SRC_114,-10.0,180.0,58.176498,N-autumn,0.5,calibration,0.3918071840615771,False
sample_00406.jpg,SRC_111,-35.0,180.0,79.069883,N-spring,1.0,train,0.5241169824762181,False
sample_00407.jpg,SRC_168,90.0,0.0,64.709631,N-summer,0.25,train,0.48348087384424304,False
sample_00408.jpg,SRC_048,-25.0,180.0,61.920556,N-autumn,0.25,train,0.39431576979791166,False
sample_00409.jpg,SRC_091,-40.0,180.0,72.511342,N-summer,0.5,train,0.40152949333955734,False
sample_00410.jpg,SRC_103,-35.0,180.0,57.090396,N-autumn,0.25,train,0.47750086709331896,False
sample_00411.jpg,SRC_069,25.0,180.0,48.120522,N-summer,0.5,train,0.44491533427589874,False
sample_00412.jpg,SRC_114,-10.0,180.0,58.176498,N-autumn,0.5,calibration,0.47098694185337653,False
sample_00413.jpg,SRC_050,0.0,180.0,53.680047,N-summer,0.25,calibration,0.48942622161804455,False
sample_00414.jpg,SRC_030,-25.0,180.0,67.936804,N-spring,0.5,train,0.4136534967266129,False
sample_00415.jpg,SRC_096,25.0,180.0,40.422288,N-spring,0.25,calibration,0.42434103765396625,False
sample_00416.jpg,SRC_005,0.0,180.0,55.846781,N-summer,0.5,calibration,0.4091774179911238,False
sample_00417.jpg,SRC_027,35.0,180.0,41.369436,N-spring,0.5,calibration,0.39559113700193416,False
sample_00418.jpg,SRC_080,-25.0,180.0,69.726065,N-summer,0.25,calibration,0.38485574153891877,False
sample_00419.jpg,SRC_052,5.0,180.0,51.705435,N-summer,0.25,train,0.3808764832742391,False
sample_00420.jpg,SRC_123,0.0,180.0,54.598149,N-autumn,0.5,train,0.45328290516926206,False
sample_00421.jpg,SRC_011,-20.0,180.0,70.371153,N-summer,0.25,train,0.40955951888417985,False
sample_00422.jpg,SRC_142,-30.0,180.0,34.276784,N-winter,0.25,train,0.42564526448784523,False
sample_00423.jpg,SRC_158,-5.0,180.0,35.954137,N-winter,0.25,train,0.3898142858660197,False
sample_00424.jpg,SRC_009,-25.0,180.0,73.827745,N-spring,0.5,train,0.3863995766343644,False
sample_00425.jpg,SRC_159,20.0,180.0,67.076816,N-autumn,0.25,train,0.38556348195970264,False
sample_00426.jpg,SRC_107,20.0,180.0,65.68027,N-autumn,0.5,train,0.47304193337650363,False
sample_00427.jpg,SRC_158,-5.0,180.0,35.954137,N-winter,0.25,train,0.3887403594578652,False
sample_00428.jpg,SRC_169,40.0,180.0,48.615664,N-summer,0.25,validation,0.3728548203315876,False
sample_00429.jpg,SRC_115,25.0,180.0,41.8845,N-spring,0.25,train,0.43237734319852345,False
sample_00430.jpg,SRC_016,10.0,180.0,55.552023,N-winter,0.5,train,0.4390579189842331,False
sample_00431.jpg,SRC_096,25.0,180.0,40.422288,N-spring,0.25,calibration,0.387702395103045,False
sample_00432.jpg,SRC_009,-25.0,180.0,73.827745,N-spring,0.5,train,0.46057693905969244,False
sample_00433.jpg,SRC_158,-5.0,180.0,35.954137,N-winter,0.25,train,0.3913547596609959,False
sample_00434.jpg,SRC_068,0.0,180.0,56.216196,N-summer,0.25,train,0.3897719579046136,False
sample_00435.jpg,SRC_100,20.0,180.0,41.506528,N-spring,0.25,train,0.5121398452859554,False
sample_00436.jpg,SRC_063,25.0,180.0,41.329237,N-spring,0.25,train,0.42861574157650545,False
sample_00437.jpg,SRC_109,50.0,180.0,54.137665,N-summer,0.25,validation,0.38571472719643485,False
sample_00438.jpg,SRC_009,-25.0,180.0,73.827745,N-spring,0.5,train,0.37919782378452077,False
sample_00439.jpg,SRC_046,0.0,180.0,58.061031,N-autumn,0.25,validation,0.4034381670409665,False
sample_00440.jpg,SRC_171,-35.0,180.0,63.65778,N-spring,0.25,calibration,0.4858946451331364,False
sample_00441.jpg,SRC_170,-20.0,180.0,56.332579,N-autumn,0.25,train,0.43247500300603453,False
sample_00442.jpg,SRC_154,0.0,180.0,54.770875,N-summer,0.5,train,0.4911216293377484,False
sample_00443.jpg,SRC_160,-10.0,180.0,50.604377,N-autumn,0.25,train,0.38359830706610076,False
sample_00444.jpg,SRC_134,-30.0,180.0,69.607895,N-spring,0.5,train,0.4149815611275761,False
sample_00445.jpg,SRC_055,-5.0,180.0,57.335076,N-spring,0.25,train,0.4161679978303946,False
sample_00446.jpg,SRC_067,-15.0,180.0,64.724247,N-spring,0.5,calibration,0.5123126388384349,False
sample_00447.jpg,SRC_069,25.0,180.0,48.120522,N-summer,0.5,train,0.4107608660854424,False
sample_00448.jpg,SRC_142,-30.0,180.0,34.276784,N-winter,0.25,train,0.4051626158490434,False
sample_00449.jpg,SRC_051,20.0,180.0,63.609319,N-autumn,0.5,train,0.42854344784986215,False
sample_00450.jpg,SRC_114,-10.0,180.0,58.176498,N-autumn,0.5,calibration,0.3879420149361377,False
sample_00451.jpg,SRC_091,-40.0,180.0,72.511342,N-summer,0.5,train,0.499502299176505,False
sample_00452.jpg,SRC_114,-10.0,180.0,58.176498,N-autumn,0.5,calibration,0.389359360963781,False
sample_00453.jpg,SRC_151,-15.0,180.0,63.408071,N-summer,0.5,train,0.43886200930596553,False
sample_00454.jpg,SRC_004,30.0,180.0,61.107468,N-autumn,0.5,train,0.39351553729845856,False
sample_00455.jpg,SRC_157,40.0,180.0,44.22455,N-summer,0.25,train,0.506139838359697,False
sample_00456.jpg,SRC_095,-20.0,180.0,56.495654,N-spring,0.5,train,0.48273651768996356,False
sample_00457.jpg,SRC_008,25.0,180.0,61.005891,N-autumn,0.25,train,0.41304367695133876,False
sample_00458.jpg,SRC_070,60.0,180.0,58.788969,N-summer,0.5,validation,0.4468328094161179,False
sample_00459.jpg,SRC_076,25.0,180.0,63.632584,N-autumn,0.25,validation,0.38196501656675325,False
sample_00460.jpg,SRC_133,-10.0,180.0,48.887369,N-spring,0.5,calibration,0.43338464207804056,False
sample_00461.jpg,SRC_061,50.0,180.0,43.110277,N-spring,0.5,train,0.5184279122896656,False
sample_00462.jpg,SRC_099,15.0,180.0,42.024472,N-spring,0.5,train,0.37228447936212655,False
sample_00463.jpg,SRC_124,0.0,180.0,51.928413,N-summer,0.25,train,0.3951902189766258,False
sample_00464.jpg,SRC_070,60.0,180.0,58.788969,N-summer,0.5,validation,0.5219506830527068,False
sample_00465.jpg,SRC_129,20.0,180.0,41.057252,N-spring,0.25,train,0.46612685671023346,False
sample_00466.jpg,SRC_071,20.0,180.0,40.070501,N-spring,0.25,train,0.390944520259787,False
sample_00467.jpg,SRC_123,0.0,180.0,54.598149,N-autumn,0.5,train,0.41489448610300245,False
sample_00468.jpg,SRC_171,-35.0,180.0,63.65778,N-spring,0.25,calibration,0.38950540227185704,False
sample_00469.jpg,SRC_106,25.0,180.0,40.638999,N-spring,0.5,validation,0.45115771643691155,False
sample_00470.jpg,SRC_131,10.0,180.0,60.540464,N-autumn,0.5,train,0.48431145532769115,False
sample_00471.jpg,SRC_076,25.0,180.0,63.632584,N-autumn,0.25,validation,0.39645945838463714,False
sample_00472.jpg,SRC_027,35.0,180.0,41.369436,N-spring,0.5,calibration,0.37230539399834583,False
sample_00473.jpg,SRC_067,-15.0,180.0,64.724247,N-spring,0.5,calibration,0.5206523890469497,False
sample_00474.jpg,SRC_171,-35.0,180.0,63.65778,N-spring,0.25,calibration,0.3971253870971973,False
sample_00475.jpg,SRC_124,0.0,180.0,51.928413,N-summer,0.25,train,0.44017485542314755,False
sample_00476.jpg,SRC_006,-15.0,180.0,65.638079,N-spring,0.5,train,0.4244798195797597,False
sample_00477.jpg,SRC_004,30.0,180.0,61.107468,N-autumn,0.5,train,0.5001275737695969,False
sample_00478.jpg,SRC_009,-25.0,180.0,73.827745,N-spring,0.5,train,0.3962389974236483,False
sample_00479.jpg,SRC_131,10.0,180.0,60.540464,N-autumn,0.5,train,0.5182747129366552,False
sample_00480.jpg,SRC_011,-20.0,180.0,70.371153,N-summer,0.25,train,0.4062360864546208,False
sample_00481.jpg,SRC_141,-10.0,180.0,55.206291,N-spring,0.25,train,0.3794921059087069,False
sample_00482.jpg,SRC_111,-35.0,180.0,79.069883,N-spring,1.0,train,0.40777617784918574,False
sample_00483.jpg,SRC_029,-5.0,180.0,45.485648,N-autumn,0.25,train,0.4414354725682418,False
sample_00484.jpg,SRC_158,-5.0,180.0,35.954137,N-winter,0.25,train,0.3865582931459299,False
sample_00485.jpg,SRC_111,-35.0,180.0,79.069883,N-spring,1.0,train,0.39729123870129684,False
sample_00486.jpg,SRC_002,40.0,180.0,45.868768,N-summer,0.25,train,0.3629051280535638,False
sample_00487.jpg,SRC_127,-35.0,180.0,47.507974,N-autumn,0.5,train,0.3755128854390023,False
sample_00488.jpg,SRC_087,0.0,180.0,54.65824,N-summer,0.25,train,0.38694896291330894,False
sample_00489.jpg,SRC_089,10.0,180.0,48.442522,N-winter,0.25,validation,0.40790766814740653,False
sample_00490.jpg,SRC_030,-25.0,180.0,67.936804,N-spring,0.5,train,0.4370311648973891,False
sample_00491.jpg,SRC_076,25.0,180.0,63.632584,N-autumn,0.25,validation,0.389778161851812,False
sample_00492.jpg,SRC_082,-10.0,180.0,60.444036,N-spring,0.25,train,0.48339284299770496,False
sample_00493.jpg,SRC_148,-15.0,180.0,49.227137,N-autumn,0.25,train,0.4194249204314861,False
sample_00494.jpg,SRC_131,10.0,180.0,60.540464,N-autumn,0.5,train,0.39754755133260355,False
sample_00495.jpg,SRC_149,90.0,0.0,55.701783,N-summer,0.25,train,0.45620353964741556,False
sample_00496.jpg,SRC_068,0.0,180.0,56.216196,N-summer,0.25,train,0.5118755393135493,False
sample_00497.jpg,SRC_139,40.0,180.0,53.533251,N-winter,0.25,train,0.3920132525064123,False
sample_00498.jpg,SRC_103,-35.0,180.0,57.090396,N-autumn,0.25,train,0.3930313450827999,False
sample_00499.jpg,SRC_124,0.0,180.0,51.928413,N-summer,0.25,train,0.4343037039031815,False
sample_00500.jpg,SRC_004,30.0,180.0,61.107468,N-autumn,0.5,train,0.38440271358936406,False
sample_00501.jpg,SRC_127,-35.0,180.0,47.507974,N-autumn,0.5,train,0.3794317268496971,False
sample_00502.jpg,SRC_073,45.0,180.0,41.537171,N-spring,0.25,train,0.3896913889085886,False
sample_00503.jpg,SRC_006,-15.0,180.0,65.638079,N-spring,0.5,train,0.39281806524919294,False
sample_00504.jpg,SRC_133,-10.0,180.0,48.887369,N-spring,0.5,calibration,0.4161471099481764,False
sample_00505.jpg,SRC_071,20.0,180.0,40.070501,N-spring,0.25,train,0.5018977238977148,False
sample_00506.jpg,SRC_169,40.0,180.0,48.615664,N-summer,0.25,validation,0.3737987829640317,False
sample_00507.jpg,SRC_140,35.0,180.0,44.85556,N-spring,0.25,validation,0.3770483352578952,False
sample_00508.jpg,SRC_013,50.0,180.0,54.051464,N-spring,0.5,train,0.4337658129331091,False
sample_00509.jpg,SRC_009,-25.0,180.0,73.827745,N-spring,0.5,train,0.4111392382848719,False
sample_00510.jpg,SRC_116,5.0,180.0,41.203028,N-spring,0.25,calibration,0.4004062099862698,False
sample_00511.jpg,SRC_037,15.0,180.0,44.468297,N-spring,0.25,calibration,0.38477546033310495,False
sample_00512.jpg,SRC_089,10.0,180.0,48.442522,N-winter,0.25,validation,0.38713062942336085,False
sample_00513.jpg,SRC_027,35.0,180.0,41.369436,N-spring,0.5,calibration,0.370250900666528,False
sample_00514.jpg,SRC_069,25.0,180.0,48.120522,N-summer,0.5,train,0.43686673960805306,False
sample_00515.jpg,SRC_169,40.0,180.0,48.615664,N-summer,0.25,validation,0.36877625390160745,False
sample_00516.jpg,SRC_027,35.0,180.0,41.369436,N-spring,0.5,calibration,0.4065886264516571,False
sample_00517.jpg,SRC_017,-90.0,0.0,64.6979,N-winter,0.25,train,0.5093974362557881,False
sample_00518.jpg,SRC_132,5.0,180.0,51.83727,N-summer,0.25,train,0.5316012360045628,False
sample_00519.jpg,SRC_121,25.0,180.0,67.446292,N-autumn,0.5,validation,0.3897458120708702,False
sample_00520.jpg,SRC_051,20.0,180.0,63.609319,N-autumn,0.5,train,0.4822505756199093,False
sample_00521.jpg,SRC_001,-5.0,180.0,51.987197,N-spring,0.5,calibration,0.39539215133999006,False
sample_00522.jpg,SRC_084,-10.0,180.0,58.957849,N-summer,0.25,train,0.39279853633170925,False
sample_00523.jpg,SRC_081,-90.0,0.0,74.772433,N-autumn,0.25,train,0.41766228722616033,False
sample_00524.jpg,SRC_066,-10.0,180.0,61.81065,N-summer,0.5,validation,0.4174953728170954,False
sample_00525.jpg,SRC_129,20.0,180.0,41.057252,N-spring,0.25,train,0.40146535383109827,False
sample_00526.jpg,SRC_156,10.0,180.0,48.737382,N-summer,0.25,train,0.4780645826123913,False
sample_00527.jpg,SRC_013,50.0,180.0,54.051464,N-spring,0.5,train,0.39087621791638666,False
sample_00528.jpg,SRC_004,30.0,180.0,61.107468,N-autumn,0.5,train,0.38134263156331855,False
sample_00529.jpg,SRC_007,20.0,180.0,49.485932,N-winter,0.25,validation,0.3864123552787829,False
sample_00530.jpg,SRC_171,-35.0,180.0,63.65778,N-spring,0.25,calibration,0.39763366362265684,False
sample_00531.jpg,SRC_098,-45.0,180.0,70.730178,N-summer,0.25,calibration,0.513785336124698,False
sample_00532.jpg,SRC_165,10.0,180.0,42.451267,N-winter,0.25,calibration,0.445472810892913,False
sample_00533.jpg,SRC_129,20.0,180.0,41.057252,N-spring,0.25,train,0.4573440276007382,False
sample_00534.jpg,SRC_097,0.0,180.0,35.318175,N-winter,0.25,train,0.4084455385106936,False
sample_00535.jpg,SRC_094,20.0,180.0,66.934532,N-autumn,0.25,train,0.4079963765728733,False
sample_00536.jpg,SRC_065,30.0,180.0,68.700871,N-winter,0.5,validation,0.4755986969258218,False
sample_00537.jpg,SRC_009,-25.0,180.0,73.827745,N-spring,0.5,train,0.5276503078485951,False
sample_00538.jpg,SRC_107,20.0,180.0,65.68027,N-autumn,0.5,train,0.47667521700586646,False
sample_00539.jpg,SRC_038,-15.0,180.0,32.097448,N-winter,0.25,validation,0.4088350324571531,False
sample_00540.jpg,SRC_146,10.0,180.0,58.0428,N-summer,0.5,validation,0.3980139733013968,False
sample_00541.jpg,SRC_006,-15.0,180.0,65.638079,N-spring,0.5,train,0.389363436749443,False
sample_00542.jpg,SRC_030,-25.0,180.0,67.936804,N-spring,0.5,train,0.4108168444931183,False
sample_00543.jpg,SRC_048,-25.0,180.0,61.920556,N-autumn,0.25,train,0.5237898910209088,False
sample_00544.jpg,SRC_004,30.0,180.0,61.107468,N-autumn,0.5,train,0.37828602313553905,False
sample_00545.jpg,SRC_061,50.0,180.0,43.110277,N-spring,0.5,train,0.3970051292349042,False
sample_00546.jpg,SRC_156,10.0,180.0,48.737382,N-summer,0.25,train,0.36292380425836107,False
sample_00547.jpg,SRC_158,-5.0,180.0,35.954137,N-winter,0.25,train,0.38837891107684247,False
sample_00548.jpg,SRC_020,35.0,180.0,42.075965,N-summer,0.25,train,0.39902941553491605,False
sample_00549.jpg,SRC_151,-15.0,180.0,63.408071,N-summer,0.5,train,0.3845177977721709,False
sample_00550.jpg,SRC_022,20.0,180.0,41.513642,N-spring,0.25,train,0.3784992013461012,False
sample_00551.jpg,SRC_087,0.0,180.0,54.65824,N-summer,0.25,train,0.515099809349944,False
sample_00552.jpg,SRC_154,0.0,180.0,54.770875,N-summer,0.5,train,0.5104428903345024,False
sample_00553.jpg,SRC_158,-5.0,180.0,35.954137,N-winter,0.25,train,0.3917920261815223,False
sample_00554.jpg,SRC_108,-40.0,180.0,68.856247,N-summer,0.5,validation,0.39064789015939533,False
sample_00555.jpg,SRC_009,-25.0,180.0,73.827745,N-spring,0.5,train,0.39331619456208644,False
sample_00556.jpg,SRC_168,90.0,0.0,64.709631,N-summer,0.25,train,0.4054775985967253,False
sample_00557.jpg,SRC_126,-20.0,180.0,68.779144,N-summer,0.5,train,0.5066093559342738,False
sample_00558.jpg,SRC_158,-5.0,180.0,35.954137,N-winter,0.25,train,0.3850016108497275,False
sample_00559.jpg,SRC_087,0.0,180.0,54.65824,N-summer,0.25,train,0.490974449894708,False
sample_00560.jpg,SRC_009,-25.0,180.0,73.827745,N-spring,0.5,train,0.3998589682903666,False
sample_00561.jpg,SRC_091,-40.0,180.0,72.511342,N-summer,0.5,train,0.3796209603956997,False
sample_00562.jpg,SRC_050,0.0,180.0,53.680047,N-summer,0.25,calibration,0.5332527547460392,False
sample_00563.jpg,SRC_153,-40.0,180.0,43.960452,N-autumn,0.25,train,0.5176792513832726,False
sample_00564.jpg,SRC_062,45.0,180.0,81.508965,N-autumn,0.5,train,0.39356011099637395,False
sample_00565.jpg,SRC_092,5.0,180.0,57.429528,N-autumn,0.25,validation,0.4064210869430955,False
sample_00566.jpg,SRC_091,-40.0,180.0,72.511342,N-summer,0.5,train,0.3854145841068305,False
sample_00567.jpg,SRC_084,-10.0,180.0,58.957849,N-summer,0.25,train,0.50696519600931,False
sample_00568.jpg,SRC_087,0.0,180.0,54.65824,N-summer,0.25,train,0.38399670335513736,False
sample_00569.jpg,SRC_076,25.0,180.0,63.632584,N-autumn,0.25,validation,0.3831942696946579,False
sample_00570.jpg,SRC_103,-35.0,180.0,57.090396,N-autumn,0.25,train,0.3897357398637663,False
sample_00571.jpg,SRC_040,90.0,0.0,57.651744,N-spring,0.5,validation,0.4162531312940659,False
sample_00572.jpg,SRC_114,-10.0,180.0,58.176498,N-autumn,0.5,calibration,0.3801759949130382,False
sample_00573.jpg,SRC_037,15.0,180.0,44.468297,N-spring,0.25,calibration,0.3904580051602833,False
sample_00574.jpg,SRC_003,0.0,180.0,38.090051,N-spring,0.25,train,0.4367691193437622,False
sample_00575.jpg,SRC_146,10.0,180.0,58.0428,N-summer,0.5,validation,0.4314775218488066,False
sample_00576.jpg,SRC_047,0.0,180.0,48.028677,N-spring,0.5,train,0.5208000360767422,False
sample_00577.jpg,SRC_095,-20.0,180.0,56.495654,N-spring,0.5,train,0.477287240168625,False
sample_00578.jpg,SRC_109,50.0,180.0,54.137665,N-summer,0.25,validation,0.3883291666219035,False
sample_00579.jpg,SRC_052,5.0,180.0,51.705435,N-summer,0.25,train,0.4261551817010484,False
sample_00580.jpg,SRC_037,15.0,180.0,44.468297,N-spring,0.25,calibration,0.38699987716375395,False
sample_00581.jpg,SRC_056,-40.0,180.0,74.660587,N-summer,0.5,train,0.38914853099813196,False
sample_00582.jpg,SRC_033,45.0,180.0,66.067561,N-summer,0.25,validation,0.3914084737824462,False
sample_00583.jpg,SRC_112,-30.0,180.0,67.516648,N-spring,0.5,train,0.4137915921184517,False
sample_00584.jpg,SRC_058,30.0,180.0,69.060883,N-autumn,0.5,train,0.43193731956680226,False
sample_00585.jpg,SRC_116,5.0,180.0,41.203028,N-spring,0.25,calibration,0.38626027980021055,False
sample_00586.jpg,SRC_074,0.0,180.0,50.25459,N-spring,0.5,train,0.4704689137791135,False
sample_00587.jpg,SRC_165,10.0,180.0,42.451267,N-winter,0.25,calibration,0.38572031119780154,False
sample_00588.jpg,SRC_089,10.0,180.0,48.442522,N-winter,0.25,validation,0.4108802523929283,False
sample_00589.jpg,SRC_071,20.0,180.0,40.070501,N-spring,0.25,train,0.4599180247253923,False
sample_00590.jpg,SRC_075,-90.0,0.0,65.329336,N-winter,0.25,train,0.5033822736684387,False
sample_00591.jpg,SRC_118,35.0,180.0,49.493581,N-summer,0.25,validation,0.5189176510409441,False
sample_00592.jpg,SRC_091,-40.0,180.0,72.511342,N-summer,0.5,train,0.5084912343452215,False
sample_00593.jpg,SRC_050,0.0,180.0,53.680047,N-summer,0.25,calibration,0.4192258497711225,False
sample_00594.jpg,SRC_154,0.0,180.0,54.770875,N-summer,0.5,train,0.4722646279310859,False
sample_00595.jpg,SRC_096,25.0,180.0,40.422288,N-spring,0.25,calibration,0.4751002181056415,False
sample_00596.jpg,SRC_067,-15.0,180.0,64.724247,N-spring,0.5,calibration,0.39801678403132856,False
sample_00597.jpg,SRC_022,20.0,180.0,41.513642,N-spring,0.25,train,0.5208695564877963,False
sample_00598.jpg,SRC_040,90.0,0.0,57.651744,N-spring,0.5,validation,0.38737829947088853,False
sample_00599.jpg,SRC_024,10.0,180.0,53.725813,N-summer,0.25,calibration,0.3916588026060691,False
sample_00600.jpg,SRC_041,15.0,180.0,46.712049,N-summer,0.25,calibration,0.479069097182777,False
sample_00601.jpg,SRC_021,-90.0,0.0,68.040851,N-autumn,0.5,calibration,0.39305436753569484,False
sample_00602.jpg,SRC_030,-25.0,180.0,67.936804,N-spring,0.5,train,0.38967689202452405,False
sample_00603.jpg,SRC_170,-20.0,180.0,56.332579,N-autumn,0.25,train,0.3903420161849308,False
sample_00604.jpg,SRC_148,-15.0,180.0,49.227137,N-autumn,0.25,train,0.41496625824823996,False
sample_00605.jpg,SRC_009,-25.0,180.0,73.827745,N-spring,0.5,train,0.3828408355263886,False
sample_00606.jpg,SRC_083,0.0,180.0,55.378885,N-spring,0.25,train,0.5066990135725328,False
sample_00607.jpg,SRC_087,0.0,180.0,54.65824,N-summer,0.25,train,0.38932638585464807,False
sample_00608.jpg,SRC_099,15.0,180.0,42.024472,N-spring,0.5,train,0.40126349926304794,False
sample_00609.jpg,SRC_026,90.0,0.0,57.238404,N-spring,0.25,train,0.4359804876532515,False
sample_00610.jpg,SRC_037,15.0,180.0,44.468297,N-spring,0.25,calibration,0.3799699408885247,False
sample_00611.jpg,SRC_156,10.0,180.0,48.737382,N-summer,0.25,train,0.3842138627101822,False
sample_00612.jpg,SRC_103,-35.0,180.0,57.090396,N-autumn,0.25,train,0.4542319315614275,False
sample_00613.jpg,SRC_108,-40.0,180.0,68.856247,N-summer,0.5,validation,0.37977858418309696,False
sample_00614.jpg,SRC_158,-5.0,180.0,35.954137,N-winter,0.25,train,0.38295601140602714,False
sample_00615.jpg,SRC_146,10.0,180.0,58.0428,N-summer,0.5,validation,0.38957658411994944,False
sample_00616.jpg,SRC_171,-35.0,180.0,63.65778,N-spring,0.25,calibration,0.3913454513907983,False
sample_00617.jpg,SRC_107,20.0,180.0,65.68027,N-autumn,0.5,train,0.4052807193897362,False
sample_00618.jpg,SRC_135,5.0,180.0,41.328761,N-winter,0.5,train,0.4351700984239416,False
sample_00619.jpg,SRC_114,-10.0,180.0,58.176498,N-autumn,0.5,calibration,0.4739322194076438,False
sample_00620.jpg,SRC_058,30.0,180.0,69.060883,N-autumn,0.5,train,0.39225311130258805,False
sample_00621.jpg,SRC_157,40.0,180.0,44.22455,N-summer,0.25,train,0.39031058255432327,False
sample_00622.jpg,SRC_006,-15.0,180.0,65.638079,N-spring,0.5,train,0.37508792508224165,False
sample_00623.jpg,SRC_102,-10.0,180.0,52.255853,N-spring,0.25,train,0.451631488279432,False
sample_00624.jpg,SRC_007,20.0,180.0,49.485932,N-winter,0.25,validation,0.40393843605001045,False
sample_00625.jpg,SRC_041,15.0,180.0,46.712049,N-summer,0.25,calibration,0.49621786982933075,False
sample_00626.jpg,SRC_146,10.0,180.0,58.0428,N-summer,0.5,validation,0.4087103873476029,False
sample_00627.jpg,SRC_096,25.0,180.0,40.422288,N-spring,0.25,calibration,0.41155656807516705,False
sample_00628.jpg,SRC_013,50.0,180.0,54.051464,N-spring,0.5,train,0.3759911276339541,False
sample_00629.jpg,SRC_074,0.0,180.0,50.25459,N-spring,0.5,train,0.5090732982525641,False
sample_00630.jpg,SRC_112,-30.0,180.0,67.516648,N-spring,0.5,train,0.3895062592700318,False
sample_00631.jpg,SRC_008,25.0,180.0,61.005891,N-autumn,0.25,train,0.43649445368480055,False
sample_00632.jpg,SRC_004,30.0,180.0,61.107468,N-autumn,0.5,train,0.37979588670414277,False
sample_00633.jpg,SRC_099,15.0,180.0,42.024472,N-spring,0.5,train,0.38291329939862817,False
sample_00634.jpg,SRC_091,-40.0,180.0,72.511342,N-summer,0.5,train,0.4417461247284849,False
sample_00635.jpg,SRC_139,40.0,180.0,53.533251,N-winter,0.25,train,0.4014474863221215,False
sample_00636.jpg,SRC_151,-15.0,180.0,63.408071,N-summer,0.5,train,0.4070715556931672,False
sample_00637.jpg,SRC_142,-30.0,180.0,34.276784,N-winter,0.25,train,0.42144112447377663,False
sample_00638.jpg,SRC_141,-10.0,180.0,55.206291,N-spring,0.25,train,0.3757743532895409,False
sample_00639.jpg,SRC_042,10.0,180.0,36.92431,N-spring,0.5,train,0.37753749384775465,False
sample_00640.jpg,SRC_067,-15.0,180.0,64.724247,N-spring,0.5,calibration,0.3820548938748381,False
sample_00641.jpg,SRC_013,50.0,180.0,54.051464,N-spring,0.5,train,0.3942314349821365,False
sample_00642.jpg,SRC_013,50.0,180.0,54.051464,N-spring,0.5,train,0.4400458531596302,False
sample_00643.jpg,SRC_171,-35.0,180.0,63.65778,N-spring,0.25,calibration,0.38504873683173074,False
sample_00644.jpg,SRC_145,-5.0,180.0,52.15166,N-spring,0.25,train,0.42408339465492484,False
sample_00645.jpg,SRC_126,-20.0,180.0,68.779144,N-summer,0.5,train,0.41962583225212285,False
sample_00646.jpg,SRC_071,20.0,180.0,40.070501,N-spring,0.25,train,0.47023010586882313,False
sample_00647.jpg,SRC_095,-20.0,180.0,56.495654,N-spring,0.5,train,0.3922012238289935,False
sample_00648.jpg,SRC_126,-20.0,180.0,68.779144,N-summer,0.5,train,0.3877544131578857,False
sample_00649.jpg,SRC_170,-20.0,180.0,56.332579,N-autumn,0.25,train,0.3810972537553886,False
sample_00650.jpg,SRC_125,-5.0,180.0,52.428603,N-spring,0.25,train,0.4124204714626824,False
sample_00651.jpg,SRC_007,20.0,180.0,49.485932,N-winter,0.25,validation,0.40466379362701,False
sample_00652.jpg,SRC_171,-35.0,180.0,63.65778,N-spring,0.25,calibration,0.38677367431229365,False
sample_00653.jpg,SRC_144,-35.0,180.0,76.731052,N-spring,0.5,train,0.43097437028540286,False
sample_00654.jpg,SRC_021,-90.0,0.0,68.040851,N-autumn,0.5,calibration,0.3828768170147524,False
sample_00655.jpg,SRC_014,-40.0,180.0,38.480327,N-winter,0.25,calibration,0.3834413172717927,False
sample_00656.jpg,SRC_084,-10.0,180.0,58.957849,N-summer,0.25,train,0.38662985313937986,False
sample_00657.jpg,SRC_042,10.0,180.0,36.92431,N-spring,0.5,train,0.38472261767038984,False
sample_00658.jpg,SRC_015,20.0,180.0,46.484204,N-summer,0.25,train,0.3870591841394049,False
sample_00659.jpg,SRC_170,-20.0,180.0,56.332579,N-autumn,0.25,train,0.40660125833478544,False
sample_00660.jpg,SRC_124,0.0,180.0,51.928413,N-summer,0.25,train,0.40092125811289847,False
sample_00661.jpg,SRC_065,30.0,180.0,68.700871,N-winter,0.5,validation,0.499333103715392,False
sample_00662.jpg,SRC_063,25.0,180.0,41.329237,N-spring,0.25,train,0.39047575331957673,False
sample_00663.jpg,SRC_158,-5.0,180.0,35.954137,N-winter,0.25,train,0.3892654753676157,False
sample_00664.jpg,SRC_084,-10.0,180.0,58.957849,N-summer,0.25,train,0.4175867395985221,False
sample_00665.jpg,SRC_007,20.0,180.0,49.485932,N-winter,0.25,validation,0.384785292576604,False
sample_00666.jpg,SRC_134,-30.0,180.0,69.607895,N-spring,0.5,train,0.3954115841446625,False
sample_00667.jpg,SRC_069,25.0,180.0,48.120522,N-summer,0.5,train,0.4474369297607965,False
sample_00668.jpg,SRC_151,-15.0,180.0,63.408071,N-summer,0.5,train,0.39920398596970474,False
sample_00669.jpg,SRC_150,10.0,180.0,50.798821,N-summer,0.5,train,0.4189904661815427,False
sample_00670.jpg,SRC_022,20.0,180.0,41.513642,N-spring,0.25,train,0.40966909954185204,False
sample_00671.jpg,SRC_149,90.0,0.0,55.701783,N-summer,0.25,train,0.44876457226471167,False
sample_00672.jpg,SRC_052,5.0,180.0,51.705435,N-summer,0.25,train,0.49410221388325126,False
sample_00673.jpg,SRC_009,-25.0,180.0,73.827745,N-spring,0.5,train,0.4050989645193466,False
sample_00674.jpg,SRC_011,-20.0,180.0,70.371153,N-summer,0.25,train,0.3949808052744248,False
sample_00675.jpg,SRC_030,-25.0,180.0,67.936804,N-spring,0.5,train,0.3843152505759708,False
sample_00676.jpg,SRC_018,-90.0,0.0,67.882485,N-winter,0.25,train,0.49431082686631866,False
sample_00677.jpg,SRC_109,50.0,180.0,54.137665,N-summer,0.25,validation,0.4359433015409964,False
sample_00678.jpg,SRC_013,50.0,180.0,54.051464,N-spring,0.5,train,0.40014614573936386,False
sample_00679.jpg,SRC_139,40.0,180.0,53.533251,N-winter,0.25,train,0.40986844066279227,False
sample_00680.jpg,SRC_065,30.0,180.0,68.700871,N-winter,0.5,validation,0.48592615359812663,False
sample_00681.jpg,SRC_049,5.0,180.0,42.94902,N-spring,0.25,train,0.4836064398117105,False
sample_00682.jpg,SRC_111,-35.0,180.0,79.069883,N-spring,1.0,train,0.43986045949737446,False
sample_00683.jpg,SRC_087,0.0,180.0,54.65824,N-summer,0.25,train,0.3733120479027641,False
sample_00684.jpg,SRC_142,-30.0,180.0,34.276784,N-winter,0.25,train,0.4171344452953445,False
sample_00685.jpg,SRC_075,-90.0,0.0,65.329336,N-winter,0.25,train,0.3825020731175892,False
sample_00686.jpg,SRC_111,-35.0,180.0,79.069883,N-spring,1.0,train,0.5007242764133457,False
sample_00687.jpg,SRC_058,30.0,180.0,69.060883,N-autumn,0.5,train,0.3968838423715334,False
sample_00688.jpg,SRC_043,10.0,180.0,50.433279,N-summer,0.5,calibration,0.40541250320158895,False
sample_00689.jpg,SRC_116,5.0,180.0,41.203028,N-spring,0.25,calibration,0.4442624635539145,False
sample_00690.jpg,SRC_072,15.0,180.0,46.966801,N-winter,0.25,train,0.3984662989637738,False
sample_00691.jpg,SRC_040,90.0,0.0,57.651744,N-spring,0.5,validation,0.389772703766015,False
sample_00692.jpg,SRC_026,90.0,0.0,57.238404,N-spring,0.25,train,0.4649382200795903,False
sample_00693.jpg,SRC_009,-25.0,180.0,73.827745,N-spring,0.5,train,0.39061487960515145,False
sample_00694.jpg,SRC_063,25.0,180.0,41.329237,N-spring,0.25,train,0.36897849939193506,False
sample_00695.jpg,SRC_103,-35.0,180.0,57.090396,N-autumn,0.25,train,0.40007449774479553,False
sample_00696.jpg,SRC_107,20.0,180.0,65.68027,N-autumn,0.5,train,0.39444353586534725,False
sample_00697.jpg,SRC_139,40.0,180.0,53.533251,N-winter,0.25,train,0.3922071428189026,False
sample_00698.jpg,SRC_108,-40.0,180.0,68.856247,N-summer,0.5,validation,0.38633609266736524,False
sample_00699.jpg,SRC_011,-20.0,180.0,70.371153,N-summer,0.25,train,0.38330189466358433,False
sample_00700.jpg,SRC_041,15.0,180.0,46.712049,N-summer,0.25,calibration,0.37498052962995115,False
sample_00701.jpg,SRC_009,-25.0,180.0,73.827745,N-spring,0.5,train,0.3974672469971415,False
sample_00702.jpg,SRC_159,20.0,180.0,67.076816,N-autumn,0.25,train,0.3818617789245534,False
sample_00703.jpg,SRC_121,25.0,180.0,67.446292,N-autumn,0.5,validation,0.48553312534777326,False
sample_00704.jpg,SRC_158,-5.0,180.0,35.954137,N-winter,0.25,train,0.38439696924785316,False
sample_00705.jpg,SRC_108,-40.0,180.0,68.856247,N-summer,0.5,validation,0.3786652879014249,False
sample_00706.jpg,SRC_145,-5.0,180.0,52.15166,N-spring,0.25,train,0.38498684487921253,False
sample_00707.jpg,SRC_091,-40.0,180.0,72.511342,N-summer,0.5,train,0.38596601134050196,False
sample_00708.jpg,SRC_024,10.0,180.0,53.725813,N-summer,0.25,calibration,0.43794222854087683,False
sample_00709.jpg,SRC_154,0.0,180.0,54.770875,N-summer,0.5,train,0.47657049836706034,False
sample_00710.jpg,SRC_153,-40.0,180.0,43.960452,N-autumn,0.25,train,0.3972316985015614,False
sample_00711.jpg,SRC_097,0.0,180.0,35.318175,N-winter,0.25,train,0.43834995734227034,False
sample_00712.jpg,SRC_111,-35.0,180.0,79.069883,N-spring,1.0,train,0.5263465923135268,False
sample_00713.jpg,SRC_072,15.0,180.0,46.966801,N-winter,0.25,train,0.4464429781973168,False
sample_00714.jpg,SRC_091,-40.0,180.0,72.511342,N-summer,0.5,train,0.3925648756470726,False
sample_00715.jpg,SRC_065,30.0,180.0,68.700871,N-winter,0.5,validation,0.4915493445585911,False
sample_00716.jpg,SRC_169,40.0,180.0,48.615664,N-summer,0.25,validation,0.37557497185075045,False
sample_00717.jpg,SRC_124,0.0,180.0,51.928413,N-summer,0.25,train,0.39729426193145095,False
sample_00718.jpg,SRC_090,50.0,180.0,47.196626,N-summer,0.25,train,0.3731287481685241,False
sample_00719.jpg,SRC_116,5.0,180.0,41.203028,N-spring,0.25,calibration,0.4191671918750049,False
sample_00720.jpg,SRC_081,-90.0,0.0,74.772433,N-autumn,0.25,train,0.4950790475546409,False
sample_00721.jpg,SRC_084,-10.0,180.0,58.957849,N-summer,0.25,train,0.4747418600150942,False
sample_00722.jpg,SRC_168,90.0,0.0,64.709631,N-summer,0.25,train,0.5152581146102096,False
sample_00723.jpg,SRC_075,-90.0,0.0,65.329336,N-winter,0.25,train,0.3800580416200088,False
sample_00724.jpg,SRC_082,-10.0,180.0,60.444036,N-spring,0.25,train,0.38263544914795766,False
sample_00725.jpg,SRC_023,-10.0,180.0,50.837437,N-spring,0.25,train,0.4473556892302925,False
sample_00726.jpg,SRC_157,40.0,180.0,44.22455,N-summer,0.25,train,0.3834497214588694,False
sample_00727.jpg,SRC_009,-25.0,180.0,73.827745,N-spring,0.5,train,0.40161600446963436,False
sample_00728.jpg,SRC_047,0.0,180.0,48.028677,N-spring,0.5,train,0.4383475954441384,False
sample_00729.jpg,SRC_164,20.0,180.0,59.226879,N-autumn,0.25,train,0.47253173972471857,False
sample_00730.jpg,SRC_081,-90.0,0.0,74.772433,N-autumn,0.25,train,0.5094101693998032,False
sample_00731.jpg,SRC_009,-25.0,180.0,73.827745,N-spring,0.5,train,0.3904688098102662,False
sample_00732.jpg,SRC_106,25.0,180.0,40.638999,N-spring,0.5,validation,0.43977677137595644,False
sample_00733.jpg,SRC_109,50.0,180.0,54.137665,N-summer,0.25,validation,0.47325472221417436,False
sample_00734.jpg,SRC_006,-15.0,180.0,65.638079,N-spring,0.5,train,0.38483538853256766,False
sample_00735.jpg,SRC_108,-40.0,180.0,68.856247,N-summer,0.5,validation,0.4058101008739933,False
sample_00736.jpg,SRC_068,0.0,180.0,56.216196,N-summer,0.25,train,0.5273378105876187,False
sample_00737.jpg,SRC_108,-40.0,180.0,68.856247,N-summer,0.5,validation,0.37781335252437503,False
sample_00738.jpg,SRC_148,-15.0,180.0,49.227137,N-autumn,0.25,train,0.5135309832425,False
sample_00739.jpg,SRC_067,-15.0,180.0,64.724247,N-spring,0.5,calibration,0.40430044883187827,False
sample_00740.jpg,SRC_150,10.0,180.0,50.798821,N-summer,0.5,train,0.39695617621587215,False
sample_00741.jpg,SRC_009,-25.0,180.0,73.827745,N-spring,0.5,train,0.3838706387567177,False
sample_00742.jpg,SRC_047,0.0,180.0,48.028677,N-spring,0.5,train,0.41830014799338977,False
sample_00743.jpg,SRC_127,-35.0,180.0,47.507974,N-autumn,0.5,train,0.3803012575824322,False
sample_00744.jpg,SRC_104,25.0,180.0,45.102036,N-summer,0.5,calibration,0.5225693235550467,False
sample_00745.jpg,SRC_064,90.0,0.0,60.573524,N-spring,0.25,train,0.4918678469529462,False
sample_00746.jpg,SRC_074,0.0,180.0,50.25459,N-spring,0.5,train,0.4000502467193684,False
sample_00747.jpg,SRC_035,0.0,180.0,56.990187,N-autumn,0.25,train,0.38654757626246383,False
sample_00748.jpg,SRC_004,30.0,180.0,61.107468,N-autumn,0.5,train,0.4845227175408776,False
sample_00749.jpg,SRC_151,-15.0,180.0,63.408071,N-summer,0.5,train,0.3954407082817326,False
sample_00750.jpg,SRC_051,20.0,180.0,63.609319,N-autumn,0.5,train,0.3729079504374025,False
sample_00751.jpg,SRC_009,-25.0,180.0,73.827745,N-spring,0.5,train,0.49920931913328365,False
sample_00752.jpg,SRC_125,-5.0,180.0,52.428603,N-spring,0.25,train,0.45798041809074397,False
sample_00753.jpg,SRC_135,5.0,180.0,41.328761,N-winter,0.5,train,0.49660018799201594,False
sample_00754.jpg,SRC_049,5.0,180.0,42.94902,N-spring,0.25,train,0.46985465168069407,False
sample_00755.jpg,SRC_102,-10.0,180.0,52.255853,N-spring,0.25,train,0.5295912711695199,False
sample_00756.jpg,SRC_156,10.0,180.0,48.737382,N-summer,0.25,train,0.38583071985584266,False
sample_00757.jpg,SRC_030,-25.0,180.0,67.936804,N-spring,0.5,train,0.3906221949733794,False
sample_00758.jpg,SRC_068,0.0,180.0,56.216196,N-summer,0.25,train,0.4115630998894465,False
sample_00759.jpg,SRC_139,40.0,180.0,53.533251,N-winter,0.25,train,0.4281324017627394,False
sample_00760.jpg,SRC_097,0.0,180.0,35.318175,N-winter,0.25,train,0.4446834028482942,False
sample_00761.jpg,SRC_063,25.0,180.0,41.329237,N-spring,0.25,train,0.49447345817929983,False
sample_00762.jpg,SRC_114,-10.0,180.0,58.176498,N-autumn,0.5,calibration,0.3758367709858059,False
sample_00763.jpg,SRC_153,-40.0,180.0,43.960452,N-autumn,0.25,train,0.3997678828571253,False
sample_00764.jpg,SRC_041,15.0,180.0,46.712049,N-summer,0.25,calibration,0.37689457339965193,False
sample_00765.jpg,SRC_027,35.0,180.0,41.369436,N-spring,0.5,calibration,0.39823315401277326,False
sample_00766.jpg,SRC_056,-40.0,180.0,74.660587,N-summer,0.5,train,0.4008374105765869,False
sample_00767.jpg,SRC_013,50.0,180.0,54.051464,N-spring,0.5,train,0.43937509466083335,False
sample_00768.jpg,SRC_113,-35.0,180.0,36.668707,N-winter,0.25,train,0.4059782562440378,False
sample_00769.jpg,SRC_001,-5.0,180.0,51.987197,N-spring,0.5,calibration,0.3958047262147386,False
sample_00770.jpg,SRC_164,20.0,180.0,59.226879,N-autumn,0.25,train,0.39232960748207035,False
sample_00771.jpg,SRC_165,10.0,180.0,42.451267,N-winter,0.25,calibration,0.5241468900139925,False
sample_00772.jpg,SRC_087,0.0,180.0,54.65824,N-summer,0.25,train,0.4067737247089707,False
sample_00773.jpg,SRC_011,-20.0,180.0,70.371153,N-summer,0.25,train,0.39652223510857676,False
sample_00774.jpg,SRC_113,-35.0,180.0,36.668707,N-winter,0.25,train,0.4059470001534401,False
sample_00775.jpg,SRC_076,25.0,180.0,63.632584,N-autumn,0.25,validation,0.5083194147687858,False
sample_00776.jpg,SRC_107,20.0,180.0,65.68027,N-autumn,0.5,train,0.41525748488773234,False
sample_00777.jpg,SRC_027,35.0,180.0,41.369436,N-spring,0.5,calibration,0.38457276506246785,False
sample_00778.jpg,SRC_111,-35.0,180.0,79.069883,N-spring,1.0,train,0.4471030083565398,False
sample_00779.jpg,SRC_165,10.0,180.0,42.451267,N-winter,0.25,calibration,0.40904636614325207,False
sample_00780.jpg,SRC_115,25.0,180.0,41.8845,N-spring,0.25,train,0.4251412656062497,False
sample_00781.jpg,SRC_146,10.0,180.0,58.0428,N-summer,0.5,validation,0.4049207162876466,False
sample_00782.jpg,SRC_116,5.0,180.0,41.203028,N-spring,0.25,calibration,0.43519715495493616,False
sample_00783.jpg,SRC_076,25.0,180.0,63.632584,N-autumn,0.25,validation,0.4949469754368434,False
sample_00784.jpg,SRC_106,25.0,180.0,40.638999,N-spring,0.5,validation,0.4767360172538469,False
sample_00785.jpg,SRC_106,25.0,180.0,40.638999,N-spring,0.5,validation,0.46522669371591874,False
sample_00786.jpg,SRC_126,-20.0,180.0,68.779144,N-summer,0.5,train,0.4030070427757556,False
sample_00787.jpg,SRC_061,50.0,180.0,43.110277,N-spring,0.5,train,0.40742510566117696,False
sample_00788.jpg,SRC_099,15.0,180.0,42.024472,N-spring,0.5,train,0.3843220779561853,False
sample_00789.jpg,SRC_063,25.0,180.0,41.329237,N-spring,0.25,train,0.3754451320056288,False
sample_00790.jpg,SRC_168,90.0,0.0,64.709631,N-summer,0.25,train,0.38245736224707105,False
sample_00791.jpg,SRC_109,50.0,180.0,54.137665,N-summer,0.25,validation,0.3853765622371805,False
sample_00792.jpg,SRC_064,90.0,0.0,60.573524,N-spring,0.25,train,0.4849544156053839,False
sample_00793.jpg,SRC_113,-35.0,180.0,36.668707,N-winter,0.25,train,0.3980986794133465,False
sample_00794.jpg,SRC_148,-15.0,180.0,49.227137,N-autumn,0.25,train,0.41105634524431,False
sample_00795.jpg,SRC_061,50.0,180.0,43.110277,N-spring,0.5,train,0.46488297979488513,False
sample_00796.jpg,SRC_042,10.0,180.0,36.92431,N-spring,0.5,train,0.3773559520315116,False
sample_00797.jpg,SRC_004,30.0,180.0,61.107468,N-autumn,0.5,train,0.36983297172758667,False
sample_00798.jpg,SRC_095,-20.0,180.0,56.495654,N-spring,0.5,train,0.3994228410980158,False
sample_00799.jpg,SRC_073,45.0,180.0,41.537171,N-spring,0.25,train,0.4011873565809531,False
sample_00800.jpg,SRC_042,10.0,180.0,36.92431,N-spring,0.5,train,0.39587064329577765,False
sample_00801.jpg,SRC_159,20.0,180.0,67.076816,N-autumn,0.25,train,0.5146464072762712,False
sample_00802.jpg,SRC_075,-90.0,0.0,65.329336,N-winter,0.25,train,0.417177710815539,False
sample_00803.jpg,SRC_080,-25.0,180.0,69.726065,N-summer,0.25,calibration,0.39520691235996624,False
sample_00804.jpg,SRC_142,-30.0,180.0,34.276784,N-winter,0.25,train,0.4318478349120724,False
sample_00805.jpg,SRC_157,40.0,180.0,44.22455,N-summer,0.25,train,0.3955179299764887,False
sample_00806.jpg,SRC_073,45.0,180.0,41.537171,N-spring,0.25,train,0.39166451552286297,False
sample_00807.jpg,SRC_020,35.0,180.0,42.075965,N-summer,0.25,train,0.40623089480485985,False
sample_00808.jpg,SRC_056,-40.0,180.0,74.660587,N-summer,0.5,train,0.40888568178733353,False
sample_00809.jpg,SRC_013,50.0,180.0,54.051464,N-spring,0.5,train,0.3959529572909111,False
sample_00810.jpg,SRC_051,20.0,180.0,63.609319,N-autumn,0.5,train,0.3878959260687422,False
sample_00811.jpg,SRC_051,20.0,180.0,63.609319,N-autumn,0.5,train,0.3840407760619623,False
sample_00812.jpg,SRC_108,-40.0,180.0,68.856247,N-summer,0.5,validation,0.40063045223118277,False
sample_00813.jpg,SRC_040,90.0,0.0,57.651744,N-spring,0.5,validation,0.4143724073695695,False
sample_00814.jpg,SRC_136,-35.0,180.0,76.922409,N-spring,0.5,train,0.4862208361050547,False
sample_00815.jpg,SRC_092,5.0,180.0,57.429528,N-autumn,0.25,validation,0.5057673929363111,False
sample_00816.jpg,SRC_095,-20.0,180.0,56.495654,N-spring,0.5,train,0.48420744656144576,False
sample_00817.jpg,SRC_095,-20.0,180.0,56.495654,N-spring,0.5,train,0.40332615858771276,False
sample_00818.jpg,SRC_100,20.0,180.0,41.506528,N-spring,0.25,train,0.5081191435139278,False
sample_00819.jpg,SRC_040,90.0,0.0,57.651744,N-spring,0.5,validation,0.3906966808423205,False
sample_00820.jpg,SRC_041,15.0,180.0,46.712049,N-summer,0.25,calibration,0.3754526285114961,False
sample_00821.jpg,SRC_088,0.0,180.0,53.004483,N-summer,0.25,train,0.4225655101175351,False
sample_00822.jpg,SRC_111,-35.0,180.0,79.069883,N-spring,1.0,train,0.5462556253465756,False
sample_00823.jpg,SRC_144,-35.0,180.0,76.731052,N-spring,0.5,train,0.4159635467398612,False
sample_00824.jpg,SRC_067,-15.0,180.0,64.724247,N-spring,0.5,calibration,0.529149370820735,False
sample_00825.jpg,SRC_153,-40.0,180.0,43.960452,N-autumn,0.25,train,0.3876049916291288,False
sample_00826.jpg,SRC_109,50.0,180.0,54.137665,N-summer,0.25,validation,0.480946365622582,False
sample_00827.jpg,SRC_023,-10.0,180.0,50.837437,N-spring,0.25,train,0.4359593496108528,False
sample_00828.jpg,SRC_077,-5.0,180.0,34.299081,N-winter,0.25,train,0.4464274072690415,False
sample_00829.jpg,SRC_115,25.0,180.0,41.8845,N-spring,0.25,train,0.42200262413494416,False
sample_00830.jpg,SRC_121,25.0,180.0,67.446292,N-autumn,0.5,validation,0.4641406874192374,False
sample_00831.jpg,SRC_108,-40.0,180.0,68.856247,N-summer,0.5,validation,0.4006056781255479,False
sample_00832.jpg,SRC_003,0.0,180.0,38.090051,N-spring,0.25,train,0.374434272131696,False
sample_00833.jpg,SRC_074,0.0,180.0,50.25459,N-spring,0.5,train,0.5216086550474257,False
sample_00834.jpg,SRC_037,15.0,180.0,44.468297,N-spring,0.25,calibration,0.4451199120578842,False
sample_00835.jpg,SRC_095,-20.0,180.0,56.495654,N-spring,0.5,train,0.3952975443728447,False
sample_00836.jpg,SRC_093,-25.0,180.0,43.343655,N-autumn,0.5,calibration,0.3864034235558992,False
sample_00837.jpg,SRC_098,-45.0,180.0,70.730178,N-summer,0.25,calibration,0.5006814789243205,False
sample_00838.jpg,SRC_031,-90.0,0.0,62.684336,N-winter,0.5,train,0.46779284323166437,False
sample_00839.jpg,SRC_076,25.0,180.0,63.632584,N-autumn,0.25,validation,0.38900404872612726,False
sample_00840.jpg,SRC_154,0.0,180.0,54.770875,N-summer,0.5,train,0.520138524848258,False
sample_00841.jpg,SRC_030,-25.0,180.0,67.936804,N-spring,0.5,train,0.38781150489405614,False
sample_00842.jpg,SRC_076,25.0,180.0,63.632584,N-autumn,0.25,validation,0.38201034649333077,False
sample_00843.jpg,SRC_153,-40.0,180.0,43.960452,N-autumn,0.25,train,0.41738906714754603,False
sample_00844.jpg,SRC_028,10.0,180.0,42.894848,N-spring,0.25,calibration,0.37952046597917977,False
sample_00845.jpg,SRC_157,40.0,180.0,44.22455,N-summer,0.25,train,0.381190339837936,False
sample_00846.jpg,SRC_017,-90.0,0.0,64.6979,N-winter,0.25,train,0.3962814577676903,False
sample_00847.jpg,SRC_041,15.0,180.0,46.712049,N-summer,0.25,calibration,0.3878521378588119,False
sample_00848.jpg,SRC_047,0.0,180.0,48.028677,N-spring,0.5,train,0.43324543555597544,False
sample_00849.jpg,SRC_022,20.0,180.0,41.513642,N-spring,0.25,train,0.5154974387975303,False
sample_00850.jpg,SRC_013,50.0,180.0,54.051464,N-spring,0.5,train,0.3813100652785885,False
sample_00851.jpg,SRC_151,-15.0,180.0,63.408071,N-summer,0.5,train,0.3732427078585423,False
sample_00852.jpg,SRC_115,25.0,180.0,41.8845,N-spring,0.25,train,0.4202122116175536,False
sample_00853.jpg,SRC_108,-40.0,180.0,68.856247,N-summer,0.5,validation,0.41881916357030013,False
sample_00854.jpg,SRC_111,-35.0,180.0,79.069883,N-spring,1.0,train,0.4241430095526833,False
sample_00855.jpg,SRC_062,45.0,180.0,81.508965,N-autumn,0.5,train,0.38715214645014306,False
sample_00856.jpg,SRC_159,20.0,180.0,67.076816,N-autumn,0.25,train,0.38718386215812833,False
sample_00857.jpg,SRC_149,90.0,0.0,55.701783,N-summer,0.25,train,0.4826010467468058,False
sample_00858.jpg,SRC_148,-15.0,180.0,49.227137,N-autumn,0.25,train,0.49385971406740803,False
sample_00859.jpg,SRC_151,-15.0,180.0,63.408071,N-summer,0.5,train,0.39267651980492724,False
sample_00860.jpg,SRC_156,10.0,180.0,48.737382,N-summer,0.25,train,0.4619392286034019,False
sample_00861.jpg,SRC_115,25.0,180.0,41.8845,N-spring,0.25,train,0.4057149616006807,False
sample_00862.jpg,SRC_005,0.0,180.0,55.846781,N-summer,0.5,calibration,0.3840745913661153,False
sample_00863.jpg,SRC_144,-35.0,180.0,76.731052,N-spring,0.5,train,0.5165626913348815,False
sample_00864.jpg,SRC_093,-25.0,180.0,43.343655,N-autumn,0.5,calibration,0.41860345505119445,False
sample_00865.jpg,SRC_168,90.0,0.0,64.709631,N-summer,0.25,train,0.5408111050440116,False
sample_00866.jpg,SRC_044,-90.0,0.0,81.862162,N-autumn,0.5,train,0.48705989286801915,False
sample_00867.jpg,SRC_170,-20.0,180.0,56.332579,N-autumn,0.25,train,0.41895067189159085,False
sample_00868.jpg,SRC_066,-10.0,180.0,61.81065,N-summer,0.5,validation,0.40042067461721464,False
sample_00869.jpg,SRC_171,-35.0,180.0,63.65778,N-spring,0.25,calibration,0.3832414974815098,False
sample_00870.jpg,SRC_091,-40.0,180.0,72.511342,N-summer,0.5,train,0.39077670182138524,False
sample_00871.jpg,SRC_153,-40.0,180.0,43.960452,N-autumn,0.25,train,0.5154331838233761,False
sample_00872.jpg,SRC_041,15.0,180.0,46.712049,N-summer,0.25,calibration,0.3705466148501266,False
sample_00873.jpg,SRC_124,0.0,180.0,51.928413,N-summer,0.25,train,0.430489691946127,False
sample_00874.jpg,SRC_095,-20.0,180.0,56.495654,N-spring,0.5,train,0.418143211563756,False
sample_00875.jpg,SRC_109,50.0,180.0,54.137665,N-summer,0.25,validation,0.3928935267057829,False
sample_00876.jpg,SRC_040,90.0,0.0,57.651744,N-spring,0.5,validation,0.3865511795797024,False
sample_00877.jpg,SRC_082,-10.0,180.0,60.444036,N-spring,0.25,train,0.3976646954054434,False
sample_00878.jpg,SRC_121,25.0,180.0,67.446292,N-autumn,0.5,validation,0.3931035330232178,False
sample_00879.jpg,SRC_158,-5.0,180.0,35.954137,N-winter,0.25,train,0.40140624915155565,False
sample_00880.jpg,SRC_102,-10.0,180.0,52.255853,N-spring,0.25,train,0.4729547779459321,False
sample_00881.jpg,SRC_059,15.0,180.0,48.046698,N-summer,0.25,train,0.5056720102785873,False
sample_00882.jpg,SRC_108,-40.0,180.0,68.856247,N-summer,0.5,validation,0.4050389195453071,False
sample_00883.jpg,SRC_109,50.0,180.0,54.137665,N-summer,0.25,validation,0.3946174834688535,False
sample_00884.jpg,SRC_013,50.0,180.0,54.051464,N-spring,0.5,train,0.3985940941722902,False
sample_00885.jpg,SRC_009,-25.0,180.0,73.827745,N-spring,0.5,train,0.4553196289914029,False
sample_00886.jpg,SRC_067,-15.0,180.0,64.724247,N-spring,0.5,calibration,0.4060733961679448,False
sample_00887.jpg,SRC_125,-5.0,180.0,52.428603,N-spring,0.25,train,0.4034465315379837,False
sample_00888.jpg,SRC_011,-20.0,180.0,70.371153,N-summer,0.25,train,0.390271775164367,False
sample_00889.jpg,SRC_170,-20.0,180.0,56.332579,N-autumn,0.25,train,0.41419508797196763,False
sample_00890.jpg,SRC_059,15.0,180.0,48.046698,N-summer,0.25,train,0.4506211574936554,False
sample_00891.jpg,SRC_083,0.0,180.0,55.378885,N-spring,0.25,train,0.4766790944789869,False
sample_00892.jpg,SRC_145,-5.0,180.0,52.15166,N-spring,0.25,train,0.4789634437505878,False
sample_00893.jpg,SRC_169,40.0,180.0,48.615664,N-summer,0.25,validation,0.37933103243462796,False
sample_00894.jpg,SRC_018,-90.0,0.0,67.882485,N-winter,0.25,train,0.3935531974198549,False
sample_00895.jpg,SRC_103,-35.0,180.0,57.090396,N-autumn,0.25,train,0.40288832299741484,False
sample_00896.jpg,SRC_123,0.0,180.0,54.598149,N-autumn,0.5,train,0.43804984400523395,False
sample_00897.jpg,SRC_006,-15.0,180.0,65.638079,N-spring,0.5,train,0.4001803104825514,False
sample_00898.jpg,SRC_075,-90.0,0.0,65.329336,N-winter,0.25,train,0.4952161487764367,False
sample_00899.jpg,SRC_148,-15.0,180.0,49.227137,N-autumn,0.25,train,0.4857283549337466,False
sample_00900.jpg,SRC_040,90.0,0.0,57.651744,N-spring,0.5,validation,0.39945861716586517,False
sample_00901.jpg,SRC_108,-40.0,180.0,68.856247,N-summer,0.5,validation,0.3926337181600722,False
sample_00902.jpg,SRC_029,-5.0,180.0,45.485648,N-autumn,0.25,train,0.42213169821424634,False
sample_00903.jpg,SRC_153,-40.0,180.0,43.960452,N-autumn,0.25,train,0.5032358160758743,False
sample_00904.jpg,SRC_109,50.0,180.0,54.137665,N-summer,0.25,validation,0.392762702951088,False
sample_00905.jpg,SRC_074,0.0,180.0,50.25459,N-spring,0.5,train,0.5034853836293438,False
sample_00906.jpg,SRC_005,0.0,180.0,55.846781,N-summer,0.5,calibration,0.38971526475876467,False
sample_00907.jpg,SRC_092,5.0,180.0,57.429528,N-autumn,0.25,validation,0.38324127789985196,False
sample_00908.jpg,SRC_156,10.0,180.0,48.737382,N-summer,0.25,train,0.46477886093041076,False
sample_00909.jpg,SRC_009,-25.0,180.0,73.827745,N-spring,0.5,train,0.40029715789338277,False
sample_00910.jpg,SRC_156,10.0,180.0,48.737382,N-summer,0.25,train,0.47940774434622774,False
sample_00911.jpg,SRC_125,-5.0,180.0,52.428603,N-spring,0.25,train,0.38480508815697184,False
sample_00912.jpg,SRC_083,0.0,180.0,55.378885,N-spring,0.25,train,0.39301742394459643,False
sample_00913.jpg,SRC_153,-40.0,180.0,43.960452,N-autumn,0.25,train,0.5229726135257085,False
sample_00914.jpg,SRC_096,25.0,180.0,40.422288,N-spring,0.25,calibration,0.43619865276680764,False
sample_00915.jpg,SRC_047,0.0,180.0,48.028677,N-spring,0.5,train,0.48356499798997765,False
sample_00916.jpg,SRC_133,-10.0,180.0,48.887369,N-spring,0.5,calibration,0.42412198741471807,False
sample_00917.jpg,SRC_123,0.0,180.0,54.598149,N-autumn,0.5,train,0.5249728897431382,False
sample_00918.jpg,SRC_040,90.0,0.0,57.651744,N-spring,0.5,validation,0.41651841149248414,False
sample_00919.jpg,SRC_009,-25.0,180.0,73.827745,N-spring,0.5,train,0.39637636856921077,False
sample_00920.jpg,SRC_129,20.0,180.0,41.057252,N-spring,0.25,train,0.46555688240279125,False
sample_00921.jpg,SRC_043,10.0,180.0,50.433279,N-summer,0.5,calibration,0.39199783869895366,False
sample_00922.jpg,SRC_047,0.0,180.0,48.028677,N-spring,0.5,train,0.49570873510726116,False
sample_00923.jpg,SRC_107,20.0,180.0,65.68027,N-autumn,0.5,train,0.39697732026461374,False
sample_00924.jpg,SRC_042,10.0,180.0,36.92431,N-spring,0.5,train,0.3718833952793403,False
sample_00925.jpg,SRC_005,0.0,180.0,55.846781,N-summer,0.5,calibration,0.38774381871363894,False
sample_00926.jpg,SRC_108,-40.0,180.0,68.856247,N-summer,0.5,validation,0.3948815222357026,False
sample_00927.jpg,SRC_080,-25.0,180.0,69.726065,N-summer,0.25,calibration,0.4025435386721525,False
sample_00928.jpg,SRC_139,40.0,180.0,53.533251,N-winter,0.25,train,0.48062862489839686,False
sample_00929.jpg,SRC_017,-90.0,0.0,64.6979,N-winter,0.25,train,0.41762109059650643,False
sample_00930.jpg,SRC_104,25.0,180.0,45.102036,N-summer,0.5,calibration,0.48754936636934393,False
sample_00931.jpg,SRC_169,40.0,180.0,48.615664,N-summer,0.25,validation,0.3845486901166602,False
sample_00932.jpg,SRC_063,25.0,180.0,41.329237,N-spring,0.25,train,0.3788120124889818,False
sample_00933.jpg,SRC_080,-25.0,180.0,69.726065,N-summer,0.25,calibration,0.40851510743221997,False
sample_00934.jpg,SRC_056,-40.0,180.0,74.660587,N-summer,0.5,train,0.3802444165301918,False
sample_00935.jpg,SRC_106,25.0,180.0,40.638999,N-spring,0.5,validation,0.4408304701133585,False
sample_00936.jpg,SRC_085,0.0,180.0,39.187341,N-spring,0.25,train,0.4286120956296876,False
sample_00937.jpg,SRC_144,-35.0,180.0,76.731052,N-spring,0.5,train,0.43257065655155624,False
sample_00938.jpg,SRC_103,-35.0,180.0,57.090396,N-autumn,0.25,train,0.40213272414441165,False
sample_00939.jpg,SRC_009,-25.0,180.0,73.827745,N-spring,0.5,train,0.4049943118074852,False
sample_00940.jpg,SRC_148,-15.0,180.0,49.227137,N-autumn,0.25,train,0.4465403489075676,False
sample_00941.jpg,SRC_007,20.0,180.0,49.485932,N-winter,0.25,validation,0.4868739278621545,False
sample_00942.jpg,SRC_119,90.0,0.0,58.642683,N-spring,0.25,calibration,0.4506196675680438,False
sample_00943.jpg,SRC_032,-5.0,180.0,52.490186,N-spring,0.25,train,0.5112824288118836,False
sample_00944.jpg,SRC_067,-15.0,180.0,64.724247,N-spring,0.5,calibration,0.41729551100091483,False
sample_00945.jpg,SRC_042,10.0,180.0,36.92431,N-spring,0.5,train,0.4059846468218625,False
sample_00946.jpg,SRC_106,25.0,180.0,40.638999,N-spring,0.5,validation,0.43308938461331986,False
sample_00947.jpg,SRC_043,10.0,180.0,50.433279,N-summer,0.5,calibration,0.4253563131677026,False
sample_00948.jpg,SRC_006,-15.0,180.0,65.638079,N-spring,0.5,train,0.38570434879588217,False
sample_00949.jpg,SRC_045,-90.0,0.0,70.559818,N-autumn,0.25,train,0.3927485484325296,False
sample_00950.jpg,SRC_109,50.0,180.0,54.137665,N-summer,0.25,validation,0.47773509169011674,False
sample_00951.jpg,SRC_165,10.0,180.0,42.451267,N-winter,0.25,calibration,0.38126674972241203,False
sample_00952.jpg,SRC_013,50.0,180.0,54.051464,N-spring,0.5,train,0.3785555273189435,False
sample_00953.jpg,SRC_051,20.0,180.0,63.609319,N-autumn,0.5,train,0.39397996828689213,False
sample_00954.jpg,SRC_009,-25.0,180.0,73.827745,N-spring,0.5,train,0.3962587139253964,False
sample_00955.jpg,SRC_064,90.0,0.0,60.573524,N-spring,0.25,train,0.49843479218608744,False
sample_00956.jpg,SRC_123,0.0,180.0,54.598149,N-autumn,0.5,train,0.5010027738576521,False
sample_00957.jpg,SRC_106,25.0,180.0,40.638999,N-spring,0.5,validation,0.41946354187384116,False
sample_00958.jpg,SRC_102,-10.0,180.0,52.255853,N-spring,0.25,train,0.4871203161524977,False
sample_00959.jpg,SRC_109,50.0,180.0,54.137665,N-summer,0.25,validation,0.39519064088770095,False
sample_00960.jpg,SRC_076,25.0,180.0,63.632584,N-autumn,0.25,validation,0.3869507194168179,False
sample_00961.jpg,SRC_121,25.0,180.0,67.446292,N-autumn,0.5,validation,0.3826113639978638,False
sample_00962.jpg,SRC_051,20.0,180.0,63.609319,N-autumn,0.5,train,0.38751852162814815,False
sample_00963.jpg,SRC_165,10.0,180.0,42.451267,N-winter,0.25,calibration,0.44739412520794364,False
sample_00964.jpg,SRC_058,30.0,180.0,69.060883,N-autumn,0.5,train,0.38296871305569236,False
sample_00965.jpg,SRC_100,20.0,180.0,41.506528,N-spring,0.25,train,0.42199591209981896,False
sample_00966.jpg,SRC_049,5.0,180.0,42.94902,N-spring,0.25,train,0.5127106119974846,False
sample_00967.jpg,SRC_084,-10.0,180.0,58.957849,N-summer,0.25,train,0.38481680847000405,False
sample_00968.jpg,SRC_108,-40.0,180.0,68.856247,N-summer,0.5,validation,0.3953964614558679,False
sample_00969.jpg,SRC_169,40.0,180.0,48.615664,N-summer,0.25,validation,0.38315476348335703,False
sample_00970.jpg,SRC_130,25.0,180.0,37.507656,N-spring,0.25,validation,0.516115724690253,False
sample_00971.jpg,SRC_100,20.0,180.0,41.506528,N-spring,0.25,train,0.3788054877596028,False
sample_00972.jpg,SRC_009,-25.0,180.0,73.827745,N-spring,0.5,train,0.3994237972352903,False
sample_00973.jpg,SRC_108,-40.0,180.0,68.856247,N-summer,0.5,validation,0.37627182638359113,False
sample_00974.jpg,SRC_015,20.0,180.0,46.484204,N-summer,0.25,train,0.46600914892475503,False
sample_00975.jpg,SRC_024,10.0,180.0,53.725813,N-summer,0.25,calibration,0.5113335158605998,False
sample_00976.jpg,SRC_009,-25.0,180.0,73.827745,N-spring,0.5,train,0.38931117152033806,False
sample_00977.jpg,SRC_121,25.0,180.0,67.446292,N-autumn,0.5,validation,0.41012293336286004,False
sample_00978.jpg,SRC_004,30.0,180.0,61.107468,N-autumn,0.5,train,0.39549542261848547,False
sample_00979.jpg,SRC_082,-10.0,180.0,60.444036,N-spring,0.25,train,0.3929798533747078,False
sample_00980.jpg,SRC_102,-10.0,180.0,52.255853,N-spring,0.25,train,0.4067263502076893,False
sample_00981.jpg,SRC_114,-10.0,180.0,58.176498,N-autumn,0.5,calibration,0.39542744586806783,False
sample_00982.jpg,SRC_014,-40.0,180.0,38.480327,N-winter,0.25,calibration,0.37992872252343357,False
sample_00983.jpg,SRC_131,10.0,180.0,60.540464,N-autumn,0.5,train,0.5056799142184325,False
sample_00984.jpg,SRC_042,10.0,180.0,36.92431,N-spring,0.5,train,0.5005450253554165,False
sample_00985.jpg,SRC_069,25.0,180.0,48.120522,N-summer,0.5,train,0.486284460706215,False
sample_00986.jpg,SRC_040,90.0,0.0,57.651744,N-spring,0.5,validation,0.46587689175591385,False
sample_00987.jpg,SRC_126,-20.0,180.0,68.779144,N-summer,0.5,train,0.4156691832314368,False
sample_00988.jpg,SRC_027,35.0,180.0,41.369436,N-spring,0.5,calibration,0.38109872730891453,False
sample_00989.jpg,SRC_081,-90.0,0.0,74.772433,N-autumn,0.25,train,0.5176938451510216,False
sample_00990.jpg,SRC_049,5.0,180.0,42.94902,N-spring,0.25,train,0.5210566182910717,False
sample_00991.jpg,SRC_062,45.0,180.0,81.508965,N-autumn,0.5,train,0.4141016786256067,False
sample_00992.jpg,SRC_171,-35.0,180.0,63.65778,N-spring,0.25,calibration,0.49394270407124957,False
sample_00993.jpg,SRC_006,-15.0,180.0,65.638079,N-spring,0.5,train,0.43616239140634,False
sample_00994.jpg,SRC_159,20.0,180.0,67.076816,N-autumn,0.25,train,0.37322025082892374,False
sample_00995.jpg,SRC_004,30.0,180.0,61.107468,N-autumn,0.5,train,0.36861235789630753,False
sample_00996.jpg,SRC_095,-20.0,180.0,56.495654,N-spring,0.5,train,0.4737731562444365,False
sample_00997.jpg,SRC_133,-10.0,180.0,48.887369,N-spring,0.5,calibration,0.42798553757118646,False
sample_00998.jpg,SRC_004,30.0,180.0,61.107468,N-autumn,0.5,train,0.38194429525575957,False
sample_00999.jpg,SRC_048,-25.0,180.0,61.920556,N-autumn,0.25,train,0.38918441167146034,False
sample_01000.jpg,SRC_021,-90.0,0.0,68.040851,N-autumn,0.5,calibration,0.38183711484777083,False
sample_01001.jpg,SRC_066,-10.0,180.0,61.81065,N-summer,0.5,validation,0.4818387200261138,False
sample_01002.jpg,SRC_030,-25.0,180.0,67.936804,N-spring,0.5,train,0.3880360355972673,False
sample_01003.jpg,SRC_111,-35.0,180.0,79.069883,N-spring,1.0,train,0.42455306087831846,False
sample_01004.jpg,SRC_077,-5.0,180.0,34.299081,N-winter,0.25,train,0.48107615906930273,False
sample_01005.jpg,SRC_108,-40.0,180.0,68.856247,N-summer,0.5,validation,0.4187718076002776,False
sample_01006.jpg,SRC_112,-30.0,180.0,67.516648,N-spring,0.5,train,0.5042838464115211,False
sample_01007.jpg,SRC_054,5.0,180.0,37.41608,N-winter,0.25,calibration,0.5182201527079446,False
sample_01008.jpg,SRC_133,-10.0,180.0,48.887369,N-spring,0.5,calibration,0.5166405823619152,False
sample_01009.jpg,SRC_156,10.0,180.0,48.737382,N-summer,0.25,train,0.37630997027188806,False
sample_01010.jpg,SRC_086,15.0,180.0,43.648742,N-summer,0.5,train,0.37693076309076157,False
sample_01011.jpg,SRC_099,15.0,180.0,42.024472,N-spring,0.5,train,0.39412764372970516,False
sample_01012.jpg,SRC_099,15.0,180.0,42.024472,N-spring,0.5,train,0.4516706994216758,False
sample_01013.jpg,SRC_020,35.0,180.0,42.075965,N-summer,0.25,train,0.39024440816554196,False
sample_01014.jpg,SRC_099,15.0,180.0,42.024472,N-spring,0.5,train,0.391950804841603,False
sample_01015.jpg,SRC_009,-25.0,180.0,73.827745,N-spring,0.5,train,0.4894325793520874,False
sample_01016.jpg,SRC_009,-25.0,180.0,73.827745,N-spring,0.5,train,0.40350757168201934,False
sample_01017.jpg,SRC_170,-20.0,180.0,56.332579,N-autumn,0.25,train,0.4114926387820024,False
sample_01018.jpg,SRC_148,-15.0,180.0,49.227137,N-autumn,0.25,train,0.39023596342872546,False
sample_01019.jpg,SRC_170,-20.0,180.0,56.332579,N-autumn,0.25,train,0.41691783758480494,False
sample_01020.jpg,SRC_141,-10.0,180.0,55.206291,N-spring,0.25,train,0.38145564716555985,False
sample_01021.jpg,SRC_042,10.0,180.0,36.92431,N-spring,0.5,train,0.3846593662557241,False
sample_01022.jpg,SRC_054,5.0,180.0,37.41608,N-winter,0.25,calibration,0.4431336225980817,False
sample_01023.jpg,SRC_138,25.0,180.0,44.714676,N-summer,0.25,train,0.41112126867779086,False
sample_01024.jpg,SRC_111,-35.0,180.0,79.069883,N-spring,1.0,train,0.40745975153419745,False
sample_01025.jpg,SRC_107,20.0,180.0,65.68027,N-autumn,0.5,train,0.3823274214351692,False
sample_01026.jpg,SRC_041,15.0,180.0,46.712049,N-summer,0.25,calibration,0.5070607770090809,False
sample_01027.jpg,SRC_015,20.0,180.0,46.484204,N-summer,0.25,train,0.3813885116233764,False
sample_01028.jpg,SRC_102,-10.0,180.0,52.255853,N-spring,0.25,train,0.5005309436570586,False
sample_01029.jpg,SRC_027,35.0,180.0,41.369436,N-spring,0.5,calibration,0.49085047379585445,False
sample_01030.jpg,SRC_111,-35.0,180.0,79.069883,N-spring,1.0,train,0.4481137791765624,False
sample_01031.jpg,SRC_085,0.0,180.0,39.187341,N-spring,0.25,train,0.3821593152721817,False
sample_01032.jpg,SRC_121,25.0,180.0,67.446292,N-autumn,0.5,validation,0.38847633240000307,False
sample_01033.jpg,SRC_030,-25.0,180.0,67.936804,N-spring,0.5,train,0.39467643790040974,False
sample_01034.jpg,SRC_133,-10.0,180.0,48.887369,N-spring,0.5,calibration,0.41233971641810774,False
sample_01035.jpg,SRC_134,-30.0,180.0,69.607895,N-spring,0.5,train,0.3980306203588161,False
sample_01036.jpg,SRC_091,-40.0,180.0,72.511342,N-summer,0.5,train,0.40251713904854813,False
sample_01037.jpg,SRC_076,25.0,180.0,63.632584,N-autumn,0.25,validation,0.3992723481395076,False
sample_01038.jpg,SRC_133,-10.0,180.0,48.887369,N-spring,0.5,calibration,0.420818616762323,False
sample_01039.jpg,SRC_126,-20.0,180.0,68.779144,N-summer,0.5,train,0.3850243448311343,False
sample_01040.jpg,SRC_146,10.0,180.0,58.0428,N-summer,0.5,validation,0.4090208930783737,False
sample_01041.jpg,SRC_103,-35.0,180.0,57.090396,N-autumn,0.25,train,0.409973701491972,False
sample_01042.jpg,SRC_068,0.0,180.0,56.216196,N-summer,0.25,train,0.41960866376719147,False
sample_01043.jpg,SRC_111,-35.0,180.0,79.069883,N-spring,1.0,train,0.5107062976037623,False
sample_01044.jpg,SRC_084,-10.0,180.0,58.957849,N-summer,0.25,train,0.5102865859083728,False
sample_01045.jpg,SRC_052,5.0,180.0,51.705435,N-summer,0.25,train,0.5011561192540148,False
sample_01046.jpg,SRC_076,25.0,180.0,63.632584,N-autumn,0.25,validation,0.4780554209443276,False
sample_01047.jpg,SRC_066,-10.0,180.0,61.81065,N-summer,0.5,validation,0.4346317530009716,False
sample_01048.jpg,SRC_027,35.0,180.0,41.369436,N-spring,0.5,calibration,0.48200249498591025,False
sample_01049.jpg,SRC_114,-10.0,180.0,58.176498,N-autumn,0.5,calibration,0.3917581742672943,False
sample_01050.jpg,SRC_103,-35.0,180.0,57.090396,N-autumn,0.25,train,0.3867952914329564,False
sample_01051.jpg,SRC_157,40.0,180.0,44.22455,N-summer,0.25,train,0.3837320476760683,False
sample_01052.jpg,SRC_022,20.0,180.0,41.513642,N-spring,0.25,train,0.45949291111707985,False
sample_01053.jpg,SRC_104,25.0,180.0,45.102036,N-summer,0.5,calibration,0.4623682417505564,False
sample_01054.jpg,SRC_097,0.0,180.0,35.318175,N-winter,0.25,train,0.3837867221220998,False
sample_01055.jpg,SRC_056,-40.0,180.0,74.660587,N-summer,0.5,train,0.375524822706327,False
sample_01056.jpg,SRC_003,0.0,180.0,38.090051,N-spring,0.25,train,0.4716853604504244,False
sample_01057.jpg,SRC_076,25.0,180.0,63.632584,N-autumn,0.25,validation,0.39392759245595527,False
sample_01058.jpg,SRC_108,-40.0,180.0,68.856247,N-summer,0.5,validation,0.3736112197885902,False
sample_01059.jpg,SRC_011,-20.0,180.0,70.371153,N-summer,0.25,train,0.4862485596121803,False
sample_01060.jpg,SRC_153,-40.0,180.0,43.960452,N-autumn,0.25,train,0.4166683473115236,False
sample_01061.jpg,SRC_027,35.0,180.0,41.369436,N-spring,0.5,calibration,0.38102641729028874,False
sample_01062.jpg,SRC_095,-20.0,180.0,56.495654,N-spring,0.5,train,0.42039953576857664,False
sample_01063.jpg,SRC_091,-40.0,180.0,72.511342,N-summer,0.5,train,0.3841531232674321,False
sample_01064.jpg,SRC_037,15.0,180.0,44.468297,N-spring,0.25,calibration,0.39214371130567505,False
sample_01065.jpg,SRC_097,0.0,180.0,35.318175,N-winter,0.25,train,0.38394840386393886,False
sample_01066.jpg,SRC_121,25.0,180.0,67.446292,N-autumn,0.5,validation,0.3999563716574352,False
sample_01067.jpg,SRC_021,-90.0,0.0,68.040851,N-autumn,0.5,calibration,0.39010993760488766,False
sample_01068.jpg,SRC_049,5.0,180.0,42.94902,N-spring,0.25,train,0.4919264057999661,False
sample_01069.jpg,SRC_020,35.0,180.0,42.075965,N-summer,0.25,train,0.42109206870065563,False
sample_01070.jpg,SRC_164,20.0,180.0,59.226879,N-autumn,0.25,train,0.386483736459965,False
sample_01071.jpg,SRC_091,-40.0,180.0,72.511342,N-summer,0.5,train,0.3902761894147967,False
sample_01072.jpg,SRC_168,90.0,0.0,64.709631,N-summer,0.25,train,0.49367242785896615,False
sample_01073.jpg,SRC_067,-15.0,180.0,64.724247,N-spring,0.5,calibration,0.3955103067071679,False
sample_01074.jpg,SRC_056,-40.0,180.0,74.660587,N-summer,0.5,train,0.479027728173809,False
sample_01075.jpg,SRC_028,10.0,180.0,42.894848,N-spring,0.25,calibration,0.5316245700819688,False
sample_01076.jpg,SRC_112,-30.0,180.0,67.516648,N-spring,0.5,train,0.4914112597631234,False
sample_01077.jpg,SRC_054,5.0,180.0,37.41608,N-winter,0.25,calibration,0.5026403566817527,False
sample_01078.jpg,SRC_073,45.0,180.0,41.537171,N-spring,0.25,train,0.4839474032330628,False
sample_01079.jpg,SRC_076,25.0,180.0,63.632584,N-autumn,0.25,validation,0.3933238700938633,False
sample_01080.jpg,SRC_021,-90.0,0.0,68.040851,N-autumn,0.5,calibration,0.389453970512703,False
sample_01081.jpg,SRC_125,-5.0,180.0,52.428603,N-spring,0.25,train,0.3921136876228169,False
sample_01082.jpg,SRC_169,40.0,180.0,48.615664,N-summer,0.25,validation,0.36723666810993977,False
sample_01083.jpg,SRC_011,-20.0,180.0,70.371153,N-summer,0.25,train,0.49271102983664344,False
sample_01084.jpg,SRC_151,-15.0,180.0,63.408071,N-summer,0.5,train,0.4082918041297172,False
sample_01085.jpg,SRC_109,50.0,180.0,54.137665,N-summer,0.25,validation,0.3776297157233596,False
sample_01086.jpg,SRC_078,15.0,180.0,40.437008,N-spring,0.25,train,0.5174180456822728,False
sample_01087.jpg,SRC_108,-40.0,180.0,68.856247,N-summer,0.5,validation,0.37725664763553807,False
sample_01088.jpg,SRC_038,-15.0,180.0,32.097448,N-winter,0.25,validation,0.4988715207418249,False
sample_01089.jpg,SRC_126,-20.0,180.0,68.779144,N-summer,0.5,train,0.44353482745666933,False
sample_01090.jpg,SRC_072,15.0,180.0,46.966801,N-winter,0.25,train,0.49060640334755723,False
sample_01091.jpg,SRC_138,25.0,180.0,44.714676,N-summer,0.25,train,0.41475457365034474,False
sample_01092.jpg,SRC_021,-90.0,0.0,68.040851,N-autumn,0.5,calibration,0.4058803968721101,False
sample_01093.jpg,SRC_108,-40.0,180.0,68.856247,N-summer,0.5,validation,0.5173283033107724,False
sample_01094.jpg,SRC_111,-35.0,180.0,79.069883,N-spring,1.0,train,0.46425293327420897,False
sample_01095.jpg,SRC_069,25.0,180.0,48.120522,N-summer,0.5,train,0.39450850904001955,False
sample_01096.jpg,SRC_048,-25.0,180.0,61.920556,N-autumn,0.25,train,0.39215650939568536,False
sample_01097.jpg,SRC_067,-15.0,180.0,64.724247,N-spring,0.5,calibration,0.4027172198155277,False
sample_01098.jpg,SRC_168,90.0,0.0,64.709631,N-summer,0.25,train,0.4472417214124828,False
sample_01099.jpg,SRC_010,90.0,0.0,74.440619,N-summer,0.5,train,0.38757171530828993,False
sample_01100.jpg,SRC_097,0.0,180.0,35.318175,N-winter,0.25,train,0.5025528159738771,False
sample_01101.jpg,SRC_061,50.0,180.0,43.110277,N-spring,0.5,train,0.49385571343305285,False
sample_01102.jpg,SRC_020,35.0,180.0,42.075965,N-summer,0.25,train,0.41182489766086244,False
sample_01103.jpg,SRC_085,0.0,180.0,39.187341,N-spring,0.25,train,0.4270470440538638,False
sample_01104.jpg,SRC_115,25.0,180.0,41.8845,N-spring,0.25,train,0.41715672111434215,False
sample_01105.jpg,SRC_040,90.0,0.0,57.651744,N-spring,0.5,validation,0.397811527000388,False
sample_01106.jpg,SRC_040,90.0,0.0,57.651744,N-spring,0.5,validation,0.48610886640492146,False
sample_01107.jpg,SRC_091,-40.0,180.0,72.511342,N-summer,0.5,train,0.40821919092078307,False
sample_01108.jpg,SRC_037,15.0,180.0,44.468297,N-spring,0.25,calibration,0.3828455167074806,False
sample_01109.jpg,SRC_004,30.0,180.0,61.107468,N-autumn,0.5,train,0.3889236201483554,False
sample_01110.jpg,SRC_004,30.0,180.0,61.107468,N-autumn,0.5,train,0.3675897047805382,False
sample_01111.jpg,SRC_013,50.0,180.0,54.051464,N-spring,0.5,train,0.4991351070504793,False
sample_01112.jpg,SRC_133,-10.0,180.0,48.887369,N-spring,0.5,calibration,0.4299682108508504,False
sample_01113.jpg,SRC_014,-40.0,180.0,38.480327,N-winter,0.25,calibration,0.3743337495068974,False
sample_01114.jpg,SRC_013,50.0,180.0,54.051464,N-spring,0.5,train,0.48504260180849396,False
sample_01115.jpg,SRC_037,15.0,180.0,44.468297,N-spring,0.25,calibration,0.37542474938232884,False
sample_01116.jpg,SRC_115,25.0,180.0,41.8845,N-spring,0.25,train,0.4016664023232166,False
sample_01117.jpg,SRC_024,10.0,180.0,53.725813,N-summer,0.25,calibration,0.40431678493816714,False
sample_01118.jpg,SRC_125,-5.0,180.0,52.428603,N-spring,0.25,train,0.38209656580736195,False
sample_01119.jpg,SRC_112,-30.0,180.0,67.516648,N-spring,0.5,train,0.4062678716169107,False
sample_01120.jpg,SRC_114,-10.0,180.0,58.176498,N-autumn,0.5,calibration,0.3891569744787073,False
sample_01121.jpg,SRC_028,10.0,180.0,42.894848,N-spring,0.25,calibration,0.47602364606136227,False
sample_01122.jpg,SRC_099,15.0,180.0,42.024472,N-spring,0.5,train,0.37772596290539073,False
sample_01123.jpg,SRC_109,50.0,180.0,54.137665,N-summer,0.25,validation,0.38798546485679675,False
sample_01124.jpg,SRC_131,10.0,180.0,60.540464,N-autumn,0.5,train,0.4012429547009216,False
sample_01125.jpg,SRC_069,25.0,180.0,48.120522,N-summer,0.5,train,0.4594743268989082,False
sample_01126.jpg,SRC_051,20.0,180.0,63.609319,N-autumn,0.5,train,0.4990674763813563,False
sample_01127.jpg,SRC_006,-15.0,180.0,65.638079,N-spring,0.5,train,0.390154162780339,False
sample_01128.jpg,SRC_114,-10.0,180.0,58.176498,N-autumn,0.5,calibration,0.37565340257804936,False
sample_01129.jpg,SRC_019,90.0,0.0,60.00919,N-summer,0.25,train,0.42633046886515585,False
sample_01130.jpg,SRC_169,40.0,180.0,48.615664,N-summer,0.25,validation,0.38019301036210484,False
sample_01131.jpg,SRC_140,35.0,180.0,44.85556,N-spring,0.25,validation,0.3732179832290533,False
sample_01132.jpg,SRC_076,25.0,180.0,63.632584,N-autumn,0.25,validation,0.38677474504213727,False
sample_01133.jpg,SRC_103,-35.0,180.0,57.090396,N-autumn,0.25,train,0.39060578330376255,False
sample_01134.jpg,SRC_066,-10.0,180.0,61.81065,N-summer,0.5,validation,0.39555880653439235,False
sample_01135.jpg,SRC_109,50.0,180.0,54.137665,N-summer,0.25,validation,0.3817332286449391,False
sample_01136.jpg,SRC_074,0.0,180.0,50.25459,N-spring,0.5,train,0.49902359953210185,False
sample_01137.jpg,SRC_071,20.0,180.0,40.070501,N-spring,0.25,train,0.44899796812488535,False
sample_01138.jpg,SRC_139,40.0,180.0,53.533251,N-winter,0.25,train,0.39781628128456914,False
sample_01139.jpg,SRC_032,-5.0,180.0,52.490186,N-spring,0.25,train,0.5195827812578202,False
sample_01140.jpg,SRC_066,-10.0,180.0,61.81065,N-summer,0.5,validation,0.39296947255474796,False
sample_01141.jpg,SRC_097,0.0,180.0,35.318175,N-winter,0.25,train,0.37479336988849327,False
sample_01142.jpg,SRC_084,-10.0,180.0,58.957849,N-summer,0.25,train,0.3818366498011171,False
sample_01143.jpg,SRC_088,0.0,180.0,53.004483,N-summer,0.25,train,0.40691090631145155,False
sample_01144.jpg,SRC_111,-35.0,180.0,79.069883,N-spring,1.0,train,0.4459457008890463,False
sample_01145.jpg,SRC_089,10.0,180.0,48.442522,N-winter,0.25,validation,0.39416945675317944,False
sample_01146.jpg,SRC_066,-10.0,180.0,61.81065,N-summer,0.5,validation,0.3881512050039991,False
sample_01147.jpg,SRC_037,15.0,180.0,44.468297,N-spring,0.25,calibration,0.3857622474263783,False
sample_01148.jpg,SRC_102,-10.0,180.0,52.255853,N-spring,0.25,train,0.403661107679529,False
sample_01149.jpg,SRC_086,15.0,180.0,43.648742,N-summer,0.5,train,0.37680671477467054,False
sample_01150.jpg,SRC_131,10.0,180.0,60.540464,N-autumn,0.5,train,0.5234657048491261,False
sample_01151.jpg,SRC_065,30.0,180.0,68.700871,N-winter,0.5,validation,0.48985189384980343,False
sample_01152.jpg,SRC_089,10.0,180.0,48.442522,N-winter,0.25,validation,0.3924497985570487,False
sample_01153.jpg,SRC_100,20.0,180.0,41.506528,N-spring,0.25,train,0.5128122887811011,False
sample_01154.jpg,SRC_063,25.0,180.0,41.329237,N-spring,0.25,train,0.37233250810749696,False
sample_01155.jpg,SRC_102,-10.0,180.0,52.255853,N-spring,0.25,train,0.44714068164760823,False
sample_01156.jpg,SRC_004,30.0,180.0,61.107468,N-autumn,0.5,train,0.4956885248846642,False
sample_01157.jpg,SRC_070,60.0,180.0,58.788969,N-summer,0.5,validation,0.4959009570471343,False
sample_01158.jpg,SRC_041,15.0,180.0,46.712049,N-summer,0.25,calibration,0.38411692805387315,False
sample_01159.jpg,SRC_009,-25.0,180.0,73.827745,N-spring,0.5,train,0.39284621885065163,False
sample_01160.jpg,SRC_084,-10.0,180.0,58.957849,N-summer,0.25,train,0.37737321160152126,False
sample_01161.jpg,SRC_056,-40.0,180.0,74.660587,N-summer,0.5,train,0.4864836920310835,False
sample_01162.jpg,SRC_066,-10.0,180.0,61.81065,N-summer,0.5,validation,0.3869012337777934,False
sample_01163.jpg,SRC_126,-20.0,180.0,68.779144,N-summer,0.5,train,0.38093982524566555,False
sample_01164.jpg,SRC_139,40.0,180.0,53.533251,N-winter,0.25,train,0.4825252109080025,False
sample_01165.jpg,SRC_113,-35.0,180.0,36.668707,N-winter,0.25,train,0.3855806968034353,False
sample_01166.jpg,SRC_041,15.0,180.0,46.712049,N-summer,0.25,calibration,0.3791035027872864,False
sample_01167.jpg,SRC_009,-25.0,180.0,73.827745,N-spring,0.5,train,0.3977667936427192,False
sample_01168.jpg,SRC_115,25.0,180.0,41.8845,N-spring,0.25,train,0.4377087809065897,False
sample_01169.jpg,SRC_170,-20.0,180.0,56.332579,N-autumn,0.25,train,0.3985166785415711,False
sample_01170.jpg,SRC_091,-40.0,180.0,72.511342,N-summer,0.5,train,0.43566642088669766,False
sample_01171.jpg,SRC_158,-5.0,180.0,35.954137,N-winter,0.25,train,0.39353481368484156,False
sample_01172.jpg,SRC_011,-20.0,180.0,70.371153,N-summer,0.25,train,0.3944535587620308,False
sample_01173.jpg,SRC_096,25.0,180.0,40.422288,N-spring,0.25,calibration,0.38299770907470765,False
sample_01174.jpg,SRC_095,-20.0,180.0,56.495654,N-spring,0.5,train,0.42043505800739106,False
sample_01175.jpg,SRC_066,-10.0,180.0,61.81065,N-summer,0.5,validation,0.5120479959325751,False
sample_01176.jpg,SRC_008,25.0,180.0,61.005891,N-autumn,0.25,train,0.4145931974653966,False
sample_01177.jpg,SRC_084,-10.0,180.0,58.957849,N-summer,0.25,train,0.3803088246174092,False
sample_01178.jpg,SRC_165,10.0,180.0,42.451267,N-winter,0.25,calibration,0.413234178511633,False
sample_01179.jpg,SRC_095,-20.0,180.0,56.495654,N-spring,0.5,train,0.412911714025655,False
sample_01180.jpg,SRC_139,40.0,180.0,53.533251,N-winter,0.25,train,0.4056928241844431,False
sample_01181.jpg,SRC_171,-35.0,180.0,63.65778,N-spring,0.25,calibration,0.38132342110104117,False
sample_01182.jpg,SRC_060,90.0,0.0,64.124177,N-summer,0.25,train,0.510365864049753,False
sample_01183.jpg,SRC_047,0.0,180.0,48.028677,N-spring,0.5,train,0.4587694167902635,False
sample_01184.jpg,SRC_126,-20.0,180.0,68.779144,N-summer,0.5,train,0.3839384013016827,False
sample_01185.jpg,SRC_058,30.0,180.0,69.060883,N-autumn,0.5,train,0.39292839425048254,False
sample_01186.jpg,SRC_006,-15.0,180.0,65.638079,N-spring,0.5,train,0.39335475581213813,False
sample_01187.jpg,SRC_134,-30.0,180.0,69.607895,N-spring,0.5,train,0.4069542444936493,False
sample_01188.jpg,SRC_030,-25.0,180.0,67.936804,N-spring,0.5,train,0.5143186958009651,False
sample_01189.jpg,SRC_011,-20.0,180.0,70.371153,N-summer,0.25,train,0.47280059388754203,False
sample_01190.jpg,SRC_041,15.0,180.0,46.712049,N-summer,0.25,calibration,0.37889533785864205,False
sample_01191.jpg,SRC_062,45.0,180.0,81.508965,N-autumn,0.5,train,0.3979029497652661,False
sample_01192.jpg,SRC_129,20.0,180.0,41.057252,N-spring,0.25,train,0.3907932104054958,False
sample_01193.jpg,SRC_027,35.0,180.0,41.369436,N-spring,0.5,calibration,0.3920417990052553,False
sample_01194.jpg,SRC_123,0.0,180.0,54.598149,N-autumn,0.5,train,0.49429039790800466,False
sample_01195.jpg,SRC_154,0.0,180.0,54.770875,N-summer,0.5,train,0.3801848661840925,False
sample_01196.jpg,SRC_124,0.0,180.0,51.928413,N-summer,0.25,train,0.4744331270928746,False
sample_01197.jpg,SRC_047,0.0,180.0,48.028677,N-spring,0.5,train,0.44715323264720575,False
sample_01198.jpg,SRC_158,-5.0,180.0,35.954137,N-winter,0.25,train,0.38936532084414016,False
sample_01199.jpg,SRC_037,15.0,180.0,44.468297,N-spring,0.25,calibration,0.38767054692213004,False
sample_01200.jpg,SRC_124,0.0,180.0,51.928413,N-summer,0.25,train,0.3898008476880759,False
sample_01201.jpg,SRC_114,-10.0,180.0,58.176498,N-autumn,0.5,calibration,0.38477698886789263,False
sample_01202.jpg,SRC_170,-20.0,180.0,56.332579,N-autumn,0.25,train,0.40174532473444086,False
sample_01203.jpg,SRC_137,-5.0,180.0,45.053172,N-spring,0.25,train,0.42671366164998953,False
sample_01204.jpg,SRC_156,10.0,180.0,48.737382,N-summer,0.25,train,0.4824798540439074,False
sample_01205.jpg,SRC_126,-20.0,180.0,68.779144,N-summer,0.5,train,0.49688241841239406,False
sample_01206.jpg,SRC_050,0.0,180.0,53.680047,N-summer,0.25,calibration,0.42518625722867387,False
sample_01207.jpg,SRC_021,-90.0,0.0,68.040851,N-autumn,0.5,calibration,0.3971554363832574,False
sample_01208.jpg,SRC_004,30.0,180.0,61.107468,N-autumn,0.5,train,0.38991338395920794,False
sample_01209.jpg,SRC_161,5.0,180.0,52.294471,N-summer,0.25,calibration,0.3828716142897567,False
sample_01210.jpg,SRC_034,40.0,180.0,46.055099,N-summer,0.25,train,0.37334657853028796,False
sample_01211.jpg,SRC_131,10.0,180.0,60.540464,N-autumn,0.5,train,0.40271730807046985,False
sample_01212.jpg,SRC_009,-25.0,180.0,73.827745,N-spring,0.5,train,0.3965761526346233,False
sample_01213.jpg,SRC_100,20.0,180.0,41.506528,N-spring,0.25,train,0.4023383192058484,False
sample_01214.jpg,SRC_004,30.0,180.0,61.107468,N-autumn,0.5,train,0.3878318960127548,False
sample_01215.jpg,SRC_115,25.0,180.0,41.8845,N-spring,0.25,train,0.4214114143241364,False
sample_01216.jpg,SRC_078,15.0,180.0,40.437008,N-spring,0.25,train,0.5045363906455697,False
sample_01217.jpg,SRC_091,-40.0,180.0,72.511342,N-summer,0.5,train,0.4409829656672765,False
sample_01218.jpg,SRC_088,0.0,180.0,53.004483,N-summer,0.25,train,0.3863065582982311,False
sample_01219.jpg,SRC_063,25.0,180.0,41.329237,N-spring,0.25,train,0.36749644243569607,False
sample_01220.jpg,SRC_140,35.0,180.0,44.85556,N-spring,0.25,validation,0.3836387792143401,False
sample_01221.jpg,SRC_005,0.0,180.0,55.846781,N-summer,0.5,calibration,0.4962579424396566,False
sample_01222.jpg,SRC_029,-5.0,180.0,45.485648,N-autumn,0.25,train,0.44581359328625697,False
sample_01223.jpg,SRC_028,10.0,180.0,42.894848,N-spring,0.25,calibration,0.3951501984678611,False
sample_01224.jpg,SRC_149,90.0,0.0,55.701783,N-summer,0.25,train,0.4101891448534366,False
sample_01225.jpg,SRC_142,-30.0,180.0,34.276784,N-winter,0.25,train,0.4671710543804505,False
sample_01226.jpg,SRC_130,25.0,180.0,37.507656,N-spring,0.25,validation,0.45837519841046337,False
sample_01227.jpg,SRC_126,-20.0,180.0,68.779144,N-summer,0.5,train,0.38381454466355397,False
sample_01228.jpg,SRC_054,5.0,180.0,37.41608,N-winter,0.25,calibration,0.416712298458214,False
sample_01229.jpg,SRC_030,-25.0,180.0,67.936804,N-spring,0.5,train,0.381124439587783,False
sample_01230.jpg,SRC_013,50.0,180.0,54.051464,N-spring,0.5,train,0.38497158525915404,False
sample_01231.jpg,SRC_037,15.0,180.0,44.468297,N-spring,0.25,calibration,0.4023282279682484,False
sample_01232.jpg,SRC_148,-15.0,180.0,49.227137,N-autumn,0.25,train,0.42555116984039837,False
sample_01233.jpg,SRC_143,90.0,0.0,68.916652,N-spring,0.5,validation,0.48472174007071195,False
sample_01234.jpg,SRC_051,20.0,180.0,63.609319,N-autumn,0.5,train,0.38307535544932386,False
sample_01235.jpg,SRC_170,-20.0,180.0,56.332579,N-autumn,0.25,train,0.47911761700903555,False
sample_01236.jpg,SRC_009,-25.0,180.0,73.827745,N-spring,0.5,train,0.5108795409623736,False
sample_01237.jpg,SRC_009,-25.0,180.0,73.827745,N-spring,0.5,train,0.4220171259563359,False
sample_01238.jpg,SRC_056,-40.0,180.0,74.660587,N-summer,0.5,train,0.42200584235360666,False
sample_01239.jpg,SRC_139,40.0,180.0,53.533251,N-winter,0.25,train,0.40490013935246755,False
sample_01240.jpg,SRC_108,-40.0,180.0,68.856247,N-summer,0.5,validation,0.4587539014618116,False
sample_01241.jpg,SRC_034,40.0,180.0,46.055099,N-summer,0.25,train,0.3800855096035304,False
sample_01242.jpg,SRC_164,20.0,180.0,59.226879,N-autumn,0.25,train,0.3818714321247505,False
sample_01243.jpg,SRC_092,5.0,180.0,57.429528,N-autumn,0.25,validation,0.40235052925427467,False
sample_01244.jpg,SRC_134,-30.0,180.0,69.607895,N-spring,0.5,train,0.3986186352921634,False
sample_01245.jpg,SRC_121,25.0,180.0,67.446292,N-autumn,0.5,validation,0.4028838509102579,False
sample_01246.jpg,SRC_146,10.0,180.0,58.0428,N-summer,0.5,validation,0.403511518043478,False
sample_01247.jpg,SRC_109,50.0,180.0,54.137665,N-summer,0.25,validation,0.3980946677475378,False
sample_01248.jpg,SRC_074,0.0,180.0,50.25459,N-spring,0.5,train,0.5232048466083062,False
sample_01249.jpg,SRC_013,50.0,180.0,54.051464,N-spring,0.5,train,0.3977261029968047,False
sample_01250.jpg,SRC_024,10.0,180.0,53.725813,N-summer,0.25,calibration,0.39217958600145486,False
sample_01251.jpg,SRC_009,-25.0,180.0,73.827745,N-spring,0.5,train,0.3951738011709144,False
sample_01252.jpg,SRC_055,-5.0,180.0,57.335076,N-spring,0.25,train,0.3964482384983576,False
sample_01253.jpg,SRC_111,-35.0,180.0,79.069883,N-spring,1.0,train,0.4600177408725378,False
sample_01254.jpg,SRC_094,20.0,180.0,66.934532,N-autumn,0.25,train,0.40850925628432283,False
sample_01255.jpg,SRC_100,20.0,180.0,41.506528,N-spring,0.25,train,0.39089195244913827,False
sample_01256.jpg,SRC_111,-35.0,180.0,79.069883,N-spring,1.0,train,0.45242303933866646,False
sample_01257.jpg,SRC_052,5.0,180.0,51.705435,N-summer,0.25,train,0.4171173838361609,False
sample_01258.jpg,SRC_046,0.0,180.0,58.061031,N-autumn,0.25,validation,0.5136450131406312,False
sample_01259.jpg,SRC_014,-40.0,180.0,38.480327,N-winter,0.25,calibration,0.37491945320333986,False
sample_01260.jpg,SRC_070,60.0,180.0,58.788969,N-summer,0.5,validation,0.4953967491607898,False
sample_01261.jpg,SRC_139,40.0,180.0,53.533251,N-winter,0.25,train,0.41364934092939026,False
sample_01262.jpg,SRC_041,15.0,180.0,46.712049,N-summer,0.25,calibration,0.37241294197727265,False
sample_01263.jpg,SRC_092,5.0,180.0,57.429528,N-autumn,0.25,validation,0.41606484384642595,False
sample_01264.jpg,SRC_151,-15.0,180.0,63.408071,N-summer,0.5,train,0.5113654423664553,False
sample_01265.jpg,SRC_082,-10.0,180.0,60.444036,N-spring,0.25,train,0.38561901460261566,False
sample_01266.jpg,SRC_075,-90.0,0.0,65.329336,N-winter,0.25,train,0.3756108563728002,False
sample_01267.jpg,SRC_112,-30.0,180.0,67.516648,N-spring,0.5,train,0.4871072347019177,False
sample_01268.jpg,SRC_131,10.0,180.0,60.540464,N-autumn,0.5,train,0.4107001002887657,False
sample_01269.jpg,SRC_016,10.0,180.0,55.552023,N-winter,0.5,train,0.4800197286791287,False
sample_01270.jpg,SRC_130,25.0,180.0,37.507656,N-spring,0.25,validation,0.47570203036345554,False
sample_01271.jpg,SRC_067,-15.0,180.0,64.724247,N-spring,0.5,calibration,0.4415971750054058,False
sample_01272.jpg,SRC_156,10.0,180.0,48.737382,N-summer,0.25,train,0.5216871217661082,False
sample_01273.jpg,SRC_062,45.0,180.0,81.508965,N-autumn,0.5,train,0.3928182967566183,False
sample_01274.jpg,SRC_006,-15.0,180.0,65.638079,N-spring,0.5,train,0.3912574857331113,False
sample_01275.jpg,SRC_153,-40.0,180.0,43.960452,N-autumn,0.25,train,0.40196024145856485,False
sample_01276.jpg,SRC_038,-15.0,180.0,32.097448,N-winter,0.25,validation,0.5009392806013845,False
sample_01277.jpg,SRC_026,90.0,0.0,57.238404,N-spring,0.25,train,0.49351598013952297,False
sample_01278.jpg,SRC_124,0.0,180.0,51.928413,N-summer,0.25,train,0.3955537457458258,False
sample_01279.jpg,SRC_114,-10.0,180.0,58.176498,N-autumn,0.5,calibration,0.38342437547738034,False
sample_01280.jpg,SRC_093,-25.0,180.0,43.343655,N-autumn,0.5,calibration,0.396269148145747,False
sample_01281.jpg,SRC_154,0.0,180.0,54.770875,N-summer,0.5,train,0.4523971582369559,False
sample_01282.jpg,SRC_103,-35.0,180.0,57.090396,N-autumn,0.25,train,0.388191055562101,False
sample_01283.jpg,SRC_096,25.0,180.0,40.422288,N-spring,0.25,calibration,0.3877713526840051,False
sample_01284.jpg,SRC_089,10.0,180.0,48.442522,N-winter,0.25,validation,0.40500561336571506,False
sample_01285.jpg,SRC_161,5.0,180.0,52.294471,N-summer,0.25,calibration,0.47308210111299714,False
sample_01286.jpg,SRC_168,90.0,0.0,64.709631,N-summer,0.25,train,0.48128485406827465,False
sample_01287.jpg,SRC_102,-10.0,180.0,52.255853,N-spring,0.25,train,0.4097673422306463,False
sample_01288.jpg,SRC_068,0.0,180.0,56.216196,N-summer,0.25,train,0.3972664379723529,False
sample_01289.jpg,SRC_092,5.0,180.0,57.429528,N-autumn,0.25,validation,0.5162544004070957,False
sample_01290.jpg,SRC_074,0.0,180.0,50.25459,N-spring,0.5,train,0.501842201753312,False
sample_01291.jpg,SRC_027,35.0,180.0,41.369436,N-spring,0.5,calibration,0.3967408759508537,False
sample_01292.jpg,SRC_150,10.0,180.0,50.798821,N-summer,0.5,train,0.4245599200731013,False
sample_01293.jpg,SRC_028,10.0,180.0,42.894848,N-spring,0.25,calibration,0.37585764370557656,False
sample_01294.jpg,SRC_108,-40.0,180.0,68.856247,N-summer,0.5,validation,0.39440522524883215,False
sample_01295.jpg,SRC_061,50.0,180.0,43.110277,N-spring,0.5,train,0.41704635345336066,False
sample_01296.jpg,SRC_070,60.0,180.0,58.788969,N-summer,0.5,validation,0.46503151045621494,False
sample_01297.jpg,SRC_157,40.0,180.0,44.22455,N-summer,0.25,train,0.37953361307216776,False
sample_01298.jpg,SRC_052,5.0,180.0,51.705435,N-summer,0.25,train,0.5188501589197794,False
sample_01299.jpg,SRC_037,15.0,180.0,44.468297,N-spring,0.25,calibration,0.37724390321101725,False
sample_01300.jpg,SRC_171,-35.0,180.0,63.65778,N-spring,0.25,calibration,0.38788072468016904,False
sample_01301.jpg,SRC_020,35.0,180.0,42.075965,N-summer,0.25,train,0.49331347663338326,False
sample_01302.jpg,SRC_107,20.0,180.0,65.68027,N-autumn,0.5,train,0.3833350781527224,False
sample_01303.jpg,SRC_142,-30.0,180.0,34.276784,N-winter,0.25,train,0.43142429101363905,False
sample_01304.jpg,SRC_036,5.0,180.0,52.749586,N-summer,0.25,train,0.40566351145633134,False
sample_01305.jpg,SRC_112,-30.0,180.0,67.516648,N-spring,0.5,train,0.48458871184018404,False
sample_01306.jpg,SRC_044,-90.0,0.0,81.862162,N-autumn,0.5,train,0.47051247175499517,False
sample_01307.jpg,SRC_004,30.0,180.0,61.107468,N-autumn,0.5,train,0.37904804131765124,False
sample_01308.jpg,SRC_076,25.0,180.0,63.632584,N-autumn,0.25,validation,0.4072682520812411,False
sample_01309.jpg,SRC_169,40.0,180.0,48.615664,N-summer,0.25,validation,0.3687612578541898,False
sample_01310.jpg,SRC_091,-40.0,180.0,72.511342,N-summer,0.5,train,0.40551920070215014,False
sample_01311.jpg,SRC_027,35.0,180.0,41.369436,N-spring,0.5,calibration,0.3920776458567373,False
sample_01312.jpg,SRC_043,10.0,180.0,50.433279,N-summer,0.5,calibration,0.38634285336322244,False
sample_01313.jpg,SRC_069,25.0,180.0,48.120522,N-summer,0.5,train,0.45890806178954585,False
sample_01314.jpg,SRC_046,0.0,180.0,58.061031,N-autumn,0.25,validation,0.490817520980523,False
sample_01315.jpg,SRC_069,25.0,180.0,48.120522,N-summer,0.5,train,0.5027440879787451,False
sample_01316.jpg,SRC_015,20.0,180.0,46.484204,N-summer,0.25,train,0.3859583590394303,False
sample_01317.jpg,SRC_015,20.0,180.0,46.484204,N-summer,0.25,train,0.40809749701589426,False
sample_01318.jpg,SRC_004,30.0,180.0,61.107468,N-autumn,0.5,train,0.36928748465698413,False
sample_01319.jpg,SRC_040,90.0,0.0,57.651744,N-spring,0.5,validation,0.4498359779925784,False
sample_01320.jpg,SRC_036,5.0,180.0,52.749586,N-summer,0.25,train,0.3865796828303998,False
sample_01321.jpg,SRC_126,-20.0,180.0,68.779144,N-summer,0.5,train,0.3828850899096706,False
sample_01322.jpg,SRC_051,20.0,180.0,63.609319,N-autumn,0.5,train,0.3884615683569743,False
sample_01323.jpg,SRC_095,-20.0,180.0,56.495654,N-spring,0.5,train,0.4737606514161257,False
sample_01324.jpg,SRC_085,0.0,180.0,39.187341,N-spring,0.25,train,0.39767961072758184,False
sample_01325.jpg,SRC_103,-35.0,180.0,57.090396,N-autumn,0.25,train,0.3909371394973288,False
sample_01326.jpg,SRC_092,5.0,180.0,57.429528,N-autumn,0.25,validation,0.3893879420756782,False
sample_01327.jpg,SRC_011,-20.0,180.0,70.371153,N-summer,0.25,train,0.4879862126950553,False
sample_01328.jpg,SRC_021,-90.0,0.0,68.040851,N-autumn,0.5,calibration,0.3851390689952098,False
sample_01329.jpg,SRC_098,-45.0,180.0,70.730178,N-summer,0.25,calibration,0.42830731883689194,False
sample_01330.jpg,SRC_020,35.0,180.0,42.075965,N-summer,0.25,train,0.4816086415790074,False
sample_01331.jpg,SRC_136,-35.0,180.0,76.922409,N-spring,0.5,train,0.4769059253959053,False
sample_01332.jpg,SRC_129,20.0,180.0,41.057252,N-spring,0.25,train,0.4596233748951265,False
sample_01333.jpg,SRC_094,20.0,180.0,66.934532,N-autumn,0.25,train,0.4040679804199919,False
sample_01334.jpg,SRC_029,-5.0,180.0,45.485648,N-autumn,0.25,train,0.4023019696473276,False
sample_01335.jpg,SRC_134,-30.0,180.0,69.607895,N-spring,0.5,train,0.39008052039326835,False
sample_01336.jpg,SRC_104,25.0,180.0,45.102036,N-summer,0.5,calibration,0.49104666538360126,False
sample_01337.jpg,SRC_023,-10.0,180.0,50.837437,N-spring,0.25,train,0.40956518419079896,False
sample_01338.jpg,SRC_139,40.0,180.0,53.533251,N-winter,0.25,train,0.38307151146740315,False
sample_01339.jpg,SRC_158,-5.0,180.0,35.954137,N-winter,0.25,train,0.3937950746266127,False
sample_01340.jpg,SRC_037,15.0,180.0,44.468297,N-spring,0.25,calibration,0.38206408512731194,False
sample_01341.jpg,SRC_094,20.0,180.0,66.934532,N-autumn,0.25,train,0.40475443512083664,False
sample_01342.jpg,SRC_099,15.0,180.0,42.024472,N-spring,0.5,train,0.3773106516609175,False
sample_01343.jpg,SRC_013,50.0,180.0,54.051464,N-spring,0.5,train,0.3740435778231284,False
sample_01344.jpg,SRC_121,25.0,180.0,67.446292,N-autumn,0.5,validation,0.37640688259230665,False
sample_01345.jpg,SRC_096,25.0,180.0,40.422288,N-spring,0.25,calibration,0.38293489788636786,False
sample_01346.jpg,SRC_051,20.0,180.0,63.609319,N-autumn,0.5,train,0.42404612457720575,False
sample_01347.jpg,SRC_011,-20.0,180.0,70.371153,N-summer,0.25,train,0.4731558100913178,False
sample_01348.jpg,SRC_076,25.0,180.0,63.632584,N-autumn,0.25,validation,0.42342980879587666,False
sample_01349.jpg,SRC_087,0.0,180.0,54.65824,N-summer,0.25,train,0.3960625221408626,False
sample_01350.jpg,SRC_133,-10.0,180.0,48.887369,N-spring,0.5,calibration,0.4396891771812193,False
sample_01351.jpg,SRC_151,-15.0,180.0,63.408071,N-summer,0.5,train,0.3876353196443915,False
sample_01352.jpg,SRC_080,-25.0,180.0,69.726065,N-summer,0.25,calibration,0.4202207392886354,False
sample_01353.jpg,SRC_069,25.0,180.0,48.120522,N-summer,0.5,train,0.48917538742576633,False
sample_01354.jpg,SRC_023,-10.0,180.0,50.837437,N-spring,0.25,train,0.42064467044802567,False
sample_01355.jpg,SRC_041,15.0,180.0,46.712049,N-summer,0.25,calibration,0.3880215205442986,False
sample_01356.jpg,SRC_170,-20.0,180.0,56.332579,N-autumn,0.25,train,0.4854342016042253,False
sample_01357.jpg,SRC_148,-15.0,180.0,49.227137,N-autumn,0.25,train,0.43205058484021547,False
sample_01358.jpg,SRC_145,-5.0,180.0,52.15166,N-spring,0.25,train,0.40886293157757886,False
sample_01359.jpg,SRC_149,90.0,0.0,55.701783,N-summer,0.25,train,0.43957144420797134,False
sample_01360.jpg,SRC_074,0.0,180.0,50.25459,N-spring,0.5,train,0.412396339404493,False
sample_01361.jpg,SRC_009,-25.0,180.0,73.827745,N-spring,0.5,train,0.38755272370427496,False
sample_01362.jpg,SRC_152,30.0,180.0,40.69576,N-spring,0.25,train,0.3925269469638714,False
sample_01363.jpg,SRC_108,-40.0,180.0,68.856247,N-summer,0.5,validation,0.3729449557693285,False
sample_01364.jpg,SRC_037,15.0,180.0,44.468297,N-spring,0.25,calibration,0.3820274694111373,False
sample_01365.jpg,SRC_037,15.0,180.0,44.468297,N-spring,0.25,calibration,0.38605201562880015,False
sample_01366.jpg,SRC_003,0.0,180.0,38.090051,N-spring,0.25,train,0.4067285984990486,False
sample_01367.jpg,SRC_116,5.0,180.0,41.203028,N-spring,0.25,calibration,0.49908492642245134,False
sample_01368.jpg,SRC_040,90.0,0.0,57.651744,N-spring,0.5,validation,0.4777640035454153,False
sample_01369.jpg,SRC_030,-25.0,180.0,67.936804,N-spring,0.5,train,0.38561009278980557,False
sample_01370.jpg,SRC_052,5.0,180.0,51.705435,N-summer,0.25,train,0.40819135042994575,False
sample_01371.jpg,SRC_148,-15.0,180.0,49.227137,N-autumn,0.25,train,0.4361514325861343,False
sample_01372.jpg,SRC_092,5.0,180.0,57.429528,N-autumn,0.25,validation,0.3913986967499067,False
sample_01373.jpg,SRC_043,10.0,180.0,50.433279,N-summer,0.5,calibration,0.3896014323493525,False
sample_01374.jpg,SRC_171,-35.0,180.0,63.65778,N-spring,0.25,calibration,0.393992392744204,False
sample_01375.jpg,SRC_023,-10.0,180.0,50.837437,N-spring,0.25,train,0.43592417249756454,False
sample_01376.jpg,SRC_073,45.0,180.0,41.537171,N-spring,0.25,train,0.43962421663872553,False
sample_01377.jpg,SRC_134,-30.0,180.0,69.607895,N-spring,0.5,train,0.40915819992554275,False
sample_01378.jpg,SRC_171,-35.0,180.0,63.65778,N-spring,0.25,calibration,0.4995199117266436,False
sample_01379.jpg,SRC_134,-30.0,180.0,69.607895,N-spring,0.5,train,0.39461005105499236,False
sample_01380.jpg,SRC_039,90.0,0.0,70.63275,N-summer,0.5,train,0.5180832290154783,False
sample_01381.jpg,SRC_092,5.0,180.0,57.429528,N-autumn,0.25,validation,0.38562636526454747,False
sample_01382.jpg,SRC_085,0.0,180.0,39.187341,N-spring,0.25,train,0.41531861920977564,False
sample_01383.jpg,SRC_170,-20.0,180.0,56.332579,N-autumn,0.25,train,0.4046426876216621,False
sample_01384.jpg,SRC_037,15.0,180.0,44.468297,N-spring,0.25,calibration,0.387295077332928,False
sample_01385.jpg,SRC_037,15.0,180.0,44.468297,N-spring,0.25,calibration,0.46371785689499523,False
sample_01386.jpg,SRC_084,-10.0,180.0,58.957849,N-summer,0.25,train,0.39157148095370853,False
sample_01387.jpg,SRC_159,20.0,180.0,67.076816,N-autumn,0.25,train,0.37941452565314876,False
sample_01388.jpg,SRC_055,-5.0,180.0,57.335076,N-spring,0.25,train,0.45330455471956776,False
sample_01389.jpg,SRC_108,-40.0,180.0,68.856247,N-summer,0.5,validation,0.3781826303070956,False
sample_01390.jpg,SRC_006,-15.0,180.0,65.638079,N-spring,0.5,train,0.4972124381793347,False
sample_01391.jpg,SRC_171,-35.0,180.0,63.65778,N-spring,0.25,calibration,0.3903881978782948,False
sample_01392.jpg,SRC_107,20.0,180.0,65.68027,N-autumn,0.5,train,0.47243402093952014,False
sample_01393.jpg,SRC_087,0.0,180.0,54.65824,N-summer,0.25,train,0.38340406923677856,False
sample_01394.jpg,SRC_091,-40.0,180.0,72.511342,N-summer,0.5,train,0.39720663946537343,False
sample_01395.jpg,SRC_092,5.0,180.0,57.429528,N-autumn,0.25,validation,0.5076039326645801,False
sample_01396.jpg,SRC_092,5.0,180.0,57.429528,N-autumn,0.25,validation,0.3840402713402017,False
sample_01397.jpg,SRC_071,20.0,180.0,40.070501,N-spring,0.25,train,0.5063073879608131,False
sample_01398.jpg,SRC_066,-10.0,180.0,61.81065,N-summer,0.5,validation,0.38865979044799664,False
sample_01399.jpg,SRC_069,25.0,180.0,48.120522,N-summer,0.5,train,0.4836287864964876,False
sample_01400.jpg,SRC_170,-20.0,180.0,56.332579,N-autumn,0.25,train,0.4123927310191635,False
sample_01401.jpg,SRC_022,20.0,180.0,41.513642,N-spring,0.25,train,0.48999878363122973,False
sample_01402.jpg,SRC_027,35.0,180.0,41.369436,N-spring,0.5,calibration,0.4663266451935158,False
sample_01403.jpg,SRC_009,-25.0,180.0,73.827745,N-spring,0.5,train,0.3902078249049744,False
sample_01404.jpg,SRC_085,0.0,180.0,39.187341,N-spring,0.25,train,0.5031793963448387,False
sample_01405.jpg,SRC_037,15.0,180.0,44.468297,N-spring,0.25,calibration,0.4817466053325304,False
sample_01406.jpg,SRC_069,25.0,180.0,48.120522,N-summer,0.5,train,0.44049940651924196,False
sample_01407.jpg,SRC_095,-20.0,180.0,56.495654,N-spring,0.5,train,0.40515530424731444,False
sample_01408.jpg,SRC_099,15.0,180.0,42.024472,N-spring,0.5,train,0.3807951258231924,False
sample_01409.jpg,SRC_009,-25.0,180.0,73.827745,N-spring,0.5,train,0.42580724458351327,False
sample_01410.jpg,SRC_013,50.0,180.0,54.051464,N-spring,0.5,train,0.3855740875904588,False
sample_01411.jpg,SRC_138,25.0,180.0,44.714676,N-summer,0.25,train,0.40468038624076935,False
sample_01412.jpg,SRC_115,25.0,180.0,41.8845,N-spring,0.25,train,0.5056053295198094,False
sample_01413.jpg,SRC_161,5.0,180.0,52.294471,N-summer,0.25,calibration,0.4024752723149495,False
sample_01414.jpg,SRC_061,50.0,180.0,43.110277,N-spring,0.5,train,0.44976283103615106,False
sample_01415.jpg,SRC_144,-35.0,180.0,76.731052,N-spring,0.5,train,0.40384994843089383,False
sample_01416.jpg,SRC_122,-5.0,180.0,57.310506,N-summer,0.25,train,0.44069876725944573,False
sample_01417.jpg,SRC_009,-25.0,180.0,73.827745,N-spring,0.5,train,0.393021070901288,False
sample_01418.jpg,SRC_051,20.0,180.0,63.609319,N-autumn,0.5,train,0.38382784483613697,False
sample_01419.jpg,SRC_114,-10.0,180.0,58.176498,N-autumn,0.5,calibration,0.40373836394859397,False
sample_01420.jpg,SRC_088,0.0,180.0,53.004483,N-summer,0.25,train,0.3843596356215892,False
sample_01421.jpg,SRC_042,10.0,180.0,36.92431,N-spring,0.5,train,0.3979752892598151,False
sample_01422.jpg,SRC_063,25.0,180.0,41.329237,N-spring,0.25,train,0.38536214994711043,False
sample_01423.jpg,SRC_158,-5.0,180.0,35.954137,N-winter,0.25,train,0.3831110825352354,False
sample_01424.jpg,SRC_151,-15.0,180.0,63.408071,N-summer,0.5,train,0.40114150986211394,False
sample_01425.jpg,SRC_004,30.0,180.0,61.107468,N-autumn,0.5,train,0.3875275194790002,False
sample_01426.jpg,SRC_013,50.0,180.0,54.051464,N-spring,0.5,train,0.45948566519997736,False
sample_01427.jpg,SRC_076,25.0,180.0,63.632584,N-autumn,0.25,validation,0.39278411182195616,False
sample_01428.jpg,SRC_067,-15.0,180.0,64.724247,N-spring,0.5,calibration,0.4839549486278381,False
sample_01429.jpg,SRC_041,15.0,180.0,46.712049,N-summer,0.25,calibration,0.3787033423985753,False
sample_01430.jpg,SRC_074,0.0,180.0,50.25459,N-spring,0.5,train,0.38644313670695224,False
sample_01431.jpg,SRC_151,-15.0,180.0,63.408071,N-summer,0.5,train,0.3848642065592538,False
sample_01432.jpg,SRC_081,-90.0,0.0,74.772433,N-autumn,0.25,train,0.5076566291451998,False
sample_01433.jpg,SRC_006,-15.0,180.0,65.638079,N-spring,0.5,train,0.3825033192379642,False
sample_01434.jpg,SRC_146,10.0,180.0,58.0428,N-summer,0.5,validation,0.4522826239813626,False
sample_01435.jpg,SRC_088,0.0,180.0,53.004483,N-summer,0.25,train,0.40984044182168733,False
sample_01436.jpg,SRC_103,-35.0,180.0,57.090396,N-autumn,0.25,train,0.5193336797261809,False
sample_01437.jpg,SRC_009,-25.0,180.0,73.827745,N-spring,0.5,train,0.3954188738816068,False
sample_01438.jpg,SRC_093,-25.0,180.0,43.343655,N-autumn,0.5,calibration,0.4540060512750356,False
sample_01439.jpg,SRC_013,50.0,180.0,54.051464,N-spring,0.5,train,0.37872397550225834,False
sample_01440.jpg,SRC_091,-40.0,180.0,72.511342,N-summer,0.5,train,0.4012334598826861,False
sample_01441.jpg,SRC_121,25.0,180.0,67.446292,N-autumn,0.5,validation,0.3952629968470408,False
sample_01442.jpg,SRC_115,25.0,180.0,41.8845,N-spring,0.25,train,0.43136208366474527,False
sample_01443.jpg,SRC_137,-5.0,180.0,45.053172,N-spring,0.25,train,0.3964077127475766,False
sample_01444.jpg,SRC_170,-20.0,180.0,56.332579,N-autumn,0.25,train,0.4317745131118844,False
sample_01445.jpg,SRC_165,10.0,180.0,42.451267,N-winter,0.25,calibration,0.3803170747901017,False
sample_01446.jpg,SRC_009,-25.0,180.0,73.827745,N-spring,0.5,train,0.39956324715192865,False
sample_01447.jpg,SRC_112,-30.0,180.0,67.516648,N-spring,0.5,train,0.3905503016800645,False
sample_01448.jpg,SRC_157,40.0,180.0,44.22455,N-summer,0.25,train,0.379162543843155,False
sample_01449.jpg,SRC_114,-10.0,180.0,58.176498,N-autumn,0.5,calibration,0.38640055007994883,False
sample_01450.jpg,SRC_052,5.0,180.0,51.705435,N-summer,0.25,train,0.5289305735145338,False
sample_01451.jpg,SRC_037,15.0,180.0,44.468297,N-spring,0.25,calibration,0.39095906192900276,False
sample_01452.jpg,SRC_104,25.0,180.0,45.102036,N-summer,0.5,calibration,0.4691544548348124,False
sample_01453.jpg,SRC_085,0.0,180.0,39.187341,N-spring,0.25,train,0.43237471501521246,False
sample_01454.jpg,SRC_109,50.0,180.0,54.137665,N-summer,0.25,validation,0.3975078736222451,False
sample_01455.jpg,SRC_040,90.0,0.0,57.651744,N-spring,0.5,validation,0.40971282688342636,False
sample_01456.jpg,SRC_061,50.0,180.0,43.110277,N-spring,0.5,train,0.502225940527287,False
sample_01457.jpg,SRC_112,-30.0,180.0,67.516648,N-spring,0.5,train,0.41455622351610366,False
sample_01458.jpg,SRC_006,-15.0,180.0,65.638079,N-spring,0.5,train,0.4911546588041805,False
sample_01459.jpg,SRC_009,-25.0,180.0,73.827745,N-spring,0.5,train,0.41141668662164965,False
sample_01460.jpg,SRC_006,-15.0,180.0,65.638079,N-spring,0.5,train,0.38874134557248496,False
sample_01461.jpg,SRC_010,90.0,0.0,74.440619,N-summer,0.5,train,0.39542334090513187,False
sample_01462.jpg,SRC_153,-40.0,180.0,43.960452,N-autumn,0.25,train,0.38267795942770955,False
sample_01463.jpg,SRC_103,-35.0,180.0,57.090396,N-autumn,0.25,train,0.39825244166810203,False
sample_01464.jpg,SRC_004,30.0,180.0,61.107468,N-autumn,0.5,train,0.4753525481945444,False
sample_01465.jpg,SRC_013,50.0,180.0,54.051464,N-spring,0.5,train,0.39156675262149276,False
sample_01466.jpg,SRC_092,5.0,180.0,57.429528,N-autumn,0.25,validation,0.4099754561554195,False
sample_01467.jpg,SRC_026,90.0,0.0,57.238404,N-spring,0.25,train,0.4439637726464737,False
sample_01468.jpg,SRC_092,5.0,180.0,57.429528,N-autumn,0.25,validation,0.3923420149673127,False
sample_01469.jpg,SRC_108,-40.0,180.0,68.856247,N-summer,0.5,validation,0.3878559516424872,False
sample_01470.jpg,SRC_074,0.0,180.0,50.25459,N-spring,0.5,train,0.4788745982409061,False
sample_01471.jpg,SRC_104,25.0,180.0,45.102036,N-summer,0.5,calibration,0.45543698001759003,False
sample_01472.jpg,SRC_069,25.0,180.0,48.120522,N-summer,0.5,train,0.5060311048940793,False
sample_01473.jpg,SRC_142,-30.0,180.0,34.276784,N-winter,0.25,train,0.4467045708177745,False
sample_01474.jpg,SRC_130,25.0,180.0,37.507656,N-spring,0.25,validation,0.5012742539174236,False
sample_01475.jpg,SRC_087,0.0,180.0,54.65824,N-summer,0.25,train,0.4617036678108931,False
sample_01476.jpg,SRC_014,-40.0,180.0,38.480327,N-winter,0.25,calibration,0.3926267765224703,False
sample_01477.jpg,SRC_030,-25.0,180.0,67.936804,N-spring,0.5,train,0.38451840340118454,False
sample_01478.jpg,SRC_092,5.0,180.0,57.429528,N-autumn,0.25,validation,0.48139502938131934,False
sample_01479.jpg,SRC_091,-40.0,180.0,72.511342,N-summer,0.5,train,0.40163352394259827,False
sample_01480.jpg,SRC_115,25.0,180.0,41.8845,N-spring,0.25,train,0.42370385965280033,False
sample_01481.jpg,SRC_137,-5.0,180.0,45.053172,N-spring,0.25,train,0.414837512284044,False
sample_01482.jpg,SRC_104,25.0,180.0,45.102036,N-summer,0.5,calibration,0.4807705960642907,False
sample_01483.jpg,SRC_076,25.0,180.0,63.632584,N-autumn,0.25,validation,0.394682011171744,False
sample_01484.jpg,SRC_107,20.0,180.0,65.68027,N-autumn,0.5,train,0.3947873037253202,False
sample_01485.jpg,SRC_058,30.0,180.0,69.060883,N-autumn,0.5,train,0.3876394957695643,False
sample_01486.jpg,SRC_087,0.0,180.0,54.65824,N-summer,0.25,train,0.38910553434299383,False
sample_01487.jpg,SRC_109,50.0,180.0,54.137665,N-summer,0.25,validation,0.3919120539974247,False
sample_01488.jpg,SRC_116,5.0,180.0,41.203028,N-spring,0.25,calibration,0.4674753836077367,False
sample_01489.jpg,SRC_142,-30.0,180.0,34.276784,N-winter,0.25,train,0.4339489904173299,False
sample_01490.jpg,SRC_149,90.0,0.0,55.701783,N-summer,0.25,train,0.47811071519890175,False
sample_01491.jpg,SRC_114,-10.0,180.0,58.176498,N-autumn,0.5,calibration,0.37706031783453203,False
sample_01492.jpg,SRC_047,0.0,180.0,48.028677,N-spring,0.5,train,0.40844839086893625,False
sample_01493.jpg,SRC_102,-10.0,180.0,52.255853,N-spring,0.25,train,0.4129930457600103,False
sample_01494.jpg,SRC_043,10.0,180.0,50.433279,N-summer,0.5,calibration,0.38813081439242003,False
sample_01495.jpg,SRC_124,0.0,180.0,51.928413,N-summer,0.25,train,0.3711453221564195,False
sample_01496.jpg,SRC_158,-5.0,180.0,35.954137,N-winter,0.25,train,0.389500046870518,False
sample_01497.jpg,SRC_109,50.0,180.0,54.137665,N-summer,0.25,validation,0.3970002121984697,False
sample_01498.jpg,SRC_095,-20.0,180.0,56.495654,N-spring,0.5,train,0.39628721620406093,False
sample_01499.jpg,SRC_091,-40.0,180.0,72.511342,N-summer,0.5,train,0.37515529641507006,False
sample_01500.jpg,SRC_001,-5.0,180.0,51.987197,N-spring,0.5,calibration,0.44651675255648177,False
sample_01501.jpg,SRC_044,-90.0,0.0,81.862162,N-autumn,0.5,train,0.5106081106948818,False
sample_01502.jpg,SRC_124,0.0,180.0,51.928413,N-summer,0.25,train,0.39349185311164786,False
sample_01503.jpg,SRC_030,-25.0,180.0,67.936804,N-spring,0.5,train,0.3768161981384594,False
sample_01504.jpg,SRC_042,10.0,180.0,36.92431,N-spring,0.5,train,0.409848023591416,False
sample_01505.jpg,SRC_040,90.0,0.0,57.651744,N-spring,0.5,validation,0.49067680057332275,False
sample_01506.jpg,SRC_158,-5.0,180.0,35.954137,N-winter,0.25,train,0.38130147432691824,False
sample_01507.jpg,SRC_102,-10.0,180.0,52.255853,N-spring,0.25,train,0.4034666538804731,False
sample_01508.jpg,SRC_081,-90.0,0.0,74.772433,N-autumn,0.25,train,0.5105512221871574,False
sample_01509.jpg,SRC_063,25.0,180.0,41.329237,N-spring,0.25,train,0.4065631530431217,False
sample_01510.jpg,SRC_158,-5.0,180.0,35.954137,N-winter,0.25,train,0.39944618083892136,False
sample_01511.jpg,SRC_002,40.0,180.0,45.868768,N-summer,0.25,train,0.4788646127738003,False
sample_01512.jpg,SRC_058,30.0,180.0,69.060883,N-autumn,0.5,train,0.48363265799076577,False
sample_01513.jpg,SRC_153,-40.0,180.0,43.960452,N-autumn,0.25,train,0.3818239488374529,False
sample_01514.jpg,SRC_135,5.0,180.0,41.328761,N-winter,0.5,train,0.4694233621929267,False
sample_01515.jpg,SRC_157,40.0,180.0,44.22455,N-summer,0.25,train,0.36200866977874313,False
sample_01516.jpg,SRC_088,0.0,180.0,53.004483,N-summer,0.25,train,0.40661323005164823,False
sample_01517.jpg,SRC_104,25.0,180.0,45.102036,N-summer,0.5,calibration,0.41326473665129215,False
sample_01518.jpg,SRC_047,0.0,180.0,48.028677,N-spring,0.5,train,0.429785443697862,False
sample_01519.jpg,SRC_005,0.0,180.0,55.846781,N-summer,0.5,calibration,0.4781504043693857,False
sample_01520.jpg,SRC_021,-90.0,0.0,68.040851,N-autumn,0.5,calibration,0.40651252949943445,False
sample_01521.jpg,SRC_030,-25.0,180.0,67.936804,N-spring,0.5,train,0.44277350808176896,False
sample_01522.jpg,SRC_052,5.0,180.0,51.705435,N-summer,0.25,train,0.42885090048272917,False
sample_01523.jpg,SRC_056,-40.0,180.0,74.660587,N-summer,0.5,train,0.3974026462200525,False
sample_01524.jpg,SRC_092,5.0,180.0,57.429528,N-autumn,0.25,validation,0.3866554212113436,False
sample_01525.jpg,SRC_075,-90.0,0.0,65.329336,N-winter,0.25,train,0.37536977396641347,False
sample_01526.jpg,SRC_009,-25.0,180.0,73.827745,N-spring,0.5,train,0.41101994218950716,False
sample_01527.jpg,SRC_004,30.0,180.0,61.107468,N-autumn,0.5,train,0.3729165227001123,False
sample_01528.jpg,SRC_108,-40.0,180.0,68.856247,N-summer,0.5,validation,0.3778528973292263,False
sample_01529.jpg,SRC_066,-10.0,180.0,61.81065,N-summer,0.5,validation,0.5045633466092427,False
sample_01530.jpg,SRC_133,-10.0,180.0,48.887369,N-spring,0.5,calibration,0.41859374297524177,False
sample_01531.jpg,SRC_028,10.0,180.0,42.894848,N-spring,0.25,calibration,0.3765980479054393,False
sample_01532.jpg,SRC_112,-30.0,180.0,67.516648,N-spring,0.5,train,0.39588344408154463,False
sample_01533.jpg,SRC_111,-35.0,180.0,79.069883,N-spring,1.0,train,0.4653663425530544,False
sample_01534.jpg,SRC_153,-40.0,180.0,43.960452,N-autumn,0.25,train,0.3753637133386444,False
sample_01535.jpg,SRC_002,40.0,180.0,45.868768,N-summer,0.25,train,0.364709746293027,False
sample_01536.jpg,SRC_111,-35.0,180.0,79.069883,N-spring,1.0,train,0.4743357561888839,False
sample_01537.jpg,SRC_170,-20.0,180.0,56.332579,N-autumn,0.25,train,0.4587215967172925,False
sample_01538.jpg,SRC_074,0.0,180.0,50.25459,N-spring,0.5,train,0.4233519570819828,False
sample_01539.jpg,SRC_091,-40.0,180.0,72.511342,N-summer,0.5,train,0.39250417057117454,False
sample_01540.jpg,SRC_159,20.0,180.0,67.076816,N-autumn,0.25,train,0.37670141769077653,False
sample_01541.jpg,SRC_171,-35.0,180.0,63.65778,N-spring,0.25,calibration,0.3793675616706459,False
sample_01542.jpg,SRC_066,-10.0,180.0,61.81065,N-summer,0.5,validation,0.3914669300304272,False
sample_01543.jpg,SRC_124,0.0,180.0,51.928413,N-summer,0.25,train,0.4791643003921373,False
sample_01544.jpg,SRC_055,-5.0,180.0,57.335076,N-spring,0.25,train,0.40350506490691174,False
sample_01545.jpg,SRC_106,25.0,180.0,40.638999,N-spring,0.5,validation,0.5102450023413188,False
sample_01546.jpg,SRC_047,0.0,180.0,48.028677,N-spring,0.5,train,0.45269261925796156,False
sample_01547.jpg,SRC_008,25.0,180.0,61.005891,N-autumn,0.25,train,0.3985761778879488,False
sample_01548.jpg,SRC_009,-25.0,180.0,73.827745,N-spring,0.5,train,0.5142274111807139,False
sample_01549.jpg,SRC_069,25.0,180.0,48.120522,N-summer,0.5,train,0.3826055375053743,False
sample_01550.jpg,SRC_069,25.0,180.0,48.120522,N-summer,0.5,train,0.4880124181457514,False
sample_01551.jpg,SRC_129,20.0,180.0,41.057252,N-spring,0.25,train,0.47111146664907794,False
sample_01552.jpg,SRC_153,-40.0,180.0,43.960452,N-autumn,0.25,train,0.3849605299553605,False
sample_01553.jpg,SRC_085,0.0,180.0,39.187341,N-spring,0.25,train,0.48415288313099863,False
sample_01554.jpg,SRC_058,30.0,180.0,69.060883,N-autumn,0.5,train,0.49584682711797223,False
sample_01555.jpg,SRC_124,0.0,180.0,51.928413,N-summer,0.25,train,0.43271033415674925,False
sample_01556.jpg,SRC_041,15.0,180.0,46.712049,N-summer,0.25,calibration,0.3846112780234418,False
sample_01557.jpg,SRC_046,0.0,180.0,58.061031,N-autumn,0.25,validation,0.3750843579850924,False
sample_01558.jpg,SRC_170,-20.0,180.0,56.332579,N-autumn,0.25,train,0.4736992888017014,False
sample_01559.jpg,SRC_088,0.0,180.0,53.004483,N-summer,0.25,train,0.4856721838200957,False
sample_01560.jpg,SRC_006,-15.0,180.0,65.638079,N-spring,0.5,train,0.42460041120918424,False
sample_01561.jpg,SRC_006,-15.0,180.0,65.638079,N-spring,0.5,train,0.3870306555329447,False
sample_01562.jpg,SRC_082,-10.0,180.0,60.444036,N-spring,0.25,train,0.45334374357475316,False
sample_01563.jpg,SRC_151,-15.0,180.0,63.408071,N-summer,0.5,train,0.5057943791969021,False
sample_01564.jpg,SRC_091,-40.0,180.0,72.511342,N-summer,0.5,train,0.379366183287059,False
sample_01565.jpg,SRC_027,35.0,180.0,41.369436,N-spring,0.5,calibration,0.3907503993124756,False
sample_01566.jpg,SRC_103,-35.0,180.0,57.090396,N-autumn,0.25,train,0.4013166949585337,False
sample_01567.jpg,SRC_133,-10.0,180.0,48.887369,N-spring,0.5,calibration,0.43230421049143014,False
sample_01568.jpg,SRC_095,-20.0,180.0,56.495654,N-spring,0.5,train,0.4316679776904782,False
sample_01569.jpg,SRC_092,5.0,180.0,57.429528,N-autumn,0.25,validation,0.3998805081642513,False
sample_01570.jpg,SRC_124,0.0,180.0,51.928413,N-summer,0.25,train,0.3816357541949766,False
sample_01571.jpg,SRC_043,10.0,180.0,50.433279,N-summer,0.5,calibration,0.39868000692806593,False
sample_01572.jpg,SRC_114,-10.0,180.0,58.176498,N-autumn,0.5,calibration,0.38910969345619567,False
sample_01573.jpg,SRC_112,-30.0,180.0,67.516648,N-spring,0.5,train,0.3967445678146676,False
sample_01574.jpg,SRC_148,-15.0,180.0,49.227137,N-autumn,0.25,train,0.4977786137226846,False
sample_01575.jpg,SRC_065,30.0,180.0,68.700871,N-winter,0.5,validation,0.5297281376945435,False
sample_01576.jpg,SRC_157,40.0,180.0,44.22455,N-summer,0.25,train,0.3863015780698545,False
sample_01577.jpg,SRC_093,-25.0,180.0,43.343655,N-autumn,0.5,calibration,0.3848728166064211,False
sample_01578.jpg,SRC_040,90.0,0.0,57.651744,N-spring,0.5,validation,0.37914794552508846,False
sample_01579.jpg,SRC_009,-25.0,180.0,73.827745,N-spring,0.5,train,0.4927262125046579,False
sample_01580.jpg,SRC_141,-10.0,180.0,55.206291,N-spring,0.25,train,0.376883285805644,False
sample_01581.jpg,SRC_114,-10.0,180.0,58.176498,N-autumn,0.5,calibration,0.3926419154898994,False
sample_01582.jpg,SRC_018,-90.0,0.0,67.882485,N-winter,0.25,train,0.3883231483152635,False
sample_01583.jpg,SRC_115,25.0,180.0,41.8845,N-spring,0.25,train,0.41611270812690526,False
sample_01584.jpg,SRC_139,40.0,180.0,53.533251,N-winter,0.25,train,0.47990446373432627,False
sample_01585.jpg,SRC_084,-10.0,180.0,58.957849,N-summer,0.25,train,0.3756641504663566,False
sample_01586.jpg,SRC_090,50.0,180.0,47.196626,N-summer,0.25,train,0.4792917967223129,False
sample_01587.jpg,SRC_037,15.0,180.0,44.468297,N-spring,0.25,calibration,0.4763590429086273,False
sample_01588.jpg,SRC_124,0.0,180.0,51.928413,N-summer,0.25,train,0.39362399440762,False
sample_01589.jpg,SRC_036,5.0,180.0,52.749586,N-summer,0.25,train,0.3901828203795009,False
sample_01590.jpg,SRC_141,-10.0,180.0,55.206291,N-spring,0.25,train,0.42009657477735524,False
sample_01591.jpg,SRC_126,-20.0,180.0,68.779144,N-summer,0.5,train,0.4510046284353688,False
sample_01592.jpg,SRC_156,10.0,180.0,48.737382,N-summer,0.25,train,0.377789885474772,False
sample_01593.jpg,SRC_106,25.0,180.0,40.638999,N-spring,0.5,validation,0.4118377571984203,False
sample_01594.jpg,SRC_018,-90.0,0.0,67.882485,N-winter,0.25,train,0.38573468284782353,False
sample_01595.jpg,SRC_040,90.0,0.0,57.651744,N-spring,0.5,validation,0.42140816682450044,False
sample_01596.jpg,SRC_131,10.0,180.0,60.540464,N-autumn,0.5,train,0.41101808217045493,False
sample_01597.jpg,SRC_041,15.0,180.0,46.712049,N-summer,0.25,calibration,0.3910665071093489,False
sample_01598.jpg,SRC_042,10.0,180.0,36.92431,N-spring,0.5,train,0.3982438188854022,False
sample_01599.jpg,SRC_100,20.0,180.0,41.506528,N-spring,0.25,train,0.389350447175967,False
sample_01600.jpg,SRC_051,20.0,180.0,63.609319,N-autumn,0.5,train,0.5120971079676939,False
sample_01601.jpg,SRC_164,20.0,180.0,59.226879,N-autumn,0.25,train,0.48878671099105064,False
sample_01602.jpg,SRC_120,90.0,0.0,69.983669,N-summer,0.25,train,0.38681478145955533,False
sample_01603.jpg,SRC_132,5.0,180.0,51.83727,N-summer,0.25,train,0.5003621426811524,False
sample_01604.jpg,SRC_027,35.0,180.0,41.369436,N-spring,0.5,calibration,0.41653342350752665,False
sample_01605.jpg,SRC_159,20.0,180.0,67.076816,N-autumn,0.25,train,0.47380169507751935,False
sample_01606.jpg,SRC_042,10.0,180.0,36.92431,N-spring,0.5,train,0.3749982429179776,False
sample_01607.jpg,SRC_091,-40.0,180.0,72.511342,N-summer,0.5,train,0.3873124957976032,False
sample_01608.jpg,SRC_003,0.0,180.0,38.090051,N-spring,0.25,train,0.4080899873666809,False
sample_01609.jpg,SRC_153,-40.0,180.0,43.960452,N-autumn,0.25,train,0.3842879655574265,False
sample_01610.jpg,SRC_052,5.0,180.0,51.705435,N-summer,0.25,train,0.41454954182508275,False
sample_01611.jpg,SRC_096,25.0,180.0,40.422288,N-spring,0.25,calibration,0.494423985961404,False
sample_01612.jpg,SRC_112,-30.0,180.0,67.516648,N-spring,0.5,train,0.42445829145105396,False
sample_01613.jpg,SRC_139,40.0,180.0,53.533251,N-winter,0.25,train,0.4390820988367813,False
sample_01614.jpg,SRC_055,-5.0,180.0,57.335076,N-spring,0.25,train,0.45041423464954944,False
sample_01615.jpg,SRC_153,-40.0,180.0,43.960452,N-autumn,0.25,train,0.3912394721618302,False
sample_01616.jpg,SRC_063,25.0,180.0,41.329237,N-spring,0.25,train,0.3786278638373852,False
sample_01617.jpg,SRC_013,50.0,180.0,54.051464,N-spring,0.5,train,0.3790280429013167,False
sample_01618.jpg,SRC_146,10.0,180.0,58.0428,N-summer,0.5,validation,0.48268468233242023,False
sample_01619.jpg,SRC_022,20.0,180.0,41.513642,N-spring,0.25,train,0.4362028896794327,False
sample_01620.jpg,SRC_045,-90.0,0.0,70.559818,N-autumn,0.25,train,0.39003893868652034,False
sample_01621.jpg,SRC_040,90.0,0.0,57.651744,N-spring,0.5,validation,0.4156091027361484,False
sample_01622.jpg,SRC_013,50.0,180.0,54.051464,N-spring,0.5,train,0.3842795577006144,False
sample_01623.jpg,SRC_103,-35.0,180.0,57.090396,N-autumn,0.25,train,0.3993971424533852,False
sample_01624.jpg,SRC_087,0.0,180.0,54.65824,N-summer,0.25,train,0.39787319378490654,False
sample_01625.jpg,SRC_152,30.0,180.0,40.69576,N-spring,0.25,train,0.37605587552091696,False
sample_01626.jpg,SRC_082,-10.0,180.0,60.444036,N-spring,0.25,train,0.4857457131425008,False
sample_01627.jpg,SRC_026,90.0,0.0,57.238404,N-spring,0.25,train,0.44151925264813974,False
sample_01628.jpg,SRC_109,50.0,180.0,54.137665,N-summer,0.25,validation,0.38400415761996376,False
sample_01629.jpg,SRC_047,0.0,180.0,48.028677,N-spring,0.5,train,0.4222044710366026,False
sample_01630.jpg,SRC_041,15.0,180.0,46.712049,N-summer,0.25,calibration,0.39175196577337507,False
sample_01631.jpg,SRC_089,10.0,180.0,48.442522,N-winter,0.25,validation,0.4098060910495306,False
sample_01632.jpg,SRC_075,-90.0,0.0,65.329336,N-winter,0.25,train,0.37581805030362136,False
sample_01633.jpg,SRC_133,-10.0,180.0,48.887369,N-spring,0.5,calibration,0.4981607369414308,False
sample_01634.jpg,SRC_093,-25.0,180.0,43.343655,N-autumn,0.5,calibration,0.3795760868405122,False
sample_01635.jpg,SRC_146,10.0,180.0,58.0428,N-summer,0.5,validation,0.3914537200669961,False
sample_01636.jpg,SRC_092,5.0,180.0,57.429528,N-autumn,0.25,validation,0.509408012452505,False
sample_01637.jpg,SRC_148,-15.0,180.0,49.227137,N-autumn,0.25,train,0.4498783305549122,False
sample_01638.jpg,SRC_076,25.0,180.0,63.632584,N-autumn,0.25,validation,0.39141882251677984,False
sample_01639.jpg,SRC_086,15.0,180.0,43.648742,N-summer,0.5,train,0.37571758609849504,False
sample_01640.jpg,SRC_170,-20.0,180.0,56.332579,N-autumn,0.25,train,0.3943923234701291,False
sample_01641.jpg,SRC_168,90.0,0.0,64.709631,N-summer,0.25,train,0.49931373453526795,False
sample_01642.jpg,SRC_148,-15.0,180.0,49.227137,N-autumn,0.25,train,0.41624252137493467,False
sample_01643.jpg,SRC_009,-25.0,180.0,73.827745,N-spring,0.5,train,0.3950173455155475,False
sample_01644.jpg,SRC_076,25.0,180.0,63.632584,N-autumn,0.25,validation,0.3824857681593462,False
sample_01645.jpg,SRC_153,-40.0,180.0,43.960452,N-autumn,0.25,train,0.43326249180844617,False
sample_01646.jpg,SRC_023,-10.0,180.0,50.837437,N-spring,0.25,train,0.39758433805337984,False
sample_01647.jpg,SRC_074,0.0,180.0,50.25459,N-spring,0.5,train,0.4838093071418525,False
sample_01648.jpg,SRC_031,-90.0,0.0,62.684336,N-winter,0.5,train,0.48747302511606605,False
sample_01649.jpg,SRC_093,-25.0,180.0,43.343655,N-autumn,0.5,calibration,0.39606071329034104,False
sample_01650.jpg,SRC_106,25.0,180.0,40.638999,N-spring,0.5,validation,0.4490858379190401,False
sample_01651.jpg,SRC_052,5.0,180.0,51.705435,N-summer,0.25,train,0.5120540766739419,False
sample_01652.jpg,SRC_136,-35.0,180.0,76.922409,N-spring,0.5,train,0.38157228095961926,False
sample_01653.jpg,SRC_067,-15.0,180.0,64.724247,N-spring,0.5,calibration,0.526089304196464,False
sample_01654.jpg,SRC_158,-5.0,180.0,35.954137,N-winter,0.25,train,0.39798266862621445,False
sample_01655.jpg,SRC_052,5.0,180.0,51.705435,N-summer,0.25,train,0.43627558897153573,False
sample_01656.jpg,SRC_131,10.0,180.0,60.540464,N-autumn,0.5,train,0.4395897303217331,False
sample_01657.jpg,SRC_171,-35.0,180.0,63.65778,N-spring,0.25,calibration,0.3971457865280571,False
sample_01658.jpg,SRC_103,-35.0,180.0,57.090396,N-autumn,0.25,train,0.39091066182242906,False
sample_01659.jpg,SRC_011,-20.0,180.0,70.371153,N-summer,0.25,train,0.3769817295998812,False
sample_01660.jpg,SRC_042,10.0,180.0,36.92431,N-spring,0.5,train,0.41452764425851596,False
sample_01661.jpg,SRC_008,25.0,180.0,61.005891,N-autumn,0.25,train,0.43621907699581086,False
sample_01662.jpg,SRC_026,90.0,0.0,57.238404,N-spring,0.25,train,0.4415483953670569,False
sample_01663.jpg,SRC_069,25.0,180.0,48.120522,N-summer,0.5,train,0.47652186096810656,False
sample_01664.jpg,SRC_057,-5.0,180.0,57.599617,N-summer,0.25,train,0.40016873503931577,False
sample_01665.jpg,SRC_084,-10.0,180.0,58.957849,N-summer,0.25,train,0.39741758716548137,False
sample_01666.jpg,SRC_040,90.0,0.0,57.651744,N-spring,0.5,validation,0.4026556929776355,False
sample_01667.jpg,SRC_091,-40.0,180.0,72.511342,N-summer,0.5,train,0.3879026160091525,False
sample_01668.jpg,SRC_154,0.0,180.0,54.770875,N-summer,0.5,train,0.500331405190635,False
sample_01669.jpg,SRC_023,-10.0,180.0,50.837437,N-spring,0.25,train,0.43067959897560915,False
sample_01670.jpg,SRC_126,-20.0,180.0,68.779144,N-summer,0.5,train,0.46891296205880895,False
sample_01671.jpg,SRC_150,10.0,180.0,50.798821,N-summer,0.5,train,0.39451436404329293,False
sample_01672.jpg,SRC_142,-30.0,180.0,34.276784,N-winter,0.25,train,0.40853472354292625,False
sample_01673.jpg,SRC_101,5.0,180.0,48.479381,N-winter,0.25,validation,0.44696755272701216,False
sample_01674.jpg,SRC_142,-30.0,180.0,34.276784,N-winter,0.25,train,0.4545022943112637,False
sample_01675.jpg,SRC_022,20.0,180.0,41.513642,N-spring,0.25,train,0.40912011752352767,False
sample_01676.jpg,SRC_092,5.0,180.0,57.429528,N-autumn,0.25,validation,0.5175874552221126,False
sample_01677.jpg,SRC_103,-35.0,180.0,57.090396,N-autumn,0.25,train,0.4842914930573629,False
sample_01678.jpg,SRC_153,-40.0,180.0,43.960452,N-autumn,0.25,train,0.40514999968995646,False
sample_01679.jpg,SRC_015,20.0,180.0,46.484204,N-summer,0.25,train,0.45623581149932957,False
sample_01680.jpg,SRC_114,-10.0,180.0,58.176498,N-autumn,0.5,calibration,0.48963299009138356,False
sample_01681.jpg,SRC_009,-25.0,180.0,73.827745,N-spring,0.5,train,0.394655453539956,False
sample_01682.jpg,SRC_076,25.0,180.0,63.632584,N-autumn,0.25,validation,0.3997543391038568,False
sample_01683.jpg,SRC_121,25.0,180.0,67.446292,N-autumn,0.5,validation,0.3839066579430369,False
sample_01684.jpg,SRC_103,-35.0,180.0,57.090396,N-autumn,0.25,train,0.4006298020184942,False
sample_01685.jpg,SRC_075,-90.0,0.0,65.329336,N-winter,0.25,train,0.3756758081344419,False
sample_01686.jpg,SRC_106,25.0,180.0,40.638999,N-spring,0.5,validation,0.4878012460959883,False
sample_01687.jpg,SRC_106,25.0,180.0,40.638999,N-spring,0.5,validation,0.45530743638959337,False
sample_01688.jpg,SRC_009,-25.0,180.0,73.827745,N-spring,0.5,train,0.45795424614571356,False
sample_01689.jpg,SRC_076,25.0,180.0,63.632584,N-autumn,0.25,validation,0.39031346127737215,False
sample_01690.jpg,SRC_030,-25.0,180.0,67.936804,N-spring,0.5,train,0.48263385673641607,False
sample_01691.jpg,SRC_067,-15.0,180.0,64.724247,N-spring,0.5,calibration,0.39595438488368523,False
sample_01692.jpg,SRC_115,25.0,180.0,41.8845,N-spring,0.25,train,0.44495094824111303,False
sample_01693.jpg,SRC_132,5.0,180.0,51.83727,N-summer,0.25,train,0.3956020121493346,False
sample_01694.jpg,SRC_030,-25.0,180.0,67.936804,N-spring,0.5,train,0.39536054747919314,False
sample_01695.jpg,SRC_063,25.0,180.0,41.329237,N-spring,0.25,train,0.5230196056814901,False
sample_01696.jpg,SRC_006,-15.0,180.0,65.638079,N-spring,0.5,train,0.38219487855449114,False
sample_01697.jpg,SRC_146,10.0,180.0,58.0428,N-summer,0.5,validation,0.4000983879201937,False
sample_01698.jpg,SRC_021,-90.0,0.0,68.040851,N-autumn,0.5,calibration,0.3808725245609725,False
sample_01699.jpg,SRC_108,-40.0,180.0,68.856247,N-summer,0.5,validation,0.3794588867395978,False
sample_01700.jpg,SRC_126,-20.0,180.0,68.779144,N-summer,0.5,train,0.511572192978436,False
sample_01701.jpg,SRC_131,10.0,180.0,60.540464,N-autumn,0.5,train,0.4287372038368794,False
sample_01702.jpg,SRC_139,40.0,180.0,53.533251,N-winter,0.25,train,0.4130216706673884,False
sample_01703.jpg,SRC_133,-10.0,180.0,48.887369,N-spring,0.5,calibration,0.5029831628699215,False
sample_01704.jpg,SRC_027,35.0,180.0,41.369436,N-spring,0.5,calibration,0.4024710662101943,False
sample_01705.jpg,SRC_148,-15.0,180.0,49.227137,N-autumn,0.25,train,0.43289454213602935,False
sample_01706.jpg,SRC_145,-5.0,180.0,52.15166,N-spring,0.25,train,0.4689582836741299,False
sample_01707.jpg,SRC_146,10.0,180.0,58.0428,N-summer,0.5,validation,0.4223001668265929,False
sample_01708.jpg,SRC_168,90.0,0.0,64.709631,N-summer,0.25,train,0.5297246088875404,False
sample_01709.jpg,SRC_059,15.0,180.0,48.046698,N-summer,0.25,train,0.3992241955742396,False
sample_01710.jpg,SRC_170,-20.0,180.0,56.332579,N-autumn,0.25,train,0.4110799390302011,False
sample_01711.jpg,SRC_157,40.0,180.0,44.22455,N-summer,0.25,train,0.3810022541023382,False
sample_01712.jpg,SRC_152,30.0,180.0,40.69576,N-spring,0.25,train,0.38853803515065016,False
sample_01713.jpg,SRC_156,10.0,180.0,48.737382,N-summer,0.25,train,0.3822985287587592,False
sample_01714.jpg,SRC_091,-40.0,180.0,72.511342,N-summer,0.5,train,0.40360579438231337,False
sample_01715.jpg,SRC_028,10.0,180.0,42.894848,N-spring,0.25,calibration,0.372047478380808,False
sample_01716.jpg,SRC_127,-35.0,180.0,47.507974,N-autumn,0.5,train,0.37899376742298313,False
sample_01717.jpg,SRC_114,-10.0,180.0,58.176498,N-autumn,0.5,calibration,0.5189320850103604,False
sample_01718.jpg,SRC_151,-15.0,180.0,63.408071,N-summer,0.5,train,0.4140075156634266,False
sample_01719.jpg,SRC_071,20.0,180.0,40.070501,N-spring,0.25,train,0.5146300380551455,False
sample_01720.jpg,SRC_030,-25.0,180.0,67.936804,N-spring,0.5,train,0.38207147293988736,False
sample_01721.jpg,SRC_067,-15.0,180.0,64.724247,N-spring,0.5,calibration,0.4099250202206951,False
sample_01722.jpg,SRC_170,-20.0,180.0,56.332579,N-autumn,0.25,train,0.42640143949492176,False
sample_01723.jpg,SRC_093,-25.0,180.0,43.343655,N-autumn,0.5,calibration,0.38668401087786763,False
sample_01724.jpg,SRC_140,35.0,180.0,44.85556,N-spring,0.25,validation,0.5270895436730191,False
sample_01725.jpg,SRC_030,-25.0,180.0,67.936804,N-spring,0.5,train,0.38519488970048726,False
sample_01726.jpg,SRC_153,-40.0,180.0,43.960452,N-autumn,0.25,train,0.39210457978933555,False
sample_01727.jpg,SRC_006,-15.0,180.0,65.638079,N-spring,0.5,train,0.3791398481808449,False
sample_01728.jpg,SRC_093,-25.0,180.0,43.343655,N-autumn,0.5,calibration,0.3901232864759939,False
sample_01729.jpg,SRC_020,35.0,180.0,42.075965,N-summer,0.25,train,0.4001222870302688,False
sample_01730.jpg,SRC_084,-10.0,180.0,58.957849,N-summer,0.25,train,0.3816959629104573,False
sample_01731.jpg,SRC_092,5.0,180.0,57.429528,N-autumn,0.25,validation,0.40733436348163243,False
sample_01732.jpg,SRC_086,15.0,180.0,43.648742,N-summer,0.5,train,0.3816187714152318,False
sample_01733.jpg,SRC_133,-10.0,180.0,48.887369,N-spring,0.5,calibration,0.4013996648152182,False
sample_01734.jpg,SRC_020,35.0,180.0,42.075965,N-summer,0.25,train,0.3964283405906548,False
sample_01735.jpg,SRC_040,90.0,0.0,57.651744,N-spring,0.5,validation,0.48006533738237467,False
sample_01736.jpg,SRC_092,5.0,180.0,57.429528,N-autumn,0.25,validation,0.395796655300534,False
sample_01737.jpg,SRC_026,90.0,0.0,57.238404,N-spring,0.25,train,0.445476119620309,False
sample_01738.jpg,SRC_074,0.0,180.0,50.25459,N-spring,0.5,train,0.4042772640730051,False
sample_01739.jpg,SRC_135,5.0,180.0,41.328761,N-winter,0.5,train,0.5017422559727608,False
sample_01740.jpg,SRC_061,50.0,180.0,43.110277,N-spring,0.5,train,0.4883299460458518,False
sample_01741.jpg,SRC_121,25.0,180.0,67.446292,N-autumn,0.5,validation,0.39288573297436147,False
sample_01742.jpg,SRC_156,10.0,180.0,48.737382,N-summer,0.25,train,0.39092274822310147,False
sample_01743.jpg,SRC_091,-40.0,180.0,72.511342,N-summer,0.5,train,0.39631150895732137,False
sample_01744.jpg,SRC_094,20.0,180.0,66.934532,N-autumn,0.25,train,0.5075769382626966,False
sample_01745.jpg,SRC_061,50.0,180.0,43.110277,N-spring,0.5,train,0.42391295373264776,False
sample_01746.jpg,SRC_005,0.0,180.0,55.846781,N-summer,0.5,calibration,0.3839047418198578,False
sample_01747.jpg,SRC_090,50.0,180.0,47.196626,N-summer,0.25,train,0.36769452829721805,False
sample_01748.jpg,SRC_103,-35.0,180.0,57.090396,N-autumn,0.25,train,0.3949568303119061,False
sample_01749.jpg,SRC_026,90.0,0.0,57.238404,N-spring,0.25,train,0.457780532612182,False
sample_01750.jpg,SRC_115,25.0,180.0,41.8845,N-spring,0.25,train,0.42683911308314615,False
sample_01751.jpg,SRC_149,90.0,0.0,55.701783,N-summer,0.25,train,0.4503019251185729,False
sample_01752.jpg,SRC_148,-15.0,180.0,49.227137,N-autumn,0.25,train,0.4176415324479096,False
sample_01753.jpg,SRC_046,0.0,180.0,58.061031,N-autumn,0.25,validation,0.3911472750516132,False
sample_01754.jpg,SRC_159,20.0,180.0,67.076816,N-autumn,0.25,train,0.4009337186852089,False
sample_01755.jpg,SRC_092,5.0,180.0,57.429528,N-autumn,0.25,validation,0.3829372428959075,False
sample_01756.jpg,SRC_090,50.0,180.0,47.196626,N-summer,0.25,train,0.37004326380330915,False
sample_01757.jpg,SRC_164,20.0,180.0,59.226879,N-autumn,0.25,train,0.38575585332308526,False
sample_01758.jpg,SRC_041,15.0,180.0,46.712049,N-summer,0.25,calibration,0.3719574766469463,False
sample_01759.jpg,SRC_151,-15.0,180.0,63.408071,N-summer,0.5,train,0.4761450776832287,False
sample_01760.jpg,SRC_009,-25.0,180.0,73.827745,N-spring,0.5,train,0.4748771881913676,False
sample_01761.jpg,SRC_121,25.0,180.0,67.446292,N-autumn,0.5,validation,0.392496129188537,False
sample_01762.jpg,SRC_022,20.0,180.0,41.513642,N-spring,0.25,train,0.4398827487499194,False
sample_01763.jpg,SRC_047,0.0,180.0,48.028677,N-spring,0.5,train,0.41927803784554635,False
sample_01764.jpg,SRC_009,-25.0,180.0,73.827745,N-spring,0.5,train,0.38594186195866953,False
sample_01765.jpg,SRC_145,-5.0,180.0,52.15166,N-spring,0.25,train,0.3879743586577083,False
sample_01766.jpg,SRC_124,0.0,180.0,51.928413,N-summer,0.25,train,0.48476158188787705,False
sample_01767.jpg,SRC_170,-20.0,180.0,56.332579,N-autumn,0.25,train,0.4170537269495148,False
sample_01768.jpg,SRC_016,10.0,180.0,55.552023,N-winter,0.5,train,0.4080542874291037,False
sample_01769.jpg,SRC_153,-40.0,180.0,43.960452,N-autumn,0.25,train,0.5170106972260977,False
sample_01770.jpg,SRC_109,50.0,180.0,54.137665,N-summer,0.25,validation,0.38856081817990373,False
sample_01771.jpg,SRC_056,-40.0,180.0,74.660587,N-summer,0.5,train,0.49121280381070315,False
sample_01772.jpg,SRC_029,-5.0,180.0,45.485648,N-autumn,0.25,train,0.4014624263931238,False
sample_01773.jpg,SRC_158,-5.0,180.0,35.954137,N-winter,0.25,train,0.386766130977961,False
sample_01774.jpg,SRC_144,-35.0,180.0,76.731052,N-spring,0.5,train,0.40791378168226994,False
sample_01775.jpg,SRC_103,-35.0,180.0,57.090396,N-autumn,0.25,train,0.38108776603177985,False
sample_01776.jpg,SRC_142,-30.0,180.0,34.276784,N-winter,0.25,train,0.437372326713185,False
sample_01777.jpg,SRC_042,10.0,180.0,36.92431,N-spring,0.5,train,0.40280913588279843,False
sample_01778.jpg,SRC_148,-15.0,180.0,49.227137,N-autumn,0.25,train,0.46620254169654407,False
sample_01779.jpg,SRC_115,25.0,180.0,41.8845,N-spring,0.25,train,0.41851952679298454,False
sample_01780.jpg,SRC_106,25.0,180.0,40.638999,N-spring,0.5,validation,0.43841021154690935,False
sample_01781.jpg,SRC_156,10.0,180.0,48.737382,N-summer,0.25,train,0.38721090264618907,False
sample_01782.jpg,SRC_126,-20.0,180.0,68.779144,N-summer,0.5,train,0.4593702543058603,False
sample_01783.jpg,SRC_148,-15.0,180.0,49.227137,N-autumn,0.25,train,0.4307547305362546,False
sample_01784.jpg,SRC_099,15.0,180.0,42.024472,N-spring,0.5,train,0.38821974514880503,False
sample_01785.jpg,SRC_091,-40.0,180.0,72.511342,N-summer,0.5,train,0.37929613668379786,False
sample_01786.jpg,SRC_059,15.0,180.0,48.046698,N-summer,0.25,train,0.4590014287628347,False
sample_01787.jpg,SRC_144,-35.0,180.0,76.731052,N-spring,0.5,train,0.4146722783873571,False
sample_01788.jpg,SRC_156,10.0,180.0,48.737382,N-summer,0.25,train,0.3809152598126655,False
sample_01789.jpg,SRC_095,-20.0,180.0,56.495654,N-spring,0.5,train,0.3985331438524701,False
sample_01790.jpg,SRC_051,20.0,180.0,63.609319,N-autumn,0.5,train,0.41147041983038174,False
sample_01791.jpg,SRC_088,0.0,180.0,53.004483,N-summer,0.25,train,0.40611834984329925,False
sample_01792.jpg,SRC_003,0.0,180.0,38.090051,N-spring,0.25,train,0.47467767584682985,False
sample_01793.jpg,SRC_132,5.0,180.0,51.83727,N-summer,0.25,train,0.4388902868599717,False
sample_01794.jpg,SRC_151,-15.0,180.0,63.408071,N-summer,0.5,train,0.41409176021800215,False
sample_01795.jpg,SRC_131,10.0,180.0,60.540464,N-autumn,0.5,train,0.49596782710008613,False
sample_01796.jpg,SRC_096,25.0,180.0,40.422288,N-spring,0.25,calibration,0.39859741241654273,False
sample_01797.jpg,SRC_136,-35.0,180.0,76.922409,N-spring,0.5,train,0.3894342541810075,False
sample_01798.jpg,SRC_062,45.0,180.0,81.508965,N-autumn,0.5,train,0.3966900673777458,False
sample_01799.jpg,SRC_133,-10.0,180.0,48.887369,N-spring,0.5,calibration,0.4193942851971627,False
sample_01800.jpg,SRC_115,25.0,180.0,41.8845,N-spring,0.25,train,0.5047106289264359,False
sample_01801.jpg,SRC_124,0.0,180.0,51.928413,N-summer,0.25,train,0.39238521941631793,False
sample_01802.jpg,SRC_119,90.0,0.0,58.642683,N-spring,0.25,calibration,0.48230405970384005,False
sample_01803.jpg,SRC_069,25.0,180.0,48.120522,N-summer,0.5,train,0.4912451494142349,False
sample_01804.jpg,SRC_004,30.0,180.0,61.107468,N-autumn,0.5,train,0.3864861809648159,False
sample_01805.jpg,SRC_067,-15.0,180.0,64.724247,N-spring,0.5,calibration,0.522434980672036,False
sample_01806.jpg,SRC_100,20.0,180.0,41.506528,N-spring,0.25,train,0.4606670829393075,False
sample_01807.jpg,SRC_055,-5.0,180.0,57.335076,N-spring,0.25,train,0.5104019463346731,False
sample_01808.jpg,SRC_066,-10.0,180.0,61.81065,N-summer,0.5,validation,0.417972642062323,False
sample_01809.jpg,SRC_069,25.0,180.0,48.120522,N-summer,0.5,train,0.46599233951747826,False
sample_01810.jpg,SRC_009,-25.0,180.0,73.827745,N-spring,0.5,train,0.3965480153108748,False
sample_01811.jpg,SRC_171,-35.0,180.0,63.65778,N-spring,0.25,calibration,0.38833741336942074,False
sample_01812.jpg,SRC_126,-20.0,180.0,68.779144,N-summer,0.5,train,0.42101409231926795,False
sample_01813.jpg,SRC_004,30.0,180.0,61.107468,N-autumn,0.5,train,0.38096866384408046,False
sample_01814.jpg,SRC_134,-30.0,180.0,69.607895,N-spring,0.5,train,0.373622590178071,False
sample_01815.jpg,SRC_149,90.0,0.0,55.701783,N-summer,0.25,train,0.4608755712343651,False
sample_01816.jpg,SRC_109,50.0,180.0,54.137665,N-summer,0.25,validation,0.38541289656156374,False
sample_01817.jpg,SRC_108,-40.0,180.0,68.856247,N-summer,0.5,validation,0.5085760700707508,False
sample_01818.jpg,SRC_011,-20.0,180.0,70.371153,N-summer,0.25,train,0.5047328602657759,False
sample_01819.jpg,SRC_052,5.0,180.0,51.705435,N-summer,0.25,train,0.4607348528767258,False
sample_01820.jpg,SRC_169,40.0,180.0,48.615664,N-summer,0.25,validation,0.3666848327858069,False
sample_01821.jpg,SRC_112,-30.0,180.0,67.516648,N-spring,0.5,train,0.39337398359625897,False
sample_01822.jpg,SRC_094,20.0,180.0,66.934532,N-autumn,0.25,train,0.3881044824241706,False
sample_01823.jpg,SRC_041,15.0,180.0,46.712049,N-summer,0.25,calibration,0.5243047100440384,False
sample_01824.jpg,SRC_148,-15.0,180.0,49.227137,N-autumn,0.25,train,0.4500989414733886,False
sample_01825.jpg,SRC_009,-25.0,180.0,73.827745,N-spring,0.5,train,0.40000393481965385,False
sample_01826.jpg,SRC_100,20.0,180.0,41.506528,N-spring,0.25,train,0.38328749028706816,False
sample_01827.jpg,SRC_083,0.0,180.0,55.378885,N-spring,0.25,train,0.3766941799200168,False
sample_01828.jpg,SRC_013,50.0,180.0,54.051464,N-spring,0.5,train,0.380751530398754,False
sample_01829.jpg,SRC_026,90.0,0.0,57.238404,N-spring,0.25,train,0.45595220637376227,False
sample_01830.jpg,SRC_074,0.0,180.0,50.25459,N-spring,0.5,train,0.5028522946863893,False
sample_01831.jpg,SRC_122,-5.0,180.0,57.310506,N-summer,0.25,train,0.42347494443194666,False
sample_01832.jpg,SRC_084,-10.0,180.0,58.957849,N-summer,0.25,train,0.38745913684778344,False
sample_01833.jpg,SRC_004,30.0,180.0,61.107468,N-autumn,0.5,train,0.4809246012569422,False
sample_01834.jpg,SRC_136,-35.0,180.0,76.922409,N-spring,0.5,train,0.48004150367348714,False
sample_01835.jpg,SRC_113,-35.0,180.0,36.668707,N-winter,0.25,train,0.38596187921142494,False
sample_01836.jpg,SRC_142,-30.0,180.0,34.276784,N-winter,0.25,train,0.5190052779920243,False
sample_01837.jpg,SRC_072,15.0,180.0,46.966801,N-winter,0.25,train,0.5293824867371826,False
sample_01838.jpg,SRC_133,-10.0,180.0,48.887369,N-spring,0.5,calibration,0.40907279144154696,False
sample_01839.jpg,SRC_142,-30.0,180.0,34.276784,N-winter,0.25,train,0.41864127170551724,False
sample_01840.jpg,SRC_153,-40.0,180.0,43.960452,N-autumn,0.25,train,0.4332716898532728,False
sample_01841.jpg,SRC_013,50.0,180.0,54.051464,N-spring,0.5,train,0.38445780417558795,False
sample_01842.jpg,SRC_061,50.0,180.0,43.110277,N-spring,0.5,train,0.4883213602255296,False
sample_01843.jpg,SRC_003,0.0,180.0,38.090051,N-spring,0.25,train,0.4905125034578067,False
sample_01844.jpg,SRC_092,5.0,180.0,57.429528,N-autumn,0.25,validation,0.39220142659665075,False
sample_01845.jpg,SRC_102,-10.0,180.0,52.255853,N-spring,0.25,train,0.4173180646397,False
sample_01846.jpg,SRC_030,-25.0,180.0,67.936804,N-spring,0.5,train,0.39097713934259726,False
sample_01847.jpg,SRC_115,25.0,180.0,41.8845,N-spring,0.25,train,0.40328719732992785,False
sample_01848.jpg,SRC_040,90.0,0.0,57.651744,N-spring,0.5,validation,0.41029539132992066,False
sample_01849.jpg,SRC_052,5.0,180.0,51.705435,N-summer,0.25,train,0.40505257573310116,False
sample_01850.jpg,SRC_051,20.0,180.0,63.609319,N-autumn,0.5,train,0.3885597752776465,False
sample_01851.jpg,SRC_055,-5.0,180.0,57.335076,N-spring,0.25,train,0.451426252044518,False
sample_01852.jpg,SRC_107,20.0,180.0,65.68027,N-autumn,0.5,train,0.4046670219635281,False
sample_01853.jpg,SRC_004,30.0,180.0,61.107468,N-autumn,0.5,train,0.3921697550526108,False
sample_01854.jpg,SRC_020,35.0,180.0,42.075965,N-summer,0.25,train,0.3818808255809717,False
sample_01855.jpg,SRC_158,-5.0,180.0,35.954137,N-winter,0.25,train,0.5130525622889156,False
sample_01856.jpg,SRC_123,0.0,180.0,54.598149,N-autumn,0.5,train,0.4415419405427906,False
sample_01857.jpg,SRC_165,10.0,180.0,42.451267,N-winter,0.25,calibration,0.38427482247551703,False
sample_01858.jpg,SRC_050,0.0,180.0,53.680047,N-summer,0.25,calibration,0.4214029405676854,False
sample_01859.jpg,SRC_008,25.0,180.0,61.005891,N-autumn,0.25,train,0.37841645601878404,False
sample_01860.jpg,SRC_013,50.0,180.0,54.051464,N-spring,0.5,train,0.3892149542588924,False
sample_01861.jpg,SRC_029,-5.0,180.0,45.485648,N-autumn,0.25,train,0.5018789226189908,False
sample_01862.jpg,SRC_144,-35.0,180.0,76.731052,N-spring,0.5,train,0.39178943315242704,False
sample_01863.jpg,SRC_158,-5.0,180.0,35.954137,N-winter,0.25,train,0.39275284199280763,False
sample_01864.jpg,SRC_091,-40.0,180.0,72.511342,N-summer,0.5,train,0.3947741287045521,False
sample_01865.jpg,SRC_011,-20.0,180.0,70.371153,N-summer,0.25,train,0.39838207074253085,False
sample_01866.jpg,SRC_030,-25.0,180.0,67.936804,N-spring,0.5,train,0.39041803465083025,False
sample_01867.jpg,SRC_114,-10.0,180.0,58.176498,N-autumn,0.5,calibration,0.4752449664320152,False
sample_01868.jpg,SRC_094,20.0,180.0,66.934532,N-autumn,0.25,train,0.39500206247389,False
sample_01869.jpg,SRC_047,0.0,180.0,48.028677,N-spring,0.5,train,0.41026834134019374,False
sample_01870.jpg,SRC_037,15.0,180.0,44.468297,N-spring,0.25,calibration,0.37696258073421396,False
sample_01871.jpg,SRC_115,25.0,180.0,41.8845,N-spring,0.25,train,0.5053263213677572,False
sample_01872.jpg,SRC_074,0.0,180.0,50.25459,N-spring,0.5,train,0.3753868824006004,False
sample_01873.jpg,SRC_106,25.0,180.0,40.638999,N-spring,0.5,validation,0.48500228784230526,False
sample_01874.jpg,SRC_091,-40.0,180.0,72.511342,N-summer,0.5,train,0.4497453680587462,False
sample_01875.jpg,SRC_056,-40.0,180.0,74.660587,N-summer,0.5,train,0.39992407098625593,False
sample_01876.jpg,SRC_066,-10.0,180.0,61.81065,N-summer,0.5,validation,0.38309097840032813,False
sample_01877.jpg,SRC_065,30.0,180.0,68.700871,N-winter,0.5,validation,0.38842096654217306,False
sample_01878.jpg,SRC_037,15.0,180.0,44.468297,N-spring,0.25,calibration,0.4983963653537556,False
sample_01879.jpg,SRC_058,30.0,180.0,69.060883,N-autumn,0.5,train,0.49656982646139325,False
sample_01880.jpg,SRC_006,-15.0,180.0,65.638079,N-spring,0.5,train,0.39563695920647424,False
sample_01881.jpg,SRC_004,30.0,180.0,61.107468,N-autumn,0.5,train,0.3662252937560217,False
sample_01882.jpg,SRC_115,25.0,180.0,41.8845,N-spring,0.25,train,0.4129838161378605,False
sample_01883.jpg,SRC_068,0.0,180.0,56.216196,N-summer,0.25,train,0.3864392239757207,False
sample_01884.jpg,SRC_102,-10.0,180.0,52.255853,N-spring,0.25,train,0.43895519024366153,False
sample_01885.jpg,SRC_084,-10.0,180.0,58.957849,N-summer,0.25,train,0.4861127945154212,False
sample_01886.jpg,SRC_071,20.0,180.0,40.070501,N-spring,0.25,train,0.4846029171557271,False
sample_01887.jpg,SRC_004,30.0,180.0,61.107468,N-autumn,0.5,train,0.38416148068868433,False
sample_01888.jpg,SRC_042,10.0,180.0,36.92431,N-spring,0.5,train,0.39458006442716764,False
sample_01889.jpg,SRC_052,5.0,180.0,51.705435,N-summer,0.25,train,0.43611201526598486,False
sample_01890.jpg,SRC_041,15.0,180.0,46.712049,N-summer,0.25,calibration,0.3877434064572106,False
sample_01891.jpg,SRC_038,-15.0,180.0,32.097448,N-winter,0.25,validation,0.5070070278913754,False
sample_01892.jpg,SRC_108,-40.0,180.0,68.856247,N-summer,0.5,validation,0.4720007800422586,False
sample_01893.jpg,SRC_165,10.0,180.0,42.451267,N-winter,0.25,calibration,0.37267925350218695,False
sample_01894.jpg,SRC_121,25.0,180.0,67.446292,N-autumn,0.5,validation,0.3889386055013046,False
sample_01895.jpg,SRC_051,20.0,180.0,63.609319,N-autumn,0.5,train,0.41232672498853484,False
sample_01896.jpg,SRC_142,-30.0,180.0,34.276784,N-winter,0.25,train,0.5152687783146217,False
sample_01897.jpg,SRC_058,30.0,180.0,69.060883,N-autumn,0.5,train,0.48651865499719776,False
sample_01898.jpg,SRC_100,20.0,180.0,41.506528,N-spring,0.25,train,0.39857818879717544,False
sample_01899.jpg,SRC_069,25.0,180.0,48.120522,N-summer,0.5,train,0.46431789332089607,False
sample_01900.jpg,SRC_014,-40.0,180.0,38.480327,N-winter,0.25,calibration,0.38023068898491086,False
sample_01901.jpg,SRC_170,-20.0,180.0,56.332579,N-autumn,0.25,train,0.45288476816747086,False
sample_01902.jpg,SRC_158,-5.0,180.0,35.954137,N-winter,0.25,train,0.3886687169014243,False
sample_01903.jpg,SRC_091,-40.0,180.0,72.511342,N-summer,0.5,train,0.3917626713830655,False
sample_01904.jpg,SRC_030,-25.0,180.0,67.936804,N-spring,0.5,train,0.39921199360124193,False
sample_01905.jpg,SRC_133,-10.0,180.0,48.887369,N-spring,0.5,calibration,0.46841122704725163,False
sample_01906.jpg,SRC_004,30.0,180.0,61.107468,N-autumn,0.5,train,0.37699302606498925,False
sample_01907.jpg,SRC_071,20.0,180.0,40.070501,N-spring,0.25,train,0.4404469317734371,False
sample_01908.jpg,SRC_127,-35.0,180.0,47.507974,N-autumn,0.5,train,0.3885291097318104,False
sample_01909.jpg,SRC_058,30.0,180.0,69.060883,N-autumn,0.5,train,0.5155314889726389,False
sample_01910.jpg,SRC_051,20.0,180.0,63.609319,N-autumn,0.5,train,0.44573891397157617,False
sample_01911.jpg,SRC_063,25.0,180.0,41.329237,N-spring,0.25,train,0.3787583203518917,False
sample_01912.jpg,SRC_040,90.0,0.0,57.651744,N-spring,0.5,validation,0.39391527922478364,False
sample_01913.jpg,SRC_061,50.0,180.0,43.110277,N-spring,0.5,train,0.4879040325387474,False
sample_01914.jpg,SRC_121,25.0,180.0,67.446292,N-autumn,0.5,validation,0.49857143191530373,False
sample_01915.jpg,SRC_015,20.0,180.0,46.484204,N-summer,0.25,train,0.3683086135285432,False
sample_01916.jpg,SRC_139,40.0,180.0,53.533251,N-winter,0.25,train,0.48831096427467047,False
sample_01917.jpg,SRC_040,90.0,0.0,57.651744,N-spring,0.5,validation,0.4081844318105282,False
sample_01918.jpg,SRC_014,-40.0,180.0,38.480327,N-winter,0.25,calibration,0.4223613458761,False
sample_01919.jpg,SRC_062,45.0,180.0,81.508965,N-autumn,0.5,train,0.4182409414734405,False
sample_01920.jpg,SRC_062,45.0,180.0,81.508965,N-autumn,0.5,train,0.4049226297970162,False
sample_01921.jpg,SRC_123,0.0,180.0,54.598149,N-autumn,0.5,train,0.4581629077509393,False
sample_01922.jpg,SRC_126,-20.0,180.0,68.779144,N-summer,0.5,train,0.42522394296407356,False
sample_01923.jpg,SRC_088,0.0,180.0,53.004483,N-summer,0.25,train,0.3908666580760329,False
sample_01924.jpg,SRC_027,35.0,180.0,41.369436,N-spring,0.5,calibration,0.39790735026456603,False
sample_01925.jpg,SRC_135,5.0,180.0,41.328761,N-winter,0.5,train,0.469305562731828,False
sample_01926.jpg,SRC_106,25.0,180.0,40.638999,N-spring,0.5,validation,0.5283852777745763,False
sample_01927.jpg,SRC_087,0.0,180.0,54.65824,N-summer,0.25,train,0.4637908642895822,False
sample_01928.jpg,SRC_073,45.0,180.0,41.537171,N-spring,0.25,train,0.49922560657929027,False
sample_01929.jpg,SRC_124,0.0,180.0,51.928413,N-summer,0.25,train,0.5260636354278911,False
sample_01930.jpg,SRC_158,-5.0,180.0,35.954137,N-winter,0.25,train,0.3949960477906049,False
sample_01931.jpg,SRC_133,-10.0,180.0,48.887369,N-spring,0.5,calibration,0.4172473796379525,False
sample_01932.jpg,SRC_130,25.0,180.0,37.507656,N-spring,0.25,validation,0.45334028803974313,False
sample_01933.jpg,SRC_095,-20.0,180.0,56.495654,N-spring,0.5,train,0.40151029142076433,False
sample_01934.jpg,SRC_050,0.0,180.0,53.680047,N-summer,0.25,calibration,0.4247891400642289,False
sample_01935.jpg,SRC_042,10.0,180.0,36.92431,N-spring,0.5,train,0.505905940908917,False
sample_01936.jpg,SRC_112,-30.0,180.0,67.516648,N-spring,0.5,train,0.39218416282573887,False
sample_01937.jpg,SRC_156,10.0,180.0,48.737382,N-summer,0.25,train,0.5076830885914716,False
sample_01938.jpg,SRC_009,-25.0,180.0,73.827745,N-spring,0.5,train,0.3994090524062352,False
sample_01939.jpg,SRC_013,50.0,180.0,54.051464,N-spring,0.5,train,0.40069089395064605,False
sample_01940.jpg,SRC_026,90.0,0.0,57.238404,N-spring,0.25,train,0.4483648532970007,False
sample_01941.jpg,SRC_109,50.0,180.0,54.137665,N-summer,0.25,validation,0.38290196430143136,False
sample_01942.jpg,SRC_082,-10.0,180.0,60.444036,N-spring,0.25,train,0.38333398936461605,False
sample_01943.jpg,SRC_037,15.0,180.0,44.468297,N-spring,0.25,calibration,0.3902581929954085,False
sample_01944.jpg,SRC_090,50.0,180.0,47.196626,N-summer,0.25,train,0.5187501630107532,False
sample_01945.jpg,SRC_157,40.0,180.0,44.22455,N-summer,0.25,train,0.3889921753484566,False
sample_01946.jpg,SRC_146,10.0,180.0,58.0428,N-summer,0.5,validation,0.4063980684116121,False
sample_01947.jpg,SRC_099,15.0,180.0,42.024472,N-spring,0.5,train,0.3867683450444569,False
sample_01948.jpg,SRC_111,-35.0,180.0,79.069883,N-spring,1.0,train,0.4108042917012127,False
sample_01949.jpg,SRC_107,20.0,180.0,65.68027,N-autumn,0.5,train,0.5017418460342086,False
sample_01950.jpg,SRC_115,25.0,180.0,41.8845,N-spring,0.25,train,0.42356730161120026,False
sample_01951.jpg,SRC_115,25.0,180.0,41.8845,N-spring,0.25,train,0.49725829990583537,False
sample_01952.jpg,SRC_131,10.0,180.0,60.540464,N-autumn,0.5,train,0.4990277340798003,False
sample_01953.jpg,SRC_038,-15.0,180.0,32.097448,N-winter,0.25,validation,0.45693839987587,False
sample_01954.jpg,SRC_111,-35.0,180.0,79.069883,N-spring,1.0,train,0.4518164604926412,False
sample_01955.jpg,SRC_157,40.0,180.0,44.22455,N-summer,0.25,train,0.5051253785414112,False
sample_01956.jpg,SRC_048,-25.0,180.0,61.920556,N-autumn,0.25,train,0.46325481182008066,False
sample_01957.jpg,SRC_021,-90.0,0.0,68.040851,N-autumn,0.5,calibration,0.38880872209655676,False
sample_01958.jpg,SRC_095,-20.0,180.0,56.495654,N-spring,0.5,train,0.47637860145610844,False
sample_01959.jpg,SRC_037,15.0,180.0,44.468297,N-spring,0.25,calibration,0.37987441799093274,False
sample_01960.jpg,SRC_076,25.0,180.0,63.632584,N-autumn,0.25,validation,0.3984288396920971,False
sample_01961.jpg,SRC_069,25.0,180.0,48.120522,N-summer,0.5,train,0.47277187690210615,False
sample_01962.jpg,SRC_001,-5.0,180.0,51.987197,N-spring,0.5,calibration,0.4017308030594352,False
sample_01963.jpg,SRC_073,45.0,180.0,41.537171,N-spring,0.25,train,0.4757689626932325,False
sample_01964.jpg,SRC_103,-35.0,180.0,57.090396,N-autumn,0.25,train,0.4023977271269509,False
sample_01965.jpg,SRC_075,-90.0,0.0,65.329336,N-winter,0.25,train,0.38261547116645117,False
sample_01966.jpg,SRC_096,25.0,180.0,40.422288,N-spring,0.25,calibration,0.5023114999016308,False
sample_01967.jpg,SRC_115,25.0,180.0,41.8845,N-spring,0.25,train,0.41261897689144156,False
sample_01968.jpg,SRC_056,-40.0,180.0,74.660587,N-summer,0.5,train,0.40107095476483556,False
sample_01969.jpg,SRC_052,5.0,180.0,51.705435,N-summer,0.25,train,0.4081802713563084,False
sample_01970.jpg,SRC_049,5.0,180.0,42.94902,N-spring,0.25,train,0.43901434642166387,False
sample_01971.jpg,SRC_165,10.0,180.0,42.451267,N-winter,0.25,calibration,0.4027386669888612,False
sample_01972.jpg,SRC_084,-10.0,180.0,58.957849,N-summer,0.25,train,0.3814540030062866,False
sample_01973.jpg,SRC_115,25.0,180.0,41.8845,N-spring,0.25,train,0.4202185186819702,False
sample_01974.jpg,SRC_006,-15.0,180.0,65.638079,N-spring,0.5,train,0.3820872043891147,False
sample_01975.jpg,SRC_015,20.0,180.0,46.484204,N-summer,0.25,train,0.39348939922613047,False
sample_01976.jpg,SRC_061,50.0,180.0,43.110277,N-spring,0.5,train,0.3935425828692666,False
sample_01977.jpg,SRC_114,-10.0,180.0,58.176498,N-autumn,0.5,calibration,0.37893327204070826,False
sample_01978.jpg,SRC_035,0.0,180.0,56.990187,N-autumn,0.25,train,0.39414869357767446,False
sample_01979.jpg,SRC_138,25.0,180.0,44.714676,N-summer,0.25,train,0.48084810282336166,False
sample_01980.jpg,SRC_044,-90.0,0.0,81.862162,N-autumn,0.5,train,0.5155939440451339,False
sample_01981.jpg,SRC_070,60.0,180.0,58.788969,N-summer,0.5,validation,0.47141217469254865,False
sample_01982.jpg,SRC_024,10.0,180.0,53.725813,N-summer,0.25,calibration,0.44615073941761796,False
sample_01983.jpg,SRC_051,20.0,180.0,63.609319,N-autumn,0.5,train,0.4269588253854325,False
sample_01984.jpg,SRC_124,0.0,180.0,51.928413,N-summer,0.25,train,0.386852137279336,False
sample_01985.jpg,SRC_127,-35.0,180.0,47.507974,N-autumn,0.5,train,0.509520562902612,False
sample_01986.jpg,SRC_093,-25.0,180.0,43.343655,N-autumn,0.5,calibration,0.38352509953712455,False
sample_01987.jpg,SRC_133,-10.0,180.0,48.887369,N-spring,0.5,calibration,0.40996047498926397,False
sample_01988.jpg,SRC_013,50.0,180.0,54.051464,N-spring,0.5,train,0.4358397126330429,False
sample_01989.jpg,SRC_169,40.0,180.0,48.615664,N-summer,0.25,validation,0.3770550064347402,False
sample_01990.jpg,SRC_008,25.0,180.0,61.005891,N-autumn,0.25,train,0.3909987963902871,False
sample_01991.jpg,SRC_072,15.0,180.0,46.966801,N-winter,0.25,train,0.4817616327772688,False
sample_01992.jpg,SRC_133,-10.0,180.0,48.887369,N-spring,0.5,calibration,0.43399792091439915,False
sample_01993.jpg,SRC_162,-90.0,0.0,77.7898,N-winter,0.25,train,0.4964012587353806,False
sample_01994.jpg,SRC_019,90.0,0.0,60.00919,N-summer,0.25,train,0.4283250115789642,False
sample_01995.jpg,SRC_022,20.0,180.0,41.513642,N-spring,0.25,train,0.4140056452164186,False
sample_01996.jpg,SRC_109,50.0,180.0,54.137665,N-summer,0.25,validation,0.5091576545667793,False
sample_01997.jpg,SRC_042,10.0,180.0,36.92431,N-spring,0.5,train,0.3753583419478873,False
sample_01998.jpg,SRC_111,-35.0,180.0,79.069883,N-spring,1.0,train,0.41766535727562537,False
sample_01999.jpg,SRC_013,50.0,180.0,54.051464,N-spring,0.5,train,0.4075451104647196,False
sample_02000.jpg,SRC_099,15.0,180.0,42.024472,N-spring,0.5,train,0.38169030165712725,False
sample_02001.jpg,SRC_092,5.0,180.0,57.429528,N-autumn,0.25,validation,0.4016623059098161,False
sample_02002.jpg,SRC_165,10.0,180.0,42.451267,N-winter,0.25,calibration,0.3827712197238494,False
sample_02003.jpg,SRC_051,20.0,180.0,63.609319,N-autumn,0.5,train,0.40695209483056044,False
sample_02004.jpg,SRC_166,90.0,0.0,60.094207,N-spring,0.5,train,0.49908425472277285,False
sample_02005.jpg,SRC_158,-5.0,180.0,35.954137,N-winter,0.25,train,0.48740974001773835,False
sample_02006.jpg,SRC_171,-35.0,180.0,63.65778,N-spring,0.25,calibration,0.3880707449773,False
sample_02007.jpg,SRC_094,20.0,180.0,66.934532,N-autumn,0.25,train,0.3875324258996271,False
sample_02008.jpg,SRC_087,0.0,180.0,54.65824,N-summer,0.25,train,0.4871543214643316,False
sample_02009.jpg,SRC_090,50.0,180.0,47.196626,N-summer,0.25,train,0.3667022639554426,False
sample_02010.jpg,SRC_097,0.0,180.0,35.318175,N-winter,0.25,train,0.3812041333287081,False
sample_02011.jpg,SRC_043,10.0,180.0,50.433279,N-summer,0.5,calibration,0.41955764699316234,False
sample_02012.jpg,SRC_009,-25.0,180.0,73.827745,N-spring,0.5,train,0.4141647383270265,False
sample_02013.jpg,SRC_098,-45.0,180.0,70.730178,N-summer,0.25,calibration,0.46780861420684783,False
sample_02014.jpg,SRC_009,-25.0,180.0,73.827745,N-spring,0.5,train,0.38703233239739837,False
sample_02015.jpg,SRC_078,15.0,180.0,40.437008,N-spring,0.25,train,0.40188283980800044,False
sample_02016.jpg,SRC_168,90.0,0.0,64.709631,N-summer,0.25,train,0.49515827262049356,False
sample_02017.jpg,SRC_100,20.0,180.0,41.506528,N-spring,0.25,train,0.3931382029715288,False
sample_02018.jpg,SRC_139,40.0,180.0,53.533251,N-winter,0.25,train,0.40282597820287813,False
sample_02019.jpg,SRC_141,-10.0,180.0,55.206291,N-spring,0.25,train,0.3841240142773156,False
sample_02020.jpg,SRC_059,15.0,180.0,48.046698,N-summer,0.25,train,0.4136111817596874,False
sample_02021.jpg,SRC_086,15.0,180.0,43.648742,N-summer,0.5,train,0.3656407839025169,False
sample_02022.jpg,SRC_076,25.0,180.0,63.632584,N-autumn,0.25,validation,0.3850471921548685,False
sample_02023.jpg,SRC_037,15.0,180.0,44.468297,N-spring,0.25,calibration,0.3841633678303777,False
sample_02024.jpg,SRC_001,-5.0,180.0,51.987197,N-spring,0.5,calibration,0.45576147603610906,False
sample_02025.jpg,SRC_145,-5.0,180.0,52.15166,N-spring,0.25,train,0.4220446513787327,False
sample_02026.jpg,SRC_083,0.0,180.0,55.378885,N-spring,0.25,train,0.417816028616487,False
sample_02027.jpg,SRC_165,10.0,180.0,42.451267,N-winter,0.25,calibration,0.43431767310284364,False
sample_02028.jpg,SRC_004,30.0,180.0,61.107468,N-autumn,0.5,train,0.3767648542692072,False
sample_02029.jpg,SRC_103,-35.0,180.0,57.090396,N-autumn,0.25,train,0.4052481750915885,False
sample_02030.jpg,SRC_103,-35.0,180.0,57.090396,N-autumn,0.25,train,0.5053274335989859,False
sample_02031.jpg,SRC_078,15.0,180.0,40.437008,N-spring,0.25,train,0.40846069836158516,False
sample_02032.jpg,SRC_038,-15.0,180.0,32.097448,N-winter,0.25,validation,0.4132875400000645,False
sample_02033.jpg,SRC_076,25.0,180.0,63.632584,N-autumn,0.25,validation,0.4027632991481239,False
sample_02034.jpg,SRC_109,50.0,180.0,54.137665,N-summer,0.25,validation,0.39314179888261963,False
sample_02035.jpg,SRC_115,25.0,180.0,41.8845,N-spring,0.25,train,0.4408358437976144,False
sample_02036.jpg,SRC_058,30.0,180.0,69.060883,N-autumn,0.5,train,0.4693899846255313,False
sample_02037.jpg,SRC_131,10.0,180.0,60.540464,N-autumn,0.5,train,0.5037031734551473,False
sample_02038.jpg,SRC_095,-20.0,180.0,56.495654,N-spring,0.5,train,0.3926003923857926,False
sample_02039.jpg,SRC_092,5.0,180.0,57.429528,N-autumn,0.25,validation,0.390829785684191,False
sample_02040.jpg,SRC_038,-15.0,180.0,32.097448,N-winter,0.25,validation,0.40144191523693884,False
sample_02041.jpg,SRC_021,-90.0,0.0,68.040851,N-autumn,0.5,calibration,0.38991033073694914,False
sample_02042.jpg,SRC_018,-90.0,0.0,67.882485,N-winter,0.25,train,0.3831107402709727,False
sample_02043.jpg,SRC_133,-10.0,180.0,48.887369,N-spring,0.5,calibration,0.492237299279959,False
sample_02044.jpg,SRC_153,-40.0,180.0,43.960452,N-autumn,0.25,train,0.4218819510427913,False
sample_02045.jpg,SRC_103,-35.0,180.0,57.090396,N-autumn,0.25,train,0.4031019770954315,False
sample_02046.jpg,SRC_073,45.0,180.0,41.537171,N-spring,0.25,train,0.39951599978183927,False
sample_02047.jpg,SRC_171,-35.0,180.0,63.65778,N-spring,0.25,calibration,0.39386055340493614,False
sample_02048.jpg,SRC_153,-40.0,180.0,43.960452,N-autumn,0.25,train,0.37944011143981204,False
sample_02049.jpg,SRC_092,5.0,180.0,57.429528,N-autumn,0.25,validation,0.39291232231827883,False
sample_02050.jpg,SRC_022,20.0,180.0,41.513642,N-spring,0.25,train,0.5195625398268771,False
sample_02051.jpg,SRC_099,15.0,180.0,42.024472,N-spring,0.5,train,0.3892135023022144,False
sample_02052.jpg,SRC_047,0.0,180.0,48.028677,N-spring,0.5,train,0.44964343309046023,False
sample_02053.jpg,SRC_064,90.0,0.0,60.573524,N-spring,0.25,train,0.5047860875579279,False
sample_02054.jpg,SRC_047,0.0,180.0,48.028677,N-spring,0.5,train,0.4489207686216597,False
sample_02055.jpg,SRC_112,-30.0,180.0,67.516648,N-spring,0.5,train,0.3859159174986723,False
sample_02056.jpg,SRC_100,20.0,180.0,41.506528,N-spring,0.25,train,0.48781053072908404,False
sample_02057.jpg,SRC_156,10.0,180.0,48.737382,N-summer,0.25,train,0.3995167248961867,False
sample_02058.jpg,SRC_057,-5.0,180.0,57.599617,N-summer,0.25,train,0.38042082593941856,False
sample_02059.jpg,SRC_043,10.0,180.0,50.433279,N-summer,0.5,calibration,0.41858499124591864,False
sample_02060.jpg,SRC_021,-90.0,0.0,68.040851,N-autumn,0.5,calibration,0.38268672226968525,False
sample_02061.jpg,SRC_041,15.0,180.0,46.712049,N-summer,0.25,calibration,0.37584867991097287,False
sample_02062.jpg,SRC_020,35.0,180.0,42.075965,N-summer,0.25,train,0.39044059950397053,False
sample_02063.jpg,SRC_097,0.0,180.0,35.318175,N-winter,0.25,train,0.3889582491206342,False
sample_02064.jpg,SRC_153,-40.0,180.0,43.960452,N-autumn,0.25,train,0.38831373818285153,False
sample_02065.jpg,SRC_151,-15.0,180.0,63.408071,N-summer,0.5,train,0.48058057991739495,False
sample_02066.jpg,SRC_123,0.0,180.0,54.598149,N-autumn,0.5,train,0.463371847196382,False
sample_02067.jpg,SRC_103,-35.0,180.0,57.090396,N-autumn,0.25,train,0.3937519040181054,False
sample_02068.jpg,SRC_098,-45.0,180.0,70.730178,N-summer,0.25,calibration,0.3866779714616178,False
sample_02069.jpg,SRC_169,40.0,180.0,48.615664,N-summer,0.25,validation,0.38402847550209157,False
sample_02070.jpg,SRC_078,15.0,180.0,40.437008,N-spring,0.25,train,0.40231797761269067,False
sample_02071.jpg,SRC_095,-20.0,180.0,56.495654,N-spring,0.5,train,0.4338788993232038,False
sample_02072.jpg,SRC_027,35.0,180.0,41.369436,N-spring,0.5,calibration,0.47810279513900555,False
sample_02073.jpg,SRC_038,-15.0,180.0,32.097448,N-winter,0.25,validation,0.4960530129271394,False
sample_02074.jpg,SRC_115,25.0,180.0,41.8845,N-spring,0.25,train,0.39929929518872675,False
sample_02075.jpg,SRC_144,-35.0,180.0,76.731052,N-spring,0.5,train,0.441552164395565,False
sample_02076.jpg,SRC_024,10.0,180.0,53.725813,N-summer,0.25,calibration,0.42369063223585357,False
sample_02077.jpg,SRC_005,0.0,180.0,55.846781,N-summer,0.5,calibration,0.3933317754241836,False
sample_02078.jpg,SRC_013,50.0,180.0,54.051464,N-spring,0.5,train,0.4218580729513435,False
sample_02079.jpg,SRC_169,40.0,180.0,48.615664,N-summer,0.25,validation,0.37360310962769033,False
sample_02080.jpg,SRC_141,-10.0,180.0,55.206291,N-spring,0.25,train,0.37938388304019,False
sample_02081.jpg,SRC_052,5.0,180.0,51.705435,N-summer,0.25,train,0.4246097957159322,False
sample_02082.jpg,SRC_091,-40.0,180.0,72.511342,N-summer,0.5,train,0.3957137421176431,False
sample_02083.jpg,SRC_030,-25.0,180.0,67.936804,N-spring,0.5,train,0.4006184379015876,False
sample_02084.jpg,SRC_010,90.0,0.0,74.440619,N-summer,0.5,train,0.49309754151860063,False
sample_02085.jpg,SRC_006,-15.0,180.0,65.638079,N-spring,0.5,train,0.39286345547343926,False
sample_02086.jpg,SRC_030,-25.0,180.0,67.936804,N-spring,0.5,train,0.37540176992348434,False
sample_02087.jpg,SRC_069,25.0,180.0,48.120522,N-summer,0.5,train,0.41903566451760604,False
sample_02088.jpg,SRC_149,90.0,0.0,55.701783,N-summer,0.25,train,0.38137144061041534,False
sample_02089.jpg,SRC_109,50.0,180.0,54.137665,N-summer,0.25,validation,0.3867244126314466,False
sample_02090.jpg,SRC_072,15.0,180.0,46.966801,N-winter,0.25,train,0.4560620751738459,False
sample_02091.jpg,SRC_146,10.0,180.0,58.0428,N-summer,0.5,validation,0.4552064324615448,False
sample_02092.jpg,SRC_109,50.0,180.0,54.137665,N-summer,0.25,validation,0.4935045496068978,False
sample_02093.jpg,SRC_006,-15.0,180.0,65.638079,N-spring,0.5,train,0.3899524195841842,False
sample_02094.jpg,SRC_109,50.0,180.0,54.137665,N-summer,0.25,validation,0.40270351963040624,False
sample_02095.jpg,SRC_091,-40.0,180.0,72.511342,N-summer,0.5,train,0.3917490857565366,False
sample_02096.jpg,SRC_013,50.0,180.0,54.051464,N-spring,0.5,train,0.3793000447434224,False
sample_02097.jpg,SRC_006,-15.0,180.0,65.638079,N-spring,0.5,train,0.5021018080283477,False
sample_02098.jpg,SRC_009,-25.0,180.0,73.827745,N-spring,0.5,train,0.3975837816341475,False
sample_02099.jpg,SRC_111,-35.0,180.0,79.069883,N-spring,1.0,train,0.4151532923566618,False
sample_02100.jpg,SRC_040,90.0,0.0,57.651744,N-spring,0.5,validation,0.4120030999385884,False
sample_02101.jpg,SRC_027,35.0,180.0,41.369436,N-spring,0.5,calibration,0.39974449642696963,False
sample_02102.jpg,SRC_156,10.0,180.0,48.737382,N-summer,0.25,train,0.39137853628616714,False
sample_02103.jpg,SRC_047,0.0,180.0,48.028677,N-spring,0.5,train,0.4568674724416974,False
sample_02104.jpg,SRC_004,30.0,180.0,61.107468,N-autumn,0.5,train,0.38620321710628913,False
sample_02105.jpg,SRC_062,45.0,180.0,81.508965,N-autumn,0.5,train,0.5334359051222303,False
sample_02106.jpg,SRC_111,-35.0,180.0,79.069883,N-spring,1.0,train,0.42216664017802386,False
sample_02107.jpg,SRC_123,0.0,180.0,54.598149,N-autumn,0.5,train,0.3888486772210954,False
sample_02108.jpg,SRC_151,-15.0,180.0,63.408071,N-summer,0.5,train,0.41743509170125614,False
sample_02109.jpg,SRC_049,5.0,180.0,42.94902,N-spring,0.25,train,0.48425593767195957,False
sample_02110.jpg,SRC_042,10.0,180.0,36.92431,N-spring,0.5,train,0.39751740334475444,False
sample_02111.jpg,SRC_009,-25.0,180.0,73.827745,N-spring,0.5,train,0.39785012986602963,False
sample_02112.jpg,SRC_096,25.0,180.0,40.422288,N-spring,0.25,calibration,0.3897788484369692,False
sample_02113.jpg,SRC_148,-15.0,180.0,49.227137,N-autumn,0.25,train,0.4919670957700695,False
sample_02114.jpg,SRC_156,10.0,180.0,48.737382,N-summer,0.25,train,0.5028742227782246,False
sample_02115.jpg,SRC_158,-5.0,180.0,35.954137,N-winter,0.25,train,0.39425628394623013,False
sample_02116.jpg,SRC_103,-35.0,180.0,57.090396,N-autumn,0.25,train,0.46953749555804886,False
sample_02117.jpg,SRC_047,0.0,180.0,48.028677,N-spring,0.5,train,0.448122262290849,False
sample_02118.jpg,SRC_129,20.0,180.0,41.057252,N-spring,0.25,train,0.4660615093953867,False
sample_02119.jpg,SRC_141,-10.0,180.0,55.206291,N-spring,0.25,train,0.3654318903885443,False
sample_02120.jpg,SRC_121,25.0,180.0,67.446292,N-autumn,0.5,validation,0.4054123747096767,False
sample_02121.jpg,SRC_108,-40.0,180.0,68.856247,N-summer,0.5,validation,0.38131625020564386,False
sample_02122.jpg,SRC_111,-35.0,180.0,79.069883,N-spring,1.0,train,0.41104205962894425,False
sample_02123.jpg,SRC_021,-90.0,0.0,68.040851,N-autumn,0.5,calibration,0.3875296474555686,False
sample_02124.jpg,SRC_073,45.0,180.0,41.537171,N-spring,0.25,train,0.4737868718675847,False
sample_02125.jpg,SRC_011,-20.0,180.0,70.371153,N-summer,0.25,train,0.3803342246496778,False
sample_02126.jpg,SRC_126,-20.0,180.0,68.779144,N-summer,0.5,train,0.3806129630193456,False
sample_02127.jpg,SRC_037,15.0,180.0,44.468297,N-spring,0.25,calibration,0.36626798089347024,False
sample_02128.jpg,SRC_004,30.0,180.0,61.107468,N-autumn,0.5,train,0.40337878150088524,False
sample_02129.jpg,SRC_088,0.0,180.0,53.004483,N-summer,0.25,train,0.410188250909289,False
sample_02130.jpg,SRC_074,0.0,180.0,50.25459,N-spring,0.5,train,0.48699216238167464,False
sample_02131.jpg,SRC_013,50.0,180.0,54.051464,N-spring,0.5,train,0.520799946998786,False
sample_02132.jpg,SRC_084,-10.0,180.0,58.957849,N-summer,0.25,train,0.39322847490140717,False
sample_02133.jpg,SRC_142,-30.0,180.0,34.276784,N-winter,0.25,train,0.4941865293896514,False
sample_02134.jpg,SRC_068,0.0,180.0,56.216196,N-summer,0.25,train,0.3675091996837806,False
sample_02135.jpg,SRC_069,25.0,180.0,48.120522,N-summer,0.5,train,0.5013222519119005,False
sample_02136.jpg,SRC_030,-25.0,180.0,67.936804,N-spring,0.5,train,0.3984286826033192,False
sample_02137.jpg,SRC_013,50.0,180.0,54.051464,N-spring,0.5,train,0.3816761020628614,False
sample_02138.jpg,SRC_036,5.0,180.0,52.749586,N-summer,0.25,train,0.4005873017605703,False
sample_02139.jpg,SRC_126,-20.0,180.0,68.779144,N-summer,0.5,train,0.3808683212222383,False
sample_02140.jpg,SRC_108,-40.0,180.0,68.856247,N-summer,0.5,validation,0.4405174913088733,False
sample_02141.jpg,SRC_134,-30.0,180.0,69.607895,N-spring,0.5,train,0.42205225532970675,False
sample_02142.jpg,SRC_126,-20.0,180.0,68.779144,N-summer,0.5,train,0.3978275524588008,False
sample_02143.jpg,SRC_061,50.0,180.0,43.110277,N-spring,0.5,train,0.4556922309190763,False
sample_02144.jpg,SRC_103,-35.0,180.0,57.090396,N-autumn,0.25,train,0.4087495968691022,False
sample_02145.jpg,SRC_095,-20.0,180.0,56.495654,N-spring,0.5,train,0.47087371319855176,False
sample_02146.jpg,SRC_135,5.0,180.0,41.328761,N-winter,0.5,train,0.5145882371708937,False
sample_02147.jpg,SRC_106,25.0,180.0,40.638999,N-spring,0.5,validation,0.39459954420673593,False
sample_02148.jpg,SRC_018,-90.0,0.0,67.882485,N-winter,0.25,train,0.39099151068096905,False
sample_02149.jpg,SRC_063,25.0,180.0,41.329237,N-spring,0.25,train,0.3688413852137832,False
sample_02150.jpg,SRC_014,-40.0,180.0,38.480327,N-winter,0.25,calibration,0.3667211406666465,False
sample_02151.jpg,SRC_168,90.0,0.0,64.709631,N-summer,0.25,train,0.5318838937651995,False
sample_02152.jpg,SRC_011,-20.0,180.0,70.371153,N-summer,0.25,train,0.3837132419707208,False
sample_02153.jpg,SRC_156,10.0,180.0,48.737382,N-summer,0.25,train,0.5010018902268782,False
sample_02154.jpg,SRC_047,0.0,180.0,48.028677,N-spring,0.5,train,0.46180899119158036,False
sample_02155.jpg,SRC_001,-5.0,180.0,51.987197,N-spring,0.5,calibration,0.5277229210579761,False
sample_02156.jpg,SRC_037,15.0,180.0,44.468297,N-spring,0.25,calibration,0.3914135950202599,False
sample_02157.jpg,SRC_107,20.0,180.0,65.68027,N-autumn,0.5,train,0.38545446726098814,False
sample_02158.jpg,SRC_040,90.0,0.0,57.651744,N-spring,0.5,validation,0.4736744435406123,False
sample_02159.jpg,SRC_007,20.0,180.0,49.485932,N-winter,0.25,validation,0.405992542062762,False
sample_02160.jpg,SRC_077,-5.0,180.0,34.299081,N-winter,0.25,train,0.3808215761004729,False
sample_02161.jpg,SRC_124,0.0,180.0,51.928413,N-summer,0.25,train,0.38572631029020404,False
sample_02162.jpg,SRC_001,-5.0,180.0,51.987197,N-spring,0.5,calibration,0.40770471657291996,False
sample_02163.jpg,SRC_081,-90.0,0.0,74.772433,N-autumn,0.25,train,0.5167413967288972,False
sample_02164.jpg,SRC_024,10.0,180.0,53.725813,N-summer,0.25,calibration,0.3929476243606879,False
sample_02165.jpg,SRC_098,-45.0,180.0,70.730178,N-summer,0.25,calibration,0.5252914796638773,False
sample_02166.jpg,SRC_009,-25.0,180.0,73.827745,N-spring,0.5,train,0.3838803199544659,False
sample_02167.jpg,SRC_110,90.0,0.0,59.038071,N-summer,0.25,train,0.50206319930853,False
sample_02168.jpg,SRC_067,-15.0,180.0,64.724247,N-spring,0.5,calibration,0.393000607678427,False
sample_02169.jpg,SRC_013,50.0,180.0,54.051464,N-spring,0.5,train,0.40699660017076217,False
sample_02170.jpg,SRC_091,-40.0,180.0,72.511342,N-summer,0.5,train,0.3851440166485255,False
sample_02171.jpg,SRC_020,35.0,180.0,42.075965,N-summer,0.25,train,0.3967790763495046,False
sample_02172.jpg,SRC_021,-90.0,0.0,68.040851,N-autumn,0.5,calibration,0.39297591960785394,False
sample_02173.jpg,SRC_071,20.0,180.0,40.070501,N-spring,0.25,train,0.4428032298400522,False
sample_02174.jpg,SRC_058,30.0,180.0,69.060883,N-autumn,0.5,train,0.3836379956019238,False
sample_02175.jpg,SRC_093,-25.0,180.0,43.343655,N-autumn,0.5,calibration,0.45610468861035985,False
sample_02176.jpg,SRC_124,0.0,180.0,51.928413,N-summer,0.25,train,0.40693868412081835,False
sample_02177.jpg,SRC_150,10.0,180.0,50.798821,N-summer,0.5,train,0.47911393927902457,False
sample_02178.jpg,SRC_096,25.0,180.0,40.422288,N-spring,0.25,calibration,0.41851828434796634,False
sample_02179.jpg,SRC_108,-40.0,180.0,68.856247,N-summer,0.5,validation,0.41072691956344337,False
sample_02180.jpg,SRC_135,5.0,180.0,41.328761,N-winter,0.5,train,0.4796255202217316,False
sample_02181.jpg,SRC_050,0.0,180.0,53.680047,N-summer,0.25,calibration,0.42680649605552734,False
sample_02182.jpg,SRC_099,15.0,180.0,42.024472,N-spring,0.5,train,0.3993623125753844,False
sample_02183.jpg,SRC_115,25.0,180.0,41.8845,N-spring,0.25,train,0.4286880557600118,False
sample_02184.jpg,SRC_026,90.0,0.0,57.238404,N-spring,0.25,train,0.4444968878233805,False
sample_02185.jpg,SRC_050,0.0,180.0,53.680047,N-summer,0.25,calibration,0.465482264471461,False
sample_02186.jpg,SRC_006,-15.0,180.0,65.638079,N-spring,0.5,train,0.4563792730728853,False
sample_02187.jpg,SRC_150,10.0,180.0,50.798821,N-summer,0.5,train,0.39495624558612763,False
sample_02188.jpg,SRC_069,25.0,180.0,48.120522,N-summer,0.5,train,0.40782495246983935,False
sample_02189.jpg,SRC_159,20.0,180.0,67.076816,N-autumn,0.25,train,0.37464977037242875,False
sample_02190.jpg,SRC_092,5.0,180.0,57.429528,N-autumn,0.25,validation,0.3889843429604982,False
sample_02191.jpg,SRC_038,-15.0,180.0,32.097448,N-winter,0.25,validation,0.4174725217845344,False
sample_02192.jpg,SRC_104,25.0,180.0,45.102036,N-summer,0.5,calibration,0.46315546102392896,False
sample_02193.jpg,SRC_166,90.0,0.0,60.094207,N-spring,0.5,train,0.49683358569153074,False
sample_02194.jpg,SRC_091,-40.0,180.0,72.511342,N-summer,0.5,train,0.3885063243110823,False
sample_02195.jpg,SRC_159,20.0,180.0,67.076816,N-autumn,0.25,train,0.38473888008587587,False
sample_02196.jpg,SRC_080,-25.0,180.0,69.726065,N-summer,0.25,calibration,0.426827927495162,False
sample_02197.jpg,SRC_080,-25.0,180.0,69.726065,N-summer,0.25,calibration,0.4052351681611809,False
sample_02198.jpg,SRC_103,-35.0,180.0,57.090396,N-autumn,0.25,train,0.39707243985956686,False
sample_02199.jpg,SRC_037,15.0,180.0,44.468297,N-spring,0.25,calibration,0.36817843620723273,False
sample_02200.jpg,SRC_144,-35.0,180.0,76.731052,N-spring,0.5,train,0.4242706125624844,False
sample_02201.jpg,SRC_116,5.0,180.0,41.203028,N-spring,0.25,calibration,0.3835139035888316,False
sample_02202.jpg,SRC_108,-40.0,180.0,68.856247,N-summer,0.5,validation,0.40291948462631444,False
sample_02203.jpg,SRC_083,0.0,180.0,55.378885,N-spring,0.25,train,0.5093946673358157,False
sample_02204.jpg,SRC_146,10.0,180.0,58.0428,N-summer,0.5,validation,0.47387245800276795,False
sample_02205.jpg,SRC_086,15.0,180.0,43.648742,N-summer,0.5,train,0.45318596118205956,False
sample_02206.jpg,SRC_170,-20.0,180.0,56.332579,N-autumn,0.25,train,0.45632753875695614,False
sample_02207.jpg,SRC_021,-90.0,0.0,68.040851,N-autumn,0.5,calibration,0.38644729465519406,False
sample_02208.jpg,SRC_114,-10.0,180.0,58.176498,N-autumn,0.5,calibration,0.3849336810651499,False
sample_02209.jpg,SRC_121,25.0,180.0,67.446292,N-autumn,0.5,validation,0.4096995376441187,False
sample_02210.jpg,SRC_153,-40.0,180.0,43.960452,N-autumn,0.25,train,0.42167297210838184,False
sample_02211.jpg,SRC_014,-40.0,180.0,38.480327,N-winter,0.25,calibration,0.3837046818532518,False
sample_02212.jpg,SRC_140,35.0,180.0,44.85556,N-spring,0.25,validation,0.4114059980038839,False
sample_02213.jpg,SRC_092,5.0,180.0,57.429528,N-autumn,0.25,validation,0.3857955098596828,False
sample_02214.jpg,SRC_013,50.0,180.0,54.051464,N-spring,0.5,train,0.37705834117781845,False
sample_02215.jpg,SRC_052,5.0,180.0,51.705435,N-summer,0.25,train,0.4131102839653035,False
sample_02216.jpg,SRC_101,5.0,180.0,48.479381,N-winter,0.25,validation,0.44565919957041533,False
sample_02217.jpg,SRC_171,-35.0,180.0,63.65778,N-spring,0.25,calibration,0.38442215760835863,False
sample_02218.jpg,SRC_024,10.0,180.0,53.725813,N-summer,0.25,calibration,0.4011800883486779,False
sample_02219.jpg,SRC_047,0.0,180.0,48.028677,N-spring,0.5,train,0.4246227367795319,False
sample_02220.jpg,SRC_129,20.0,180.0,41.057252,N-spring,0.25,train,0.45986682586686084,False
sample_02221.jpg,SRC_037,15.0,180.0,44.468297,N-spring,0.25,calibration,0.3928639577833376,False
sample_02222.jpg,SRC_014,-40.0,180.0,38.480327,N-winter,0.25,calibration,0.38535105314926743,False
sample_02223.jpg,SRC_108,-40.0,180.0,68.856247,N-summer,0.5,validation,0.38237654290496054,False
sample_02224.jpg,SRC_121,25.0,180.0,67.446292,N-autumn,0.5,validation,0.3948178614659269,False
sample_02225.jpg,SRC_069,25.0,180.0,48.120522,N-summer,0.5,train,0.4821756442724876,False
sample_02226.jpg,SRC_090,50.0,180.0,47.196626,N-summer,0.25,train,0.3663027802616506,False
sample_02227.jpg,SRC_129,20.0,180.0,41.057252,N-spring,0.25,train,0.45586586435148835,False
sample_02228.jpg,SRC_091,-40.0,180.0,72.511342,N-summer,0.5,train,0.3854928248121168,False
sample_02229.jpg,SRC_077,-5.0,180.0,34.299081,N-winter,0.25,train,0.4132719578150694,False
sample_02230.jpg,SRC_106,25.0,180.0,40.638999,N-spring,0.5,validation,0.4505580707051203,False
sample_02231.jpg,SRC_074,0.0,180.0,50.25459,N-spring,0.5,train,0.3969658328540672,False
sample_02232.jpg,SRC_098,-45.0,180.0,70.730178,N-summer,0.25,calibration,0.39961245946518154,False
sample_02233.jpg,SRC_170,-20.0,180.0,56.332579,N-autumn,0.25,train,0.3936210448814076,False
sample_02234.jpg,SRC_086,15.0,180.0,43.648742,N-summer,0.5,train,0.3771750664881469,False
sample_02235.jpg,SRC_164,20.0,180.0,59.226879,N-autumn,0.25,train,0.4058811164327861,False
sample_02236.jpg,SRC_080,-25.0,180.0,69.726065,N-summer,0.25,calibration,0.40447525041210286,False
sample_02237.jpg,SRC_142,-30.0,180.0,34.276784,N-winter,0.25,train,0.43556161989192665,False
sample_02238.jpg,SRC_037,15.0,180.0,44.468297,N-spring,0.25,calibration,0.3938516984251183,False
sample_02239.jpg,SRC_009,-25.0,180.0,73.827745,N-spring,0.5,train,0.3910634279280994,False
sample_02240.jpg,SRC_014,-40.0,180.0,38.480327,N-winter,0.25,calibration,0.5071146911239357,False
sample_02241.jpg,SRC_071,20.0,180.0,40.070501,N-spring,0.25,train,0.43729678027159935,False
sample_02242.jpg,SRC_040,90.0,0.0,57.651744,N-spring,0.5,validation,0.4800559928700802,False
sample_02243.jpg,SRC_169,40.0,180.0,48.615664,N-summer,0.25,validation,0.3677897196537376,False
sample_02244.jpg,SRC_106,25.0,180.0,40.638999,N-spring,0.5,validation,0.47753280261761155,False
sample_02245.jpg,SRC_092,5.0,180.0,57.429528,N-autumn,0.25,validation,0.40963111140903735,False
sample_02246.jpg,SRC_106,25.0,180.0,40.638999,N-spring,0.5,validation,0.49694168703196695,False
sample_02247.jpg,SRC_156,10.0,180.0,48.737382,N-summer,0.25,train,0.4150585425136296,False
sample_02248.jpg,SRC_038,-15.0,180.0,32.097448,N-winter,0.25,validation,0.4840431916653176,False
sample_02249.jpg,SRC_092,5.0,180.0,57.429528,N-autumn,0.25,validation,0.3803254501213119,False
sample_02250.jpg,SRC_134,-30.0,180.0,69.607895,N-spring,0.5,train,0.40253734385892265,False
sample_02251.jpg,SRC_172,55.0,180.0,47.744159,N-summer,0.25,train,0.4171420462277142,False
sample_02252.jpg,SRC_169,40.0,180.0,48.615664,N-summer,0.25,validation,0.5004803461003964,False
sample_02253.jpg,SRC_106,25.0,180.0,40.638999,N-spring,0.5,validation,0.44358750255508167,False
sample_02254.jpg,SRC_042,10.0,180.0,36.92431,N-spring,0.5,train,0.38211738149665164,False
sample_02255.jpg,SRC_047,0.0,180.0,48.028677,N-spring,0.5,train,0.40743524467455405,False
sample_02256.jpg,SRC_071,20.0,180.0,40.070501,N-spring,0.25,train,0.5104743366392345,False
sample_02257.jpg,SRC_067,-15.0,180.0,64.724247,N-spring,0.5,calibration,0.3956910464207131,False
sample_02258.jpg,SRC_003,0.0,180.0,38.090051,N-spring,0.25,train,0.46905455203198887,False
sample_02259.jpg,SRC_078,15.0,180.0,40.437008,N-spring,0.25,train,0.4003426229430535,False
sample_02260.jpg,SRC_108,-40.0,180.0,68.856247,N-summer,0.5,validation,0.39568918143187315,False
sample_02261.jpg,SRC_041,15.0,180.0,46.712049,N-summer,0.25,calibration,0.37139667873698257,False
sample_02262.jpg,SRC_038,-15.0,180.0,32.097448,N-winter,0.25,validation,0.4215673525262197,False
sample_02263.jpg,SRC_013,50.0,180.0,54.051464,N-spring,0.5,train,0.4160117392975605,False
sample_02264.jpg,SRC_091,-40.0,180.0,72.511342,N-summer,0.5,train,0.4115397307713038,False
sample_02265.jpg,SRC_084,-10.0,180.0,58.957849,N-summer,0.25,train,0.40060554713674135,False
sample_02266.jpg,SRC_109,50.0,180.0,54.137665,N-summer,0.25,validation,0.39078326988048373,False
sample_02267.jpg,SRC_006,-15.0,180.0,65.638079,N-spring,0.5,train,0.49215121937583195,False
sample_02268.jpg,SRC_051,20.0,180.0,63.609319,N-autumn,0.5,train,0.419496366934404,False
sample_02269.jpg,SRC_064,90.0,0.0,60.573524,N-spring,0.25,train,0.49897197725450004,False
sample_02270.jpg,SRC_099,15.0,180.0,42.024472,N-spring,0.5,train,0.4877404863890473,False
sample_02271.jpg,SRC_140,35.0,180.0,44.85556,N-spring,0.25,validation,0.3885977523147272,False
sample_02272.jpg,SRC_063,25.0,180.0,41.329237,N-spring,0.25,train,0.3799399696333011,False
sample_02273.jpg,SRC_112,-30.0,180.0,67.516648,N-spring,0.5,train,0.41461038393150923,False
sample_02274.jpg,SRC_115,25.0,180.0,41.8845,N-spring,0.25,train,0.4360464007823056,False
sample_02275.jpg,SRC_075,-90.0,0.0,65.329336,N-winter,0.25,train,0.37640014838192604,False
sample_02276.jpg,SRC_061,50.0,180.0,43.110277,N-spring,0.5,train,0.4174369945544866,False
sample_02277.jpg,SRC_063,25.0,180.0,41.329237,N-spring,0.25,train,0.421249798875272,False
sample_02278.jpg,SRC_015,20.0,180.0,46.484204,N-summer,0.25,train,0.39290417791569465,False
sample_02279.jpg,SRC_038,-15.0,180.0,32.097448,N-winter,0.25,validation,0.48192802555571357,False
sample_02280.jpg,SRC_003,0.0,180.0,38.090051,N-spring,0.25,train,0.3912102914327667,False
sample_02281.jpg,SRC_131,10.0,180.0,60.540464,N-autumn,0.5,train,0.5096885093867906,False
sample_02282.jpg,SRC_018,-90.0,0.0,67.882485,N-winter,0.25,train,0.49672851830080916,False
sample_02283.jpg,SRC_170,-20.0,180.0,56.332579,N-autumn,0.25,train,0.38311300965259243,False
sample_02284.jpg,SRC_003,0.0,180.0,38.090051,N-spring,0.25,train,0.39692325780622656,False
sample_02285.jpg,SRC_158,-5.0,180.0,35.954137,N-winter,0.25,train,0.4088299643842051,False
sample_02286.jpg,SRC_004,30.0,180.0,61.107468,N-autumn,0.5,train,0.38294861446075784,False
sample_02287.jpg,SRC_164,20.0,180.0,59.226879,N-autumn,0.25,train,0.3871372608371222,False
sample_02288.jpg,SRC_074,0.0,180.0,50.25459,N-spring,0.5,train,0.41191219159483267,False
sample_02289.jpg,SRC_085,0.0,180.0,39.187341,N-spring,0.25,train,0.3894719254863889,False
sample_02290.jpg,SRC_097,0.0,180.0,35.318175,N-winter,0.25,train,0.4021493528290561,False
sample_02291.jpg,SRC_014,-40.0,180.0,38.480327,N-winter,0.25,calibration,0.48831034542345925,False
sample_02292.jpg,SRC_015,20.0,180.0,46.484204,N-summer,0.25,train,0.3855673243475852,False
sample_02293.jpg,SRC_006,-15.0,180.0,65.638079,N-spring,0.5,train,0.4930724004154029,False
sample_02294.jpg,SRC_015,20.0,180.0,46.484204,N-summer,0.25,train,0.39297835542792975,False
sample_02295.jpg,SRC_151,-15.0,180.0,63.408071,N-summer,0.5,train,0.446987423096658,False
sample_02296.jpg,SRC_114,-10.0,180.0,58.176498,N-autumn,0.5,calibration,0.38686014895338194,False
sample_02297.jpg,SRC_028,10.0,180.0,42.894848,N-spring,0.25,calibration,0.4812216083536988,False
sample_02298.jpg,SRC_159,20.0,180.0,67.076816,N-autumn,0.25,train,0.3784723343215822,False
sample_02299.jpg,SRC_154,0.0,180.0,54.770875,N-summer,0.5,train,0.466427705155214,False
sample_02300.jpg,SRC_009,-25.0,180.0,73.827745,N-spring,0.5,train,0.4762362587923108,False
sample_02301.jpg,SRC_065,30.0,180.0,68.700871,N-winter,0.5,validation,0.5072622690840612,False
sample_02302.jpg,SRC_056,-40.0,180.0,74.660587,N-summer,0.5,train,0.4033852007801707,False
sample_02303.jpg,SRC_111,-35.0,180.0,79.069883,N-spring,1.0,train,0.4544722705408556,False
sample_02304.jpg,SRC_056,-40.0,180.0,74.660587,N-summer,0.5,train,0.4444979442208716,False
sample_02305.jpg,SRC_076,25.0,180.0,63.632584,N-autumn,0.25,validation,0.38189542366224644,False
sample_02306.jpg,SRC_123,0.0,180.0,54.598149,N-autumn,0.5,train,0.4188205355624599,False
sample_02307.jpg,SRC_140,35.0,180.0,44.85556,N-spring,0.25,validation,0.37636353759110464,False
sample_02308.jpg,SRC_100,20.0,180.0,41.506528,N-spring,0.25,train,0.39039059181938873,False
sample_02309.jpg,SRC_071,20.0,180.0,40.070501,N-spring,0.25,train,0.4810593954109762,False
sample_02310.jpg,SRC_090,50.0,180.0,47.196626,N-summer,0.25,train,0.3664308158976327,False
sample_02311.jpg,SRC_126,-20.0,180.0,68.779144,N-summer,0.5,train,0.5044623573249177,False
sample_02312.jpg,SRC_088,0.0,180.0,53.004483,N-summer,0.25,train,0.4152263421025385,False
sample_02313.jpg,SRC_148,-15.0,180.0,49.227137,N-autumn,0.25,train,0.4234674286792446,False
sample_02314.jpg,SRC_021,-90.0,0.0,68.040851,N-autumn,0.5,calibration,0.3923680180598054,False
sample_02315.jpg,SRC_102,-10.0,180.0,52.255853,N-spring,0.25,train,0.45324105833759115,False
sample_02316.jpg,SRC_018,-90.0,0.0,67.882485,N-winter,0.25,train,0.4953919105809166,False
sample_02317.jpg,SRC_121,25.0,180.0,67.446292,N-autumn,0.5,validation,0.38873436642946213,False
sample_02318.jpg,SRC_051,20.0,180.0,63.609319,N-autumn,0.5,train,0.4833780328338868,False
sample_02319.jpg,SRC_005,0.0,180.0,55.846781,N-summer,0.5,calibration,0.3868095761810534,False
sample_02320.jpg,SRC_004,30.0,180.0,61.107468,N-autumn,0.5,train,0.38878846266591044,False
sample_02321.jpg,SRC_097,0.0,180.0,35.318175,N-winter,0.25,train,0.4569871337291671,False
sample_02322.jpg,SRC_061,50.0,180.0,43.110277,N-spring,0.5,train,0.5214196692317998,False
sample_02323.jpg,SRC_006,-15.0,180.0,65.638079,N-spring,0.5,train,0.3920941944043636,False
sample_02324.jpg,SRC_056,-40.0,180.0,74.660587,N-summer,0.5,train,0.40008954919222894,False
sample_02325.jpg,SRC_066,-10.0,180.0,61.81065,N-summer,0.5,validation,0.3776878710628381,False
sample_02326.jpg,SRC_124,0.0,180.0,51.928413,N-summer,0.25,train,0.4909395430001119,False
sample_02327.jpg,SRC_156,10.0,180.0,48.737382,N-summer,0.25,train,0.3964298776802231,False
sample_02328.jpg,SRC_074,0.0,180.0,50.25459,N-spring,0.5,train,0.5065663976557382,False
sample_02329.jpg,SRC_016,10.0,180.0,55.552023,N-winter,0.5,train,0.3970526240426828,False
sample_02330.jpg,SRC_099,15.0,180.0,42.024472,N-spring,0.5,train,0.48034314252215715,False
sample_02331.jpg,SRC_082,-10.0,180.0,60.444036,N-spring,0.25,train,0.37568661527930336,False
sample_02332.jpg,SRC_123,0.0,180.0,54.598149,N-autumn,0.5,train,0.4652801301017993,False
sample_02333.jpg,SRC_122,-5.0,180.0,57.310506,N-summer,0.25,train,0.42075996380296266,False
sample_02334.jpg,SRC_027,35.0,180.0,41.369436,N-spring,0.5,calibration,0.4800622898858218,False
sample_02335.jpg,SRC_096,25.0,180.0,40.422288,N-spring,0.25,calibration,0.5211826194190381,False
sample_02336.jpg,SRC_009,-25.0,180.0,73.827745,N-spring,0.5,train,0.5025954239745161,False
sample_02337.jpg,SRC_076,25.0,180.0,63.632584,N-autumn,0.25,validation,0.3723202898030205,False
sample_02338.jpg,SRC_069,25.0,180.0,48.120522,N-summer,0.5,train,0.4669723104180519,False
sample_02339.jpg,SRC_106,25.0,180.0,40.638999,N-spring,0.5,validation,0.47276123886223126,False
sample_02340.jpg,SRC_004,30.0,180.0,61.107468,N-autumn,0.5,train,0.3922800403810586,False
sample_02341.jpg,SRC_108,-40.0,180.0,68.856247,N-summer,0.5,validation,0.36681626329510114,False
sample_02342.jpg,SRC_030,-25.0,180.0,67.936804,N-spring,0.5,train,0.3886491503196424,False
sample_02343.jpg,SRC_069,25.0,180.0,48.120522,N-summer,0.5,train,0.3973268238594749,False
sample_02344.jpg,SRC_083,0.0,180.0,55.378885,N-spring,0.25,train,0.5146488245951653,False
sample_02345.jpg,SRC_103,-35.0,180.0,57.090396,N-autumn,0.25,train,0.3982880272541337,False
sample_02346.jpg,SRC_144,-35.0,180.0,76.731052,N-spring,0.5,train,0.420870613819869,False
sample_02347.jpg,SRC_165,10.0,180.0,42.451267,N-winter,0.25,calibration,0.4309250887413298,False
sample_02348.jpg,SRC_133,-10.0,180.0,48.887369,N-spring,0.5,calibration,0.4156709104945933,False
sample_02349.jpg,SRC_091,-40.0,180.0,72.511342,N-summer,0.5,train,0.3938351183153651,False
sample_02350.jpg,SRC_081,-90.0,0.0,74.772433,N-autumn,0.25,train,0.4876980307958112,False
sample_02351.jpg,SRC_089,10.0,180.0,48.442522,N-winter,0.25,validation,0.3917670403248298,False
sample_02352.jpg,SRC_011,-20.0,180.0,70.371153,N-summer,0.25,train,0.3977924130640119,False
sample_02353.jpg,SRC_112,-30.0,180.0,67.516648,N-spring,0.5,train,0.48284016418087045,False
sample_02354.jpg,SRC_037,15.0,180.0,44.468297,N-spring,0.25,calibration,0.3779762840591236,False
sample_02355.jpg,SRC_042,10.0,180.0,36.92431,N-spring,0.5,train,0.3874938584477759,False
sample_02356.jpg,SRC_114,-10.0,180.0,58.176498,N-autumn,0.5,calibration,0.3753919662353719,False
sample_02357.jpg,SRC_112,-30.0,180.0,67.516648,N-spring,0.5,train,0.40060445998334265,False
sample_02358.jpg,SRC_144,-35.0,180.0,76.731052,N-spring,0.5,train,0.4010852924026218,False
sample_02359.jpg,SRC_146,10.0,180.0,58.0428,N-summer,0.5,validation,0.3938728903129353,False
sample_02360.jpg,SRC_013,50.0,180.0,54.051464,N-spring,0.5,train,0.3819731546779036,False
sample_02361.jpg,SRC_071,20.0,180.0,40.070501,N-spring,0.25,train,0.511929667271335,False
sample_02362.jpg,SRC_172,55.0,180.0,47.744159,N-summer,0.25,train,0.3889330380982628,False
sample_02363.jpg,SRC_075,-90.0,0.0,65.329336,N-winter,0.25,train,0.38636719545636106,False
sample_02364.jpg,SRC_077,-5.0,180.0,34.299081,N-winter,0.25,train,0.3984772060286707,False
sample_02365.jpg,SRC_061,50.0,180.0,43.110277,N-spring,0.5,train,0.4386333044258296,False
sample_02366.jpg,SRC_013,50.0,180.0,54.051464,N-spring,0.5,train,0.3886680483300795,False
sample_02367.jpg,SRC_070,60.0,180.0,58.788969,N-summer,0.5,validation,0.4864346500363593,False
sample_02368.jpg,SRC_129,20.0,180.0,41.057252,N-spring,0.25,train,0.4839817406234925,False
sample_02369.jpg,SRC_159,20.0,180.0,67.076816,N-autumn,0.25,train,0.4107651540501102,False
sample_02370.jpg,SRC_058,30.0,180.0,69.060883,N-autumn,0.5,train,0.42692569885561776,False
sample_02371.jpg,SRC_109,50.0,180.0,54.137665,N-summer,0.25,validation,0.39360458587251596,False
sample_02372.jpg,SRC_136,-35.0,180.0,76.922409,N-spring,0.5,train,0.3913797095311672,False
sample_02373.jpg,SRC_111,-35.0,180.0,79.069883,N-spring,1.0,train,0.4028115157697183,False
sample_02374.jpg,SRC_169,40.0,180.0,48.615664,N-summer,0.25,validation,0.38099510724651175,False
sample_02375.jpg,SRC_040,90.0,0.0,57.651744,N-spring,0.5,validation,0.3928806316310283,False
sample_02376.jpg,SRC_154,0.0,180.0,54.770875,N-summer,0.5,train,0.4507315068993686,False
sample_02377.jpg,SRC_011,-20.0,180.0,70.371153,N-summer,0.25,train,0.3914486696445187,False
sample_02378.jpg,SRC_009,-25.0,180.0,73.827745,N-spring,0.5,train,0.4036681140923323,False
sample_02379.jpg,SRC_084,-10.0,180.0,58.957849,N-summer,0.25,train,0.3857810121996787,False
sample_02380.jpg,SRC_030,-25.0,180.0,67.936804,N-spring,0.5,train,0.38153635048287443,False
sample_02381.jpg,SRC_108,-40.0,180.0,68.856247,N-summer,0.5,validation,0.387215155576836,False
sample_02382.jpg,SRC_075,-90.0,0.0,65.329336,N-winter,0.25,train,0.47329389287460666,False
sample_02383.jpg,SRC_063,25.0,180.0,41.329237,N-spring,0.25,train,0.37882948821142354,False
sample_02384.jpg,SRC_006,-15.0,180.0,65.638079,N-spring,0.5,train,0.4009544632020474,False
sample_02385.jpg,SRC_103,-35.0,180.0,57.090396,N-autumn,0.25,train,0.4268747591428562,False
sample_02386.jpg,SRC_157,40.0,180.0,44.22455,N-summer,0.25,train,0.37438807049654843,False
sample_02387.jpg,SRC_037,15.0,180.0,44.468297,N-spring,0.25,calibration,0.3747171534941488,False
sample_02388.jpg,SRC_037,15.0,180.0,44.468297,N-spring,0.25,calibration,0.3777759015689396,False
sample_02389.jpg,SRC_100,20.0,180.0,41.506528,N-spring,0.25,train,0.37681869069234464,False
sample_02390.jpg,SRC_103,-35.0,180.0,57.090396,N-autumn,0.25,train,0.42784350503193086,False
sample_02391.jpg,SRC_009,-25.0,180.0,73.827745,N-spring,0.5,train,0.47556461138254413,False
sample_02392.jpg,SRC_009,-25.0,180.0,73.827745,N-spring,0.5,train,0.4062531260250332,False
sample_02393.jpg,SRC_150,10.0,180.0,50.798821,N-summer,0.5,train,0.40872070499281987,False
sample_02394.jpg,SRC_137,-5.0,180.0,45.053172,N-spring,0.25,train,0.3992911826592455,False
sample_02395.jpg,SRC_154,0.0,180.0,54.770875,N-summer,0.5,train,0.5156565673400573,False
sample_02396.jpg,SRC_026,90.0,0.0,57.238404,N-spring,0.25,train,0.5039858752217438,False
sample_02397.jpg,SRC_083,0.0,180.0,55.378885,N-spring,0.25,train,0.3599037290108313,False
sample_02398.jpg,SRC_139,40.0,180.0,53.533251,N-winter,0.25,train,0.49593232257719366,False
sample_02399.jpg,SRC_044,-90.0,0.0,81.862162,N-autumn,0.5,train,0.4929841008448917,False
sample_02400.jpg,SRC_112,-30.0,180.0,67.516648,N-spring,0.5,train,0.39038929553406343,False
sample_02401.jpg,SRC_103,-35.0,180.0,57.090396,N-autumn,0.25,train,0.387817121939733,False
sample_02402.jpg,SRC_107,20.0,180.0,65.68027,N-autumn,0.5,train,0.38451243666222257,False
sample_02403.jpg,SRC_047,0.0,180.0,48.028677,N-spring,0.5,train,0.5210973304127667,False
sample_02404.jpg,SRC_111,-35.0,180.0,79.069883,N-spring,1.0,train,0.5000031003847492,False
sample_02405.jpg,SRC_103,-35.0,180.0,57.090396,N-autumn,0.25,train,0.4029028268510676,False
sample_02406.jpg,SRC_095,-20.0,180.0,56.495654,N-spring,0.5,train,0.5199216656396691,False
sample_02407.jpg,SRC_076,25.0,180.0,63.632584,N-autumn,0.25,validation,0.3856595396800525,False
sample_02408.jpg,SRC_006,-15.0,180.0,65.638079,N-spring,0.5,train,0.465971191162733,False
sample_02409.jpg,SRC_009,-25.0,180.0,73.827745,N-spring,0.5,train,0.5027694851320004,False
sample_02410.jpg,SRC_016,10.0,180.0,55.552023,N-winter,0.5,train,0.3877144384858358,False
sample_02411.jpg,SRC_093,-25.0,180.0,43.343655,N-autumn,0.5,calibration,0.3966873621248706,False
sample_02412.jpg,SRC_067,-15.0,180.0,64.724247,N-spring,0.5,calibration,0.4086612200856224,False
sample_02413.jpg,SRC_090,50.0,180.0,47.196626,N-summer,0.25,train,0.5171641516661494,False
sample_02414.jpg,SRC_032,-5.0,180.0,52.490186,N-spring,0.25,train,0.4202687618039639,False
sample_02415.jpg,SRC_074,0.0,180.0,50.25459,N-spring,0.5,train,0.5082921608309718,False
sample_02416.jpg,SRC_008,25.0,180.0,61.005891,N-autumn,0.25,train,0.4344741973605899,False
sample_02417.jpg,SRC_009,-25.0,180.0,73.827745,N-spring,0.5,train,0.39374287733382607,False
sample_02418.jpg,SRC_009,-25.0,180.0,73.827745,N-spring,0.5,train,0.3937859642977585,False
sample_02419.jpg,SRC_141,-10.0,180.0,55.206291,N-spring,0.25,train,0.37088388434709957,False
sample_02420.jpg,SRC_026,90.0,0.0,57.238404,N-spring,0.25,train,0.4614362387578062,False
sample_02421.jpg,SRC_054,5.0,180.0,37.41608,N-winter,0.25,calibration,0.5012881298577172,False
sample_02422.jpg,SRC_108,-40.0,180.0,68.856247,N-summer,0.5,validation,0.3757381506651104,False
sample_02423.jpg,SRC_056,-40.0,180.0,74.660587,N-summer,0.5,train,0.5457926591808608,False
sample_02424.jpg,SRC_007,20.0,180.0,49.485932,N-winter,0.25,validation,0.3868644339493795,False
sample_02425.jpg,SRC_059,15.0,180.0,48.046698,N-summer,0.25,train,0.4421009567371459,False
sample_02426.jpg,SRC_030,-25.0,180.0,67.936804,N-spring,0.5,train,0.38079213001787576,False
sample_02427.jpg,SRC_088,0.0,180.0,53.004483,N-summer,0.25,train,0.39490618535922184,False
sample_02428.jpg,SRC_115,25.0,180.0,41.8845,N-spring,0.25,train,0.3998169800591261,False
sample_02429.jpg,SRC_162,-90.0,0.0,77.7898,N-winter,0.25,train,0.42923744360386185,False
sample_02430.jpg,SRC_020,35.0,180.0,42.075965,N-summer,0.25,train,0.4191065982277715,False
sample_02431.jpg,SRC_011,-20.0,180.0,70.371153,N-summer,0.25,train,0.4752299060252049,False
sample_02432.jpg,SRC_075,-90.0,0.0,65.329336,N-winter,0.25,train,0.4859260708933995,False
sample_02433.jpg,SRC_006,-15.0,180.0,65.638079,N-spring,0.5,train,0.391654279833175,False
sample_02434.jpg,SRC_108,-40.0,180.0,68.856247,N-summer,0.5,validation,0.3712988430054224,False
sample_02435.jpg,SRC_158,-5.0,180.0,35.954137,N-winter,0.25,train,0.46598314834443866,False
sample_02436.jpg,SRC_052,5.0,180.0,51.705435,N-summer,0.25,train,0.37771379654416753,False
sample_02437.jpg,SRC_042,10.0,180.0,36.92431,N-spring,0.5,train,0.4120745384688269,False
sample_02438.jpg,SRC_041,15.0,180.0,46.712049,N-summer,0.25,calibration,0.3749943767861533,False
sample_02439.jpg,SRC_018,-90.0,0.0,67.882485,N-winter,0.25,train,0.3908124209133054,False
sample_02440.jpg,SRC_071,20.0,180.0,40.070501,N-spring,0.25,train,0.4117897784193751,False
sample_02441.jpg,SRC_067,-15.0,180.0,64.724247,N-spring,0.5,calibration,0.4962514113234687,False
sample_02442.jpg,SRC_004,30.0,180.0,61.107468,N-autumn,0.5,train,0.3779933037326316,False
sample_02443.jpg,SRC_033,45.0,180.0,66.067561,N-summer,0.25,validation,0.39580610357019724,False
sample_02444.jpg,SRC_084,-10.0,180.0,58.957849,N-summer,0.25,train,0.39973185331879824,False
sample_02445.jpg,SRC_140,35.0,180.0,44.85556,N-spring,0.25,validation,0.3805483562343911,False
sample_02446.jpg,SRC_055,-5.0,180.0,57.335076,N-spring,0.25,train,0.45934331453937294,False
sample_02447.jpg,SRC_006,-15.0,180.0,65.638079,N-spring,0.5,train,0.39096143871017974,False
sample_02448.jpg,SRC_103,-35.0,180.0,57.090396,N-autumn,0.25,train,0.38640438351349193,False
sample_02449.jpg,SRC_067,-15.0,180.0,64.724247,N-spring,0.5,calibration,0.43888427206180836,False
sample_02450.jpg,SRC_095,-20.0,180.0,56.495654,N-spring,0.5,train,0.4017530372065172,False
sample_02451.jpg,SRC_076,25.0,180.0,63.632584,N-autumn,0.25,validation,0.38712258508037595,False
sample_02452.jpg,SRC_066,-10.0,180.0,61.81065,N-summer,0.5,validation,0.4507475394387326,False
sample_02453.jpg,SRC_159,20.0,180.0,67.076816,N-autumn,0.25,train,0.3776287484924691,False
sample_02454.jpg,SRC_074,0.0,180.0,50.25459,N-spring,0.5,train,0.3995572096489462,False
sample_02455.jpg,SRC_103,-35.0,180.0,57.090396,N-autumn,0.25,train,0.3982360039893457,False
sample_02456.jpg,SRC_078,15.0,180.0,40.437008,N-spring,0.25,train,0.41244009530925496,False
sample_02457.jpg,SRC_058,30.0,180.0,69.060883,N-autumn,0.5,train,0.5310396260215733,False
sample_02458.jpg,SRC_086,15.0,180.0,43.648742,N-summer,0.5,train,0.5191534141189065,False
sample_02459.jpg,SRC_067,-15.0,180.0,64.724247,N-spring,0.5,calibration,0.39438970238223436,False
sample_02460.jpg,SRC_111,-35.0,180.0,79.069883,N-spring,1.0,train,0.5008380815339286,False
sample_02461.jpg,SRC_055,-5.0,180.0,57.335076,N-spring,0.25,train,0.41122996750587604,False
sample_02462.jpg,SRC_011,-20.0,180.0,70.371153,N-summer,0.25,train,0.46647889902943607,False
sample_02463.jpg,SRC_134,-30.0,180.0,69.607895,N-spring,0.5,train,0.39930426568804883,False
sample_02464.jpg,SRC_005,0.0,180.0,55.846781,N-summer,0.5,calibration,0.39286657782147777,False
sample_02465.jpg,SRC_042,10.0,180.0,36.92431,N-spring,0.5,train,0.4305072652991542,False
sample_02466.jpg,SRC_151,-15.0,180.0,63.408071,N-summer,0.5,train,0.38580112944664197,False
sample_02467.jpg,SRC_114,-10.0,180.0,58.176498,N-autumn,0.5,calibration,0.36958290070156696,False
sample_02468.jpg,SRC_131,10.0,180.0,60.540464,N-autumn,0.5,train,0.4972044960682445,False
sample_02469.jpg,SRC_104,25.0,180.0,45.102036,N-summer,0.5,calibration,0.4350689066318984,False
sample_02470.jpg,SRC_057,-5.0,180.0,57.599617,N-summer,0.25,train,0.376869074594813,False
sample_02471.jpg,SRC_154,0.0,180.0,54.770875,N-summer,0.5,train,0.4846669947848749,False
sample_02472.jpg,SRC_010,90.0,0.0,74.440619,N-summer,0.5,train,0.5267164979613382,False
sample_02473.jpg,SRC_030,-25.0,180.0,67.936804,N-spring,0.5,train,0.4075095030869941,False
sample_02474.jpg,SRC_111,-35.0,180.0,79.069883,N-spring,1.0,train,0.5249363510712284,False
sample_02475.jpg,SRC_040,90.0,0.0,57.651744,N-spring,0.5,validation,0.3851067992792424,False
sample_02476.jpg,SRC_108,-40.0,180.0,68.856247,N-summer,0.5,validation,0.4181602077342273,False
sample_02477.jpg,SRC_104,25.0,180.0,45.102036,N-summer,0.5,calibration,0.4826923340049614,False
sample_02478.jpg,SRC_040,90.0,0.0,57.651744,N-spring,0.5,validation,0.3942369441415064,False
sample_02479.jpg,SRC_011,-20.0,180.0,70.371153,N-summer,0.25,train,0.5347920525178402,False
sample_02480.jpg,SRC_104,25.0,180.0,45.102036,N-summer,0.5,calibration,0.475927884721862,False
sample_02481.jpg,SRC_124,0.0,180.0,51.928413,N-summer,0.25,train,0.40224780697704376,False
sample_02482.jpg,SRC_084,-10.0,180.0,58.957849,N-summer,0.25,train,0.39464555731651807,False
sample_02483.jpg,SRC_009,-25.0,180.0,73.827745,N-spring,0.5,train,0.4925568838298616,False
sample_02484.jpg,SRC_109,50.0,180.0,54.137665,N-summer,0.25,validation,0.39002410231622076,False
sample_02485.jpg,SRC_092,5.0,180.0,57.429528,N-autumn,0.25,validation,0.5175383745295246,False
sample_02486.jpg,SRC_114,-10.0,180.0,58.176498,N-autumn,0.5,calibration,0.3748939403520531,False
sample_02487.jpg,SRC_004,30.0,180.0,61.107468,N-autumn,0.5,train,0.3859984362507308,False
sample_02488.jpg,SRC_114,-10.0,180.0,58.176498,N-autumn,0.5,calibration,0.3829163771892775,False
sample_02489.jpg,SRC_050,0.0,180.0,53.680047,N-summer,0.25,calibration,0.4748820789383375,False
sample_02490.jpg,SRC_002,40.0,180.0,45.868768,N-summer,0.25,train,0.4780469011076526,False
sample_02491.jpg,SRC_092,5.0,180.0,57.429528,N-autumn,0.25,validation,0.39131991002121436,False
sample_02492.jpg,SRC_153,-40.0,180.0,43.960452,N-autumn,0.25,train,0.3962418884339592,False
sample_02493.jpg,SRC_071,20.0,180.0,40.070501,N-spring,0.25,train,0.456080792877499,False
sample_02494.jpg,SRC_153,-40.0,180.0,43.960452,N-autumn,0.25,train,0.3883113862614319,False
sample_02495.jpg,SRC_081,-90.0,0.0,74.772433,N-autumn,0.25,train,0.5197974131027696,False
sample_02496.jpg,SRC_126,-20.0,180.0,68.779144,N-summer,0.5,train,0.38201350269636264,False
sample_02497.jpg,SRC_092,5.0,180.0,57.429528,N-autumn,0.25,validation,0.37738209098836084,False
sample_02498.jpg,SRC_159,20.0,180.0,67.076816,N-autumn,0.25,train,0.42145582622718997,False
sample_02499.jpg,SRC_112,-30.0,180.0,67.516648,N-spring,0.5,train,0.48668705034954646,False
sample_02500.jpg,SRC_028,10.0,180.0,42.894848,N-spring,0.25,calibration,0.4932682103321649,False
sample_02501.jpg,SRC_021,-90.0,0.0,68.040851,N-autumn,0.5,calibration,0.39633012112080984,False
sample_02502.jpg,SRC_093,-25.0,180.0,43.343655,N-autumn,0.5,calibration,0.3828761027827524,False
sample_02503.jpg,SRC_124,0.0,180.0,51.928413,N-summer,0.25,train,0.4935875474104957,False
sample_02504.jpg,SRC_030,-25.0,180.0,67.936804,N-spring,0.5,train,0.4929281247832683,False
sample_02505.jpg,SRC_103,-35.0,180.0,57.090396,N-autumn,0.25,train,0.4152763487665025,False
sample_02506.jpg,SRC_156,10.0,180.0,48.737382,N-summer,0.25,train,0.5061564135121619,False
sample_02507.jpg,SRC_059,15.0,180.0,48.046698,N-summer,0.25,train,0.47848160619249847,False
sample_02508.jpg,SRC_135,5.0,180.0,41.328761,N-winter,0.5,train,0.5117501913464757,False
sample_02509.jpg,SRC_089,10.0,180.0,48.442522,N-winter,0.25,validation,0.4044270617010797,False
sample_02510.jpg,SRC_092,5.0,180.0,57.429528,N-autumn,0.25,validation,0.3938099871109506,False
sample_02511.jpg,SRC_108,-40.0,180.0,68.856247,N-summer,0.5,validation,0.37414433707367845,False
sample_02512.jpg,SRC_076,25.0,180.0,63.632584,N-autumn,0.25,validation,0.4103120643716111,False
sample_02513.jpg,SRC_061,50.0,180.0,43.110277,N-spring,0.5,train,0.3825432302313837,False
sample_02514.jpg,SRC_146,10.0,180.0,58.0428,N-summer,0.5,validation,0.5086143220673494,False
sample_02515.jpg,SRC_133,-10.0,180.0,48.887369,N-spring,0.5,calibration,0.42388538072898446,False
sample_02516.jpg,SRC_027,35.0,180.0,41.369436,N-spring,0.5,calibration,0.3842637764379088,False
sample_02517.jpg,SRC_071,20.0,180.0,40.070501,N-spring,0.25,train,0.43745362492736933,False
sample_02518.jpg,SRC_027,35.0,180.0,41.369436,N-spring,0.5,calibration,0.39688313444850215,False
sample_02519.jpg,SRC_045,-90.0,0.0,70.559818,N-autumn,0.25,train,0.3877739958924805,False
sample_02520.jpg,SRC_013,50.0,180.0,54.051464,N-spring,0.5,train,0.3788580424156064,False
sample_02521.jpg,SRC_074,0.0,180.0,50.25459,N-spring,0.5,train,0.48896305197410816,False
sample_02522.jpg,SRC_013,50.0,180.0,54.051464,N-spring,0.5,train,0.3727107764690544,False
sample_02523.jpg,SRC_003,0.0,180.0,38.090051,N-spring,0.25,train,0.47329819085792985,False
sample_02524.jpg,SRC_011,-20.0,180.0,70.371153,N-summer,0.25,train,0.39158226098190385,False
sample_02525.jpg,SRC_108,-40.0,180.0,68.856247,N-summer,0.5,validation,0.3704517929983573,False
sample_02526.jpg,SRC_099,15.0,180.0,42.024472,N-spring,0.5,train,0.4890014119852636,False
sample_02527.jpg,SRC_103,-35.0,180.0,57.090396,N-autumn,0.25,train,0.40060317317473126,False
sample_02528.jpg,SRC_108,-40.0,180.0,68.856247,N-summer,0.5,validation,0.3899921624867259,False
sample_02529.jpg,SRC_108,-40.0,180.0,68.856247,N-summer,0.5,validation,0.45206505970129685,False
sample_02530.jpg,SRC_114,-10.0,180.0,58.176498,N-autumn,0.5,calibration,0.39202032741071385,False
sample_02531.jpg,SRC_091,-40.0,180.0,72.511342,N-summer,0.5,train,0.3887700068818482,False
sample_02532.jpg,SRC_131,10.0,180.0,60.540464,N-autumn,0.5,train,0.4143273968426291,False
sample_02533.jpg,SRC_159,20.0,180.0,67.076816,N-autumn,0.25,train,0.3823914592188869,False
sample_02534.jpg,SRC_042,10.0,180.0,36.92431,N-spring,0.5,train,0.3805157479158824,False
sample_02535.jpg,SRC_123,0.0,180.0,54.598149,N-autumn,0.5,train,0.40145957893132317,False
sample_02536.jpg,SRC_158,-5.0,180.0,35.954137,N-winter,0.25,train,0.38806903858977504,False
sample_02537.jpg,SRC_067,-15.0,180.0,64.724247,N-spring,0.5,calibration,0.5002932649364851,False
sample_02538.jpg,SRC_021,-90.0,0.0,68.040851,N-autumn,0.5,calibration,0.4885778981975263,False
sample_02539.jpg,SRC_069,25.0,180.0,48.120522,N-summer,0.5,train,0.5122401974543398,False
sample_02540.jpg,SRC_104,25.0,180.0,45.102036,N-summer,0.5,calibration,0.48395575755373316,False
sample_02541.jpg,SRC_099,15.0,180.0,42.024472,N-spring,0.5,train,0.4710528894636815,False
sample_02542.jpg,SRC_049,5.0,180.0,42.94902,N-spring,0.25,train,0.5143468781138643,False
sample_02543.jpg,SRC_052,5.0,180.0,51.705435,N-summer,0.25,train,0.4030615266999124,False
sample_02544.jpg,SRC_047,0.0,180.0,48.028677,N-spring,0.5,train,0.45338172673103133,False
sample_02545.jpg,SRC_056,-40.0,180.0,74.660587,N-summer,0.5,train,0.3732621195535895,False
sample_02546.jpg,SRC_004,30.0,180.0,61.107468,N-autumn,0.5,train,0.4799814970667965,False
sample_02547.jpg,SRC_046,0.0,180.0,58.061031,N-autumn,0.25,validation,0.3839498592440816,False
sample_02548.jpg,SRC_103,-35.0,180.0,57.090396,N-autumn,0.25,train,0.39169251924404913,False
sample_02549.jpg,SRC_127,-35.0,180.0,47.507974,N-autumn,0.5,train,0.4036926601946168,False
sample_02550.jpg,SRC_075,-90.0,0.0,65.329336,N-winter,0.25,train,0.38461125007420355,False
sample_02551.jpg,SRC_027,35.0,180.0,41.369436,N-spring,0.5,calibration,0.3844227243954413,False
sample_02552.jpg,SRC_102,-10.0,180.0,52.255853,N-spring,0.25,train,0.4047868437226955,False
sample_02553.jpg,SRC_084,-10.0,180.0,58.957849,N-summer,0.25,train,0.513607048668018,False
sample_02554.jpg,SRC_168,90.0,0.0,64.709631,N-summer,0.25,train,0.4274842858955325,False
sample_02555.jpg,SRC_168,90.0,0.0,64.709631,N-summer,0.25,train,0.39295264614348496,False
sample_02556.jpg,SRC_041,15.0,180.0,46.712049,N-summer,0.25,calibration,0.3855062681522805,False
sample_02557.jpg,SRC_108,-40.0,180.0,68.856247,N-summer,0.5,validation,0.3863208921997738,False
sample_02558.jpg,SRC_067,-15.0,180.0,64.724247,N-spring,0.5,calibration,0.39891852495182395,False
sample_02559.jpg,SRC_035,0.0,180.0,56.990187,N-autumn,0.25,train,0.3874658968306522,False
sample_02560.jpg,SRC_123,0.0,180.0,54.598149,N-autumn,0.5,train,0.4019166788770107,False
sample_02561.jpg,SRC_108,-40.0,180.0,68.856247,N-summer,0.5,validation,0.43924645949215957,False
sample_02562.jpg,SRC_059,15.0,180.0,48.046698,N-summer,0.25,train,0.4194427859617177,False
sample_02563.jpg,SRC_111,-35.0,180.0,79.069883,N-spring,1.0,train,0.45267856074259927,False
sample_02564.jpg,SRC_040,90.0,0.0,57.651744,N-spring,0.5,validation,0.3914975116537426,False
sample_02565.jpg,SRC_118,35.0,180.0,49.493581,N-summer,0.25,validation,0.4979469385882399,False
sample_02566.jpg,SRC_159,20.0,180.0,67.076816,N-autumn,0.25,train,0.4333687369208764,False
sample_02567.jpg,SRC_103,-35.0,180.0,57.090396,N-autumn,0.25,train,0.389580791544853,False
sample_02568.jpg,SRC_125,-5.0,180.0,52.428603,N-spring,0.25,train,0.39429062500375905,False
sample_02569.jpg,SRC_167,90.0,0.0,58.639078,N-summer,0.5,calibration,0.4901675077885404,False
sample_02570.jpg,SRC_058,30.0,180.0,69.060883,N-autumn,0.5,train,0.4813618734106154,False
sample_02571.jpg,SRC_108,-40.0,180.0,68.856247,N-summer,0.5,validation,0.4266341251670883,False
sample_02572.jpg,SRC_097,0.0,180.0,35.318175,N-winter,0.25,train,0.4104164179885377,False
sample_02573.jpg,SRC_147,50.0,180.0,51.835813,N-summer,0.25,validation,0.5063259098216751,False
sample_02574.jpg,SRC_066,-10.0,180.0,61.81065,N-summer,0.5,validation,0.38050313222947124,False
sample_02575.jpg,SRC_087,0.0,180.0,54.65824,N-summer,0.25,train,0.38678472771530586,False
sample_02576.jpg,SRC_051,20.0,180.0,63.609319,N-autumn,0.5,train,0.387858893907765,False
sample_02577.jpg,SRC_103,-35.0,180.0,57.090396,N-autumn,0.25,train,0.39165355171180577,False
sample_02578.jpg,SRC_171,-35.0,180.0,63.65778,N-spring,0.25,calibration,0.3890447362862162,False
sample_02579.jpg,SRC_115,25.0,180.0,41.8845,N-spring,0.25,train,0.4089728752902205,False
sample_02580.jpg,SRC_111,-35.0,180.0,79.069883,N-spring,1.0,train,0.4069641966805763,False
sample_02581.jpg,SRC_014,-40.0,180.0,38.480327,N-winter,0.25,calibration,0.39564441274297085,False
sample_02582.jpg,SRC_043,10.0,180.0,50.433279,N-summer,0.5,calibration,0.41718525713451615,False
sample_02583.jpg,SRC_009,-25.0,180.0,73.827745,N-spring,0.5,train,0.38924329979590244,False
sample_02584.jpg,SRC_099,15.0,180.0,42.024472,N-spring,0.5,train,0.3686567087751825,False
sample_02585.jpg,SRC_097,0.0,180.0,35.318175,N-winter,0.25,train,0.4910956376019738,False
sample_02586.jpg,SRC_008,25.0,180.0,61.005891,N-autumn,0.25,train,0.39128347339043035,False
sample_02587.jpg,SRC_013,50.0,180.0,54.051464,N-spring,0.5,train,0.43156664640000636,False
sample_02588.jpg,SRC_134,-30.0,180.0,69.607895,N-spring,0.5,train,0.41222579559594197,False
sample_02589.jpg,SRC_053,-90.0,0.0,74.406575,N-winter,0.5,train,0.3929152443191654,False
sample_02590.jpg,SRC_092,5.0,180.0,57.429528,N-autumn,0.25,validation,0.46617025556348396,False
sample_02591.jpg,SRC_071,20.0,180.0,40.070501,N-spring,0.25,train,0.47670168159426474,False
sample_02592.jpg,SRC_075,-90.0,0.0,65.329336,N-winter,0.25,train,0.45494563766796164,False
sample_02593.jpg,SRC_073,45.0,180.0,41.537171,N-spring,0.25,train,0.3778396856426586,False
sample_02594.jpg,SRC_144,-35.0,180.0,76.731052,N-spring,0.5,train,0.401519357835291,False
sample_02595.jpg,SRC_130,25.0,180.0,37.507656,N-spring,0.25,validation,0.48884820321752553,False
sample_02596.jpg,SRC_092,5.0,180.0,57.429528,N-autumn,0.25,validation,0.40666615585134647,False
sample_02597.jpg,SRC_014,-40.0,180.0,38.480327,N-winter,0.25,calibration,0.390050405724599,False
sample_02598.jpg,SRC_146,10.0,180.0,58.0428,N-summer,0.5,validation,0.5043520477076217,False
sample_02599.jpg,SRC_115,25.0,180.0,41.8845,N-spring,0.25,train,0.41738210200565984,False
sample_02600.jpg,SRC_093,-25.0,180.0,43.343655,N-autumn,0.5,calibration,0.3894828326176485,False
sample_02601.jpg,SRC_153,-40.0,180.0,43.960452,N-autumn,0.25,train,0.3862312729658677,False
sample_02602.jpg,SRC_076,25.0,180.0,63.632584,N-autumn,0.25,validation,0.38660632775217196,False
sample_02603.jpg,SRC_009,-25.0,180.0,73.827745,N-spring,0.5,train,0.3975070376566264,False
sample_02604.jpg,SRC_067,-15.0,180.0,64.724247,N-spring,0.5,calibration,0.48760567451444725,False
sample_02605.jpg,SRC_142,-30.0,180.0,34.276784,N-winter,0.25,train,0.4564385727570713,False
sample_02606.jpg,SRC_145,-5.0,180.0,52.15166,N-spring,0.25,train,0.40981334313548545,False
sample_02607.jpg,SRC_011,-20.0,180.0,70.371153,N-summer,0.25,train,0.5009064698424369,False
sample_02608.jpg,SRC_087,0.0,180.0,54.65824,N-summer,0.25,train,0.3847077420404287,False
sample_02609.jpg,SRC_113,-35.0,180.0,36.668707,N-winter,0.25,train,0.43194788145702656,False
sample_02610.jpg,SRC_005,0.0,180.0,55.846781,N-summer,0.5,calibration,0.3814066730535216,False
sample_02611.jpg,SRC_067,-15.0,180.0,64.724247,N-spring,0.5,calibration,0.3918189244472965,False
sample_02612.jpg,SRC_112,-30.0,180.0,67.516648,N-spring,0.5,train,0.41182351987770993,False
sample_02613.jpg,SRC_108,-40.0,180.0,68.856247,N-summer,0.5,validation,0.4167800516714876,False
sample_02614.jpg,SRC_106,25.0,180.0,40.638999,N-spring,0.5,validation,0.37022624400854154,False
sample_02615.jpg,SRC_124,0.0,180.0,51.928413,N-summer,0.25,train,0.40465917017720104,False
sample_02616.jpg,SRC_100,20.0,180.0,41.506528,N-spring,0.25,train,0.3906267056228122,False
sample_02617.jpg,SRC_112,-30.0,180.0,67.516648,N-spring,0.5,train,0.508810570294628,False
sample_02618.jpg,SRC_104,25.0,180.0,45.102036,N-summer,0.5,calibration,0.46343654721110017,False
sample_02619.jpg,SRC_116,5.0,180.0,41.203028,N-spring,0.25,calibration,0.42498652083097443,False
sample_02620.jpg,SRC_085,0.0,180.0,39.187341,N-spring,0.25,train,0.3905679177234461,False
sample_02621.jpg,SRC_002,40.0,180.0,45.868768,N-summer,0.25,train,0.36928959555163327,False
sample_02622.jpg,SRC_062,45.0,180.0,81.508965,N-autumn,0.5,train,0.396674455082948,False
sample_02623.jpg,SRC_102,-10.0,180.0,52.255853,N-spring,0.25,train,0.40923230462095794,False
sample_02624.jpg,SRC_156,10.0,180.0,48.737382,N-summer,0.25,train,0.41571981599541596,False
sample_02625.jpg,SRC_168,90.0,0.0,64.709631,N-summer,0.25,train,0.5451562960202736,False
sample_02626.jpg,SRC_150,10.0,180.0,50.798821,N-summer,0.5,train,0.38914471249557187,False
sample_02627.jpg,SRC_041,15.0,180.0,46.712049,N-summer,0.25,calibration,0.36985403986367854,False
sample_02628.jpg,SRC_103,-35.0,180.0,57.090396,N-autumn,0.25,train,0.49400326324688465,False
sample_02629.jpg,SRC_005,0.0,180.0,55.846781,N-summer,0.5,calibration,0.48788868578111544,False
sample_02630.jpg,SRC_009,-25.0,180.0,73.827745,N-spring,0.5,train,0.4716118545435126,False
sample_02631.jpg,SRC_148,-15.0,180.0,49.227137,N-autumn,0.25,train,0.5209436955085519,False
sample_02632.jpg,SRC_027,35.0,180.0,41.369436,N-spring,0.5,calibration,0.5178777214281896,False
sample_02633.jpg,SRC_050,0.0,180.0,53.680047,N-summer,0.25,calibration,0.48700499836277267,False
sample_02634.jpg,SRC_168,90.0,0.0,64.709631,N-summer,0.25,train,0.41623667007514004,False
sample_02635.jpg,SRC_058,30.0,180.0,69.060883,N-autumn,0.5,train,0.4009645465743448,False
sample_02636.jpg,SRC_020,35.0,180.0,42.075965,N-summer,0.25,train,0.396097211502053,False
sample_02637.jpg,SRC_114,-10.0,180.0,58.176498,N-autumn,0.5,calibration,0.3729031885743767,False
sample_02638.jpg,SRC_069,25.0,180.0,48.120522,N-summer,0.5,train,0.49703482583284514,False
sample_02639.jpg,SRC_084,-10.0,180.0,58.957849,N-summer,0.25,train,0.38563728424962207,False
sample_02640.jpg,SRC_030,-25.0,180.0,67.936804,N-spring,0.5,train,0.37959955044507787,False
sample_02641.jpg,SRC_116,5.0,180.0,41.203028,N-spring,0.25,calibration,0.390005936210365,False
sample_02642.jpg,SRC_113,-35.0,180.0,36.668707,N-winter,0.25,train,0.4261597516496455,False
sample_02643.jpg,SRC_088,0.0,180.0,53.004483,N-summer,0.25,train,0.4157542475212093,False
sample_02644.jpg,SRC_020,35.0,180.0,42.075965,N-summer,0.25,train,0.38599169608724465,False
sample_02645.jpg,SRC_071,20.0,180.0,40.070501,N-spring,0.25,train,0.40442632554192615,False
sample_02646.jpg,SRC_115,25.0,180.0,41.8845,N-spring,0.25,train,0.4089052981694049,False
sample_02647.jpg,SRC_148,-15.0,180.0,49.227137,N-autumn,0.25,train,0.44905511253799313,False
sample_02648.jpg,SRC_015,20.0,180.0,46.484204,N-summer,0.25,train,0.5213290736999089,False
sample_02649.jpg,SRC_122,-5.0,180.0,57.310506,N-summer,0.25,train,0.45804538443389475,False
sample_02650.jpg,SRC_027,35.0,180.0,41.369436,N-spring,0.5,calibration,0.39448559691144747,False
sample_02651.jpg,SRC_142,-30.0,180.0,34.276784,N-winter,0.25,train,0.4152364618763113,False
sample_02652.jpg,SRC_062,45.0,180.0,81.508965,N-autumn,0.5,train,0.40583466310849536,False
sample_02653.jpg,SRC_067,-15.0,180.0,64.724247,N-spring,0.5,calibration,0.4054326441727304,False
sample_02654.jpg,SRC_026,90.0,0.0,57.238404,N-spring,0.25,train,0.44092598864865173,False
sample_02655.jpg,SRC_004,30.0,180.0,61.107468,N-autumn,0.5,train,0.47695890577035194,False
sample_02656.jpg,SRC_074,0.0,180.0,50.25459,N-spring,0.5,train,0.42816300236797467,False
sample_02657.jpg,SRC_072,15.0,180.0,46.966801,N-winter,0.25,train,0.4883031423910221,False
sample_02658.jpg,SRC_042,10.0,180.0,36.92431,N-spring,0.5,train,0.42221276558821613,False
sample_02659.jpg,SRC_014,-40.0,180.0,38.480327,N-winter,0.25,calibration,0.39443528745222334,False
sample_02660.jpg,SRC_152,30.0,180.0,40.69576,N-spring,0.25,train,0.40230395356024395,False
sample_02661.jpg,SRC_067,-15.0,180.0,64.724247,N-spring,0.5,calibration,0.48776032184397977,False
sample_02662.jpg,SRC_071,20.0,180.0,40.070501,N-spring,0.25,train,0.41504066623775043,False
sample_02663.jpg,SRC_034,40.0,180.0,46.055099,N-summer,0.25,train,0.49583618988556977,False
sample_02664.jpg,SRC_126,-20.0,180.0,68.779144,N-summer,0.5,train,0.41633109776165744,False
sample_02665.jpg,SRC_057,-5.0,180.0,57.599617,N-summer,0.25,train,0.4425630686911083,False
sample_02666.jpg,SRC_115,25.0,180.0,41.8845,N-spring,0.25,train,0.42895872159663984,False
sample_02667.jpg,SRC_022,20.0,180.0,41.513642,N-spring,0.25,train,0.3897856848018908,False
sample_02668.jpg,SRC_081,-90.0,0.0,74.772433,N-autumn,0.25,train,0.512825984381425,False
sample_02669.jpg,SRC_125,-5.0,180.0,52.428603,N-spring,0.25,train,0.40771223733823253,False
sample_02670.jpg,SRC_009,-25.0,180.0,73.827745,N-spring,0.5,train,0.39150108141479817,False
sample_02671.jpg,SRC_103,-35.0,180.0,57.090396,N-autumn,0.25,train,0.3904630358270095,False
sample_02672.jpg,SRC_046,0.0,180.0,58.061031,N-autumn,0.25,validation,0.3943755580950101,False
sample_02673.jpg,SRC_170,-20.0,180.0,56.332579,N-autumn,0.25,train,0.49658728052335877,False
sample_02674.jpg,SRC_061,50.0,180.0,43.110277,N-spring,0.5,train,0.49333848335916475,False
sample_02675.jpg,SRC_011,-20.0,180.0,70.371153,N-summer,0.25,train,0.41593298628978725,False
sample_02676.jpg,SRC_078,15.0,180.0,40.437008,N-spring,0.25,train,0.40538500900888286,False
sample_02677.jpg,SRC_078,15.0,180.0,40.437008,N-spring,0.25,train,0.413863511807401,False
sample_02678.jpg,SRC_126,-20.0,180.0,68.779144,N-summer,0.5,train,0.38899328051696624,False
sample_02679.jpg,SRC_011,-20.0,180.0,70.371153,N-summer,0.25,train,0.5139495277694277,False
sample_02680.jpg,SRC_080,-25.0,180.0,69.726065,N-summer,0.25,calibration,0.3894583657018019,False
sample_02681.jpg,SRC_020,35.0,180.0,42.075965,N-summer,0.25,train,0.3924495894840343,False
sample_02682.jpg,SRC_062,45.0,180.0,81.508965,N-autumn,0.5,train,0.4029192508388998,False
sample_02683.jpg,SRC_084,-10.0,180.0,58.957849,N-summer,0.25,train,0.3888424150711562,False
sample_02684.jpg,SRC_111,-35.0,180.0,79.069883,N-spring,1.0,train,0.440372021629143,False
sample_02685.jpg,SRC_111,-35.0,180.0,79.069883,N-spring,1.0,train,0.4933197484575317,False
sample_02686.jpg,SRC_052,5.0,180.0,51.705435,N-summer,0.25,train,0.43232159363670597,False
sample_02687.jpg,SRC_051,20.0,180.0,63.609319,N-autumn,0.5,train,0.3789297510637407,False
sample_02688.jpg,SRC_061,50.0,180.0,43.110277,N-spring,0.5,train,0.4460123119338258,False
sample_02689.jpg,SRC_059,15.0,180.0,48.046698,N-summer,0.25,train,0.4646980465544197,False
sample_02690.jpg,SRC_151,-15.0,180.0,63.408071,N-summer,0.5,train,0.3829291178136497,False
sample_02691.jpg,SRC_168,90.0,0.0,64.709631,N-summer,0.25,train,0.536903452209309,False
sample_02692.jpg,SRC_094,20.0,180.0,66.934532,N-autumn,0.25,train,0.5064427479111406,False
sample_02693.jpg,SRC_058,30.0,180.0,69.060883,N-autumn,0.5,train,0.3930473240862015,False
sample_02694.jpg,SRC_013,50.0,180.0,54.051464,N-spring,0.5,train,0.38824373256518985,False
sample_02695.jpg,SRC_005,0.0,180.0,55.846781,N-summer,0.5,calibration,0.3751825551423387,False
sample_02696.jpg,SRC_136,-35.0,180.0,76.922409,N-spring,0.5,train,0.3986183348453724,False
sample_02697.jpg,SRC_086,15.0,180.0,43.648742,N-summer,0.5,train,0.3771151034283185,False
sample_02698.jpg,SRC_010,90.0,0.0,74.440619,N-summer,0.5,train,0.47053600392811135,False
sample_02699.jpg,SRC_126,-20.0,180.0,68.779144,N-summer,0.5,train,0.40005240754050647,False
sample_02700.jpg,SRC_080,-25.0,180.0,69.726065,N-summer,0.25,calibration,0.4108314734029689,False
sample_02701.jpg,SRC_165,10.0,180.0,42.451267,N-winter,0.25,calibration,0.4214942796960786,False
sample_02702.jpg,SRC_043,10.0,180.0,50.433279,N-summer,0.5,calibration,0.3848874045379384,False
sample_02703.jpg,SRC_005,0.0,180.0,55.846781,N-summer,0.5,calibration,0.39288757984653655,False
sample_02704.jpg,SRC_094,20.0,180.0,66.934532,N-autumn,0.25,train,0.39837339271681227,False
sample_02705.jpg,SRC_006,-15.0,180.0,65.638079,N-spring,0.5,train,0.40726697842165543,False
sample_02706.jpg,SRC_040,90.0,0.0,57.651744,N-spring,0.5,validation,0.402264111839465,False
sample_02707.jpg,SRC_114,-10.0,180.0,58.176498,N-autumn,0.5,calibration,0.3888772356671305,False
sample_02708.jpg,SRC_088,0.0,180.0,53.004483,N-summer,0.25,train,0.40987883335028136,False
sample_02709.jpg,SRC_103,-35.0,180.0,57.090396,N-autumn,0.25,train,0.3902847433579687,False
sample_02710.jpg,SRC_051,20.0,180.0,63.609319,N-autumn,0.5,train,0.42359867687173125,False
sample_02711.jpg,SRC_165,10.0,180.0,42.451267,N-winter,0.25,calibration,0.4852949059876049,False
sample_02712.jpg,SRC_133,-10.0,180.0,48.887369,N-spring,0.5,calibration,0.41589746305377523,False
sample_02713.jpg,SRC_115,25.0,180.0,41.8845,N-spring,0.25,train,0.4059079798588545,False
sample_02714.jpg,SRC_040,90.0,0.0,57.651744,N-spring,0.5,validation,0.39536492799092127,False
sample_02715.jpg,SRC_171,-35.0,180.0,63.65778,N-spring,0.25,calibration,0.39684082979920676,False
sample_02716.jpg,SRC_109,50.0,180.0,54.137665,N-summer,0.25,validation,0.38615797938483154,False
sample_02717.jpg,SRC_037,15.0,180.0,44.468297,N-spring,0.25,calibration,0.39249500227203205,False
sample_02718.jpg,SRC_123,0.0,180.0,54.598149,N-autumn,0.5,train,0.3834152334595443,False
sample_02719.jpg,SRC_099,15.0,180.0,42.024472,N-spring,0.5,train,0.3773334171444483,False
sample_02720.jpg,SRC_026,90.0,0.0,57.238404,N-spring,0.25,train,0.44017932494658174,False
sample_02721.jpg,SRC_091,-40.0,180.0,72.511342,N-summer,0.5,train,0.3846452547181936,False
sample_02722.jpg,SRC_121,25.0,180.0,67.446292,N-autumn,0.5,validation,0.3801760505100832,False
sample_02723.jpg,SRC_015,20.0,180.0,46.484204,N-summer,0.25,train,0.38420855463020376,False
sample_02724.jpg,SRC_103,-35.0,180.0,57.090396,N-autumn,0.25,train,0.3967556273696039,False
sample_02725.jpg,SRC_006,-15.0,180.0,65.638079,N-spring,0.5,train,0.4443046222925169,False
sample_02726.jpg,SRC_148,-15.0,180.0,49.227137,N-autumn,0.25,train,0.44635090452827414,False
sample_02727.jpg,SRC_150,10.0,180.0,50.798821,N-summer,0.5,train,0.4700388026558754,False
sample_02728.jpg,SRC_148,-15.0,180.0,49.227137,N-autumn,0.25,train,0.4545610167935594,False
sample_02729.jpg,SRC_094,20.0,180.0,66.934532,N-autumn,0.25,train,0.4111773120171943,False
sample_02730.jpg,SRC_076,25.0,180.0,63.632584,N-autumn,0.25,validation,0.3887495793505044,False
sample_02731.jpg,SRC_004,30.0,180.0,61.107468,N-autumn,0.5,train,0.3745023488955187,False
sample_02732.jpg,SRC_063,25.0,180.0,41.329237,N-spring,0.25,train,0.37420670423328295,False
sample_02733.jpg,SRC_051,20.0,180.0,63.609319,N-autumn,0.5,train,0.444332823535011,False
sample_02734.jpg,SRC_092,5.0,180.0,57.429528,N-autumn,0.25,validation,0.38307030001490805,False
sample_02735.jpg,SRC_131,10.0,180.0,60.540464,N-autumn,0.5,train,0.5190804314678001,False
sample_02736.jpg,SRC_154,0.0,180.0,54.770875,N-summer,0.5,train,0.38671779949502694,False
sample_02737.jpg,SRC_111,-35.0,180.0,79.069883,N-spring,1.0,train,0.43804842811557104,False
sample_02738.jpg,SRC_055,-5.0,180.0,57.335076,N-spring,0.25,train,0.4605398122341121,False
sample_02739.jpg,SRC_067,-15.0,180.0,64.724247,N-spring,0.5,calibration,0.4194643451881654,False
sample_02740.jpg,SRC_022,20.0,180.0,41.513642,N-spring,0.25,train,0.4940947756651751,False
sample_02741.jpg,SRC_065,30.0,180.0,68.700871,N-winter,0.5,validation,0.4101834265749108,False
sample_02742.jpg,SRC_030,-25.0,180.0,67.936804,N-spring,0.5,train,0.39161162953296025,False
sample_02743.jpg,SRC_165,10.0,180.0,42.451267,N-winter,0.25,calibration,0.42189310297506344,False
sample_02744.jpg,SRC_115,25.0,180.0,41.8845,N-spring,0.25,train,0.3876240505810066,False
sample_02745.jpg,SRC_062,45.0,180.0,81.508965,N-autumn,0.5,train,0.4079767451673538,False
sample_02746.jpg,SRC_145,-5.0,180.0,52.15166,N-spring,0.25,train,0.4274934838692162,False
sample_02747.jpg,SRC_081,-90.0,0.0,74.772433,N-autumn,0.25,train,0.51213368030022,False
sample_02748.jpg,SRC_043,10.0,180.0,50.433279,N-summer,0.5,calibration,0.42019470229102984,False
sample_02749.jpg,SRC_040,90.0,0.0,57.651744,N-spring,0.5,validation,0.4794732018998215,False
sample_02750.jpg,SRC_111,-35.0,180.0,79.069883,N-spring,1.0,train,0.4718178659272839,False
sample_02751.jpg,SRC_103,-35.0,180.0,57.090396,N-autumn,0.25,train,0.4097334088078252,False
sample_02752.jpg,SRC_123,0.0,180.0,54.598149,N-autumn,0.5,train,0.3938050526200842,False
sample_02753.jpg,SRC_030,-25.0,180.0,67.936804,N-spring,0.5,train,0.3827395127931007,False
sample_02754.jpg,SRC_124,0.0,180.0,51.928413,N-summer,0.25,train,0.39366381619238405,False
sample_02755.jpg,SRC_030,-25.0,180.0,67.936804,N-spring,0.5,train,0.3858466875264919,False
sample_02756.jpg,SRC_124,0.0,180.0,51.928413,N-summer,0.25,train,0.4128186996773163,False
sample_02757.jpg,SRC_111,-35.0,180.0,79.069883,N-spring,1.0,train,0.4924301619290806,False
sample_02758.jpg,SRC_006,-15.0,180.0,65.638079,N-spring,0.5,train,0.4925489294338131,False
sample_02759.jpg,SRC_114,-10.0,180.0,58.176498,N-autumn,0.5,calibration,0.37759658432746207,False
sample_02760.jpg,SRC_052,5.0,180.0,51.705435,N-summer,0.25,train,0.5051978397153325,False
sample_02761.jpg,SRC_082,-10.0,180.0,60.444036,N-spring,0.25,train,0.3818176629799338,False
sample_02762.jpg,SRC_036,5.0,180.0,52.749586,N-summer,0.25,train,0.39756801526268853,False
sample_02763.jpg,SRC_165,10.0,180.0,42.451267,N-winter,0.25,calibration,0.3919749726032888,False
sample_02764.jpg,SRC_040,90.0,0.0,57.651744,N-spring,0.5,validation,0.39896817450639915,False
sample_02765.jpg,SRC_111,-35.0,180.0,79.069883,N-spring,1.0,train,0.4280377659268709,False
sample_02766.jpg,SRC_092,5.0,180.0,57.429528,N-autumn,0.25,validation,0.39052680992783223,False
sample_02767.jpg,SRC_171,-35.0,180.0,63.65778,N-spring,0.25,calibration,0.38442851248028315,False
sample_02768.jpg,SRC_067,-15.0,180.0,64.724247,N-spring,0.5,calibration,0.43143102574708436,False
sample_02769.jpg,SRC_153,-40.0,180.0,43.960452,N-autumn,0.25,train,0.39484181492143305,False
sample_02770.jpg,SRC_078,15.0,180.0,40.437008,N-spring,0.25,train,0.398159307374639,False
sample_02771.jpg,SRC_069,25.0,180.0,48.120522,N-summer,0.5,train,0.4651569221082572,False
sample_02772.jpg,SRC_069,25.0,180.0,48.120522,N-summer,0.5,train,0.4825388987481121,False
sample_02773.jpg,SRC_047,0.0,180.0,48.028677,N-spring,0.5,train,0.445511739788602,False
sample_02774.jpg,SRC_009,-25.0,180.0,73.827745,N-spring,0.5,train,0.39767277907453463,False
sample_02775.jpg,SRC_034,40.0,180.0,46.055099,N-summer,0.25,train,0.485161475441999,False
sample_02776.jpg,SRC_106,25.0,180.0,40.638999,N-spring,0.5,validation,0.4599219987416765,False
sample_02777.jpg,SRC_009,-25.0,180.0,73.827745,N-spring,0.5,train,0.3892406836350983,False
sample_02778.jpg,SRC_013,50.0,180.0,54.051464,N-spring,0.5,train,0.38452819861420184,False
sample_02779.jpg,SRC_004,30.0,180.0,61.107468,N-autumn,0.5,train,0.383416428566648,False
sample_02780.jpg,SRC_148,-15.0,180.0,49.227137,N-autumn,0.25,train,0.4185001496646608,False
sample_02781.jpg,SRC_076,25.0,180.0,63.632584,N-autumn,0.25,validation,0.4111560906854934,False
sample_02782.jpg,SRC_076,25.0,180.0,63.632584,N-autumn,0.25,validation,0.4066054294222929,False
sample_02783.jpg,SRC_140,35.0,180.0,44.85556,N-spring,0.25,validation,0.38604781968791724,False
sample_02784.jpg,SRC_169,40.0,180.0,48.615664,N-summer,0.25,validation,0.5087044826663589,False
sample_02785.jpg,SRC_156,10.0,180.0,48.737382,N-summer,0.25,train,0.3900035353110861,False
sample_02786.jpg,SRC_124,0.0,180.0,51.928413,N-summer,0.25,train,0.48193255513415745,False
sample_02787.jpg,SRC_069,25.0,180.0,48.120522,N-summer,0.5,train,0.4757309199100046,False
sample_02788.jpg,SRC_162,-90.0,0.0,77.7898,N-winter,0.25,train,0.42959683339931576,False
sample_02789.jpg,SRC_004,30.0,180.0,61.107468,N-autumn,0.5,train,0.3833810472713256,False
sample_02790.jpg,SRC_101,5.0,180.0,48.479381,N-winter,0.25,validation,0.5066824798358449,False
sample_02791.jpg,SRC_088,0.0,180.0,53.004483,N-summer,0.25,train,0.3945230690321842,False
sample_02792.jpg,SRC_027,35.0,180.0,41.369436,N-spring,0.5,calibration,0.39669765752437847,False
sample_02793.jpg,SRC_090,50.0,180.0,47.196626,N-summer,0.25,train,0.36898469810671436,False
sample_02794.jpg,SRC_161,5.0,180.0,52.294471,N-summer,0.25,calibration,0.4088429024157899,False
sample_02795.jpg,SRC_126,-20.0,180.0,68.779144,N-summer,0.5,train,0.3872345846864583,False
sample_02796.jpg,SRC_009,-25.0,180.0,73.827745,N-spring,0.5,train,0.5067140401779193,False
sample_02797.jpg,SRC_058,30.0,180.0,69.060883,N-autumn,0.5,train,0.3841491108472531,False
sample_02798.jpg,SRC_131,10.0,180.0,60.540464,N-autumn,0.5,train,0.5166840929939973,False
sample_02799.jpg,SRC_165,10.0,180.0,42.451267,N-winter,0.25,calibration,0.4943697428723242,False
sample_02800.jpg,SRC_052,5.0,180.0,51.705435,N-summer,0.25,train,0.4170157127722967,False
sample_02801.jpg,SRC_066,-10.0,180.0,61.81065,N-summer,0.5,validation,0.384733773414434,False
sample_02802.jpg,SRC_013,50.0,180.0,54.051464,N-spring,0.5,train,0.4971328881629541,False
sample_02803.jpg,SRC_042,10.0,180.0,36.92431,N-spring,0.5,train,0.3804861255154418,False
sample_02804.jpg,SRC_166,90.0,0.0,60.094207,N-spring,0.5,train,0.48777074544652416,False
sample_02805.jpg,SRC_144,-35.0,180.0,76.731052,N-spring,0.5,train,0.4129192473932883,False
sample_02806.jpg,SRC_157,40.0,180.0,44.22455,N-summer,0.25,train,0.3722820521614469,False
sample_02807.jpg,SRC_108,-40.0,180.0,68.856247,N-summer,0.5,validation,0.3938326961651418,False
sample_02808.jpg,SRC_009,-25.0,180.0,73.827745,N-spring,0.5,train,0.3983644586513761,False
sample_02809.jpg,SRC_042,10.0,180.0,36.92431,N-spring,0.5,train,0.43399275265966414,False
sample_02810.jpg,SRC_158,-5.0,180.0,35.954137,N-winter,0.25,train,0.380976521405237,False
sample_02811.jpg,SRC_021,-90.0,0.0,68.040851,N-autumn,0.5,calibration,0.38430140242196487,False
sample_02812.jpg,SRC_169,40.0,180.0,48.615664,N-summer,0.25,validation,0.4901745963081897,False
sample_02813.jpg,SRC_030,-25.0,180.0,67.936804,N-spring,0.5,train,0.3843471194998535,False
sample_02814.jpg,SRC_104,25.0,180.0,45.102036,N-summer,0.5,calibration,0.3787647802473802,False
sample_02815.jpg,SRC_011,-20.0,180.0,70.371153,N-summer,0.25,train,0.5226821341451029,False
sample_02816.jpg,SRC_006,-15.0,180.0,65.638079,N-spring,0.5,train,0.3711325177904615,False
sample_02817.jpg,SRC_114,-10.0,180.0,58.176498,N-autumn,0.5,calibration,0.42296834903858543,False
sample_02818.jpg,SRC_085,0.0,180.0,39.187341,N-spring,0.25,train,0.40075807724560486,False
sample_02819.jpg,SRC_067,-15.0,180.0,64.724247,N-spring,0.5,calibration,0.44344215368357587,False
sample_02820.jpg,SRC_151,-15.0,180.0,63.408071,N-summer,0.5,train,0.3827409365792278,False
sample_02821.jpg,SRC_109,50.0,180.0,54.137665,N-summer,0.25,validation,0.4813663004701426,False
sample_02822.jpg,SRC_121,25.0,180.0,67.446292,N-autumn,0.5,validation,0.3850292218591459,False
sample_02823.jpg,SRC_094,20.0,180.0,66.934532,N-autumn,0.25,train,0.5130982626822336,False
sample_02824.jpg,SRC_134,-30.0,180.0,69.607895,N-spring,0.5,train,0.3903409115532962,False
sample_02825.jpg,SRC_030,-25.0,180.0,67.936804,N-spring,0.5,train,0.3952988868484217,False
sample_02826.jpg,SRC_004,30.0,180.0,61.107468,N-autumn,0.5,train,0.39528348488304976,False
sample_02827.jpg,SRC_107,20.0,180.0,65.68027,N-autumn,0.5,train,0.3987301318798476,False
sample_02828.jpg,SRC_014,-40.0,180.0,38.480327,N-winter,0.25,calibration,0.3888388193980857,False
sample_02829.jpg,SRC_099,15.0,180.0,42.024472,N-spring,0.5,train,0.39017537864478063,False
sample_02830.jpg,SRC_143,90.0,0.0,68.916652,N-spring,0.5,validation,0.4691335168129062,False
sample_02831.jpg,SRC_097,0.0,180.0,35.318175,N-winter,0.25,train,0.43100460302906257,False
sample_02832.jpg,SRC_067,-15.0,180.0,64.724247,N-spring,0.5,calibration,0.39113642469218624,False
sample_02833.jpg,SRC_116,5.0,180.0,41.203028,N-spring,0.25,calibration,0.46074342548633496,False
sample_02834.jpg,SRC_095,-20.0,180.0,56.495654,N-spring,0.5,train,0.4136762711133085,False
sample_02835.jpg,SRC_037,15.0,180.0,44.468297,N-spring,0.25,calibration,0.38574171914909866,False
sample_02836.jpg,SRC_021,-90.0,0.0,68.040851,N-autumn,0.5,calibration,0.3861034050500904,False
sample_02837.jpg,SRC_108,-40.0,180.0,68.856247,N-summer,0.5,validation,0.44806094772835303,False
sample_02838.jpg,SRC_100,20.0,180.0,41.506528,N-spring,0.25,train,0.40486420121892,False
sample_02839.jpg,SRC_006,-15.0,180.0,65.638079,N-spring,0.5,train,0.48761481235218723,False
sample_02840.jpg,SRC_151,-15.0,180.0,63.408071,N-summer,0.5,train,0.384410628602213,False
sample_02841.jpg,SRC_115,25.0,180.0,41.8845,N-spring,0.25,train,0.44725255757737986,False
sample_02842.jpg,SRC_139,40.0,180.0,53.533251,N-winter,0.25,train,0.4038115487142056,False
sample_02843.jpg,SRC_131,10.0,180.0,60.540464,N-autumn,0.5,train,0.39619303149926666,False
sample_02844.jpg,SRC_051,20.0,180.0,63.609319,N-autumn,0.5,train,0.5050466710629447,False
sample_02845.jpg,SRC_111,-35.0,180.0,79.069883,N-spring,1.0,train,0.5107392755504696,False
sample_02846.jpg,SRC_123,0.0,180.0,54.598149,N-autumn,0.5,train,0.4623988465068477,False
sample_02847.jpg,SRC_063,25.0,180.0,41.329237,N-spring,0.25,train,0.38085691784308284,False
sample_02848.jpg,SRC_153,-40.0,180.0,43.960452,N-autumn,0.25,train,0.3928472553489076,False
sample_02849.jpg,SRC_121,25.0,180.0,67.446292,N-autumn,0.5,validation,0.39100218704538464,False
sample_02850.jpg,SRC_157,40.0,180.0,44.22455,N-summer,0.25,train,0.38376156762186087,False
sample_02851.jpg,SRC_086,15.0,180.0,43.648742,N-summer,0.5,train,0.38690845975654586,False
sample_02852.jpg,SRC_036,5.0,180.0,52.749586,N-summer,0.25,train,0.4062514902967787,False
sample_02853.jpg,SRC_115,25.0,180.0,41.8845,N-spring,0.25,train,0.4097073139906765,False
sample_02854.jpg,SRC_088,0.0,180.0,53.004483,N-summer,0.25,train,0.5150148445467446,False
sample_02855.jpg,SRC_121,25.0,180.0,67.446292,N-autumn,0.5,validation,0.3730382596346078,False
sample_02856.jpg,SRC_158,-5.0,180.0,35.954137,N-winter,0.25,train,0.3886738180952816,False
sample_02857.jpg,SRC_159,20.0,180.0,67.076816,N-autumn,0.25,train,0.3904242137769872,False
sample_02858.jpg,SRC_075,-90.0,0.0,65.329336,N-winter,0.25,train,0.4057770102646271,False
sample_02859.jpg,SRC_150,10.0,180.0,50.798821,N-summer,0.5,train,0.4483722719570574,False
sample_02860.jpg,SRC_051,20.0,180.0,63.609319,N-autumn,0.5,train,0.4113579056470765,False
sample_02861.jpg,SRC_097,0.0,180.0,35.318175,N-winter,0.25,train,0.40046959419191674,False
sample_02862.jpg,SRC_074,0.0,180.0,50.25459,N-spring,0.5,train,0.4052348388618216,False
sample_02863.jpg,SRC_020,35.0,180.0,42.075965,N-summer,0.25,train,0.40902805597025155,False
sample_02864.jpg,SRC_082,-10.0,180.0,60.444036,N-spring,0.25,train,0.3823830582066049,False
sample_02865.jpg,SRC_059,15.0,180.0,48.046698,N-summer,0.25,train,0.40740620352888773,False
sample_02866.jpg,SRC_120,90.0,0.0,69.983669,N-summer,0.25,train,0.4295834708009176,False
sample_02867.jpg,SRC_158,-5.0,180.0,35.954137,N-winter,0.25,train,0.3994255184769441,False
sample_02868.jpg,SRC_037,15.0,180.0,44.468297,N-spring,0.25,calibration,0.3886196783464414,False
sample_02869.jpg,SRC_076,25.0,180.0,63.632584,N-autumn,0.25,validation,0.38328995847269703,False
sample_02870.jpg,SRC_071,20.0,180.0,40.070501,N-spring,0.25,train,0.49832543807004387,False
sample_02871.jpg,SRC_158,-5.0,180.0,35.954137,N-winter,0.25,train,0.4019361814311678,False
sample_02872.jpg,SRC_011,-20.0,180.0,70.371153,N-summer,0.25,train,0.41238706349074733,False
sample_02873.jpg,SRC_015,20.0,180.0,46.484204,N-summer,0.25,train,0.47204243671486124,False
sample_02874.jpg,SRC_169,40.0,180.0,48.615664,N-summer,0.25,validation,0.3789838401586615,False
sample_02875.jpg,SRC_037,15.0,180.0,44.468297,N-spring,0.25,calibration,0.381655135463936,False
sample_02876.jpg,SRC_016,10.0,180.0,55.552023,N-winter,0.5,train,0.392880264751362,False
sample_02877.jpg,SRC_153,-40.0,180.0,43.960452,N-autumn,0.25,train,0.3994203137356198,False
sample_02878.jpg,SRC_095,-20.0,180.0,56.495654,N-spring,0.5,train,0.49146773415760947,False
sample_02879.jpg,SRC_159,20.0,180.0,67.076816,N-autumn,0.25,train,0.5038556733250105,False
sample_02880.jpg,SRC_103,-35.0,180.0,57.090396,N-autumn,0.25,train,0.40910041862554875,False
sample_02881.jpg,SRC_092,5.0,180.0,57.429528,N-autumn,0.25,validation,0.39166491279662746,False
sample_02882.jpg,SRC_091,-40.0,180.0,72.511342,N-summer,0.5,train,0.3769814185768485,False
sample_02883.jpg,SRC_099,15.0,180.0,42.024472,N-spring,0.5,train,0.37582347955709633,False
sample_02884.jpg,SRC_048,-25.0,180.0,61.920556,N-autumn,0.25,train,0.40056428971802277,False
sample_02885.jpg,SRC_027,35.0,180.0,41.369436,N-spring,0.5,calibration,0.4851624711896168,False
sample_02886.jpg,SRC_027,35.0,180.0,41.369436,N-spring,0.5,calibration,0.3919556401448705,False
sample_02887.jpg,SRC_112,-30.0,180.0,67.516648,N-spring,0.5,train,0.4031509180531182,False
sample_02888.jpg,SRC_037,15.0,180.0,44.468297,N-spring,0.25,calibration,0.38500040267243063,False
sample_02889.jpg,SRC_012,-90.0,0.0,85.677016,N-autumn,0.5,train,0.38439960865612477,False
sample_02890.jpg,SRC_139,40.0,180.0,53.533251,N-winter,0.25,train,0.3832790579587545,False
sample_02891.jpg,SRC_099,15.0,180.0,42.024472,N-spring,0.5,train,0.47076851634972394,False
sample_02892.jpg,SRC_131,10.0,180.0,60.540464,N-autumn,0.5,train,0.4322995550178881,False
sample_02893.jpg,SRC_030,-25.0,180.0,67.936804,N-spring,0.5,train,0.3914522334233403,False
sample_02894.jpg,SRC_121,25.0,180.0,67.446292,N-autumn,0.5,validation,0.38650885624417686,False
sample_02895.jpg,SRC_158,-5.0,180.0,35.954137,N-winter,0.25,train,0.4214728767061753,False
sample_02896.jpg,SRC_004,30.0,180.0,61.107468,N-autumn,0.5,train,0.3819741800613237,False
sample_02897.jpg,SRC_115,25.0,180.0,41.8845,N-spring,0.25,train,0.3856836059228423,False
sample_02898.jpg,SRC_040,90.0,0.0,57.651744,N-spring,0.5,validation,0.4063642974752809,False
sample_02899.jpg,SRC_014,-40.0,180.0,38.480327,N-winter,0.25,calibration,0.38934210225534843,False
sample_02900.jpg,SRC_047,0.0,180.0,48.028677,N-spring,0.5,train,0.4638777758007384,False
sample_02901.jpg,SRC_146,10.0,180.0,58.0428,N-summer,0.5,validation,0.41103515472528934,False
sample_02902.jpg,SRC_091,-40.0,180.0,72.511342,N-summer,0.5,train,0.4050927091600518,False
sample_02903.jpg,SRC_037,15.0,180.0,44.468297,N-spring,0.25,calibration,0.40217644764530813,False
sample_02904.jpg,SRC_142,-30.0,180.0,34.276784,N-winter,0.25,train,0.4645555978688586,False
sample_02905.jpg,SRC_115,25.0,180.0,41.8845,N-spring,0.25,train,0.43411403355837097,False
sample_02906.jpg,SRC_081,-90.0,0.0,74.772433,N-autumn,0.25,train,0.5090094912844491,False
sample_02907.jpg,SRC_115,25.0,180.0,41.8845,N-spring,0.25,train,0.4098645689919692,False
sample_02908.jpg,SRC_121,25.0,180.0,67.446292,N-autumn,0.5,validation,0.39406061121144165,False
sample_02909.jpg,SRC_063,25.0,180.0,41.329237,N-spring,0.25,train,0.3749857849665352,False
sample_02910.jpg,SRC_086,15.0,180.0,43.648742,N-summer,0.5,train,0.3708455084382142,False
sample_02911.jpg,SRC_169,40.0,180.0,48.615664,N-summer,0.25,validation,0.4983370339097619,False
sample_02912.jpg,SRC_092,5.0,180.0,57.429528,N-autumn,0.25,validation,0.40080783775292445,False
sample_02913.jpg,SRC_126,-20.0,180.0,68.779144,N-summer,0.5,train,0.47927722002601414,False
sample_02914.jpg,SRC_112,-30.0,180.0,67.516648,N-spring,0.5,train,0.4221738182927707,False
sample_02915.jpg,SRC_095,-20.0,180.0,56.495654,N-spring,0.5,train,0.42778987186963524,False
sample_02916.jpg,SRC_142,-30.0,180.0,34.276784,N-winter,0.25,train,0.4295018942990187,False
sample_02917.jpg,SRC_015,20.0,180.0,46.484204,N-summer,0.25,train,0.38550184090315914,False
sample_02918.jpg,SRC_037,15.0,180.0,44.468297,N-spring,0.25,calibration,0.3768107643854063,False
sample_02919.jpg,SRC_084,-10.0,180.0,58.957849,N-summer,0.25,train,0.4138512256452004,False
sample_02920.jpg,SRC_108,-40.0,180.0,68.856247,N-summer,0.5,validation,0.37992987705189113,False
sample_02921.jpg,SRC_139,40.0,180.0,53.533251,N-winter,0.25,train,0.39968849169150283,False
sample_02922.jpg,SRC_109,50.0,180.0,54.137665,N-summer,0.25,validation,0.4921523045910427,False
sample_02923.jpg,SRC_145,-5.0,180.0,52.15166,N-spring,0.25,train,0.4593844926898692,False
sample_02924.jpg,SRC_103,-35.0,180.0,57.090396,N-autumn,0.25,train,0.4042341400222492,False
sample_02925.jpg,SRC_088,0.0,180.0,53.004483,N-summer,0.25,train,0.41183643462508834,False
sample_02926.jpg,SRC_074,0.0,180.0,50.25459,N-spring,0.5,train,0.38648487468992315,False
sample_02927.jpg,SRC_030,-25.0,180.0,67.936804,N-spring,0.5,train,0.3915086188533544,False
sample_02928.jpg,SRC_102,-10.0,180.0,52.255853,N-spring,0.25,train,0.42388622834584133,False
sample_02929.jpg,SRC_030,-25.0,180.0,67.936804,N-spring,0.5,train,0.39047506168822543,False
sample_02930.jpg,SRC_091,-40.0,180.0,72.511342,N-summer,0.5,train,0.3824698015720605,False
sample_02931.jpg,SRC_021,-90.0,0.0,68.040851,N-autumn,0.5,calibration,0.3940148434099265,False
sample_02932.jpg,SRC_095,-20.0,180.0,56.495654,N-spring,0.5,train,0.41550150755664655,False
sample_02933.jpg,SRC_013,50.0,180.0,54.051464,N-spring,0.5,train,0.3862326274338783,False
sample_02934.jpg,SRC_046,0.0,180.0,58.061031,N-autumn,0.25,validation,0.4097085829133779,False
sample_02935.jpg,SRC_111,-35.0,180.0,79.069883,N-spring,1.0,train,0.4087464952732375,False
sample_02936.jpg,SRC_126,-20.0,180.0,68.779144,N-summer,0.5,train,0.4007353717273399,False
sample_02937.jpg,SRC_009,-25.0,180.0,73.827745,N-spring,0.5,train,0.4093014390652397,False
sample_02938.jpg,SRC_055,-5.0,180.0,57.335076,N-spring,0.25,train,0.4312450550601478,False
sample_02939.jpg,SRC_108,-40.0,180.0,68.856247,N-summer,0.5,validation,0.41403152439630686,False
sample_02940.jpg,SRC_046,0.0,180.0,58.061031,N-autumn,0.25,validation,0.3916384010877481,False
sample_02941.jpg,SRC_043,10.0,180.0,50.433279,N-summer,0.5,calibration,0.5256535017216506,False
sample_02942.jpg,SRC_070,60.0,180.0,58.788969,N-summer,0.5,validation,0.43032575688413593,False
sample_02943.jpg,SRC_063,25.0,180.0,41.329237,N-spring,0.25,train,0.5244736434990758,False
sample_02944.jpg,SRC_124,0.0,180.0,51.928413,N-summer,0.25,train,0.49496856347146057,False
sample_02945.jpg,SRC_153,-40.0,180.0,43.960452,N-autumn,0.25,train,0.434261587754737,False
sample_02946.jpg,SRC_161,5.0,180.0,52.294471,N-summer,0.25,calibration,0.48356227505775157,False
sample_02947.jpg,SRC_003,0.0,180.0,38.090051,N-spring,0.25,train,0.4177530916955684,False
sample_02948.jpg,SRC_013,50.0,180.0,54.051464,N-spring,0.5,train,0.3808368685943661,False
sample_02949.jpg,SRC_140,35.0,180.0,44.85556,N-spring,0.25,validation,0.3751062251525515,False
sample_02950.jpg,SRC_145,-5.0,180.0,52.15166,N-spring,0.25,train,0.40117868780718097,False
sample_02951.jpg,SRC_165,10.0,180.0,42.451267,N-winter,0.25,calibration,0.48798107762940834,False
sample_02952.jpg,SRC_047,0.0,180.0,48.028677,N-spring,0.5,train,0.52041003286227,False
sample_02953.jpg,SRC_059,15.0,180.0,48.046698,N-summer,0.25,train,0.41632504409575966,False
sample_02954.jpg,SRC_171,-35.0,180.0,63.65778,N-spring,0.25,calibration,0.4203156844014315,False
sample_02955.jpg,SRC_030,-25.0,180.0,67.936804,N-spring,0.5,train,0.3879332007333305,False
sample_02956.jpg,SRC_106,25.0,180.0,40.638999,N-spring,0.5,validation,0.446045136022046,False
sample_02957.jpg,SRC_165,10.0,180.0,42.451267,N-winter,0.25,calibration,0.4297929506339262,False
sample_02958.jpg,SRC_130,25.0,180.0,37.507656,N-spring,0.25,validation,0.5057125916444984,False
sample_02959.jpg,SRC_108,-40.0,180.0,68.856247,N-summer,0.5,validation,0.39303125129830907,False
sample_02960.jpg,SRC_112,-30.0,180.0,67.516648,N-spring,0.5,train,0.41178514207685424,False
sample_02961.jpg,SRC_026,90.0,0.0,57.238404,N-spring,0.25,train,0.44908654175831264,False
sample_02962.jpg,SRC_107,20.0,180.0,65.68027,N-autumn,0.5,train,0.49966780667420957,False
sample_02963.jpg,SRC_051,20.0,180.0,63.609319,N-autumn,0.5,train,0.49963505285662313,False
sample_02964.jpg,SRC_119,90.0,0.0,58.642683,N-spring,0.25,calibration,0.5120757300507226,False
sample_02965.jpg,SRC_047,0.0,180.0,48.028677,N-spring,0.5,train,0.42950027606080265,False
sample_02966.jpg,SRC_062,45.0,180.0,81.508965,N-autumn,0.5,train,0.40031703271869096,False
sample_02967.jpg,SRC_027,35.0,180.0,41.369436,N-spring,0.5,calibration,0.3818619914113714,False
sample_02968.jpg,SRC_058,30.0,180.0,69.060883,N-autumn,0.5,train,0.5474669118150362,False
sample_02969.jpg,SRC_027,35.0,180.0,41.369436,N-spring,0.5,calibration,0.38412419915830165,False
sample_02970.jpg,SRC_026,90.0,0.0,57.238404,N-spring,0.25,train,0.513443505341939,False
sample_02971.jpg,SRC_171,-35.0,180.0,63.65778,N-spring,0.25,calibration,0.3827003643744839,False
sample_02972.jpg,SRC_040,90.0,0.0,57.651744,N-spring,0.5,validation,0.38542273166692237,False
sample_02973.jpg,SRC_078,15.0,180.0,40.437008,N-spring,0.25,train,0.41100663757032596,False
sample_02974.jpg,SRC_043,10.0,180.0,50.433279,N-summer,0.5,calibration,0.47873566372762355,False
sample_02975.jpg,SRC_016,10.0,180.0,55.552023,N-winter,0.5,train,0.41179205760528237,False
sample_02976.jpg,SRC_114,-10.0,180.0,58.176498,N-autumn,0.5,calibration,0.3921952634139131,False
sample_02977.jpg,SRC_038,-15.0,180.0,32.097448,N-winter,0.25,validation,0.4218861092566747,False
sample_02978.jpg,SRC_139,40.0,180.0,53.533251,N-winter,0.25,train,0.48991332039645374,False
sample_02979.jpg,SRC_146,10.0,180.0,58.0428,N-summer,0.5,validation,0.453474313616948,False
sample_02980.jpg,SRC_164,20.0,180.0,59.226879,N-autumn,0.25,train,0.394289870244351,False
sample_02981.jpg,SRC_140,35.0,180.0,44.85556,N-spring,0.25,validation,0.37419290474437394,False
sample_02982.jpg,SRC_004,30.0,180.0,61.107468,N-autumn,0.5,train,0.3869544881959389,False
sample_02983.jpg,SRC_104,25.0,180.0,45.102036,N-summer,0.5,calibration,0.5083787569394026,False
sample_02984.jpg,SRC_091,-40.0,180.0,72.511342,N-summer,0.5,train,0.42920891694503327,False
sample_02985.jpg,SRC_103,-35.0,180.0,57.090396,N-autumn,0.25,train,0.42056085928172393,False
sample_02986.jpg,SRC_069,25.0,180.0,48.120522,N-summer,0.5,train,0.4030319437287891,False
sample_02987.jpg,SRC_022,20.0,180.0,41.513642,N-spring,0.25,train,0.3900153971236403,False
sample_02988.jpg,SRC_030,-25.0,180.0,67.936804,N-spring,0.5,train,0.38156339834225644,False
sample_02989.jpg,SRC_150,10.0,180.0,50.798821,N-summer,0.5,train,0.38827853961850495,False
sample_02990.jpg,SRC_123,0.0,180.0,54.598149,N-autumn,0.5,train,0.3632896447722576,False
sample_02991.jpg,SRC_043,10.0,180.0,50.433279,N-summer,0.5,calibration,0.38554804126159015,False
sample_02992.jpg,SRC_158,-5.0,180.0,35.954137,N-winter,0.25,train,0.3841954127688421,False
sample_02993.jpg,SRC_075,-90.0,0.0,65.329336,N-winter,0.25,train,0.48190876692946666,False
sample_02994.jpg,SRC_108,-40.0,180.0,68.856247,N-summer,0.5,validation,0.3734334715484068,False
sample_02995.jpg,SRC_056,-40.0,180.0,74.660587,N-summer,0.5,train,0.3973532663769418,False
sample_02996.jpg,SRC_037,15.0,180.0,44.468297,N-spring,0.25,calibration,0.3931421459342042,False
sample_02997.jpg,SRC_019,90.0,0.0,60.00919,N-summer,0.25,train,0.4184949256658713,False
sample_02998.jpg,SRC_058,30.0,180.0,69.060883,N-autumn,0.5,train,0.4114613972163528,False
sample_02999.jpg,SRC_011,-20.0,180.0,70.371153,N-summer,0.25,train,0.48725286042550786,False
sample_03000.jpg,SRC_092,5.0,180.0,57.429528,N-autumn,0.25,validation,0.3735668358291239,False
sample_03001.jpg,SRC_085,0.0,180.0,39.187341,N-spring,0.25,train,0.4148782119183082,False
sample_03002.jpg,SRC_063,25.0,180.0,41.329237,N-spring,0.25,train,0.504290648361583,False
sample_03003.jpg,SRC_108,-40.0,180.0,68.856247,N-summer,0.5,validation,0.39984920837187066,False
sample_03004.jpg,SRC_142,-30.0,180.0,34.276784,N-winter,0.25,train,0.4295310549231351,False
sample_03005.jpg,SRC_109,50.0,180.0,54.137665,N-summer,0.25,validation,0.3879760164286697,False
sample_03006.jpg,SRC_043,10.0,180.0,50.433279,N-summer,0.5,calibration,0.379018257554148,False
sample_03007.jpg,SRC_159,20.0,180.0,67.076816,N-autumn,0.25,train,0.37933124441792365,False
sample_03008.jpg,SRC_049,5.0,180.0,42.94902,N-spring,0.25,train,0.4449070975868873,False
sample_03009.jpg,SRC_136,-35.0,180.0,76.922409,N-spring,0.5,train,0.3766744558772021,False
sample_03010.jpg,SRC_104,25.0,180.0,45.102036,N-summer,0.5,calibration,0.4457526032137065,False
sample_03011.jpg,SRC_168,90.0,0.0,64.709631,N-summer,0.25,train,0.47090791103687835,False
sample_03012.jpg,SRC_148,-15.0,180.0,49.227137,N-autumn,0.25,train,0.5025529035859362,False
sample_03013.jpg,SRC_131,10.0,180.0,60.540464,N-autumn,0.5,train,0.4632938851096168,False
sample_03014.jpg,SRC_098,-45.0,180.0,70.730178,N-summer,0.25,calibration,0.41325679907439,False
sample_03015.jpg,SRC_095,-20.0,180.0,56.495654,N-spring,0.5,train,0.39159807429696086,False
sample_03016.jpg,SRC_118,35.0,180.0,49.493581,N-summer,0.25,validation,0.3661959318284976,False
sample_03017.jpg,SRC_091,-40.0,180.0,72.511342,N-summer,0.5,train,0.3924255330037072,False
sample_03018.jpg,SRC_121,25.0,180.0,67.446292,N-autumn,0.5,validation,0.39051091953582084,False
sample_03019.jpg,SRC_114,-10.0,180.0,58.176498,N-autumn,0.5,calibration,0.37555086139097815,False
sample_03020.jpg,SRC_132,5.0,180.0,51.83727,N-summer,0.25,train,0.5056317846135107,False
sample_03021.jpg,SRC_063,25.0,180.0,41.329237,N-spring,0.25,train,0.41823931569500694,False
sample_03022.jpg,SRC_056,-40.0,180.0,74.660587,N-summer,0.5,train,0.37364364826813323,False
sample_03023.jpg,SRC_107,20.0,180.0,65.68027,N-autumn,0.5,train,0.5242977751755953,False
sample_03024.jpg,SRC_091,-40.0,180.0,72.511342,N-summer,0.5,train,0.403822392794318,False
sample_03025.jpg,SRC_030,-25.0,180.0,67.936804,N-spring,0.5,train,0.3862400362040419,False
sample_03026.jpg,SRC_158,-5.0,180.0,35.954137,N-winter,0.25,train,0.3902631095311494,False
sample_03027.jpg,SRC_099,15.0,180.0,42.024472,N-spring,0.5,train,0.3975513054478811,False
sample_03028.jpg,SRC_009,-25.0,180.0,73.827745,N-spring,0.5,train,0.4029313234038695,False
sample_03029.jpg,SRC_124,0.0,180.0,51.928413,N-summer,0.25,train,0.399034450414097,False
sample_03030.jpg,SRC_091,-40.0,180.0,72.511342,N-summer,0.5,train,0.486844955208532,False
sample_03031.jpg,SRC_121,25.0,180.0,67.446292,N-autumn,0.5,validation,0.3953830171655728,False
sample_03032.jpg,SRC_092,5.0,180.0,57.429528,N-autumn,0.25,validation,0.38398301305702837,False
sample_03033.jpg,SRC_144,-35.0,180.0,76.731052,N-spring,0.5,train,0.42952797670472637,False
sample_03034.jpg,SRC_041,15.0,180.0,46.712049,N-summer,0.25,calibration,0.3655429070012297,False
sample_03035.jpg,SRC_111,-35.0,180.0,79.069883,N-spring,1.0,train,0.46147703895241177,False
sample_03036.jpg,SRC_023,-10.0,180.0,50.837437,N-spring,0.25,train,0.4149453601664407,False
sample_03037.jpg,SRC_009,-25.0,180.0,73.827745,N-spring,0.5,train,0.3871158698911363,False
sample_03038.jpg,SRC_118,35.0,180.0,49.493581,N-summer,0.25,validation,0.5159901689964556,False
sample_03039.jpg,SRC_126,-20.0,180.0,68.779144,N-summer,0.5,train,0.37757843877823205,False
sample_03040.jpg,SRC_089,10.0,180.0,48.442522,N-winter,0.25,validation,0.4138408931268964,False
sample_03041.jpg,SRC_086,15.0,180.0,43.648742,N-summer,0.5,train,0.38447630077264944,False
sample_03042.jpg,SRC_158,-5.0,180.0,35.954137,N-winter,0.25,train,0.5070182326392458,False
sample_03043.jpg,SRC_103,-35.0,180.0,57.090396,N-autumn,0.25,train,0.4001151714981768,False
sample_03044.jpg,SRC_130,25.0,180.0,37.507656,N-spring,0.25,validation,0.48197705502319266,False
sample_03045.jpg,SRC_067,-15.0,180.0,64.724247,N-spring,0.5,calibration,0.4004165390866749,False
sample_03046.jpg,SRC_009,-25.0,180.0,73.827745,N-spring,0.5,train,0.39285913587522997,False
sample_03047.jpg,SRC_059,15.0,180.0,48.046698,N-summer,0.25,train,0.3942351024125472,False
sample_03048.jpg,SRC_126,-20.0,180.0,68.779144,N-summer,0.5,train,0.5134292598195357,False
sample_03049.jpg,SRC_022,20.0,180.0,41.513642,N-spring,0.25,train,0.409947969246738,False
sample_03050.jpg,SRC_066,-10.0,180.0,61.81065,N-summer,0.5,validation,0.3826705062383803,False
sample_03051.jpg,SRC_005,0.0,180.0,55.846781,N-summer,0.5,calibration,0.4534662704524166,False
sample_03052.jpg,SRC_158,-5.0,180.0,35.954137,N-winter,0.25,train,0.40599180659433143,False
sample_03053.jpg,SRC_009,-25.0,180.0,73.827745,N-spring,0.5,train,0.4050833928717962,False
sample_03054.jpg,SRC_131,10.0,180.0,60.540464,N-autumn,0.5,train,0.39139321043497677,False
sample_03055.jpg,SRC_093,-25.0,180.0,43.343655,N-autumn,0.5,calibration,0.3950494929649174,False
sample_03056.jpg,SRC_087,0.0,180.0,54.65824,N-summer,0.25,train,0.40740660487580793,False
sample_03057.jpg,SRC_154,0.0,180.0,54.770875,N-summer,0.5,train,0.4585508536168966,False
sample_03058.jpg,SRC_047,0.0,180.0,48.028677,N-spring,0.5,train,0.5243531064180965,False
sample_03059.jpg,SRC_081,-90.0,0.0,74.772433,N-autumn,0.25,train,0.5137155794783903,False
sample_03060.jpg,SRC_168,90.0,0.0,64.709631,N-summer,0.25,train,0.43603490871767675,False
sample_03061.jpg,SRC_141,-10.0,180.0,55.206291,N-spring,0.25,train,0.38703641943581785,False
sample_03062.jpg,SRC_111,-35.0,180.0,79.069883,N-spring,1.0,train,0.48215320674028206,False
sample_03063.jpg,SRC_144,-35.0,180.0,76.731052,N-spring,0.5,train,0.39655875835841925,False
sample_03064.jpg,SRC_009,-25.0,180.0,73.827745,N-spring,0.5,train,0.38905396007634474,False
sample_03065.jpg,SRC_146,10.0,180.0,58.0428,N-summer,0.5,validation,0.4851715570864821,False
sample_03066.jpg,SRC_100,20.0,180.0,41.506528,N-spring,0.25,train,0.3900204329637097,False
sample_03067.jpg,SRC_133,-10.0,180.0,48.887369,N-spring,0.5,calibration,0.43879838289431844,False
sample_03068.jpg,SRC_092,5.0,180.0,57.429528,N-autumn,0.25,validation,0.39664647167146677,False
sample_03069.jpg,SRC_021,-90.0,0.0,68.040851,N-autumn,0.5,calibration,0.390895792182258,False
sample_03070.jpg,SRC_115,25.0,180.0,41.8845,N-spring,0.25,train,0.43451306055202804,False
sample_03071.jpg,SRC_123,0.0,180.0,54.598149,N-autumn,0.5,train,0.41292004062166665,False
sample_03072.jpg,SRC_157,40.0,180.0,44.22455,N-summer,0.25,train,0.37448635998918356,False
sample_03073.jpg,SRC_012,-90.0,0.0,85.677016,N-autumn,0.5,train,0.3805270286706514,False
sample_03074.jpg,SRC_040,90.0,0.0,57.651744,N-spring,0.5,validation,0.4118433111846868,False
sample_03075.jpg,SRC_103,-35.0,180.0,57.090396,N-autumn,0.25,train,0.39069384321250833,False
sample_03076.jpg,SRC_110,90.0,0.0,59.038071,N-summer,0.25,train,0.4802551626866731,False
sample_03077.jpg,SRC_085,0.0,180.0,39.187341,N-spring,0.25,train,0.39539164544858496,False
sample_03078.jpg,SRC_027,35.0,180.0,41.369436,N-spring,0.5,calibration,0.42885997440197376,False
sample_03079.jpg,SRC_071,20.0,180.0,40.070501,N-spring,0.25,train,0.4935742843638085,False
sample_03080.jpg,SRC_094,20.0,180.0,66.934532,N-autumn,0.25,train,0.4761409058517643,False
sample_03081.jpg,SRC_005,0.0,180.0,55.846781,N-summer,0.5,calibration,0.3893215712867654,False
sample_03082.jpg,SRC_096,25.0,180.0,40.422288,N-spring,0.25,calibration,0.38460862352956915,False
sample_03083.jpg,SRC_016,10.0,180.0,55.552023,N-winter,0.5,train,0.39202813084618704,False
sample_03084.jpg,SRC_030,-25.0,180.0,67.936804,N-spring,0.5,train,0.37851941060418665,False
sample_03085.jpg,SRC_134,-30.0,180.0,69.607895,N-spring,0.5,train,0.3779723094497648,False
sample_03086.jpg,SRC_148,-15.0,180.0,49.227137,N-autumn,0.25,train,0.4195162356528911,False
sample_03087.jpg,SRC_067,-15.0,180.0,64.724247,N-spring,0.5,calibration,0.4220556758532751,False
sample_03088.jpg,SRC_041,15.0,180.0,46.712049,N-summer,0.25,calibration,0.3815050195421733,False
sample_03089.jpg,SRC_103,-35.0,180.0,57.090396,N-autumn,0.25,train,0.38428449281899524,False
sample_03090.jpg,SRC_094,20.0,180.0,66.934532,N-autumn,0.25,train,0.5213165334623168,False
sample_03091.jpg,SRC_055,-5.0,180.0,57.335076,N-spring,0.25,train,0.46542305942410317,False
sample_03092.jpg,SRC_065,30.0,180.0,68.700871,N-winter,0.5,validation,0.3906533248237595,False
sample_03093.jpg,SRC_159,20.0,180.0,67.076816,N-autumn,0.25,train,0.37546941481192836,False
sample_03094.jpg,SRC_101,5.0,180.0,48.479381,N-winter,0.25,validation,0.5021291585961988,False
sample_03095.jpg,SRC_026,90.0,0.0,57.238404,N-spring,0.25,train,0.4525431962841435,False
sample_03096.jpg,SRC_006,-15.0,180.0,65.638079,N-spring,0.5,train,0.3908528169322177,False
sample_03097.jpg,SRC_061,50.0,180.0,43.110277,N-spring,0.5,train,0.44790914097327256,False
sample_03098.jpg,SRC_013,50.0,180.0,54.051464,N-spring,0.5,train,0.39158684469886873,False
sample_03099.jpg,SRC_042,10.0,180.0,36.92431,N-spring,0.5,train,0.3702552735062725,False
sample_03100.jpg,SRC_051,20.0,180.0,63.609319,N-autumn,0.5,train,0.3987543258115545,False
sample_03101.jpg,SRC_011,-20.0,180.0,70.371153,N-summer,0.25,train,0.39190778614509325,False
sample_03102.jpg,SRC_009,-25.0,180.0,73.827745,N-spring,0.5,train,0.4110949740709005,False
sample_03103.jpg,SRC_042,10.0,180.0,36.92431,N-spring,0.5,train,0.41676617276902606,False
sample_03104.jpg,SRC_061,50.0,180.0,43.110277,N-spring,0.5,train,0.46748649344647186,False
sample_03105.jpg,SRC_123,0.0,180.0,54.598149,N-autumn,0.5,train,0.4184371933073335,False
sample_03106.jpg,SRC_135,5.0,180.0,41.328761,N-winter,0.5,train,0.5244790903538166,False
sample_03107.jpg,SRC_168,90.0,0.0,64.709631,N-summer,0.25,train,0.40945995256230716,False
sample_03108.jpg,SRC_088,0.0,180.0,53.004483,N-summer,0.25,train,0.42514987945682164,False
sample_03109.jpg,SRC_063,25.0,180.0,41.329237,N-spring,0.25,train,0.45581148478169176,False
sample_03110.jpg,SRC_014,-40.0,180.0,38.480327,N-winter,0.25,calibration,0.38959683314203464,False
sample_03111.jpg,SRC_004,30.0,180.0,61.107468,N-autumn,0.5,train,0.4787159484144464,False
sample_03112.jpg,SRC_108,-40.0,180.0,68.856247,N-summer,0.5,validation,0.5218043344460395,False
sample_03113.jpg,SRC_047,0.0,180.0,48.028677,N-spring,0.5,train,0.45703468524067664,False
sample_03114.jpg,SRC_063,25.0,180.0,41.329237,N-spring,0.25,train,0.3746108881752846,False
sample_03115.jpg,SRC_052,5.0,180.0,51.705435,N-summer,0.25,train,0.40023126462827124,False
sample_03116.jpg,SRC_023,-10.0,180.0,50.837437,N-spring,0.25,train,0.477081597695297,False
sample_03117.jpg,SRC_076,25.0,180.0,63.632584,N-autumn,0.25,validation,0.39468348943111414,False
sample_03118.jpg,SRC_155,-5.0,180.0,59.117539,N-summer,0.25,validation,0.5014477416422383,False
sample_03119.jpg,SRC_091,-40.0,180.0,72.511342,N-summer,0.5,train,0.39982949583738137,False
sample_03120.jpg,SRC_051,20.0,180.0,63.609319,N-autumn,0.5,train,0.42592311601446686,False
sample_03121.jpg,SRC_116,5.0,180.0,41.203028,N-spring,0.25,calibration,0.4370426937454906,False
sample_03122.jpg,SRC_115,25.0,180.0,41.8845,N-spring,0.25,train,0.41682990838258077,False
sample_03123.jpg,SRC_108,-40.0,180.0,68.856247,N-summer,0.5,validation,0.40519959932799987,False
sample_03124.jpg,SRC_108,-40.0,180.0,68.856247,N-summer,0.5,validation,0.38492252990062437,False
sample_03125.jpg,SRC_112,-30.0,180.0,67.516648,N-spring,0.5,train,0.49155464600606225,False
sample_03126.jpg,SRC_065,30.0,180.0,68.700871,N-winter,0.5,validation,0.45783959122771556,False
sample_03127.jpg,SRC_066,-10.0,180.0,61.81065,N-summer,0.5,validation,0.5076822153548551,False
sample_03128.jpg,SRC_103,-35.0,180.0,57.090396,N-autumn,0.25,train,0.3947450932742192,False
sample_03129.jpg,SRC_093,-25.0,180.0,43.343655,N-autumn,0.5,calibration,0.38400324856412,False
sample_03130.jpg,SRC_029,-5.0,180.0,45.485648,N-autumn,0.25,train,0.3835224256875782,False
sample_03131.jpg,SRC_133,-10.0,180.0,48.887369,N-spring,0.5,calibration,0.47276159777739685,False
sample_03132.jpg,SRC_144,-35.0,180.0,76.731052,N-spring,0.5,train,0.4042230524910149,False
sample_03133.jpg,SRC_151,-15.0,180.0,63.408071,N-summer,0.5,train,0.4424033056754461,False
sample_03134.jpg,SRC_063,25.0,180.0,41.329237,N-spring,0.25,train,0.36816334437534726,False
sample_03135.jpg,SRC_027,35.0,180.0,41.369436,N-spring,0.5,calibration,0.4635332170205088,False
sample_03136.jpg,SRC_028,10.0,180.0,42.894848,N-spring,0.25,calibration,0.5119373956974521,False
sample_03137.jpg,SRC_168,90.0,0.0,64.709631,N-summer,0.25,train,0.5174058229695824,False
sample_03138.jpg,SRC_168,90.0,0.0,64.709631,N-summer,0.25,train,0.45711489274258205,False
sample_03139.jpg,SRC_111,-35.0,180.0,79.069883,N-spring,1.0,train,0.4359539296082063,False
sample_03140.jpg,SRC_108,-40.0,180.0,68.856247,N-summer,0.5,validation,0.3835056878811631,False
sample_03141.jpg,SRC_096,25.0,180.0,40.422288,N-spring,0.25,calibration,0.39852825772571104,False
sample_03142.jpg,SRC_037,15.0,180.0,44.468297,N-spring,0.25,calibration,0.3939711553627806,False
sample_03143.jpg,SRC_063,25.0,180.0,41.329237,N-spring,0.25,train,0.3973620402040819,False
sample_03144.jpg,SRC_103,-35.0,180.0,57.090396,N-autumn,0.25,train,0.38968456787884675,False
sample_03145.jpg,SRC_057,-5.0,180.0,57.599617,N-summer,0.25,train,0.37377764431486404,False
sample_03146.jpg,SRC_035,0.0,180.0,56.990187,N-autumn,0.25,train,0.49530399767526745,False
sample_03147.jpg,SRC_058,30.0,180.0,69.060883,N-autumn,0.5,train,0.5197782295539777,False
sample_03148.jpg,SRC_009,-25.0,180.0,73.827745,N-spring,0.5,train,0.3868668167693495,False
sample_03149.jpg,SRC_056,-40.0,180.0,74.660587,N-summer,0.5,train,0.37351329924590154,False
sample_03150.jpg,SRC_102,-10.0,180.0,52.255853,N-spring,0.25,train,0.4147971876701343,False
sample_03151.jpg,SRC_149,90.0,0.0,55.701783,N-summer,0.25,train,0.39090573991164695,False
sample_03152.jpg,SRC_021,-90.0,0.0,68.040851,N-autumn,0.5,calibration,0.4034922900457613,False
sample_03153.jpg,SRC_148,-15.0,180.0,49.227137,N-autumn,0.25,train,0.4282209271071612,False
sample_03154.jpg,SRC_063,25.0,180.0,41.329237,N-spring,0.25,train,0.39776407232421784,False
sample_03155.jpg,SRC_034,40.0,180.0,46.055099,N-summer,0.25,train,0.3743976526265682,False
sample_03156.jpg,SRC_020,35.0,180.0,42.075965,N-summer,0.25,train,0.4048883642570186,False
sample_03157.jpg,SRC_013,50.0,180.0,54.051464,N-spring,0.5,train,0.49404690722640215,False
sample_03158.jpg,SRC_168,90.0,0.0,64.709631,N-summer,0.25,train,0.43872543824744914,False
sample_03159.jpg,SRC_108,-40.0,180.0,68.856247,N-summer,0.5,validation,0.4113933024641005,False
sample_03160.jpg,SRC_084,-10.0,180.0,58.957849,N-summer,0.25,train,0.3761285963391533,False
sample_03161.jpg,SRC_095,-20.0,180.0,56.495654,N-spring,0.5,train,0.4227202623885316,False
sample_03162.jpg,SRC_070,60.0,180.0,58.788969,N-summer,0.5,validation,0.46766169067360525,False
sample_03163.jpg,SRC_018,-90.0,0.0,67.882485,N-winter,0.25,train,0.39231030057212984,False
sample_03164.jpg,SRC_108,-40.0,180.0,68.856247,N-summer,0.5,validation,0.4029143242075608,False
sample_03165.jpg,SRC_091,-40.0,180.0,72.511342,N-summer,0.5,train,0.41445942999040924,False
sample_03166.jpg,SRC_078,15.0,180.0,40.437008,N-spring,0.25,train,0.43744978492701386,False
sample_03167.jpg,SRC_011,-20.0,180.0,70.371153,N-summer,0.25,train,0.48282720217321956,False
sample_03168.jpg,SRC_040,90.0,0.0,57.651744,N-spring,0.5,validation,0.41813310188038477,False
sample_03169.jpg,SRC_042,10.0,180.0,36.92431,N-spring,0.5,train,0.40085638553306085,False
sample_03170.jpg,SRC_085,0.0,180.0,39.187341,N-spring,0.25,train,0.38553876229345996,False
sample_03171.jpg,SRC_010,90.0,0.0,74.440619,N-summer,0.5,train,0.49996094943290287,False
sample_03172.jpg,SRC_108,-40.0,180.0,68.856247,N-summer,0.5,validation,0.38972022369396664,False
sample_03173.jpg,SRC_131,10.0,180.0,60.540464,N-autumn,0.5,train,0.5187516075264555,False
sample_03174.jpg,SRC_014,-40.0,180.0,38.480327,N-winter,0.25,calibration,0.4995453458484973,False
sample_03175.jpg,SRC_112,-30.0,180.0,67.516648,N-spring,0.5,train,0.4003309604725135,False
sample_03176.jpg,SRC_121,25.0,180.0,67.446292,N-autumn,0.5,validation,0.38747093635389235,False
sample_03177.jpg,SRC_134,-30.0,180.0,69.607895,N-spring,0.5,train,0.4803361656504026,False
sample_03178.jpg,SRC_165,10.0,180.0,42.451267,N-winter,0.25,calibration,0.5071999523640296,False
sample_03179.jpg,SRC_084,-10.0,180.0,58.957849,N-summer,0.25,train,0.38475271345349965,False
sample_03180.jpg,SRC_096,25.0,180.0,40.422288,N-spring,0.25,calibration,0.3901299735004701,False
sample_03181.jpg,SRC_037,15.0,180.0,44.468297,N-spring,0.25,calibration,0.371397984248266,False
sample_03182.jpg,SRC_158,-5.0,180.0,35.954137,N-winter,0.25,train,0.3901342085749417,False
sample_03183.jpg,SRC_101,5.0,180.0,48.479381,N-winter,0.25,validation,0.4564359376193298,False
sample_03184.jpg,SRC_013,50.0,180.0,54.051464,N-spring,0.5,train,0.500882658998263,False
sample_03185.jpg,SRC_148,-15.0,180.0,49.227137,N-autumn,0.25,train,0.4194686457012501,False
sample_03186.jpg,SRC_011,-20.0,180.0,70.371153,N-summer,0.25,train,0.37869767111427066,False
sample_03187.jpg,SRC_115,25.0,180.0,41.8845,N-spring,0.25,train,0.39654960985820276,False
sample_03188.jpg,SRC_112,-30.0,180.0,67.516648,N-spring,0.5,train,0.41908343567432366,False
sample_03189.jpg,SRC_146,10.0,180.0,58.0428,N-summer,0.5,validation,0.5158291906426155,False
sample_03190.jpg,SRC_139,40.0,180.0,53.533251,N-winter,0.25,train,0.39545711574998615,False
sample_03191.jpg,SRC_140,35.0,180.0,44.85556,N-spring,0.25,validation,0.3747690112400549,False
sample_03192.jpg,SRC_108,-40.0,180.0,68.856247,N-summer,0.5,validation,0.3717630253444677,False
sample_03193.jpg,SRC_094,20.0,180.0,66.934532,N-autumn,0.25,train,0.5208505662940562,False
sample_03194.jpg,SRC_077,-5.0,180.0,34.299081,N-winter,0.25,train,0.4304482031618283,False
sample_03195.jpg,SRC_126,-20.0,180.0,68.779144,N-summer,0.5,train,0.5091645669469592,False
sample_03196.jpg,SRC_164,20.0,180.0,59.226879,N-autumn,0.25,train,0.3977645087019646,False
sample_03197.jpg,SRC_063,25.0,180.0,41.329237,N-spring,0.25,train,0.3692762736065048,False
sample_03198.jpg,SRC_153,-40.0,180.0,43.960452,N-autumn,0.25,train,0.44553549250786534,False
sample_03199.jpg,SRC_082,-10.0,180.0,60.444036,N-spring,0.25,train,0.39959416595147274,False
sample_03200.jpg,SRC_083,0.0,180.0,55.378885,N-spring,0.25,train,0.4550028372609235,False
sample_03201.jpg,SRC_094,20.0,180.0,66.934532,N-autumn,0.25,train,0.3930417297800911,False
sample_03202.jpg,SRC_121,25.0,180.0,67.446292,N-autumn,0.5,validation,0.4789837460916394,False
sample_03203.jpg,SRC_030,-25.0,180.0,67.936804,N-spring,0.5,train,0.38331142264010853,False
sample_03204.jpg,SRC_063,25.0,180.0,41.329237,N-spring,0.25,train,0.3951963172088392,False
sample_03205.jpg,SRC_140,35.0,180.0,44.85556,N-spring,0.25,validation,0.3764060488620749,False
sample_03206.jpg,SRC_096,25.0,180.0,40.422288,N-spring,0.25,calibration,0.5023423696583256,False
sample_03207.jpg,SRC_121,25.0,180.0,67.446292,N-autumn,0.5,validation,0.3860345626805709,False
sample_03208.jpg,SRC_126,-20.0,180.0,68.779144,N-summer,0.5,train,0.4172363048125588,False
sample_03209.jpg,SRC_030,-25.0,180.0,67.936804,N-spring,0.5,train,0.39088299243548125,False
sample_03210.jpg,SRC_169,40.0,180.0,48.615664,N-summer,0.25,validation,0.3794529381643462,False
sample_03211.jpg,SRC_013,50.0,180.0,54.051464,N-spring,0.5,train,0.37709143428708025,False
sample_03212.jpg,SRC_104,25.0,180.0,45.102036,N-summer,0.5,calibration,0.3958055406776664,False
sample_03213.jpg,SRC_114,-10.0,180.0,58.176498,N-autumn,0.5,calibration,0.4035394465399543,False
sample_03214.jpg,SRC_121,25.0,180.0,67.446292,N-autumn,0.5,validation,0.39303862486511015,False
sample_03215.jpg,SRC_026,90.0,0.0,57.238404,N-spring,0.25,train,0.42083803423002186,False
sample_03216.jpg,SRC_027,35.0,180.0,41.369436,N-spring,0.5,calibration,0.3983102702258044,False
sample_03217.jpg,SRC_007,20.0,180.0,49.485932,N-winter,0.25,validation,0.4065334514227178,False
sample_03218.jpg,SRC_061,50.0,180.0,43.110277,N-spring,0.5,train,0.48163083836873755,False
sample_03219.jpg,SRC_006,-15.0,180.0,65.638079,N-spring,0.5,train,0.4120566701670471,False
sample_03220.jpg,SRC_109,50.0,180.0,54.137665,N-summer,0.25,validation,0.39160640339977293,False
sample_03221.jpg,SRC_063,25.0,180.0,41.329237,N-spring,0.25,train,0.42385741884979133,False
sample_03222.jpg,SRC_058,30.0,180.0,69.060883,N-autumn,0.5,train,0.4094462316093237,False
sample_03223.jpg,SRC_157,40.0,180.0,44.22455,N-summer,0.25,train,0.3777766248036286,False
sample_03224.jpg,SRC_097,0.0,180.0,35.318175,N-winter,0.25,train,0.3934319769851927,False
sample_03225.jpg,SRC_039,90.0,0.0,70.63275,N-summer,0.5,train,0.5238553631714892,False
sample_03226.jpg,SRC_074,0.0,180.0,50.25459,N-spring,0.5,train,0.520140126032496,False
sample_03227.jpg,SRC_124,0.0,180.0,51.928413,N-summer,0.25,train,0.40867890492741055,False
sample_03228.jpg,SRC_010,90.0,0.0,74.440619,N-summer,0.5,train,0.40914323332419134,False
sample_03229.jpg,SRC_058,30.0,180.0,69.060883,N-autumn,0.5,train,0.43022671431646725,False
sample_03230.jpg,SRC_071,20.0,180.0,40.070501,N-spring,0.25,train,0.45801013518502315,False
sample_03231.jpg,SRC_059,15.0,180.0,48.046698,N-summer,0.25,train,0.48268180028060337,False
sample_03232.jpg,SRC_153,-40.0,180.0,43.960452,N-autumn,0.25,train,0.38844736936396856,False
sample_03233.jpg,SRC_075,-90.0,0.0,65.329336,N-winter,0.25,train,0.44954993770928614,False
sample_03234.jpg,SRC_052,5.0,180.0,51.705435,N-summer,0.25,train,0.3859368634460677,False
sample_03235.jpg,SRC_004,30.0,180.0,61.107468,N-autumn,0.5,train,0.37090889102411556,False
sample_03236.jpg,SRC_169,40.0,180.0,48.615664,N-summer,0.25,validation,0.4943637615834577,False
sample_03237.jpg,SRC_026,90.0,0.0,57.238404,N-spring,0.25,train,0.4366998509063039,False
sample_03238.jpg,SRC_115,25.0,180.0,41.8845,N-spring,0.25,train,0.422660402683743,False
sample_03239.jpg,SRC_146,10.0,180.0,58.0428,N-summer,0.5,validation,0.3833540721587311,False
sample_03240.jpg,SRC_144,-35.0,180.0,76.731052,N-spring,0.5,train,0.41897025337242955,False
sample_03241.jpg,SRC_091,-40.0,180.0,72.511342,N-summer,0.5,train,0.39137623113566467,False
sample_03242.jpg,SRC_087,0.0,180.0,54.65824,N-summer,0.25,train,0.41728755490025177,False
sample_03243.jpg,SRC_024,10.0,180.0,53.725813,N-summer,0.25,calibration,0.3996054183348098,False
sample_03244.jpg,SRC_121,25.0,180.0,67.446292,N-autumn,0.5,validation,0.39684461619362765,False
sample_03245.jpg,SRC_089,10.0,180.0,48.442522,N-winter,0.25,validation,0.40965995646864906,False
sample_03246.jpg,SRC_171,-35.0,180.0,63.65778,N-spring,0.25,calibration,0.39021227367124955,False
sample_03247.jpg,SRC_046,0.0,180.0,58.061031,N-autumn,0.25,validation,0.41140026859890255,False
sample_03248.jpg,SRC_011,-20.0,180.0,70.371153,N-summer,0.25,train,0.5179627514574028,False
sample_03249.jpg,SRC_052,5.0,180.0,51.705435,N-summer,0.25,train,0.3867956836878811,False
sample_03250.jpg,SRC_114,-10.0,180.0,58.176498,N-autumn,0.5,calibration,0.37214638159462227,False
sample_03251.jpg,SRC_014,-40.0,180.0,38.480327,N-winter,0.25,calibration,0.3831281991119701,False
sample_03252.jpg,SRC_115,25.0,180.0,41.8845,N-spring,0.25,train,0.4260844380145934,False
sample_03253.jpg,SRC_093,-25.0,180.0,43.343655,N-autumn,0.5,calibration,0.3811313393168061,False
sample_03254.jpg,SRC_135,5.0,180.0,41.328761,N-winter,0.5,train,0.4614135776203723,False
sample_03255.jpg,SRC_098,-45.0,180.0,70.730178,N-summer,0.25,calibration,0.4811737688419407,False
sample_03256.jpg,SRC_126,-20.0,180.0,68.779144,N-summer,0.5,train,0.4723042427348812,False
sample_03257.jpg,SRC_042,10.0,180.0,36.92431,N-spring,0.5,train,0.3936354472462107,False
sample_03258.jpg,SRC_041,15.0,180.0,46.712049,N-summer,0.25,calibration,0.38537705298832975,False
sample_03259.jpg,SRC_171,-35.0,180.0,63.65778,N-spring,0.25,calibration,0.3748836514096321,False
sample_03260.jpg,SRC_113,-35.0,180.0,36.668707,N-winter,0.25,train,0.37907894406839904,False
sample_03261.jpg,SRC_076,25.0,180.0,63.632584,N-autumn,0.25,validation,0.40309533279066007,False
sample_03262.jpg,SRC_047,0.0,180.0,48.028677,N-spring,0.5,train,0.4335431948285323,False
sample_03263.jpg,SRC_104,25.0,180.0,45.102036,N-summer,0.5,calibration,0.4161539997094617,False
sample_03264.jpg,SRC_051,20.0,180.0,63.609319,N-autumn,0.5,train,0.49562823813777623,False
sample_03265.jpg,SRC_104,25.0,180.0,45.102036,N-summer,0.5,calibration,0.49728096667917887,False
sample_03266.jpg,SRC_076,25.0,180.0,63.632584,N-autumn,0.25,validation,0.3930716103258401,False
sample_03267.jpg,SRC_133,-10.0,180.0,48.887369,N-spring,0.5,calibration,0.3939653344026842,False
sample_03268.jpg,SRC_098,-45.0,180.0,70.730178,N-summer,0.25,calibration,0.5108103123347276,False
sample_03269.jpg,SRC_004,30.0,180.0,61.107468,N-autumn,0.5,train,0.39022591137249946,False
sample_03270.jpg,SRC_145,-5.0,180.0,52.15166,N-spring,0.25,train,0.4262830261956695,False
sample_03271.jpg,SRC_102,-10.0,180.0,52.255853,N-spring,0.25,train,0.3966715431464682,False
sample_03272.jpg,SRC_152,30.0,180.0,40.69576,N-spring,0.25,train,0.39692861317804073,False
sample_03273.jpg,SRC_171,-35.0,180.0,63.65778,N-spring,0.25,calibration,0.3882261265087523,False
sample_03274.jpg,SRC_083,0.0,180.0,55.378885,N-spring,0.25,train,0.3842132074496572,False
sample_03275.jpg,SRC_126,-20.0,180.0,68.779144,N-summer,0.5,train,0.4342509704438102,False
sample_03276.jpg,SRC_142,-30.0,180.0,34.276784,N-winter,0.25,train,0.4334461834057558,False
sample_03277.jpg,SRC_072,15.0,180.0,46.966801,N-winter,0.25,train,0.45736671551647134,False
sample_03278.jpg,SRC_111,-35.0,180.0,79.069883,N-spring,1.0,train,0.4121091540845911,False
sample_03279.jpg,SRC_124,0.0,180.0,51.928413,N-summer,0.25,train,0.384461054596391,False
sample_03280.jpg,SRC_099,15.0,180.0,42.024472,N-spring,0.5,train,0.3628285400257393,False
sample_03281.jpg,SRC_066,-10.0,180.0,61.81065,N-summer,0.5,validation,0.394671824308481,False
sample_03282.jpg,SRC_037,15.0,180.0,44.468297,N-spring,0.25,calibration,0.3704800718821719,False
sample_03283.jpg,SRC_066,-10.0,180.0,61.81065,N-summer,0.5,validation,0.41759078904385605,False
sample_03284.jpg,SRC_076,25.0,180.0,63.632584,N-autumn,0.25,validation,0.3816637248940547,False
sample_03285.jpg,SRC_038,-15.0,180.0,32.097448,N-winter,0.25,validation,0.40270742765049816,False
sample_03286.jpg,SRC_115,25.0,180.0,41.8845,N-spring,0.25,train,0.4361077365928849,False
sample_03287.jpg,SRC_013,50.0,180.0,54.051464,N-spring,0.5,train,0.452409437849571,False
sample_03288.jpg,SRC_106,25.0,180.0,40.638999,N-spring,0.5,validation,0.4468990264357816,False
sample_03289.jpg,SRC_091,-40.0,180.0,72.511342,N-summer,0.5,train,0.3832409658023958,False
sample_03290.jpg,SRC_159,20.0,180.0,67.076816,N-autumn,0.25,train,0.38669006362298225,False
sample_03291.jpg,SRC_097,0.0,180.0,35.318175,N-winter,0.25,train,0.390141134623475,False
sample_03292.jpg,SRC_040,90.0,0.0,57.651744,N-spring,0.5,validation,0.3985684325983684,False
sample_03293.jpg,SRC_070,60.0,180.0,58.788969,N-summer,0.5,validation,0.3943820530878584,False
sample_03294.jpg,SRC_140,35.0,180.0,44.85556,N-spring,0.25,validation,0.3811553714303226,False
sample_03295.jpg,SRC_158,-5.0,180.0,35.954137,N-winter,0.25,train,0.38227069419395354,False
sample_03296.jpg,SRC_081,-90.0,0.0,74.772433,N-autumn,0.25,train,0.4788584511827129,False
sample_03297.jpg,SRC_121,25.0,180.0,67.446292,N-autumn,0.5,validation,0.4748234606633347,False
sample_03298.jpg,SRC_027,35.0,180.0,41.369436,N-spring,0.5,calibration,0.3917748397832304,False
sample_03299.jpg,SRC_040,90.0,0.0,57.651744,N-spring,0.5,validation,0.4078064701901652,False
sample_03300.jpg,SRC_123,0.0,180.0,54.598149,N-autumn,0.5,train,0.3717042534687849,False
sample_03301.jpg,SRC_142,-30.0,180.0,34.276784,N-winter,0.25,train,0.4264285385177195,False
sample_03302.jpg,SRC_017,-90.0,0.0,64.6979,N-winter,0.25,train,0.4178368341986253,False
sample_03303.jpg,SRC_131,10.0,180.0,60.540464,N-autumn,0.5,train,0.4278493227297563,False
sample_03304.jpg,SRC_116,5.0,180.0,41.203028,N-spring,0.25,calibration,0.4282927804377786,False
sample_03305.jpg,SRC_041,15.0,180.0,46.712049,N-summer,0.25,calibration,0.38975972055323327,False
sample_03306.jpg,SRC_139,40.0,180.0,53.533251,N-winter,0.25,train,0.5076258481920772,False
sample_03307.jpg,SRC_101,5.0,180.0,48.479381,N-winter,0.25,validation,0.46556207608536904,False
sample_03308.jpg,SRC_102,-10.0,180.0,52.255853,N-spring,0.25,train,0.3996073511796454,False
sample_03309.jpg,SRC_009,-25.0,180.0,73.827745,N-spring,0.5,train,0.3904623913777357,False
sample_03310.jpg,SRC_094,20.0,180.0,66.934532,N-autumn,0.25,train,0.3798620221677105,False
sample_03311.jpg,SRC_032,-5.0,180.0,52.490186,N-spring,0.25,train,0.5343351045218727,False
sample_03312.jpg,SRC_124,0.0,180.0,51.928413,N-summer,0.25,train,0.37608492662010795,False
sample_03313.jpg,SRC_040,90.0,0.0,57.651744,N-spring,0.5,validation,0.40038228656554853,False
sample_03314.jpg,SRC_059,15.0,180.0,48.046698,N-summer,0.25,train,0.413733436912061,False
sample_03315.jpg,SRC_131,10.0,180.0,60.540464,N-autumn,0.5,train,0.5131599702828129,False
sample_03316.jpg,SRC_170,-20.0,180.0,56.332579,N-autumn,0.25,train,0.40732650903586576,False
sample_03317.jpg,SRC_009,-25.0,180.0,73.827745,N-spring,0.5,train,0.3918617297633865,False
sample_03318.jpg,SRC_115,25.0,180.0,41.8845,N-spring,0.25,train,0.40284177224024365,False
sample_03319.jpg,SRC_092,5.0,180.0,57.429528,N-autumn,0.25,validation,0.4797723148524641,False
sample_03320.jpg,SRC_129,20.0,180.0,41.057252,N-spring,0.25,train,0.44424431913835216,False
sample_03321.jpg,SRC_133,-10.0,180.0,48.887369,N-spring,0.5,calibration,0.41915941177120636,False
sample_03322.jpg,SRC_023,-10.0,180.0,50.837437,N-spring,0.25,train,0.3754499762016871,False
sample_03323.jpg,SRC_055,-5.0,180.0,57.335076,N-spring,0.25,train,0.4036116738797776,False
sample_03324.jpg,SRC_088,0.0,180.0,53.004483,N-summer,0.25,train,0.5011450459118022,False
sample_03325.jpg,SRC_139,40.0,180.0,53.533251,N-winter,0.25,train,0.385450491598486,False
sample_03326.jpg,SRC_140,35.0,180.0,44.85556,N-spring,0.25,validation,0.3653085440773681,False
sample_03327.jpg,SRC_146,10.0,180.0,58.0428,N-summer,0.5,validation,0.5240446145006837,False
sample_03328.jpg,SRC_061,50.0,180.0,43.110277,N-spring,0.5,train,0.41936121148915967,False
sample_03329.jpg,SRC_146,10.0,180.0,58.0428,N-summer,0.5,validation,0.4142303300236632,False
sample_03330.jpg,SRC_096,25.0,180.0,40.422288,N-spring,0.25,calibration,0.3888061331596216,False
sample_03331.jpg,SRC_072,15.0,180.0,46.966801,N-winter,0.25,train,0.5228638784527201,False
sample_03332.jpg,SRC_073,45.0,180.0,41.537171,N-spring,0.25,train,0.3900672157020194,False
sample_03333.jpg,SRC_135,5.0,180.0,41.328761,N-winter,0.5,train,0.5238497798876376,False
sample_03334.jpg,SRC_116,5.0,180.0,41.203028,N-spring,0.25,calibration,0.39806869654152155,False
sample_03335.jpg,SRC_030,-25.0,180.0,67.936804,N-spring,0.5,train,0.3823284089933563,False
sample_03336.jpg,SRC_076,25.0,180.0,63.632584,N-autumn,0.25,validation,0.39588900072506367,False
sample_03337.jpg,SRC_072,15.0,180.0,46.966801,N-winter,0.25,train,0.38042105454186786,False
sample_03338.jpg,SRC_124,0.0,180.0,51.928413,N-summer,0.25,train,0.3900245380055256,False
sample_03339.jpg,SRC_124,0.0,180.0,51.928413,N-summer,0.25,train,0.3853837093946189,False
sample_03340.jpg,SRC_103,-35.0,180.0,57.090396,N-autumn,0.25,train,0.41004827809914274,False
sample_03341.jpg,SRC_121,25.0,180.0,67.446292,N-autumn,0.5,validation,0.3856093336483243,False
sample_03342.jpg,SRC_063,25.0,180.0,41.329237,N-spring,0.25,train,0.48875045591100835,False
sample_03343.jpg,SRC_013,50.0,180.0,54.051464,N-spring,0.5,train,0.38173940432276404,False
sample_03344.jpg,SRC_048,-25.0,180.0,61.920556,N-autumn,0.25,train,0.531543985179036,False
sample_03345.jpg,SRC_071,20.0,180.0,40.070501,N-spring,0.25,train,0.5208725680873258,False
sample_03346.jpg,SRC_076,25.0,180.0,63.632584,N-autumn,0.25,validation,0.41077417071554734,False
sample_03347.jpg,SRC_111,-35.0,180.0,79.069883,N-spring,1.0,train,0.45417724361413303,False
sample_03348.jpg,SRC_011,-20.0,180.0,70.371153,N-summer,0.25,train,0.3889923661921689,False
sample_03349.jpg,SRC_037,15.0,180.0,44.468297,N-spring,0.25,calibration,0.3852123315374441,False
sample_03350.jpg,SRC_153,-40.0,180.0,43.960452,N-autumn,0.25,train,0.437772282318619,False
sample_03351.jpg,SRC_041,15.0,180.0,46.712049,N-summer,0.25,calibration,0.38642562516906376,False
sample_03352.jpg,SRC_169,40.0,180.0,48.615664,N-summer,0.25,validation,0.3794238501524983,False
sample_03353.jpg,SRC_135,5.0,180.0,41.328761,N-winter,0.5,train,0.434546481880348,False
sample_03354.jpg,SRC_065,30.0,180.0,68.700871,N-winter,0.5,validation,0.4300132175620188,False
sample_03355.jpg,SRC_151,-15.0,180.0,63.408071,N-summer,0.5,train,0.4108035777452052,False
sample_03356.jpg,SRC_051,20.0,180.0,63.609319,N-autumn,0.5,train,0.3780186818957789,False
sample_03357.jpg,SRC_066,-10.0,180.0,61.81065,N-summer,0.5,validation,0.4492400315493592,False
sample_03358.jpg,SRC_022,20.0,180.0,41.513642,N-spring,0.25,train,0.4225313554341267,False
sample_03359.jpg,SRC_146,10.0,180.0,58.0428,N-summer,0.5,validation,0.44054038720364286,False
sample_03360.jpg,SRC_144,-35.0,180.0,76.731052,N-spring,0.5,train,0.4233153958364414,False
sample_03361.jpg,SRC_084,-10.0,180.0,58.957849,N-summer,0.25,train,0.3866493973320849,False
sample_03362.jpg,SRC_097,0.0,180.0,35.318175,N-winter,0.25,train,0.41631961080582613,False
sample_03363.jpg,SRC_042,10.0,180.0,36.92431,N-spring,0.5,train,0.4053239304635028,False
sample_03364.jpg,SRC_137,-5.0,180.0,45.053172,N-spring,0.25,train,0.40626432372513266,False
sample_03365.jpg,SRC_052,5.0,180.0,51.705435,N-summer,0.25,train,0.4141699138756927,False
sample_03366.jpg,SRC_085,0.0,180.0,39.187341,N-spring,0.25,train,0.4735251685782228,False
sample_03367.jpg,SRC_037,15.0,180.0,44.468297,N-spring,0.25,calibration,0.38950217528328085,False
sample_03368.jpg,SRC_006,-15.0,180.0,65.638079,N-spring,0.5,train,0.3991803068155848,False
sample_03369.jpg,SRC_041,15.0,180.0,46.712049,N-summer,0.25,calibration,0.37924711258122856,False
sample_03370.jpg,SRC_082,-10.0,180.0,60.444036,N-spring,0.25,train,0.37875402978426764,False
sample_03371.jpg,SRC_148,-15.0,180.0,49.227137,N-autumn,0.25,train,0.4999896404464848,False
sample_03372.jpg,SRC_143,90.0,0.0,68.916652,N-spring,0.5,validation,0.42665589508570123,False
sample_03373.jpg,SRC_142,-30.0,180.0,34.276784,N-winter,0.25,train,0.42248533885008044,False
sample_03374.jpg,SRC_165,10.0,180.0,42.451267,N-winter,0.25,calibration,0.38076323582238364,False
sample_03375.jpg,SRC_084,-10.0,180.0,58.957849,N-summer,0.25,train,0.3821759729600297,False
sample_03376.jpg,SRC_086,15.0,180.0,43.648742,N-summer,0.5,train,0.38252914433988294,False
sample_03377.jpg,SRC_047,0.0,180.0,48.028677,N-spring,0.5,train,0.431792634493283,False
sample_03378.jpg,SRC_009,-25.0,180.0,73.827745,N-spring,0.5,train,0.409821687734327,False
sample_03379.jpg,SRC_148,-15.0,180.0,49.227137,N-autumn,0.25,train,0.407799515570464,False
sample_03380.jpg,SRC_108,-40.0,180.0,68.856247,N-summer,0.5,validation,0.39786340121039687,False
sample_03381.jpg,SRC_142,-30.0,180.0,34.276784,N-winter,0.25,train,0.4601813905666171,False
sample_03382.jpg,SRC_109,50.0,180.0,54.137665,N-summer,0.25,validation,0.4005226755111046,False
sample_03383.jpg,SRC_067,-15.0,180.0,64.724247,N-spring,0.5,calibration,0.5162486394212364,False
sample_03384.jpg,SRC_042,10.0,180.0,36.92431,N-spring,0.5,train,0.36770303651366787,False
sample_03385.jpg,SRC_037,15.0,180.0,44.468297,N-spring,0.25,calibration,0.3812306079340786,False
sample_03386.jpg,SRC_148,-15.0,180.0,49.227137,N-autumn,0.25,train,0.5082870993882477,False
sample_03387.jpg,SRC_050,0.0,180.0,53.680047,N-summer,0.25,calibration,0.41448339541376367,False
sample_03388.jpg,SRC_076,25.0,180.0,63.632584,N-autumn,0.25,validation,0.39395977083515216,False
sample_03389.jpg,SRC_004,30.0,180.0,61.107468,N-autumn,0.5,train,0.38890449662413634,False
sample_03390.jpg,SRC_152,30.0,180.0,40.69576,N-spring,0.25,train,0.40313375614200575,False
sample_03391.jpg,SRC_038,-15.0,180.0,32.097448,N-winter,0.25,validation,0.4898739840818737,False
sample_03392.jpg,SRC_074,0.0,180.0,50.25459,N-spring,0.5,train,0.3883342029359306,False
sample_03393.jpg,SRC_042,10.0,180.0,36.92431,N-spring,0.5,train,0.4072127620933087,False
sample_03394.jpg,SRC_047,0.0,180.0,48.028677,N-spring,0.5,train,0.47116414629778786,False
sample_03395.jpg,SRC_153,-40.0,180.0,43.960452,N-autumn,0.25,train,0.40383652917867485,False
sample_03396.jpg,SRC_151,-15.0,180.0,63.408071,N-summer,0.5,train,0.4076495081093716,False
sample_03397.jpg,SRC_027,35.0,180.0,41.369436,N-spring,0.5,calibration,0.47653270355986466,False
sample_03398.jpg,SRC_156,10.0,180.0,48.737382,N-summer,0.25,train,0.5182497960045124,False
sample_03399.jpg,SRC_115,25.0,180.0,41.8845,N-spring,0.25,train,0.4341358244752504,False
sample_03400.jpg,SRC_102,-10.0,180.0,52.255853,N-spring,0.25,train,0.41504107577865507,False
sample_03401.jpg,SRC_121,25.0,180.0,67.446292,N-autumn,0.5,validation,0.3965605661981081,False
sample_03402.jpg,SRC_069,25.0,180.0,48.120522,N-summer,0.5,train,0.5085691196959479,False
sample_03403.jpg,SRC_036,5.0,180.0,52.749586,N-summer,0.25,train,0.4181525673600409,False
sample_03404.jpg,SRC_168,90.0,0.0,64.709631,N-summer,0.25,train,0.44995357644641,False
sample_03405.jpg,SRC_063,25.0,180.0,41.329237,N-spring,0.25,train,0.36880333419739997,False
sample_03406.jpg,SRC_124,0.0,180.0,51.928413,N-summer,0.25,train,0.38508469120118766,False
sample_03407.jpg,SRC_148,-15.0,180.0,49.227137,N-autumn,0.25,train,0.4247533160999112,False
sample_03408.jpg,SRC_099,15.0,180.0,42.024472,N-spring,0.5,train,0.3751217147033368,False
sample_03409.jpg,SRC_028,10.0,180.0,42.894848,N-spring,0.25,calibration,0.4108035077943331,False
sample_03410.jpg,SRC_107,20.0,180.0,65.68027,N-autumn,0.5,train,0.4585479328214328,False
sample_03411.jpg,SRC_089,10.0,180.0,48.442522,N-winter,0.25,validation,0.398330866747821,False
sample_03412.jpg,SRC_129,20.0,180.0,41.057252,N-spring,0.25,train,0.5216729692976415,False
sample_03413.jpg,SRC_126,-20.0,180.0,68.779144,N-summer,0.5,train,0.4500330875140344,False
sample_03414.jpg,SRC_093,-25.0,180.0,43.343655,N-autumn,0.5,calibration,0.387160432834727,False
sample_03415.jpg,SRC_068,0.0,180.0,56.216196,N-summer,0.25,train,0.48322876091493494,False
sample_03416.jpg,SRC_144,-35.0,180.0,76.731052,N-spring,0.5,train,0.41259176238296125,False
sample_03417.jpg,SRC_026,90.0,0.0,57.238404,N-spring,0.25,train,0.4996603583379683,False
sample_03418.jpg,SRC_119,90.0,0.0,58.642683,N-spring,0.25,calibration,0.45052744577961346,False
sample_03419.jpg,SRC_013,50.0,180.0,54.051464,N-spring,0.5,train,0.39405647171799596,False
sample_03420.jpg,SRC_069,25.0,180.0,48.120522,N-summer,0.5,train,0.49575127836369415,False
sample_03421.jpg,SRC_043,10.0,180.0,50.433279,N-summer,0.5,calibration,0.4011254815641605,False
sample_03422.jpg,SRC_163,0.0,180.0,39.987447,N-winter,0.25,train,0.42907251957952497,False
sample_03423.jpg,SRC_128,90.0,0.0,56.634817,N-spring,0.5,validation,0.5213366189383478,False
sample_03424.jpg,SRC_171,-35.0,180.0,63.65778,N-spring,0.25,calibration,0.4720594575325817,False
sample_03425.jpg,SRC_108,-40.0,180.0,68.856247,N-summer,0.5,validation,0.5171721693080106,False
sample_03426.jpg,SRC_076,25.0,180.0,63.632584,N-autumn,0.25,validation,0.3932875039821481,False
sample_03427.jpg,SRC_029,-5.0,180.0,45.485648,N-autumn,0.25,train,0.45508899348999876,False
sample_03428.jpg,SRC_013,50.0,180.0,54.051464,N-spring,0.5,train,0.4843802823089904,False
sample_03429.jpg,SRC_040,90.0,0.0,57.651744,N-spring,0.5,validation,0.40599486122164474,False
sample_03430.jpg,SRC_158,-5.0,180.0,35.954137,N-winter,0.25,train,0.3887734034556362,False
sample_03431.jpg,SRC_108,-40.0,180.0,68.856247,N-summer,0.5,validation,0.3867125315717449,False
sample_03432.jpg,SRC_057,-5.0,180.0,57.599617,N-summer,0.25,train,0.3789089617065717,False
sample_03433.jpg,SRC_146,10.0,180.0,58.0428,N-summer,0.5,validation,0.43219318981197574,False
sample_03434.jpg,SRC_047,0.0,180.0,48.028677,N-spring,0.5,train,0.5036272129759721,False
sample_03435.jpg,SRC_107,20.0,180.0,65.68027,N-autumn,0.5,train,0.48274434039406683,False
sample_03436.jpg,SRC_170,-20.0,180.0,56.332579,N-autumn,0.25,train,0.4572076127212906,False
sample_03437.jpg,SRC_028,10.0,180.0,42.894848,N-spring,0.25,calibration,0.3807207461582964,False
sample_03438.jpg,SRC_040,90.0,0.0,57.651744,N-spring,0.5,validation,0.49131344915527764,False
sample_03439.jpg,SRC_084,-10.0,180.0,58.957849,N-summer,0.25,train,0.38959829085398756,False
sample_03440.jpg,SRC_111,-35.0,180.0,79.069883,N-spring,1.0,train,0.4105849050466098,False
sample_03441.jpg,SRC_127,-35.0,180.0,47.507974,N-autumn,0.5,train,0.4775130549260611,False
sample_03442.jpg,SRC_103,-35.0,180.0,57.090396,N-autumn,0.25,train,0.48891829186753955,False
sample_03443.jpg,SRC_016,10.0,180.0,55.552023,N-winter,0.5,train,0.4687122362143105,False
sample_03444.jpg,SRC_099,15.0,180.0,42.024472,N-spring,0.5,train,0.37078090627895277,False
sample_03445.jpg,SRC_139,40.0,180.0,53.533251,N-winter,0.25,train,0.4054811225875422,False
sample_03446.jpg,SRC_009,-25.0,180.0,73.827745,N-spring,0.5,train,0.4803679097928349,False
sample_03447.jpg,SRC_106,25.0,180.0,40.638999,N-spring,0.5,validation,0.5307954343063415,False
sample_03448.jpg,SRC_029,-5.0,180.0,45.485648,N-autumn,0.25,train,0.4135657889167109,False
sample_03449.jpg,SRC_126,-20.0,180.0,68.779144,N-summer,0.5,train,0.37938800046647847,False
sample_03450.jpg,SRC_108,-40.0,180.0,68.856247,N-summer,0.5,validation,0.4262836668588995,False
sample_03451.jpg,SRC_041,15.0,180.0,46.712049,N-summer,0.25,calibration,0.3785644271327408,False
sample_03452.jpg,SRC_036,5.0,180.0,52.749586,N-summer,0.25,train,0.37918549582895766,False
sample_03453.jpg,SRC_042,10.0,180.0,36.92431,N-spring,0.5,train,0.37292941477941466,False
sample_03454.jpg,SRC_004,30.0,180.0,61.107468,N-autumn,0.5,train,0.37033281948965724,False
sample_03455.jpg,SRC_087,0.0,180.0,54.65824,N-summer,0.25,train,0.49089290301369165,False
sample_03456.jpg,SRC_146,10.0,180.0,58.0428,N-summer,0.5,validation,0.364675182576138,False
sample_03457.jpg,SRC_092,5.0,180.0,57.429528,N-autumn,0.25,validation,0.40129748345735694,False
sample_03458.jpg,SRC_032,-5.0,180.0,52.490186,N-spring,0.25,train,0.4296724368160002,False
sample_03459.jpg,SRC_151,-15.0,180.0,63.408071,N-summer,0.5,train,0.49148342604526646,False
sample_03460.jpg,SRC_074,0.0,180.0,50.25459,N-spring,0.5,train,0.41637753601825456,False
sample_03461.jpg,SRC_009,-25.0,180.0,73.827745,N-spring,0.5,train,0.38798342294389165,False
sample_03462.jpg,SRC_013,50.0,180.0,54.051464,N-spring,0.5,train,0.4213447032506402,False
sample_03463.jpg,SRC_148,-15.0,180.0,49.227137,N-autumn,0.25,train,0.4254296111744768,False
sample_03464.jpg,SRC_129,20.0,180.0,41.057252,N-spring,0.25,train,0.4948267437387079,False
sample_03465.jpg,SRC_062,45.0,180.0,81.508965,N-autumn,0.5,train,0.4064065097803895,False
sample_03466.jpg,SRC_134,-30.0,180.0,69.607895,N-spring,0.5,train,0.39865494252240313,False
sample_03467.jpg,SRC_021,-90.0,0.0,68.040851,N-autumn,0.5,calibration,0.39250235888921753,False
sample_03468.jpg,SRC_073,45.0,180.0,41.537171,N-spring,0.25,train,0.3995275986810456,False
sample_03469.jpg,SRC_148,-15.0,180.0,49.227137,N-autumn,0.25,train,0.41140119024815175,False
sample_03470.jpg,SRC_009,-25.0,180.0,73.827745,N-spring,0.5,train,0.46166569505391736,False
sample_03471.jpg,SRC_026,90.0,0.0,57.238404,N-spring,0.25,train,0.5078994013891674,False
sample_03472.jpg,SRC_066,-10.0,180.0,61.81065,N-summer,0.5,validation,0.4897041111907553,False
sample_03473.jpg,SRC_133,-10.0,180.0,48.887369,N-spring,0.5,calibration,0.4130138193325972,False
sample_03474.jpg,SRC_120,90.0,0.0,69.983669,N-summer,0.25,train,0.3802465144768309,False
sample_03475.jpg,SRC_106,25.0,180.0,40.638999,N-spring,0.5,validation,0.5242173958575853,False
sample_03476.jpg,SRC_108,-40.0,180.0,68.856247,N-summer,0.5,validation,0.3811818458340732,False
sample_03477.jpg,SRC_112,-30.0,180.0,67.516648,N-spring,0.5,train,0.39920557138921475,False
sample_03478.jpg,SRC_004,30.0,180.0,61.107468,N-autumn,0.5,train,0.3839097184071375,False
sample_03479.jpg,SRC_102,-10.0,180.0,52.255853,N-spring,0.25,train,0.4015271589690702,False
sample_03480.jpg,SRC_045,-90.0,0.0,70.559818,N-autumn,0.25,train,0.46525279053736857,False
sample_03481.jpg,SRC_092,5.0,180.0,57.429528,N-autumn,0.25,validation,0.3873640322444934,False
sample_03482.jpg,SRC_085,0.0,180.0,39.187341,N-spring,0.25,train,0.3846460346118061,False
sample_03483.jpg,SRC_042,10.0,180.0,36.92431,N-spring,0.5,train,0.373959387485722,False
sample_03484.jpg,SRC_133,-10.0,180.0,48.887369,N-spring,0.5,calibration,0.4497818588111664,False
sample_03485.jpg,SRC_030,-25.0,180.0,67.936804,N-spring,0.5,train,0.38696128992969453,False
sample_03486.jpg,SRC_027,35.0,180.0,41.369436,N-spring,0.5,calibration,0.38450275188375926,False
sample_03487.jpg,SRC_153,-40.0,180.0,43.960452,N-autumn,0.25,train,0.3961076927450303,False
sample_03488.jpg,SRC_172,55.0,180.0,47.744159,N-summer,0.25,train,0.49533496039146224,False
sample_03489.jpg,SRC_086,15.0,180.0,43.648742,N-summer,0.5,train,0.3796770870777254,False
sample_03490.jpg,SRC_121,25.0,180.0,67.446292,N-autumn,0.5,validation,0.3867511909377698,False
sample_03491.jpg,SRC_140,35.0,180.0,44.85556,N-spring,0.25,validation,0.37377785832377963,False
sample_03492.jpg,SRC_006,-15.0,180.0,65.638079,N-spring,0.5,train,0.49615715166005525,False
sample_03493.jpg,SRC_006,-15.0,180.0,65.638079,N-spring,0.5,train,0.40136341705632483,False
sample_03494.jpg,SRC_119,90.0,0.0,58.642683,N-spring,0.25,calibration,0.4427333342750247,False
sample_03495.jpg,SRC_006,-15.0,180.0,65.638079,N-spring,0.5,train,0.4026047841634913,False
sample_03496.jpg,SRC_155,-5.0,180.0,59.117539,N-summer,0.25,validation,0.5060831429476579,False
sample_03497.jpg,SRC_004,30.0,180.0,61.107468,N-autumn,0.5,train,0.38533849394368613,False
sample_03498.jpg,SRC_002,40.0,180.0,45.868768,N-summer,0.25,train,0.36327488002384023,False
sample_03499.jpg,SRC_027,35.0,180.0,41.369436,N-spring,0.5,calibration,0.3972561999226566,False
sample_03500.jpg,SRC_043,10.0,180.0,50.433279,N-summer,0.5,calibration,0.48472807710206933,False
sample_03501.jpg,SRC_048,-25.0,180.0,61.920556,N-autumn,0.25,train,0.38634986741228483,False
sample_03502.jpg,SRC_144,-35.0,180.0,76.731052,N-spring,0.5,train,0.42685079923139246,False
sample_03503.jpg,SRC_091,-40.0,180.0,72.511342,N-summer,0.5,train,0.4029390979110895,False
sample_03504.jpg,SRC_157,40.0,180.0,44.22455,N-summer,0.25,train,0.47515232351001346,False
sample_03505.jpg,SRC_094,20.0,180.0,66.934532,N-autumn,0.25,train,0.47928896575236946,False
sample_03506.jpg,SRC_144,-35.0,180.0,76.731052,N-spring,0.5,train,0.4984674267511503,False
sample_03507.jpg,SRC_095,-20.0,180.0,56.495654,N-spring,0.5,train,0.5140592410375774,False
sample_03508.jpg,SRC_030,-25.0,180.0,67.936804,N-spring,0.5,train,0.3777833610809826,False
sample_03509.jpg,SRC_106,25.0,180.0,40.638999,N-spring,0.5,validation,0.4298017834055058,False
sample_03510.jpg,SRC_139,40.0,180.0,53.533251,N-winter,0.25,train,0.4258822470973197,False
sample_03511.jpg,SRC_006,-15.0,180.0,65.638079,N-spring,0.5,train,0.4303626083528795,False
sample_03512.jpg,SRC_078,15.0,180.0,40.437008,N-spring,0.25,train,0.39715087763460344,False
sample_03513.jpg,SRC_030,-25.0,180.0,67.936804,N-spring,0.5,train,0.39699069058785474,False
sample_03514.jpg,SRC_093,-25.0,180.0,43.343655,N-autumn,0.5,calibration,0.36968179527869394,False
sample_03515.jpg,SRC_131,10.0,180.0,60.540464,N-autumn,0.5,train,0.5058860409328609,False
sample_03516.jpg,SRC_027,35.0,180.0,41.369436,N-spring,0.5,calibration,0.3935531536448013,False
sample_03517.jpg,SRC_081,-90.0,0.0,74.772433,N-autumn,0.25,train,0.4733224557039408,False
sample_03518.jpg,SRC_109,50.0,180.0,54.137665,N-summer,0.25,validation,0.39489631776978623,False
sample_03519.jpg,SRC_084,-10.0,180.0,58.957849,N-summer,0.25,train,0.39186623235352097,False
sample_03520.jpg,SRC_065,30.0,180.0,68.700871,N-winter,0.5,validation,0.3784960025826101,False
sample_03521.jpg,SRC_056,-40.0,180.0,74.660587,N-summer,0.5,train,0.4016574538265715,False
sample_03522.jpg,SRC_119,90.0,0.0,58.642683,N-spring,0.25,calibration,0.4981924285869927,False
sample_03523.jpg,SRC_008,25.0,180.0,61.005891,N-autumn,0.25,train,0.4077915264593365,False
sample_03524.jpg,SRC_121,25.0,180.0,67.446292,N-autumn,0.5,validation,0.4855045791438027,False
sample_03525.jpg,SRC_101,5.0,180.0,48.479381,N-winter,0.25,validation,0.5118050536315306,False
sample_03526.jpg,SRC_114,-10.0,180.0,58.176498,N-autumn,0.5,calibration,0.39195710533953043,False
sample_03527.jpg,SRC_013,50.0,180.0,54.051464,N-spring,0.5,train,0.43743507004059146,False
sample_03528.jpg,SRC_107,20.0,180.0,65.68027,N-autumn,0.5,train,0.5355002460593016,False
sample_03529.jpg,SRC_006,-15.0,180.0,65.638079,N-spring,0.5,train,0.41298278369885255,False
sample_03530.jpg,SRC_103,-35.0,180.0,57.090396,N-autumn,0.25,train,0.40314929388555676,False
sample_03531.jpg,SRC_109,50.0,180.0,54.137665,N-summer,0.25,validation,0.39478379650825046,False
sample_03532.jpg,SRC_124,0.0,180.0,51.928413,N-summer,0.25,train,0.3871795704249828,False
sample_03533.jpg,SRC_134,-30.0,180.0,69.607895,N-spring,0.5,train,0.3995679620683448,False
sample_03534.jpg,SRC_093,-25.0,180.0,43.343655,N-autumn,0.5,calibration,0.3950910671935924,False
sample_03535.jpg,SRC_170,-20.0,180.0,56.332579,N-autumn,0.25,train,0.40482642052732853,False
sample_03536.jpg,SRC_051,20.0,180.0,63.609319,N-autumn,0.5,train,0.41859043943331864,False
sample_03537.jpg,SRC_099,15.0,180.0,42.024472,N-spring,0.5,train,0.3863336279506669,False
sample_03538.jpg,SRC_095,-20.0,180.0,56.495654,N-spring,0.5,train,0.4556335182168755,False
sample_03539.jpg,SRC_134,-30.0,180.0,69.607895,N-spring,0.5,train,0.3845928399024855,False
sample_03540.jpg,SRC_146,10.0,180.0,58.0428,N-summer,0.5,validation,0.4058036711963887,False
sample_03541.jpg,SRC_005,0.0,180.0,55.846781,N-summer,0.5,calibration,0.38941582965950905,False
sample_03542.jpg,SRC_046,0.0,180.0,58.061031,N-autumn,0.25,validation,0.38637664453668297,False
sample_03543.jpg,SRC_111,-35.0,180.0,79.069883,N-spring,1.0,train,0.4179305933837828,False
sample_03544.jpg,SRC_124,0.0,180.0,51.928413,N-summer,0.25,train,0.40172547726459706,False
sample_03545.jpg,SRC_169,40.0,180.0,48.615664,N-summer,0.25,validation,0.37232163558775516,False
sample_03546.jpg,SRC_109,50.0,180.0,54.137665,N-summer,0.25,validation,0.4219516702235855,False
sample_03547.jpg,SRC_092,5.0,180.0,57.429528,N-autumn,0.25,validation,0.4744118787684357,False
sample_03548.jpg,SRC_087,0.0,180.0,54.65824,N-summer,0.25,train,0.5179499955976329,False
sample_03549.jpg,SRC_082,-10.0,180.0,60.444036,N-spring,0.25,train,0.38787347372758185,False
sample_03550.jpg,SRC_035,0.0,180.0,56.990187,N-autumn,0.25,train,0.40664290945411163,False
sample_03551.jpg,SRC_158,-5.0,180.0,35.954137,N-winter,0.25,train,0.3875393708121342,False
sample_03552.jpg,SRC_043,10.0,180.0,50.433279,N-summer,0.5,calibration,0.38962328349735975,False
sample_03553.jpg,SRC_088,0.0,180.0,53.004483,N-summer,0.25,train,0.3873643958287118,False
sample_03554.jpg,SRC_107,20.0,180.0,65.68027,N-autumn,0.5,train,0.4176718225359638,False
sample_03555.jpg,SRC_030,-25.0,180.0,67.936804,N-spring,0.5,train,0.3770768144177466,False
sample_03556.jpg,SRC_096,25.0,180.0,40.422288,N-spring,0.25,calibration,0.5190561613043192,False
sample_03557.jpg,SRC_081,-90.0,0.0,74.772433,N-autumn,0.25,train,0.47476032314355987,False
sample_03558.jpg,SRC_066,-10.0,180.0,61.81065,N-summer,0.5,validation,0.5262547239787422,False
sample_03559.jpg,SRC_065,30.0,180.0,68.700871,N-winter,0.5,validation,0.3927774780439444,False
sample_03560.jpg,SRC_001,-5.0,180.0,51.987197,N-spring,0.5,calibration,0.4148321600385253,False
sample_03561.jpg,SRC_098,-45.0,180.0,70.730178,N-summer,0.25,calibration,0.5220846777215069,False
sample_03562.jpg,SRC_170,-20.0,180.0,56.332579,N-autumn,0.25,train,0.40902083161748876,False
sample_03563.jpg,SRC_113,-35.0,180.0,36.668707,N-winter,0.25,train,0.3791935572151529,False
sample_03564.jpg,SRC_092,5.0,180.0,57.429528,N-autumn,0.25,validation,0.38560682657161494,False
sample_03565.jpg,SRC_013,50.0,180.0,54.051464,N-spring,0.5,train,0.37692101821642054,False
sample_03566.jpg,SRC_054,5.0,180.0,37.41608,N-winter,0.25,calibration,0.4074342006436934,False
sample_03567.jpg,SRC_134,-30.0,180.0,69.607895,N-spring,0.5,train,0.3946688631677145,False
sample_03568.jpg,SRC_157,40.0,180.0,44.22455,N-summer,0.25,train,0.3752405543721086,False
sample_03569.jpg,SRC_111,-35.0,180.0,79.069883,N-spring,1.0,train,0.39739426326428323,False
sample_03570.jpg,SRC_107,20.0,180.0,65.68027,N-autumn,0.5,train,0.41524682429834286,False
sample_03571.jpg,SRC_071,20.0,180.0,40.070501,N-spring,0.25,train,0.38806859966118024,False
sample_03572.jpg,SRC_041,15.0,180.0,46.712049,N-summer,0.25,calibration,0.3747134261937641,False
sample_03573.jpg,SRC_120,90.0,0.0,69.983669,N-summer,0.25,train,0.4268293148935112,False
sample_03574.jpg,SRC_131,10.0,180.0,60.540464,N-autumn,0.5,train,0.4404892034424194,False
sample_03575.jpg,SRC_158,-5.0,180.0,35.954137,N-winter,0.25,train,0.40664002318419934,False
sample_03576.jpg,SRC_112,-30.0,180.0,67.516648,N-spring,0.5,train,0.43517484428576936,False
sample_03577.jpg,SRC_097,0.0,180.0,35.318175,N-winter,0.25,train,0.3831043671500806,False
sample_03578.jpg,SRC_066,-10.0,180.0,61.81065,N-summer,0.5,validation,0.3800234907379493,False
sample_03579.jpg,SRC_130,25.0,180.0,37.507656,N-spring,0.25,validation,0.4962269183087343,False
sample_03580.jpg,SRC_041,15.0,180.0,46.712049,N-summer,0.25,calibration,0.384759920326957,False
sample_03581.jpg,SRC_125,-5.0,180.0,52.428603,N-spring,0.25,train,0.40369576172901434,False
sample_03582.jpg,SRC_026,90.0,0.0,57.238404,N-spring,0.25,train,0.47869202635377955,False
sample_03583.jpg,SRC_155,-5.0,180.0,59.117539,N-summer,0.25,validation,0.5221226557400607,False
sample_03584.jpg,SRC_051,20.0,180.0,63.609319,N-autumn,0.5,train,0.38193356602095785,False
sample_03585.jpg,SRC_151,-15.0,180.0,63.408071,N-summer,0.5,train,0.4325408202291553,False
sample_03586.jpg,SRC_151,-15.0,180.0,63.408071,N-summer,0.5,train,0.40564130990212544,False
sample_03587.jpg,SRC_006,-15.0,180.0,65.638079,N-spring,0.5,train,0.4963900406409466,False
sample_03588.jpg,SRC_011,-20.0,180.0,70.371153,N-summer,0.25,train,0.41098297296457353,False
sample_03589.jpg,SRC_037,15.0,180.0,44.468297,N-spring,0.25,calibration,0.39095147434159827,False
sample_03590.jpg,SRC_115,25.0,180.0,41.8845,N-spring,0.25,train,0.4950284401290853,False
sample_03591.jpg,SRC_067,-15.0,180.0,64.724247,N-spring,0.5,calibration,0.4957647111606579,False
sample_03592.jpg,SRC_139,40.0,180.0,53.533251,N-winter,0.25,train,0.4991257013551283,False
sample_03593.jpg,SRC_020,35.0,180.0,42.075965,N-summer,0.25,train,0.41168897906913066,False
sample_03594.jpg,SRC_099,15.0,180.0,42.024472,N-spring,0.5,train,0.48495915729850336,False
sample_03595.jpg,SRC_027,35.0,180.0,41.369436,N-spring,0.5,calibration,0.3880755570325557,False
sample_03596.jpg,SRC_134,-30.0,180.0,69.607895,N-spring,0.5,train,0.5011993089617007,False
sample_03597.jpg,SRC_172,55.0,180.0,47.744159,N-summer,0.25,train,0.38591298659666495,False
sample_03598.jpg,SRC_040,90.0,0.0,57.651744,N-spring,0.5,validation,0.508174627724105,False
sample_03599.jpg,SRC_004,30.0,180.0,61.107468,N-autumn,0.5,train,0.493675654946624,False
sample_03600.jpg,SRC_070,60.0,180.0,58.788969,N-summer,0.5,validation,0.4820229766672906,False
sample_03601.jpg,SRC_042,10.0,180.0,36.92431,N-spring,0.5,train,0.41282496649118744,False
sample_03602.jpg,SRC_145,-5.0,180.0,52.15166,N-spring,0.25,train,0.3926748648418619,False
sample_03603.jpg,SRC_085,0.0,180.0,39.187341,N-spring,0.25,train,0.39659351612396454,False
sample_03604.jpg,SRC_048,-25.0,180.0,61.920556,N-autumn,0.25,train,0.4063547450589609,False
sample_03605.jpg,SRC_157,40.0,180.0,44.22455,N-summer,0.25,train,0.37527896282846473,False
sample_03606.jpg,SRC_091,-40.0,180.0,72.511342,N-summer,0.5,train,0.39238647240930374,False
sample_03607.jpg,SRC_134,-30.0,180.0,69.607895,N-spring,0.5,train,0.4285538740153963,False
sample_03608.jpg,SRC_111,-35.0,180.0,79.069883,N-spring,1.0,train,0.5140748000948234,False
sample_03609.jpg,SRC_091,-40.0,180.0,72.511342,N-summer,0.5,train,0.3830354136705624,False
sample_03610.jpg,SRC_158,-5.0,180.0,35.954137,N-winter,0.25,train,0.3881533094463349,False
sample_03611.jpg,SRC_087,0.0,180.0,54.65824,N-summer,0.25,train,0.39352019360197504,False
sample_03612.jpg,SRC_092,5.0,180.0,57.429528,N-autumn,0.25,validation,0.408594944394692,False
sample_03613.jpg,SRC_040,90.0,0.0,57.651744,N-spring,0.5,validation,0.3914223159397383,False
sample_03614.jpg,SRC_042,10.0,180.0,36.92431,N-spring,0.5,train,0.38485907201673564,False
sample_03615.jpg,SRC_009,-25.0,180.0,73.827745,N-spring,0.5,train,0.48877470687242175,False
sample_03616.jpg,SRC_133,-10.0,180.0,48.887369,N-spring,0.5,calibration,0.42621899143927083,False
sample_03617.jpg,SRC_099,15.0,180.0,42.024472,N-spring,0.5,train,0.39641671987827676,False
sample_03618.jpg,SRC_015,20.0,180.0,46.484204,N-summer,0.25,train,0.39031194674935366,False
sample_03619.jpg,SRC_009,-25.0,180.0,73.827745,N-spring,0.5,train,0.3996917283735044,False
sample_03620.jpg,SRC_121,25.0,180.0,67.446292,N-autumn,0.5,validation,0.3863682149386934,False
sample_03621.jpg,SRC_058,30.0,180.0,69.060883,N-autumn,0.5,train,0.43356377143187175,False
sample_03622.jpg,SRC_114,-10.0,180.0,58.176498,N-autumn,0.5,calibration,0.37575215276398977,False
sample_03623.jpg,SRC_014,-40.0,180.0,38.480327,N-winter,0.25,calibration,0.3709843732533989,False
sample_03624.jpg,SRC_121,25.0,180.0,67.446292,N-autumn,0.5,validation,0.39183788514714296,False
sample_03625.jpg,SRC_042,10.0,180.0,36.92431,N-spring,0.5,train,0.3804089041915096,False
sample_03626.jpg,SRC_065,30.0,180.0,68.700871,N-winter,0.5,validation,0.45373959321597984,False
sample_03627.jpg,SRC_004,30.0,180.0,61.107468,N-autumn,0.5,train,0.38134207205033543,False
sample_03628.jpg,SRC_004,30.0,180.0,61.107468,N-autumn,0.5,train,0.38255632898342695,False
sample_03629.jpg,SRC_108,-40.0,180.0,68.856247,N-summer,0.5,validation,0.4309483858100444,False
sample_03630.jpg,SRC_123,0.0,180.0,54.598149,N-autumn,0.5,train,0.3939685218588491,False
sample_03631.jpg,SRC_106,25.0,180.0,40.638999,N-spring,0.5,validation,0.46645814227304844,False
sample_03632.jpg,SRC_151,-15.0,180.0,63.408071,N-summer,0.5,train,0.39297261294009495,False
sample_03633.jpg,SRC_103,-35.0,180.0,57.090396,N-autumn,0.25,train,0.3978868251419751,False
sample_03634.jpg,SRC_088,0.0,180.0,53.004483,N-summer,0.25,train,0.3862727326930765,False
sample_03635.jpg,SRC_092,5.0,180.0,57.429528,N-autumn,0.25,validation,0.39101667954853714,False
sample_03636.jpg,SRC_066,-10.0,180.0,61.81065,N-summer,0.5,validation,0.37461761484321476,False
sample_03637.jpg,SRC_076,25.0,180.0,63.632584,N-autumn,0.25,validation,0.5215952098879871,False
sample_03638.jpg,SRC_133,-10.0,180.0,48.887369,N-spring,0.5,calibration,0.4139899153974548,False
sample_03639.jpg,SRC_067,-15.0,180.0,64.724247,N-spring,0.5,calibration,0.39515895877621,False
sample_03640.jpg,SRC_051,20.0,180.0,63.609319,N-autumn,0.5,train,0.3797483234378555,False
sample_03641.jpg,SRC_111,-35.0,180.0,79.069883,N-spring,1.0,train,0.42146037931174485,False
sample_03642.jpg,SRC_006,-15.0,180.0,65.638079,N-spring,0.5,train,0.388581058148153,False
sample_03643.jpg,SRC_170,-20.0,180.0,56.332579,N-autumn,0.25,train,0.4919456824063298,False
sample_03644.jpg,SRC_115,25.0,180.0,41.8845,N-spring,0.25,train,0.41363124248744415,False
sample_03645.jpg,SRC_096,25.0,180.0,40.422288,N-spring,0.25,calibration,0.3830371958055824,False
sample_03646.jpg,SRC_015,20.0,180.0,46.484204,N-summer,0.25,train,0.478041631383941,False
sample_03647.jpg,SRC_115,25.0,180.0,41.8845,N-spring,0.25,train,0.4067060767881272,False
sample_03648.jpg,SRC_144,-35.0,180.0,76.731052,N-spring,0.5,train,0.41569526589344036,False
sample_03649.jpg,SRC_004,30.0,180.0,61.107468,N-autumn,0.5,train,0.4842874168015773,False
sample_03650.jpg,SRC_142,-30.0,180.0,34.276784,N-winter,0.25,train,0.4342692602207888,False
sample_03651.jpg,SRC_069,25.0,180.0,48.120522,N-summer,0.5,train,0.5069871973567388,False
sample_03652.jpg,SRC_058,30.0,180.0,69.060883,N-autumn,0.5,train,0.49428749646655845,False
sample_03653.jpg,SRC_156,10.0,180.0,48.737382,N-summer,0.25,train,0.4995340808584633,False
sample_03654.jpg,SRC_005,0.0,180.0,55.846781,N-summer,0.5,calibration,0.3994787060528714,False
sample_03655.jpg,SRC_095,-20.0,180.0,56.495654,N-spring,0.5,train,0.39239324966313466,False
sample_03656.jpg,SRC_091,-40.0,180.0,72.511342,N-summer,0.5,train,0.3802663429781772,False
sample_03657.jpg,SRC_169,40.0,180.0,48.615664,N-summer,0.25,validation,0.38545310987504633,False
sample_03658.jpg,SRC_099,15.0,180.0,42.024472,N-spring,0.5,train,0.3766662360889036,False
sample_03659.jpg,SRC_063,25.0,180.0,41.329237,N-spring,0.25,train,0.523281881652878,False
sample_03660.jpg,SRC_024,10.0,180.0,53.725813,N-summer,0.25,calibration,0.4616368481459795,False
sample_03661.jpg,SRC_041,15.0,180.0,46.712049,N-summer,0.25,calibration,0.36567250814712493,False
sample_03662.jpg,SRC_009,-25.0,180.0,73.827745,N-spring,0.5,train,0.3910751484228416,False
sample_03663.jpg,SRC_122,-5.0,180.0,57.310506,N-summer,0.25,train,0.43722666920160524,False
sample_03664.jpg,SRC_024,10.0,180.0,53.725813,N-summer,0.25,calibration,0.4757314416128552,False
sample_03665.jpg,SRC_108,-40.0,180.0,68.856247,N-summer,0.5,validation,0.3774157408914601,False
sample_03666.jpg,SRC_094,20.0,180.0,66.934532,N-autumn,0.25,train,0.39904353967889855,False
sample_03667.jpg,SRC_095,-20.0,180.0,56.495654,N-spring,0.5,train,0.39371823756770846,False
sample_03668.jpg,SRC_115,25.0,180.0,41.8845,N-spring,0.25,train,0.4096406033943357,False
sample_03669.jpg,SRC_171,-35.0,180.0,63.65778,N-spring,0.25,calibration,0.4758566256371344,False
sample_03670.jpg,SRC_169,40.0,180.0,48.615664,N-summer,0.25,validation,0.366438633061304,False
sample_03671.jpg,SRC_156,10.0,180.0,48.737382,N-summer,0.25,train,0.3900084870593146,False
sample_03672.jpg,SRC_030,-25.0,180.0,67.936804,N-spring,0.5,train,0.3830367620700835,False
sample_03673.jpg,SRC_148,-15.0,180.0,49.227137,N-autumn,0.25,train,0.43615148649551944,False
sample_03674.jpg,SRC_076,25.0,180.0,63.632584,N-autumn,0.25,validation,0.4043394562553198,False
sample_03675.jpg,SRC_085,0.0,180.0,39.187341,N-spring,0.25,train,0.3989386985348548,False
sample_03676.jpg,SRC_107,20.0,180.0,65.68027,N-autumn,0.5,train,0.4116867563805382,False
sample_03677.jpg,SRC_165,10.0,180.0,42.451267,N-winter,0.25,calibration,0.4101968263209955,False
sample_03678.jpg,SRC_005,0.0,180.0,55.846781,N-summer,0.5,calibration,0.46949049600486364,False
sample_03679.jpg,SRC_168,90.0,0.0,64.709631,N-summer,0.25,train,0.37994137051704485,False
sample_03680.jpg,SRC_066,-10.0,180.0,61.81065,N-summer,0.5,validation,0.4061382626571429,False
sample_03681.jpg,SRC_063,25.0,180.0,41.329237,N-spring,0.25,train,0.3730912574978235,False
sample_03682.jpg,SRC_042,10.0,180.0,36.92431,N-spring,0.5,train,0.3760750385795932,False
sample_03683.jpg,SRC_013,50.0,180.0,54.051464,N-spring,0.5,train,0.40076911321903363,False
sample_03684.jpg,SRC_061,50.0,180.0,43.110277,N-spring,0.5,train,0.47032898925667493,False
sample_03685.jpg,SRC_157,40.0,180.0,44.22455,N-summer,0.25,train,0.3794095210315646,False
sample_03686.jpg,SRC_030,-25.0,180.0,67.936804,N-spring,0.5,train,0.3875710473961016,False
sample_03687.jpg,SRC_144,-35.0,180.0,76.731052,N-spring,0.5,train,0.41529758230766334,False
sample_03688.jpg,SRC_038,-15.0,180.0,32.097448,N-winter,0.25,validation,0.4451507773841189,False
sample_03689.jpg,SRC_097,0.0,180.0,35.318175,N-winter,0.25,train,0.4003723822788464,False
sample_03690.jpg,SRC_160,-10.0,180.0,50.604377,N-autumn,0.25,train,0.4527201763502268,False
sample_03691.jpg,SRC_159,20.0,180.0,67.076816,N-autumn,0.25,train,0.37936082209320593,False
sample_03692.jpg,SRC_137,-5.0,180.0,45.053172,N-spring,0.25,train,0.41191758270440787,False
sample_03693.jpg,SRC_124,0.0,180.0,51.928413,N-summer,0.25,train,0.42619002884522467,False
sample_03694.jpg,SRC_061,50.0,180.0,43.110277,N-spring,0.5,train,0.4949755681873896,False
sample_03695.jpg,SRC_013,50.0,180.0,54.051464,N-spring,0.5,train,0.4666759344209617,False
sample_03696.jpg,SRC_142,-30.0,180.0,34.276784,N-winter,0.25,train,0.40407656024485555,False
sample_03697.jpg,SRC_009,-25.0,180.0,73.827745,N-spring,0.5,train,0.39863634432188266,False
sample_03698.jpg,SRC_088,0.0,180.0,53.004483,N-summer,0.25,train,0.39541278745163533,False
sample_03699.jpg,SRC_037,15.0,180.0,44.468297,N-spring,0.25,calibration,0.3878657680038774,False
sample_03700.jpg,SRC_115,25.0,180.0,41.8845,N-spring,0.25,train,0.41170364253105857,False
sample_03701.jpg,SRC_126,-20.0,180.0,68.779144,N-summer,0.5,train,0.508779284109387,False
sample_03702.jpg,SRC_013,50.0,180.0,54.051464,N-spring,0.5,train,0.49328393050228303,False
sample_03703.jpg,SRC_140,35.0,180.0,44.85556,N-spring,0.25,validation,0.3964496710786029,False
sample_03704.jpg,SRC_127,-35.0,180.0,47.507974,N-autumn,0.5,train,0.47554639790335784,False
sample_03705.jpg,SRC_047,0.0,180.0,48.028677,N-spring,0.5,train,0.4445152478521723,False
sample_03706.jpg,SRC_103,-35.0,180.0,57.090396,N-autumn,0.25,train,0.45738425272767536,False
sample_03707.jpg,SRC_108,-40.0,180.0,68.856247,N-summer,0.5,validation,0.38816850537838354,False
sample_03708.jpg,SRC_039,90.0,0.0,70.63275,N-summer,0.5,train,0.4893252170466086,False
sample_03709.jpg,SRC_084,-10.0,180.0,58.957849,N-summer,0.25,train,0.3808944398421775,False
sample_03710.jpg,SRC_062,45.0,180.0,81.508965,N-autumn,0.5,train,0.4038176665987995,False
sample_03711.jpg,SRC_097,0.0,180.0,35.318175,N-winter,0.25,train,0.4053775670777952,False
sample_03712.jpg,SRC_027,35.0,180.0,41.369436,N-spring,0.5,calibration,0.38707281813107314,False
sample_03713.jpg,SRC_005,0.0,180.0,55.846781,N-summer,0.5,calibration,0.38907209338828364,False
sample_03714.jpg,SRC_004,30.0,180.0,61.107468,N-autumn,0.5,train,0.3838924309316829,False
sample_03715.jpg,SRC_067,-15.0,180.0,64.724247,N-spring,0.5,calibration,0.4324284266657757,False
sample_03716.jpg,SRC_013,50.0,180.0,54.051464,N-spring,0.5,train,0.4849896476743726,False
sample_03717.jpg,SRC_087,0.0,180.0,54.65824,N-summer,0.25,train,0.47451060778927046,False
sample_03718.jpg,SRC_022,20.0,180.0,41.513642,N-spring,0.25,train,0.5482025356557246,False
sample_03719.jpg,SRC_115,25.0,180.0,41.8845,N-spring,0.25,train,0.4228115135691132,False
sample_03720.jpg,SRC_115,25.0,180.0,41.8845,N-spring,0.25,train,0.4441320636105489,False
sample_03721.jpg,SRC_171,-35.0,180.0,63.65778,N-spring,0.25,calibration,0.3885264402913302,False
sample_03722.jpg,SRC_038,-15.0,180.0,32.097448,N-winter,0.25,validation,0.46669156349293583,False
sample_03723.jpg,SRC_154,0.0,180.0,54.770875,N-summer,0.5,train,0.48390237192137137,False
sample_03724.jpg,SRC_089,10.0,180.0,48.442522,N-winter,0.25,validation,0.49174413358819996,False
sample_03725.jpg,SRC_071,20.0,180.0,40.070501,N-spring,0.25,train,0.3927564602330708,False
sample_03726.jpg,SRC_061,50.0,180.0,43.110277,N-spring,0.5,train,0.47324487539768895,False
sample_03727.jpg,SRC_108,-40.0,180.0,68.856247,N-summer,0.5,validation,0.41429161899848327,False
sample_03728.jpg,SRC_069,25.0,180.0,48.120522,N-summer,0.5,train,0.4089824939651754,False
sample_03729.jpg,SRC_063,25.0,180.0,41.329237,N-spring,0.25,train,0.36645707953594603,False
sample_03730.jpg,SRC_134,-30.0,180.0,69.607895,N-spring,0.5,train,0.38522088325151826,False
sample_03731.jpg,SRC_142,-30.0,180.0,34.276784,N-winter,0.25,train,0.49512342005956267,False
sample_03732.jpg,SRC_055,-5.0,180.0,57.335076,N-spring,0.25,train,0.4575924829329786,False
sample_03733.jpg,SRC_099,15.0,180.0,42.024472,N-spring,0.5,train,0.38388064299124536,False
sample_03734.jpg,SRC_163,0.0,180.0,39.987447,N-winter,0.25,train,0.4331932190362274,False
sample_03735.jpg,SRC_013,50.0,180.0,54.051464,N-spring,0.5,train,0.42922267236222034,False
sample_03736.jpg,SRC_106,25.0,180.0,40.638999,N-spring,0.5,validation,0.4719269571341334,False
sample_03737.jpg,SRC_100,20.0,180.0,41.506528,N-spring,0.25,train,0.5008089450695921,False
sample_03738.jpg,SRC_022,20.0,180.0,41.513642,N-spring,0.25,train,0.42386331727815774,False
sample_03739.jpg,SRC_022,20.0,180.0,41.513642,N-spring,0.25,train,0.40948230037349126,False
sample_03740.jpg,SRC_082,-10.0,180.0,60.444036,N-spring,0.25,train,0.44402484302448186,False
sample_03741.jpg,SRC_139,40.0,180.0,53.533251,N-winter,0.25,train,0.42107706885537616,False
sample_03742.jpg,SRC_065,30.0,180.0,68.700871,N-winter,0.5,validation,0.3929706280954125,False
sample_03743.jpg,SRC_091,-40.0,180.0,72.511342,N-summer,0.5,train,0.43755150593750064,False
sample_03744.jpg,SRC_091,-40.0,180.0,72.511342,N-summer,0.5,train,0.3919664835285379,False
sample_03745.jpg,SRC_108,-40.0,180.0,68.856247,N-summer,0.5,validation,0.3659053753398893,False
sample_03746.jpg,SRC_171,-35.0,180.0,63.65778,N-spring,0.25,calibration,0.399142683061878,False
sample_03747.jpg,SRC_091,-40.0,180.0,72.511342,N-summer,0.5,train,0.4128140506424291,False
sample_03748.jpg,SRC_068,0.0,180.0,56.216196,N-summer,0.25,train,0.38478716957185854,False
sample_03749.jpg,SRC_111,-35.0,180.0,79.069883,N-spring,1.0,train,0.4131151211990408,False
sample_03750.jpg,SRC_099,15.0,180.0,42.024472,N-spring,0.5,train,0.3823336687932316,False
sample_03751.jpg,SRC_013,50.0,180.0,54.051464,N-spring,0.5,train,0.3923581854840138,False
sample_03752.jpg,SRC_076,25.0,180.0,63.632584,N-autumn,0.25,validation,0.3888358275672551,False
sample_03753.jpg,SRC_115,25.0,180.0,41.8845,N-spring,0.25,train,0.43509202685519394,False
sample_03754.jpg,SRC_109,50.0,180.0,54.137665,N-summer,0.25,validation,0.3986023963226931,False
sample_03755.jpg,SRC_171,-35.0,180.0,63.65778,N-spring,0.25,calibration,0.39157190029632394,False
sample_03756.jpg,SRC_126,-20.0,180.0,68.779144,N-summer,0.5,train,0.4728984399131185,False
sample_03757.jpg,SRC_095,-20.0,180.0,56.495654,N-spring,0.5,train,0.4065483553344757,False
sample_03758.jpg,SRC_107,20.0,180.0,65.68027,N-autumn,0.5,train,0.44577215934322156,False
sample_03759.jpg,SRC_022,20.0,180.0,41.513642,N-spring,0.25,train,0.4050935341664685,False
sample_03760.jpg,SRC_098,-45.0,180.0,70.730178,N-summer,0.25,calibration,0.5328004660559582,False
sample_03761.jpg,SRC_004,30.0,180.0,61.107468,N-autumn,0.5,train,0.37470386451903226,False
sample_03762.jpg,SRC_108,-40.0,180.0,68.856247,N-summer,0.5,validation,0.39273432984171724,False
sample_03763.jpg,SRC_148,-15.0,180.0,49.227137,N-autumn,0.25,train,0.5221317798845698,False
sample_03764.jpg,SRC_101,5.0,180.0,48.479381,N-winter,0.25,validation,0.4997358511293591,False
sample_03765.jpg,SRC_006,-15.0,180.0,65.638079,N-spring,0.5,train,0.47391079993292706,False
sample_03766.jpg,SRC_134,-30.0,180.0,69.607895,N-spring,0.5,train,0.38510724016815695,False
sample_03767.jpg,SRC_091,-40.0,180.0,72.511342,N-summer,0.5,train,0.4796125482797648,False
sample_03768.jpg,SRC_109,50.0,180.0,54.137665,N-summer,0.25,validation,0.38517135671071057,False
sample_03769.jpg,SRC_014,-40.0,180.0,38.480327,N-winter,0.25,calibration,0.3890152597843007,False
sample_03770.jpg,SRC_013,50.0,180.0,54.051464,N-spring,0.5,train,0.44141998582344166,False
sample_03771.jpg,SRC_050,0.0,180.0,53.680047,N-summer,0.25,calibration,0.41779021944476347,False
sample_03772.jpg,SRC_117,-90.0,0.0,60.317034,N-winter,0.25,train,0.3944239764386496,False
sample_03773.jpg,SRC_124,0.0,180.0,51.928413,N-summer,0.25,train,0.3955189547426609,False
sample_03774.jpg,SRC_112,-30.0,180.0,67.516648,N-spring,0.5,train,0.4040849256358069,False
sample_03775.jpg,SRC_052,5.0,180.0,51.705435,N-summer,0.25,train,0.42775363108855685,False
sample_03776.jpg,SRC_009,-25.0,180.0,73.827745,N-spring,0.5,train,0.39957437420285097,False
sample_03777.jpg,SRC_131,10.0,180.0,60.540464,N-autumn,0.5,train,0.4754100844998523,False
sample_03778.jpg,SRC_050,0.0,180.0,53.680047,N-summer,0.25,calibration,0.40997722949002197,False
sample_03779.jpg,SRC_133,-10.0,180.0,48.887369,N-spring,0.5,calibration,0.435168885197753,False
sample_03780.jpg,SRC_107,20.0,180.0,65.68027,N-autumn,0.5,train,0.4329660127093956,False
sample_03781.jpg,SRC_080,-25.0,180.0,69.726065,N-summer,0.25,calibration,0.40745044218689985,False
sample_03782.jpg,SRC_090,50.0,180.0,47.196626,N-summer,0.25,train,0.37719696101641087,False
sample_03783.jpg,SRC_097,0.0,180.0,35.318175,N-winter,0.25,train,0.42995618732178886,False
sample_03784.jpg,SRC_139,40.0,180.0,53.533251,N-winter,0.25,train,0.4225103263511777,False
sample_03785.jpg,SRC_037,15.0,180.0,44.468297,N-spring,0.25,calibration,0.49003525515377844,False
sample_03786.jpg,SRC_121,25.0,180.0,67.446292,N-autumn,0.5,validation,0.5077266283752675,False
sample_03787.jpg,SRC_158,-5.0,180.0,35.954137,N-winter,0.25,train,0.49313890377552816,False
sample_03788.jpg,SRC_078,15.0,180.0,40.437008,N-spring,0.25,train,0.4167258089543024,False
sample_03789.jpg,SRC_148,-15.0,180.0,49.227137,N-autumn,0.25,train,0.4108186233881036,False
sample_03790.jpg,SRC_156,10.0,180.0,48.737382,N-summer,0.25,train,0.38019380982606454,False
sample_03791.jpg,SRC_040,90.0,0.0,57.651744,N-spring,0.5,validation,0.415420296470955,False
sample_03792.jpg,SRC_072,15.0,180.0,46.966801,N-winter,0.25,train,0.3809608362541569,False
sample_03793.jpg,SRC_139,40.0,180.0,53.533251,N-winter,0.25,train,0.387434157653565,False
sample_03794.jpg,SRC_071,20.0,180.0,40.070501,N-spring,0.25,train,0.49324953715441433,False
sample_03795.jpg,SRC_106,25.0,180.0,40.638999,N-spring,0.5,validation,0.5001589695961339,False
sample_03796.jpg,SRC_109,50.0,180.0,54.137665,N-summer,0.25,validation,0.3868489346200927,False
sample_03797.jpg,SRC_008,25.0,180.0,61.005891,N-autumn,0.25,train,0.39671218367377986,False
sample_03798.jpg,SRC_151,-15.0,180.0,63.408071,N-summer,0.5,train,0.38213687856490214,False
sample_03799.jpg,SRC_124,0.0,180.0,51.928413,N-summer,0.25,train,0.469423093649716,False
sample_03800.jpg,SRC_030,-25.0,180.0,67.936804,N-spring,0.5,train,0.4314511229321633,False
sample_03801.jpg,SRC_038,-15.0,180.0,32.097448,N-winter,0.25,validation,0.472935942976619,False
sample_03802.jpg,SRC_133,-10.0,180.0,48.887369,N-spring,0.5,calibration,0.43011547757749213,False
sample_03803.jpg,SRC_041,15.0,180.0,46.712049,N-summer,0.25,calibration,0.3801720298116528,False
sample_03804.jpg,SRC_040,90.0,0.0,57.651744,N-spring,0.5,validation,0.4917778866166612,False
sample_03805.jpg,SRC_071,20.0,180.0,40.070501,N-spring,0.25,train,0.4432152313454032,False
sample_03806.jpg,SRC_134,-30.0,180.0,69.607895,N-spring,0.5,train,0.4930524736444356,False
sample_03807.jpg,SRC_170,-20.0,180.0,56.332579,N-autumn,0.25,train,0.41186304743889757,False
sample_03808.jpg,SRC_146,10.0,180.0,58.0428,N-summer,0.5,validation,0.4933193019863144,False
sample_03809.jpg,SRC_171,-35.0,180.0,63.65778,N-spring,0.25,calibration,0.3867877542162277,False
sample_03810.jpg,SRC_091,-40.0,180.0,72.511342,N-summer,0.5,train,0.43364286664500434,False
sample_03811.jpg,SRC_141,-10.0,180.0,55.206291,N-spring,0.25,train,0.3689219852118647,False
sample_03812.jpg,SRC_126,-20.0,180.0,68.779144,N-summer,0.5,train,0.49989965831064137,False
sample_03813.jpg,SRC_051,20.0,180.0,63.609319,N-autumn,0.5,train,0.40838402818874364,False
sample_03814.jpg,SRC_027,35.0,180.0,41.369436,N-spring,0.5,calibration,0.37897525376278673,False
sample_03815.jpg,SRC_121,25.0,180.0,67.446292,N-autumn,0.5,validation,0.3922704429569411,False
sample_03816.jpg,SRC_009,-25.0,180.0,73.827745,N-spring,0.5,train,0.47477444184119905,False
sample_03817.jpg,SRC_156,10.0,180.0,48.737382,N-summer,0.25,train,0.41890069205894376,False
sample_03818.jpg,SRC_011,-20.0,180.0,70.371153,N-summer,0.25,train,0.4956897493615412,False
sample_03819.jpg,SRC_078,15.0,180.0,40.437008,N-spring,0.25,train,0.4687722924692853,False
sample_03820.jpg,SRC_103,-35.0,180.0,57.090396,N-autumn,0.25,train,0.38745690927866355,False
sample_03821.jpg,SRC_107,20.0,180.0,65.68027,N-autumn,0.5,train,0.3966224105650914,False
sample_03822.jpg,SRC_091,-40.0,180.0,72.511342,N-summer,0.5,train,0.4219750548149066,False
sample_03823.jpg,SRC_049,5.0,180.0,42.94902,N-spring,0.25,train,0.5124083231297775,False
sample_03824.jpg,SRC_071,20.0,180.0,40.070501,N-spring,0.25,train,0.43131284081275273,False
sample_03825.jpg,SRC_131,10.0,180.0,60.540464,N-autumn,0.5,train,0.4751873640166613,False
sample_03826.jpg,SRC_103,-35.0,180.0,57.090396,N-autumn,0.25,train,0.38989549347624824,False
sample_03827.jpg,SRC_096,25.0,180.0,40.422288,N-spring,0.25,calibration,0.41076162977707587,False
sample_03828.jpg,SRC_021,-90.0,0.0,68.040851,N-autumn,0.5,calibration,0.39086084190336373,False
sample_03829.jpg,SRC_006,-15.0,180.0,65.638079,N-spring,0.5,train,0.4892919599497613,False
sample_03830.jpg,SRC_037,15.0,180.0,44.468297,N-spring,0.25,calibration,0.3868643502918571,False
sample_03831.jpg,SRC_067,-15.0,180.0,64.724247,N-spring,0.5,calibration,0.4013891823351191,False
sample_03832.jpg,SRC_038,-15.0,180.0,32.097448,N-winter,0.25,validation,0.40814230174907673,False
sample_03833.jpg,SRC_170,-20.0,180.0,56.332579,N-autumn,0.25,train,0.40935263284027334,False
sample_03834.jpg,SRC_058,30.0,180.0,69.060883,N-autumn,0.5,train,0.3920633830927069,False
sample_03835.jpg,SRC_015,20.0,180.0,46.484204,N-summer,0.25,train,0.4071519191462062,False
sample_03836.jpg,SRC_097,0.0,180.0,35.318175,N-winter,0.25,train,0.3754792935964911,False
sample_03837.jpg,SRC_030,-25.0,180.0,67.936804,N-spring,0.5,train,0.3837940491133877,False
sample_03838.jpg,SRC_006,-15.0,180.0,65.638079,N-spring,0.5,train,0.4346240276783352,False
sample_03839.jpg,SRC_160,-10.0,180.0,50.604377,N-autumn,0.25,train,0.39127109792419035,False
sample_03840.jpg,SRC_076,25.0,180.0,63.632584,N-autumn,0.25,validation,0.506902395873813,False
sample_03841.jpg,SRC_009,-25.0,180.0,73.827745,N-spring,0.5,train,0.3904058735261455,False
sample_03842.jpg,SRC_127,-35.0,180.0,47.507974,N-autumn,0.5,train,0.3900054382136575,False
sample_03843.jpg,SRC_103,-35.0,180.0,57.090396,N-autumn,0.25,train,0.4076573514753553,False
sample_03844.jpg,SRC_052,5.0,180.0,51.705435,N-summer,0.25,train,0.42168159145289386,False
sample_03845.jpg,SRC_063,25.0,180.0,41.329237,N-spring,0.25,train,0.3684591799698806,False
sample_03846.jpg,SRC_164,20.0,180.0,59.226879,N-autumn,0.25,train,0.46588216330623816,False
sample_03847.jpg,SRC_142,-30.0,180.0,34.276784,N-winter,0.25,train,0.4250286235144446,False
sample_03848.jpg,SRC_106,25.0,180.0,40.638999,N-spring,0.5,validation,0.5054223746089546,False
sample_03849.jpg,SRC_092,5.0,180.0,57.429528,N-autumn,0.25,validation,0.4082002465858968,False
sample_03850.jpg,SRC_092,5.0,180.0,57.429528,N-autumn,0.25,validation,0.3838036428237882,False
sample_03851.jpg,SRC_108,-40.0,180.0,68.856247,N-summer,0.5,validation,0.444367752633155,False
sample_03852.jpg,SRC_102,-10.0,180.0,52.255853,N-spring,0.25,train,0.44734175776447416,False
sample_03853.jpg,SRC_004,30.0,180.0,61.107468,N-autumn,0.5,train,0.4790835039172555,False
sample_03854.jpg,SRC_134,-30.0,180.0,69.607895,N-spring,0.5,train,0.3984528750495299,False
sample_03855.jpg,SRC_054,5.0,180.0,37.41608,N-winter,0.25,calibration,0.4338936044480378,False
sample_03856.jpg,SRC_127,-35.0,180.0,47.507974,N-autumn,0.5,train,0.4727814077357048,False
sample_03857.jpg,SRC_042,10.0,180.0,36.92431,N-spring,0.5,train,0.39542571668447857,False
sample_03858.jpg,SRC_049,5.0,180.0,42.94902,N-spring,0.25,train,0.4333260098841186,False
sample_03859.jpg,SRC_091,-40.0,180.0,72.511342,N-summer,0.5,train,0.3897525937740543,False
sample_03860.jpg,SRC_124,0.0,180.0,51.928413,N-summer,0.25,train,0.4003099161057464,False
sample_03861.jpg,SRC_053,-90.0,0.0,74.406575,N-winter,0.5,train,0.4993080922748626,False
sample_03862.jpg,SRC_008,25.0,180.0,61.005891,N-autumn,0.25,train,0.4118120321646705,False
sample_03863.jpg,SRC_084,-10.0,180.0,58.957849,N-summer,0.25,train,0.3857122091799185,False
sample_03864.jpg,SRC_091,-40.0,180.0,72.511342,N-summer,0.5,train,0.38842991277180144,False
sample_03865.jpg,SRC_004,30.0,180.0,61.107468,N-autumn,0.5,train,0.38197802649766477,False
sample_03866.jpg,SRC_169,40.0,180.0,48.615664,N-summer,0.25,validation,0.3851460864257269,False
sample_03867.jpg,SRC_009,-25.0,180.0,73.827745,N-spring,0.5,train,0.3855166465056865,False
sample_03868.jpg,SRC_030,-25.0,180.0,67.936804,N-spring,0.5,train,0.47345863477418926,False
sample_03869.jpg,SRC_148,-15.0,180.0,49.227137,N-autumn,0.25,train,0.4407577761317225,False
sample_03870.jpg,SRC_041,15.0,180.0,46.712049,N-summer,0.25,calibration,0.38649171033316343,False
sample_03871.jpg,SRC_125,-5.0,180.0,52.428603,N-spring,0.25,train,0.3959259289198851,False
sample_03872.jpg,SRC_084,-10.0,180.0,58.957849,N-summer,0.25,train,0.4838128508772841,False
sample_03873.jpg,SRC_111,-35.0,180.0,79.069883,N-spring,1.0,train,0.49792455366862953,False
sample_03874.jpg,SRC_167,90.0,0.0,58.639078,N-summer,0.5,calibration,0.43348945712278353,False
sample_03875.jpg,SRC_037,15.0,180.0,44.468297,N-spring,0.25,calibration,0.3831452151275815,False
sample_03876.jpg,SRC_069,25.0,180.0,48.120522,N-summer,0.5,train,0.525613874517916,False
sample_03877.jpg,SRC_165,10.0,180.0,42.451267,N-winter,0.25,calibration,0.40693678082042134,False
sample_03878.jpg,SRC_080,-25.0,180.0,69.726065,N-summer,0.25,calibration,0.49527046691999665,False
sample_03879.jpg,SRC_121,25.0,180.0,67.446292,N-autumn,0.5,validation,0.42558921960582224,False
sample_03880.jpg,SRC_009,-25.0,180.0,73.827745,N-spring,0.5,train,0.3798628470594152,False
sample_03881.jpg,SRC_067,-15.0,180.0,64.724247,N-spring,0.5,calibration,0.4412162806693254,False
sample_03882.jpg,SRC_119,90.0,0.0,58.642683,N-spring,0.25,calibration,0.46678907385042956,False
sample_03883.jpg,SRC_035,0.0,180.0,56.990187,N-autumn,0.25,train,0.47952300258424907,False
sample_03884.jpg,SRC_070,60.0,180.0,58.788969,N-summer,0.5,validation,0.39205442265423635,False
sample_03885.jpg,SRC_106,25.0,180.0,40.638999,N-spring,0.5,validation,0.4311641507742382,False
sample_03886.jpg,SRC_088,0.0,180.0,53.004483,N-summer,0.25,train,0.41501332409131503,False
sample_03887.jpg,SRC_074,0.0,180.0,50.25459,N-spring,0.5,train,0.4982619814340402,False
sample_03888.jpg,SRC_085,0.0,180.0,39.187341,N-spring,0.25,train,0.42403201674584007,False
sample_03889.jpg,SRC_099,15.0,180.0,42.024472,N-spring,0.5,train,0.3881142915309435,False
sample_03890.jpg,SRC_030,-25.0,180.0,67.936804,N-spring,0.5,train,0.37894256010103355,False
sample_03891.jpg,SRC_094,20.0,180.0,66.934532,N-autumn,0.25,train,0.39489143779534774,False
sample_03892.jpg,SRC_062,45.0,180.0,81.508965,N-autumn,0.5,train,0.38952311778025595,False
sample_03893.jpg,SRC_108,-40.0,180.0,68.856247,N-summer,0.5,validation,0.38671414408328786,False
sample_03894.jpg,SRC_063,25.0,180.0,41.329237,N-spring,0.25,train,0.3890873292581264,False
sample_03895.jpg,SRC_111,-35.0,180.0,79.069883,N-spring,1.0,train,0.4412210932323961,False
sample_03896.jpg,SRC_074,0.0,180.0,50.25459,N-spring,0.5,train,0.4039926463669472,False
sample_03897.jpg,SRC_159,20.0,180.0,67.076816,N-autumn,0.25,train,0.4054127712912366,False
sample_03898.jpg,SRC_142,-30.0,180.0,34.276784,N-winter,0.25,train,0.44780862936588406,False
sample_03899.jpg,SRC_099,15.0,180.0,42.024472,N-spring,0.5,train,0.3817726981816672,False
sample_03900.jpg,SRC_098,-45.0,180.0,70.730178,N-summer,0.25,calibration,0.48469503646067713,False
sample_03901.jpg,SRC_154,0.0,180.0,54.770875,N-summer,0.5,train,0.5301016408641777,False
sample_03902.jpg,SRC_073,45.0,180.0,41.537171,N-spring,0.25,train,0.4236169591112196,False
sample_03903.jpg,SRC_022,20.0,180.0,41.513642,N-spring,0.25,train,0.4175541409652898,False
sample_03904.jpg,SRC_076,25.0,180.0,63.632584,N-autumn,0.25,validation,0.3859392299330017,False
sample_03905.jpg,SRC_042,10.0,180.0,36.92431,N-spring,0.5,train,0.40305490497736673,False
sample_03906.jpg,SRC_009,-25.0,180.0,73.827745,N-spring,0.5,train,0.3925934212504258,False
sample_03907.jpg,SRC_108,-40.0,180.0,68.856247,N-summer,0.5,validation,0.37806967638329175,False
sample_03908.jpg,SRC_127,-35.0,180.0,47.507974,N-autumn,0.5,train,0.38284705928289064,False
sample_03909.jpg,SRC_131,10.0,180.0,60.540464,N-autumn,0.5,train,0.4534006321319609,False
sample_03910.jpg,SRC_010,90.0,0.0,74.440619,N-summer,0.5,train,0.49919636759300695,False
sample_03911.jpg,SRC_101,5.0,180.0,48.479381,N-winter,0.25,validation,0.49981708996264046,False
sample_03912.jpg,SRC_076,25.0,180.0,63.632584,N-autumn,0.25,validation,0.3789897325361783,False
sample_03913.jpg,SRC_014,-40.0,180.0,38.480327,N-winter,0.25,calibration,0.37538902228314425,False
sample_03914.jpg,SRC_009,-25.0,180.0,73.827745,N-spring,0.5,train,0.3865641677256114,False
sample_03915.jpg,SRC_004,30.0,180.0,61.107468,N-autumn,0.5,train,0.38025350389799584,False
sample_03916.jpg,SRC_114,-10.0,180.0,58.176498,N-autumn,0.5,calibration,0.3812148727347741,False
sample_03917.jpg,SRC_169,40.0,180.0,48.615664,N-summer,0.25,validation,0.37295880939247816,False
sample_03918.jpg,SRC_108,-40.0,180.0,68.856247,N-summer,0.5,validation,0.5158200097798984,False
sample_03919.jpg,SRC_126,-20.0,180.0,68.779144,N-summer,0.5,train,0.3862055541192625,False
sample_03920.jpg,SRC_146,10.0,180.0,58.0428,N-summer,0.5,validation,0.39749809016470794,False
sample_03921.jpg,SRC_052,5.0,180.0,51.705435,N-summer,0.25,train,0.4979568847986441,False
sample_03922.jpg,SRC_099,15.0,180.0,42.024472,N-spring,0.5,train,0.49902030715891216,False
sample_03923.jpg,SRC_115,25.0,180.0,41.8845,N-spring,0.25,train,0.42849070317414284,False
sample_03924.jpg,SRC_141,-10.0,180.0,55.206291,N-spring,0.25,train,0.46936859763893857,False
sample_03925.jpg,SRC_042,10.0,180.0,36.92431,N-spring,0.5,train,0.43107821530459917,False
sample_03926.jpg,SRC_145,-5.0,180.0,52.15166,N-spring,0.25,train,0.4248414166093122,False
sample_03927.jpg,SRC_091,-40.0,180.0,72.511342,N-summer,0.5,train,0.390354726936067,False
sample_03928.jpg,SRC_108,-40.0,180.0,68.856247,N-summer,0.5,validation,0.43434998799725755,False
sample_03929.jpg,SRC_030,-25.0,180.0,67.936804,N-spring,0.5,train,0.3842571631608222,False
sample_03930.jpg,SRC_099,15.0,180.0,42.024472,N-spring,0.5,train,0.45885339458130525,False
sample_03931.jpg,SRC_126,-20.0,180.0,68.779144,N-summer,0.5,train,0.3775350565204035,False
sample_03932.jpg,SRC_088,0.0,180.0,53.004483,N-summer,0.25,train,0.4102438649997521,False
sample_03933.jpg,SRC_074,0.0,180.0,50.25459,N-spring,0.5,train,0.4202814224288652,False
sample_03934.jpg,SRC_027,35.0,180.0,41.369436,N-spring,0.5,calibration,0.38431948712472763,False
sample_03935.jpg,SRC_103,-35.0,180.0,57.090396,N-autumn,0.25,train,0.392957820613211,False
sample_03936.jpg,SRC_097,0.0,180.0,35.318175,N-winter,0.25,train,0.40964069724334673,False
sample_03937.jpg,SRC_100,20.0,180.0,41.506528,N-spring,0.25,train,0.3883237977441329,False
sample_03938.jpg,SRC_030,-25.0,180.0,67.936804,N-spring,0.5,train,0.39598344584628153,False
sample_03939.jpg,SRC_063,25.0,180.0,41.329237,N-spring,0.25,train,0.36823793373720304,False
sample_03940.jpg,SRC_115,25.0,180.0,41.8845,N-spring,0.25,train,0.3912327611648128,False
sample_03941.jpg,SRC_134,-30.0,180.0,69.607895,N-spring,0.5,train,0.4737508692554062,False
sample_03942.jpg,SRC_157,40.0,180.0,44.22455,N-summer,0.25,train,0.3830418411410409,False
sample_03943.jpg,SRC_169,40.0,180.0,48.615664,N-summer,0.25,validation,0.3834388503322299,False
sample_03944.jpg,SRC_111,-35.0,180.0,79.069883,N-spring,1.0,train,0.4221551617498288,False
sample_03945.jpg,SRC_114,-10.0,180.0,58.176498,N-autumn,0.5,calibration,0.3781001339774389,False
sample_03946.jpg,SRC_156,10.0,180.0,48.737382,N-summer,0.25,train,0.37813055053304323,False
sample_03947.jpg,SRC_082,-10.0,180.0,60.444036,N-spring,0.25,train,0.48062098109452567,False
sample_03948.jpg,SRC_052,5.0,180.0,51.705435,N-summer,0.25,train,0.4462784673299831,False
sample_03949.jpg,SRC_139,40.0,180.0,53.533251,N-winter,0.25,train,0.39218305202397297,False
sample_03950.jpg,SRC_047,0.0,180.0,48.028677,N-spring,0.5,train,0.47519196999163266,False
sample_03951.jpg,SRC_030,-25.0,180.0,67.936804,N-spring,0.5,train,0.38542156195600297,False
sample_03952.jpg,SRC_056,-40.0,180.0,74.660587,N-summer,0.5,train,0.46111330878681595,False
sample_03953.jpg,SRC_022,20.0,180.0,41.513642,N-spring,0.25,train,0.42600378019842894,False
sample_03954.jpg,SRC_074,0.0,180.0,50.25459,N-spring,0.5,train,0.5092090176238078,False
sample_03955.jpg,SRC_046,0.0,180.0,58.061031,N-autumn,0.25,validation,0.3883272368527546,False
sample_03956.jpg,SRC_029,-5.0,180.0,45.485648,N-autumn,0.25,train,0.3920233744009517,False
sample_03957.jpg,SRC_093,-25.0,180.0,43.343655,N-autumn,0.5,calibration,0.388086223327296,False
sample_03958.jpg,SRC_052,5.0,180.0,51.705435,N-summer,0.25,train,0.4104151612499877,False
sample_03959.jpg,SRC_158,-5.0,180.0,35.954137,N-winter,0.25,train,0.3879578279330231,False
sample_03960.jpg,SRC_124,0.0,180.0,51.928413,N-summer,0.25,train,0.3896475584332405,False
sample_03961.jpg,SRC_144,-35.0,180.0,76.731052,N-spring,0.5,train,0.4148510823023487,False
sample_03962.jpg,SRC_050,0.0,180.0,53.680047,N-summer,0.25,calibration,0.4125046223479917,False
sample_03963.jpg,SRC_158,-5.0,180.0,35.954137,N-winter,0.25,train,0.3885960513359904,False
sample_03964.jpg,SRC_009,-25.0,180.0,73.827745,N-spring,0.5,train,0.41345739461576914,False
sample_03965.jpg,SRC_074,0.0,180.0,50.25459,N-spring,0.5,train,0.5009570318550011,False
sample_03966.jpg,SRC_013,50.0,180.0,54.051464,N-spring,0.5,train,0.43013448027210466,False
sample_03967.jpg,SRC_071,20.0,180.0,40.070501,N-spring,0.25,train,0.521317637984891,False
sample_03968.jpg,SRC_049,5.0,180.0,42.94902,N-spring,0.25,train,0.43976132296180276,False
sample_03969.jpg,SRC_006,-15.0,180.0,65.638079,N-spring,0.5,train,0.4028262622255411,False
sample_03970.jpg,SRC_103,-35.0,180.0,57.090396,N-autumn,0.25,train,0.41699133104770664,False
sample_03971.jpg,SRC_125,-5.0,180.0,52.428603,N-spring,0.25,train,0.39311052027831506,False
sample_03972.jpg,SRC_096,25.0,180.0,40.422288,N-spring,0.25,calibration,0.4130535705292499,False
sample_03973.jpg,SRC_128,90.0,0.0,56.634817,N-spring,0.5,validation,0.4475123912510416,False
sample_03974.jpg,SRC_041,15.0,180.0,46.712049,N-summer,0.25,calibration,0.36781082825748285,False
sample_03975.jpg,SRC_051,20.0,180.0,63.609319,N-autumn,0.5,train,0.4474952711386761,False
sample_03976.jpg,SRC_067,-15.0,180.0,64.724247,N-spring,0.5,calibration,0.4683407752927239,False
sample_03977.jpg,SRC_076,25.0,180.0,63.632584,N-autumn,0.25,validation,0.37500156752686875,False
sample_03978.jpg,SRC_108,-40.0,180.0,68.856247,N-summer,0.5,validation,0.37237015016978686,False
sample_03979.jpg,SRC_011,-20.0,180.0,70.371153,N-summer,0.25,train,0.39268542713415805,False
sample_03980.jpg,SRC_148,-15.0,180.0,49.227137,N-autumn,0.25,train,0.4228539100178555,False
sample_03981.jpg,SRC_101,5.0,180.0,48.479381,N-winter,0.25,validation,0.4691223366271441,False
sample_03982.jpg,SRC_047,0.0,180.0,48.028677,N-spring,0.5,train,0.4559578300813265,False
sample_03983.jpg,SRC_074,0.0,180.0,50.25459,N-spring,0.5,train,0.3831361496922696,False
sample_03984.jpg,SRC_133,-10.0,180.0,48.887369,N-spring,0.5,calibration,0.42805197973642606,False
sample_03985.jpg,SRC_004,30.0,180.0,61.107468,N-autumn,0.5,train,0.38092226160638737,False
sample_03986.jpg,SRC_145,-5.0,180.0,52.15166,N-spring,0.25,train,0.42902356945861414,False
sample_03987.jpg,SRC_121,25.0,180.0,67.446292,N-autumn,0.5,validation,0.3835199889361458,False
sample_03988.jpg,SRC_044,-90.0,0.0,81.862162,N-autumn,0.5,train,0.49834070032989936,False
sample_03989.jpg,SRC_076,25.0,180.0,63.632584,N-autumn,0.25,validation,0.3950783284366172,False
sample_03990.jpg,SRC_037,15.0,180.0,44.468297,N-spring,0.25,calibration,0.38570227591244227,False
sample_03991.jpg,SRC_133,-10.0,180.0,48.887369,N-spring,0.5,calibration,0.41408620528076856,False
sample_03992.jpg,SRC_096,25.0,180.0,40.422288,N-spring,0.25,calibration,0.38972833756129416,False
sample_03993.jpg,SRC_154,0.0,180.0,54.770875,N-summer,0.5,train,0.5115364853435861,False
sample_03994.jpg,SRC_006,-15.0,180.0,65.638079,N-spring,0.5,train,0.41299775986582965,False
sample_03995.jpg,SRC_114,-10.0,180.0,58.176498,N-autumn,0.5,calibration,0.500907479172872,False
sample_03996.jpg,SRC_091,-40.0,180.0,72.511342,N-summer,0.5,train,0.42499813310291346,False
sample_03997.jpg,SRC_121,25.0,180.0,67.446292,N-autumn,0.5,validation,0.40329406065741435,False
sample_03998.jpg,SRC_017,-90.0,0.0,64.6979,N-winter,0.25,train,0.41354220927837665,False
sample_03999.jpg,SRC_157,40.0,180.0,44.22455,N-summer,0.25,train,0.38071000304380076,False
sample_04000.jpg,SRC_030,-25.0,180.0,67.936804,N-spring,0.5,train,0.4155265821523253,False
sample_04001.jpg,SRC_013,50.0,180.0,54.051464,N-spring,0.5,train,0.39424349545247656,False
sample_04002.jpg,SRC_022,20.0,180.0,41.513642,N-spring,0.25,train,0.4594541776304893,False
sample_04003.jpg,SRC_109,50.0,180.0,54.137665,N-summer,0.25,validation,0.3862684540012776,False
sample_04004.jpg,SRC_124,0.0,180.0,51.928413,N-summer,0.25,train,0.38841884920423486,False
sample_04005.jpg,SRC_007,20.0,180.0,49.485932,N-winter,0.25,validation,0.38537897689838063,False
sample_04006.jpg,SRC_099,15.0,180.0,42.024472,N-spring,0.5,train,0.3884192456832021,False
sample_04007.jpg,SRC_013,50.0,180.0,54.051464,N-spring,0.5,train,0.37790157583052614,False
sample_04008.jpg,SRC_092,5.0,180.0,57.429528,N-autumn,0.25,validation,0.5124104970696373,False
sample_04009.jpg,SRC_158,-5.0,180.0,35.954137,N-winter,0.25,train,0.39226786621699056,False
sample_04010.jpg,SRC_114,-10.0,180.0,58.176498,N-autumn,0.5,calibration,0.38262992010246333,False
sample_04011.jpg,SRC_073,45.0,180.0,41.537171,N-spring,0.25,train,0.4712718030960197,False
sample_04012.jpg,SRC_142,-30.0,180.0,34.276784,N-winter,0.25,train,0.45043772506040447,False
sample_04013.jpg,SRC_136,-35.0,180.0,76.922409,N-spring,0.5,train,0.4338033276710943,False
sample_04014.jpg,SRC_108,-40.0,180.0,68.856247,N-summer,0.5,validation,0.37724696412306014,False
sample_04015.jpg,SRC_140,35.0,180.0,44.85556,N-spring,0.25,validation,0.39656093449596386,False
sample_04016.jpg,SRC_107,20.0,180.0,65.68027,N-autumn,0.5,train,0.42666647141798075,False
sample_04017.jpg,SRC_083,0.0,180.0,55.378885,N-spring,0.25,train,0.5156175311815182,False
sample_04018.jpg,SRC_030,-25.0,180.0,67.936804,N-spring,0.5,train,0.38214516187004316,False
sample_04019.jpg,SRC_074,0.0,180.0,50.25459,N-spring,0.5,train,0.505016689102779,False
sample_04020.jpg,SRC_146,10.0,180.0,58.0428,N-summer,0.5,validation,0.39276073597086103,False
sample_04021.jpg,SRC_046,0.0,180.0,58.061031,N-autumn,0.25,validation,0.38160755152439674,False
sample_04022.jpg,SRC_013,50.0,180.0,54.051464,N-spring,0.5,train,0.39145132171814856,False
sample_04023.jpg,SRC_059,15.0,180.0,48.046698,N-summer,0.25,train,0.4003913137455114,False
sample_04024.jpg,SRC_129,20.0,180.0,41.057252,N-spring,0.25,train,0.4690898623015035,False
sample_04025.jpg,SRC_083,0.0,180.0,55.378885,N-spring,0.25,train,0.476973511253175,False
sample_04026.jpg,SRC_058,30.0,180.0,69.060883,N-autumn,0.5,train,0.43231436466966455,False
sample_04027.jpg,SRC_130,25.0,180.0,37.507656,N-spring,0.25,validation,0.4198235251888591,False
sample_04028.jpg,SRC_069,25.0,180.0,48.120522,N-summer,0.5,train,0.3883147007688554,False
sample_04029.jpg,SRC_082,-10.0,180.0,60.444036,N-spring,0.25,train,0.4997838854998551,False
sample_04030.jpg,SRC_170,-20.0,180.0,56.332579,N-autumn,0.25,train,0.46114804621805383,False
sample_04031.jpg,SRC_118,35.0,180.0,49.493581,N-summer,0.25,validation,0.36133708504368894,False
sample_04032.jpg,SRC_112,-30.0,180.0,67.516648,N-spring,0.5,train,0.3887702228520306,False
sample_04033.jpg,SRC_009,-25.0,180.0,73.827745,N-spring,0.5,train,0.41746947956278424,False
sample_04034.jpg,SRC_170,-20.0,180.0,56.332579,N-autumn,0.25,train,0.45790864112758484,False
sample_04035.jpg,SRC_154,0.0,180.0,54.770875,N-summer,0.5,train,0.5177990739497824,False
sample_04036.jpg,SRC_004,30.0,180.0,61.107468,N-autumn,0.5,train,0.3960325606154479,False
sample_04037.jpg,SRC_075,-90.0,0.0,65.329336,N-winter,0.25,train,0.3747180099959423,False
sample_04038.jpg,SRC_094,20.0,180.0,66.934532,N-autumn,0.25,train,0.3811535849953088,False
sample_04039.jpg,SRC_108,-40.0,180.0,68.856247,N-summer,0.5,validation,0.3896803369809102,False
sample_04040.jpg,SRC_004,30.0,180.0,61.107468,N-autumn,0.5,train,0.37742545915603465,False
sample_04041.jpg,SRC_087,0.0,180.0,54.65824,N-summer,0.25,train,0.41479544202307467,False
sample_04042.jpg,SRC_111,-35.0,180.0,79.069883,N-spring,1.0,train,0.42344714169480924,False
sample_04043.jpg,SRC_056,-40.0,180.0,74.660587,N-summer,0.5,train,0.48228855851126023,False
sample_04044.jpg,SRC_125,-5.0,180.0,52.428603,N-spring,0.25,train,0.43393742245568684,False
sample_04045.jpg,SRC_117,-90.0,0.0,60.317034,N-winter,0.25,train,0.46383371510139365,False
sample_04046.jpg,SRC_054,5.0,180.0,37.41608,N-winter,0.25,calibration,0.5127790450605312,False
sample_04047.jpg,SRC_052,5.0,180.0,51.705435,N-summer,0.25,train,0.4865145187450274,False
sample_04048.jpg,SRC_084,-10.0,180.0,58.957849,N-summer,0.25,train,0.49566396432238413,False
sample_04049.jpg,SRC_124,0.0,180.0,51.928413,N-summer,0.25,train,0.3949844132467645,False
sample_04050.jpg,SRC_135,5.0,180.0,41.328761,N-winter,0.5,train,0.4276331324434663,False
sample_04051.jpg,SRC_061,50.0,180.0,43.110277,N-spring,0.5,train,0.41057621891414203,False
sample_04052.jpg,SRC_077,-5.0,180.0,34.299081,N-winter,0.25,train,0.38925977525496225,False
sample_04053.jpg,SRC_067,-15.0,180.0,64.724247,N-spring,0.5,calibration,0.48944758064283567,False
sample_04054.jpg,SRC_103,-35.0,180.0,57.090396,N-autumn,0.25,train,0.4239323019273554,False
sample_04055.jpg,SRC_085,0.0,180.0,39.187341,N-spring,0.25,train,0.39519632155791395,False
sample_04056.jpg,SRC_013,50.0,180.0,54.051464,N-spring,0.5,train,0.3959920739440488,False
sample_04057.jpg,SRC_022,20.0,180.0,41.513642,N-spring,0.25,train,0.38682263090430186,False
sample_04058.jpg,SRC_057,-5.0,180.0,57.599617,N-summer,0.25,train,0.3766785153224947,False
sample_04059.jpg,SRC_081,-90.0,0.0,74.772433,N-autumn,0.25,train,0.5117355555994474,False
sample_04060.jpg,SRC_032,-5.0,180.0,52.490186,N-spring,0.25,train,0.5356480821452003,False
sample_04061.jpg,SRC_040,90.0,0.0,57.651744,N-spring,0.5,validation,0.39217500185223547,False
sample_04062.jpg,SRC_159,20.0,180.0,67.076816,N-autumn,0.25,train,0.4001511701515514,False
sample_04063.jpg,SRC_070,60.0,180.0,58.788969,N-summer,0.5,validation,0.4061759744362175,False
sample_04064.jpg,SRC_010,90.0,0.0,74.440619,N-summer,0.5,train,0.48687234443399346,False
sample_04065.jpg,SRC_092,5.0,180.0,57.429528,N-autumn,0.25,validation,0.398168554612814,False
sample_04066.jpg,SRC_065,30.0,180.0,68.700871,N-winter,0.5,validation,0.3890689917624658,False
sample_04067.jpg,SRC_121,25.0,180.0,67.446292,N-autumn,0.5,validation,0.3925476417015149,False
sample_04068.jpg,SRC_085,0.0,180.0,39.187341,N-spring,0.25,train,0.5117870659139634,False
sample_04069.jpg,SRC_004,30.0,180.0,61.107468,N-autumn,0.5,train,0.3843024723595798,False
sample_04070.jpg,SRC_004,30.0,180.0,61.107468,N-autumn,0.5,train,0.3910276352979113,False
sample_04071.jpg,SRC_038,-15.0,180.0,32.097448,N-winter,0.25,validation,0.3840291765111238,False
sample_04072.jpg,SRC_009,-25.0,180.0,73.827745,N-spring,0.5,train,0.40014982584780706,False
sample_04073.jpg,SRC_133,-10.0,180.0,48.887369,N-spring,0.5,calibration,0.398202250739367,False
sample_04074.jpg,SRC_065,30.0,180.0,68.700871,N-winter,0.5,validation,0.5516139890391071,False
sample_04075.jpg,SRC_099,15.0,180.0,42.024472,N-spring,0.5,train,0.5035826773868838,False
sample_04076.jpg,SRC_046,0.0,180.0,58.061031,N-autumn,0.25,validation,0.38496273426348937,False
sample_04077.jpg,SRC_092,5.0,180.0,57.429528,N-autumn,0.25,validation,0.38207790576266654,False
sample_04078.jpg,SRC_027,35.0,180.0,41.369436,N-spring,0.5,calibration,0.38581027362023573,False
sample_04079.jpg,SRC_058,30.0,180.0,69.060883,N-autumn,0.5,train,0.4716634536348797,False
sample_04080.jpg,SRC_103,-35.0,180.0,57.090396,N-autumn,0.25,train,0.39919086633497286,False
sample_04081.jpg,SRC_135,5.0,180.0,41.328761,N-winter,0.5,train,0.4760771261244729,False
sample_04082.jpg,SRC_144,-35.0,180.0,76.731052,N-spring,0.5,train,0.4360871584398131,False
sample_04083.jpg,SRC_102,-10.0,180.0,52.255853,N-spring,0.25,train,0.4062376792555762,False
sample_04084.jpg,SRC_046,0.0,180.0,58.061031,N-autumn,0.25,validation,0.43248498339782193,False
sample_04085.jpg,SRC_075,-90.0,0.0,65.329336,N-winter,0.25,train,0.3806118062289238,False
sample_04086.jpg,SRC_004,30.0,180.0,61.107468,N-autumn,0.5,train,0.3914400997660547,False
sample_04087.jpg,SRC_100,20.0,180.0,41.506528,N-spring,0.25,train,0.389487082035919,False
sample_04088.jpg,SRC_055,-5.0,180.0,57.335076,N-spring,0.25,train,0.40470469784260477,False
sample_04089.jpg,SRC_076,25.0,180.0,63.632584,N-autumn,0.25,validation,0.480983716919453,False
sample_04090.jpg,SRC_062,45.0,180.0,81.508965,N-autumn,0.5,train,0.3844544206461548,False
sample_04091.jpg,SRC_126,-20.0,180.0,68.779144,N-summer,0.5,train,0.49390171114307513,False
sample_04092.jpg,SRC_141,-10.0,180.0,55.206291,N-spring,0.25,train,0.3738402518233067,False
sample_04093.jpg,SRC_157,40.0,180.0,44.22455,N-summer,0.25,train,0.4260645045329686,False
sample_04094.jpg,SRC_145,-5.0,180.0,52.15166,N-spring,0.25,train,0.39377796484313843,False
sample_04095.jpg,SRC_168,90.0,0.0,64.709631,N-summer,0.25,train,0.5132677927113626,False
sample_04096.jpg,SRC_108,-40.0,180.0,68.856247,N-summer,0.5,validation,0.3888384839429617,False
sample_04097.jpg,SRC_101,5.0,180.0,48.479381,N-winter,0.25,validation,0.43844158912905523,False
sample_04098.jpg,SRC_018,-90.0,0.0,67.882485,N-winter,0.25,train,0.38787111178823686,False
sample_04099.jpg,SRC_168,90.0,0.0,64.709631,N-summer,0.25,train,0.39387871016551185,False
sample_04100.jpg,SRC_028,10.0,180.0,42.894848,N-spring,0.25,calibration,0.38671367979593,False
sample_04101.jpg,SRC_096,25.0,180.0,40.422288,N-spring,0.25,calibration,0.38070737505464913,False
sample_04102.jpg,SRC_063,25.0,180.0,41.329237,N-spring,0.25,train,0.3729314690939874,False
sample_04103.jpg,SRC_047,0.0,180.0,48.028677,N-spring,0.5,train,0.45108803090446303,False
sample_04104.jpg,SRC_158,-5.0,180.0,35.954137,N-winter,0.25,train,0.38747260820612767,False
sample_04105.jpg,SRC_127,-35.0,180.0,47.507974,N-autumn,0.5,train,0.3892488063225632,False
sample_04106.jpg,SRC_115,25.0,180.0,41.8845,N-spring,0.25,train,0.41102911275258347,False
sample_04107.jpg,SRC_004,30.0,180.0,61.107468,N-autumn,0.5,train,0.3782756262877715,False
sample_04108.jpg,SRC_151,-15.0,180.0,63.408071,N-summer,0.5,train,0.3880335266328694,False
sample_04109.jpg,SRC_092,5.0,180.0,57.429528,N-autumn,0.25,validation,0.4794564218875298,False
sample_04110.jpg,SRC_126,-20.0,180.0,68.779144,N-summer,0.5,train,0.39242544772486976,False
sample_04111.jpg,SRC_083,0.0,180.0,55.378885,N-spring,0.25,train,0.4725718180301146,False
sample_04112.jpg,SRC_157,40.0,180.0,44.22455,N-summer,0.25,train,0.38582315925774124,False
sample_04113.jpg,SRC_164,20.0,180.0,59.226879,N-autumn,0.25,train,0.5232736021821042,False
sample_04114.jpg,SRC_069,25.0,180.0,48.120522,N-summer,0.5,train,0.5013022388051248,False
sample_04115.jpg,SRC_022,20.0,180.0,41.513642,N-spring,0.25,train,0.4272784552142109,False
sample_04116.jpg,SRC_073,45.0,180.0,41.537171,N-spring,0.25,train,0.3947371592124358,False
sample_04117.jpg,SRC_158,-5.0,180.0,35.954137,N-winter,0.25,train,0.38515087740017273,False
sample_04118.jpg,SRC_171,-35.0,180.0,63.65778,N-spring,0.25,calibration,0.37971477347273597,False
sample_04119.jpg,SRC_170,-20.0,180.0,56.332579,N-autumn,0.25,train,0.4145719310522445,False
sample_04120.jpg,SRC_038,-15.0,180.0,32.097448,N-winter,0.25,validation,0.4061681424358583,False
sample_04121.jpg,SRC_092,5.0,180.0,57.429528,N-autumn,0.25,validation,0.40250816105967485,False
sample_04122.jpg,SRC_020,35.0,180.0,42.075965,N-summer,0.25,train,0.39687441311542326,False
sample_04123.jpg,SRC_130,25.0,180.0,37.507656,N-spring,0.25,validation,0.4131853986541295,False
sample_04124.jpg,SRC_059,15.0,180.0,48.046698,N-summer,0.25,train,0.39250248548412986,False
sample_04125.jpg,SRC_009,-25.0,180.0,73.827745,N-spring,0.5,train,0.38992581966435946,False
sample_04126.jpg,SRC_064,90.0,0.0,60.573524,N-spring,0.25,train,0.46999383071759143,False
sample_04127.jpg,SRC_134,-30.0,180.0,69.607895,N-spring,0.5,train,0.501171872405248,False
sample_04128.jpg,SRC_084,-10.0,180.0,58.957849,N-summer,0.25,train,0.387372785006973,False
sample_04129.jpg,SRC_113,-35.0,180.0,36.668707,N-winter,0.25,train,0.377486129615606,False
sample_04130.jpg,SRC_006,-15.0,180.0,65.638079,N-spring,0.5,train,0.4847975745113584,False
sample_04131.jpg,SRC_028,10.0,180.0,42.894848,N-spring,0.25,calibration,0.4385439983282572,False
sample_04132.jpg,SRC_048,-25.0,180.0,61.920556,N-autumn,0.25,train,0.4111714388893085,False
sample_04133.jpg,SRC_141,-10.0,180.0,55.206291,N-spring,0.25,train,0.3759098424311992,False
sample_04134.jpg,SRC_168,90.0,0.0,64.709631,N-summer,0.25,train,0.4653524061972275,False
sample_04135.jpg,SRC_048,-25.0,180.0,61.920556,N-autumn,0.25,train,0.381341894613885,False
sample_04136.jpg,SRC_009,-25.0,180.0,73.827745,N-spring,0.5,train,0.386815759788905,False
sample_04137.jpg,SRC_114,-10.0,180.0,58.176498,N-autumn,0.5,calibration,0.3817341483870894,False
sample_04138.jpg,SRC_051,20.0,180.0,63.609319,N-autumn,0.5,train,0.4842332322267783,False
sample_04139.jpg,SRC_108,-40.0,180.0,68.856247,N-summer,0.5,validation,0.38389495523444417,False
sample_04140.jpg,SRC_038,-15.0,180.0,32.097448,N-winter,0.25,validation,0.448653295772446,False
sample_04141.jpg,SRC_047,0.0,180.0,48.028677,N-spring,0.5,train,0.4390292626950873,False
sample_04142.jpg,SRC_072,15.0,180.0,46.966801,N-winter,0.25,train,0.4636744254506834,False
sample_04143.jpg,SRC_055,-5.0,180.0,57.335076,N-spring,0.25,train,0.42427492307658854,False
sample_04144.jpg,SRC_066,-10.0,180.0,61.81065,N-summer,0.5,validation,0.5140407910553143,False
sample_04145.jpg,SRC_034,40.0,180.0,46.055099,N-summer,0.25,train,0.3870865132248757,False
sample_04146.jpg,SRC_169,40.0,180.0,48.615664,N-summer,0.25,validation,0.3775072128201427,False
sample_04147.jpg,SRC_030,-25.0,180.0,67.936804,N-spring,0.5,train,0.3743457262828044,False
sample_04148.jpg,SRC_124,0.0,180.0,51.928413,N-summer,0.25,train,0.39970639479826053,False
sample_04149.jpg,SRC_044,-90.0,0.0,81.862162,N-autumn,0.5,train,0.4617082578400609,False
sample_04150.jpg,SRC_111,-35.0,180.0,79.069883,N-spring,1.0,train,0.4439019233521832,False
sample_04151.jpg,SRC_065,30.0,180.0,68.700871,N-winter,0.5,validation,0.38908677786830015,False
sample_04152.jpg,SRC_068,0.0,180.0,56.216196,N-summer,0.25,train,0.38807795635394765,False
sample_04153.jpg,SRC_074,0.0,180.0,50.25459,N-spring,0.5,train,0.4600659262716005,False
sample_04154.jpg,SRC_115,25.0,180.0,41.8845,N-spring,0.25,train,0.39625313764717135,False
sample_04155.jpg,SRC_047,0.0,180.0,48.028677,N-spring,0.5,train,0.4486974852269155,False
sample_04156.jpg,SRC_066,-10.0,180.0,61.81065,N-summer,0.5,validation,0.372388565796538,False
sample_04157.jpg,SRC_111,-35.0,180.0,79.069883,N-spring,1.0,train,0.42796212007261725,False
sample_04158.jpg,SRC_047,0.0,180.0,48.028677,N-spring,0.5,train,0.4949289593372831,False
sample_04159.jpg,SRC_042,10.0,180.0,36.92431,N-spring,0.5,train,0.3943178917307978,False
sample_04160.jpg,SRC_003,0.0,180.0,38.090051,N-spring,0.25,train,0.3772512812831649,False
sample_04161.jpg,SRC_055,-5.0,180.0,57.335076,N-spring,0.25,train,0.4676487195894907,False
sample_04162.jpg,SRC_158,-5.0,180.0,35.954137,N-winter,0.25,train,0.3807387541473074,False
sample_04163.jpg,SRC_069,25.0,180.0,48.120522,N-summer,0.5,train,0.4063356306348706,False
sample_04164.jpg,SRC_022,20.0,180.0,41.513642,N-spring,0.25,train,0.4027848149295613,False
sample_04165.jpg,SRC_027,35.0,180.0,41.369436,N-spring,0.5,calibration,0.3671990584720775,False
sample_04166.jpg,SRC_099,15.0,180.0,42.024472,N-spring,0.5,train,0.38136852533190246,False
sample_04167.jpg,SRC_014,-40.0,180.0,38.480327,N-winter,0.25,calibration,0.4874686405020515,False
sample_04168.jpg,SRC_081,-90.0,0.0,74.772433,N-autumn,0.25,train,0.47715423242512695,False
sample_04169.jpg,SRC_047,0.0,180.0,48.028677,N-spring,0.5,train,0.44112776016906696,False
sample_04170.jpg,SRC_095,-20.0,180.0,56.495654,N-spring,0.5,train,0.490951744007035,False
sample_04171.jpg,SRC_112,-30.0,180.0,67.516648,N-spring,0.5,train,0.4201013497874048,False
sample_04172.jpg,SRC_020,35.0,180.0,42.075965,N-summer,0.25,train,0.3848358363487203,False
sample_04173.jpg,SRC_065,30.0,180.0,68.700871,N-winter,0.5,validation,0.3897813127713214,False
sample_04174.jpg,SRC_049,5.0,180.0,42.94902,N-spring,0.25,train,0.464454729193985,False
sample_04175.jpg,SRC_027,35.0,180.0,41.369436,N-spring,0.5,calibration,0.5200865690814135,False
sample_04176.jpg,SRC_074,0.0,180.0,50.25459,N-spring,0.5,train,0.5063630236995049,False
sample_04177.jpg,SRC_109,50.0,180.0,54.137665,N-summer,0.25,validation,0.3844599349572896,False
sample_04178.jpg,SRC_100,20.0,180.0,41.506528,N-spring,0.25,train,0.4068569465159409,False
sample_04179.jpg,SRC_133,-10.0,180.0,48.887369,N-spring,0.5,calibration,0.44403012526676794,False
sample_04180.jpg,SRC_098,-45.0,180.0,70.730178,N-summer,0.25,calibration,0.48401888448724517,False
sample_04181.jpg,SRC_107,20.0,180.0,65.68027,N-autumn,0.5,train,0.43567069744274123,False
sample_04182.jpg,SRC_095,-20.0,180.0,56.495654,N-spring,0.5,train,0.3810207239933778,False
sample_04183.jpg,SRC_004,30.0,180.0,61.107468,N-autumn,0.5,train,0.37728076783009074,False
sample_04184.jpg,SRC_107,20.0,180.0,65.68027,N-autumn,0.5,train,0.42669062595851626,False
sample_04185.jpg,SRC_067,-15.0,180.0,64.724247,N-spring,0.5,calibration,0.39292572340176324,False
sample_04186.jpg,SRC_133,-10.0,180.0,48.887369,N-spring,0.5,calibration,0.433322980851953,False
sample_04187.jpg,SRC_069,25.0,180.0,48.120522,N-summer,0.5,train,0.46563966373840876,False
sample_04188.jpg,SRC_051,20.0,180.0,63.609319,N-autumn,0.5,train,0.4953933886547649,False
sample_04189.jpg,SRC_009,-25.0,180.0,73.827745,N-spring,0.5,train,0.4009356023958325,False
sample_04190.jpg,SRC_022,20.0,180.0,41.513642,N-spring,0.25,train,0.43309781511979073,False
sample_04191.jpg,SRC_119,90.0,0.0,58.642683,N-spring,0.25,calibration,0.4990477728227621,False
sample_04192.jpg,SRC_066,-10.0,180.0,61.81065,N-summer,0.5,validation,0.3858939088384409,False
sample_04193.jpg,SRC_115,25.0,180.0,41.8845,N-spring,0.25,train,0.4275782914728782,False
sample_04194.jpg,SRC_102,-10.0,180.0,52.255853,N-spring,0.25,train,0.47884317805014903,False
sample_04195.jpg,SRC_168,90.0,0.0,64.709631,N-summer,0.25,train,0.5175377253151818,False
sample_04196.jpg,SRC_014,-40.0,180.0,38.480327,N-winter,0.25,calibration,0.48513644580591075,False
sample_04197.jpg,SRC_003,0.0,180.0,38.090051,N-spring,0.25,train,0.39456479329118643,False
sample_04198.jpg,SRC_091,-40.0,180.0,72.511342,N-summer,0.5,train,0.4501016269954701,False
sample_04199.jpg,SRC_002,40.0,180.0,45.868768,N-summer,0.25,train,0.4884271363163387,False
sample_04200.jpg,SRC_108,-40.0,180.0,68.856247,N-summer,0.5,validation,0.43699326344024214,False
sample_04201.jpg,SRC_085,0.0,180.0,39.187341,N-spring,0.25,train,0.5288085902623679,False
sample_04202.jpg,SRC_084,-10.0,180.0,58.957849,N-summer,0.25,train,0.3916288957139087,False
sample_04203.jpg,SRC_073,45.0,180.0,41.537171,N-spring,0.25,train,0.3778741204708121,False
sample_04204.jpg,SRC_170,-20.0,180.0,56.332579,N-autumn,0.25,train,0.4813820031350299,False
sample_04205.jpg,SRC_043,10.0,180.0,50.433279,N-summer,0.5,calibration,0.3874434094140822,False
sample_04206.jpg,SRC_008,25.0,180.0,61.005891,N-autumn,0.25,train,0.3945933920796727,False
sample_04207.jpg,SRC_065,30.0,180.0,68.700871,N-winter,0.5,validation,0.5229112892270448,False
sample_04208.jpg,SRC_042,10.0,180.0,36.92431,N-spring,0.5,train,0.3876931145295468,False
sample_04209.jpg,SRC_041,15.0,180.0,46.712049,N-summer,0.25,calibration,0.38328620652147005,False
sample_04210.jpg,SRC_016,10.0,180.0,55.552023,N-winter,0.5,train,0.39230078199201657,False
sample_04211.jpg,SRC_087,0.0,180.0,54.65824,N-summer,0.25,train,0.49974868176210163,False
sample_04212.jpg,SRC_158,-5.0,180.0,35.954137,N-winter,0.25,train,0.5013372848603589,False
sample_04213.jpg,SRC_015,20.0,180.0,46.484204,N-summer,0.25,train,0.38436874331167703,False
sample_04214.jpg,SRC_084,-10.0,180.0,58.957849,N-summer,0.25,train,0.38386784855260714,False
sample_04215.jpg,SRC_065,30.0,180.0,68.700871,N-winter,0.5,validation,0.402538383757013,False
sample_04216.jpg,SRC_047,0.0,180.0,48.028677,N-spring,0.5,train,0.4592721902676037,False
sample_04217.jpg,SRC_153,-40.0,180.0,43.960452,N-autumn,0.25,train,0.3868329352275387,False
sample_04218.jpg,SRC_049,5.0,180.0,42.94902,N-spring,0.25,train,0.4803358363815285,False
sample_04219.jpg,SRC_041,15.0,180.0,46.712049,N-summer,0.25,calibration,0.3800087109484423,False
sample_04220.jpg,SRC_010,90.0,0.0,74.440619,N-summer,0.5,train,0.524680470755403,False
sample_04221.jpg,SRC_061,50.0,180.0,43.110277,N-spring,0.5,train,0.46459686209305284,False
sample_04222.jpg,SRC_030,-25.0,180.0,67.936804,N-spring,0.5,train,0.5239562486612449,False
sample_04223.jpg,SRC_123,0.0,180.0,54.598149,N-autumn,0.5,train,0.4453520610791918,False
sample_04224.jpg,SRC_158,-5.0,180.0,35.954137,N-winter,0.25,train,0.3925501050860999,False
sample_04225.jpg,SRC_076,25.0,180.0,63.632584,N-autumn,0.25,validation,0.49339811078345636,False
sample_04226.jpg,SRC_169,40.0,180.0,48.615664,N-summer,0.25,validation,0.3953781769386905,False
sample_04227.jpg,SRC_151,-15.0,180.0,63.408071,N-summer,0.5,train,0.42792090669663657,False
sample_04228.jpg,SRC_037,15.0,180.0,44.468297,N-spring,0.25,calibration,0.3869173738756193,False
sample_04229.jpg,SRC_109,50.0,180.0,54.137665,N-summer,0.25,validation,0.37970351154183357,False
sample_04230.jpg,SRC_157,40.0,180.0,44.22455,N-summer,0.25,train,0.3856683673550581,False
sample_04231.jpg,SRC_170,-20.0,180.0,56.332579,N-autumn,0.25,train,0.5110946059146027,False
sample_04232.jpg,SRC_065,30.0,180.0,68.700871,N-winter,0.5,validation,0.48867765035727206,False
sample_04233.jpg,SRC_157,40.0,180.0,44.22455,N-summer,0.25,train,0.48209698454864497,False
sample_04234.jpg,SRC_169,40.0,180.0,48.615664,N-summer,0.25,validation,0.39197235936123836,False
sample_04235.jpg,SRC_038,-15.0,180.0,32.097448,N-winter,0.25,validation,0.39837798741895875,False
sample_04236.jpg,SRC_157,40.0,180.0,44.22455,N-summer,0.25,train,0.5040124342396679,False
sample_04237.jpg,SRC_136,-35.0,180.0,76.922409,N-spring,0.5,train,0.46935867814299737,False
sample_04238.jpg,SRC_154,0.0,180.0,54.770875,N-summer,0.5,train,0.4831281527541729,False
sample_04239.jpg,SRC_161,5.0,180.0,52.294471,N-summer,0.25,calibration,0.5101282711595319,False
sample_04240.jpg,SRC_082,-10.0,180.0,60.444036,N-spring,0.25,train,0.3869484282104618,False
sample_04241.jpg,SRC_106,25.0,180.0,40.638999,N-spring,0.5,validation,0.3859970165810276,False
sample_04242.jpg,SRC_051,20.0,180.0,63.609319,N-autumn,0.5,train,0.48874113733064367,False
sample_04243.jpg,SRC_071,20.0,180.0,40.070501,N-spring,0.25,train,0.4067092375170864,False
sample_04244.jpg,SRC_074,0.0,180.0,50.25459,N-spring,0.5,train,0.405866282469544,False
sample_04245.jpg,SRC_030,-25.0,180.0,67.936804,N-spring,0.5,train,0.5183589624747622,False
sample_04246.jpg,SRC_150,10.0,180.0,50.798821,N-summer,0.5,train,0.3883171510540215,False
sample_04247.jpg,SRC_070,60.0,180.0,58.788969,N-summer,0.5,validation,0.3828073786785603,False
sample_04248.jpg,SRC_009,-25.0,180.0,73.827745,N-spring,0.5,train,0.49904147000653565,False
sample_04249.jpg,SRC_103,-35.0,180.0,57.090396,N-autumn,0.25,train,0.41301062788231124,False
sample_04250.jpg,SRC_099,15.0,180.0,42.024472,N-spring,0.5,train,0.37356479065716375,False
sample_04251.jpg,SRC_032,-5.0,180.0,52.490186,N-spring,0.25,train,0.5102992265565778,False
sample_04252.jpg,SRC_159,20.0,180.0,67.076816,N-autumn,0.25,train,0.3769758686315082,False
sample_04253.jpg,SRC_106,25.0,180.0,40.638999,N-spring,0.5,validation,0.5085606082159211,False
sample_04254.jpg,SRC_102,-10.0,180.0,52.255853,N-spring,0.25,train,0.41346040510700083,False
sample_04255.jpg,SRC_121,25.0,180.0,67.446292,N-autumn,0.5,validation,0.3913638037410651,False
sample_04256.jpg,SRC_115,25.0,180.0,41.8845,N-spring,0.25,train,0.441845765878527,False
sample_04257.jpg,SRC_170,-20.0,180.0,56.332579,N-autumn,0.25,train,0.4469731233467746,False
sample_04258.jpg,SRC_002,40.0,180.0,45.868768,N-summer,0.25,train,0.36351293386557615,False
sample_04259.jpg,SRC_049,5.0,180.0,42.94902,N-spring,0.25,train,0.44481239370596437,False
sample_04260.jpg,SRC_139,40.0,180.0,53.533251,N-winter,0.25,train,0.4858378384043759,False
sample_04261.jpg,SRC_016,10.0,180.0,55.552023,N-winter,0.5,train,0.40809202060272254,False
sample_04262.jpg,SRC_097,0.0,180.0,35.318175,N-winter,0.25,train,0.42118589804880335,False
sample_04263.jpg,SRC_169,40.0,180.0,48.615664,N-summer,0.25,validation,0.3764415557518205,False
sample_04264.jpg,SRC_077,-5.0,180.0,34.299081,N-winter,0.25,train,0.49538595249805367,False
sample_04265.jpg,SRC_154,0.0,180.0,54.770875,N-summer,0.5,train,0.41229012510727314,False
sample_04266.jpg,SRC_150,10.0,180.0,50.798821,N-summer,0.5,train,0.399715880626922,False
sample_04267.jpg,SRC_030,-25.0,180.0,67.936804,N-spring,0.5,train,0.3981914421987792,False
sample_04268.jpg,SRC_036,5.0,180.0,52.749586,N-summer,0.25,train,0.40533564892856894,False
sample_04269.jpg,SRC_043,10.0,180.0,50.433279,N-summer,0.5,calibration,0.3893367347303064,False
sample_04270.jpg,SRC_095,-20.0,180.0,56.495654,N-spring,0.5,train,0.3934377931107235,False
sample_04271.jpg,SRC_159,20.0,180.0,67.076816,N-autumn,0.25,train,0.3842378025951076,False
sample_04272.jpg,SRC_115,25.0,180.0,41.8845,N-spring,0.25,train,0.43852187222956446,False
sample_04273.jpg,SRC_043,10.0,180.0,50.433279,N-summer,0.5,calibration,0.4181185821524059,False
sample_04274.jpg,SRC_096,25.0,180.0,40.422288,N-spring,0.25,calibration,0.42800609515802196,False
sample_04275.jpg,SRC_170,-20.0,180.0,56.332579,N-autumn,0.25,train,0.39802182082242943,False
sample_04276.jpg,SRC_030,-25.0,180.0,67.936804,N-spring,0.5,train,0.4430450342689909,False
sample_04277.jpg,SRC_051,20.0,180.0,63.609319,N-autumn,0.5,train,0.3820627748184777,False
sample_04278.jpg,SRC_089,10.0,180.0,48.442522,N-winter,0.25,validation,0.3826572520020344,False
sample_04279.jpg,SRC_084,-10.0,180.0,58.957849,N-summer,0.25,train,0.3785307034673103,False
sample_04280.jpg,SRC_114,-10.0,180.0,58.176498,N-autumn,0.5,calibration,0.4006801668841569,False
sample_04281.jpg,SRC_132,5.0,180.0,51.83727,N-summer,0.25,train,0.4160913734585713,False
sample_04282.jpg,SRC_148,-15.0,180.0,49.227137,N-autumn,0.25,train,0.42572778105474746,False
sample_04283.jpg,SRC_084,-10.0,180.0,58.957849,N-summer,0.25,train,0.3873968255357466,False
sample_04284.jpg,SRC_120,90.0,0.0,69.983669,N-summer,0.25,train,0.4208748821138027,False
sample_04285.jpg,SRC_065,30.0,180.0,68.700871,N-winter,0.5,validation,0.5058920235895652,False
sample_04286.jpg,SRC_146,10.0,180.0,58.0428,N-summer,0.5,validation,0.40993373103200836,False
sample_04287.jpg,SRC_158,-5.0,180.0,35.954137,N-winter,0.25,train,0.3876547793653545,False
sample_04288.jpg,SRC_121,25.0,180.0,67.446292,N-autumn,0.5,validation,0.37965547444986697,False
sample_04289.jpg,SRC_004,30.0,180.0,61.107468,N-autumn,0.5,train,0.3957834314769329,False
sample_04290.jpg,SRC_141,-10.0,180.0,55.206291,N-spring,0.25,train,0.40784636903247995,False
sample_04291.jpg,SRC_042,10.0,180.0,36.92431,N-spring,0.5,train,0.40754010403036833,False
sample_04292.jpg,SRC_142,-30.0,180.0,34.276784,N-winter,0.25,train,0.4023029988290232,False
sample_04293.jpg,SRC_134,-30.0,180.0,69.607895,N-spring,0.5,train,0.3963789413688874,False
sample_04294.jpg,SRC_121,25.0,180.0,67.446292,N-autumn,0.5,validation,0.3809189183531037,False
sample_04295.jpg,SRC_111,-35.0,180.0,79.069883,N-spring,1.0,train,0.49346286991717003,False
sample_04296.jpg,SRC_009,-25.0,180.0,73.827745,N-spring,0.5,train,0.4194077363100955,False
sample_04297.jpg,SRC_070,60.0,180.0,58.788969,N-summer,0.5,validation,0.47819933537294423,False
sample_04298.jpg,SRC_124,0.0,180.0,51.928413,N-summer,0.25,train,0.4300275153954633,False
sample_04299.jpg,SRC_055,-5.0,180.0,57.335076,N-spring,0.25,train,0.43801687097523023,False
sample_04300.jpg,SRC_051,20.0,180.0,63.609319,N-autumn,0.5,train,0.5250548399168263,False
sample_04301.jpg,SRC_015,20.0,180.0,46.484204,N-summer,0.25,train,0.37844756365510496,False
sample_04302.jpg,SRC_043,10.0,180.0,50.433279,N-summer,0.5,calibration,0.3834148248858645,False
sample_04303.jpg,SRC_055,-5.0,180.0,57.335076,N-spring,0.25,train,0.48167995843684225,False
sample_04304.jpg,SRC_059,15.0,180.0,48.046698,N-summer,0.25,train,0.5129741503649259,False
sample_04305.jpg,SRC_030,-25.0,180.0,67.936804,N-spring,0.5,train,0.4192208258458215,False
sample_04306.jpg,SRC_074,0.0,180.0,50.25459,N-spring,0.5,train,0.3816920003183269,False
sample_04307.jpg,SRC_087,0.0,180.0,54.65824,N-summer,0.25,train,0.4930332417829074,False
sample_04308.jpg,SRC_108,-40.0,180.0,68.856247,N-summer,0.5,validation,0.3984409344137405,False
sample_04309.jpg,SRC_005,0.0,180.0,55.846781,N-summer,0.5,calibration,0.39730647791499024,False
sample_04310.jpg,SRC_052,5.0,180.0,51.705435,N-summer,0.25,train,0.3850192544486738,False
sample_04311.jpg,SRC_054,5.0,180.0,37.41608,N-winter,0.25,calibration,0.513617262275026,False
sample_04312.jpg,SRC_041,15.0,180.0,46.712049,N-summer,0.25,calibration,0.5085891122505435,False
sample_04313.jpg,SRC_047,0.0,180.0,48.028677,N-spring,0.5,train,0.4322464801510666,False
sample_04314.jpg,SRC_138,25.0,180.0,44.714676,N-summer,0.25,train,0.4152798908598731,False
sample_04315.jpg,SRC_124,0.0,180.0,51.928413,N-summer,0.25,train,0.39235342784709937,False
sample_04316.jpg,SRC_041,15.0,180.0,46.712049,N-summer,0.25,calibration,0.37732732899215804,False
sample_04317.jpg,SRC_092,5.0,180.0,57.429528,N-autumn,0.25,validation,0.40037780780566407,False
sample_04318.jpg,SRC_168,90.0,0.0,64.709631,N-summer,0.25,train,0.5250224961096648,False
sample_04319.jpg,SRC_030,-25.0,180.0,67.936804,N-spring,0.5,train,0.387973454021043,False
sample_04320.jpg,SRC_059,15.0,180.0,48.046698,N-summer,0.25,train,0.407900694497051,False
sample_04321.jpg,SRC_100,20.0,180.0,41.506528,N-spring,0.25,train,0.3894513848241742,False
sample_04322.jpg,SRC_009,-25.0,180.0,73.827745,N-spring,0.5,train,0.3944630238077494,False
sample_04323.jpg,SRC_133,-10.0,180.0,48.887369,N-spring,0.5,calibration,0.41186683074068975,False
sample_04324.jpg,SRC_145,-5.0,180.0,52.15166,N-spring,0.25,train,0.4819356515058394,False
sample_04325.jpg,SRC_084,-10.0,180.0,58.957849,N-summer,0.25,train,0.393896699163037,False
sample_04326.jpg,SRC_092,5.0,180.0,57.429528,N-autumn,0.25,validation,0.4304334887555126,False
sample_04327.jpg,SRC_004,30.0,180.0,61.107468,N-autumn,0.5,train,0.37883640323517453,False
sample_04328.jpg,SRC_144,-35.0,180.0,76.731052,N-spring,0.5,train,0.4094783298712478,False
sample_04329.jpg,SRC_009,-25.0,180.0,73.827745,N-spring,0.5,train,0.4964391884586853,False
sample_04330.jpg,SRC_013,50.0,180.0,54.051464,N-spring,0.5,train,0.3805483162270857,False
sample_04331.jpg,SRC_035,0.0,180.0,56.990187,N-autumn,0.25,train,0.38753738333197124,False
sample_04332.jpg,SRC_114,-10.0,180.0,58.176498,N-autumn,0.5,calibration,0.390079296369331,False
sample_04333.jpg,SRC_142,-30.0,180.0,34.276784,N-winter,0.25,train,0.5011403487746801,False
sample_04334.jpg,SRC_108,-40.0,180.0,68.856247,N-summer,0.5,validation,0.37681793213468606,False
sample_04335.jpg,SRC_009,-25.0,180.0,73.827745,N-spring,0.5,train,0.3978708251470958,False
sample_04336.jpg,SRC_038,-15.0,180.0,32.097448,N-winter,0.25,validation,0.41198906894950643,False
sample_04337.jpg,SRC_004,30.0,180.0,61.107468,N-autumn,0.5,train,0.3839337462116895,False
sample_04338.jpg,SRC_120,90.0,0.0,69.983669,N-summer,0.25,train,0.40070833358566205,False
sample_04339.jpg,SRC_005,0.0,180.0,55.846781,N-summer,0.5,calibration,0.38495880554458134,False
sample_04340.jpg,SRC_047,0.0,180.0,48.028677,N-spring,0.5,train,0.4333557176354688,False
sample_04341.jpg,SRC_071,20.0,180.0,40.070501,N-spring,0.25,train,0.5225474013539149,False
sample_04342.jpg,SRC_030,-25.0,180.0,67.936804,N-spring,0.5,train,0.3825929370680874,False
sample_04343.jpg,SRC_042,10.0,180.0,36.92431,N-spring,0.5,train,0.44317566147588083,False
sample_04344.jpg,SRC_046,0.0,180.0,58.061031,N-autumn,0.25,validation,0.5294595812800577,False
sample_04345.jpg,SRC_094,20.0,180.0,66.934532,N-autumn,0.25,train,0.46950019259761333,False
sample_04346.jpg,SRC_095,-20.0,180.0,56.495654,N-spring,0.5,train,0.4771913084216227,False
sample_04347.jpg,SRC_005,0.0,180.0,55.846781,N-summer,0.5,calibration,0.4782898372936761,False
sample_04348.jpg,SRC_071,20.0,180.0,40.070501,N-spring,0.25,train,0.45782608539349734,False
sample_04349.jpg,SRC_004,30.0,180.0,61.107468,N-autumn,0.5,train,0.39034023396769335,False
sample_04350.jpg,SRC_076,25.0,180.0,63.632584,N-autumn,0.25,validation,0.388037318006856,False
sample_04351.jpg,SRC_108,-40.0,180.0,68.856247,N-summer,0.5,validation,0.3863499523738285,False
sample_04352.jpg,SRC_028,10.0,180.0,42.894848,N-spring,0.25,calibration,0.4256940913119151,False
sample_04353.jpg,SRC_006,-15.0,180.0,65.638079,N-spring,0.5,train,0.39603571937240256,False
sample_04354.jpg,SRC_108,-40.0,180.0,68.856247,N-summer,0.5,validation,0.39627573516997816,False
sample_04355.jpg,SRC_020,35.0,180.0,42.075965,N-summer,0.25,train,0.4086699373203072,False
sample_04356.jpg,SRC_046,0.0,180.0,58.061031,N-autumn,0.25,validation,0.3853572679948086,False
sample_04357.jpg,SRC_126,-20.0,180.0,68.779144,N-summer,0.5,train,0.3824327613793792,False
sample_04358.jpg,SRC_100,20.0,180.0,41.506528,N-spring,0.25,train,0.4847967136047829,False
sample_04359.jpg,SRC_022,20.0,180.0,41.513642,N-spring,0.25,train,0.4150716282414228,False
sample_04360.jpg,SRC_151,-15.0,180.0,63.408071,N-summer,0.5,train,0.4091512598312927,False
sample_04361.jpg,SRC_071,20.0,180.0,40.070501,N-spring,0.25,train,0.47042698722477405,False
sample_04362.jpg,SRC_063,25.0,180.0,41.329237,N-spring,0.25,train,0.3735379446190177,False
sample_04363.jpg,SRC_041,15.0,180.0,46.712049,N-summer,0.25,calibration,0.37905677317265046,False
sample_04364.jpg,SRC_151,-15.0,180.0,63.408071,N-summer,0.5,train,0.39931952134274656,False
sample_04365.jpg,SRC_134,-30.0,180.0,69.607895,N-spring,0.5,train,0.395694039785795,False
sample_04366.jpg,SRC_115,25.0,180.0,41.8845,N-spring,0.25,train,0.4282186422705691,False
sample_04367.jpg,SRC_009,-25.0,180.0,73.827745,N-spring,0.5,train,0.40398458727893904,False
sample_04368.jpg,SRC_059,15.0,180.0,48.046698,N-summer,0.25,train,0.397374073760581,False
sample_04369.jpg,SRC_021,-90.0,0.0,68.040851,N-autumn,0.5,calibration,0.38793065696747475,False
sample_04370.jpg,SRC_057,-5.0,180.0,57.599617,N-summer,0.25,train,0.38158579792558284,False
sample_04371.jpg,SRC_099,15.0,180.0,42.024472,N-spring,0.5,train,0.38227097803622406,False
sample_04372.jpg,SRC_124,0.0,180.0,51.928413,N-summer,0.25,train,0.4911308409092042,False
sample_04373.jpg,SRC_108,-40.0,180.0,68.856247,N-summer,0.5,validation,0.3899490656045897,False
sample_04374.jpg,SRC_168,90.0,0.0,64.709631,N-summer,0.25,train,0.4689620243378746,False
sample_04375.jpg,SRC_084,-10.0,180.0,58.957849,N-summer,0.25,train,0.39004534257650125,False
sample_04376.jpg,SRC_051,20.0,180.0,63.609319,N-autumn,0.5,train,0.49758333769026597,False
sample_04377.jpg,SRC_121,25.0,180.0,67.446292,N-autumn,0.5,validation,0.3910881343681424,False
sample_04378.jpg,SRC_006,-15.0,180.0,65.638079,N-spring,0.5,train,0.3815217302440774,False
sample_04379.jpg,SRC_128,90.0,0.0,56.634817,N-spring,0.5,validation,0.5361374659010243,False
sample_04380.jpg,SRC_022,20.0,180.0,41.513642,N-spring,0.25,train,0.4865592279595437,False
sample_04381.jpg,SRC_013,50.0,180.0,54.051464,N-spring,0.5,train,0.3951797577726631,False
sample_04382.jpg,SRC_136,-35.0,180.0,76.922409,N-spring,0.5,train,0.39018566177625813,False
sample_04383.jpg,SRC_009,-25.0,180.0,73.827745,N-spring,0.5,train,0.3965136806009462,False
sample_04384.jpg,SRC_089,10.0,180.0,48.442522,N-winter,0.25,validation,0.4097667520591684,False
sample_04385.jpg,SRC_131,10.0,180.0,60.540464,N-autumn,0.5,train,0.4871015988562141,False
sample_04386.jpg,SRC_056,-40.0,180.0,74.660587,N-summer,0.5,train,0.3829028522597335,False
sample_04387.jpg,SRC_071,20.0,180.0,40.070501,N-spring,0.25,train,0.4901413556208031,False
sample_04388.jpg,SRC_055,-5.0,180.0,57.335076,N-spring,0.25,train,0.39453678452470087,False
sample_04389.jpg,SRC_023,-10.0,180.0,50.837437,N-spring,0.25,train,0.47633340752843517,False
sample_04390.jpg,SRC_015,20.0,180.0,46.484204,N-summer,0.25,train,0.3969524032226424,False
sample_04391.jpg,SRC_108,-40.0,180.0,68.856247,N-summer,0.5,validation,0.3779673249292201,False
sample_04392.jpg,SRC_030,-25.0,180.0,67.936804,N-spring,0.5,train,0.3857861191452642,False
sample_04393.jpg,SRC_101,5.0,180.0,48.479381,N-winter,0.25,validation,0.4337586078955816,False
sample_04394.jpg,SRC_020,35.0,180.0,42.075965,N-summer,0.25,train,0.4115755517409669,False
sample_04395.jpg,SRC_169,40.0,180.0,48.615664,N-summer,0.25,validation,0.37116022483141586,False
sample_04396.jpg,SRC_001,-5.0,180.0,51.987197,N-spring,0.5,calibration,0.3836582730422696,False
sample_04397.jpg,SRC_146,10.0,180.0,58.0428,N-summer,0.5,validation,0.3771631439231739,False
sample_04398.jpg,SRC_022,20.0,180.0,41.513642,N-spring,0.25,train,0.38056220846325123,False
sample_04399.jpg,SRC_114,-10.0,180.0,58.176498,N-autumn,0.5,calibration,0.38650332841573937,False
sample_04400.jpg,SRC_143,90.0,0.0,68.916652,N-spring,0.5,validation,0.4994953601148161,False
sample_04401.jpg,SRC_142,-30.0,180.0,34.276784,N-winter,0.25,train,0.4322550892851759,False
sample_04402.jpg,SRC_115,25.0,180.0,41.8845,N-spring,0.25,train,0.4085611423815836,False
sample_04403.jpg,SRC_112,-30.0,180.0,67.516648,N-spring,0.5,train,0.40600775644390763,False
sample_04404.jpg,SRC_096,25.0,180.0,40.422288,N-spring,0.25,calibration,0.40532559648421324,False
sample_04405.jpg,SRC_032,-5.0,180.0,52.490186,N-spring,0.25,train,0.3913759555979973,False
sample_04406.jpg,SRC_027,35.0,180.0,41.369436,N-spring,0.5,calibration,0.4815320571719964,False
sample_04407.jpg,SRC_016,10.0,180.0,55.552023,N-winter,0.5,train,0.4326117789651299,False
sample_04408.jpg,SRC_067,-15.0,180.0,64.724247,N-spring,0.5,calibration,0.3926156652394995,False
sample_04409.jpg,SRC_119,90.0,0.0,58.642683,N-spring,0.25,calibration,0.49755856576755075,False
sample_04410.jpg,SRC_109,50.0,180.0,54.137665,N-summer,0.25,validation,0.4036191675160595,False
sample_04411.jpg,SRC_112,-30.0,180.0,67.516648,N-spring,0.5,train,0.39507417296612063,False
sample_04412.jpg,SRC_001,-5.0,180.0,51.987197,N-spring,0.5,calibration,0.4225997487855951,False
sample_04413.jpg,SRC_122,-5.0,180.0,57.310506,N-summer,0.25,train,0.41857698843868335,False
sample_04414.jpg,SRC_168,90.0,0.0,64.709631,N-summer,0.25,train,0.37459487704454675,False
sample_04415.jpg,SRC_134,-30.0,180.0,69.607895,N-spring,0.5,train,0.40549130903439784,False
sample_04416.jpg,SRC_149,90.0,0.0,55.701783,N-summer,0.25,train,0.49453898149335274,False
sample_04417.jpg,SRC_050,0.0,180.0,53.680047,N-summer,0.25,calibration,0.45619042044234276,False
sample_04418.jpg,SRC_109,50.0,180.0,54.137665,N-summer,0.25,validation,0.38579008048376284,False
sample_04419.jpg,SRC_121,25.0,180.0,67.446292,N-autumn,0.5,validation,0.38038253471634087,False
sample_04420.jpg,SRC_153,-40.0,180.0,43.960452,N-autumn,0.25,train,0.39476215253563857,False
sample_04421.jpg,SRC_040,90.0,0.0,57.651744,N-spring,0.5,validation,0.39042281860179295,False
sample_04422.jpg,SRC_052,5.0,180.0,51.705435,N-summer,0.25,train,0.39860544179941965,False
sample_04423.jpg,SRC_169,40.0,180.0,48.615664,N-summer,0.25,validation,0.3741885709804885,False
sample_04424.jpg,SRC_050,0.0,180.0,53.680047,N-summer,0.25,calibration,0.44502397974549657,False
sample_04425.jpg,SRC_165,10.0,180.0,42.451267,N-winter,0.25,calibration,0.39167861296144774,False
sample_04426.jpg,SRC_027,35.0,180.0,41.369436,N-spring,0.5,calibration,0.3965484424190542,False
sample_04427.jpg,SRC_158,-5.0,180.0,35.954137,N-winter,0.25,train,0.3776466283382888,False
sample_04428.jpg,SRC_042,10.0,180.0,36.92431,N-spring,0.5,train,0.3725386824398316,False
sample_04429.jpg,SRC_153,-40.0,180.0,43.960452,N-autumn,0.25,train,0.38140039830168854,False
sample_04430.jpg,SRC_115,25.0,180.0,41.8845,N-spring,0.25,train,0.41932854874286607,False
sample_04431.jpg,SRC_108,-40.0,180.0,68.856247,N-summer,0.5,validation,0.4656010728798334,False
sample_04432.jpg,SRC_095,-20.0,180.0,56.495654,N-spring,0.5,train,0.38803549233150897,False
sample_04433.jpg,SRC_012,-90.0,0.0,85.677016,N-autumn,0.5,train,0.3831389799879414,False
sample_04434.jpg,SRC_042,10.0,180.0,36.92431,N-spring,0.5,train,0.4067823249976141,False
sample_04435.jpg,SRC_141,-10.0,180.0,55.206291,N-spring,0.25,train,0.36761730098000833,False
sample_04436.jpg,SRC_095,-20.0,180.0,56.495654,N-spring,0.5,train,0.48658833041665767,False
sample_04437.jpg,SRC_084,-10.0,180.0,58.957849,N-summer,0.25,train,0.4794706357603153,False
sample_04438.jpg,SRC_088,0.0,180.0,53.004483,N-summer,0.25,train,0.40376427382412683,False
sample_04439.jpg,SRC_112,-30.0,180.0,67.516648,N-spring,0.5,train,0.48570664425622495,False
sample_04440.jpg,SRC_112,-30.0,180.0,67.516648,N-spring,0.5,train,0.42193636109450416,False
sample_04441.jpg,SRC_056,-40.0,180.0,74.660587,N-summer,0.5,train,0.38441323799715243,False
sample_04442.jpg,SRC_108,-40.0,180.0,68.856247,N-summer,0.5,validation,0.3728114488674759,False
sample_04443.jpg,SRC_037,15.0,180.0,44.468297,N-spring,0.25,calibration,0.3807587997177506,False
sample_04444.jpg,SRC_138,25.0,180.0,44.714676,N-summer,0.25,train,0.5067545148749467,False
sample_04445.jpg,SRC_093,-25.0,180.0,43.343655,N-autumn,0.5,calibration,0.3819859307343942,False
sample_04446.jpg,SRC_169,40.0,180.0,48.615664,N-summer,0.25,validation,0.3766929102118442,False
sample_04447.jpg,SRC_095,-20.0,180.0,56.495654,N-spring,0.5,train,0.4260337995934356,False
sample_04448.jpg,SRC_096,25.0,180.0,40.422288,N-spring,0.25,calibration,0.38891500422796044,False
sample_04449.jpg,SRC_043,10.0,180.0,50.433279,N-summer,0.5,calibration,0.48227877026353205,False
sample_04450.jpg,SRC_156,10.0,180.0,48.737382,N-summer,0.25,train,0.4941320829643202,False
sample_04451.jpg,SRC_146,10.0,180.0,58.0428,N-summer,0.5,validation,0.3968188587279683,False
sample_04452.jpg,SRC_108,-40.0,180.0,68.856247,N-summer,0.5,validation,0.3827918339962195,False
sample_04453.jpg,SRC_006,-15.0,180.0,65.638079,N-spring,0.5,train,0.4790343301490577,False
sample_04454.jpg,SRC_169,40.0,180.0,48.615664,N-summer,0.25,validation,0.3737980234319932,False
sample_04455.jpg,SRC_103,-35.0,180.0,57.090396,N-autumn,0.25,train,0.4104178664626469,False
sample_04456.jpg,SRC_011,-20.0,180.0,70.371153,N-summer,0.25,train,0.4101062478122196,False
sample_04457.jpg,SRC_076,25.0,180.0,63.632584,N-autumn,0.25,validation,0.5179962296287239,False
sample_04458.jpg,SRC_024,10.0,180.0,53.725813,N-summer,0.25,calibration,0.41980084808706064,False
sample_04459.jpg,SRC_066,-10.0,180.0,61.81065,N-summer,0.5,validation,0.3929687307797276,False
sample_04460.jpg,SRC_095,-20.0,180.0,56.495654,N-spring,0.5,train,0.3960316424454806,False
sample_04461.jpg,SRC_021,-90.0,0.0,68.040851,N-autumn,0.5,calibration,0.41019991813931106,False
sample_04462.jpg,SRC_070,60.0,180.0,58.788969,N-summer,0.5,validation,0.4983667397221255,False
sample_04463.jpg,SRC_027,35.0,180.0,41.369436,N-spring,0.5,calibration,0.3859527599198251,False
sample_04464.jpg,SRC_109,50.0,180.0,54.137665,N-summer,0.25,validation,0.3773215979966241,False
sample_04465.jpg,SRC_030,-25.0,180.0,67.936804,N-spring,0.5,train,0.5111212460939489,False
sample_04466.jpg,SRC_014,-40.0,180.0,38.480327,N-winter,0.25,calibration,0.37886427239148246,False
sample_04467.jpg,SRC_074,0.0,180.0,50.25459,N-spring,0.5,train,0.4649622079148443,False
sample_04468.jpg,SRC_111,-35.0,180.0,79.069883,N-spring,1.0,train,0.5305153393959221,False
sample_04469.jpg,SRC_030,-25.0,180.0,67.936804,N-spring,0.5,train,0.37505029489159136,False
sample_04470.jpg,SRC_055,-5.0,180.0,57.335076,N-spring,0.25,train,0.4441008091312632,False
sample_04471.jpg,SRC_165,10.0,180.0,42.451267,N-winter,0.25,calibration,0.3744913841795299,False
sample_04472.jpg,SRC_171,-35.0,180.0,63.65778,N-spring,0.25,calibration,0.3907670178537622,False
sample_04473.jpg,SRC_141,-10.0,180.0,55.206291,N-spring,0.25,train,0.3745592204922545,False
sample_04474.jpg,SRC_085,0.0,180.0,39.187341,N-spring,0.25,train,0.3865526690800877,False
sample_04475.jpg,SRC_074,0.0,180.0,50.25459,N-spring,0.5,train,0.4077911279886931,False
sample_04476.jpg,SRC_108,-40.0,180.0,68.856247,N-summer,0.5,validation,0.40278349397076807,False
sample_04477.jpg,SRC_151,-15.0,180.0,63.408071,N-summer,0.5,train,0.40103733904908123,False
sample_04478.jpg,SRC_170,-20.0,180.0,56.332579,N-autumn,0.25,train,0.3898504443578606,False
sample_04479.jpg,SRC_087,0.0,180.0,54.65824,N-summer,0.25,train,0.47652013736360416,False
sample_04480.jpg,SRC_106,25.0,180.0,40.638999,N-spring,0.5,validation,0.422675595585882,False
sample_04481.jpg,SRC_130,25.0,180.0,37.507656,N-spring,0.25,validation,0.4534561912243823,False
sample_04482.jpg,SRC_158,-5.0,180.0,35.954137,N-winter,0.25,train,0.38291232964450533,False
sample_04483.jpg,SRC_113,-35.0,180.0,36.668707,N-winter,0.25,train,0.4698289534414421,False
sample_04484.jpg,SRC_121,25.0,180.0,67.446292,N-autumn,0.5,validation,0.37797457328149897,False
sample_04485.jpg,SRC_116,5.0,180.0,41.203028,N-spring,0.25,calibration,0.4640670928777341,False
sample_04486.jpg,SRC_045,-90.0,0.0,70.559818,N-autumn,0.25,train,0.47122216292098373,False
sample_04487.jpg,SRC_080,-25.0,180.0,69.726065,N-summer,0.25,calibration,0.432200268913173,False
sample_04488.jpg,SRC_092,5.0,180.0,57.429528,N-autumn,0.25,validation,0.39586845190007913,False
sample_04489.jpg,SRC_047,0.0,180.0,48.028677,N-spring,0.5,train,0.4397225084487529,False
sample_04490.jpg,SRC_115,25.0,180.0,41.8845,N-spring,0.25,train,0.4158904700375561,False
sample_04491.jpg,SRC_135,5.0,180.0,41.328761,N-winter,0.5,train,0.47601151894835414,False
sample_04492.jpg,SRC_121,25.0,180.0,67.446292,N-autumn,0.5,validation,0.3777598081344946,False
sample_04493.jpg,SRC_160,-10.0,180.0,50.604377,N-autumn,0.25,train,0.40063463211409234,False
sample_04494.jpg,SRC_164,20.0,180.0,59.226879,N-autumn,0.25,train,0.39022668872363925,False
sample_04495.jpg,SRC_093,-25.0,180.0,43.343655,N-autumn,0.5,calibration,0.4792032290418751,False
sample_04496.jpg,SRC_133,-10.0,180.0,48.887369,N-spring,0.5,calibration,0.4611129375636825,False
sample_04497.jpg,SRC_091,-40.0,180.0,72.511342,N-summer,0.5,train,0.38713410857324754,False
sample_04498.jpg,SRC_145,-5.0,180.0,52.15166,N-spring,0.25,train,0.43777668558852395,False
sample_04499.jpg,SRC_020,35.0,180.0,42.075965,N-summer,0.25,train,0.41453544404562426,False
sample_04500.jpg,SRC_004,30.0,180.0,61.107468,N-autumn,0.5,train,0.3843175564985851,False
sample_04501.jpg,SRC_088,0.0,180.0,53.004483,N-summer,0.25,train,0.47812277503968376,False
sample_04502.jpg,SRC_112,-30.0,180.0,67.516648,N-spring,0.5,train,0.3899777548532438,False
sample_04503.jpg,SRC_051,20.0,180.0,63.609319,N-autumn,0.5,train,0.43405961815759964,False
sample_04504.jpg,SRC_013,50.0,180.0,54.051464,N-spring,0.5,train,0.39876894256349266,False
sample_04505.jpg,SRC_049,5.0,180.0,42.94902,N-spring,0.25,train,0.5107631110908891,False
sample_04506.jpg,SRC_111,-35.0,180.0,79.069883,N-spring,1.0,train,0.43601003942343264,False
sample_04507.jpg,SRC_145,-5.0,180.0,52.15166,N-spring,0.25,train,0.4062919512263556,False
sample_04508.jpg,SRC_003,0.0,180.0,38.090051,N-spring,0.25,train,0.5027259285567204,False
sample_04509.jpg,SRC_009,-25.0,180.0,73.827745,N-spring,0.5,train,0.38275354593537253,False
sample_04510.jpg,SRC_133,-10.0,180.0,48.887369,N-spring,0.5,calibration,0.39840863898966006,False
sample_04511.jpg,SRC_148,-15.0,180.0,49.227137,N-autumn,0.25,train,0.4918221987029451,False
sample_04512.jpg,SRC_030,-25.0,180.0,67.936804,N-spring,0.5,train,0.3923861268465384,False
sample_04513.jpg,SRC_144,-35.0,180.0,76.731052,N-spring,0.5,train,0.41120898573853726,False
sample_04514.jpg,SRC_018,-90.0,0.0,67.882485,N-winter,0.25,train,0.4473043039196131,False
sample_04515.jpg,SRC_030,-25.0,180.0,67.936804,N-spring,0.5,train,0.40011641067514636,False
sample_04516.jpg,SRC_067,-15.0,180.0,64.724247,N-spring,0.5,calibration,0.5322775509010075,False
sample_04517.jpg,SRC_104,25.0,180.0,45.102036,N-summer,0.5,calibration,0.415696799287232,False
sample_04518.jpg,SRC_015,20.0,180.0,46.484204,N-summer,0.25,train,0.398176438887411,False
sample_04519.jpg,SRC_142,-30.0,180.0,34.276784,N-winter,0.25,train,0.49546295730612194,False
sample_04520.jpg,SRC_124,0.0,180.0,51.928413,N-summer,0.25,train,0.4082482459370354,False
sample_04521.jpg,SRC_108,-40.0,180.0,68.856247,N-summer,0.5,validation,0.3772134328838536,False
sample_04522.jpg,SRC_168,90.0,0.0,64.709631,N-summer,0.25,train,0.4662401078916888,False
sample_04523.jpg,SRC_131,10.0,180.0,60.540464,N-autumn,0.5,train,0.5063211915468029,False
sample_04524.jpg,SRC_151,-15.0,180.0,63.408071,N-summer,0.5,train,0.47317550158501287,False
sample_04525.jpg,SRC_066,-10.0,180.0,61.81065,N-summer,0.5,validation,0.4685182728452243,False
sample_04526.jpg,SRC_103,-35.0,180.0,57.090396,N-autumn,0.25,train,0.39112461963780704,False
sample_04527.jpg,SRC_096,25.0,180.0,40.422288,N-spring,0.25,calibration,0.3823892707174525,False
sample_04528.jpg,SRC_039,90.0,0.0,70.63275,N-summer,0.5,train,0.44743034781946356,False
sample_04529.jpg,SRC_150,10.0,180.0,50.798821,N-summer,0.5,train,0.437491423322902,False
sample_04530.jpg,SRC_036,5.0,180.0,52.749586,N-summer,0.25,train,0.48378114139840334,False
sample_04531.jpg,SRC_145,-5.0,180.0,52.15166,N-spring,0.25,train,0.387323796006345,False
sample_04532.jpg,SRC_001,-5.0,180.0,51.987197,N-spring,0.5,calibration,0.4894874990672095,False
sample_04533.jpg,SRC_091,-40.0,180.0,72.511342,N-summer,0.5,train,0.3994331648897217,False
sample_04534.jpg,SRC_074,0.0,180.0,50.25459,N-spring,0.5,train,0.5051968977334943,False
sample_04535.jpg,SRC_058,30.0,180.0,69.060883,N-autumn,0.5,train,0.41604348330631974,False
sample_04536.jpg,SRC_013,50.0,180.0,54.051464,N-spring,0.5,train,0.38103641284144196,False
sample_04537.jpg,SRC_059,15.0,180.0,48.046698,N-summer,0.25,train,0.4836553887132397,False
sample_04538.jpg,SRC_021,-90.0,0.0,68.040851,N-autumn,0.5,calibration,0.39478885574144873,False
sample_04539.jpg,SRC_092,5.0,180.0,57.429528,N-autumn,0.25,validation,0.40245796114557375,False
sample_04540.jpg,SRC_140,35.0,180.0,44.85556,N-spring,0.25,validation,0.48760115176726526,False
sample_04541.jpg,SRC_140,35.0,180.0,44.85556,N-spring,0.25,validation,0.4755594480949954,False
sample_04542.jpg,SRC_115,25.0,180.0,41.8845,N-spring,0.25,train,0.47035876585052155,False
sample_04543.jpg,SRC_036,5.0,180.0,52.749586,N-summer,0.25,train,0.4284318701749287,False
sample_04544.jpg,SRC_103,-35.0,180.0,57.090396,N-autumn,0.25,train,0.4073264187283915,False
sample_04545.jpg,SRC_124,0.0,180.0,51.928413,N-summer,0.25,train,0.4080895011920659,False
sample_04546.jpg,SRC_171,-35.0,180.0,63.65778,N-spring,0.25,calibration,0.3953436848610776,False
sample_04547.jpg,SRC_008,25.0,180.0,61.005891,N-autumn,0.25,train,0.3815764962565081,False
sample_04548.jpg,SRC_027,35.0,180.0,41.369436,N-spring,0.5,calibration,0.3990132240758923,False
sample_04549.jpg,SRC_056,-40.0,180.0,74.660587,N-summer,0.5,train,0.4904461333139271,False
sample_04550.jpg,SRC_067,-15.0,180.0,64.724247,N-spring,0.5,calibration,0.39218204196382034,False
sample_04551.jpg,SRC_010,90.0,0.0,74.440619,N-summer,0.5,train,0.49135471445680645,False
sample_04552.jpg,SRC_040,90.0,0.0,57.651744,N-spring,0.5,validation,0.3988562478942599,False
sample_04553.jpg,SRC_051,20.0,180.0,63.609319,N-autumn,0.5,train,0.3845992753950255,False
sample_04554.jpg,SRC_041,15.0,180.0,46.712049,N-summer,0.25,calibration,0.3819075162150361,False
sample_04555.jpg,SRC_114,-10.0,180.0,58.176498,N-autumn,0.5,calibration,0.3950446578838151,False
sample_04556.jpg,SRC_092,5.0,180.0,57.429528,N-autumn,0.25,validation,0.4818638240023259,False
sample_04557.jpg,SRC_151,-15.0,180.0,63.408071,N-summer,0.5,train,0.400504624920031,False
sample_04558.jpg,SRC_006,-15.0,180.0,65.638079,N-spring,0.5,train,0.4046200101101863,False
sample_04559.jpg,SRC_091,-40.0,180.0,72.511342,N-summer,0.5,train,0.4249172796046762,False
sample_04560.jpg,SRC_008,25.0,180.0,61.005891,N-autumn,0.25,train,0.48845183799237607,False
sample_04561.jpg,SRC_013,50.0,180.0,54.051464,N-spring,0.5,train,0.3734018284377849,False
sample_04562.jpg,SRC_084,-10.0,180.0,58.957849,N-summer,0.25,train,0.39394277583648935,False
sample_04563.jpg,SRC_047,0.0,180.0,48.028677,N-spring,0.5,train,0.49469849064491545,False
sample_04564.jpg,SRC_156,10.0,180.0,48.737382,N-summer,0.25,train,0.5067029801013284,False
sample_04565.jpg,SRC_168,90.0,0.0,64.709631,N-summer,0.25,train,0.5263707218010062,False
sample_04566.jpg,SRC_106,25.0,180.0,40.638999,N-spring,0.5,validation,0.39575604613006576,False
sample_04567.jpg,SRC_005,0.0,180.0,55.846781,N-summer,0.5,calibration,0.3869887493172196,False
sample_04568.jpg,SRC_140,35.0,180.0,44.85556,N-spring,0.25,validation,0.37641173626306307,False
sample_04569.jpg,SRC_014,-40.0,180.0,38.480327,N-winter,0.25,calibration,0.39561727653155676,False
sample_04570.jpg,SRC_035,0.0,180.0,56.990187,N-autumn,0.25,train,0.516607233940376,False
sample_04571.jpg,SRC_114,-10.0,180.0,58.176498,N-autumn,0.5,calibration,0.39374685867318693,False
sample_04572.jpg,SRC_076,25.0,180.0,63.632584,N-autumn,0.25,validation,0.38019309357368875,False
sample_04573.jpg,SRC_009,-25.0,180.0,73.827745,N-spring,0.5,train,0.39867751137690116,False
sample_04574.jpg,SRC_087,0.0,180.0,54.65824,N-summer,0.25,train,0.38354579090297763,False
sample_04575.jpg,SRC_040,90.0,0.0,57.651744,N-spring,0.5,validation,0.4867111092751589,False
sample_04576.jpg,SRC_115,25.0,180.0,41.8845,N-spring,0.25,train,0.440225464194414,False
sample_04577.jpg,SRC_062,45.0,180.0,81.508965,N-autumn,0.5,train,0.46925540374824576,False
sample_04578.jpg,SRC_109,50.0,180.0,54.137665,N-summer,0.25,validation,0.39263763971028326,False
sample_04579.jpg,SRC_004,30.0,180.0,61.107468,N-autumn,0.5,train,0.38749810088876097,False
sample_04580.jpg,SRC_127,-35.0,180.0,47.507974,N-autumn,0.5,train,0.5089953925997157,False
sample_04581.jpg,SRC_062,45.0,180.0,81.508965,N-autumn,0.5,train,0.3817415809282819,False
sample_04582.jpg,SRC_169,40.0,180.0,48.615664,N-summer,0.25,validation,0.3658576005864694,False
sample_04583.jpg,SRC_034,40.0,180.0,46.055099,N-summer,0.25,train,0.3724131475762595,False
sample_04584.jpg,SRC_065,30.0,180.0,68.700871,N-winter,0.5,validation,0.49547097045781,False
sample_04585.jpg,SRC_076,25.0,180.0,63.632584,N-autumn,0.25,validation,0.38803308008314213,False
sample_04586.jpg,SRC_022,20.0,180.0,41.513642,N-spring,0.25,train,0.5128828957010592,False
sample_04587.jpg,SRC_026,90.0,0.0,57.238404,N-spring,0.25,train,0.42248346355067457,False
sample_04588.jpg,SRC_133,-10.0,180.0,48.887369,N-spring,0.5,calibration,0.4371737030670436,False
sample_04589.jpg,SRC_089,10.0,180.0,48.442522,N-winter,0.25,validation,0.40850677446320727,False
sample_04590.jpg,SRC_095,-20.0,180.0,56.495654,N-spring,0.5,train,0.40089218379805647,False
sample_04591.jpg,SRC_056,-40.0,180.0,74.660587,N-summer,0.5,train,0.4468733031608282,False
sample_04592.jpg,SRC_135,5.0,180.0,41.328761,N-winter,0.5,train,0.4658682360380588,False
sample_04593.jpg,SRC_061,50.0,180.0,43.110277,N-spring,0.5,train,0.4033251812342247,False
sample_04594.jpg,SRC_083,0.0,180.0,55.378885,N-spring,0.25,train,0.3613696122100031,False
sample_04595.jpg,SRC_042,10.0,180.0,36.92431,N-spring,0.5,train,0.37249973370127043,False
sample_04596.jpg,SRC_037,15.0,180.0,44.468297,N-spring,0.25,calibration,0.3656492582811747,False
sample_04597.jpg,SRC_092,5.0,180.0,57.429528,N-autumn,0.25,validation,0.390967949086774,False
sample_04598.jpg,SRC_072,15.0,180.0,46.966801,N-winter,0.25,train,0.42380636593211163,False
sample_04599.jpg,SRC_140,35.0,180.0,44.85556,N-spring,0.25,validation,0.38065955076262026,False
sample_04600.jpg,SRC_040,90.0,0.0,57.651744,N-spring,0.5,validation,0.40027130622816187,False
sample_04601.jpg,SRC_043,10.0,180.0,50.433279,N-summer,0.5,calibration,0.4847574839743718,False
sample_04602.jpg,SRC_030,-25.0,180.0,67.936804,N-spring,0.5,train,0.37730617816746725,False
sample_04603.jpg,SRC_124,0.0,180.0,51.928413,N-summer,0.25,train,0.39928415442652454,False
sample_04604.jpg,SRC_134,-30.0,180.0,69.607895,N-spring,0.5,train,0.38793438100398847,False
sample_04605.jpg,SRC_030,-25.0,180.0,67.936804,N-spring,0.5,train,0.3884963229326873,False
sample_04606.jpg,SRC_076,25.0,180.0,63.632584,N-autumn,0.25,validation,0.3694148939105645,False
sample_04607.jpg,SRC_124,0.0,180.0,51.928413,N-summer,0.25,train,0.4026817149371465,False
sample_04608.jpg,SRC_144,-35.0,180.0,76.731052,N-spring,0.5,train,0.44988165429358623,False
sample_04609.jpg,SRC_131,10.0,180.0,60.540464,N-autumn,0.5,train,0.5156484967927236,False
sample_04610.jpg,SRC_049,5.0,180.0,42.94902,N-spring,0.25,train,0.46767762089435994,False
sample_04611.jpg,SRC_091,-40.0,180.0,72.511342,N-summer,0.5,train,0.3868121035826245,False
sample_04612.jpg,SRC_047,0.0,180.0,48.028677,N-spring,0.5,train,0.4445979921664248,False
sample_04613.jpg,SRC_121,25.0,180.0,67.446292,N-autumn,0.5,validation,0.40562751611127545,False
sample_04614.jpg,SRC_030,-25.0,180.0,67.936804,N-spring,0.5,train,0.38679321758792806,False
sample_04615.jpg,SRC_114,-10.0,180.0,58.176498,N-autumn,0.5,calibration,0.3835357960372588,False
sample_04616.jpg,SRC_004,30.0,180.0,61.107468,N-autumn,0.5,train,0.4755895291785876,False
sample_04617.jpg,SRC_151,-15.0,180.0,63.408071,N-summer,0.5,train,0.3945287584487155,False
sample_04618.jpg,SRC_076,25.0,180.0,63.632584,N-autumn,0.25,validation,0.38099609997855743,False
sample_04619.jpg,SRC_013,50.0,180.0,54.051464,N-spring,0.5,train,0.4118654541091609,False
sample_04620.jpg,SRC_030,-25.0,180.0,67.936804,N-spring,0.5,train,0.3826228603630897,False
sample_04621.jpg,SRC_092,5.0,180.0,57.429528,N-autumn,0.25,validation,0.39162680136701866,False
sample_04622.jpg,SRC_044,-90.0,0.0,81.862162,N-autumn,0.5,train,0.4693799037340324,False
sample_04623.jpg,SRC_013,50.0,180.0,54.051464,N-spring,0.5,train,0.3838284665462896,False
sample_04624.jpg,SRC_097,0.0,180.0,35.318175,N-winter,0.25,train,0.5047429314127327,False
sample_04625.jpg,SRC_103,-35.0,180.0,57.090396,N-autumn,0.25,train,0.3986085867185934,False
sample_04626.jpg,SRC_115,25.0,180.0,41.8845,N-spring,0.25,train,0.4177584476566162,False
sample_04627.jpg,SRC_084,-10.0,180.0,58.957849,N-summer,0.25,train,0.3942072861902746,False
sample_04628.jpg,SRC_043,10.0,180.0,50.433279,N-summer,0.5,calibration,0.38894847359655893,False
sample_04629.jpg,SRC_039,90.0,0.0,70.63275,N-summer,0.5,train,0.4712183067375955,False
sample_04630.jpg,SRC_098,-45.0,180.0,70.730178,N-summer,0.25,calibration,0.43846581507436433,False
sample_04631.jpg,SRC_011,-20.0,180.0,70.371153,N-summer,0.25,train,0.39662471714900305,False
sample_04632.jpg,SRC_022,20.0,180.0,41.513642,N-spring,0.25,train,0.47465711847659914,False
sample_04633.jpg,SRC_004,30.0,180.0,61.107468,N-autumn,0.5,train,0.36827976562434905,False
sample_04634.jpg,SRC_108,-40.0,180.0,68.856247,N-summer,0.5,validation,0.39463312688192315,False
sample_04635.jpg,SRC_141,-10.0,180.0,55.206291,N-spring,0.25,train,0.4927521797167399,False
sample_04636.jpg,SRC_066,-10.0,180.0,61.81065,N-summer,0.5,validation,0.42257254595750926,False
sample_04637.jpg,SRC_121,25.0,180.0,67.446292,N-autumn,0.5,validation,0.38769143124285443,False
sample_04638.jpg,SRC_108,-40.0,180.0,68.856247,N-summer,0.5,validation,0.4214731049835375,False
sample_04639.jpg,SRC_133,-10.0,180.0,48.887369,N-spring,0.5,calibration,0.4885574060282173,False
sample_04640.jpg,SRC_095,-20.0,180.0,56.495654,N-spring,0.5,train,0.4611423630238198,False
sample_04641.jpg,SRC_124,0.0,180.0,51.928413,N-summer,0.25,train,0.4145059255119482,False
sample_04642.jpg,SRC_108,-40.0,180.0,68.856247,N-summer,0.5,validation,0.40982509842009807,False
sample_04643.jpg,SRC_091,-40.0,180.0,72.511342,N-summer,0.5,train,0.38867252380611994,False
sample_04644.jpg,SRC_108,-40.0,180.0,68.856247,N-summer,0.5,validation,0.37314496159460964,False
sample_04645.jpg,SRC_003,0.0,180.0,38.090051,N-spring,0.25,train,0.37436632526528074,False
sample_04646.jpg,SRC_123,0.0,180.0,54.598149,N-autumn,0.5,train,0.5152168132597617,False
sample_04647.jpg,SRC_069,25.0,180.0,48.120522,N-summer,0.5,train,0.41301959339879646,False
sample_04648.jpg,SRC_022,20.0,180.0,41.513642,N-spring,0.25,train,0.408522976748508,False
sample_04649.jpg,SRC_112,-30.0,180.0,67.516648,N-spring,0.5,train,0.43075369006357783,False
sample_04650.jpg,SRC_069,25.0,180.0,48.120522,N-summer,0.5,train,0.4807459345338579,False
sample_04651.jpg,SRC_112,-30.0,180.0,67.516648,N-spring,0.5,train,0.4115712952205802,False
sample_04652.jpg,SRC_065,30.0,180.0,68.700871,N-winter,0.5,validation,0.43661723861597046,False
sample_04653.jpg,SRC_009,-25.0,180.0,73.827745,N-spring,0.5,train,0.39163428593579347,False
sample_04654.jpg,SRC_005,0.0,180.0,55.846781,N-summer,0.5,calibration,0.49223094926872435,False
sample_04655.jpg,SRC_008,25.0,180.0,61.005891,N-autumn,0.25,train,0.48010260105860897,False
sample_04656.jpg,SRC_037,15.0,180.0,44.468297,N-spring,0.25,calibration,0.3921357610583331,False
sample_04657.jpg,SRC_123,0.0,180.0,54.598149,N-autumn,0.5,train,0.3764589096051505,False
sample_04658.jpg,SRC_124,0.0,180.0,51.928413,N-summer,0.25,train,0.3861126510737016,False
sample_04659.jpg,SRC_013,50.0,180.0,54.051464,N-spring,0.5,train,0.38075557554269485,False
sample_04660.jpg,SRC_170,-20.0,180.0,56.332579,N-autumn,0.25,train,0.4688173531538354,False
sample_04661.jpg,SRC_113,-35.0,180.0,36.668707,N-winter,0.25,train,0.43506711396187203,False
sample_04662.jpg,SRC_062,45.0,180.0,81.508965,N-autumn,0.5,train,0.4058867425049443,False
sample_04663.jpg,SRC_005,0.0,180.0,55.846781,N-summer,0.5,calibration,0.387741333932144,False
sample_04664.jpg,SRC_004,30.0,180.0,61.107468,N-autumn,0.5,train,0.385840247875169,False
sample_04665.jpg,SRC_071,20.0,180.0,40.070501,N-spring,0.25,train,0.42581979102013606,False
sample_04666.jpg,SRC_030,-25.0,180.0,67.936804,N-spring,0.5,train,0.3838675073219396,False
sample_04667.jpg,SRC_108,-40.0,180.0,68.856247,N-summer,0.5,validation,0.3683655217967671,False
sample_04668.jpg,SRC_006,-15.0,180.0,65.638079,N-spring,0.5,train,0.38302549929913643,False
sample_04669.jpg,SRC_027,35.0,180.0,41.369436,N-spring,0.5,calibration,0.40056363668285344,False
sample_04670.jpg,SRC_144,-35.0,180.0,76.731052,N-spring,0.5,train,0.42225825182673005,False
sample_04671.jpg,SRC_051,20.0,180.0,63.609319,N-autumn,0.5,train,0.4461181168584103,False
sample_04672.jpg,SRC_067,-15.0,180.0,64.724247,N-spring,0.5,calibration,0.521926459679311,False
sample_04673.jpg,SRC_030,-25.0,180.0,67.936804,N-spring,0.5,train,0.4058206911562924,False
sample_04674.jpg,SRC_154,0.0,180.0,54.770875,N-summer,0.5,train,0.49051911339318943,False
sample_04675.jpg,SRC_142,-30.0,180.0,34.276784,N-winter,0.25,train,0.4327686776689473,False
sample_04676.jpg,SRC_092,5.0,180.0,57.429528,N-autumn,0.25,validation,0.38350866496378694,False
sample_04677.jpg,SRC_109,50.0,180.0,54.137665,N-summer,0.25,validation,0.48675821545292974,False
sample_04678.jpg,SRC_166,90.0,0.0,60.094207,N-spring,0.5,train,0.4980231503534867,False
sample_04679.jpg,SRC_038,-15.0,180.0,32.097448,N-winter,0.25,validation,0.42017748653199644,False
sample_04680.jpg,SRC_168,90.0,0.0,64.709631,N-summer,0.25,train,0.46419501072747876,False
sample_04681.jpg,SRC_096,25.0,180.0,40.422288,N-spring,0.25,calibration,0.40767344957728896,False
sample_04682.jpg,SRC_151,-15.0,180.0,63.408071,N-summer,0.5,train,0.40786593573444563,False
sample_04683.jpg,SRC_170,-20.0,180.0,56.332579,N-autumn,0.25,train,0.4094046468109388,False
sample_04684.jpg,SRC_146,10.0,180.0,58.0428,N-summer,0.5,validation,0.520943036984421,False
sample_04685.jpg,SRC_133,-10.0,180.0,48.887369,N-spring,0.5,calibration,0.41003281143353504,False
sample_04686.jpg,SRC_121,25.0,180.0,67.446292,N-autumn,0.5,validation,0.39443958171305393,False
sample_04687.jpg,SRC_111,-35.0,180.0,79.069883,N-spring,1.0,train,0.45445239395380604,False
sample_04688.jpg,SRC_115,25.0,180.0,41.8845,N-spring,0.25,train,0.4500283830460544,False
sample_04689.jpg,SRC_109,50.0,180.0,54.137665,N-summer,0.25,validation,0.3896740956821798,False
sample_04690.jpg,SRC_111,-35.0,180.0,79.069883,N-spring,1.0,train,0.48960890213376757,False
sample_04691.jpg,SRC_115,25.0,180.0,41.8845,N-spring,0.25,train,0.40145402861161694,False
sample_04692.jpg,SRC_037,15.0,180.0,44.468297,N-spring,0.25,calibration,0.38605478184606784,False
sample_04693.jpg,SRC_006,-15.0,180.0,65.638079,N-spring,0.5,train,0.3797654455467483,False
sample_04694.jpg,SRC_134,-30.0,180.0,69.607895,N-spring,0.5,train,0.410850971353396,False
sample_04695.jpg,SRC_009,-25.0,180.0,73.827745,N-spring,0.5,train,0.42037074347562287,False
sample_04696.jpg,SRC_039,90.0,0.0,70.63275,N-summer,0.5,train,0.4906619912612456,False
sample_04697.jpg,SRC_112,-30.0,180.0,67.516648,N-spring,0.5,train,0.40728882055882776,False
sample_04698.jpg,SRC_084,-10.0,180.0,58.957849,N-summer,0.25,train,0.3879761578424802,False
sample_04699.jpg,SRC_122,-5.0,180.0,57.310506,N-summer,0.25,train,0.40827468184091165,False
sample_04700.jpg,SRC_108,-40.0,180.0,68.856247,N-summer,0.5,validation,0.40676131445905883,False
sample_04701.jpg,SRC_108,-40.0,180.0,68.856247,N-summer,0.5,validation,0.5173176649027733,False
sample_04702.jpg,SRC_003,0.0,180.0,38.090051,N-spring,0.25,train,0.38952345596344695,False
sample_04703.jpg,SRC_013,50.0,180.0,54.051464,N-spring,0.5,train,0.39343211495871266,False
sample_04704.jpg,SRC_148,-15.0,180.0,49.227137,N-autumn,0.25,train,0.41971996518694554,False
sample_04705.jpg,SRC_003,0.0,180.0,38.090051,N-spring,0.25,train,0.41084519729360675,False
sample_04706.jpg,SRC_004,30.0,180.0,61.107468,N-autumn,0.5,train,0.3670016530302093,False
sample_04707.jpg,SRC_098,-45.0,180.0,70.730178,N-summer,0.25,calibration,0.4341268859631985,False
sample_04708.jpg,SRC_112,-30.0,180.0,67.516648,N-spring,0.5,train,0.5208756268207113,False
sample_04709.jpg,SRC_126,-20.0,180.0,68.779144,N-summer,0.5,train,0.5056818415857735,False
sample_04710.jpg,SRC_051,20.0,180.0,63.609319,N-autumn,0.5,train,0.4861415610698576,False
sample_04711.jpg,SRC_106,25.0,180.0,40.638999,N-spring,0.5,validation,0.4997335269191753,False
sample_04712.jpg,SRC_118,35.0,180.0,49.493581,N-summer,0.25,validation,0.37608361437244275,False
sample_04713.jpg,SRC_076,25.0,180.0,63.632584,N-autumn,0.25,validation,0.3998077303863854,False
sample_04714.jpg,SRC_106,25.0,180.0,40.638999,N-spring,0.5,validation,0.44177211952383655,False
sample_04715.jpg,SRC_056,-40.0,180.0,74.660587,N-summer,0.5,train,0.46659165670323566,False
sample_04716.jpg,SRC_015,20.0,180.0,46.484204,N-summer,0.25,train,0.4393761616256316,False
sample_04717.jpg,SRC_053,-90.0,0.0,74.406575,N-winter,0.5,train,0.40093587810147263,False
sample_04718.jpg,SRC_071,20.0,180.0,40.070501,N-spring,0.25,train,0.47645343770194853,False
sample_04719.jpg,SRC_036,5.0,180.0,52.749586,N-summer,0.25,train,0.3893373440101061,False
sample_04720.jpg,SRC_056,-40.0,180.0,74.660587,N-summer,0.5,train,0.38324288755954267,False
sample_04721.jpg,SRC_058,30.0,180.0,69.060883,N-autumn,0.5,train,0.4903578038830063,False
sample_04722.jpg,SRC_165,10.0,180.0,42.451267,N-winter,0.25,calibration,0.419310350417964,False
sample_04723.jpg,SRC_115,25.0,180.0,41.8845,N-spring,0.25,train,0.40968404977606354,False
sample_04724.jpg,SRC_051,20.0,180.0,63.609319,N-autumn,0.5,train,0.4239058466180742,False
sample_04725.jpg,SRC_006,-15.0,180.0,65.638079,N-spring,0.5,train,0.52291194606434,False
sample_04726.jpg,SRC_108,-40.0,180.0,68.856247,N-summer,0.5,validation,0.4198386708200359,False
sample_04727.jpg,SRC_158,-5.0,180.0,35.954137,N-winter,0.25,train,0.3785022921939062,False
sample_04728.jpg,SRC_074,0.0,180.0,50.25459,N-spring,0.5,train,0.46015426053752123,False
sample_04729.jpg,SRC_095,-20.0,180.0,56.495654,N-spring,0.5,train,0.4652697846299108,False
sample_04730.jpg,SRC_148,-15.0,180.0,49.227137,N-autumn,0.25,train,0.40525055467267324,False
sample_04731.jpg,SRC_141,-10.0,180.0,55.206291,N-spring,0.25,train,0.4960933014580977,False
sample_04732.jpg,SRC_065,30.0,180.0,68.700871,N-winter,0.5,validation,0.4916417972023657,False
sample_04733.jpg,SRC_124,0.0,180.0,51.928413,N-summer,0.25,train,0.42912069641724226,False
sample_04734.jpg,SRC_124,0.0,180.0,51.928413,N-summer,0.25,train,0.39226565823994186,False
sample_04735.jpg,SRC_169,40.0,180.0,48.615664,N-summer,0.25,validation,0.38058935431924656,False
sample_04736.jpg,SRC_115,25.0,180.0,41.8845,N-spring,0.25,train,0.4046603746157892,False
sample_04737.jpg,SRC_123,0.0,180.0,54.598149,N-autumn,0.5,train,0.4837063985456396,False
sample_04738.jpg,SRC_140,35.0,180.0,44.85556,N-spring,0.25,validation,0.38758586108403154,False
sample_04739.jpg,SRC_171,-35.0,180.0,63.65778,N-spring,0.25,calibration,0.38719971658455926,False
sample_04740.jpg,SRC_101,5.0,180.0,48.479381,N-winter,0.25,validation,0.4434017555769498,False
sample_04741.jpg,SRC_166,90.0,0.0,60.094207,N-spring,0.5,train,0.49031626131495354,False
sample_04742.jpg,SRC_103,-35.0,180.0,57.090396,N-autumn,0.25,train,0.39784844816951137,False
sample_04743.jpg,SRC_158,-5.0,180.0,35.954137,N-winter,0.25,train,0.3893823838627301,False
sample_04744.jpg,SRC_169,40.0,180.0,48.615664,N-summer,0.25,validation,0.43882872089001257,False
sample_04745.jpg,SRC_124,0.0,180.0,51.928413,N-summer,0.25,train,0.40390474546990074,False
sample_04746.jpg,SRC_042,10.0,180.0,36.92431,N-spring,0.5,train,0.4020091838210754,False
sample_04747.jpg,SRC_063,25.0,180.0,41.329237,N-spring,0.25,train,0.3851276805540852,False
sample_04748.jpg,SRC_151,-15.0,180.0,63.408071,N-summer,0.5,train,0.405850525223517,False
sample_04749.jpg,SRC_159,20.0,180.0,67.076816,N-autumn,0.25,train,0.398456110776933,False
sample_04750.jpg,SRC_150,10.0,180.0,50.798821,N-summer,0.5,train,0.3905041843814404,False
sample_04751.jpg,SRC_037,15.0,180.0,44.468297,N-spring,0.25,calibration,0.38291836787090905,False
sample_04752.jpg,SRC_091,-40.0,180.0,72.511342,N-summer,0.5,train,0.42432524788717085,False
sample_04753.jpg,SRC_061,50.0,180.0,43.110277,N-spring,0.5,train,0.49634777685594045,False
sample_04754.jpg,SRC_158,-5.0,180.0,35.954137,N-winter,0.25,train,0.3998717258751351,False
sample_04755.jpg,SRC_158,-5.0,180.0,35.954137,N-winter,0.25,train,0.38737563244600903,False
sample_04756.jpg,SRC_112,-30.0,180.0,67.516648,N-spring,0.5,train,0.42254113134413507,False
sample_04757.jpg,SRC_050,0.0,180.0,53.680047,N-summer,0.25,calibration,0.4246876140201758,False
sample_04758.jpg,SRC_006,-15.0,180.0,65.638079,N-spring,0.5,train,0.39729265475951714,False
sample_04759.jpg,SRC_004,30.0,180.0,61.107468,N-autumn,0.5,train,0.3882743070545447,False
sample_04760.jpg,SRC_103,-35.0,180.0,57.090396,N-autumn,0.25,train,0.38828695882894027,False
sample_04761.jpg,SRC_171,-35.0,180.0,63.65778,N-spring,0.25,calibration,0.39086120079364084,False
sample_04762.jpg,SRC_009,-25.0,180.0,73.827745,N-spring,0.5,train,0.3946789109476987,False
sample_04763.jpg,SRC_076,25.0,180.0,63.632584,N-autumn,0.25,validation,0.4498397216225099,False
sample_04764.jpg,SRC_111,-35.0,180.0,79.069883,N-spring,1.0,train,0.4806709492625226,False
sample_04765.jpg,SRC_022,20.0,180.0,41.513642,N-spring,0.25,train,0.42806563541413867,False
sample_04766.jpg,SRC_035,0.0,180.0,56.990187,N-autumn,0.25,train,0.39643975963754563,False
sample_04767.jpg,SRC_114,-10.0,180.0,58.176498,N-autumn,0.5,calibration,0.38786781180061847,False
sample_04768.jpg,SRC_014,-40.0,180.0,38.480327,N-winter,0.25,calibration,0.458774906423305,False
sample_04769.jpg,SRC_095,-20.0,180.0,56.495654,N-spring,0.5,train,0.4167984155101946,False
sample_04770.jpg,SRC_069,25.0,180.0,48.120522,N-summer,0.5,train,0.4640678784758757,False
sample_04771.jpg,SRC_100,20.0,180.0,41.506528,N-spring,0.25,train,0.48630941223230406,False
sample_04772.jpg,SRC_001,-5.0,180.0,51.987197,N-spring,0.5,calibration,0.404896597555165,False
sample_04773.jpg,SRC_057,-5.0,180.0,57.599617,N-summer,0.25,train,0.47167643562529876,False
sample_04774.jpg,SRC_006,-15.0,180.0,65.638079,N-spring,0.5,train,0.5091098022816133,False
sample_04775.jpg,SRC_074,0.0,180.0,50.25459,N-spring,0.5,train,0.4905893333759117,False
sample_04776.jpg,SRC_111,-35.0,180.0,79.069883,N-spring,1.0,train,0.44351412711697247,False
sample_04777.jpg,SRC_139,40.0,180.0,53.533251,N-winter,0.25,train,0.483545137782922,False
sample_04778.jpg,SRC_093,-25.0,180.0,43.343655,N-autumn,0.5,calibration,0.48786742231405594,False
sample_04779.jpg,SRC_109,50.0,180.0,54.137665,N-summer,0.25,validation,0.3990002770899292,False
sample_04780.jpg,SRC_071,20.0,180.0,40.070501,N-spring,0.25,train,0.455371139150656,False
sample_04781.jpg,SRC_111,-35.0,180.0,79.069883,N-spring,1.0,train,0.5123714381464461,False
sample_04782.jpg,SRC_022,20.0,180.0,41.513642,N-spring,0.25,train,0.41362748779651176,False
sample_04783.jpg,SRC_070,60.0,180.0,58.788969,N-summer,0.5,validation,0.5262838505260541,False
sample_04784.jpg,SRC_087,0.0,180.0,54.65824,N-summer,0.25,train,0.4384593227932706,False
sample_04785.jpg,SRC_009,-25.0,180.0,73.827745,N-spring,0.5,train,0.41142093865918306,False
sample_04786.jpg,SRC_077,-5.0,180.0,34.299081,N-winter,0.25,train,0.4046800421329374,False
sample_04787.jpg,SRC_075,-90.0,0.0,65.329336,N-winter,0.25,train,0.37664904664459004,False
sample_04788.jpg,SRC_006,-15.0,180.0,65.638079,N-spring,0.5,train,0.3891001137081428,False
sample_04789.jpg,SRC_093,-25.0,180.0,43.343655,N-autumn,0.5,calibration,0.38469661189647936,False
sample_04790.jpg,SRC_133,-10.0,180.0,48.887369,N-spring,0.5,calibration,0.5078705288994023,False
sample_04791.jpg,SRC_097,0.0,180.0,35.318175,N-winter,0.25,train,0.3875541706615942,False
sample_04792.jpg,SRC_009,-25.0,180.0,73.827745,N-spring,0.5,train,0.4009211353233256,False
sample_04793.jpg,SRC_020,35.0,180.0,42.075965,N-summer,0.25,train,0.3842741456835562,False
sample_04794.jpg,SRC_030,-25.0,180.0,67.936804,N-spring,0.5,train,0.3841010163505319,False
sample_04795.jpg,SRC_108,-40.0,180.0,68.856247,N-summer,0.5,validation,0.4723073409515116,False
sample_04796.jpg,SRC_037,15.0,180.0,44.468297,N-spring,0.25,calibration,0.38474077931583917,False
sample_04797.jpg,SRC_065,30.0,180.0,68.700871,N-winter,0.5,validation,0.49777390020597023,False
sample_04798.jpg,SRC_169,40.0,180.0,48.615664,N-summer,0.25,validation,0.3793504609774926,False
sample_04799.jpg,SRC_096,25.0,180.0,40.422288,N-spring,0.25,calibration,0.41515060637063045,False
sample_04800.jpg,SRC_146,10.0,180.0,58.0428,N-summer,0.5,validation,0.43259860323031935,False
sample_04801.jpg,SRC_037,15.0,180.0,44.468297,N-spring,0.25,calibration,0.3882860346507414,False
sample_04802.jpg,SRC_103,-35.0,180.0,57.090396,N-autumn,0.25,train,0.40469300771515354,False
sample_04803.jpg,SRC_133,-10.0,180.0,48.887369,N-spring,0.5,calibration,0.4046969630895262,False
sample_04804.jpg,SRC_067,-15.0,180.0,64.724247,N-spring,0.5,calibration,0.4712349001887876,False
sample_04805.jpg,SRC_095,-20.0,180.0,56.495654,N-spring,0.5,train,0.48039380591063957,False
sample_04806.jpg,SRC_051,20.0,180.0,63.609319,N-autumn,0.5,train,0.39330229810115613,False
sample_04807.jpg,SRC_041,15.0,180.0,46.712049,N-summer,0.25,calibration,0.37487944262509715,False
sample_04808.jpg,SRC_107,20.0,180.0,65.68027,N-autumn,0.5,train,0.44472268868930165,False
sample_04809.jpg,SRC_076,25.0,180.0,63.632584,N-autumn,0.25,validation,0.48192989031347866,False
sample_04810.jpg,SRC_130,25.0,180.0,37.507656,N-spring,0.25,validation,0.50105752891417,False
sample_04811.jpg,SRC_027,35.0,180.0,41.369436,N-spring,0.5,calibration,0.385510738005534,False
sample_04812.jpg,SRC_113,-35.0,180.0,36.668707,N-winter,0.25,train,0.38747267278200714,False
sample_04813.jpg,SRC_027,35.0,180.0,41.369436,N-spring,0.5,calibration,0.38896282432536633,False
sample_04814.jpg,SRC_046,0.0,180.0,58.061031,N-autumn,0.25,validation,0.3951546534914503,False
sample_04815.jpg,SRC_049,5.0,180.0,42.94902,N-spring,0.25,train,0.4580443282499701,False
sample_04816.jpg,SRC_051,20.0,180.0,63.609319,N-autumn,0.5,train,0.48568891299989064,False
sample_04817.jpg,SRC_169,40.0,180.0,48.615664,N-summer,0.25,validation,0.37084438519666185,False
sample_04818.jpg,SRC_069,25.0,180.0,48.120522,N-summer,0.5,train,0.44522197655444967,False
sample_04819.jpg,SRC_145,-5.0,180.0,52.15166,N-spring,0.25,train,0.3990288240515739,False
sample_04820.jpg,SRC_101,5.0,180.0,48.479381,N-winter,0.25,validation,0.5169917109481176,False
sample_04821.jpg,SRC_013,50.0,180.0,54.051464,N-spring,0.5,train,0.3868606904756037,False
sample_04822.jpg,SRC_106,25.0,180.0,40.638999,N-spring,0.5,validation,0.4809985391623475,False
sample_04823.jpg,SRC_017,-90.0,0.0,64.6979,N-winter,0.25,train,0.42895920133223636,False
sample_04824.jpg,SRC_047,0.0,180.0,48.028677,N-spring,0.5,train,0.4499472583556955,False
sample_04825.jpg,SRC_022,20.0,180.0,41.513642,N-spring,0.25,train,0.5091635580105068,False
sample_04826.jpg,SRC_043,10.0,180.0,50.433279,N-summer,0.5,calibration,0.3824549406430857,False
sample_04827.jpg,SRC_063,25.0,180.0,41.329237,N-spring,0.25,train,0.4333567384577865,False
sample_04828.jpg,SRC_027,35.0,180.0,41.369436,N-spring,0.5,calibration,0.40169985444355705,False
sample_04829.jpg,SRC_049,5.0,180.0,42.94902,N-spring,0.25,train,0.4640695447095628,False
sample_04830.jpg,SRC_067,-15.0,180.0,64.724247,N-spring,0.5,calibration,0.4015177360701127,False
sample_04831.jpg,SRC_156,10.0,180.0,48.737382,N-summer,0.25,train,0.3814287200724418,False
sample_04832.jpg,SRC_103,-35.0,180.0,57.090396,N-autumn,0.25,train,0.3962391321561261,False
sample_04833.jpg,SRC_099,15.0,180.0,42.024472,N-spring,0.5,train,0.5022515423666906,False
sample_04834.jpg,SRC_049,5.0,180.0,42.94902,N-spring,0.25,train,0.46338237101384944,False
sample_04835.jpg,SRC_114,-10.0,180.0,58.176498,N-autumn,0.5,calibration,0.3880237546805616,False
sample_04836.jpg,SRC_098,-45.0,180.0,70.730178,N-summer,0.25,calibration,0.46364456324488595,False
sample_04837.jpg,SRC_171,-35.0,180.0,63.65778,N-spring,0.25,calibration,0.3940757385980716,False
sample_04838.jpg,SRC_097,0.0,180.0,35.318175,N-winter,0.25,train,0.4072033683400943,False
sample_04839.jpg,SRC_076,25.0,180.0,63.632584,N-autumn,0.25,validation,0.5145363095651057,False
sample_04840.jpg,SRC_059,15.0,180.0,48.046698,N-summer,0.25,train,0.5194379293424237,False
sample_04841.jpg,SRC_030,-25.0,180.0,67.936804,N-spring,0.5,train,0.4161957740685615,False
sample_04842.jpg,SRC_103,-35.0,180.0,57.090396,N-autumn,0.25,train,0.4001548426841569,False
sample_04843.jpg,SRC_103,-35.0,180.0,57.090396,N-autumn,0.25,train,0.40907776883700747,False
sample_04844.jpg,SRC_006,-15.0,180.0,65.638079,N-spring,0.5,train,0.4683201575660824,False
sample_04845.jpg,SRC_093,-25.0,180.0,43.343655,N-autumn,0.5,calibration,0.3831676418802764,False
sample_04846.jpg,SRC_052,5.0,180.0,51.705435,N-summer,0.25,train,0.3958372027538273,False
sample_04847.jpg,SRC_051,20.0,180.0,63.609319,N-autumn,0.5,train,0.4348057354462285,False
sample_04848.jpg,SRC_009,-25.0,180.0,73.827745,N-spring,0.5,train,0.38992049696885944,False
sample_04849.jpg,SRC_150,10.0,180.0,50.798821,N-summer,0.5,train,0.3959662575691431,False
sample_04850.jpg,SRC_109,50.0,180.0,54.137665,N-summer,0.25,validation,0.43100941269657767,False
sample_04851.jpg,SRC_108,-40.0,180.0,68.856247,N-summer,0.5,validation,0.4058359198359396,False
sample_04852.jpg,SRC_097,0.0,180.0,35.318175,N-winter,0.25,train,0.42257733566681727,False
sample_04853.jpg,SRC_154,0.0,180.0,54.770875,N-summer,0.5,train,0.5059241465612173,False
sample_04854.jpg,SRC_098,-45.0,180.0,70.730178,N-summer,0.25,calibration,0.5235314723030923,False
sample_04855.jpg,SRC_047,0.0,180.0,48.028677,N-spring,0.5,train,0.4248751530234311,False
sample_04856.jpg,SRC_108,-40.0,180.0,68.856247,N-summer,0.5,validation,0.4088063396175678,False
sample_04857.jpg,SRC_047,0.0,180.0,48.028677,N-spring,0.5,train,0.5096131324408528,False
sample_04858.jpg,SRC_142,-30.0,180.0,34.276784,N-winter,0.25,train,0.48369630180693723,False
sample_04859.jpg,SRC_124,0.0,180.0,51.928413,N-summer,0.25,train,0.3936380977863074,False
sample_04860.jpg,SRC_046,0.0,180.0,58.061031,N-autumn,0.25,validation,0.4298450383596866,False
sample_04861.jpg,SRC_114,-10.0,180.0,58.176498,N-autumn,0.5,calibration,0.377647296421549,False
sample_04862.jpg,SRC_043,10.0,180.0,50.433279,N-summer,0.5,calibration,0.5174332952465691,False
sample_04863.jpg,SRC_109,50.0,180.0,54.137665,N-summer,0.25,validation,0.38050328267759825,False
sample_04864.jpg,SRC_153,-40.0,180.0,43.960452,N-autumn,0.25,train,0.37563563347231693,False
sample_04865.jpg,SRC_009,-25.0,180.0,73.827745,N-spring,0.5,train,0.4078898725349392,False
sample_04866.jpg,SRC_027,35.0,180.0,41.369436,N-spring,0.5,calibration,0.37383589495275793,False
sample_04867.jpg,SRC_094,20.0,180.0,66.934532,N-autumn,0.25,train,0.38658886795629127,False
sample_04868.jpg,SRC_087,0.0,180.0,54.65824,N-summer,0.25,train,0.39573202981222905,False
sample_04869.jpg,SRC_088,0.0,180.0,53.004483,N-summer,0.25,train,0.4118248983349703,False
sample_04870.jpg,SRC_096,25.0,180.0,40.422288,N-spring,0.25,calibration,0.3795722267961105,False
sample_04871.jpg,SRC_168,90.0,0.0,64.709631,N-summer,0.25,train,0.4978170808223451,False
sample_04872.jpg,SRC_082,-10.0,180.0,60.444036,N-spring,0.25,train,0.4192251158612995,False
sample_04873.jpg,SRC_001,-5.0,180.0,51.987197,N-spring,0.5,calibration,0.4232561315922874,False
sample_04874.jpg,SRC_037,15.0,180.0,44.468297,N-spring,0.25,calibration,0.37197745101784513,False
sample_04875.jpg,SRC_027,35.0,180.0,41.369436,N-spring,0.5,calibration,0.5309440497026152,False
sample_04876.jpg,SRC_043,10.0,180.0,50.433279,N-summer,0.5,calibration,0.40388574358010965,False
sample_04877.jpg,SRC_124,0.0,180.0,51.928413,N-summer,0.25,train,0.39271396517770657,False
sample_04878.jpg,SRC_092,5.0,180.0,57.429528,N-autumn,0.25,validation,0.3906392107130287,False
sample_04879.jpg,SRC_161,5.0,180.0,52.294471,N-summer,0.25,calibration,0.3816062362545365,False
sample_04880.jpg,SRC_056,-40.0,180.0,74.660587,N-summer,0.5,train,0.37785344335842586,False
sample_04881.jpg,SRC_165,10.0,180.0,42.451267,N-winter,0.25,calibration,0.5267609585150088,False
sample_04882.jpg,SRC_112,-30.0,180.0,67.516648,N-spring,0.5,train,0.4246063420512085,False
sample_04883.jpg,SRC_051,20.0,180.0,63.609319,N-autumn,0.5,train,0.3890880023203648,False
sample_04884.jpg,SRC_077,-5.0,180.0,34.299081,N-winter,0.25,train,0.38325731675675534,False
sample_04885.jpg,SRC_021,-90.0,0.0,68.040851,N-autumn,0.5,calibration,0.3958487626184767,False
sample_04886.jpg,SRC_106,25.0,180.0,40.638999,N-spring,0.5,validation,0.45542236698018324,False
sample_04887.jpg,SRC_131,10.0,180.0,60.540464,N-autumn,0.5,train,0.4903696535679022,False
sample_04888.jpg,SRC_099,15.0,180.0,42.024472,N-spring,0.5,train,0.3730843559363798,False
sample_04889.jpg,SRC_102,-10.0,180.0,52.255853,N-spring,0.25,train,0.46256232752076204,False
sample_04890.jpg,SRC_114,-10.0,180.0,58.176498,N-autumn,0.5,calibration,0.4015927144246101,False
sample_04891.jpg,SRC_050,0.0,180.0,53.680047,N-summer,0.25,calibration,0.446037082338165,False
sample_04892.jpg,SRC_068,0.0,180.0,56.216196,N-summer,0.25,train,0.4060707608810228,False
sample_04893.jpg,SRC_030,-25.0,180.0,67.936804,N-spring,0.5,train,0.38085104827067356,False
sample_04894.jpg,SRC_153,-40.0,180.0,43.960452,N-autumn,0.25,train,0.3962918601874052,False
sample_04895.jpg,SRC_151,-15.0,180.0,63.408071,N-summer,0.5,train,0.4176881538012296,False
sample_04896.jpg,SRC_171,-35.0,180.0,63.65778,N-spring,0.25,calibration,0.3793798838477651,False
sample_04897.jpg,SRC_011,-20.0,180.0,70.371153,N-summer,0.25,train,0.392478187661262,False
sample_04898.jpg,SRC_042,10.0,180.0,36.92431,N-spring,0.5,train,0.3968608010253273,False
sample_04899.jpg,SRC_057,-5.0,180.0,57.599617,N-summer,0.25,train,0.39727796231772616,False
sample_04900.jpg,SRC_091,-40.0,180.0,72.511342,N-summer,0.5,train,0.38256522076463023,False
sample_04901.jpg,SRC_008,25.0,180.0,61.005891,N-autumn,0.25,train,0.3921412219024998,False
sample_04902.jpg,SRC_123,0.0,180.0,54.598149,N-autumn,0.5,train,0.3980241369280808,False
sample_04903.jpg,SRC_134,-30.0,180.0,69.607895,N-spring,0.5,train,0.39193011171558834,False
sample_04904.jpg,SRC_043,10.0,180.0,50.433279,N-summer,0.5,calibration,0.39505688854764376,False
sample_04905.jpg,SRC_058,30.0,180.0,69.060883,N-autumn,0.5,train,0.49732050891558666,False
sample_04906.jpg,SRC_133,-10.0,180.0,48.887369,N-spring,0.5,calibration,0.4160563598479535,False
sample_04907.jpg,SRC_074,0.0,180.0,50.25459,N-spring,0.5,train,0.48083791310824575,False
sample_04908.jpg,SRC_063,25.0,180.0,41.329237,N-spring,0.25,train,0.37034437466366854,False
sample_04909.jpg,SRC_124,0.0,180.0,51.928413,N-summer,0.25,train,0.37910969050099197,False
sample_04910.jpg,SRC_037,15.0,180.0,44.468297,N-spring,0.25,calibration,0.38608470876087353,False
sample_04911.jpg,SRC_103,-35.0,180.0,57.090396,N-autumn,0.25,train,0.3944630053190264,False
sample_04912.jpg,SRC_126,-20.0,180.0,68.779144,N-summer,0.5,train,0.40005899763980884,False
sample_04913.jpg,SRC_114,-10.0,180.0,58.176498,N-autumn,0.5,calibration,0.48709060559374845,False
sample_04914.jpg,SRC_115,25.0,180.0,41.8845,N-spring,0.25,train,0.44452438443405723,False
sample_04915.jpg,SRC_094,20.0,180.0,66.934532,N-autumn,0.25,train,0.4341455655034487,False
sample_04916.jpg,SRC_134,-30.0,180.0,69.607895,N-spring,0.5,train,0.3979159812781928,False
sample_04917.jpg,SRC_088,0.0,180.0,53.004483,N-summer,0.25,train,0.4016252046074583,False
sample_04918.jpg,SRC_124,0.0,180.0,51.928413,N-summer,0.25,train,0.3842272968885567,False
sample_04919.jpg,SRC_091,-40.0,180.0,72.511342,N-summer,0.5,train,0.38823874972762307,False
sample_04920.jpg,SRC_121,25.0,180.0,67.446292,N-autumn,0.5,validation,0.3922707716959669,False
sample_04921.jpg,SRC_009,-25.0,180.0,73.827745,N-spring,0.5,train,0.4842283051483853,False
sample_04922.jpg,SRC_093,-25.0,180.0,43.343655,N-autumn,0.5,calibration,0.3859221722403673,False
sample_04923.jpg,SRC_144,-35.0,180.0,76.731052,N-spring,0.5,train,0.4961883820824843,False
sample_04924.jpg,SRC_009,-25.0,180.0,73.827745,N-spring,0.5,train,0.385228011594965,False
sample_04925.jpg,SRC_135,5.0,180.0,41.328761,N-winter,0.5,train,0.4810858629713038,False
sample_04926.jpg,SRC_037,15.0,180.0,44.468297,N-spring,0.25,calibration,0.47954105289052606,False
sample_04927.jpg,SRC_108,-40.0,180.0,68.856247,N-summer,0.5,validation,0.5141851928798801,False
sample_04928.jpg,SRC_081,-90.0,0.0,74.772433,N-autumn,0.25,train,0.4832628757586618,False
sample_04929.jpg,SRC_050,0.0,180.0,53.680047,N-summer,0.25,calibration,0.4136227337495689,False
sample_04930.jpg,SRC_150,10.0,180.0,50.798821,N-summer,0.5,train,0.3905462518300058,False
sample_04931.jpg,SRC_096,25.0,180.0,40.422288,N-spring,0.25,calibration,0.3973175643083997,False
sample_04932.jpg,SRC_048,-25.0,180.0,61.920556,N-autumn,0.25,train,0.3990561338238444,False
sample_04933.jpg,SRC_069,25.0,180.0,48.120522,N-summer,0.5,train,0.45976349615338447,False
sample_04934.jpg,SRC_049,5.0,180.0,42.94902,N-spring,0.25,train,0.4129471316725558,False
sample_04935.jpg,SRC_166,90.0,0.0,60.094207,N-spring,0.5,train,0.5068913153971176,False
sample_04936.jpg,SRC_004,30.0,180.0,61.107468,N-autumn,0.5,train,0.4343736122142091,False
sample_04937.jpg,SRC_085,0.0,180.0,39.187341,N-spring,0.25,train,0.43863479939205857,False
sample_04938.jpg,SRC_049,5.0,180.0,42.94902,N-spring,0.25,train,0.5129218713844359,False
sample_04939.jpg,SRC_103,-35.0,180.0,57.090396,N-autumn,0.25,train,0.39884494564593564,False
sample_04940.jpg,SRC_009,-25.0,180.0,73.827745,N-spring,0.5,train,0.4169647949686276,False
sample_04941.jpg,SRC_157,40.0,180.0,44.22455,N-summer,0.25,train,0.37671917158138524,False
sample_04942.jpg,SRC_165,10.0,180.0,42.451267,N-winter,0.25,calibration,0.43743092780465903,False
sample_04943.jpg,SRC_015,20.0,180.0,46.484204,N-summer,0.25,train,0.39828835864743733,False
sample_04944.jpg,SRC_140,35.0,180.0,44.85556,N-spring,0.25,validation,0.36810093638692526,False
sample_04945.jpg,SRC_032,-5.0,180.0,52.490186,N-spring,0.25,train,0.4195950278982018,False
sample_04946.jpg,SRC_098,-45.0,180.0,70.730178,N-summer,0.25,calibration,0.4735965562602981,False
sample_04947.jpg,SRC_154,0.0,180.0,54.770875,N-summer,0.5,train,0.47265753970501356,False
sample_04948.jpg,SRC_051,20.0,180.0,63.609319,N-autumn,0.5,train,0.47271519317579,False
sample_04949.jpg,SRC_140,35.0,180.0,44.85556,N-spring,0.25,validation,0.4259246601848975,False
sample_04950.jpg,SRC_081,-90.0,0.0,74.772433,N-autumn,0.25,train,0.5065396937375758,False
sample_04951.jpg,SRC_151,-15.0,180.0,63.408071,N-summer,0.5,train,0.39710154557120714,False
sample_04952.jpg,SRC_075,-90.0,0.0,65.329336,N-winter,0.25,train,0.37885123201978893,False
sample_04953.jpg,SRC_169,40.0,180.0,48.615664,N-summer,0.25,validation,0.3673650667539508,False
sample_04954.jpg,SRC_029,-5.0,180.0,45.485648,N-autumn,0.25,train,0.4238638503058526,False
sample_04955.jpg,SRC_108,-40.0,180.0,68.856247,N-summer,0.5,validation,0.5121957409424148,False
sample_04956.jpg,SRC_158,-5.0,180.0,35.954137,N-winter,0.25,train,0.3862539452282733,False
sample_04957.jpg,SRC_061,50.0,180.0,43.110277,N-spring,0.5,train,0.44524273205866793,False
sample_04958.jpg,SRC_090,50.0,180.0,47.196626,N-summer,0.25,train,0.37144312149067665,False
sample_04959.jpg,SRC_115,25.0,180.0,41.8845,N-spring,0.25,train,0.5026282794000615,False
sample_04960.jpg,SRC_115,25.0,180.0,41.8845,N-spring,0.25,train,0.4426116981940689,False
sample_04961.jpg,SRC_100,20.0,180.0,41.506528,N-spring,0.25,train,0.48240949129648075,False
sample_04962.jpg,SRC_047,0.0,180.0,48.028677,N-spring,0.5,train,0.4568791764768168,False
sample_04963.jpg,SRC_013,50.0,180.0,54.051464,N-spring,0.5,train,0.4214922899774397,False
sample_04964.jpg,SRC_107,20.0,180.0,65.68027,N-autumn,0.5,train,0.3959695405390534,False
sample_04965.jpg,SRC_089,10.0,180.0,48.442522,N-winter,0.25,validation,0.4030573735223576,False
sample_04966.jpg,SRC_004,30.0,180.0,61.107468,N-autumn,0.5,train,0.39782885597148615,False
sample_04967.jpg,SRC_071,20.0,180.0,40.070501,N-spring,0.25,train,0.4513907724001611,False
sample_04968.jpg,SRC_071,20.0,180.0,40.070501,N-spring,0.25,train,0.4402449324411462,False
sample_04969.jpg,SRC_108,-40.0,180.0,68.856247,N-summer,0.5,validation,0.4029466501255639,False
sample_04970.jpg,SRC_103,-35.0,180.0,57.090396,N-autumn,0.25,train,0.4113818423656056,False
sample_04971.jpg,SRC_011,-20.0,180.0,70.371153,N-summer,0.25,train,0.39941293191938576,False
sample_04972.jpg,SRC_055,-5.0,180.0,57.335076,N-spring,0.25,train,0.48441063872082274,False
sample_04973.jpg,SRC_151,-15.0,180.0,63.408071,N-summer,0.5,train,0.5216842024721382,False
sample_04974.jpg,SRC_115,25.0,180.0,41.8845,N-spring,0.25,train,0.5003712368956843,False
sample_04975.jpg,SRC_052,5.0,180.0,51.705435,N-summer,0.25,train,0.4451214578118078,False
sample_04976.jpg,SRC_169,40.0,180.0,48.615664,N-summer,0.25,validation,0.3823963669055832,False
sample_04977.jpg,SRC_052,5.0,180.0,51.705435,N-summer,0.25,train,0.40938576885715977,False
sample_04978.jpg,SRC_165,10.0,180.0,42.451267,N-winter,0.25,calibration,0.4137322207900035,False
sample_04979.jpg,SRC_070,60.0,180.0,58.788969,N-summer,0.5,validation,0.3943487495267264,False
sample_04980.jpg,SRC_163,0.0,180.0,39.987447,N-winter,0.25,train,0.407909020396745,False
sample_04981.jpg,SRC_093,-25.0,180.0,43.343655,N-autumn,0.5,calibration,0.3845519215384252,False
sample_04982.jpg,SRC_106,25.0,180.0,40.638999,N-spring,0.5,validation,0.45468641502596646,False
sample_04983.jpg,SRC_009,-25.0,180.0,73.827745,N-spring,0.5,train,0.39797832417623197,False
sample_04984.jpg,SRC_071,20.0,180.0,40.070501,N-spring,0.25,train,0.4139634748398032,False
sample_04985.jpg,SRC_133,-10.0,180.0,48.887369,N-spring,0.5,calibration,0.45416793176390674,False
sample_04986.jpg,SRC_107,20.0,180.0,65.68027,N-autumn,0.5,train,0.3842665660533866,False
sample_04987.jpg,SRC_148,-15.0,180.0,49.227137,N-autumn,0.25,train,0.4488978407521421,False
sample_04988.jpg,SRC_097,0.0,180.0,35.318175,N-winter,0.25,train,0.38155107103176306,False
sample_04989.jpg,SRC_047,0.0,180.0,48.028677,N-spring,0.5,train,0.43499241123470755,False
sample_04990.jpg,SRC_056,-40.0,180.0,74.660587,N-summer,0.5,train,0.40229872971951625,False
sample_04991.jpg,SRC_073,45.0,180.0,41.537171,N-spring,0.25,train,0.4264623779049533,False
sample_04992.jpg,SRC_104,25.0,180.0,45.102036,N-summer,0.5,calibration,0.5075378418903661,False
sample_04993.jpg,SRC_099,15.0,180.0,42.024472,N-spring,0.5,train,0.3992584130669379,False
sample_04994.jpg,SRC_121,25.0,180.0,67.446292,N-autumn,0.5,validation,0.3769436855597183,False
sample_04995.jpg,SRC_062,45.0,180.0,81.508965,N-autumn,0.5,train,0.42572175759578856,False
sample_04996.jpg,SRC_121,25.0,180.0,67.446292,N-autumn,0.5,validation,0.378373661939293,False
sample_04997.jpg,SRC_052,5.0,180.0,51.705435,N-summer,0.25,train,0.4246788153506129,False
sample_04998.jpg,SRC_042,10.0,180.0,36.92431,N-spring,0.5,train,0.4021345897464723,False
sample_04999.jpg,SRC_007,20.0,180.0,49.485932,N-winter,0.25,validation,0.3862727906865171,False
sample_05000.jpg,SRC_134,-30.0,180.0,69.607895,N-spring,0.5,train,0.3939721314846463,False
sample_05001.jpg,SRC_134,-30.0,180.0,69.607895,N-spring,0.5,train,0.4174211728450157,False
sample_05002.jpg,SRC_151,-15.0,180.0,63.408071,N-summer,0.5,train,0.37717336807736956,False
sample_05003.jpg,SRC_094,20.0,180.0,66.934532,N-autumn,0.25,train,0.42049478587088096,False
sample_05004.jpg,SRC_091,-40.0,180.0,72.511342,N-summer,0.5,train,0.46274694807152966,False
sample_05005.jpg,SRC_074,0.0,180.0,50.25459,N-spring,0.5,train,0.4113350989810397,False
sample_05006.jpg,SRC_019,90.0,0.0,60.00919,N-summer,0.25,train,0.4473153819438339,False
sample_05007.jpg,SRC_085,0.0,180.0,39.187341,N-spring,0.25,train,0.4566505242142975,False
sample_05008.jpg,SRC_005,0.0,180.0,55.846781,N-summer,0.5,calibration,0.38140894180431095,False
sample_05009.jpg,SRC_100,20.0,180.0,41.506528,N-spring,0.25,train,0.39880913304306465,False
sample_05010.jpg,SRC_065,30.0,180.0,68.700871,N-winter,0.5,validation,0.3908549244129299,False
sample_05011.jpg,SRC_059,15.0,180.0,48.046698,N-summer,0.25,train,0.47770921576905756,False
sample_05012.jpg,SRC_157,40.0,180.0,44.22455,N-summer,0.25,train,0.3956563325767591,False
sample_05013.jpg,SRC_067,-15.0,180.0,64.724247,N-spring,0.5,calibration,0.5358315080948507,False
sample_05014.jpg,SRC_010,90.0,0.0,74.440619,N-summer,0.5,train,0.5003212556798655,False
sample_05015.jpg,SRC_097,0.0,180.0,35.318175,N-winter,0.25,train,0.40086848400205816,False
sample_05016.jpg,SRC_135,5.0,180.0,41.328761,N-winter,0.5,train,0.47304510115609266,False
sample_05017.jpg,SRC_091,-40.0,180.0,72.511342,N-summer,0.5,train,0.45503857762318384,False
sample_05018.jpg,SRC_142,-30.0,180.0,34.276784,N-winter,0.25,train,0.5044720877641857,False
sample_05019.jpg,SRC_056,-40.0,180.0,74.660587,N-summer,0.5,train,0.44370579488775413,False
sample_05020.jpg,SRC_029,-5.0,180.0,45.485648,N-autumn,0.25,train,0.5095213509942287,False
sample_05021.jpg,SRC_014,-40.0,180.0,38.480327,N-winter,0.25,calibration,0.4576563793687448,False
sample_05022.jpg,SRC_136,-35.0,180.0,76.922409,N-spring,0.5,train,0.3904966380987961,False
sample_05023.jpg,SRC_151,-15.0,180.0,63.408071,N-summer,0.5,train,0.4063215109275225,False
sample_05024.jpg,SRC_023,-10.0,180.0,50.837437,N-spring,0.25,train,0.4735413515072885,False
sample_05025.jpg,SRC_153,-40.0,180.0,43.960452,N-autumn,0.25,train,0.38691848318576,False
sample_05026.jpg,SRC_081,-90.0,0.0,74.772433,N-autumn,0.25,train,0.5008101679973823,False
sample_05027.jpg,SRC_091,-40.0,180.0,72.511342,N-summer,0.5,train,0.4209085129191231,False
sample_05028.jpg,SRC_049,5.0,180.0,42.94902,N-spring,0.25,train,0.4617003952417855,False
sample_05029.jpg,SRC_024,10.0,180.0,53.725813,N-summer,0.25,calibration,0.4261326447081995,False
sample_05030.jpg,SRC_134,-30.0,180.0,69.607895,N-spring,0.5,train,0.39353318502829177,False
sample_05031.jpg,SRC_071,20.0,180.0,40.070501,N-spring,0.25,train,0.45334415709255077,False
sample_05032.jpg,SRC_011,-20.0,180.0,70.371153,N-summer,0.25,train,0.5082919274962421,False
sample_05033.jpg,SRC_158,-5.0,180.0,35.954137,N-winter,0.25,train,0.3843418891537025,False
sample_05034.jpg,SRC_108,-40.0,180.0,68.856247,N-summer,0.5,validation,0.403957384145857,False
sample_05035.jpg,SRC_138,25.0,180.0,44.714676,N-summer,0.25,train,0.4323032808800916,False
sample_05036.jpg,SRC_104,25.0,180.0,45.102036,N-summer,0.5,calibration,0.49929607650155816,False
sample_05037.jpg,SRC_107,20.0,180.0,65.68027,N-autumn,0.5,train,0.40278663575512574,False
sample_05038.jpg,SRC_069,25.0,180.0,48.120522,N-summer,0.5,train,0.508400116318024,False
sample_05039.jpg,SRC_133,-10.0,180.0,48.887369,N-spring,0.5,calibration,0.3981546192366935,False
sample_05040.jpg,SRC_109,50.0,180.0,54.137665,N-summer,0.25,validation,0.39356415640365294,False
sample_05041.jpg,SRC_156,10.0,180.0,48.737382,N-summer,0.25,train,0.48148745111254565,False
sample_05042.jpg,SRC_131,10.0,180.0,60.540464,N-autumn,0.5,train,0.43941463421139354,False
sample_05043.jpg,SRC_109,50.0,180.0,54.137665,N-summer,0.25,validation,0.42077701022141,False
sample_05044.jpg,SRC_004,30.0,180.0,61.107468,N-autumn,0.5,train,0.3756308083502587,False
sample_05045.jpg,SRC_100,20.0,180.0,41.506528,N-spring,0.25,train,0.37838641832173153,False
sample_05046.jpg,SRC_134,-30.0,180.0,69.607895,N-spring,0.5,train,0.542109984993418,False
sample_05047.jpg,SRC_074,0.0,180.0,50.25459,N-spring,0.5,train,0.49538720511159323,False
sample_05048.jpg,SRC_093,-25.0,180.0,43.343655,N-autumn,0.5,calibration,0.3894865605170472,False
sample_05049.jpg,SRC_133,-10.0,180.0,48.887369,N-spring,0.5,calibration,0.42621644450527274,False
sample_05050.jpg,SRC_103,-35.0,180.0,57.090396,N-autumn,0.25,train,0.4956102817112845,False
sample_05051.jpg,SRC_104,25.0,180.0,45.102036,N-summer,0.5,calibration,0.44317474166659754,False
sample_05052.jpg,SRC_108,-40.0,180.0,68.856247,N-summer,0.5,validation,0.3913902403357826,False
sample_05053.jpg,SRC_100,20.0,180.0,41.506528,N-spring,0.25,train,0.3749880514675594,False
sample_05054.jpg,SRC_087,0.0,180.0,54.65824,N-summer,0.25,train,0.4845577952006508,False
sample_05055.jpg,SRC_159,20.0,180.0,67.076816,N-autumn,0.25,train,0.38966634492245367,False
sample_05056.jpg,SRC_084,-10.0,180.0,58.957849,N-summer,0.25,train,0.3927164888988993,False
sample_05057.jpg,SRC_146,10.0,180.0,58.0428,N-summer,0.5,validation,0.5370517398163921,False
sample_05058.jpg,SRC_045,-90.0,0.0,70.559818,N-autumn,0.25,train,0.3972606925783563,False
sample_05059.jpg,SRC_069,25.0,180.0,48.120522,N-summer,0.5,train,0.435517758943284,False
sample_05060.jpg,SRC_080,-25.0,180.0,69.726065,N-summer,0.25,calibration,0.40813604381332685,False
sample_05061.jpg,SRC_106,25.0,180.0,40.638999,N-spring,0.5,validation,0.47903454043306776,False
sample_05062.jpg,SRC_052,5.0,180.0,51.705435,N-summer,0.25,train,0.41100231859658587,False
sample_05063.jpg,SRC_107,20.0,180.0,65.68027,N-autumn,0.5,train,0.42444176308777665,False
sample_05064.jpg,SRC_158,-5.0,180.0,35.954137,N-winter,0.25,train,0.3993122182102747,False
sample_05065.jpg,SRC_003,0.0,180.0,38.090051,N-spring,0.25,train,0.37270853459938696,False
sample_05066.jpg,SRC_136,-35.0,180.0,76.922409,N-spring,0.5,train,0.4839077015324226,False
sample_05067.jpg,SRC_003,0.0,180.0,38.090051,N-spring,0.25,train,0.43224645867165323,False
sample_05068.jpg,SRC_011,-20.0,180.0,70.371153,N-summer,0.25,train,0.41286573417738365,False
sample_05069.jpg,SRC_171,-35.0,180.0,63.65778,N-spring,0.25,calibration,0.39184544813618744,False
sample_05070.jpg,SRC_100,20.0,180.0,41.506528,N-spring,0.25,train,0.39462943959458247,False
sample_05071.jpg,SRC_006,-15.0,180.0,65.638079,N-spring,0.5,train,0.3851405104871745,False
sample_05072.jpg,SRC_111,-35.0,180.0,79.069883,N-spring,1.0,train,0.42152406070491627,False
sample_05073.jpg,SRC_171,-35.0,180.0,63.65778,N-spring,0.25,calibration,0.3945081942783057,False
sample_05074.jpg,SRC_102,-10.0,180.0,52.255853,N-spring,0.25,train,0.49775530551541325,False
sample_05075.jpg,SRC_129,20.0,180.0,41.057252,N-spring,0.25,train,0.4478324084024442,False
sample_05076.jpg,SRC_049,5.0,180.0,42.94902,N-spring,0.25,train,0.5042287294158009,False
sample_05077.jpg,SRC_158,-5.0,180.0,35.954137,N-winter,0.25,train,0.3888843418390719,False
sample_05078.jpg,SRC_091,-40.0,180.0,72.511342,N-summer,0.5,train,0.38112614994152266,False
sample_05079.jpg,SRC_091,-40.0,180.0,72.511342,N-summer,0.5,train,0.43187278381693844,False
sample_05080.jpg,SRC_111,-35.0,180.0,79.069883,N-spring,1.0,train,0.4674487873336193,False
sample_05081.jpg,SRC_013,50.0,180.0,54.051464,N-spring,0.5,train,0.37563474110479045,False
sample_05082.jpg,SRC_108,-40.0,180.0,68.856247,N-summer,0.5,validation,0.5138031539642136,False
sample_05083.jpg,SRC_144,-35.0,180.0,76.731052,N-spring,0.5,train,0.4474215055134083,False
sample_05084.jpg,SRC_040,90.0,0.0,57.651744,N-spring,0.5,validation,0.4137060696188115,False
sample_05085.jpg,SRC_124,0.0,180.0,51.928413,N-summer,0.25,train,0.3811704560904242,False
sample_05086.jpg,SRC_133,-10.0,180.0,48.887369,N-spring,0.5,calibration,0.5205758772659779,False
sample_05087.jpg,SRC_151,-15.0,180.0,63.408071,N-summer,0.5,train,0.43010699920107137,False
sample_05088.jpg,SRC_148,-15.0,180.0,49.227137,N-autumn,0.25,train,0.43433825245332985,False
sample_05089.jpg,SRC_048,-25.0,180.0,61.920556,N-autumn,0.25,train,0.4799555281320355,False
sample_05090.jpg,SRC_121,25.0,180.0,67.446292,N-autumn,0.5,validation,0.3950723987934054,False
sample_05091.jpg,SRC_114,-10.0,180.0,58.176498,N-autumn,0.5,calibration,0.49416933335145174,False
sample_05092.jpg,SRC_112,-30.0,180.0,67.516648,N-spring,0.5,train,0.421942377707489,False
sample_05093.jpg,SRC_141,-10.0,180.0,55.206291,N-spring,0.25,train,0.4026911866716197,False
sample_05094.jpg,SRC_096,25.0,180.0,40.422288,N-spring,0.25,calibration,0.39209608576477395,False
sample_05095.jpg,SRC_045,-90.0,0.0,70.559818,N-autumn,0.25,train,0.4982349773352978,False
sample_05096.jpg,SRC_119,90.0,0.0,58.642683,N-spring,0.25,calibration,0.43657759467409923,False
sample_05097.jpg,SRC_107,20.0,180.0,65.68027,N-autumn,0.5,train,0.38580012153511845,False
sample_05098.jpg,SRC_145,-5.0,180.0,52.15166,N-spring,0.25,train,0.40016616316607834,False
sample_05099.jpg,SRC_009,-25.0,180.0,73.827745,N-spring,0.5,train,0.5047653760436498,False
sample_05100.jpg,SRC_084,-10.0,180.0,58.957849,N-summer,0.25,train,0.3832732965526334,False
sample_05101.jpg,SRC_061,50.0,180.0,43.110277,N-spring,0.5,train,0.39226364560583427,False
sample_05102.jpg,SRC_150,10.0,180.0,50.798821,N-summer,0.5,train,0.3982357722024465,False
sample_05103.jpg,SRC_158,-5.0,180.0,35.954137,N-winter,0.25,train,0.4808821651549466,False
sample_05104.jpg,SRC_169,40.0,180.0,48.615664,N-summer,0.25,validation,0.3793145792179048,False
sample_05105.jpg,SRC_103,-35.0,180.0,57.090396,N-autumn,0.25,train,0.39435787172741116,False
sample_05106.jpg,SRC_134,-30.0,180.0,69.607895,N-spring,0.5,train,0.38983740670460965,False
sample_05107.jpg,SRC_133,-10.0,180.0,48.887369,N-spring,0.5,calibration,0.4072642719329361,False
sample_05108.jpg,SRC_075,-90.0,0.0,65.329336,N-winter,0.25,train,0.386869252067496,False
sample_05109.jpg,SRC_054,5.0,180.0,37.41608,N-winter,0.25,calibration,0.5193345749816574,False
sample_05110.jpg,SRC_029,-5.0,180.0,45.485648,N-autumn,0.25,train,0.4851791415845236,False
sample_05111.jpg,SRC_103,-35.0,180.0,57.090396,N-autumn,0.25,train,0.4733348832110752,False
sample_05112.jpg,SRC_055,-5.0,180.0,57.335076,N-spring,0.25,train,0.43956264895858455,False
sample_05113.jpg,SRC_067,-15.0,180.0,64.724247,N-spring,0.5,calibration,0.4285850270969598,False
sample_05114.jpg,SRC_095,-20.0,180.0,56.495654,N-spring,0.5,train,0.3986132231962192,False
sample_05115.jpg,SRC_009,-25.0,180.0,73.827745,N-spring,0.5,train,0.39328452480717535,False
sample_05116.jpg,SRC_135,5.0,180.0,41.328761,N-winter,0.5,train,0.4890438002501181,False
sample_05117.jpg,SRC_029,-5.0,180.0,45.485648,N-autumn,0.25,train,0.482164879286129,False
sample_05118.jpg,SRC_107,20.0,180.0,65.68027,N-autumn,0.5,train,0.42353352764864916,False
sample_05119.jpg,SRC_085,0.0,180.0,39.187341,N-spring,0.25,train,0.39734808577968067,False
sample_05120.jpg,SRC_126,-20.0,180.0,68.779144,N-summer,0.5,train,0.3998178726696829,False
sample_05121.jpg,SRC_075,-90.0,0.0,65.329336,N-winter,0.25,train,0.48424261231401555,False
sample_05122.jpg,SRC_084,-10.0,180.0,58.957849,N-summer,0.25,train,0.4228433997287565,False
sample_05123.jpg,SRC_156,10.0,180.0,48.737382,N-summer,0.25,train,0.37816576958504705,False
sample_05124.jpg,SRC_146,10.0,180.0,58.0428,N-summer,0.5,validation,0.38474151940484647,False
sample_05125.jpg,SRC_094,20.0,180.0,66.934532,N-autumn,0.25,train,0.5185898197901302,False
sample_05126.jpg,SRC_085,0.0,180.0,39.187341,N-spring,0.25,train,0.3896924264999114,False
sample_05127.jpg,SRC_115,25.0,180.0,41.8845,N-spring,0.25,train,0.41177525934874837,False
sample_05128.jpg,SRC_042,10.0,180.0,36.92431,N-spring,0.5,train,0.39914451364768866,False
sample_05129.jpg,SRC_030,-25.0,180.0,67.936804,N-spring,0.5,train,0.39186382940645337,False
sample_05130.jpg,SRC_047,0.0,180.0,48.028677,N-spring,0.5,train,0.44267151776977487,False
sample_05131.jpg,SRC_074,0.0,180.0,50.25459,N-spring,0.5,train,0.3912930534936968,False
sample_05132.jpg,SRC_013,50.0,180.0,54.051464,N-spring,0.5,train,0.3720593458153078,False
sample_05133.jpg,SRC_026,90.0,0.0,57.238404,N-spring,0.25,train,0.42918341734454996,False
sample_05134.jpg,SRC_084,-10.0,180.0,58.957849,N-summer,0.25,train,0.4022432871239891,False
sample_05135.jpg,SRC_028,10.0,180.0,42.894848,N-spring,0.25,calibration,0.5090510491273543,False
sample_05136.jpg,SRC_148,-15.0,180.0,49.227137,N-autumn,0.25,train,0.4404298163552268,False
sample_05137.jpg,SRC_157,40.0,180.0,44.22455,N-summer,0.25,train,0.38322515168042565,False
sample_05138.jpg,SRC_085,0.0,180.0,39.187341,N-spring,0.25,train,0.5289082077692505,False
sample_05139.jpg,SRC_095,-20.0,180.0,56.495654,N-spring,0.5,train,0.3881624593778141,False
sample_05140.jpg,SRC_085,0.0,180.0,39.187341,N-spring,0.25,train,0.47888165362836527,False
sample_05141.jpg,SRC_072,15.0,180.0,46.966801,N-winter,0.25,train,0.39137610209640455,False
sample_05142.jpg,SRC_074,0.0,180.0,50.25459,N-spring,0.5,train,0.39378584296648456,False
sample_05143.jpg,SRC_092,5.0,180.0,57.429528,N-autumn,0.25,validation,0.39747727727420334,False
sample_05144.jpg,SRC_084,-10.0,180.0,58.957849,N-summer,0.25,train,0.3823569558220133,False
sample_05145.jpg,SRC_124,0.0,180.0,51.928413,N-summer,0.25,train,0.4064529194653893,False
sample_05146.jpg,SRC_004,30.0,180.0,61.107468,N-autumn,0.5,train,0.4795536861246748,False
sample_05147.jpg,SRC_093,-25.0,180.0,43.343655,N-autumn,0.5,calibration,0.42872178989809456,False
sample_05148.jpg,SRC_058,30.0,180.0,69.060883,N-autumn,0.5,train,0.3972500451019767,False
sample_05149.jpg,SRC_021,-90.0,0.0,68.040851,N-autumn,0.5,calibration,0.38991101993768595,False
sample_05150.jpg,SRC_111,-35.0,180.0,79.069883,N-spring,1.0,train,0.4946013235714866,False
sample_05151.jpg,SRC_146,10.0,180.0,58.0428,N-summer,0.5,validation,0.49426531853341216,False
sample_05152.jpg,SRC_091,-40.0,180.0,72.511342,N-summer,0.5,train,0.3962394424228358,False
sample_05153.jpg,SRC_144,-35.0,180.0,76.731052,N-spring,0.5,train,0.4037626046025341,False
sample_05154.jpg,SRC_030,-25.0,180.0,67.936804,N-spring,0.5,train,0.38721793508027413,False
sample_05155.jpg,SRC_096,25.0,180.0,40.422288,N-spring,0.25,calibration,0.4170324211677511,False
sample_05156.jpg,SRC_115,25.0,180.0,41.8845,N-spring,0.25,train,0.44474381545270497,False
sample_05157.jpg,SRC_168,90.0,0.0,64.709631,N-summer,0.25,train,0.3822912793943194,False
sample_05158.jpg,SRC_148,-15.0,180.0,49.227137,N-autumn,0.25,train,0.42574833698437475,False
sample_05159.jpg,SRC_129,20.0,180.0,41.057252,N-spring,0.25,train,0.501352692473167,False
sample_05160.jpg,SRC_020,35.0,180.0,42.075965,N-summer,0.25,train,0.3824459811458741,False
sample_05161.jpg,SRC_027,35.0,180.0,41.369436,N-spring,0.5,calibration,0.4026642882754376,False
sample_05162.jpg,SRC_121,25.0,180.0,67.446292,N-autumn,0.5,validation,0.38050443378205784,False
sample_05163.jpg,SRC_074,0.0,180.0,50.25459,N-spring,0.5,train,0.39233419103850997,False
sample_05164.jpg,SRC_133,-10.0,180.0,48.887369,N-spring,0.5,calibration,0.4712666590873571,False
sample_05165.jpg,SRC_070,60.0,180.0,58.788969,N-summer,0.5,validation,0.4884359165416945,False
sample_05166.jpg,SRC_155,-5.0,180.0,59.117539,N-summer,0.25,validation,0.5183618405418402,False
sample_05167.jpg,SRC_004,30.0,180.0,61.107468,N-autumn,0.5,train,0.39033833663637446,False
sample_05168.jpg,SRC_148,-15.0,180.0,49.227137,N-autumn,0.25,train,0.44163205890342516,False
sample_05169.jpg,SRC_074,0.0,180.0,50.25459,N-spring,0.5,train,0.49585034490128166,False
sample_05170.jpg,SRC_151,-15.0,180.0,63.408071,N-summer,0.5,train,0.43058176297574036,False
sample_05171.jpg,SRC_026,90.0,0.0,57.238404,N-spring,0.25,train,0.4476247989151777,False
sample_05172.jpg,SRC_074,0.0,180.0,50.25459,N-spring,0.5,train,0.4296582702664705,False
sample_05173.jpg,SRC_108,-40.0,180.0,68.856247,N-summer,0.5,validation,0.3787856747460484,False
sample_05174.jpg,SRC_047,0.0,180.0,48.028677,N-spring,0.5,train,0.5020063772034067,False
sample_05175.jpg,SRC_095,-20.0,180.0,56.495654,N-spring,0.5,train,0.3859140390072805,False
sample_05176.jpg,SRC_066,-10.0,180.0,61.81065,N-summer,0.5,validation,0.4867105400277647,False
sample_05177.jpg,SRC_067,-15.0,180.0,64.724247,N-spring,0.5,calibration,0.38686811463280907,False
sample_05178.jpg,SRC_005,0.0,180.0,55.846781,N-summer,0.5,calibration,0.3909471581342586,False
sample_05179.jpg,SRC_126,-20.0,180.0,68.779144,N-summer,0.5,train,0.5236667271431001,False
sample_05180.jpg,SRC_139,40.0,180.0,53.533251,N-winter,0.25,train,0.39301475920962325,False
sample_05181.jpg,SRC_158,-5.0,180.0,35.954137,N-winter,0.25,train,0.38693860374885775,False
sample_05182.jpg,SRC_061,50.0,180.0,43.110277,N-spring,0.5,train,0.3902587168652195,False
sample_05183.jpg,SRC_077,-5.0,180.0,34.299081,N-winter,0.25,train,0.39460084071026197,False
sample_05184.jpg,SRC_124,0.0,180.0,51.928413,N-summer,0.25,train,0.49533247250479073,False
sample_05185.jpg,SRC_009,-25.0,180.0,73.827745,N-spring,0.5,train,0.39526784175083074,False
sample_05186.jpg,SRC_091,-40.0,180.0,72.511342,N-summer,0.5,train,0.4056289110185916,False
sample_05187.jpg,SRC_015,20.0,180.0,46.484204,N-summer,0.25,train,0.3829550791921036,False
sample_05188.jpg,SRC_158,-5.0,180.0,35.954137,N-winter,0.25,train,0.39206746157648587,False
sample_05189.jpg,SRC_149,90.0,0.0,55.701783,N-summer,0.25,train,0.49804540434969297,False
sample_05190.jpg,SRC_015,20.0,180.0,46.484204,N-summer,0.25,train,0.3850566299760799,False
sample_05191.jpg,SRC_106,25.0,180.0,40.638999,N-spring,0.5,validation,0.46611983518082745,False
sample_05192.jpg,SRC_108,-40.0,180.0,68.856247,N-summer,0.5,validation,0.38265981946448474,False
sample_05193.jpg,SRC_095,-20.0,180.0,56.495654,N-spring,0.5,train,0.48176114334246495,False
sample_05194.jpg,SRC_113,-35.0,180.0,36.668707,N-winter,0.25,train,0.38054527045690556,False
sample_05195.jpg,SRC_158,-5.0,180.0,35.954137,N-winter,0.25,train,0.38701982395016404,False
sample_05196.jpg,SRC_069,25.0,180.0,48.120522,N-summer,0.5,train,0.49884861674324943,False
sample_05197.jpg,SRC_037,15.0,180.0,44.468297,N-spring,0.25,calibration,0.4068295599788839,False
sample_05198.jpg,SRC_001,-5.0,180.0,51.987197,N-spring,0.5,calibration,0.40695738277578464,False
sample_05199.jpg,SRC_058,30.0,180.0,69.060883,N-autumn,0.5,train,0.43721660526748957,False
sample_05200.jpg,SRC_150,10.0,180.0,50.798821,N-summer,0.5,train,0.38908770660842085,False
sample_05201.jpg,SRC_009,-25.0,180.0,73.827745,N-spring,0.5,train,0.4234308872140483,False
sample_05202.jpg,SRC_108,-40.0,180.0,68.856247,N-summer,0.5,validation,0.40594430638953777,False
sample_05203.jpg,SRC_073,45.0,180.0,41.537171,N-spring,0.25,train,0.41893666442796296,False
sample_05204.jpg,SRC_076,25.0,180.0,63.632584,N-autumn,0.25,validation,0.3921982648533311,False
sample_05205.jpg,SRC_020,35.0,180.0,42.075965,N-summer,0.25,train,0.38490552140564505,False
sample_05206.jpg,SRC_114,-10.0,180.0,58.176498,N-autumn,0.5,calibration,0.5008224867447785,False
sample_05207.jpg,SRC_004,30.0,180.0,61.107468,N-autumn,0.5,train,0.37167659701162287,False
sample_05208.jpg,SRC_030,-25.0,180.0,67.936804,N-spring,0.5,train,0.37861170993792637,False
sample_05209.jpg,SRC_041,15.0,180.0,46.712049,N-summer,0.25,calibration,0.3871279954732489,False
sample_05210.jpg,SRC_013,50.0,180.0,54.051464,N-spring,0.5,train,0.3819443278809499,False
sample_05211.jpg,SRC_041,15.0,180.0,46.712049,N-summer,0.25,calibration,0.38416584692727346,False
sample_05212.jpg,SRC_125,-5.0,180.0,52.428603,N-spring,0.25,train,0.3958899767404044,False
sample_05213.jpg,SRC_168,90.0,0.0,64.709631,N-summer,0.25,train,0.47020128187029275,False
sample_05214.jpg,SRC_155,-5.0,180.0,59.117539,N-summer,0.25,validation,0.4608202405999068,False
sample_05215.jpg,SRC_076,25.0,180.0,63.632584,N-autumn,0.25,validation,0.39446495323602904,False
sample_05216.jpg,SRC_001,-5.0,180.0,51.987197,N-spring,0.5,calibration,0.4139531456657597,False
sample_05217.jpg,SRC_013,50.0,180.0,54.051464,N-spring,0.5,train,0.38137989501907044,False
sample_05218.jpg,SRC_009,-25.0,180.0,73.827745,N-spring,0.5,train,0.3896612453859485,False
sample_05219.jpg,SRC_090,50.0,180.0,47.196626,N-summer,0.25,train,0.4934323917238371,False
sample_05220.jpg,SRC_049,5.0,180.0,42.94902,N-spring,0.25,train,0.4560443342279535,False
sample_05221.jpg,SRC_104,25.0,180.0,45.102036,N-summer,0.5,calibration,0.5027697039065427,False
sample_05222.jpg,SRC_009,-25.0,180.0,73.827745,N-spring,0.5,train,0.3973868599971554,False
sample_05223.jpg,SRC_150,10.0,180.0,50.798821,N-summer,0.5,train,0.4001335506553857,False
sample_05224.jpg,SRC_168,90.0,0.0,64.709631,N-summer,0.25,train,0.5343399075996274,False
sample_05225.jpg,SRC_087,0.0,180.0,54.65824,N-summer,0.25,train,0.3875617202912126,False
sample_05226.jpg,SRC_087,0.0,180.0,54.65824,N-summer,0.25,train,0.38643678930285996,False
sample_05227.jpg,SRC_158,-5.0,180.0,35.954137,N-winter,0.25,train,0.39077954516442326,False
sample_05228.jpg,SRC_071,20.0,180.0,40.070501,N-spring,0.25,train,0.4449518148364443,False
sample_05229.jpg,SRC_127,-35.0,180.0,47.507974,N-autumn,0.5,train,0.38224302932303356,False
sample_05230.jpg,SRC_096,25.0,180.0,40.422288,N-spring,0.25,calibration,0.4069816460454375,False
sample_05231.jpg,SRC_069,25.0,180.0,48.120522,N-summer,0.5,train,0.4146569481601753,False
sample_05232.jpg,SRC_005,0.0,180.0,55.846781,N-summer,0.5,calibration,0.39150886234096915,False
sample_05233.jpg,SRC_027,35.0,180.0,41.369436,N-spring,0.5,calibration,0.3819202379034338,False
sample_05234.jpg,SRC_126,-20.0,180.0,68.779144,N-summer,0.5,train,0.41259882693113326,False
sample_05235.jpg,SRC_114,-10.0,180.0,58.176498,N-autumn,0.5,calibration,0.36873427484423,False
sample_05236.jpg,SRC_038,-15.0,180.0,32.097448,N-winter,0.25,validation,0.45995275134524666,False
sample_05237.jpg,SRC_134,-30.0,180.0,69.607895,N-spring,0.5,train,0.407572709687527,False
sample_05238.jpg,SRC_099,15.0,180.0,42.024472,N-spring,0.5,train,0.37602914757984696,False
sample_05239.jpg,SRC_130,25.0,180.0,37.507656,N-spring,0.25,validation,0.5028370994676792,False
sample_05240.jpg,SRC_125,-5.0,180.0,52.428603,N-spring,0.25,train,0.38520625605528586,False
sample_05241.jpg,SRC_103,-35.0,180.0,57.090396,N-autumn,0.25,train,0.3983534338431616,False
sample_05242.jpg,SRC_043,10.0,180.0,50.433279,N-summer,0.5,calibration,0.3961179205687085,False
sample_05243.jpg,SRC_020,35.0,180.0,42.075965,N-summer,0.25,train,0.5039328766657369,False
sample_05244.jpg,SRC_075,-90.0,0.0,65.329336,N-winter,0.25,train,0.417226716674757,False
sample_05245.jpg,SRC_131,10.0,180.0,60.540464,N-autumn,0.5,train,0.44227916535597434,False
sample_05246.jpg,SRC_071,20.0,180.0,40.070501,N-spring,0.25,train,0.41550766814945295,False
sample_05247.jpg,SRC_089,10.0,180.0,48.442522,N-winter,0.25,validation,0.40620387318183937,False
sample_05248.jpg,SRC_056,-40.0,180.0,74.660587,N-summer,0.5,train,0.3894741903343945,False
sample_05249.jpg,SRC_055,-5.0,180.0,57.335076,N-spring,0.25,train,0.44468022308995553,False
sample_05250.jpg,SRC_006,-15.0,180.0,65.638079,N-spring,0.5,train,0.38911948256709905,False
sample_05251.jpg,SRC_099,15.0,180.0,42.024472,N-spring,0.5,train,0.3924373298123912,False
sample_05252.jpg,SRC_037,15.0,180.0,44.468297,N-spring,0.25,calibration,0.4603037690141969,False
sample_05253.jpg,SRC_171,-35.0,180.0,63.65778,N-spring,0.25,calibration,0.38609633003544513,False
sample_05254.jpg,SRC_004,30.0,180.0,61.107468,N-autumn,0.5,train,0.3722549077619307,False
sample_05255.jpg,SRC_061,50.0,180.0,43.110277,N-spring,0.5,train,0.41003611174946364,False
sample_05256.jpg,SRC_013,50.0,180.0,54.051464,N-spring,0.5,train,0.39588000306443943,False
sample_05257.jpg,SRC_016,10.0,180.0,55.552023,N-winter,0.5,train,0.4129555892019531,False
sample_05258.jpg,SRC_106,25.0,180.0,40.638999,N-spring,0.5,validation,0.4530094659695564,False
sample_05259.jpg,SRC_056,-40.0,180.0,74.660587,N-summer,0.5,train,0.4004352718924937,False
sample_05260.jpg,SRC_109,50.0,180.0,54.137665,N-summer,0.25,validation,0.38291829364107544,False
sample_05261.jpg,SRC_099,15.0,180.0,42.024472,N-spring,0.5,train,0.36609997812484474,False
sample_05262.jpg,SRC_093,-25.0,180.0,43.343655,N-autumn,0.5,calibration,0.38360298419735217,False
sample_05263.jpg,SRC_144,-35.0,180.0,76.731052,N-spring,0.5,train,0.5088106602804077,False
sample_05264.jpg,SRC_066,-10.0,180.0,61.81065,N-summer,0.5,validation,0.3863658979796195,False
sample_05265.jpg,SRC_037,15.0,180.0,44.468297,N-spring,0.25,calibration,0.39453063269542543,False
sample_05266.jpg,SRC_121,25.0,180.0,67.446292,N-autumn,0.5,validation,0.3910686916735875,False
sample_05267.jpg,SRC_139,40.0,180.0,53.533251,N-winter,0.25,train,0.4193700938561455,False
sample_05268.jpg,SRC_071,20.0,180.0,40.070501,N-spring,0.25,train,0.3972694197626379,False
sample_05269.jpg,SRC_115,25.0,180.0,41.8845,N-spring,0.25,train,0.4140075208978347,False
sample_05270.jpg,SRC_090,50.0,180.0,47.196626,N-summer,0.25,train,0.3649071323528264,False
sample_05271.jpg,SRC_126,-20.0,180.0,68.779144,N-summer,0.5,train,0.4197459080658191,False
sample_05272.jpg,SRC_096,25.0,180.0,40.422288,N-spring,0.25,calibration,0.41372635433075466,False
sample_05273.jpg,SRC_052,5.0,180.0,51.705435,N-summer,0.25,train,0.448187914147504,False
sample_05274.jpg,SRC_146,10.0,180.0,58.0428,N-summer,0.5,validation,0.42196103258219786,False
sample_05275.jpg,SRC_130,25.0,180.0,37.507656,N-spring,0.25,validation,0.5113306977264264,False
sample_05276.jpg,SRC_131,10.0,180.0,60.540464,N-autumn,0.5,train,0.3916757299333882,False
sample_05277.jpg,SRC_099,15.0,180.0,42.024472,N-spring,0.5,train,0.36780619615358395,False
sample_05278.jpg,SRC_170,-20.0,180.0,56.332579,N-autumn,0.25,train,0.4306344002307153,False
sample_05279.jpg,SRC_106,25.0,180.0,40.638999,N-spring,0.5,validation,0.3760647334861082,False
sample_05280.jpg,SRC_158,-5.0,180.0,35.954137,N-winter,0.25,train,0.37789227234944445,False
sample_05281.jpg,SRC_171,-35.0,180.0,63.65778,N-spring,0.25,calibration,0.39521284631654996,False
sample_05282.jpg,SRC_041,15.0,180.0,46.712049,N-summer,0.25,calibration,0.385416286893342,False
sample_05283.jpg,SRC_050,0.0,180.0,53.680047,N-summer,0.25,calibration,0.47673111760167985,False
sample_05284.jpg,SRC_166,90.0,0.0,60.094207,N-spring,0.5,train,0.4927619534078122,False
sample_05285.jpg,SRC_014,-40.0,180.0,38.480327,N-winter,0.25,calibration,0.42222982667724135,False
sample_05286.jpg,SRC_001,-5.0,180.0,51.987197,N-spring,0.5,calibration,0.484371924202127,False
sample_05287.jpg,SRC_016,10.0,180.0,55.552023,N-winter,0.5,train,0.3977170517210344,False
sample_05288.jpg,SRC_104,25.0,180.0,45.102036,N-summer,0.5,calibration,0.49447959020895504,False
sample_05289.jpg,SRC_066,-10.0,180.0,61.81065,N-summer,0.5,validation,0.48899356788361803,False
sample_05290.jpg,SRC_114,-10.0,180.0,58.176498,N-autumn,0.5,calibration,0.37716550502529544,False
sample_05291.jpg,SRC_041,15.0,180.0,46.712049,N-summer,0.25,calibration,0.3773339154290666,False
sample_05292.jpg,SRC_009,-25.0,180.0,73.827745,N-spring,0.5,train,0.38546643999250824,False
sample_05293.jpg,SRC_001,-5.0,180.0,51.987197,N-spring,0.5,calibration,0.40417874969572126,False
sample_05294.jpg,SRC_171,-35.0,180.0,63.65778,N-spring,0.25,calibration,0.3951054298664173,False
sample_05295.jpg,SRC_142,-30.0,180.0,34.276784,N-winter,0.25,train,0.446150630419303,False
sample_05296.jpg,SRC_029,-5.0,180.0,45.485648,N-autumn,0.25,train,0.4807985631642116,False
sample_05297.jpg,SRC_030,-25.0,180.0,67.936804,N-spring,0.5,train,0.37755127699837016,False
sample_05298.jpg,SRC_001,-5.0,180.0,51.987197,N-spring,0.5,calibration,0.41447426905739837,False
sample_05299.jpg,SRC_014,-40.0,180.0,38.480327,N-winter,0.25,calibration,0.3842474460264251,False
sample_05300.jpg,SRC_153,-40.0,180.0,43.960452,N-autumn,0.25,train,0.40259126833316483,False
sample_05301.jpg,SRC_158,-5.0,180.0,35.954137,N-winter,0.25,train,0.39540812610570686,False
sample_05302.jpg,SRC_069,25.0,180.0,48.120522,N-summer,0.5,train,0.456550548874621,False
sample_05303.jpg,SRC_171,-35.0,180.0,63.65778,N-spring,0.25,calibration,0.393138268666975,False
sample_05304.jpg,SRC_115,25.0,180.0,41.8845,N-spring,0.25,train,0.41850046332659324,False
sample_05305.jpg,SRC_049,5.0,180.0,42.94902,N-spring,0.25,train,0.46271648959589307,False
sample_05306.jpg,SRC_049,5.0,180.0,42.94902,N-spring,0.25,train,0.46175673628993474,False
sample_05307.jpg,SRC_027,35.0,180.0,41.369436,N-spring,0.5,calibration,0.3813918349325961,False
sample_05308.jpg,SRC_061,50.0,180.0,43.110277,N-spring,0.5,train,0.489778650879368,False
sample_05309.jpg,SRC_006,-15.0,180.0,65.638079,N-spring,0.5,train,0.39062902108399605,False
sample_05310.jpg,SRC_164,20.0,180.0,59.226879,N-autumn,0.25,train,0.44021035867234737,False
sample_05311.jpg,SRC_071,20.0,180.0,40.070501,N-spring,0.25,train,0.46075596167936633,False
sample_05312.jpg,SRC_056,-40.0,180.0,74.660587,N-summer,0.5,train,0.3810637877141235,False
sample_05313.jpg,SRC_108,-40.0,180.0,68.856247,N-summer,0.5,validation,0.3801871058825298,False
sample_05314.jpg,SRC_065,30.0,180.0,68.700871,N-winter,0.5,validation,0.41922943458746725,False
sample_05315.jpg,SRC_051,20.0,180.0,63.609319,N-autumn,0.5,train,0.44446518984196953,False
sample_05316.jpg,SRC_170,-20.0,180.0,56.332579,N-autumn,0.25,train,0.41466722137111434,False
sample_05317.jpg,SRC_124,0.0,180.0,51.928413,N-summer,0.25,train,0.39652586604120776,False
sample_05318.jpg,SRC_148,-15.0,180.0,49.227137,N-autumn,0.25,train,0.41739666318311774,False
sample_05319.jpg,SRC_030,-25.0,180.0,67.936804,N-spring,0.5,train,0.3657258350542048,False
sample_05320.jpg,SRC_091,-40.0,180.0,72.511342,N-summer,0.5,train,0.41274625740468585,False
sample_05321.jpg,SRC_054,5.0,180.0,37.41608,N-winter,0.25,calibration,0.42903577532851156,False
sample_05322.jpg,SRC_091,-40.0,180.0,72.511342,N-summer,0.5,train,0.4830457744987095,False
sample_05323.jpg,SRC_058,30.0,180.0,69.060883,N-autumn,0.5,train,0.49385263425653203,False
sample_05324.jpg,SRC_054,5.0,180.0,37.41608,N-winter,0.25,calibration,0.46429560764266303,False
sample_05325.jpg,SRC_156,10.0,180.0,48.737382,N-summer,0.25,train,0.3879056727876685,False
sample_05326.jpg,SRC_131,10.0,180.0,60.540464,N-autumn,0.5,train,0.4903113334879138,False
sample_05327.jpg,SRC_074,0.0,180.0,50.25459,N-spring,0.5,train,0.4957664971237644,False
sample_05328.jpg,SRC_088,0.0,180.0,53.004483,N-summer,0.25,train,0.408262978239613,False
sample_05329.jpg,SRC_121,25.0,180.0,67.446292,N-autumn,0.5,validation,0.3909905184330832,False
sample_05330.jpg,SRC_036,5.0,180.0,52.749586,N-summer,0.25,train,0.5055851135913293,False
sample_05331.jpg,SRC_046,0.0,180.0,58.061031,N-autumn,0.25,validation,0.41187284861113255,False
sample_05332.jpg,SRC_058,30.0,180.0,69.060883,N-autumn,0.5,train,0.3775841480113463,False
sample_05333.jpg,SRC_115,25.0,180.0,41.8845,N-spring,0.25,train,0.44288956535677826,False
sample_05334.jpg,SRC_080,-25.0,180.0,69.726065,N-summer,0.25,calibration,0.40078594525793837,False
sample_05335.jpg,SRC_068,0.0,180.0,56.216196,N-summer,0.25,train,0.37127052070492994,False
sample_05336.jpg,SRC_092,5.0,180.0,57.429528,N-autumn,0.25,validation,0.4024800394019207,False
sample_05337.jpg,SRC_156,10.0,180.0,48.737382,N-summer,0.25,train,0.3881410703208671,False
sample_05338.jpg,SRC_063,25.0,180.0,41.329237,N-spring,0.25,train,0.3788546635459537,False
sample_05339.jpg,SRC_125,-5.0,180.0,52.428603,N-spring,0.25,train,0.3988079730771404,False
sample_05340.jpg,SRC_142,-30.0,180.0,34.276784,N-winter,0.25,train,0.4420482558919221,False
sample_05341.jpg,SRC_109,50.0,180.0,54.137665,N-summer,0.25,validation,0.38232419591522393,False
sample_05342.jpg,SRC_063,25.0,180.0,41.329237,N-spring,0.25,train,0.3728865391037382,False
sample_05343.jpg,SRC_088,0.0,180.0,53.004483,N-summer,0.25,train,0.4155340009469118,False
sample_05344.jpg,SRC_092,5.0,180.0,57.429528,N-autumn,0.25,validation,0.41188409742366455,False
sample_05345.jpg,SRC_059,15.0,180.0,48.046698,N-summer,0.25,train,0.5197027707670977,False
sample_05346.jpg,SRC_170,-20.0,180.0,56.332579,N-autumn,0.25,train,0.4879424044454865,False
sample_05347.jpg,SRC_116,5.0,180.0,41.203028,N-spring,0.25,calibration,0.4947578329433118,False
sample_05348.jpg,SRC_121,25.0,180.0,67.446292,N-autumn,0.5,validation,0.39008912158431086,False
sample_05349.jpg,SRC_144,-35.0,180.0,76.731052,N-spring,0.5,train,0.3995253766924528,False
sample_05350.jpg,SRC_024,10.0,180.0,53.725813,N-summer,0.25,calibration,0.3984375725861398,False
sample_05351.jpg,SRC_097,0.0,180.0,35.318175,N-winter,0.25,train,0.41866864311922714,False
sample_05352.jpg,SRC_004,30.0,180.0,61.107468,N-autumn,0.5,train,0.3824077908960895,False
sample_05353.jpg,SRC_126,-20.0,180.0,68.779144,N-summer,0.5,train,0.544556955601354,False
sample_05354.jpg,SRC_049,5.0,180.0,42.94902,N-spring,0.25,train,0.4924870966797189,False
sample_05355.jpg,SRC_056,-40.0,180.0,74.660587,N-summer,0.5,train,0.4852405030108612,False
sample_05356.jpg,SRC_156,10.0,180.0,48.737382,N-summer,0.25,train,0.48110059530938737,False
sample_05357.jpg,SRC_073,45.0,180.0,41.537171,N-spring,0.25,train,0.39611551729279715,False
sample_05358.jpg,SRC_009,-25.0,180.0,73.827745,N-spring,0.5,train,0.4072077852447774,False
sample_05359.jpg,SRC_099,15.0,180.0,42.024472,N-spring,0.5,train,0.3834576160247139,False
sample_05360.jpg,SRC_067,-15.0,180.0,64.724247,N-spring,0.5,calibration,0.4864929552817716,False
sample_05361.jpg,SRC_030,-25.0,180.0,67.936804,N-spring,0.5,train,0.391912778638151,False
sample_05362.jpg,SRC_061,50.0,180.0,43.110277,N-spring,0.5,train,0.48927618464423545,False
sample_05363.jpg,SRC_076,25.0,180.0,63.632584,N-autumn,0.25,validation,0.48168478709960993,False
sample_05364.jpg,SRC_113,-35.0,180.0,36.668707,N-winter,0.25,train,0.5048787855093807,False
sample_05365.jpg,SRC_111,-35.0,180.0,79.069883,N-spring,1.0,train,0.4072424100682467,False
sample_05366.jpg,SRC_031,-90.0,0.0,62.684336,N-winter,0.5,train,0.5166232953180753,False
sample_05367.jpg,SRC_134,-30.0,180.0,69.607895,N-spring,0.5,train,0.4142619363284144,False
sample_05368.jpg,SRC_140,35.0,180.0,44.85556,N-spring,0.25,validation,0.5172196114245089,False
sample_05369.jpg,SRC_067,-15.0,180.0,64.724247,N-spring,0.5,calibration,0.512333127136867,False
sample_05370.jpg,SRC_154,0.0,180.0,54.770875,N-summer,0.5,train,0.5106768752295062,False
sample_05371.jpg,SRC_140,35.0,180.0,44.85556,N-spring,0.25,validation,0.41411195384639043,False
sample_05372.jpg,SRC_051,20.0,180.0,63.609319,N-autumn,0.5,train,0.4877142314866577,False
sample_05373.jpg,SRC_151,-15.0,180.0,63.408071,N-summer,0.5,train,0.47719802216917573,False
sample_05374.jpg,SRC_148,-15.0,180.0,49.227137,N-autumn,0.25,train,0.4046230292554525,False
sample_05375.jpg,SRC_042,10.0,180.0,36.92431,N-spring,0.5,train,0.406007761548009,False
sample_05376.jpg,SRC_114,-10.0,180.0,58.176498,N-autumn,0.5,calibration,0.37477327996800774,False
sample_05377.jpg,SRC_057,-5.0,180.0,57.599617,N-summer,0.25,train,0.37903281545103856,False
sample_05378.jpg,SRC_006,-15.0,180.0,65.638079,N-spring,0.5,train,0.4313293175700247,False
sample_05379.jpg,SRC_081,-90.0,0.0,74.772433,N-autumn,0.25,train,0.5333864381885137,False
sample_05380.jpg,SRC_108,-40.0,180.0,68.856247,N-summer,0.5,validation,0.38073060575345874,False
sample_05381.jpg,SRC_124,0.0,180.0,51.928413,N-summer,0.25,train,0.45341135706891506,False
sample_05382.jpg,SRC_098,-45.0,180.0,70.730178,N-summer,0.25,calibration,0.49426415949920477,False
sample_05383.jpg,SRC_111,-35.0,180.0,79.069883,N-spring,1.0,train,0.4688145148885169,False
sample_05384.jpg,SRC_158,-5.0,180.0,35.954137,N-winter,0.25,train,0.38240400591899654,False
sample_05385.jpg,SRC_049,5.0,180.0,42.94902,N-spring,0.25,train,0.45060151864900033,False
sample_05386.jpg,SRC_109,50.0,180.0,54.137665,N-summer,0.25,validation,0.3828203282346205,False
sample_05387.jpg,SRC_029,-5.0,180.0,45.485648,N-autumn,0.25,train,0.5113215793783648,False
sample_05388.jpg,SRC_071,20.0,180.0,40.070501,N-spring,0.25,train,0.43089373017318,False
sample_05389.jpg,SRC_037,15.0,180.0,44.468297,N-spring,0.25,calibration,0.39381057064287595,False
sample_05390.jpg,SRC_049,5.0,180.0,42.94902,N-spring,0.25,train,0.5072162241670668,False
sample_05391.jpg,SRC_154,0.0,180.0,54.770875,N-summer,0.5,train,0.5263767701063948,False
sample_05392.jpg,SRC_081,-90.0,0.0,74.772433,N-autumn,0.25,train,0.4800526385061472,False
sample_05393.jpg,SRC_009,-25.0,180.0,73.827745,N-spring,0.5,train,0.3908260837432646,False
sample_05394.jpg,SRC_068,0.0,180.0,56.216196,N-summer,0.25,train,0.3763760408471997,False
sample_05395.jpg,SRC_024,10.0,180.0,53.725813,N-summer,0.25,calibration,0.5157058475119255,False
sample_05396.jpg,SRC_106,25.0,180.0,40.638999,N-spring,0.5,validation,0.42961037138032243,False
sample_05397.jpg,SRC_114,-10.0,180.0,58.176498,N-autumn,0.5,calibration,0.378050713645916,False
sample_05398.jpg,SRC_151,-15.0,180.0,63.408071,N-summer,0.5,train,0.3972703838783161,False
sample_05399.jpg,SRC_006,-15.0,180.0,65.638079,N-spring,0.5,train,0.3915105333700663,False
sample_05400.jpg,SRC_127,-35.0,180.0,47.507974,N-autumn,0.5,train,0.5147722197921465,False
sample_05401.jpg,SRC_070,60.0,180.0,58.788969,N-summer,0.5,validation,0.38254407218143643,False
sample_05402.jpg,SRC_103,-35.0,180.0,57.090396,N-autumn,0.25,train,0.38720824207905313,False
sample_05403.jpg,SRC_077,-5.0,180.0,34.299081,N-winter,0.25,train,0.409027956669326,False
sample_05404.jpg,SRC_058,30.0,180.0,69.060883,N-autumn,0.5,train,0.48141450580241624,False
sample_05405.jpg,SRC_096,25.0,180.0,40.422288,N-spring,0.25,calibration,0.39003681064395096,False
sample_05406.jpg,SRC_004,30.0,180.0,61.107468,N-autumn,0.5,train,0.3806336282145919,False
sample_05407.jpg,SRC_091,-40.0,180.0,72.511342,N-summer,0.5,train,0.49256102071299923,False
sample_05408.jpg,SRC_067,-15.0,180.0,64.724247,N-spring,0.5,calibration,0.5444802460367207,False
sample_05409.jpg,SRC_133,-10.0,180.0,48.887369,N-spring,0.5,calibration,0.40041549447007296,False
sample_05410.jpg,SRC_121,25.0,180.0,67.446292,N-autumn,0.5,validation,0.5124037228432574,False
sample_05411.jpg,SRC_016,10.0,180.0,55.552023,N-winter,0.5,train,0.3821975485488268,False
sample_05412.jpg,SRC_131,10.0,180.0,60.540464,N-autumn,0.5,train,0.4472650665642224,False
sample_05413.jpg,SRC_037,15.0,180.0,44.468297,N-spring,0.25,calibration,0.3820309016578694,False
sample_05414.jpg,SRC_011,-20.0,180.0,70.371153,N-summer,0.25,train,0.39643320559694556,False
sample_05415.jpg,SRC_111,-35.0,180.0,79.069883,N-spring,1.0,train,0.4288419155403605,False
sample_05416.jpg,SRC_006,-15.0,180.0,65.638079,N-spring,0.5,train,0.38137089623410403,False
sample_05417.jpg,SRC_004,30.0,180.0,61.107468,N-autumn,0.5,train,0.3797304314272251,False
sample_05418.jpg,SRC_061,50.0,180.0,43.110277,N-spring,0.5,train,0.46553120801443926,False
sample_05419.jpg,SRC_069,25.0,180.0,48.120522,N-summer,0.5,train,0.3879650882573182,False
sample_05420.jpg,SRC_063,25.0,180.0,41.329237,N-spring,0.25,train,0.3699823078758227,False
sample_05421.jpg,SRC_146,10.0,180.0,58.0428,N-summer,0.5,validation,0.5098013896325048,False
sample_05422.jpg,SRC_125,-5.0,180.0,52.428603,N-spring,0.25,train,0.42243781500808747,False
sample_05423.jpg,SRC_066,-10.0,180.0,61.81065,N-summer,0.5,validation,0.4063491663718021,False
sample_05424.jpg,SRC_072,15.0,180.0,46.966801,N-winter,0.25,train,0.416101805417149,False
sample_05425.jpg,SRC_150,10.0,180.0,50.798821,N-summer,0.5,train,0.4141892330671662,False
sample_05426.jpg,SRC_150,10.0,180.0,50.798821,N-summer,0.5,train,0.3933894475454519,False
sample_05427.jpg,SRC_104,25.0,180.0,45.102036,N-summer,0.5,calibration,0.48885211181254185,False
sample_05428.jpg,SRC_063,25.0,180.0,41.329237,N-spring,0.25,train,0.44079347271247016,False
sample_05429.jpg,SRC_123,0.0,180.0,54.598149,N-autumn,0.5,train,0.5188064777197443,False
sample_05430.jpg,SRC_151,-15.0,180.0,63.408071,N-summer,0.5,train,0.4077358364550814,False
sample_05431.jpg,SRC_089,10.0,180.0,48.442522,N-winter,0.25,validation,0.404399409456628,False
sample_05432.jpg,SRC_011,-20.0,180.0,70.371153,N-summer,0.25,train,0.5295576144770511,False
sample_05433.jpg,SRC_157,40.0,180.0,44.22455,N-summer,0.25,train,0.3724949597601367,False
sample_05434.jpg,SRC_156,10.0,180.0,48.737382,N-summer,0.25,train,0.5001285628145336,False
sample_05435.jpg,SRC_091,-40.0,180.0,72.511342,N-summer,0.5,train,0.39132443927293437,False
sample_05436.jpg,SRC_051,20.0,180.0,63.609319,N-autumn,0.5,train,0.46024869569331284,False
sample_05437.jpg,SRC_165,10.0,180.0,42.451267,N-winter,0.25,calibration,0.5068573287120698,False
sample_05438.jpg,SRC_042,10.0,180.0,36.92431,N-spring,0.5,train,0.3945161740968334,False
sample_05439.jpg,SRC_059,15.0,180.0,48.046698,N-summer,0.25,train,0.4515846512613324,False
sample_05440.jpg,SRC_126,-20.0,180.0,68.779144,N-summer,0.5,train,0.39977038720546704,False
sample_05441.jpg,SRC_095,-20.0,180.0,56.495654,N-spring,0.5,train,0.418369121994441,False
sample_05442.jpg,SRC_115,25.0,180.0,41.8845,N-spring,0.25,train,0.4098013886012904,False
sample_05443.jpg,SRC_095,-20.0,180.0,56.495654,N-spring,0.5,train,0.45864792187885933,False
sample_05444.jpg,SRC_111,-35.0,180.0,79.069883,N-spring,1.0,train,0.40986985633604023,False
sample_05445.jpg,SRC_051,20.0,180.0,63.609319,N-autumn,0.5,train,0.4131546305983518,False
sample_05446.jpg,SRC_082,-10.0,180.0,60.444036,N-spring,0.25,train,0.4975145472585355,False
sample_05447.jpg,SRC_089,10.0,180.0,48.442522,N-winter,0.25,validation,0.4560830226629256,False
sample_05448.jpg,SRC_027,35.0,180.0,41.369436,N-spring,0.5,calibration,0.5197807032144899,False
sample_05449.jpg,SRC_104,25.0,180.0,45.102036,N-summer,0.5,calibration,0.4262518363043345,False
sample_05450.jpg,SRC_055,-5.0,180.0,57.335076,N-spring,0.25,train,0.3839421396550449,False
sample_05451.jpg,SRC_038,-15.0,180.0,32.097448,N-winter,0.25,validation,0.4264672029283183,False
sample_05452.jpg,SRC_158,-5.0,180.0,35.954137,N-winter,0.25,train,0.3876543752262021,False
sample_05453.jpg,SRC_062,45.0,180.0,81.508965,N-autumn,0.5,train,0.4056838833895373,False
sample_05454.jpg,SRC_085,0.0,180.0,39.187341,N-spring,0.25,train,0.39054546328203604,False
sample_05455.jpg,SRC_030,-25.0,180.0,67.936804,N-spring,0.5,train,0.4303334775596027,False
sample_05456.jpg,SRC_096,25.0,180.0,40.422288,N-spring,0.25,calibration,0.3865748373799753,False
sample_05457.jpg,SRC_103,-35.0,180.0,57.090396,N-autumn,0.25,train,0.4064208702073796,False
sample_05458.jpg,SRC_097,0.0,180.0,35.318175,N-winter,0.25,train,0.4199548678942806,False
sample_05459.jpg,SRC_102,-10.0,180.0,52.255853,N-spring,0.25,train,0.4293931024142002,False
sample_05460.jpg,SRC_055,-5.0,180.0,57.335076,N-spring,0.25,train,0.4381153840183306,False
sample_05461.jpg,SRC_091,-40.0,180.0,72.511342,N-summer,0.5,train,0.3829076643942312,False
sample_05462.jpg,SRC_061,50.0,180.0,43.110277,N-spring,0.5,train,0.4250161097805896,False
sample_05463.jpg,SRC_058,30.0,180.0,69.060883,N-autumn,0.5,train,0.49694031030266067,False
sample_05464.jpg,SRC_108,-40.0,180.0,68.856247,N-summer,0.5,validation,0.37948729836207507,False
sample_05465.jpg,SRC_028,10.0,180.0,42.894848,N-spring,0.25,calibration,0.37703422417681953,False
sample_05466.jpg,SRC_067,-15.0,180.0,64.724247,N-spring,0.5,calibration,0.39525087114312507,False
sample_05467.jpg,SRC_071,20.0,180.0,40.070501,N-spring,0.25,train,0.4091335043210069,False
sample_05468.jpg,SRC_049,5.0,180.0,42.94902,N-spring,0.25,train,0.5109342532883062,False
sample_05469.jpg,SRC_141,-10.0,180.0,55.206291,N-spring,0.25,train,0.3820615136282407,False
sample_05470.jpg,SRC_066,-10.0,180.0,61.81065,N-summer,0.5,validation,0.3857371675550848,False
sample_05471.jpg,SRC_170,-20.0,180.0,56.332579,N-autumn,0.25,train,0.39230201764953965,False
sample_05472.jpg,SRC_014,-40.0,180.0,38.480327,N-winter,0.25,calibration,0.40148969930467493,False
sample_05473.jpg,SRC_088,0.0,180.0,53.004483,N-summer,0.25,train,0.4196852541683823,False
sample_05474.jpg,SRC_058,30.0,180.0,69.060883,N-autumn,0.5,train,0.4227944199787088,False
sample_05475.jpg,SRC_103,-35.0,180.0,57.090396,N-autumn,0.25,train,0.39649631143169245,False
sample_05476.jpg,SRC_115,25.0,180.0,41.8845,N-spring,0.25,train,0.4186911571376465,False
sample_05477.jpg,SRC_109,50.0,180.0,54.137665,N-summer,0.25,validation,0.3846068035040818,False
sample_05478.jpg,SRC_098,-45.0,180.0,70.730178,N-summer,0.25,calibration,0.4831740299241167,False
sample_05479.jpg,SRC_099,15.0,180.0,42.024472,N-spring,0.5,train,0.3800043714541304,False
sample_05480.jpg,SRC_037,15.0,180.0,44.468297,N-spring,0.25,calibration,0.4595471553126752,False
sample_05481.jpg,SRC_051,20.0,180.0,63.609319,N-autumn,0.5,train,0.4734099380096556,False
sample_05482.jpg,SRC_045,-90.0,0.0,70.559818,N-autumn,0.25,train,0.506892760566544,False
sample_05483.jpg,SRC_121,25.0,180.0,67.446292,N-autumn,0.5,validation,0.39067855813861885,False
sample_05484.jpg,SRC_056,-40.0,180.0,74.660587,N-summer,0.5,train,0.38168066652103844,False
sample_05485.jpg,SRC_124,0.0,180.0,51.928413,N-summer,0.25,train,0.39460452450301753,False
sample_05486.jpg,SRC_076,25.0,180.0,63.632584,N-autumn,0.25,validation,0.39130975483538305,False
sample_05487.jpg,SRC_009,-25.0,180.0,73.827745,N-spring,0.5,train,0.39147825797536634,False
sample_05488.jpg,SRC_077,-5.0,180.0,34.299081,N-winter,0.25,train,0.48861991524890264,False
sample_05489.jpg,SRC_115,25.0,180.0,41.8845,N-spring,0.25,train,0.41083035947142577,False
sample_05490.jpg,SRC_030,-25.0,180.0,67.936804,N-spring,0.5,train,0.38784042152841713,False
sample_05491.jpg,SRC_064,90.0,0.0,60.573524,N-spring,0.25,train,0.5243855046987442,False
sample_05492.jpg,SRC_096,25.0,180.0,40.422288,N-spring,0.25,calibration,0.4577309671118332,False
sample_05493.jpg,SRC_046,0.0,180.0,58.061031,N-autumn,0.25,validation,0.3869414802880338,False
sample_05494.jpg,SRC_030,-25.0,180.0,67.936804,N-spring,0.5,train,0.38345611011643255,False
sample_05495.jpg,SRC_170,-20.0,180.0,56.332579,N-autumn,0.25,train,0.41073413274125736,False
sample_05496.jpg,SRC_156,10.0,180.0,48.737382,N-summer,0.25,train,0.3898451321185744,False
sample_05497.jpg,SRC_158,-5.0,180.0,35.954137,N-winter,0.25,train,0.3878940303171595,False
sample_05498.jpg,SRC_014,-40.0,180.0,38.480327,N-winter,0.25,calibration,0.38319193225508225,False
sample_05499.jpg,SRC_042,10.0,180.0,36.92431,N-spring,0.5,train,0.37816939644471964,False
sample_05500.jpg,SRC_083,0.0,180.0,55.378885,N-spring,0.25,train,0.36312006987640416,False
sample_05501.jpg,SRC_046,0.0,180.0,58.061031,N-autumn,0.25,validation,0.4312218476581421,False
sample_05502.jpg,SRC_072,15.0,180.0,46.966801,N-winter,0.25,train,0.4177738375350358,False
sample_05503.jpg,SRC_129,20.0,180.0,41.057252,N-spring,0.25,train,0.4140981573077889,False
sample_05504.jpg,SRC_158,-5.0,180.0,35.954137,N-winter,0.25,train,0.38342305718226893,False
sample_05505.jpg,SRC_097,0.0,180.0,35.318175,N-winter,0.25,train,0.39587918809040346,False
sample_05506.jpg,SRC_146,10.0,180.0,58.0428,N-summer,0.5,validation,0.5291166079832719,False
sample_05507.jpg,SRC_102,-10.0,180.0,52.255853,N-spring,0.25,train,0.4082835434768703,False
sample_05508.jpg,SRC_006,-15.0,180.0,65.638079,N-spring,0.5,train,0.44884472021528266,False
sample_05509.jpg,SRC_051,20.0,180.0,63.609319,N-autumn,0.5,train,0.4320582562797527,False
sample_05510.jpg,SRC_051,20.0,180.0,63.609319,N-autumn,0.5,train,0.41398401518088884,False
sample_05511.jpg,SRC_026,90.0,0.0,57.238404,N-spring,0.25,train,0.44531793610546355,False
sample_05512.jpg,SRC_133,-10.0,180.0,48.887369,N-spring,0.5,calibration,0.40889776537280237,False
sample_05513.jpg,SRC_148,-15.0,180.0,49.227137,N-autumn,0.25,train,0.40643724599639713,False
sample_05514.jpg,SRC_061,50.0,180.0,43.110277,N-spring,0.5,train,0.4663003519172778,False
sample_05515.jpg,SRC_018,-90.0,0.0,67.882485,N-winter,0.25,train,0.4531536846221,False
sample_05516.jpg,SRC_071,20.0,180.0,40.070501,N-spring,0.25,train,0.44611458188589365,False
sample_05517.jpg,SRC_061,50.0,180.0,43.110277,N-spring,0.5,train,0.49659774558638736,False
sample_05518.jpg,SRC_009,-25.0,180.0,73.827745,N-spring,0.5,train,0.4046476951918548,False
sample_05519.jpg,SRC_061,50.0,180.0,43.110277,N-spring,0.5,train,0.44646159469355223,False
sample_05520.jpg,SRC_015,20.0,180.0,46.484204,N-summer,0.25,train,0.3896041761370541,False
sample_05521.jpg,SRC_009,-25.0,180.0,73.827745,N-spring,0.5,train,0.4010311722813501,False
sample_05522.jpg,SRC_071,20.0,180.0,40.070501,N-spring,0.25,train,0.4636948488554526,False
sample_05523.jpg,SRC_041,15.0,180.0,46.712049,N-summer,0.25,calibration,0.37280356051238367,False
sample_05524.jpg,SRC_036,5.0,180.0,52.749586,N-summer,0.25,train,0.40105981580997085,False
sample_05525.jpg,SRC_103,-35.0,180.0,57.090396,N-autumn,0.25,train,0.39414147902929736,False
sample_05526.jpg,SRC_041,15.0,180.0,46.712049,N-summer,0.25,calibration,0.4016868939077174,False
sample_05527.jpg,SRC_047,0.0,180.0,48.028677,N-spring,0.5,train,0.4310389005634584,False
sample_05528.jpg,SRC_076,25.0,180.0,63.632584,N-autumn,0.25,validation,0.4791493561573109,False
sample_05529.jpg,SRC_052,5.0,180.0,51.705435,N-summer,0.25,train,0.4229695770899117,False
sample_05530.jpg,SRC_037,15.0,180.0,44.468297,N-spring,0.25,calibration,0.3955464612555363,False
sample_05531.jpg,SRC_070,60.0,180.0,58.788969,N-summer,0.5,validation,0.384998274603366,False
sample_05532.jpg,SRC_063,25.0,180.0,41.329237,N-spring,0.25,train,0.3774068060820198,False
sample_05533.jpg,SRC_004,30.0,180.0,61.107468,N-autumn,0.5,train,0.38088156133557505,False
sample_05534.jpg,SRC_073,45.0,180.0,41.537171,N-spring,0.25,train,0.385810385587601,False
sample_05535.jpg,SRC_108,-40.0,180.0,68.856247,N-summer,0.5,validation,0.40288116142218,False
sample_05536.jpg,SRC_108,-40.0,180.0,68.856247,N-summer,0.5,validation,0.3925408344329072,False
sample_05537.jpg,SRC_070,60.0,180.0,58.788969,N-summer,0.5,validation,0.4043744770722455,False
sample_05538.jpg,SRC_156,10.0,180.0,48.737382,N-summer,0.25,train,0.37729713457939296,False
sample_05539.jpg,SRC_077,-5.0,180.0,34.299081,N-winter,0.25,train,0.3966815581883484,False
sample_05540.jpg,SRC_026,90.0,0.0,57.238404,N-spring,0.25,train,0.49001985555610467,False
sample_05541.jpg,SRC_024,10.0,180.0,53.725813,N-summer,0.25,calibration,0.40172628243377717,False
sample_05542.jpg,SRC_005,0.0,180.0,55.846781,N-summer,0.5,calibration,0.38445410324828455,False
sample_05543.jpg,SRC_131,10.0,180.0,60.540464,N-autumn,0.5,train,0.3981120238403292,False
sample_05544.jpg,SRC_084,-10.0,180.0,58.957849,N-summer,0.25,train,0.4896897094042047,False
sample_05545.jpg,SRC_109,50.0,180.0,54.137665,N-summer,0.25,validation,0.38632500731877933,False
sample_05546.jpg,SRC_104,25.0,180.0,45.102036,N-summer,0.5,calibration,0.39134075559333137,False
sample_05547.jpg,SRC_062,45.0,180.0,81.508965,N-autumn,0.5,train,0.39042140301667044,False
sample_05548.jpg,SRC_066,-10.0,180.0,61.81065,N-summer,0.5,validation,0.39489716079223475,False
sample_05549.jpg,SRC_106,25.0,180.0,40.638999,N-spring,0.5,validation,0.5036853186007557,False
sample_05550.jpg,SRC_061,50.0,180.0,43.110277,N-spring,0.5,train,0.39763597212670254,False
sample_05551.jpg,SRC_112,-30.0,180.0,67.516648,N-spring,0.5,train,0.4176046411747443,False
sample_05552.jpg,SRC_013,50.0,180.0,54.051464,N-spring,0.5,train,0.4053817425213717,False
sample_05553.jpg,SRC_091,-40.0,180.0,72.511342,N-summer,0.5,train,0.40443718847469007,False
sample_05554.jpg,SRC_042,10.0,180.0,36.92431,N-spring,0.5,train,0.38916369020887526,False
sample_05555.jpg,SRC_072,15.0,180.0,46.966801,N-winter,0.25,train,0.4003114409499666,False
sample_05556.jpg,SRC_109,50.0,180.0,54.137665,N-summer,0.25,validation,0.4027419688881742,False
sample_05557.jpg,SRC_148,-15.0,180.0,49.227137,N-autumn,0.25,train,0.4263682120545562,False
sample_05558.jpg,SRC_086,15.0,180.0,43.648742,N-summer,0.5,train,0.3760137437030706,False
sample_05559.jpg,SRC_060,90.0,0.0,64.124177,N-summer,0.25,train,0.449472487208946,False
sample_05560.jpg,SRC_015,20.0,180.0,46.484204,N-summer,0.25,train,0.3896737420589695,False
sample_05561.jpg,SRC_145,-5.0,180.0,52.15166,N-spring,0.25,train,0.39711343766359464,False
sample_05562.jpg,SRC_096,25.0,180.0,40.422288,N-spring,0.25,calibration,0.38869962950157777,False
sample_05563.jpg,SRC_169,40.0,180.0,48.615664,N-summer,0.25,validation,0.3883125164893551,False
sample_05564.jpg,SRC_040,90.0,0.0,57.651744,N-spring,0.5,validation,0.40389809941487076,False
sample_05565.jpg,SRC_114,-10.0,180.0,58.176498,N-autumn,0.5,calibration,0.4699844926590761,False
sample_05566.jpg,SRC_090,50.0,180.0,47.196626,N-summer,0.25,train,0.4878983116537669,False
sample_05567.jpg,SRC_103,-35.0,180.0,57.090396,N-autumn,0.25,train,0.4037675777454905,False
sample_05568.jpg,SRC_030,-25.0,180.0,67.936804,N-spring,0.5,train,0.4450867040969033,False
sample_05569.jpg,SRC_126,-20.0,180.0,68.779144,N-summer,0.5,train,0.4385720248213552,False
sample_05570.jpg,SRC_091,-40.0,180.0,72.511342,N-summer,0.5,train,0.39906553859724603,False
sample_05571.jpg,SRC_150,10.0,180.0,50.798821,N-summer,0.5,train,0.4086971311451452,False
sample_05572.jpg,SRC_158,-5.0,180.0,35.954137,N-winter,0.25,train,0.38421689947879506,False
sample_05573.jpg,SRC_153,-40.0,180.0,43.960452,N-autumn,0.25,train,0.41262024574962897,False
sample_05574.jpg,SRC_051,20.0,180.0,63.609319,N-autumn,0.5,train,0.4477411690555669,False
sample_05575.jpg,SRC_042,10.0,180.0,36.92431,N-spring,0.5,train,0.3869890416044524,False
sample_05576.jpg,SRC_096,25.0,180.0,40.422288,N-spring,0.25,calibration,0.3989516671684191,False
sample_05577.jpg,SRC_156,10.0,180.0,48.737382,N-summer,0.25,train,0.3783392399239483,False
sample_05578.jpg,SRC_014,-40.0,180.0,38.480327,N-winter,0.25,calibration,0.3761114727795911,False
sample_05579.jpg,SRC_099,15.0,180.0,42.024472,N-spring,0.5,train,0.3927191568870443,False
sample_05580.jpg,SRC_077,-5.0,180.0,34.299081,N-winter,0.25,train,0.392433250902254,False
sample_05581.jpg,SRC_114,-10.0,180.0,58.176498,N-autumn,0.5,calibration,0.49541331508595904,False
sample_05582.jpg,SRC_166,90.0,0.0,60.094207,N-spring,0.5,train,0.5154371754296545,False
sample_05583.jpg,SRC_087,0.0,180.0,54.65824,N-summer,0.25,train,0.38685437443105775,False
sample_05584.jpg,SRC_039,90.0,0.0,70.63275,N-summer,0.5,train,0.47557385235625266,False
sample_05585.jpg,SRC_139,40.0,180.0,53.533251,N-winter,0.25,train,0.4797772355588236,False
sample_05586.jpg,SRC_112,-30.0,180.0,67.516648,N-spring,0.5,train,0.4152393549706225,False
sample_05587.jpg,SRC_121,25.0,180.0,67.446292,N-autumn,0.5,validation,0.3996301572131741,False
sample_05588.jpg,SRC_136,-35.0,180.0,76.922409,N-spring,0.5,train,0.4888484117229126,False
sample_05589.jpg,SRC_013,50.0,180.0,54.051464,N-spring,0.5,train,0.48071299300664466,False
sample_05590.jpg,SRC_087,0.0,180.0,54.65824,N-summer,0.25,train,0.3822254775959578,False
sample_05591.jpg,SRC_022,20.0,180.0,41.513642,N-spring,0.25,train,0.4031336009917319,False
sample_05592.jpg,SRC_153,-40.0,180.0,43.960452,N-autumn,0.25,train,0.3836408184368161,False
sample_05593.jpg,SRC_114,-10.0,180.0,58.176498,N-autumn,0.5,calibration,0.3751905906707917,False
sample_05594.jpg,SRC_099,15.0,180.0,42.024472,N-spring,0.5,train,0.3902824930029231,False
sample_05595.jpg,SRC_004,30.0,180.0,61.107468,N-autumn,0.5,train,0.36816093633607083,False
sample_05596.jpg,SRC_115,25.0,180.0,41.8845,N-spring,0.25,train,0.42649159225773425,False
sample_05597.jpg,SRC_171,-35.0,180.0,63.65778,N-spring,0.25,calibration,0.38132990518559123,False
sample_05598.jpg,SRC_120,90.0,0.0,69.983669,N-summer,0.25,train,0.39230485526817915,False
sample_05599.jpg,SRC_106,25.0,180.0,40.638999,N-spring,0.5,validation,0.47073136078651406,False
sample_05600.jpg,SRC_081,-90.0,0.0,74.772433,N-autumn,0.25,train,0.5379162840606326,False
sample_05601.jpg,SRC_071,20.0,180.0,40.070501,N-spring,0.25,train,0.47967114009065953,False
sample_05602.jpg,SRC_086,15.0,180.0,43.648742,N-summer,0.5,train,0.3837649546270591,False
sample_05603.jpg,SRC_042,10.0,180.0,36.92431,N-spring,0.5,train,0.5108558523918405,False
sample_05604.jpg,SRC_067,-15.0,180.0,64.724247,N-spring,0.5,calibration,0.39242566854476546,False
sample_05605.jpg,SRC_092,5.0,180.0,57.429528,N-autumn,0.25,validation,0.4185724847429485,False
sample_05606.jpg,SRC_133,-10.0,180.0,48.887369,N-spring,0.5,calibration,0.4301361631050556,False
sample_05607.jpg,SRC_027,35.0,180.0,41.369436,N-spring,0.5,calibration,0.39378145229947636,False
sample_05608.jpg,SRC_038,-15.0,180.0,32.097448,N-winter,0.25,validation,0.42726011239962397,False
sample_05609.jpg,SRC_045,-90.0,0.0,70.559818,N-autumn,0.25,train,0.4232709893834398,False
sample_05610.jpg,SRC_043,10.0,180.0,50.433279,N-summer,0.5,calibration,0.38889896117537237,False
sample_05611.jpg,SRC_146,10.0,180.0,58.0428,N-summer,0.5,validation,0.38938062957508374,False
sample_05612.jpg,SRC_116,5.0,180.0,41.203028,N-spring,0.25,calibration,0.46664448423187554,False
sample_05613.jpg,SRC_071,20.0,180.0,40.070501,N-spring,0.25,train,0.45464491492438625,False
sample_05614.jpg,SRC_112,-30.0,180.0,67.516648,N-spring,0.5,train,0.41562585979813405,False
sample_05615.jpg,SRC_108,-40.0,180.0,68.856247,N-summer,0.5,validation,0.37515560192630704,False
sample_05616.jpg,SRC_159,20.0,180.0,67.076816,N-autumn,0.25,train,0.3877640832701399,False
sample_05617.jpg,SRC_130,25.0,180.0,37.507656,N-spring,0.25,validation,0.4635699905903762,False
sample_05618.jpg,SRC_165,10.0,180.0,42.451267,N-winter,0.25,calibration,0.39368091512840486,False
sample_05619.jpg,SRC_144,-35.0,180.0,76.731052,N-spring,0.5,train,0.4165973318334525,False
sample_05620.jpg,SRC_121,25.0,180.0,67.446292,N-autumn,0.5,validation,0.3896937138368372,False
sample_05621.jpg,SRC_165,10.0,180.0,42.451267,N-winter,0.25,calibration,0.4017867013734242,False
sample_05622.jpg,SRC_144,-35.0,180.0,76.731052,N-spring,0.5,train,0.41722517076303883,False
sample_05623.jpg,SRC_061,50.0,180.0,43.110277,N-spring,0.5,train,0.45713503043638937,False
sample_05624.jpg,SRC_028,10.0,180.0,42.894848,N-spring,0.25,calibration,0.3831042959204926,False
sample_05625.jpg,SRC_026,90.0,0.0,57.238404,N-spring,0.25,train,0.468326984929375,False
sample_05626.jpg,SRC_154,0.0,180.0,54.770875,N-summer,0.5,train,0.5083684516348839,False
sample_05627.jpg,SRC_108,-40.0,180.0,68.856247,N-summer,0.5,validation,0.40162847535561985,False
sample_05628.jpg,SRC_087,0.0,180.0,54.65824,N-summer,0.25,train,0.5232679393752891,False
sample_05629.jpg,SRC_103,-35.0,180.0,57.090396,N-autumn,0.25,train,0.39803725847819116,False
sample_05630.jpg,SRC_006,-15.0,180.0,65.638079,N-spring,0.5,train,0.38076958754447665,False
sample_05631.jpg,SRC_123,0.0,180.0,54.598149,N-autumn,0.5,train,0.3992436229055372,False
sample_05632.jpg,SRC_021,-90.0,0.0,68.040851,N-autumn,0.5,calibration,0.3863428278067148,False
sample_05633.jpg,SRC_009,-25.0,180.0,73.827745,N-spring,0.5,train,0.42802647271138,False
sample_05634.jpg,SRC_127,-35.0,180.0,47.507974,N-autumn,0.5,train,0.38841859223477415,False
sample_05635.jpg,SRC_097,0.0,180.0,35.318175,N-winter,0.25,train,0.44993839868434266,False
sample_05636.jpg,SRC_001,-5.0,180.0,51.987197,N-spring,0.5,calibration,0.5231551624770242,False
sample_05637.jpg,SRC_099,15.0,180.0,42.024472,N-spring,0.5,train,0.4867595886895639,False
sample_05638.jpg,SRC_089,10.0,180.0,48.442522,N-winter,0.25,validation,0.5064723421632593,False
sample_05639.jpg,SRC_052,5.0,180.0,51.705435,N-summer,0.25,train,0.5161468888558445,False
sample_05640.jpg,SRC_018,-90.0,0.0,67.882485,N-winter,0.25,train,0.5008979062961958,False
sample_05641.jpg,SRC_140,35.0,180.0,44.85556,N-spring,0.25,validation,0.3794775950017887,False
sample_05642.jpg,SRC_013,50.0,180.0,54.051464,N-spring,0.5,train,0.41891485501606124,False
sample_05643.jpg,SRC_069,25.0,180.0,48.120522,N-summer,0.5,train,0.4984511077678925,False
sample_05644.jpg,SRC_092,5.0,180.0,57.429528,N-autumn,0.25,validation,0.40579068141524893,False
sample_05645.jpg,SRC_151,-15.0,180.0,63.408071,N-summer,0.5,train,0.47511594544778807,False
sample_05646.jpg,SRC_138,25.0,180.0,44.714676,N-summer,0.25,train,0.4216272537271622,False
sample_05647.jpg,SRC_051,20.0,180.0,63.609319,N-autumn,0.5,train,0.4832670810146994,False
sample_05648.jpg,SRC_069,25.0,180.0,48.120522,N-summer,0.5,train,0.4532319164940851,False
sample_05649.jpg,SRC_090,50.0,180.0,47.196626,N-summer,0.25,train,0.5192917981854761,False
sample_05650.jpg,SRC_021,-90.0,0.0,68.040851,N-autumn,0.5,calibration,0.38835363356621866,False
sample_05651.jpg,SRC_111,-35.0,180.0,79.069883,N-spring,1.0,train,0.5001190986510191,False
sample_05652.jpg,SRC_004,30.0,180.0,61.107468,N-autumn,0.5,train,0.3860099408657812,False
sample_05653.jpg,SRC_154,0.0,180.0,54.770875,N-summer,0.5,train,0.476929127784682,False
sample_05654.jpg,SRC_013,50.0,180.0,54.051464,N-spring,0.5,train,0.38518654552123066,False
sample_05655.jpg,SRC_139,40.0,180.0,53.533251,N-winter,0.25,train,0.40567895275996674,False
sample_05656.jpg,SRC_148,-15.0,180.0,49.227137,N-autumn,0.25,train,0.4264911259005463,False
sample_05657.jpg,SRC_146,10.0,180.0,58.0428,N-summer,0.5,validation,0.37979835540770035,False
sample_05658.jpg,SRC_136,-35.0,180.0,76.922409,N-spring,0.5,train,0.49731236022148095,False
sample_05659.jpg,SRC_026,90.0,0.0,57.238404,N-spring,0.25,train,0.4519949712437722,False
sample_05660.jpg,SRC_030,-25.0,180.0,67.936804,N-spring,0.5,train,0.3837911421699288,False
sample_05661.jpg,SRC_149,90.0,0.0,55.701783,N-summer,0.25,train,0.4981440526052781,False
sample_05662.jpg,SRC_153,-40.0,180.0,43.960452,N-autumn,0.25,train,0.4932023638334515,False
sample_05663.jpg,SRC_119,90.0,0.0,58.642683,N-spring,0.25,calibration,0.45556766590682224,False
sample_05664.jpg,SRC_055,-5.0,180.0,57.335076,N-spring,0.25,train,0.48018597126354534,False
sample_05665.jpg,SRC_096,25.0,180.0,40.422288,N-spring,0.25,calibration,0.46647182008244253,False
sample_05666.jpg,SRC_113,-35.0,180.0,36.668707,N-winter,0.25,train,0.3757752133597997,False
sample_05667.jpg,SRC_103,-35.0,180.0,57.090396,N-autumn,0.25,train,0.39502940967840716,False
sample_05668.jpg,SRC_106,25.0,180.0,40.638999,N-spring,0.5,validation,0.4890481896441714,False
sample_05669.jpg,SRC_038,-15.0,180.0,32.097448,N-winter,0.25,validation,0.3883660431764509,False
sample_05670.jpg,SRC_009,-25.0,180.0,73.827745,N-spring,0.5,train,0.39735433554486266,False
sample_05671.jpg,SRC_153,-40.0,180.0,43.960452,N-autumn,0.25,train,0.452790888280911,False
sample_05672.jpg,SRC_131,10.0,180.0,60.540464,N-autumn,0.5,train,0.4313014831820007,False
sample_05673.jpg,SRC_103,-35.0,180.0,57.090396,N-autumn,0.25,train,0.4031675629952197,False
sample_05674.jpg,SRC_055,-5.0,180.0,57.335076,N-spring,0.25,train,0.41762308478024546,False
sample_05675.jpg,SRC_018,-90.0,0.0,67.882485,N-winter,0.25,train,0.49637622520048613,False
sample_05676.jpg,SRC_103,-35.0,180.0,57.090396,N-autumn,0.25,train,0.38933764851614444,False
sample_05677.jpg,SRC_067,-15.0,180.0,64.724247,N-spring,0.5,calibration,0.41471435038946636,False
sample_05678.jpg,SRC_115,25.0,180.0,41.8845,N-spring,0.25,train,0.4133056200101401,False
sample_05679.jpg,SRC_058,30.0,180.0,69.060883,N-autumn,0.5,train,0.38250278498136653,False
sample_05680.jpg,SRC_021,-90.0,0.0,68.040851,N-autumn,0.5,calibration,0.3868509082491613,False
sample_05681.jpg,SRC_011,-20.0,180.0,70.371153,N-summer,0.25,train,0.49188663936168703,False
sample_05682.jpg,SRC_041,15.0,180.0,46.712049,N-summer,0.25,calibration,0.37619324329252446,False
sample_05683.jpg,SRC_040,90.0,0.0,57.651744,N-spring,0.5,validation,0.39906626825878744,False
sample_05684.jpg,SRC_108,-40.0,180.0,68.856247,N-summer,0.5,validation,0.40065187259777124,False
sample_05685.jpg,SRC_087,0.0,180.0,54.65824,N-summer,0.25,train,0.403977958324311,False
sample_05686.jpg,SRC_121,25.0,180.0,67.446292,N-autumn,0.5,validation,0.3869376011854296,False
sample_05687.jpg,SRC_158,-5.0,180.0,35.954137,N-winter,0.25,train,0.3908557422417262,False
sample_05688.jpg,SRC_133,-10.0,180.0,48.887369,N-spring,0.5,calibration,0.43015013334858854,False
sample_05689.jpg,SRC_100,20.0,180.0,41.506528,N-spring,0.25,train,0.37766933019727017,False
sample_05690.jpg,SRC_150,10.0,180.0,50.798821,N-summer,0.5,train,0.42099834499458977,False
sample_05691.jpg,SRC_124,0.0,180.0,51.928413,N-summer,0.25,train,0.48020750586941274,False
sample_05692.jpg,SRC_047,0.0,180.0,48.028677,N-spring,0.5,train,0.4586454016338607,False
sample_05693.jpg,SRC_015,20.0,180.0,46.484204,N-summer,0.25,train,0.44862893667788795,False
sample_05694.jpg,SRC_069,25.0,180.0,48.120522,N-summer,0.5,train,0.4973169259092941,False
sample_05695.jpg,SRC_081,-90.0,0.0,74.772433,N-autumn,0.25,train,0.525401588391837,False
sample_05696.jpg,SRC_101,5.0,180.0,48.479381,N-winter,0.25,validation,0.485243490065146,False
sample_05697.jpg,SRC_063,25.0,180.0,41.329237,N-spring,0.25,train,0.3742537344872516,False
sample_05698.jpg,SRC_014,-40.0,180.0,38.480327,N-winter,0.25,calibration,0.4143270014078306,False
sample_05699.jpg,SRC_121,25.0,180.0,67.446292,N-autumn,0.5,validation,0.3915403193938457,False
sample_05700.jpg,SRC_109,50.0,180.0,54.137665,N-summer,0.25,validation,0.4836162173941159,False
sample_05701.jpg,SRC_058,30.0,180.0,69.060883,N-autumn,0.5,train,0.4986529256189504,False
sample_05702.jpg,SRC_103,-35.0,180.0,57.090396,N-autumn,0.25,train,0.4049243807281169,False
sample_05703.jpg,SRC_126,-20.0,180.0,68.779144,N-summer,0.5,train,0.45677309620366635,False
sample_05704.jpg,SRC_140,35.0,180.0,44.85556,N-spring,0.25,validation,0.38868057955979135,False
sample_05705.jpg,SRC_134,-30.0,180.0,69.607895,N-spring,0.5,train,0.39990249538515366,False
sample_05706.jpg,SRC_124,0.0,180.0,51.928413,N-summer,0.25,train,0.4334435007364522,False
sample_05707.jpg,SRC_008,25.0,180.0,61.005891,N-autumn,0.25,train,0.39593176653302287,False
sample_05708.jpg,SRC_063,25.0,180.0,41.329237,N-spring,0.25,train,0.37212298913891906,False
sample_05709.jpg,SRC_037,15.0,180.0,44.468297,N-spring,0.25,calibration,0.38170709070783493,False
sample_05710.jpg,SRC_171,-35.0,180.0,63.65778,N-spring,0.25,calibration,0.39553784827513777,False
sample_05711.jpg,SRC_076,25.0,180.0,63.632584,N-autumn,0.25,validation,0.41760435729402434,False
sample_05712.jpg,SRC_020,35.0,180.0,42.075965,N-summer,0.25,train,0.3906175906582635,False
sample_05713.jpg,SRC_150,10.0,180.0,50.798821,N-summer,0.5,train,0.40767502813870865,False
sample_05714.jpg,SRC_018,-90.0,0.0,67.882485,N-winter,0.25,train,0.42700612734040566,False
sample_05715.jpg,SRC_099,15.0,180.0,42.024472,N-spring,0.5,train,0.38248838015130765,False
sample_05716.jpg,SRC_004,30.0,180.0,61.107468,N-autumn,0.5,train,0.37860042791775694,False
sample_05717.jpg,SRC_091,-40.0,180.0,72.511342,N-summer,0.5,train,0.4351341945663319,False
sample_05718.jpg,SRC_170,-20.0,180.0,56.332579,N-autumn,0.25,train,0.3927835417016442,False
sample_05719.jpg,SRC_076,25.0,180.0,63.632584,N-autumn,0.25,validation,0.38528558642829835,False
sample_05720.jpg,SRC_108,-40.0,180.0,68.856247,N-summer,0.5,validation,0.3822916831033149,False
sample_05721.jpg,SRC_013,50.0,180.0,54.051464,N-spring,0.5,train,0.37900865927850985,False
sample_05722.jpg,SRC_088,0.0,180.0,53.004483,N-summer,0.25,train,0.40478188516374436,False
sample_05723.jpg,SRC_020,35.0,180.0,42.075965,N-summer,0.25,train,0.38818776922272613,False
sample_05724.jpg,SRC_150,10.0,180.0,50.798821,N-summer,0.5,train,0.41271791443617883,False
sample_05725.jpg,SRC_164,20.0,180.0,59.226879,N-autumn,0.25,train,0.4630558467562905,False
sample_05726.jpg,SRC_006,-15.0,180.0,65.638079,N-spring,0.5,train,0.43627612573671043,False
sample_05727.jpg,SRC_037,15.0,180.0,44.468297,N-spring,0.25,calibration,0.3938791169553387,False
sample_05728.jpg,SRC_109,50.0,180.0,54.137665,N-summer,0.25,validation,0.3813466311035757,False
sample_05729.jpg,SRC_094,20.0,180.0,66.934532,N-autumn,0.25,train,0.39307706573609114,False
sample_05730.jpg,SRC_085,0.0,180.0,39.187341,N-spring,0.25,train,0.471428710757419,False
sample_05731.jpg,SRC_056,-40.0,180.0,74.660587,N-summer,0.5,train,0.39291009123886017,False
sample_05732.jpg,SRC_013,50.0,180.0,54.051464,N-spring,0.5,train,0.4074299462783487,False
sample_05733.jpg,SRC_039,90.0,0.0,70.63275,N-summer,0.5,train,0.49119410073142544,False
sample_05734.jpg,SRC_040,90.0,0.0,57.651744,N-spring,0.5,validation,0.40683732798699923,False
sample_05735.jpg,SRC_123,0.0,180.0,54.598149,N-autumn,0.5,train,0.4436431706365432,False
sample_05736.jpg,SRC_022,20.0,180.0,41.513642,N-spring,0.25,train,0.3988898999428912,False
sample_05737.jpg,SRC_114,-10.0,180.0,58.176498,N-autumn,0.5,calibration,0.4717855083433128,False
sample_05738.jpg,SRC_004,30.0,180.0,61.107468,N-autumn,0.5,train,0.38458166144401684,False
sample_05739.jpg,SRC_048,-25.0,180.0,61.920556,N-autumn,0.25,train,0.3907069453577418,False
sample_05740.jpg,SRC_124,0.0,180.0,51.928413,N-summer,0.25,train,0.41148259666889037,False
sample_05741.jpg,SRC_066,-10.0,180.0,61.81065,N-summer,0.5,validation,0.3771575030496168,False
sample_05742.jpg,SRC_109,50.0,180.0,54.137665,N-summer,0.25,validation,0.38252679549847274,False
sample_05743.jpg,SRC_115,25.0,180.0,41.8845,N-spring,0.25,train,0.40746991587637565,False
sample_05744.jpg,SRC_004,30.0,180.0,61.107468,N-autumn,0.5,train,0.3829011318275871,False
sample_05745.jpg,SRC_050,0.0,180.0,53.680047,N-summer,0.25,calibration,0.5137390018415751,False
sample_05746.jpg,SRC_108,-40.0,180.0,68.856247,N-summer,0.5,validation,0.3830644362461041,False
sample_05747.jpg,SRC_086,15.0,180.0,43.648742,N-summer,0.5,train,0.3857547905419707,False
sample_05748.jpg,SRC_011,-20.0,180.0,70.371153,N-summer,0.25,train,0.39001724979132213,False
sample_05749.jpg,SRC_047,0.0,180.0,48.028677,N-spring,0.5,train,0.43670232174415846,False
sample_05750.jpg,SRC_043,10.0,180.0,50.433279,N-summer,0.5,calibration,0.3899195537398706,False
sample_05751.jpg,SRC_095,-20.0,180.0,56.495654,N-spring,0.5,train,0.39458695569575325,False
sample_05752.jpg,SRC_089,10.0,180.0,48.442522,N-winter,0.25,validation,0.38966582482891776,False
sample_05753.jpg,SRC_134,-30.0,180.0,69.607895,N-spring,0.5,train,0.3997284005589647,False
sample_05754.jpg,SRC_106,25.0,180.0,40.638999,N-spring,0.5,validation,0.5164740860634611,False
sample_05755.jpg,SRC_040,90.0,0.0,57.651744,N-spring,0.5,validation,0.3867434149064099,False
sample_05756.jpg,SRC_049,5.0,180.0,42.94902,N-spring,0.25,train,0.42440486516862264,False
sample_05757.jpg,SRC_089,10.0,180.0,48.442522,N-winter,0.25,validation,0.4050374336183019,False
sample_05758.jpg,SRC_028,10.0,180.0,42.894848,N-spring,0.25,calibration,0.43782226207281116,False
sample_05759.jpg,SRC_151,-15.0,180.0,63.408071,N-summer,0.5,train,0.4041786276635282,False
sample_05760.jpg,SRC_042,10.0,180.0,36.92431,N-spring,0.5,train,0.4046834180521975,False
sample_05761.jpg,SRC_158,-5.0,180.0,35.954137,N-winter,0.25,train,0.38079464453688594,False
sample_05762.jpg,SRC_009,-25.0,180.0,73.827745,N-spring,0.5,train,0.4398549315119228,False
sample_05763.jpg,SRC_040,90.0,0.0,57.651744,N-spring,0.5,validation,0.3978031272962295,False
sample_05764.jpg,SRC_011,-20.0,180.0,70.371153,N-summer,0.25,train,0.40646241709238107,False
sample_05765.jpg,SRC_121,25.0,180.0,67.446292,N-autumn,0.5,validation,0.39496263823734035,False
sample_05766.jpg,SRC_041,15.0,180.0,46.712049,N-summer,0.25,calibration,0.5183725594486391,False
sample_05767.jpg,SRC_085,0.0,180.0,39.187341,N-spring,0.25,train,0.4220769871920087,False
sample_05768.jpg,SRC_092,5.0,180.0,57.429528,N-autumn,0.25,validation,0.37660293659649985,False
sample_05769.jpg,SRC_009,-25.0,180.0,73.827745,N-spring,0.5,train,0.4223869194383643,False
sample_05770.jpg,SRC_066,-10.0,180.0,61.81065,N-summer,0.5,validation,0.4568322653952498,False
sample_05771.jpg,SRC_121,25.0,180.0,67.446292,N-autumn,0.5,validation,0.394493506891952,False
sample_05772.jpg,SRC_073,45.0,180.0,41.537171,N-spring,0.25,train,0.3843571457883387,False
sample_05773.jpg,SRC_076,25.0,180.0,63.632584,N-autumn,0.25,validation,0.3897823033945563,False
sample_05774.jpg,SRC_071,20.0,180.0,40.070501,N-spring,0.25,train,0.44941779429184614,False
sample_05775.jpg,SRC_111,-35.0,180.0,79.069883,N-spring,1.0,train,0.42270769499691524,False
sample_05776.jpg,SRC_154,0.0,180.0,54.770875,N-summer,0.5,train,0.4969158169423391,False
sample_05777.jpg,SRC_104,25.0,180.0,45.102036,N-summer,0.5,calibration,0.43753778098997503,False
sample_05778.jpg,SRC_140,35.0,180.0,44.85556,N-spring,0.25,validation,0.3716968154417697,False
sample_05779.jpg,SRC_159,20.0,180.0,67.076816,N-autumn,0.25,train,0.38546064324640417,False
sample_05780.jpg,SRC_134,-30.0,180.0,69.607895,N-spring,0.5,train,0.49024620038375677,False
sample_05781.jpg,SRC_148,-15.0,180.0,49.227137,N-autumn,0.25,train,0.43040853597272255,False
sample_05782.jpg,SRC_020,35.0,180.0,42.075965,N-summer,0.25,train,0.38977898934838906,False
sample_05783.jpg,SRC_072,15.0,180.0,46.966801,N-winter,0.25,train,0.409938284532125,False
sample_05784.jpg,SRC_004,30.0,180.0,61.107468,N-autumn,0.5,train,0.39272483822809406,False
sample_05785.jpg,SRC_076,25.0,180.0,63.632584,N-autumn,0.25,validation,0.3868372971060386,False
sample_05786.jpg,SRC_055,-5.0,180.0,57.335076,N-spring,0.25,train,0.4265506931126065,False
sample_05787.jpg,SRC_024,10.0,180.0,53.725813,N-summer,0.25,calibration,0.5203378507431018,False
sample_05788.jpg,SRC_099,15.0,180.0,42.024472,N-spring,0.5,train,0.48053659697327805,False
sample_05789.jpg,SRC_084,-10.0,180.0,58.957849,N-summer,0.25,train,0.5076888203127271,False
sample_05790.jpg,SRC_082,-10.0,180.0,60.444036,N-spring,0.25,train,0.3727188078421624,False
sample_05791.jpg,SRC_086,15.0,180.0,43.648742,N-summer,0.5,train,0.3720665042625411,False
sample_05792.jpg,SRC_092,5.0,180.0,57.429528,N-autumn,0.25,validation,0.4620043341371109,False
sample_05793.jpg,SRC_157,40.0,180.0,44.22455,N-summer,0.25,train,0.38944911014309624,False
sample_05794.jpg,SRC_112,-30.0,180.0,67.516648,N-spring,0.5,train,0.42741076243452075,False
sample_05795.jpg,SRC_030,-25.0,180.0,67.936804,N-spring,0.5,train,0.39131994165152545,False
sample_05796.jpg,SRC_103,-35.0,180.0,57.090396,N-autumn,0.25,train,0.3927057463695142,False
sample_05797.jpg,SRC_051,20.0,180.0,63.609319,N-autumn,0.5,train,0.3881701806204244,False
sample_05798.jpg,SRC_150,10.0,180.0,50.798821,N-summer,0.5,train,0.40652410777452597,False
sample_05799.jpg,SRC_009,-25.0,180.0,73.827745,N-spring,0.5,train,0.390625257048635,False
sample_05800.jpg,SRC_023,-10.0,180.0,50.837437,N-spring,0.25,train,0.36428641506213044,False
sample_05801.jpg,SRC_165,10.0,180.0,42.451267,N-winter,0.25,calibration,0.3849863623223899,False
sample_05802.jpg,SRC_030,-25.0,180.0,67.936804,N-spring,0.5,train,0.419712020730604,False
sample_05803.jpg,SRC_015,20.0,180.0,46.484204,N-summer,0.25,train,0.3851641019647071,False
sample_05804.jpg,SRC_158,-5.0,180.0,35.954137,N-winter,0.25,train,0.392398708678074,False
sample_05805.jpg,SRC_001,-5.0,180.0,51.987197,N-spring,0.5,calibration,0.5146146856159425,False
sample_05806.jpg,SRC_159,20.0,180.0,67.076816,N-autumn,0.25,train,0.38467286875278384,False
sample_05807.jpg,SRC_150,10.0,180.0,50.798821,N-summer,0.5,train,0.386550067972219,False
sample_05808.jpg,SRC_027,35.0,180.0,41.369436,N-spring,0.5,calibration,0.4076161978920866,False
sample_05809.jpg,SRC_114,-10.0,180.0,58.176498,N-autumn,0.5,calibration,0.40332741639518127,False
sample_05810.jpg,SRC_013,50.0,180.0,54.051464,N-spring,0.5,train,0.3747418831774755,False
sample_05811.jpg,SRC_096,25.0,180.0,40.422288,N-spring,0.25,calibration,0.3944686435538546,False
sample_05812.jpg,SRC_099,15.0,180.0,42.024472,N-spring,0.5,train,0.3912965455691779,False
sample_05813.jpg,SRC_012,-90.0,0.0,85.677016,N-autumn,0.5,train,0.3814215817140615,False
sample_05814.jpg,SRC_090,50.0,180.0,47.196626,N-summer,0.25,train,0.484891252290787,False
sample_05815.jpg,SRC_024,10.0,180.0,53.725813,N-summer,0.25,calibration,0.3838923873759984,False
sample_05816.jpg,SRC_124,0.0,180.0,51.928413,N-summer,0.25,train,0.40181900968134565,False
sample_05817.jpg,SRC_159,20.0,180.0,67.076816,N-autumn,0.25,train,0.3901294869356421,False
sample_05818.jpg,SRC_109,50.0,180.0,54.137665,N-summer,0.25,validation,0.38079437533572796,False
sample_05819.jpg,SRC_094,20.0,180.0,66.934532,N-autumn,0.25,train,0.3994658019959119,False
sample_05820.jpg,SRC_099,15.0,180.0,42.024472,N-spring,0.5,train,0.4488188556686229,False
sample_05821.jpg,SRC_067,-15.0,180.0,64.724247,N-spring,0.5,calibration,0.5101439511595662,False
sample_05822.jpg,SRC_073,45.0,180.0,41.537171,N-spring,0.25,train,0.3875387479215263,False
sample_05823.jpg,SRC_004,30.0,180.0,61.107468,N-autumn,0.5,train,0.39112681442171493,False
sample_05824.jpg,SRC_012,-90.0,0.0,85.677016,N-autumn,0.5,train,0.5373103036274414,False
sample_05825.jpg,SRC_029,-5.0,180.0,45.485648,N-autumn,0.25,train,0.40096161868581737,False
sample_05826.jpg,SRC_091,-40.0,180.0,72.511342,N-summer,0.5,train,0.5121145321702031,False
sample_05827.jpg,SRC_134,-30.0,180.0,69.607895,N-spring,0.5,train,0.40908307766227336,False
sample_05828.jpg,SRC_006,-15.0,180.0,65.638079,N-spring,0.5,train,0.4353316468187861,False
sample_05829.jpg,SRC_066,-10.0,180.0,61.81065,N-summer,0.5,validation,0.38338766387378387,False
sample_05830.jpg,SRC_129,20.0,180.0,41.057252,N-spring,0.25,train,0.4484684870750698,False
sample_05831.jpg,SRC_106,25.0,180.0,40.638999,N-spring,0.5,validation,0.5184904779242607,False
sample_05832.jpg,SRC_066,-10.0,180.0,61.81065,N-summer,0.5,validation,0.4254293901762627,False
sample_05833.jpg,SRC_153,-40.0,180.0,43.960452,N-autumn,0.25,train,0.3846781908379249,False
sample_05834.jpg,SRC_006,-15.0,180.0,65.638079,N-spring,0.5,train,0.3907703256355506,False
sample_05835.jpg,SRC_084,-10.0,180.0,58.957849,N-summer,0.25,train,0.37757573388041027,False
sample_05836.jpg,SRC_040,90.0,0.0,57.651744,N-spring,0.5,validation,0.41580209707879706,False
sample_05837.jpg,SRC_165,10.0,180.0,42.451267,N-winter,0.25,calibration,0.4331423506967835,False
sample_05838.jpg,SRC_104,25.0,180.0,45.102036,N-summer,0.5,calibration,0.49395174423256394,False
sample_05839.jpg,SRC_004,30.0,180.0,61.107468,N-autumn,0.5,train,0.3782083141997793,False
sample_05840.jpg,SRC_158,-5.0,180.0,35.954137,N-winter,0.25,train,0.3827860294160791,False
sample_05841.jpg,SRC_113,-35.0,180.0,36.668707,N-winter,0.25,train,0.40388815222522156,False
sample_05842.jpg,SRC_007,20.0,180.0,49.485932,N-winter,0.25,validation,0.4930146469128263,False
sample_05843.jpg,SRC_008,25.0,180.0,61.005891,N-autumn,0.25,train,0.48732435373742433,False
sample_05844.jpg,SRC_059,15.0,180.0,48.046698,N-summer,0.25,train,0.4824199745484714,False
sample_05845.jpg,SRC_103,-35.0,180.0,57.090396,N-autumn,0.25,train,0.395116910510045,False
sample_05846.jpg,SRC_069,25.0,180.0,48.120522,N-summer,0.5,train,0.45711746511961654,False
sample_05847.jpg,SRC_070,60.0,180.0,58.788969,N-summer,0.5,validation,0.49097791268348506,False
sample_05848.jpg,SRC_142,-30.0,180.0,34.276784,N-winter,0.25,train,0.47847442228503273,False
sample_05849.jpg,SRC_008,25.0,180.0,61.005891,N-autumn,0.25,train,0.4900904568600722,False
sample_05850.jpg,SRC_063,25.0,180.0,41.329237,N-spring,0.25,train,0.4918614142242365,False
sample_05851.jpg,SRC_066,-10.0,180.0,61.81065,N-summer,0.5,validation,0.38442811456626497,False
sample_05852.jpg,SRC_009,-25.0,180.0,73.827745,N-spring,0.5,train,0.3854714266924968,False
sample_05853.jpg,SRC_112,-30.0,180.0,67.516648,N-spring,0.5,train,0.5144275569212208,False
sample_05854.jpg,SRC_114,-10.0,180.0,58.176498,N-autumn,0.5,calibration,0.3788196615670976,False
sample_05855.jpg,SRC_156,10.0,180.0,48.737382,N-summer,0.25,train,0.37936632257455594,False
sample_05856.jpg,SRC_074,0.0,180.0,50.25459,N-spring,0.5,train,0.47013941907530243,False
sample_05857.jpg,SRC_051,20.0,180.0,63.609319,N-autumn,0.5,train,0.5069362500261867,False
sample_05858.jpg,SRC_041,15.0,180.0,46.712049,N-summer,0.25,calibration,0.3769761456992081,False
sample_05859.jpg,SRC_151,-15.0,180.0,63.408071,N-summer,0.5,train,0.5026237626167344,False
sample_05860.jpg,SRC_076,25.0,180.0,63.632584,N-autumn,0.25,validation,0.3838750085312289,False
sample_05861.jpg,SRC_093,-25.0,180.0,43.343655,N-autumn,0.5,calibration,0.3742714420852595,False
sample_05862.jpg,SRC_121,25.0,180.0,67.446292,N-autumn,0.5,validation,0.3854886924050016,False
sample_05863.jpg,SRC_069,25.0,180.0,48.120522,N-summer,0.5,train,0.47401000871002186,False
sample_05864.jpg,SRC_115,25.0,180.0,41.8845,N-spring,0.25,train,0.4177501677047027,False
sample_05865.jpg,SRC_037,15.0,180.0,44.468297,N-spring,0.25,calibration,0.5046937457975033,False
sample_05866.jpg,SRC_121,25.0,180.0,67.446292,N-autumn,0.5,validation,0.3832175189560364,False
sample_05867.jpg,SRC_165,10.0,180.0,42.451267,N-winter,0.25,calibration,0.4991195391619101,False
sample_05868.jpg,SRC_027,35.0,180.0,41.369436,N-spring,0.5,calibration,0.37074554698333817,False
sample_05869.jpg,SRC_037,15.0,180.0,44.468297,N-spring,0.25,calibration,0.37491243121723833,False
sample_05870.jpg,SRC_051,20.0,180.0,63.609319,N-autumn,0.5,train,0.4861085907862683,False
sample_05871.jpg,SRC_049,5.0,180.0,42.94902,N-spring,0.25,train,0.4818366278545757,False
sample_05872.jpg,SRC_156,10.0,180.0,48.737382,N-summer,0.25,train,0.3804159912960383,False
sample_05873.jpg,SRC_144,-35.0,180.0,76.731052,N-spring,0.5,train,0.41902221942361384,False
sample_05874.jpg,SRC_171,-35.0,180.0,63.65778,N-spring,0.25,calibration,0.5140096866441171,False
sample_05875.jpg,SRC_042,10.0,180.0,36.92431,N-spring,0.5,train,0.4783681584822263,False
sample_05876.jpg,SRC_071,20.0,180.0,40.070501,N-spring,0.25,train,0.44002154705613145,False
sample_05877.jpg,SRC_127,-35.0,180.0,47.507974,N-autumn,0.5,train,0.37603777396551274,False
sample_05878.jpg,SRC_062,45.0,180.0,81.508965,N-autumn,0.5,train,0.48714574477730455,False
sample_05879.jpg,SRC_166,90.0,0.0,60.094207,N-spring,0.5,train,0.48279758090439706,False
sample_05880.jpg,SRC_074,0.0,180.0,50.25459,N-spring,0.5,train,0.42708442366953403,False
sample_05881.jpg,SRC_112,-30.0,180.0,67.516648,N-spring,0.5,train,0.47564763761855977,False
sample_05882.jpg,SRC_004,30.0,180.0,61.107468,N-autumn,0.5,train,0.48255485190521796,False
sample_05883.jpg,SRC_030,-25.0,180.0,67.936804,N-spring,0.5,train,0.3804136896534317,False
sample_05884.jpg,SRC_114,-10.0,180.0,58.176498,N-autumn,0.5,calibration,0.37500146906720444,False
sample_05885.jpg,SRC_006,-15.0,180.0,65.638079,N-spring,0.5,train,0.4059909319840268,False
sample_05886.jpg,SRC_091,-40.0,180.0,72.511342,N-summer,0.5,train,0.4403408004670144,False
sample_05887.jpg,SRC_086,15.0,180.0,43.648742,N-summer,0.5,train,0.4779276748789011,False
sample_05888.jpg,SRC_080,-25.0,180.0,69.726065,N-summer,0.25,calibration,0.4103694551326951,False
sample_05889.jpg,SRC_076,25.0,180.0,63.632584,N-autumn,0.25,validation,0.3912101133328629,False
sample_05890.jpg,SRC_148,-15.0,180.0,49.227137,N-autumn,0.25,train,0.40120803192986954,False
sample_05891.jpg,SRC_021,-90.0,0.0,68.040851,N-autumn,0.5,calibration,0.390921797880949,False
sample_05892.jpg,SRC_095,-20.0,180.0,56.495654,N-spring,0.5,train,0.4306562318588737,False
sample_05893.jpg,SRC_076,25.0,180.0,63.632584,N-autumn,0.25,validation,0.5024014511520944,False
sample_05894.jpg,SRC_004,30.0,180.0,61.107468,N-autumn,0.5,train,0.39150628609705335,False
sample_05895.jpg,SRC_139,40.0,180.0,53.533251,N-winter,0.25,train,0.3975490554043607,False
sample_05896.jpg,SRC_154,0.0,180.0,54.770875,N-summer,0.5,train,0.4799755144883792,False
sample_05897.jpg,SRC_150,10.0,180.0,50.798821,N-summer,0.5,train,0.4350025600241897,False
sample_05898.jpg,SRC_061,50.0,180.0,43.110277,N-spring,0.5,train,0.4012356034110887,False
sample_05899.jpg,SRC_076,25.0,180.0,63.632584,N-autumn,0.25,validation,0.3881324775024387,False
sample_05900.jpg,SRC_066,-10.0,180.0,61.81065,N-summer,0.5,validation,0.4683101902441461,False
sample_05901.jpg,SRC_150,10.0,180.0,50.798821,N-summer,0.5,train,0.39914860662365825,False
sample_05902.jpg,SRC_142,-30.0,180.0,34.276784,N-winter,0.25,train,0.4158636246804711,False
sample_05903.jpg,SRC_047,0.0,180.0,48.028677,N-spring,0.5,train,0.4454298986022575,False
sample_05904.jpg,SRC_051,20.0,180.0,63.609319,N-autumn,0.5,train,0.4884581778298136,False
sample_05905.jpg,SRC_133,-10.0,180.0,48.887369,N-spring,0.5,calibration,0.49677934967875437,False
sample_05906.jpg,SRC_134,-30.0,180.0,69.607895,N-spring,0.5,train,0.36221772385886675,False
sample_05907.jpg,SRC_115,25.0,180.0,41.8845,N-spring,0.25,train,0.418260843887576,False
sample_05908.jpg,SRC_126,-20.0,180.0,68.779144,N-summer,0.5,train,0.40330362805761977,False
sample_05909.jpg,SRC_004,30.0,180.0,61.107468,N-autumn,0.5,train,0.3971564684951378,False
sample_05910.jpg,SRC_043,10.0,180.0,50.433279,N-summer,0.5,calibration,0.4141306261104871,False
sample_05911.jpg,SRC_151,-15.0,180.0,63.408071,N-summer,0.5,train,0.3742341923034056,False
sample_05912.jpg,SRC_021,-90.0,0.0,68.040851,N-autumn,0.5,calibration,0.40091623588444314,False
sample_05913.jpg,SRC_063,25.0,180.0,41.329237,N-spring,0.25,train,0.38050735219308357,False
sample_05914.jpg,SRC_134,-30.0,180.0,69.607895,N-spring,0.5,train,0.4026549304614827,False
sample_05915.jpg,SRC_013,50.0,180.0,54.051464,N-spring,0.5,train,0.38712815788100097,False
sample_05916.jpg,SRC_158,-5.0,180.0,35.954137,N-winter,0.25,train,0.3956626390570876,False
sample_05917.jpg,SRC_099,15.0,180.0,42.024472,N-spring,0.5,train,0.3858937536585679,False
sample_05918.jpg,SRC_061,50.0,180.0,43.110277,N-spring,0.5,train,0.39933629595028136,False
sample_05919.jpg,SRC_169,40.0,180.0,48.615664,N-summer,0.25,validation,0.3811817661978376,False
sample_05920.jpg,SRC_103,-35.0,180.0,57.090396,N-autumn,0.25,train,0.4511075716710701,False
sample_05921.jpg,SRC_061,50.0,180.0,43.110277,N-spring,0.5,train,0.42106124011783186,False
sample_05922.jpg,SRC_055,-5.0,180.0,57.335076,N-spring,0.25,train,0.5027557152148154,False
sample_05923.jpg,SRC_121,25.0,180.0,67.446292,N-autumn,0.5,validation,0.38227080428013516,False
sample_05924.jpg,SRC_165,10.0,180.0,42.451267,N-winter,0.25,calibration,0.5185265110588373,False
sample_05925.jpg,SRC_058,30.0,180.0,69.060883,N-autumn,0.5,train,0.3919177453870828,False
sample_05926.jpg,SRC_108,-40.0,180.0,68.856247,N-summer,0.5,validation,0.4212626155789937,False
sample_05927.jpg,SRC_142,-30.0,180.0,34.276784,N-winter,0.25,train,0.42654235336170065,False
sample_05928.jpg,SRC_030,-25.0,180.0,67.936804,N-spring,0.5,train,0.3798840207342753,False
sample_05929.jpg,SRC_095,-20.0,180.0,56.495654,N-spring,0.5,train,0.4928384827246478,False
sample_05930.jpg,SRC_014,-40.0,180.0,38.480327,N-winter,0.25,calibration,0.3794938418609067,False
sample_05931.jpg,SRC_094,20.0,180.0,66.934532,N-autumn,0.25,train,0.4725229581720187,False
sample_05932.jpg,SRC_052,5.0,180.0,51.705435,N-summer,0.25,train,0.43876880729734,False
sample_05933.jpg,SRC_024,10.0,180.0,53.725813,N-summer,0.25,calibration,0.4060703944568501,False
sample_05934.jpg,SRC_040,90.0,0.0,57.651744,N-spring,0.5,validation,0.40503135640040633,False
sample_05935.jpg,SRC_094,20.0,180.0,66.934532,N-autumn,0.25,train,0.3917799339176562,False
sample_05936.jpg,SRC_159,20.0,180.0,67.076816,N-autumn,0.25,train,0.5171173886673716,False
sample_05937.jpg,SRC_030,-25.0,180.0,67.936804,N-spring,0.5,train,0.38676288180218743,False
sample_05938.jpg,SRC_126,-20.0,180.0,68.779144,N-summer,0.5,train,0.3900541180017655,False
sample_05939.jpg,SRC_050,0.0,180.0,53.680047,N-summer,0.25,calibration,0.4527871782125404,False
sample_05940.jpg,SRC_011,-20.0,180.0,70.371153,N-summer,0.25,train,0.4111796100558861,False
sample_05941.jpg,SRC_094,20.0,180.0,66.934532,N-autumn,0.25,train,0.4148073405745463,False
sample_05942.jpg,SRC_011,-20.0,180.0,70.371153,N-summer,0.25,train,0.3939959158723004,False
sample_05943.jpg,SRC_104,25.0,180.0,45.102036,N-summer,0.5,calibration,0.43870816418115394,False
sample_05944.jpg,SRC_063,25.0,180.0,41.329237,N-spring,0.25,train,0.36604634809878095,False
sample_05945.jpg,SRC_052,5.0,180.0,51.705435,N-summer,0.25,train,0.3900851969234249,False
sample_05946.jpg,SRC_140,35.0,180.0,44.85556,N-spring,0.25,validation,0.39407635175934336,False
sample_05947.jpg,SRC_009,-25.0,180.0,73.827745,N-spring,0.5,train,0.47938620454883596,False
sample_05948.jpg,SRC_150,10.0,180.0,50.798821,N-summer,0.5,train,0.43272125190264993,False
sample_05949.jpg,SRC_142,-30.0,180.0,34.276784,N-winter,0.25,train,0.5036067111928534,False
sample_05950.jpg,SRC_150,10.0,180.0,50.798821,N-summer,0.5,train,0.41449053684203524,False
sample_05951.jpg,SRC_092,5.0,180.0,57.429528,N-autumn,0.25,validation,0.3912981423020695,False
sample_05952.jpg,SRC_035,0.0,180.0,56.990187,N-autumn,0.25,train,0.4968272363017635,False
sample_05953.jpg,SRC_106,25.0,180.0,40.638999,N-spring,0.5,validation,0.42989400015855467,False
sample_05954.jpg,SRC_021,-90.0,0.0,68.040851,N-autumn,0.5,calibration,0.37694052781262677,False
sample_05955.jpg,SRC_094,20.0,180.0,66.934532,N-autumn,0.25,train,0.38927668913366814,False
sample_05956.jpg,SRC_159,20.0,180.0,67.076816,N-autumn,0.25,train,0.5159584171793934,False
sample_05957.jpg,SRC_103,-35.0,180.0,57.090396,N-autumn,0.25,train,0.38759553436190386,False
sample_05958.jpg,SRC_056,-40.0,180.0,74.660587,N-summer,0.5,train,0.3781469438675934,False
sample_05959.jpg,SRC_156,10.0,180.0,48.737382,N-summer,0.25,train,0.38138440894890047,False
sample_05960.jpg,SRC_004,30.0,180.0,61.107468,N-autumn,0.5,train,0.37902458451110255,False
sample_05961.jpg,SRC_082,-10.0,180.0,60.444036,N-spring,0.25,train,0.38243853266994166,False
sample_05962.jpg,SRC_004,30.0,180.0,61.107468,N-autumn,0.5,train,0.38110144802983026,False
sample_05963.jpg,SRC_029,-5.0,180.0,45.485648,N-autumn,0.25,train,0.3897599367646114,False
sample_05964.jpg,SRC_045,-90.0,0.0,70.559818,N-autumn,0.25,train,0.4692200441263023,False
sample_05965.jpg,SRC_017,-90.0,0.0,64.6979,N-winter,0.25,train,0.390814506512674,False
sample_05966.jpg,SRC_095,-20.0,180.0,56.495654,N-spring,0.5,train,0.49860131053585216,False
sample_05967.jpg,SRC_040,90.0,0.0,57.651744,N-spring,0.5,validation,0.3887462124574717,False
sample_05968.jpg,SRC_027,35.0,180.0,41.369436,N-spring,0.5,calibration,0.37662420146083875,False
sample_05969.jpg,SRC_158,-5.0,180.0,35.954137,N-winter,0.25,train,0.4823351106481951,False
sample_05970.jpg,SRC_014,-40.0,180.0,38.480327,N-winter,0.25,calibration,0.3819383471913612,False
sample_05971.jpg,SRC_036,5.0,180.0,52.749586,N-summer,0.25,train,0.5328195166003417,False
sample_05972.jpg,SRC_022,20.0,180.0,41.513642,N-spring,0.25,train,0.4913311166332474,False
sample_05973.jpg,SRC_007,20.0,180.0,49.485932,N-winter,0.25,validation,0.39672589555195237,False
sample_05974.jpg,SRC_058,30.0,180.0,69.060883,N-autumn,0.5,train,0.3770048527854711,False
sample_05975.jpg,SRC_127,-35.0,180.0,47.507974,N-autumn,0.5,train,0.4854768808698947,False
sample_05976.jpg,SRC_127,-35.0,180.0,47.507974,N-autumn,0.5,train,0.38147553869296097,False
sample_05977.jpg,SRC_043,10.0,180.0,50.433279,N-summer,0.5,calibration,0.3918412645406325,False
sample_05978.jpg,SRC_142,-30.0,180.0,34.276784,N-winter,0.25,train,0.39718634219656856,False
sample_05979.jpg,SRC_097,0.0,180.0,35.318175,N-winter,0.25,train,0.42403980059502955,False
sample_05980.jpg,SRC_084,-10.0,180.0,58.957849,N-summer,0.25,train,0.4116313793566042,False
sample_05981.jpg,SRC_111,-35.0,180.0,79.069883,N-spring,1.0,train,0.4300242334035877,False
sample_05982.jpg,SRC_093,-25.0,180.0,43.343655,N-autumn,0.5,calibration,0.3985496710805375,False
sample_05983.jpg,SRC_074,0.0,180.0,50.25459,N-spring,0.5,train,0.39998575870220104,False
sample_05984.jpg,SRC_044,-90.0,0.0,81.862162,N-autumn,0.5,train,0.4901484470146765,False
sample_05985.jpg,SRC_063,25.0,180.0,41.329237,N-spring,0.25,train,0.41996983383327463,False
sample_05986.jpg,SRC_017,-90.0,0.0,64.6979,N-winter,0.25,train,0.41032976496091056,False
sample_05987.jpg,SRC_148,-15.0,180.0,49.227137,N-autumn,0.25,train,0.40542214841685464,False
sample_05988.jpg,SRC_121,25.0,180.0,67.446292,N-autumn,0.5,validation,0.39715755671099434,False
sample_05989.jpg,SRC_109,50.0,180.0,54.137665,N-summer,0.25,validation,0.3851875662761352,False
sample_05990.jpg,SRC_063,25.0,180.0,41.329237,N-spring,0.25,train,0.37173015172597923,False
sample_05991.jpg,SRC_027,35.0,180.0,41.369436,N-spring,0.5,calibration,0.4863516782808894,False
sample_05992.jpg,SRC_078,15.0,180.0,40.437008,N-spring,0.25,train,0.38769411288425587,False
sample_05993.jpg,SRC_050,0.0,180.0,53.680047,N-summer,0.25,calibration,0.4859705992486364,False
sample_05994.jpg,SRC_072,15.0,180.0,46.966801,N-winter,0.25,train,0.5180263222635823,False
sample_05995.jpg,SRC_169,40.0,180.0,48.615664,N-summer,0.25,validation,0.3833445214056745,False
sample_05996.jpg,SRC_168,90.0,0.0,64.709631,N-summer,0.25,train,0.4837034716603646,False
sample_05997.jpg,SRC_047,0.0,180.0,48.028677,N-spring,0.5,train,0.46942903244276,False
sample_05998.jpg,SRC_163,0.0,180.0,39.987447,N-winter,0.25,train,0.4198090431734003,False
sample_05999.jpg,SRC_011,-20.0,180.0,70.371153,N-summer,0.25,train,0.38760089275429105,False
sample_06000.jpg,SRC_095,-20.0,180.0,56.495654,N-spring,0.5,train,0.40378975299266234,False
sample_06001.jpg,SRC_009,-25.0,180.0,73.827745,N-spring,0.5,train,0.3966972767770699,False
sample_06002.jpg,SRC_169,40.0,180.0,48.615664,N-summer,0.25,validation,0.39044064341037776,False
sample_06003.jpg,SRC_158,-5.0,180.0,35.954137,N-winter,0.25,train,0.3904550936705123,False
sample_06004.jpg,SRC_156,10.0,180.0,48.737382,N-summer,0.25,train,0.3832794015226874,False
sample_06005.jpg,SRC_121,25.0,180.0,67.446292,N-autumn,0.5,validation,0.39793214966260865,False
sample_06006.jpg,SRC_154,0.0,180.0,54.770875,N-summer,0.5,train,0.41496053143099826,False
sample_06007.jpg,SRC_099,15.0,180.0,42.024472,N-spring,0.5,train,0.3847366994226717,False
sample_06008.jpg,SRC_092,5.0,180.0,57.429528,N-autumn,0.25,validation,0.38324435344599983,False
sample_06009.jpg,SRC_015,20.0,180.0,46.484204,N-summer,0.25,train,0.38603000569154744,False
sample_06010.jpg,SRC_009,-25.0,180.0,73.827745,N-spring,0.5,train,0.3995653422636648,False
sample_06011.jpg,SRC_111,-35.0,180.0,79.069883,N-spring,1.0,train,0.4193385042304252,False
sample_06012.jpg,SRC_080,-25.0,180.0,69.726065,N-summer,0.25,calibration,0.48535197113811385,False
sample_06013.jpg,SRC_157,40.0,180.0,44.22455,N-summer,0.25,train,0.3791033306060759,False
sample_06014.jpg,SRC_164,20.0,180.0,59.226879,N-autumn,0.25,train,0.42352207045011286,False
sample_06015.jpg,SRC_109,50.0,180.0,54.137665,N-summer,0.25,validation,0.39121946028301713,False
sample_06016.jpg,SRC_151,-15.0,180.0,63.408071,N-summer,0.5,train,0.4928469538148176,False
sample_06017.jpg,SRC_013,50.0,180.0,54.051464,N-spring,0.5,train,0.37984945527393876,False
sample_06018.jpg,SRC_106,25.0,180.0,40.638999,N-spring,0.5,validation,0.5202408897420308,False
sample_06019.jpg,SRC_146,10.0,180.0,58.0428,N-summer,0.5,validation,0.39150086780129206,False
sample_06020.jpg,SRC_064,90.0,0.0,60.573524,N-spring,0.25,train,0.5159297459212661,False
sample_06021.jpg,SRC_151,-15.0,180.0,63.408071,N-summer,0.5,train,0.4164366754653446,False
sample_06022.jpg,SRC_102,-10.0,180.0,52.255853,N-spring,0.25,train,0.4787467667390047,False
sample_06023.jpg,SRC_089,10.0,180.0,48.442522,N-winter,0.25,validation,0.39763533933472645,False
sample_06024.jpg,SRC_055,-5.0,180.0,57.335076,N-spring,0.25,train,0.5062055301882927,False
sample_06025.jpg,SRC_013,50.0,180.0,54.051464,N-spring,0.5,train,0.39209538634207786,False
sample_06026.jpg,SRC_067,-15.0,180.0,64.724247,N-spring,0.5,calibration,0.4489832467475364,False
sample_06027.jpg,SRC_046,0.0,180.0,58.061031,N-autumn,0.25,validation,0.3910909398548451,False
sample_06028.jpg,SRC_058,30.0,180.0,69.060883,N-autumn,0.5,train,0.4579528380902943,False
sample_06029.jpg,SRC_030,-25.0,180.0,67.936804,N-spring,0.5,train,0.3764506102213291,False
sample_06030.jpg,SRC_144,-35.0,180.0,76.731052,N-spring,0.5,train,0.4336712430902622,False
sample_06031.jpg,SRC_038,-15.0,180.0,32.097448,N-winter,0.25,validation,0.45544344640526757,False
sample_06032.jpg,SRC_004,30.0,180.0,61.107468,N-autumn,0.5,train,0.38574181152866877,False
sample_06033.jpg,SRC_088,0.0,180.0,53.004483,N-summer,0.25,train,0.4070951018950505,False
sample_06034.jpg,SRC_037,15.0,180.0,44.468297,N-spring,0.25,calibration,0.46806252263883436,False
sample_06035.jpg,SRC_009,-25.0,180.0,73.827745,N-spring,0.5,train,0.493861159699024,False
sample_06036.jpg,SRC_046,0.0,180.0,58.061031,N-autumn,0.25,validation,0.4795207722818417,False
sample_06037.jpg,SRC_095,-20.0,180.0,56.495654,N-spring,0.5,train,0.3799067263100736,False
sample_06038.jpg,SRC_072,15.0,180.0,46.966801,N-winter,0.25,train,0.40841686495738,False
sample_06039.jpg,SRC_013,50.0,180.0,54.051464,N-spring,0.5,train,0.4372063257543159,False
sample_06040.jpg,SRC_116,5.0,180.0,41.203028,N-spring,0.25,calibration,0.42684244481884,False
sample_06041.jpg,SRC_042,10.0,180.0,36.92431,N-spring,0.5,train,0.49639089382025503,False
sample_06042.jpg,SRC_074,0.0,180.0,50.25459,N-spring,0.5,train,0.3814797436067735,False
sample_06043.jpg,SRC_096,25.0,180.0,40.422288,N-spring,0.25,calibration,0.381760518478109,False
sample_06044.jpg,SRC_108,-40.0,180.0,68.856247,N-summer,0.5,validation,0.4519221652241092,False
sample_06045.jpg,SRC_057,-5.0,180.0,57.599617,N-summer,0.25,train,0.3827228514379327,False
sample_06046.jpg,SRC_144,-35.0,180.0,76.731052,N-spring,0.5,train,0.4163480427027692,False
sample_06047.jpg,SRC_102,-10.0,180.0,52.255853,N-spring,0.25,train,0.5072928852838064,False
sample_06048.jpg,SRC_013,50.0,180.0,54.051464,N-spring,0.5,train,0.47602376964291776,False
sample_06049.jpg,SRC_113,-35.0,180.0,36.668707,N-winter,0.25,train,0.4399552245610591,False
sample_06050.jpg,SRC_168,90.0,0.0,64.709631,N-summer,0.25,train,0.46547441545604806,False
sample_06051.jpg,SRC_066,-10.0,180.0,61.81065,N-summer,0.5,validation,0.40312467014388975,False
sample_06052.jpg,SRC_004,30.0,180.0,61.107468,N-autumn,0.5,train,0.3845311631967891,False
sample_06053.jpg,SRC_062,45.0,180.0,81.508965,N-autumn,0.5,train,0.38200718481166873,False
sample_06054.jpg,SRC_068,0.0,180.0,56.216196,N-summer,0.25,train,0.3911106123565143,False
sample_06055.jpg,SRC_047,0.0,180.0,48.028677,N-spring,0.5,train,0.4480680584416568,False
sample_06056.jpg,SRC_091,-40.0,180.0,72.511342,N-summer,0.5,train,0.3838119476302802,False
sample_06057.jpg,SRC_088,0.0,180.0,53.004483,N-summer,0.25,train,0.41250254379321627,False
sample_06058.jpg,SRC_122,-5.0,180.0,57.310506,N-summer,0.25,train,0.4274375149642459,False
sample_06059.jpg,SRC_091,-40.0,180.0,72.511342,N-summer,0.5,train,0.4909857764367997,False
sample_06060.jpg,SRC_088,0.0,180.0,53.004483,N-summer,0.25,train,0.4126797613754055,False
sample_06061.jpg,SRC_151,-15.0,180.0,63.408071,N-summer,0.5,train,0.5135250775721327,False
sample_06062.jpg,SRC_038,-15.0,180.0,32.097448,N-winter,0.25,validation,0.3856117775003721,False
sample_06063.jpg,SRC_124,0.0,180.0,51.928413,N-summer,0.25,train,0.4720195017383051,False
sample_06064.jpg,SRC_111,-35.0,180.0,79.069883,N-spring,1.0,train,0.48565363393214345,False
sample_06065.jpg,SRC_052,5.0,180.0,51.705435,N-summer,0.25,train,0.44466908823809553,False
sample_06066.jpg,SRC_062,45.0,180.0,81.508965,N-autumn,0.5,train,0.41090529169101975,False
sample_06067.jpg,SRC_125,-5.0,180.0,52.428603,N-spring,0.25,train,0.38592195279714947,False
sample_06068.jpg,SRC_092,5.0,180.0,57.429528,N-autumn,0.25,validation,0.3990273414283214,False
sample_06069.jpg,SRC_092,5.0,180.0,57.429528,N-autumn,0.25,validation,0.4025277935920892,False
sample_06070.jpg,SRC_095,-20.0,180.0,56.495654,N-spring,0.5,train,0.4328046253551608,False
sample_06071.jpg,SRC_126,-20.0,180.0,68.779144,N-summer,0.5,train,0.5067093340823149,False
sample_06072.jpg,SRC_152,30.0,180.0,40.69576,N-spring,0.25,train,0.38381762956647664,False
sample_06073.jpg,SRC_005,0.0,180.0,55.846781,N-summer,0.5,calibration,0.39088083264862356,False
sample_06074.jpg,SRC_008,25.0,180.0,61.005891,N-autumn,0.25,train,0.3937812412927087,False
sample_06075.jpg,SRC_063,25.0,180.0,41.329237,N-spring,0.25,train,0.3895133386309351,False
sample_06076.jpg,SRC_103,-35.0,180.0,57.090396,N-autumn,0.25,train,0.3968276390654357,False
sample_06077.jpg,SRC_013,50.0,180.0,54.051464,N-spring,0.5,train,0.4285738157218453,False
sample_06078.jpg,SRC_103,-35.0,180.0,57.090396,N-autumn,0.25,train,0.48520130435114106,False
sample_06079.jpg,SRC_009,-25.0,180.0,73.827745,N-spring,0.5,train,0.395768521973147,False
sample_06080.jpg,SRC_103,-35.0,180.0,57.090396,N-autumn,0.25,train,0.4177238659023755,False
sample_06081.jpg,SRC_013,50.0,180.0,54.051464,N-spring,0.5,train,0.39583717093192644,False
sample_06082.jpg,SRC_058,30.0,180.0,69.060883,N-autumn,0.5,train,0.5222947354867031,False
sample_06083.jpg,SRC_148,-15.0,180.0,49.227137,N-autumn,0.25,train,0.4227640003541846,False
sample_06084.jpg,SRC_009,-25.0,180.0,73.827745,N-spring,0.5,train,0.3979681174769683,False
sample_06085.jpg,SRC_051,20.0,180.0,63.609319,N-autumn,0.5,train,0.3824958896122193,False
sample_06086.jpg,SRC_146,10.0,180.0,58.0428,N-summer,0.5,validation,0.4824060472613477,False
sample_06087.jpg,SRC_020,35.0,180.0,42.075965,N-summer,0.25,train,0.4898395275964383,False
sample_06088.jpg,SRC_108,-40.0,180.0,68.856247,N-summer,0.5,validation,0.38159135871291583,False
sample_06089.jpg,SRC_015,20.0,180.0,46.484204,N-summer,0.25,train,0.40150422177619777,False
sample_06090.jpg,SRC_141,-10.0,180.0,55.206291,N-spring,0.25,train,0.37981917262492904,False
sample_06091.jpg,SRC_067,-15.0,180.0,64.724247,N-spring,0.5,calibration,0.39494424325321903,False
sample_06092.jpg,SRC_018,-90.0,0.0,67.882485,N-winter,0.25,train,0.37538967693012437,False
sample_06093.jpg,SRC_009,-25.0,180.0,73.827745,N-spring,0.5,train,0.3902404005544695,False
sample_06094.jpg,SRC_112,-30.0,180.0,67.516648,N-spring,0.5,train,0.4191287015027411,False
sample_06095.jpg,SRC_066,-10.0,180.0,61.81065,N-summer,0.5,validation,0.4104754994516256,False
sample_06096.jpg,SRC_036,5.0,180.0,52.749586,N-summer,0.25,train,0.38801715756302624,False
sample_06097.jpg,SRC_087,0.0,180.0,54.65824,N-summer,0.25,train,0.49646574210000277,False
sample_06098.jpg,SRC_151,-15.0,180.0,63.408071,N-summer,0.5,train,0.40326550813134804,False
sample_06099.jpg,SRC_014,-40.0,180.0,38.480327,N-winter,0.25,calibration,0.37776131465343343,False
sample_06100.jpg,SRC_038,-15.0,180.0,32.097448,N-winter,0.25,validation,0.44964569586489744,False
sample_06101.jpg,SRC_074,0.0,180.0,50.25459,N-spring,0.5,train,0.3944633225797166,False
sample_06102.jpg,SRC_080,-25.0,180.0,69.726065,N-summer,0.25,calibration,0.3858756996388892,False
sample_06103.jpg,SRC_158,-5.0,180.0,35.954137,N-winter,0.25,train,0.3769944627767064,False
sample_06104.jpg,SRC_084,-10.0,180.0,58.957849,N-summer,0.25,train,0.40715696051013195,False
sample_06105.jpg,SRC_042,10.0,180.0,36.92431,N-spring,0.5,train,0.38025502834549396,False
sample_06106.jpg,SRC_126,-20.0,180.0,68.779144,N-summer,0.5,train,0.4851030792008852,False
sample_06107.jpg,SRC_143,90.0,0.0,68.916652,N-spring,0.5,validation,0.44143874785110676,False
sample_06108.jpg,SRC_085,0.0,180.0,39.187341,N-spring,0.25,train,0.39755221887552095,False
sample_06109.jpg,SRC_133,-10.0,180.0,48.887369,N-spring,0.5,calibration,0.4088500451009878,False
sample_06110.jpg,SRC_004,30.0,180.0,61.107468,N-autumn,0.5,train,0.38603216454352274,False
sample_06111.jpg,SRC_058,30.0,180.0,69.060883,N-autumn,0.5,train,0.3840566708520506,False
sample_06112.jpg,SRC_112,-30.0,180.0,67.516648,N-spring,0.5,train,0.4085113970997093,False
sample_06113.jpg,SRC_037,15.0,180.0,44.468297,N-spring,0.25,calibration,0.47324190455457193,False
sample_06114.jpg,SRC_111,-35.0,180.0,79.069883,N-spring,1.0,train,0.5173379869194156,False
sample_06115.jpg,SRC_112,-30.0,180.0,67.516648,N-spring,0.5,train,0.3963914108033279,False
sample_06116.jpg,SRC_049,5.0,180.0,42.94902,N-spring,0.25,train,0.45099948442914445,False
sample_06117.jpg,SRC_049,5.0,180.0,42.94902,N-spring,0.25,train,0.4541624291407872,False
sample_06118.jpg,SRC_103,-35.0,180.0,57.090396,N-autumn,0.25,train,0.40644709608001,False
sample_06119.jpg,SRC_144,-35.0,180.0,76.731052,N-spring,0.5,train,0.4912153197858727,False
sample_06120.jpg,SRC_062,45.0,180.0,81.508965,N-autumn,0.5,train,0.42101900148561616,False
sample_06121.jpg,SRC_115,25.0,180.0,41.8845,N-spring,0.25,train,0.4215993302496873,False
sample_06122.jpg,SRC_026,90.0,0.0,57.238404,N-spring,0.25,train,0.4327658315880411,False
sample_06123.jpg,SRC_134,-30.0,180.0,69.607895,N-spring,0.5,train,0.3782335515633218,False
sample_06124.jpg,SRC_100,20.0,180.0,41.506528,N-spring,0.25,train,0.5104348053363821,False
sample_06125.jpg,SRC_101,5.0,180.0,48.479381,N-winter,0.25,validation,0.46471345965431815,False
sample_06126.jpg,SRC_029,-5.0,180.0,45.485648,N-autumn,0.25,train,0.4721070890028477,False
sample_06127.jpg,SRC_076,25.0,180.0,63.632584,N-autumn,0.25,validation,0.39221645391064675,False
sample_06128.jpg,SRC_063,25.0,180.0,41.329237,N-spring,0.25,train,0.36587731409649304,False
sample_06129.jpg,SRC_058,30.0,180.0,69.060883,N-autumn,0.5,train,0.37053522800538075,False
sample_06130.jpg,SRC_127,-35.0,180.0,47.507974,N-autumn,0.5,train,0.3925121191229618,False
sample_06131.jpg,SRC_092,5.0,180.0,57.429528,N-autumn,0.25,validation,0.37785199136056935,False
sample_06132.jpg,SRC_013,50.0,180.0,54.051464,N-spring,0.5,train,0.38493565555262516,False
sample_06133.jpg,SRC_096,25.0,180.0,40.422288,N-spring,0.25,calibration,0.513452805491639,False
sample_06134.jpg,SRC_112,-30.0,180.0,67.516648,N-spring,0.5,train,0.39313841775625996,False
sample_06135.jpg,SRC_112,-30.0,180.0,67.516648,N-spring,0.5,train,0.40140977269017375,False
sample_06136.jpg,SRC_020,35.0,180.0,42.075965,N-summer,0.25,train,0.3861241656765896,False
sample_06137.jpg,SRC_168,90.0,0.0,64.709631,N-summer,0.25,train,0.47507504741473355,False
sample_06138.jpg,SRC_126,-20.0,180.0,68.779144,N-summer,0.5,train,0.38566313731719626,False
sample_06139.jpg,SRC_150,10.0,180.0,50.798821,N-summer,0.5,train,0.4236362133804268,False
sample_06140.jpg,SRC_066,-10.0,180.0,61.81065,N-summer,0.5,validation,0.39616868960414325,False
sample_06141.jpg,SRC_170,-20.0,180.0,56.332579,N-autumn,0.25,train,0.4910667036913405,False
sample_06142.jpg,SRC_137,-5.0,180.0,45.053172,N-spring,0.25,train,0.5275651024677138,False
sample_06143.jpg,SRC_069,25.0,180.0,48.120522,N-summer,0.5,train,0.47539349965400984,False
sample_06144.jpg,SRC_020,35.0,180.0,42.075965,N-summer,0.25,train,0.39071712623502625,False
sample_06145.jpg,SRC_109,50.0,180.0,54.137665,N-summer,0.25,validation,0.39289059176992547,False
sample_06146.jpg,SRC_094,20.0,180.0,66.934532,N-autumn,0.25,train,0.3878036520445214,False
sample_06147.jpg,SRC_121,25.0,180.0,67.446292,N-autumn,0.5,validation,0.3905000233963941,False
sample_06148.jpg,SRC_073,45.0,180.0,41.537171,N-spring,0.25,train,0.4835500045490753,False
sample_06149.jpg,SRC_067,-15.0,180.0,64.724247,N-spring,0.5,calibration,0.5105589612652539,False
sample_06150.jpg,SRC_095,-20.0,180.0,56.495654,N-spring,0.5,train,0.40636987051345785,False
sample_06151.jpg,SRC_082,-10.0,180.0,60.444036,N-spring,0.25,train,0.3894878132685272,False
sample_06152.jpg,SRC_108,-40.0,180.0,68.856247,N-summer,0.5,validation,0.4029128077548315,False
sample_06153.jpg,SRC_030,-25.0,180.0,67.936804,N-spring,0.5,train,0.3944332749352503,False
sample_06154.jpg,SRC_018,-90.0,0.0,67.882485,N-winter,0.25,train,0.3831350611516184,False
sample_06155.jpg,SRC_109,50.0,180.0,54.137665,N-summer,0.25,validation,0.3983438609706963,False
sample_06156.jpg,SRC_171,-35.0,180.0,63.65778,N-spring,0.25,calibration,0.4747653231308937,False
sample_06157.jpg,SRC_014,-40.0,180.0,38.480327,N-winter,0.25,calibration,0.3805702745941873,False
sample_06158.jpg,SRC_098,-45.0,180.0,70.730178,N-summer,0.25,calibration,0.43805433520274517,False
sample_06159.jpg,SRC_142,-30.0,180.0,34.276784,N-winter,0.25,train,0.42885379807175494,False
sample_06160.jpg,SRC_109,50.0,180.0,54.137665,N-summer,0.25,validation,0.5219757850911056,False
sample_06161.jpg,SRC_125,-5.0,180.0,52.428603,N-spring,0.25,train,0.39472415289122215,False
sample_06162.jpg,SRC_124,0.0,180.0,51.928413,N-summer,0.25,train,0.40769696712647346,False
sample_06163.jpg,SRC_086,15.0,180.0,43.648742,N-summer,0.5,train,0.42171656410661046,False
sample_06164.jpg,SRC_097,0.0,180.0,35.318175,N-winter,0.25,train,0.4738757123084115,False
sample_06165.jpg,SRC_004,30.0,180.0,61.107468,N-autumn,0.5,train,0.394307922680696,False
sample_06166.jpg,SRC_066,-10.0,180.0,61.81065,N-summer,0.5,validation,0.4592939232573289,False
sample_06167.jpg,SRC_007,20.0,180.0,49.485932,N-winter,0.25,validation,0.3976809871285617,False
sample_06168.jpg,SRC_051,20.0,180.0,63.609319,N-autumn,0.5,train,0.3913952341429848,False
sample_06169.jpg,SRC_108,-40.0,180.0,68.856247,N-summer,0.5,validation,0.49385657312285636,False
sample_06170.jpg,SRC_089,10.0,180.0,48.442522,N-winter,0.25,validation,0.38915512071171493,False
sample_06171.jpg,SRC_009,-25.0,180.0,73.827745,N-spring,0.5,train,0.4042442842639572,False
sample_06172.jpg,SRC_069,25.0,180.0,48.120522,N-summer,0.5,train,0.4051685679716882,False
sample_06173.jpg,SRC_107,20.0,180.0,65.68027,N-autumn,0.5,train,0.38706362475006884,False
sample_06174.jpg,SRC_067,-15.0,180.0,64.724247,N-spring,0.5,calibration,0.3952377180644127,False
sample_06175.jpg,SRC_030,-25.0,180.0,67.936804,N-spring,0.5,train,0.3852580391126207,False
sample_06176.jpg,SRC_127,-35.0,180.0,47.507974,N-autumn,0.5,train,0.39226369749192375,False
sample_06177.jpg,SRC_121,25.0,180.0,67.446292,N-autumn,0.5,validation,0.38864844220219374,False
sample_06178.jpg,SRC_148,-15.0,180.0,49.227137,N-autumn,0.25,train,0.517049323799567,False
sample_06179.jpg,SRC_169,40.0,180.0,48.615664,N-summer,0.25,validation,0.38487682990848293,False
sample_06180.jpg,SRC_112,-30.0,180.0,67.516648,N-spring,0.5,train,0.41023221250142916,False
sample_06181.jpg,SRC_072,15.0,180.0,46.966801,N-winter,0.25,train,0.49626726728970577,False
sample_06182.jpg,SRC_158,-5.0,180.0,35.954137,N-winter,0.25,train,0.39836915567262937,False
sample_06183.jpg,SRC_051,20.0,180.0,63.609319,N-autumn,0.5,train,0.3884241597917714,False
sample_06184.jpg,SRC_080,-25.0,180.0,69.726065,N-summer,0.25,calibration,0.5172165896756052,False
sample_06185.jpg,SRC_013,50.0,180.0,54.051464,N-spring,0.5,train,0.44774882516893844,False
sample_06186.jpg,SRC_126,-20.0,180.0,68.779144,N-summer,0.5,train,0.41977051370663326,False
sample_06187.jpg,SRC_066,-10.0,180.0,61.81065,N-summer,0.5,validation,0.3897772012785704,False
sample_06188.jpg,SRC_061,50.0,180.0,43.110277,N-spring,0.5,train,0.43211364687826564,False
sample_06189.jpg,SRC_142,-30.0,180.0,34.276784,N-winter,0.25,train,0.48654916397047876,False
sample_06190.jpg,SRC_084,-10.0,180.0,58.957849,N-summer,0.25,train,0.37875792019190085,False
sample_06191.jpg,SRC_140,35.0,180.0,44.85556,N-spring,0.25,validation,0.387358704218128,False
sample_06192.jpg,SRC_131,10.0,180.0,60.540464,N-autumn,0.5,train,0.4050163610469727,False
sample_06193.jpg,SRC_004,30.0,180.0,61.107468,N-autumn,0.5,train,0.380145476657145,False
sample_06194.jpg,SRC_097,0.0,180.0,35.318175,N-winter,0.25,train,0.4193588087698619,False
sample_06195.jpg,SRC_094,20.0,180.0,66.934532,N-autumn,0.25,train,0.44214777306665676,False
sample_06196.jpg,SRC_103,-35.0,180.0,57.090396,N-autumn,0.25,train,0.48180736984479217,False
sample_06197.jpg,SRC_067,-15.0,180.0,64.724247,N-spring,0.5,calibration,0.41921830585945835,False
sample_06198.jpg,SRC_157,40.0,180.0,44.22455,N-summer,0.25,train,0.39668847368681204,False
sample_06199.jpg,SRC_100,20.0,180.0,41.506528,N-spring,0.25,train,0.48944381991978325,False
sample_06200.jpg,SRC_071,20.0,180.0,40.070501,N-spring,0.25,train,0.5034098515815899,False
sample_06201.jpg,SRC_011,-20.0,180.0,70.371153,N-summer,0.25,train,0.4091062638796634,False
sample_06202.jpg,SRC_102,-10.0,180.0,52.255853,N-spring,0.25,train,0.44406161433267216,False
sample_06203.jpg,SRC_114,-10.0,180.0,58.176498,N-autumn,0.5,calibration,0.39028552862177684,False
sample_06204.jpg,SRC_170,-20.0,180.0,56.332579,N-autumn,0.25,train,0.4656688752397353,False
sample_06205.jpg,SRC_054,5.0,180.0,37.41608,N-winter,0.25,calibration,0.40275328214633976,False
sample_06206.jpg,SRC_006,-15.0,180.0,65.638079,N-spring,0.5,train,0.38715307374009633,False
sample_06207.jpg,SRC_127,-35.0,180.0,47.507974,N-autumn,0.5,train,0.5158602330841926,False
sample_06208.jpg,SRC_153,-40.0,180.0,43.960452,N-autumn,0.25,train,0.38069477185276857,False
sample_06209.jpg,SRC_127,-35.0,180.0,47.507974,N-autumn,0.5,train,0.384883324884843,False
sample_06210.jpg,SRC_030,-25.0,180.0,67.936804,N-spring,0.5,train,0.3952820538907692,False
sample_06211.jpg,SRC_146,10.0,180.0,58.0428,N-summer,0.5,validation,0.4331942798081906,False
sample_06212.jpg,SRC_134,-30.0,180.0,69.607895,N-spring,0.5,train,0.4889105911494103,False
sample_06213.jpg,SRC_121,25.0,180.0,67.446292,N-autumn,0.5,validation,0.39789105581986267,False
sample_06214.jpg,SRC_129,20.0,180.0,41.057252,N-spring,0.25,train,0.5038434008293254,False
sample_06215.jpg,SRC_022,20.0,180.0,41.513642,N-spring,0.25,train,0.4544100307180677,False
sample_06216.jpg,SRC_043,10.0,180.0,50.433279,N-summer,0.5,calibration,0.4694010264557801,False
sample_06217.jpg,SRC_052,5.0,180.0,51.705435,N-summer,0.25,train,0.42791908692320774,False
sample_06218.jpg,SRC_020,35.0,180.0,42.075965,N-summer,0.25,train,0.38975560281069066,False
sample_06219.jpg,SRC_061,50.0,180.0,43.110277,N-spring,0.5,train,0.40969478110199364,False
sample_06220.jpg,SRC_166,90.0,0.0,60.094207,N-spring,0.5,train,0.4954800419447786,False
sample_06221.jpg,SRC_009,-25.0,180.0,73.827745,N-spring,0.5,train,0.42702460258139574,False
sample_06222.jpg,SRC_113,-35.0,180.0,36.668707,N-winter,0.25,train,0.38051492097480966,False
sample_06223.jpg,SRC_051,20.0,180.0,63.609319,N-autumn,0.5,train,0.39572002160443487,False
sample_06224.jpg,SRC_009,-25.0,180.0,73.827745,N-spring,0.5,train,0.3979367549773392,False
sample_06225.jpg,SRC_153,-40.0,180.0,43.960452,N-autumn,0.25,train,0.47777947729120873,False
sample_06226.jpg,SRC_084,-10.0,180.0,58.957849,N-summer,0.25,train,0.42542635629126585,False
sample_06227.jpg,SRC_059,15.0,180.0,48.046698,N-summer,0.25,train,0.4659219685064425,False
sample_06228.jpg,SRC_170,-20.0,180.0,56.332579,N-autumn,0.25,train,0.42860651787926435,False
sample_06229.jpg,SRC_037,15.0,180.0,44.468297,N-spring,0.25,calibration,0.3827449452572065,False
sample_06230.jpg,SRC_063,25.0,180.0,41.329237,N-spring,0.25,train,0.5070645719604728,False
sample_06231.jpg,SRC_040,90.0,0.0,57.651744,N-spring,0.5,validation,0.4050214287633619,False
sample_06232.jpg,SRC_059,15.0,180.0,48.046698,N-summer,0.25,train,0.4421492065516558,False
sample_06233.jpg,SRC_130,25.0,180.0,37.507656,N-spring,0.25,validation,0.5012304550655469,False
sample_06234.jpg,SRC_157,40.0,180.0,44.22455,N-summer,0.25,train,0.3793325493950531,False
sample_06235.jpg,SRC_126,-20.0,180.0,68.779144,N-summer,0.5,train,0.3953357581386105,False
sample_06236.jpg,SRC_156,10.0,180.0,48.737382,N-summer,0.25,train,0.37702504518747537,False
sample_06237.jpg,SRC_009,-25.0,180.0,73.827745,N-spring,0.5,train,0.39481966961238224,False
sample_06238.jpg,SRC_103,-35.0,180.0,57.090396,N-autumn,0.25,train,0.4013062098433638,False
sample_06239.jpg,SRC_051,20.0,180.0,63.609319,N-autumn,0.5,train,0.39578608460168896,False
sample_06240.jpg,SRC_112,-30.0,180.0,67.516648,N-spring,0.5,train,0.38758686042702595,False
sample_06241.jpg,SRC_095,-20.0,180.0,56.495654,N-spring,0.5,train,0.40685196178716615,False
sample_06242.jpg,SRC_085,0.0,180.0,39.187341,N-spring,0.25,train,0.41869498113154524,False
sample_06243.jpg,SRC_146,10.0,180.0,58.0428,N-summer,0.5,validation,0.4103419623731991,False
sample_06244.jpg,SRC_104,25.0,180.0,45.102036,N-summer,0.5,calibration,0.5142122443630073,False
sample_06245.jpg,SRC_059,15.0,180.0,48.046698,N-summer,0.25,train,0.49332658550654473,False
sample_06246.jpg,SRC_135,5.0,180.0,41.328761,N-winter,0.5,train,0.411978745820622,False
sample_06247.jpg,SRC_096,25.0,180.0,40.422288,N-spring,0.25,calibration,0.5127685810211782,False
sample_06248.jpg,SRC_011,-20.0,180.0,70.371153,N-summer,0.25,train,0.4638881824624333,False
sample_06249.jpg,SRC_148,-15.0,180.0,49.227137,N-autumn,0.25,train,0.4250681208417104,False
sample_06250.jpg,SRC_031,-90.0,0.0,62.684336,N-winter,0.5,train,0.4900688968153132,False
sample_06251.jpg,SRC_115,25.0,180.0,41.8845,N-spring,0.25,train,0.4252171910057971,False
sample_06252.jpg,SRC_133,-10.0,180.0,48.887369,N-spring,0.5,calibration,0.4257398236025577,False
sample_06253.jpg,SRC_021,-90.0,0.0,68.040851,N-autumn,0.5,calibration,0.4016172500492786,False
sample_06254.jpg,SRC_009,-25.0,180.0,73.827745,N-spring,0.5,train,0.40193166307217554,False
sample_06255.jpg,SRC_054,5.0,180.0,37.41608,N-winter,0.25,calibration,0.4490850661679923,False
sample_06256.jpg,SRC_071,20.0,180.0,40.070501,N-spring,0.25,train,0.40064091114412603,False
sample_06257.jpg,SRC_099,15.0,180.0,42.024472,N-spring,0.5,train,0.3794298005145225,False
sample_06258.jpg,SRC_009,-25.0,180.0,73.827745,N-spring,0.5,train,0.39814016924755113,False
sample_06259.jpg,SRC_059,15.0,180.0,48.046698,N-summer,0.25,train,0.3957429122860766,False
sample_06260.jpg,SRC_040,90.0,0.0,57.651744,N-spring,0.5,validation,0.39411967629867195,False
sample_06261.jpg,SRC_141,-10.0,180.0,55.206291,N-spring,0.25,train,0.3849487694592191,False
sample_06262.jpg,SRC_063,25.0,180.0,41.329237,N-spring,0.25,train,0.36669792799162304,False
sample_06263.jpg,SRC_125,-5.0,180.0,52.428603,N-spring,0.25,train,0.43028032048606135,False
sample_06264.jpg,SRC_103,-35.0,180.0,57.090396,N-autumn,0.25,train,0.3894622494825259,False
sample_06265.jpg,SRC_103,-35.0,180.0,57.090396,N-autumn,0.25,train,0.3969019690121687,False
sample_06266.jpg,SRC_040,90.0,0.0,57.651744,N-spring,0.5,validation,0.4142560418079694,False
sample_06267.jpg,SRC_154,0.0,180.0,54.770875,N-summer,0.5,train,0.5252221721716902,False
sample_06268.jpg,SRC_049,5.0,180.0,42.94902,N-spring,0.25,train,0.5016229066045126,False
sample_06269.jpg,SRC_127,-35.0,180.0,47.507974,N-autumn,0.5,train,0.3995887180065935,False
sample_06270.jpg,SRC_013,50.0,180.0,54.051464,N-spring,0.5,train,0.3958202898069022,False
sample_06271.jpg,SRC_170,-20.0,180.0,56.332579,N-autumn,0.25,train,0.4026220028877889,False
sample_06272.jpg,SRC_040,90.0,0.0,57.651744,N-spring,0.5,validation,0.4914141437443914,False
sample_06273.jpg,SRC_030,-25.0,180.0,67.936804,N-spring,0.5,train,0.39210076602310695,False
sample_06274.jpg,SRC_134,-30.0,180.0,69.607895,N-spring,0.5,train,0.4794115075030768,False
sample_06275.jpg,SRC_169,40.0,180.0,48.615664,N-summer,0.25,validation,0.37452214294700087,False
sample_06276.jpg,SRC_030,-25.0,180.0,67.936804,N-spring,0.5,train,0.3865841222814499,False
sample_06277.jpg,SRC_030,-25.0,180.0,67.936804,N-spring,0.5,train,0.4077207058449229,False
sample_06278.jpg,SRC_121,25.0,180.0,67.446292,N-autumn,0.5,validation,0.3852902313390933,False
sample_06279.jpg,SRC_095,-20.0,180.0,56.495654,N-spring,0.5,train,0.4310543790911117,False
sample_06280.jpg,SRC_090,50.0,180.0,47.196626,N-summer,0.25,train,0.36533457808369885,False
sample_06281.jpg,SRC_047,0.0,180.0,48.028677,N-spring,0.5,train,0.4572372559458122,False
sample_06282.jpg,SRC_159,20.0,180.0,67.076816,N-autumn,0.25,train,0.3836091618666728,False
sample_06283.jpg,SRC_134,-30.0,180.0,69.607895,N-spring,0.5,train,0.47697007462980157,False
sample_06284.jpg,SRC_076,25.0,180.0,63.632584,N-autumn,0.25,validation,0.4023249242706326,False
sample_06285.jpg,SRC_091,-40.0,180.0,72.511342,N-summer,0.5,train,0.38772540451776977,False
sample_06286.jpg,SRC_073,45.0,180.0,41.537171,N-spring,0.25,train,0.39285731595931694,False
sample_06287.jpg,SRC_026,90.0,0.0,57.238404,N-spring,0.25,train,0.42551732768593925,False
sample_06288.jpg,SRC_009,-25.0,180.0,73.827745,N-spring,0.5,train,0.3828205304750358,False
sample_06289.jpg,SRC_172,55.0,180.0,47.744159,N-summer,0.25,train,0.4344721660757182,False
sample_06290.jpg,SRC_075,-90.0,0.0,65.329336,N-winter,0.25,train,0.37686822476363047,False
sample_06291.jpg,SRC_097,0.0,180.0,35.318175,N-winter,0.25,train,0.42428396550271474,False
sample_06292.jpg,SRC_156,10.0,180.0,48.737382,N-summer,0.25,train,0.38211767267494623,False
sample_06293.jpg,SRC_151,-15.0,180.0,63.408071,N-summer,0.5,train,0.5233222179407737,False
sample_06294.jpg,SRC_040,90.0,0.0,57.651744,N-spring,0.5,validation,0.478464650957628,False
sample_06295.jpg,SRC_042,10.0,180.0,36.92431,N-spring,0.5,train,0.5193328516374022,False
sample_06296.jpg,SRC_040,90.0,0.0,57.651744,N-spring,0.5,validation,0.39268394388365685,False
sample_06297.jpg,SRC_112,-30.0,180.0,67.516648,N-spring,0.5,train,0.49869658104719505,False
sample_06298.jpg,SRC_026,90.0,0.0,57.238404,N-spring,0.25,train,0.4715613328277085,False
sample_06299.jpg,SRC_020,35.0,180.0,42.075965,N-summer,0.25,train,0.5166392176304985,False
sample_06300.jpg,SRC_076,25.0,180.0,63.632584,N-autumn,0.25,validation,0.5103717116135874,False
sample_06301.jpg,SRC_037,15.0,180.0,44.468297,N-spring,0.25,calibration,0.3805742789233393,False
sample_06302.jpg,SRC_036,5.0,180.0,52.749586,N-summer,0.25,train,0.3881310251268696,False
sample_06303.jpg,SRC_011,-20.0,180.0,70.371153,N-summer,0.25,train,0.38901517304318395,False
sample_06304.jpg,SRC_049,5.0,180.0,42.94902,N-spring,0.25,train,0.45778715281698296,False
sample_06305.jpg,SRC_170,-20.0,180.0,56.332579,N-autumn,0.25,train,0.39229057573229376,False
sample_06306.jpg,SRC_112,-30.0,180.0,67.516648,N-spring,0.5,train,0.3934303272856918,False
sample_06307.jpg,SRC_030,-25.0,180.0,67.936804,N-spring,0.5,train,0.38860093842439963,False
sample_06308.jpg,SRC_157,40.0,180.0,44.22455,N-summer,0.25,train,0.3867458515180047,False
sample_06309.jpg,SRC_095,-20.0,180.0,56.495654,N-spring,0.5,train,0.39432426248783425,False
sample_06310.jpg,SRC_098,-45.0,180.0,70.730178,N-summer,0.25,calibration,0.4816397903431383,False
sample_06311.jpg,SRC_073,45.0,180.0,41.537171,N-spring,0.25,train,0.3856640861486952,False
sample_06312.jpg,SRC_052,5.0,180.0,51.705435,N-summer,0.25,train,0.42866906325780024,False
sample_06313.jpg,SRC_169,40.0,180.0,48.615664,N-summer,0.25,validation,0.3773108518289109,False
sample_06314.jpg,SRC_051,20.0,180.0,63.609319,N-autumn,0.5,train,0.4630063889347461,False
sample_06315.jpg,SRC_005,0.0,180.0,55.846781,N-summer,0.5,calibration,0.3877484183103745,False
sample_06316.jpg,SRC_126,-20.0,180.0,68.779144,N-summer,0.5,train,0.4898664973454944,False
sample_06317.jpg,SRC_146,10.0,180.0,58.0428,N-summer,0.5,validation,0.43895518888799145,False
sample_06318.jpg,SRC_093,-25.0,180.0,43.343655,N-autumn,0.5,calibration,0.38996705630470047,False
sample_06319.jpg,SRC_100,20.0,180.0,41.506528,N-spring,0.25,train,0.38629368802673325,False
sample_06320.jpg,SRC_106,25.0,180.0,40.638999,N-spring,0.5,validation,0.5091533766658005,False
sample_06321.jpg,SRC_115,25.0,180.0,41.8845,N-spring,0.25,train,0.42792158877779657,False
sample_06322.jpg,SRC_159,20.0,180.0,67.076816,N-autumn,0.25,train,0.37200101199954594,False
sample_06323.jpg,SRC_159,20.0,180.0,67.076816,N-autumn,0.25,train,0.375205982161567,False
sample_06324.jpg,SRC_082,-10.0,180.0,60.444036,N-spring,0.25,train,0.4739067803142182,False
sample_06325.jpg,SRC_091,-40.0,180.0,72.511342,N-summer,0.5,train,0.4189756450083575,False
sample_06326.jpg,SRC_029,-5.0,180.0,45.485648,N-autumn,0.25,train,0.4325040294976925,False
sample_06327.jpg,SRC_111,-35.0,180.0,79.069883,N-spring,1.0,train,0.41610032674416786,False
sample_06328.jpg,SRC_013,50.0,180.0,54.051464,N-spring,0.5,train,0.40136622481781103,False
sample_06329.jpg,SRC_074,0.0,180.0,50.25459,N-spring,0.5,train,0.4746507189161444,False
sample_06330.jpg,SRC_146,10.0,180.0,58.0428,N-summer,0.5,validation,0.5063153883126573,False
sample_06331.jpg,SRC_076,25.0,180.0,63.632584,N-autumn,0.25,validation,0.3948071066806732,False
sample_06332.jpg,SRC_090,50.0,180.0,47.196626,N-summer,0.25,train,0.3635863198496262,False
sample_06333.jpg,SRC_095,-20.0,180.0,56.495654,N-spring,0.5,train,0.48381417167002744,False
sample_06334.jpg,SRC_094,20.0,180.0,66.934532,N-autumn,0.25,train,0.3829751392586995,False
sample_06335.jpg,SRC_052,5.0,180.0,51.705435,N-summer,0.25,train,0.5261365186538841,False
sample_06336.jpg,SRC_099,15.0,180.0,42.024472,N-spring,0.5,train,0.3903406362589762,False
sample_06337.jpg,SRC_104,25.0,180.0,45.102036,N-summer,0.5,calibration,0.4836863021629886,False
sample_06338.jpg,SRC_151,-15.0,180.0,63.408071,N-summer,0.5,train,0.40623661537399497,False
sample_06339.jpg,SRC_056,-40.0,180.0,74.660587,N-summer,0.5,train,0.509105191424524,False
sample_06340.jpg,SRC_016,10.0,180.0,55.552023,N-winter,0.5,train,0.4059312833281334,False
sample_06341.jpg,SRC_139,40.0,180.0,53.533251,N-winter,0.25,train,0.376092172497251,False
sample_06342.jpg,SRC_082,-10.0,180.0,60.444036,N-spring,0.25,train,0.3866604891395863,False
sample_06343.jpg,SRC_114,-10.0,180.0,58.176498,N-autumn,0.5,calibration,0.4820868387975441,False
sample_06344.jpg,SRC_123,0.0,180.0,54.598149,N-autumn,0.5,train,0.4077691701275434,False
sample_06345.jpg,SRC_133,-10.0,180.0,48.887369,N-spring,0.5,calibration,0.40244772349391605,False
sample_06346.jpg,SRC_074,0.0,180.0,50.25459,N-spring,0.5,train,0.3989583768120016,False
sample_06347.jpg,SRC_145,-5.0,180.0,52.15166,N-spring,0.25,train,0.43406767552616266,False
sample_06348.jpg,SRC_081,-90.0,0.0,74.772433,N-autumn,0.25,train,0.5029041390532409,False
sample_06349.jpg,SRC_153,-40.0,180.0,43.960452,N-autumn,0.25,train,0.44456377562580496,False
sample_06350.jpg,SRC_125,-5.0,180.0,52.428603,N-spring,0.25,train,0.38877570930420624,False
sample_06351.jpg,SRC_106,25.0,180.0,40.638999,N-spring,0.5,validation,0.4891480782025913,False
sample_06352.jpg,SRC_026,90.0,0.0,57.238404,N-spring,0.25,train,0.4358205602266061,False
sample_06353.jpg,SRC_005,0.0,180.0,55.846781,N-summer,0.5,calibration,0.3827548876587219,False
sample_06354.jpg,SRC_112,-30.0,180.0,67.516648,N-spring,0.5,train,0.4038977911450162,False
sample_06355.jpg,SRC_005,0.0,180.0,55.846781,N-summer,0.5,calibration,0.5146732174793965,False
sample_06356.jpg,SRC_022,20.0,180.0,41.513642,N-spring,0.25,train,0.39452571747783044,False
sample_06357.jpg,SRC_070,60.0,180.0,58.788969,N-summer,0.5,validation,0.5084544098171289,False
sample_06358.jpg,SRC_108,-40.0,180.0,68.856247,N-summer,0.5,validation,0.3738206199604608,False
sample_06359.jpg,SRC_067,-15.0,180.0,64.724247,N-spring,0.5,calibration,0.51786149593205,False
sample_06360.jpg,SRC_069,25.0,180.0,48.120522,N-summer,0.5,train,0.5168792010215153,False
sample_06361.jpg,SRC_051,20.0,180.0,63.609319,N-autumn,0.5,train,0.5303817716541709,False
sample_06362.jpg,SRC_061,50.0,180.0,43.110277,N-spring,0.5,train,0.41405234404930374,False
sample_06363.jpg,SRC_030,-25.0,180.0,67.936804,N-spring,0.5,train,0.3795639842346936,False
sample_06364.jpg,SRC_121,25.0,180.0,67.446292,N-autumn,0.5,validation,0.3933255673249824,False
sample_06365.jpg,SRC_113,-35.0,180.0,36.668707,N-winter,0.25,train,0.39228928071681307,False
sample_06366.jpg,SRC_126,-20.0,180.0,68.779144,N-summer,0.5,train,0.41777878775913796,False
sample_06367.jpg,SRC_156,10.0,180.0,48.737382,N-summer,0.25,train,0.4770212734436715,False
sample_06368.jpg,SRC_035,0.0,180.0,56.990187,N-autumn,0.25,train,0.48126057014645995,False
sample_06369.jpg,SRC_059,15.0,180.0,48.046698,N-summer,0.25,train,0.4389032235833046,False
sample_06370.jpg,SRC_009,-25.0,180.0,73.827745,N-spring,0.5,train,0.4032067628729246,False
sample_06371.jpg,SRC_107,20.0,180.0,65.68027,N-autumn,0.5,train,0.48854556694750934,False
sample_06372.jpg,SRC_072,15.0,180.0,46.966801,N-winter,0.25,train,0.3958352834672526,False
sample_06373.jpg,SRC_169,40.0,180.0,48.615664,N-summer,0.25,validation,0.42044395842583604,False
sample_06374.jpg,SRC_102,-10.0,180.0,52.255853,N-spring,0.25,train,0.46965914225492433,False
sample_06375.jpg,SRC_145,-5.0,180.0,52.15166,N-spring,0.25,train,0.4547444508936154,False
sample_06376.jpg,SRC_108,-40.0,180.0,68.856247,N-summer,0.5,validation,0.43844918383521003,False
sample_06377.jpg,SRC_006,-15.0,180.0,65.638079,N-spring,0.5,train,0.3800125972997409,False
sample_06378.jpg,SRC_158,-5.0,180.0,35.954137,N-winter,0.25,train,0.3901244722415881,False
sample_06379.jpg,SRC_115,25.0,180.0,41.8845,N-spring,0.25,train,0.4015334700574211,False
sample_06380.jpg,SRC_111,-35.0,180.0,79.069883,N-spring,1.0,train,0.4918258182309473,False
sample_06381.jpg,SRC_021,-90.0,0.0,68.040851,N-autumn,0.5,calibration,0.39930360536952175,False
sample_06382.jpg,SRC_108,-40.0,180.0,68.856247,N-summer,0.5,validation,0.3827995923445671,False
sample_06383.jpg,SRC_099,15.0,180.0,42.024472,N-spring,0.5,train,0.3817423868614344,False
sample_06384.jpg,SRC_047,0.0,180.0,48.028677,N-spring,0.5,train,0.45935710005319363,False
sample_06385.jpg,SRC_004,30.0,180.0,61.107468,N-autumn,0.5,train,0.38041000221370613,False
sample_06386.jpg,SRC_096,25.0,180.0,40.422288,N-spring,0.25,calibration,0.4025196504438133,False
sample_06387.jpg,SRC_148,-15.0,180.0,49.227137,N-autumn,0.25,train,0.41225373078736877,False
sample_06388.jpg,SRC_099,15.0,180.0,42.024472,N-spring,0.5,train,0.4937183003774669,False
sample_06389.jpg,SRC_148,-15.0,180.0,49.227137,N-autumn,0.25,train,0.5041438491560601,False
sample_06390.jpg,SRC_012,-90.0,0.0,85.677016,N-autumn,0.5,train,0.4720669470927599,False
sample_06391.jpg,SRC_133,-10.0,180.0,48.887369,N-spring,0.5,calibration,0.49680280109127795,False
sample_06392.jpg,SRC_009,-25.0,180.0,73.827745,N-spring,0.5,train,0.3920384951305321,False
sample_06393.jpg,SRC_091,-40.0,180.0,72.511342,N-summer,0.5,train,0.4438615538632475,False
sample_06394.jpg,SRC_108,-40.0,180.0,68.856247,N-summer,0.5,validation,0.4265661182753025,False
sample_06395.jpg,SRC_146,10.0,180.0,58.0428,N-summer,0.5,validation,0.3912183885981465,False
sample_06396.jpg,SRC_085,0.0,180.0,39.187341,N-spring,0.25,train,0.4352779082668139,False
sample_06397.jpg,SRC_157,40.0,180.0,44.22455,N-summer,0.25,train,0.4008844819068644,False
sample_06398.jpg,SRC_153,-40.0,180.0,43.960452,N-autumn,0.25,train,0.38012205643990515,False
sample_06399.jpg,SRC_151,-15.0,180.0,63.408071,N-summer,0.5,train,0.4857339080993265,False
sample_06400.jpg,SRC_013,50.0,180.0,54.051464,N-spring,0.5,train,0.38662865809964836,False
sample_06401.jpg,SRC_114,-10.0,180.0,58.176498,N-autumn,0.5,calibration,0.5012906950909997,False
sample_06402.jpg,SRC_100,20.0,180.0,41.506528,N-spring,0.25,train,0.4162902755676551,False
sample_06403.jpg,SRC_009,-25.0,180.0,73.827745,N-spring,0.5,train,0.4002391298687512,False
sample_06404.jpg,SRC_129,20.0,180.0,41.057252,N-spring,0.25,train,0.4498345346251623,False
sample_06405.jpg,SRC_049,5.0,180.0,42.94902,N-spring,0.25,train,0.45267160144779534,False
sample_06406.jpg,SRC_106,25.0,180.0,40.638999,N-spring,0.5,validation,0.41153124032335225,False
sample_06407.jpg,SRC_052,5.0,180.0,51.705435,N-summer,0.25,train,0.40776473471859187,False
sample_06408.jpg,SRC_006,-15.0,180.0,65.638079,N-spring,0.5,train,0.3855625965723754,False
sample_06409.jpg,SRC_027,35.0,180.0,41.369436,N-spring,0.5,calibration,0.38353694302691316,False
sample_06410.jpg,SRC_074,0.0,180.0,50.25459,N-spring,0.5,train,0.5014033315201694,False
sample_06411.jpg,SRC_091,-40.0,180.0,72.511342,N-summer,0.5,train,0.3841988339247059,False
sample_06412.jpg,SRC_111,-35.0,180.0,79.069883,N-spring,1.0,train,0.41603963157960944,False
sample_06413.jpg,SRC_137,-5.0,180.0,45.053172,N-spring,0.25,train,0.3965892583234817,False
sample_06414.jpg,SRC_054,5.0,180.0,37.41608,N-winter,0.25,calibration,0.41142110041296104,False
sample_06415.jpg,SRC_146,10.0,180.0,58.0428,N-summer,0.5,validation,0.39861958057628694,False
sample_06416.jpg,SRC_112,-30.0,180.0,67.516648,N-spring,0.5,train,0.3914875724980676,False
sample_06417.jpg,SRC_171,-35.0,180.0,63.65778,N-spring,0.25,calibration,0.5095670198110379,False
sample_06418.jpg,SRC_050,0.0,180.0,53.680047,N-summer,0.25,calibration,0.412646714331781,False
sample_06419.jpg,SRC_041,15.0,180.0,46.712049,N-summer,0.25,calibration,0.3744475959750827,False
sample_06420.jpg,SRC_139,40.0,180.0,53.533251,N-winter,0.25,train,0.4781664517126488,False
sample_06421.jpg,SRC_055,-5.0,180.0,57.335076,N-spring,0.25,train,0.4178456721308785,False
sample_06422.jpg,SRC_010,90.0,0.0,74.440619,N-summer,0.5,train,0.3931598305043524,False
sample_06423.jpg,SRC_169,40.0,180.0,48.615664,N-summer,0.25,validation,0.37811937504086923,False
sample_06424.jpg,SRC_039,90.0,0.0,70.63275,N-summer,0.5,train,0.5264555881373405,False
sample_06425.jpg,SRC_059,15.0,180.0,48.046698,N-summer,0.25,train,0.41471178223476385,False
sample_06426.jpg,SRC_111,-35.0,180.0,79.069883,N-spring,1.0,train,0.4406849531031375,False
sample_06427.jpg,SRC_063,25.0,180.0,41.329237,N-spring,0.25,train,0.4846283963048882,False
sample_06428.jpg,SRC_039,90.0,0.0,70.63275,N-summer,0.5,train,0.4864995440005755,False
sample_06429.jpg,SRC_108,-40.0,180.0,68.856247,N-summer,0.5,validation,0.37662115931940054,False
sample_06430.jpg,SRC_034,40.0,180.0,46.055099,N-summer,0.25,train,0.38893011267361094,False
sample_06431.jpg,SRC_005,0.0,180.0,55.846781,N-summer,0.5,calibration,0.3819462570631016,False
sample_06432.jpg,SRC_141,-10.0,180.0,55.206291,N-spring,0.25,train,0.37468403183955806,False
sample_06433.jpg,SRC_141,-10.0,180.0,55.206291,N-spring,0.25,train,0.4020391890754218,False
sample_06434.jpg,SRC_168,90.0,0.0,64.709631,N-summer,0.25,train,0.5310440184082751,False
sample_06435.jpg,SRC_008,25.0,180.0,61.005891,N-autumn,0.25,train,0.3883480370212503,False
sample_06436.jpg,SRC_052,5.0,180.0,51.705435,N-summer,0.25,train,0.46868703011828117,False
sample_06437.jpg,SRC_007,20.0,180.0,49.485932,N-winter,0.25,validation,0.3875471801255131,False
sample_06438.jpg,SRC_030,-25.0,180.0,67.936804,N-spring,0.5,train,0.38221591823915935,False
sample_06439.jpg,SRC_108,-40.0,180.0,68.856247,N-summer,0.5,validation,0.43900716799267314,False
sample_06440.jpg,SRC_030,-25.0,180.0,67.936804,N-spring,0.5,train,0.388347854948546,False
sample_06441.jpg,SRC_139,40.0,180.0,53.533251,N-winter,0.25,train,0.3887316408003959,False
sample_06442.jpg,SRC_019,90.0,0.0,60.00919,N-summer,0.25,train,0.4823383399824329,False
sample_06443.jpg,SRC_109,50.0,180.0,54.137665,N-summer,0.25,validation,0.3893977635227978,False
sample_06444.jpg,SRC_115,25.0,180.0,41.8845,N-spring,0.25,train,0.4209726146234042,False
sample_06445.jpg,SRC_027,35.0,180.0,41.369436,N-spring,0.5,calibration,0.3850700869982837,False
sample_06446.jpg,SRC_055,-5.0,180.0,57.335076,N-spring,0.25,train,0.41085514534153456,False
sample_06447.jpg,SRC_148,-15.0,180.0,49.227137,N-autumn,0.25,train,0.4189533892910817,False
sample_06448.jpg,SRC_091,-40.0,180.0,72.511342,N-summer,0.5,train,0.4072633643112528,False
sample_06449.jpg,SRC_055,-5.0,180.0,57.335076,N-spring,0.25,train,0.4388531722526337,False
sample_06450.jpg,SRC_134,-30.0,180.0,69.607895,N-spring,0.5,train,0.4252865178402631,False
sample_06451.jpg,SRC_091,-40.0,180.0,72.511342,N-summer,0.5,train,0.38476363163527755,False
sample_06452.jpg,SRC_041,15.0,180.0,46.712049,N-summer,0.25,calibration,0.3846628525814372,False
sample_06453.jpg,SRC_052,5.0,180.0,51.705435,N-summer,0.25,train,0.5114072001296917,False
sample_06454.jpg,SRC_069,25.0,180.0,48.120522,N-summer,0.5,train,0.4117171416641427,False
sample_06455.jpg,SRC_037,15.0,180.0,44.468297,N-spring,0.25,calibration,0.36381667385945715,False
sample_06456.jpg,SRC_093,-25.0,180.0,43.343655,N-autumn,0.5,calibration,0.3868823500613147,False
sample_06457.jpg,SRC_058,30.0,180.0,69.060883,N-autumn,0.5,train,0.4545872696222045,False
sample_06458.jpg,SRC_133,-10.0,180.0,48.887369,N-spring,0.5,calibration,0.49368341711556657,False
sample_06459.jpg,SRC_121,25.0,180.0,67.446292,N-autumn,0.5,validation,0.38277297858586884,False
sample_06460.jpg,SRC_121,25.0,180.0,67.446292,N-autumn,0.5,validation,0.3977299952682507,False
sample_06461.jpg,SRC_030,-25.0,180.0,67.936804,N-spring,0.5,train,0.4123387699856541,False
sample_06462.jpg,SRC_104,25.0,180.0,45.102036,N-summer,0.5,calibration,0.5250619922124924,False
sample_06463.jpg,SRC_063,25.0,180.0,41.329237,N-spring,0.25,train,0.3649367292906782,False
sample_06464.jpg,SRC_139,40.0,180.0,53.533251,N-winter,0.25,train,0.45368030355499045,False
sample_06465.jpg,SRC_013,50.0,180.0,54.051464,N-spring,0.5,train,0.38858368193746246,False
sample_06466.jpg,SRC_099,15.0,180.0,42.024472,N-spring,0.5,train,0.39406071269420717,False
sample_06467.jpg,SRC_037,15.0,180.0,44.468297,N-spring,0.25,calibration,0.3891469586052012,False
sample_06468.jpg,SRC_139,40.0,180.0,53.533251,N-winter,0.25,train,0.4059251319824309,False
sample_06469.jpg,SRC_144,-35.0,180.0,76.731052,N-spring,0.5,train,0.49254859622323466,False
sample_06470.jpg,SRC_144,-35.0,180.0,76.731052,N-spring,0.5,train,0.4628419800915771,False
sample_06471.jpg,SRC_121,25.0,180.0,67.446292,N-autumn,0.5,validation,0.38487660521577544,False
sample_06472.jpg,SRC_096,25.0,180.0,40.422288,N-spring,0.25,calibration,0.3832616357334488,False
sample_06473.jpg,SRC_121,25.0,180.0,67.446292,N-autumn,0.5,validation,0.3982789614320369,False
sample_06474.jpg,SRC_169,40.0,180.0,48.615664,N-summer,0.25,validation,0.37927049669522217,False
sample_06475.jpg,SRC_130,25.0,180.0,37.507656,N-spring,0.25,validation,0.5190354656510683,False
sample_06476.jpg,SRC_158,-5.0,180.0,35.954137,N-winter,0.25,train,0.37064222519888634,False
sample_06477.jpg,SRC_158,-5.0,180.0,35.954137,N-winter,0.25,train,0.3777180183110621,False
sample_06478.jpg,SRC_021,-90.0,0.0,68.040851,N-autumn,0.5,calibration,0.4014273396182544,False
sample_06479.jpg,SRC_010,90.0,0.0,74.440619,N-summer,0.5,train,0.5073561485766992,False
sample_06480.jpg,SRC_080,-25.0,180.0,69.726065,N-summer,0.25,calibration,0.3866008969620717,False
sample_06481.jpg,SRC_004,30.0,180.0,61.107468,N-autumn,0.5,train,0.3818701852077183,False
sample_06482.jpg,SRC_095,-20.0,180.0,56.495654,N-spring,0.5,train,0.46492280489417526,False
sample_06483.jpg,SRC_112,-30.0,180.0,67.516648,N-spring,0.5,train,0.4028223722553207,False
sample_06484.jpg,SRC_168,90.0,0.0,64.709631,N-summer,0.25,train,0.5244679903852478,False
sample_06485.jpg,SRC_013,50.0,180.0,54.051464,N-spring,0.5,train,0.39866953639873187,False
sample_06486.jpg,SRC_108,-40.0,180.0,68.856247,N-summer,0.5,validation,0.3768717967553247,False
sample_06487.jpg,SRC_055,-5.0,180.0,57.335076,N-spring,0.25,train,0.4092622155327431,False
sample_06488.jpg,SRC_050,0.0,180.0,53.680047,N-summer,0.25,calibration,0.43138853804874416,False
sample_06489.jpg,SRC_112,-30.0,180.0,67.516648,N-spring,0.5,train,0.45665364762189203,False
sample_06490.jpg,SRC_042,10.0,180.0,36.92431,N-spring,0.5,train,0.39135552667560114,False
sample_06491.jpg,SRC_011,-20.0,180.0,70.371153,N-summer,0.25,train,0.38464765549978785,False
sample_06492.jpg,SRC_100,20.0,180.0,41.506528,N-spring,0.25,train,0.37418100595251824,False
sample_06493.jpg,SRC_020,35.0,180.0,42.075965,N-summer,0.25,train,0.3929564891705716,False
sample_06494.jpg,SRC_109,50.0,180.0,54.137665,N-summer,0.25,validation,0.3818404411910392,False
sample_06495.jpg,SRC_012,-90.0,0.0,85.677016,N-autumn,0.5,train,0.49498588120975856,False
sample_06496.jpg,SRC_037,15.0,180.0,44.468297,N-spring,0.25,calibration,0.3950192846013755,False
sample_06497.jpg,SRC_097,0.0,180.0,35.318175,N-winter,0.25,train,0.41036322581573986,False
sample_06498.jpg,SRC_006,-15.0,180.0,65.638079,N-spring,0.5,train,0.4887034183435384,False
sample_06499.jpg,SRC_164,20.0,180.0,59.226879,N-autumn,0.25,train,0.3919827224583893,False
sample_06500.jpg,SRC_064,90.0,0.0,60.573524,N-spring,0.25,train,0.46804986421106715,False
sample_06501.jpg,SRC_156,10.0,180.0,48.737382,N-summer,0.25,train,0.37774899488794167,False
sample_06502.jpg,SRC_136,-35.0,180.0,76.922409,N-spring,0.5,train,0.37817495395801315,False
sample_06503.jpg,SRC_006,-15.0,180.0,65.638079,N-spring,0.5,train,0.4962057835510527,False
sample_06504.jpg,SRC_142,-30.0,180.0,34.276784,N-winter,0.25,train,0.424546573377787,False
sample_06505.jpg,SRC_021,-90.0,0.0,68.040851,N-autumn,0.5,calibration,0.388385759128914,False
sample_06506.jpg,SRC_009,-25.0,180.0,73.827745,N-spring,0.5,train,0.38641961765228816,False
sample_06507.jpg,SRC_022,20.0,180.0,41.513642,N-spring,0.25,train,0.4230989255344122,False
sample_06508.jpg,SRC_158,-5.0,180.0,35.954137,N-winter,0.25,train,0.39828544332689586,False
sample_06509.jpg,SRC_004,30.0,180.0,61.107468,N-autumn,0.5,train,0.37090137131941897,False
sample_06510.jpg,SRC_040,90.0,0.0,57.651744,N-spring,0.5,validation,0.4117135846822661,False
sample_06511.jpg,SRC_171,-35.0,180.0,63.65778,N-spring,0.25,calibration,0.39356539645101374,False
sample_06512.jpg,SRC_168,90.0,0.0,64.709631,N-summer,0.25,train,0.39521078503657076,False
sample_06513.jpg,SRC_171,-35.0,180.0,63.65778,N-spring,0.25,calibration,0.37400670919576234,False
sample_06514.jpg,SRC_154,0.0,180.0,54.770875,N-summer,0.5,train,0.48722001492634404,False
sample_06515.jpg,SRC_006,-15.0,180.0,65.638079,N-spring,0.5,train,0.4358182269959313,False
sample_06516.jpg,SRC_067,-15.0,180.0,64.724247,N-spring,0.5,calibration,0.39129314546515426,False
sample_06517.jpg,SRC_006,-15.0,180.0,65.638079,N-spring,0.5,train,0.39182642744125096,False
sample_06518.jpg,SRC_018,-90.0,0.0,67.882485,N-winter,0.25,train,0.39613821450642284,False
sample_06519.jpg,SRC_041,15.0,180.0,46.712049,N-summer,0.25,calibration,0.37953968294052726,False
sample_06520.jpg,SRC_009,-25.0,180.0,73.827745,N-spring,0.5,train,0.3989855018594729,False
sample_06521.jpg,SRC_001,-5.0,180.0,51.987197,N-spring,0.5,calibration,0.38898672587729843,False
sample_06522.jpg,SRC_168,90.0,0.0,64.709631,N-summer,0.25,train,0.5276549556015883,False
sample_06523.jpg,SRC_081,-90.0,0.0,74.772433,N-autumn,0.25,train,0.5108109626531488,False
sample_06524.jpg,SRC_171,-35.0,180.0,63.65778,N-spring,0.25,calibration,0.3888157184679214,False
sample_06525.jpg,SRC_134,-30.0,180.0,69.607895,N-spring,0.5,train,0.40750967798564075,False
sample_06526.jpg,SRC_002,40.0,180.0,45.868768,N-summer,0.25,train,0.36511577036448484,False
sample_06527.jpg,SRC_135,5.0,180.0,41.328761,N-winter,0.5,train,0.4682387796391792,False
sample_06528.jpg,SRC_107,20.0,180.0,65.68027,N-autumn,0.5,train,0.38956898510196275,False
sample_06529.jpg,SRC_065,30.0,180.0,68.700871,N-winter,0.5,validation,0.4898114863362154,False
sample_06530.jpg,SRC_115,25.0,180.0,41.8845,N-spring,0.25,train,0.4558627162629986,False
sample_06531.jpg,SRC_116,5.0,180.0,41.203028,N-spring,0.25,calibration,0.422606638927464,False
sample_06532.jpg,SRC_051,20.0,180.0,63.609319,N-autumn,0.5,train,0.405349383111859,False
sample_06533.jpg,SRC_100,20.0,180.0,41.506528,N-spring,0.25,train,0.4034439486791962,False
sample_06534.jpg,SRC_108,-40.0,180.0,68.856247,N-summer,0.5,validation,0.3812720443069737,False
sample_06535.jpg,SRC_133,-10.0,180.0,48.887369,N-spring,0.5,calibration,0.42038734744171585,False
sample_06536.jpg,SRC_051,20.0,180.0,63.609319,N-autumn,0.5,train,0.454898869575195,False
sample_06537.jpg,SRC_071,20.0,180.0,40.070501,N-spring,0.25,train,0.40156780006136145,False
sample_06538.jpg,SRC_115,25.0,180.0,41.8845,N-spring,0.25,train,0.4059178330723772,False
sample_06539.jpg,SRC_168,90.0,0.0,64.709631,N-summer,0.25,train,0.49700992010810285,False
sample_06540.jpg,SRC_059,15.0,180.0,48.046698,N-summer,0.25,train,0.48516336345571653,False
sample_06541.jpg,SRC_056,-40.0,180.0,74.660587,N-summer,0.5,train,0.3749132792083973,False
sample_06542.jpg,SRC_148,-15.0,180.0,49.227137,N-autumn,0.25,train,0.399617705050556,False
sample_06543.jpg,SRC_103,-35.0,180.0,57.090396,N-autumn,0.25,train,0.3855225044650102,False
sample_06544.jpg,SRC_042,10.0,180.0,36.92431,N-spring,0.5,train,0.44194892036967914,False
sample_06545.jpg,SRC_062,45.0,180.0,81.508965,N-autumn,0.5,train,0.4000127819748909,False
sample_06546.jpg,SRC_013,50.0,180.0,54.051464,N-spring,0.5,train,0.5021032562793053,False
sample_06547.jpg,SRC_089,10.0,180.0,48.442522,N-winter,0.25,validation,0.4043483546110517,False
sample_06548.jpg,SRC_013,50.0,180.0,54.051464,N-spring,0.5,train,0.3893058991241505,False
sample_06549.jpg,SRC_074,0.0,180.0,50.25459,N-spring,0.5,train,0.5200472596426788,False
sample_06550.jpg,SRC_134,-30.0,180.0,69.607895,N-spring,0.5,train,0.3963051420210607,False
sample_06551.jpg,SRC_124,0.0,180.0,51.928413,N-summer,0.25,train,0.3984962335624539,False
sample_06552.jpg,SRC_022,20.0,180.0,41.513642,N-spring,0.25,train,0.42430897524239536,False
sample_06553.jpg,SRC_084,-10.0,180.0,58.957849,N-summer,0.25,train,0.3801109767948827,False
sample_06554.jpg,SRC_131,10.0,180.0,60.540464,N-autumn,0.5,train,0.46840618081494423,False
sample_06555.jpg,SRC_013,50.0,180.0,54.051464,N-spring,0.5,train,0.3910836151960001,False
sample_06556.jpg,SRC_012,-90.0,0.0,85.677016,N-autumn,0.5,train,0.37925888022877885,False
sample_06557.jpg,SRC_043,10.0,180.0,50.433279,N-summer,0.5,calibration,0.3882994492759215,False
sample_06558.jpg,SRC_036,5.0,180.0,52.749586,N-summer,0.25,train,0.3932470135544338,False
sample_06559.jpg,SRC_170,-20.0,180.0,56.332579,N-autumn,0.25,train,0.46602493935546174,False
sample_06560.jpg,SRC_030,-25.0,180.0,67.936804,N-spring,0.5,train,0.3912900784615697,False
sample_06561.jpg,SRC_006,-15.0,180.0,65.638079,N-spring,0.5,train,0.38783043144514073,False
sample_06562.jpg,SRC_076,25.0,180.0,63.632584,N-autumn,0.25,validation,0.48270320363453595,False
sample_06563.jpg,SRC_009,-25.0,180.0,73.827745,N-spring,0.5,train,0.4024511025696624,False
sample_06564.jpg,SRC_004,30.0,180.0,61.107468,N-autumn,0.5,train,0.3801149925900694,False
sample_06565.jpg,SRC_056,-40.0,180.0,74.660587,N-summer,0.5,train,0.3856420759834883,False
sample_06566.jpg,SRC_114,-10.0,180.0,58.176498,N-autumn,0.5,calibration,0.39530465922027336,False
sample_06567.jpg,SRC_040,90.0,0.0,57.651744,N-spring,0.5,validation,0.48138370296235067,False
sample_06568.jpg,SRC_052,5.0,180.0,51.705435,N-summer,0.25,train,0.4238755793815393,False
sample_06569.jpg,SRC_006,-15.0,180.0,65.638079,N-spring,0.5,train,0.42410384305077387,False
sample_06570.jpg,SRC_075,-90.0,0.0,65.329336,N-winter,0.25,train,0.3846644743173661,False
sample_06571.jpg,SRC_009,-25.0,180.0,73.827745,N-spring,0.5,train,0.38420648982512134,False
sample_06572.jpg,SRC_146,10.0,180.0,58.0428,N-summer,0.5,validation,0.4355778390536219,False
sample_06573.jpg,SRC_112,-30.0,180.0,67.516648,N-spring,0.5,train,0.40202942827423155,False
sample_06574.jpg,SRC_153,-40.0,180.0,43.960452,N-autumn,0.25,train,0.38824876398614105,False
sample_06575.jpg,SRC_161,5.0,180.0,52.294471,N-summer,0.25,calibration,0.393776027296469,False
sample_06576.jpg,SRC_061,50.0,180.0,43.110277,N-spring,0.5,train,0.4094323500117059,False
sample_06577.jpg,SRC_056,-40.0,180.0,74.660587,N-summer,0.5,train,0.4906073365825807,False
sample_06578.jpg,SRC_085,0.0,180.0,39.187341,N-spring,0.25,train,0.46276691710780743,False
sample_06579.jpg,SRC_006,-15.0,180.0,65.638079,N-spring,0.5,train,0.39359614261088155,False
sample_06580.jpg,SRC_130,25.0,180.0,37.507656,N-spring,0.25,validation,0.5328768871885737,False
sample_06581.jpg,SRC_036,5.0,180.0,52.749586,N-summer,0.25,train,0.41558968892414816,False
sample_06582.jpg,SRC_069,25.0,180.0,48.120522,N-summer,0.5,train,0.4145917772614437,False
sample_06583.jpg,SRC_013,50.0,180.0,54.051464,N-spring,0.5,train,0.4280575995407824,False
sample_06584.jpg,SRC_127,-35.0,180.0,47.507974,N-autumn,0.5,train,0.3895107645762734,False
sample_06585.jpg,SRC_059,15.0,180.0,48.046698,N-summer,0.25,train,0.4148922248384892,False
sample_06586.jpg,SRC_108,-40.0,180.0,68.856247,N-summer,0.5,validation,0.3851042159671382,False
sample_06587.jpg,SRC_042,10.0,180.0,36.92431,N-spring,0.5,train,0.4107684719392363,False
sample_06588.jpg,SRC_026,90.0,0.0,57.238404,N-spring,0.25,train,0.4480381488118927,False
sample_06589.jpg,SRC_009,-25.0,180.0,73.827745,N-spring,0.5,train,0.3937805882403364,False
sample_06590.jpg,SRC_040,90.0,0.0,57.651744,N-spring,0.5,validation,0.4030800644975332,False
sample_06591.jpg,SRC_011,-20.0,180.0,70.371153,N-summer,0.25,train,0.38718073886448556,False
sample_06592.jpg,SRC_069,25.0,180.0,48.120522,N-summer,0.5,train,0.4209895176663053,False
sample_06593.jpg,SRC_115,25.0,180.0,41.8845,N-spring,0.25,train,0.5047277533059424,False
sample_06594.jpg,SRC_168,90.0,0.0,64.709631,N-summer,0.25,train,0.3868615214913853,False
sample_06595.jpg,SRC_070,60.0,180.0,58.788969,N-summer,0.5,validation,0.5100711511689913,False
sample_06596.jpg,SRC_013,50.0,180.0,54.051464,N-spring,0.5,train,0.4908117446204372,False
sample_06597.jpg,SRC_156,10.0,180.0,48.737382,N-summer,0.25,train,0.4054761380675921,False
sample_06598.jpg,SRC_040,90.0,0.0,57.651744,N-spring,0.5,validation,0.4089432386806828,False
sample_06599.jpg,SRC_121,25.0,180.0,67.446292,N-autumn,0.5,validation,0.3795871863950269,False
sample_06600.jpg,SRC_145,-5.0,180.0,52.15166,N-spring,0.25,train,0.4413234625982351,False
sample_06601.jpg,SRC_124,0.0,180.0,51.928413,N-summer,0.25,train,0.4020490000852939,False
sample_06602.jpg,SRC_051,20.0,180.0,63.609319,N-autumn,0.5,train,0.48660101360536495,False
sample_06603.jpg,SRC_097,0.0,180.0,35.318175,N-winter,0.25,train,0.42467618206744007,False
sample_06604.jpg,SRC_091,-40.0,180.0,72.511342,N-summer,0.5,train,0.3844544044929199,False
sample_06605.jpg,SRC_144,-35.0,180.0,76.731052,N-spring,0.5,train,0.4044713734312321,False
sample_06606.jpg,SRC_108,-40.0,180.0,68.856247,N-summer,0.5,validation,0.5055880886314302,False
sample_06607.jpg,SRC_158,-5.0,180.0,35.954137,N-winter,0.25,train,0.37994192867358345,False
sample_06608.jpg,SRC_063,25.0,180.0,41.329237,N-spring,0.25,train,0.37146294232246346,False
sample_06609.jpg,SRC_041,15.0,180.0,46.712049,N-summer,0.25,calibration,0.3909552495864636,False
sample_06610.jpg,SRC_085,0.0,180.0,39.187341,N-spring,0.25,train,0.3962503896330191,False
sample_06611.jpg,SRC_102,-10.0,180.0,52.255853,N-spring,0.25,train,0.41149522820843815,False
sample_06612.jpg,SRC_013,50.0,180.0,54.051464,N-spring,0.5,train,0.477818144781183,False
sample_06613.jpg,SRC_126,-20.0,180.0,68.779144,N-summer,0.5,train,0.514537902674054,False
sample_06614.jpg,SRC_102,-10.0,180.0,52.255853,N-spring,0.25,train,0.4748492113596933,False
sample_06615.jpg,SRC_125,-5.0,180.0,52.428603,N-spring,0.25,train,0.38747571084011334,False
sample_06616.jpg,SRC_121,25.0,180.0,67.446292,N-autumn,0.5,validation,0.40123627048542587,False
sample_06617.jpg,SRC_074,0.0,180.0,50.25459,N-spring,0.5,train,0.5109006329523605,False
sample_06618.jpg,SRC_129,20.0,180.0,41.057252,N-spring,0.25,train,0.5001281873990171,False
sample_06619.jpg,SRC_100,20.0,180.0,41.506528,N-spring,0.25,train,0.39746122696732067,False
sample_06620.jpg,SRC_099,15.0,180.0,42.024472,N-spring,0.5,train,0.47743357599215364,False
sample_06621.jpg,SRC_094,20.0,180.0,66.934532,N-autumn,0.25,train,0.4172815321676874,False
sample_06622.jpg,SRC_084,-10.0,180.0,58.957849,N-summer,0.25,train,0.3958538744129966,False
sample_06623.jpg,SRC_131,10.0,180.0,60.540464,N-autumn,0.5,train,0.41187749883457564,False
sample_06624.jpg,SRC_093,-25.0,180.0,43.343655,N-autumn,0.5,calibration,0.4370037384401172,False
sample_06625.jpg,SRC_014,-40.0,180.0,38.480327,N-winter,0.25,calibration,0.4234849654383104,False
sample_06626.jpg,SRC_115,25.0,180.0,41.8845,N-spring,0.25,train,0.4054837419301003,False
sample_06627.jpg,SRC_066,-10.0,180.0,61.81065,N-summer,0.5,validation,0.41600451223282037,False
sample_06628.jpg,SRC_103,-35.0,180.0,57.090396,N-autumn,0.25,train,0.4124712013806578,False
sample_06629.jpg,SRC_056,-40.0,180.0,74.660587,N-summer,0.5,train,0.37369646101931925,False
sample_06630.jpg,SRC_156,10.0,180.0,48.737382,N-summer,0.25,train,0.38743306375891884,False
sample_06631.jpg,SRC_071,20.0,180.0,40.070501,N-spring,0.25,train,0.43189664171037173,False
sample_06632.jpg,SRC_114,-10.0,180.0,58.176498,N-autumn,0.5,calibration,0.4124663572910171,False
sample_06633.jpg,SRC_112,-30.0,180.0,67.516648,N-spring,0.5,train,0.4021249587881243,False
sample_06634.jpg,SRC_108,-40.0,180.0,68.856247,N-summer,0.5,validation,0.3854763933042518,False
sample_06635.jpg,SRC_013,50.0,180.0,54.051464,N-spring,0.5,train,0.380957590208914,False
sample_06636.jpg,SRC_009,-25.0,180.0,73.827745,N-spring,0.5,train,0.4001266366398225,False
sample_06637.jpg,SRC_007,20.0,180.0,49.485932,N-winter,0.25,validation,0.43027301106399385,False
sample_06638.jpg,SRC_051,20.0,180.0,63.609319,N-autumn,0.5,train,0.3865174440971889,False
sample_06639.jpg,SRC_150,10.0,180.0,50.798821,N-summer,0.5,train,0.3886844339638412,False
sample_06640.jpg,SRC_059,15.0,180.0,48.046698,N-summer,0.25,train,0.4896692440292002,False
sample_06641.jpg,SRC_087,0.0,180.0,54.65824,N-summer,0.25,train,0.4084695880198793,False
sample_06642.jpg,SRC_048,-25.0,180.0,61.920556,N-autumn,0.25,train,0.4089461713957118,False
sample_06643.jpg,SRC_150,10.0,180.0,50.798821,N-summer,0.5,train,0.3968041486145861,False
sample_06644.jpg,SRC_041,15.0,180.0,46.712049,N-summer,0.25,calibration,0.38835151419425984,False
sample_06645.jpg,SRC_084,-10.0,180.0,58.957849,N-summer,0.25,train,0.39307407591156046,False
sample_06646.jpg,SRC_004,30.0,180.0,61.107468,N-autumn,0.5,train,0.3808431105770572,False
sample_06647.jpg,SRC_153,-40.0,180.0,43.960452,N-autumn,0.25,train,0.3785856053097358,False
sample_06648.jpg,SRC_112,-30.0,180.0,67.516648,N-spring,0.5,train,0.41974529657095044,False
sample_06649.jpg,SRC_030,-25.0,180.0,67.936804,N-spring,0.5,train,0.3980441357278305,False
sample_06650.jpg,SRC_011,-20.0,180.0,70.371153,N-summer,0.25,train,0.38660578125155787,False
sample_06651.jpg,SRC_158,-5.0,180.0,35.954137,N-winter,0.25,train,0.3921494237008563,False
sample_06652.jpg,SRC_103,-35.0,180.0,57.090396,N-autumn,0.25,train,0.4127931301646746,False
sample_06653.jpg,SRC_040,90.0,0.0,57.651744,N-spring,0.5,validation,0.3876338431043978,False
sample_06654.jpg,SRC_104,25.0,180.0,45.102036,N-summer,0.5,calibration,0.5101117225767243,False
sample_06655.jpg,SRC_091,-40.0,180.0,72.511342,N-summer,0.5,train,0.4012948734504649,False
sample_06656.jpg,SRC_073,45.0,180.0,41.537171,N-spring,0.25,train,0.3957722432500165,False
sample_06657.jpg,SRC_133,-10.0,180.0,48.887369,N-spring,0.5,calibration,0.42427398538264116,False
sample_06658.jpg,SRC_084,-10.0,180.0,58.957849,N-summer,0.25,train,0.3886808074416962,False
sample_06659.jpg,SRC_037,15.0,180.0,44.468297,N-spring,0.25,calibration,0.390826491968585,False
sample_06660.jpg,SRC_069,25.0,180.0,48.120522,N-summer,0.5,train,0.429386424728009,False
sample_06661.jpg,SRC_013,50.0,180.0,54.051464,N-spring,0.5,train,0.4876973350262741,False
sample_06662.jpg,SRC_040,90.0,0.0,57.651744,N-spring,0.5,validation,0.39248075332339294,False
sample_06663.jpg,SRC_093,-25.0,180.0,43.343655,N-autumn,0.5,calibration,0.37743922034144584,False
sample_06664.jpg,SRC_075,-90.0,0.0,65.329336,N-winter,0.25,train,0.3792854205654287,False
sample_06665.jpg,SRC_115,25.0,180.0,41.8845,N-spring,0.25,train,0.4112723625219311,False
sample_06666.jpg,SRC_112,-30.0,180.0,67.516648,N-spring,0.5,train,0.3956583443422799,False
sample_06667.jpg,SRC_159,20.0,180.0,67.076816,N-autumn,0.25,train,0.38750053986338767,False
sample_06668.jpg,SRC_108,-40.0,180.0,68.856247,N-summer,0.5,validation,0.38267221526292616,False
sample_06669.jpg,SRC_021,-90.0,0.0,68.040851,N-autumn,0.5,calibration,0.38865381469014826,False
sample_06670.jpg,SRC_088,0.0,180.0,53.004483,N-summer,0.25,train,0.407864168130801,False
sample_06671.jpg,SRC_171,-35.0,180.0,63.65778,N-spring,0.25,calibration,0.4728836343644097,False
sample_06672.jpg,SRC_165,10.0,180.0,42.451267,N-winter,0.25,calibration,0.48134491958437114,False
sample_06673.jpg,SRC_070,60.0,180.0,58.788969,N-summer,0.5,validation,0.49429416984795677,False
sample_06674.jpg,SRC_056,-40.0,180.0,74.660587,N-summer,0.5,train,0.4729650394413626,False
sample_06675.jpg,SRC_140,35.0,180.0,44.85556,N-spring,0.25,validation,0.45752259262274275,False
sample_06676.jpg,SRC_092,5.0,180.0,57.429528,N-autumn,0.25,validation,0.3860229727241491,False
sample_06677.jpg,SRC_056,-40.0,180.0,74.660587,N-summer,0.5,train,0.3836707037013205,False
sample_06678.jpg,SRC_034,40.0,180.0,46.055099,N-summer,0.25,train,0.3920299055928225,False
sample_06679.jpg,SRC_041,15.0,180.0,46.712049,N-summer,0.25,calibration,0.3750614978952333,False
sample_06680.jpg,SRC_001,-5.0,180.0,51.987197,N-spring,0.5,calibration,0.4916364551078935,False
sample_06681.jpg,SRC_089,10.0,180.0,48.442522,N-winter,0.25,validation,0.40056671466896054,False
sample_06682.jpg,SRC_129,20.0,180.0,41.057252,N-spring,0.25,train,0.5030752221247716,False
sample_06683.jpg,SRC_022,20.0,180.0,41.513642,N-spring,0.25,train,0.4176600281308926,False
sample_06684.jpg,SRC_134,-30.0,180.0,69.607895,N-spring,0.5,train,0.38767902323776804,False
sample_06685.jpg,SRC_027,35.0,180.0,41.369436,N-spring,0.5,calibration,0.44903829042360927,False
sample_06686.jpg,SRC_153,-40.0,180.0,43.960452,N-autumn,0.25,train,0.472748982551286,False
sample_06687.jpg,SRC_106,25.0,180.0,40.638999,N-spring,0.5,validation,0.4375754785474009,False
sample_06688.jpg,SRC_129,20.0,180.0,41.057252,N-spring,0.25,train,0.4410389749774823,False
sample_06689.jpg,SRC_009,-25.0,180.0,73.827745,N-spring,0.5,train,0.4349629167958353,False
sample_06690.jpg,SRC_051,20.0,180.0,63.609319,N-autumn,0.5,train,0.3815479091590611,False
sample_06691.jpg,SRC_059,15.0,180.0,48.046698,N-summer,0.25,train,0.49534861901828775,False
sample_06692.jpg,SRC_070,60.0,180.0,58.788969,N-summer,0.5,validation,0.5051265030106099,False
sample_06693.jpg,SRC_043,10.0,180.0,50.433279,N-summer,0.5,calibration,0.3976880543669954,False
sample_06694.jpg,SRC_104,25.0,180.0,45.102036,N-summer,0.5,calibration,0.41177587694970796,False
sample_06695.jpg,SRC_111,-35.0,180.0,79.069883,N-spring,1.0,train,0.4249081049292688,False
sample_06696.jpg,SRC_095,-20.0,180.0,56.495654,N-spring,0.5,train,0.391213105044222,False
sample_06697.jpg,SRC_142,-30.0,180.0,34.276784,N-winter,0.25,train,0.444047512944344,False
sample_06698.jpg,SRC_158,-5.0,180.0,35.954137,N-winter,0.25,train,0.3943607130389958,False
sample_06699.jpg,SRC_109,50.0,180.0,54.137665,N-summer,0.25,validation,0.4019793985772845,False
sample_06700.jpg,SRC_099,15.0,180.0,42.024472,N-spring,0.5,train,0.47713241005392676,False
sample_06701.jpg,SRC_059,15.0,180.0,48.046698,N-summer,0.25,train,0.4212356313184783,False
sample_06702.jpg,SRC_141,-10.0,180.0,55.206291,N-spring,0.25,train,0.37852373620651425,False
sample_06703.jpg,SRC_116,5.0,180.0,41.203028,N-spring,0.25,calibration,0.38326139374500734,False
sample_06704.jpg,SRC_021,-90.0,0.0,68.040851,N-autumn,0.5,calibration,0.38388696448561505,False
sample_06705.jpg,SRC_092,5.0,180.0,57.429528,N-autumn,0.25,validation,0.38391470702345715,False
sample_06706.jpg,SRC_165,10.0,180.0,42.451267,N-winter,0.25,calibration,0.4145876285705709,False
sample_06707.jpg,SRC_056,-40.0,180.0,74.660587,N-summer,0.5,train,0.39844635700139935,False
sample_06708.jpg,SRC_096,25.0,180.0,40.422288,N-spring,0.25,calibration,0.385217650469761,False
sample_06709.jpg,SRC_171,-35.0,180.0,63.65778,N-spring,0.25,calibration,0.47724945000920516,False
sample_06710.jpg,SRC_089,10.0,180.0,48.442522,N-winter,0.25,validation,0.4778468225631167,False
sample_06711.jpg,SRC_111,-35.0,180.0,79.069883,N-spring,1.0,train,0.47342167620124886,False
sample_06712.jpg,SRC_148,-15.0,180.0,49.227137,N-autumn,0.25,train,0.4380943350159258,False
sample_06713.jpg,SRC_004,30.0,180.0,61.107468,N-autumn,0.5,train,0.3809276455561159,False
sample_06714.jpg,SRC_040,90.0,0.0,57.651744,N-spring,0.5,validation,0.3859160743702418,False
sample_06715.jpg,SRC_108,-40.0,180.0,68.856247,N-summer,0.5,validation,0.4558259835691311,False
sample_06716.jpg,SRC_040,90.0,0.0,57.651744,N-spring,0.5,validation,0.4195419152487617,False
sample_06717.jpg,SRC_051,20.0,180.0,63.609319,N-autumn,0.5,train,0.41032869044531567,False
sample_06718.jpg,SRC_157,40.0,180.0,44.22455,N-summer,0.25,train,0.3762818838926009,False
sample_06719.jpg,SRC_038,-15.0,180.0,32.097448,N-winter,0.25,validation,0.5096445760919037,False
sample_06720.jpg,SRC_169,40.0,180.0,48.615664,N-summer,0.25,validation,0.3693860885932619,False
sample_06721.jpg,SRC_154,0.0,180.0,54.770875,N-summer,0.5,train,0.3962422806344853,False
sample_06722.jpg,SRC_169,40.0,180.0,48.615664,N-summer,0.25,validation,0.4195394107966834,False
sample_06723.jpg,SRC_151,-15.0,180.0,63.408071,N-summer,0.5,train,0.5112417245360517,False
sample_06724.jpg,SRC_142,-30.0,180.0,34.276784,N-winter,0.25,train,0.4664573201220389,False
sample_06725.jpg,SRC_059,15.0,180.0,48.046698,N-summer,0.25,train,0.5366278143798161,False
sample_06726.jpg,SRC_157,40.0,180.0,44.22455,N-summer,0.25,train,0.3898953775132756,False
sample_06727.jpg,SRC_106,25.0,180.0,40.638999,N-spring,0.5,validation,0.4631278072840826,False
sample_06728.jpg,SRC_006,-15.0,180.0,65.638079,N-spring,0.5,train,0.4799721499867788,False
sample_06729.jpg,SRC_099,15.0,180.0,42.024472,N-spring,0.5,train,0.4798559048145779,False
sample_06730.jpg,SRC_071,20.0,180.0,40.070501,N-spring,0.25,train,0.5018255184841658,False
sample_06731.jpg,SRC_144,-35.0,180.0,76.731052,N-spring,0.5,train,0.43515766512989923,False
sample_06732.jpg,SRC_006,-15.0,180.0,65.638079,N-spring,0.5,train,0.5253894901649133,False
sample_06733.jpg,SRC_022,20.0,180.0,41.513642,N-spring,0.25,train,0.4379609494374055,False
sample_06734.jpg,SRC_052,5.0,180.0,51.705435,N-summer,0.25,train,0.5076017713331835,False
sample_06735.jpg,SRC_009,-25.0,180.0,73.827745,N-spring,0.5,train,0.38705916092538695,False
sample_06736.jpg,SRC_150,10.0,180.0,50.798821,N-summer,0.5,train,0.37728806229504125,False
sample_06737.jpg,SRC_020,35.0,180.0,42.075965,N-summer,0.25,train,0.38823049722463887,False
sample_06738.jpg,SRC_005,0.0,180.0,55.846781,N-summer,0.5,calibration,0.40652857487105737,False
sample_06739.jpg,SRC_087,0.0,180.0,54.65824,N-summer,0.25,train,0.4811670519199353,False
sample_06740.jpg,SRC_153,-40.0,180.0,43.960452,N-autumn,0.25,train,0.425580324575502,False
sample_06741.jpg,SRC_008,25.0,180.0,61.005891,N-autumn,0.25,train,0.500492747677178,False
sample_06742.jpg,SRC_150,10.0,180.0,50.798821,N-summer,0.5,train,0.4241763792373545,False
sample_06743.jpg,SRC_115,25.0,180.0,41.8845,N-spring,0.25,train,0.4053331297469363,False
sample_06744.jpg,SRC_168,90.0,0.0,64.709631,N-summer,0.25,train,0.48035165343807407,False
sample_06745.jpg,SRC_064,90.0,0.0,60.573524,N-spring,0.25,train,0.4776916873478002,False
sample_06746.jpg,SRC_145,-5.0,180.0,52.15166,N-spring,0.25,train,0.41807404729737385,False
sample_06747.jpg,SRC_095,-20.0,180.0,56.495654,N-spring,0.5,train,0.39640616211512814,False
sample_06748.jpg,SRC_073,45.0,180.0,41.537171,N-spring,0.25,train,0.4295037693405065,False
sample_06749.jpg,SRC_119,90.0,0.0,58.642683,N-spring,0.25,calibration,0.4369497201100624,False
sample_06750.jpg,SRC_101,5.0,180.0,48.479381,N-winter,0.25,validation,0.45776710748082106,False
sample_06751.jpg,SRC_092,5.0,180.0,57.429528,N-autumn,0.25,validation,0.39011619563195465,False
sample_06752.jpg,SRC_027,35.0,180.0,41.369436,N-spring,0.5,calibration,0.40978944436304443,False
sample_06753.jpg,SRC_048,-25.0,180.0,61.920556,N-autumn,0.25,train,0.3992129404723388,False
sample_06754.jpg,SRC_143,90.0,0.0,68.916652,N-spring,0.5,validation,0.47722653786971525,False
sample_06755.jpg,SRC_041,15.0,180.0,46.712049,N-summer,0.25,calibration,0.3781704611809954,False
sample_06756.jpg,SRC_047,0.0,180.0,48.028677,N-spring,0.5,train,0.40239974005904317,False
sample_06757.jpg,SRC_153,-40.0,180.0,43.960452,N-autumn,0.25,train,0.3855306615440459,False
sample_06758.jpg,SRC_030,-25.0,180.0,67.936804,N-spring,0.5,train,0.38906361991465865,False
sample_06759.jpg,SRC_067,-15.0,180.0,64.724247,N-spring,0.5,calibration,0.3878677549971628,False
sample_06760.jpg,SRC_158,-5.0,180.0,35.954137,N-winter,0.25,train,0.371979216697908,False
sample_06761.jpg,SRC_126,-20.0,180.0,68.779144,N-summer,0.5,train,0.4955283481480217,False
sample_06762.jpg,SRC_073,45.0,180.0,41.537171,N-spring,0.25,train,0.3944103314884778,False
sample_06763.jpg,SRC_073,45.0,180.0,41.537171,N-spring,0.25,train,0.3915522262878345,False
sample_06764.jpg,SRC_059,15.0,180.0,48.046698,N-summer,0.25,train,0.46740302525328065,False
sample_06765.jpg,SRC_091,-40.0,180.0,72.511342,N-summer,0.5,train,0.42190026912507417,False
sample_06766.jpg,SRC_124,0.0,180.0,51.928413,N-summer,0.25,train,0.4061566729919021,False
sample_06767.jpg,SRC_020,35.0,180.0,42.075965,N-summer,0.25,train,0.3841587754238575,False
sample_06768.jpg,SRC_116,5.0,180.0,41.203028,N-spring,0.25,calibration,0.4398810534671185,False
sample_06769.jpg,SRC_103,-35.0,180.0,57.090396,N-autumn,0.25,train,0.3937801639695751,False
sample_06770.jpg,SRC_115,25.0,180.0,41.8845,N-spring,0.25,train,0.407374929169111,False
sample_06771.jpg,SRC_076,25.0,180.0,63.632584,N-autumn,0.25,validation,0.39986035332975484,False
sample_06772.jpg,SRC_158,-5.0,180.0,35.954137,N-winter,0.25,train,0.39141022579044427,False
sample_06773.jpg,SRC_096,25.0,180.0,40.422288,N-spring,0.25,calibration,0.3919750895112365,False
sample_06774.jpg,SRC_074,0.0,180.0,50.25459,N-spring,0.5,train,0.40767020153363004,False
sample_06775.jpg,SRC_091,-40.0,180.0,72.511342,N-summer,0.5,train,0.5099435650932167,False
sample_06776.jpg,SRC_005,0.0,180.0,55.846781,N-summer,0.5,calibration,0.3864964369003137,False
sample_06777.jpg,SRC_114,-10.0,180.0,58.176498,N-autumn,0.5,calibration,0.45845351001457607,False
sample_06778.jpg,SRC_076,25.0,180.0,63.632584,N-autumn,0.25,validation,0.38174917888361487,False
sample_06779.jpg,SRC_106,25.0,180.0,40.638999,N-spring,0.5,validation,0.416252787720709,False
sample_06780.jpg,SRC_148,-15.0,180.0,49.227137,N-autumn,0.25,train,0.41751911299730826,False
sample_06781.jpg,SRC_006,-15.0,180.0,65.638079,N-spring,0.5,train,0.47980180566048053,False
sample_06782.jpg,SRC_080,-25.0,180.0,69.726065,N-summer,0.25,calibration,0.4041693341262791,False
sample_06783.jpg,SRC_040,90.0,0.0,57.651744,N-spring,0.5,validation,0.41017583792965817,False
sample_06784.jpg,SRC_013,50.0,180.0,54.051464,N-spring,0.5,train,0.5034563733341906,False
sample_06785.jpg,SRC_126,-20.0,180.0,68.779144,N-summer,0.5,train,0.3886493810023599,False
sample_06786.jpg,SRC_137,-5.0,180.0,45.053172,N-spring,0.25,train,0.40398891274835436,False
sample_06787.jpg,SRC_061,50.0,180.0,43.110277,N-spring,0.5,train,0.43784209441340005,False
sample_06788.jpg,SRC_091,-40.0,180.0,72.511342,N-summer,0.5,train,0.3848626237886509,False
sample_06789.jpg,SRC_006,-15.0,180.0,65.638079,N-spring,0.5,train,0.4965338232682021,False
sample_06790.jpg,SRC_071,20.0,180.0,40.070501,N-spring,0.25,train,0.38863676642544487,False
sample_06791.jpg,SRC_092,5.0,180.0,57.429528,N-autumn,0.25,validation,0.48305256827214854,False
sample_06792.jpg,SRC_076,25.0,180.0,63.632584,N-autumn,0.25,validation,0.38425501940436196,False
sample_06793.jpg,SRC_163,0.0,180.0,39.987447,N-winter,0.25,train,0.38858329437062167,False
sample_06794.jpg,SRC_006,-15.0,180.0,65.638079,N-spring,0.5,train,0.4800418385702006,False
sample_06795.jpg,SRC_096,25.0,180.0,40.422288,N-spring,0.25,calibration,0.39073408323327624,False
sample_06796.jpg,SRC_063,25.0,180.0,41.329237,N-spring,0.25,train,0.49281573200209283,False
sample_06797.jpg,SRC_115,25.0,180.0,41.8845,N-spring,0.25,train,0.5103611208066321,False
sample_06798.jpg,SRC_146,10.0,180.0,58.0428,N-summer,0.5,validation,0.4074394203652617,False
sample_06799.jpg,SRC_042,10.0,180.0,36.92431,N-spring,0.5,train,0.4036198796190293,False
sample_06800.jpg,SRC_117,-90.0,0.0,60.317034,N-winter,0.25,train,0.4605510884872833,False
sample_06801.jpg,SRC_061,50.0,180.0,43.110277,N-spring,0.5,train,0.4497721503779803,False
sample_06802.jpg,SRC_121,25.0,180.0,67.446292,N-autumn,0.5,validation,0.37974323289523254,False
sample_06803.jpg,SRC_040,90.0,0.0,57.651744,N-spring,0.5,validation,0.39446521855456335,False
sample_06804.jpg,SRC_109,50.0,180.0,54.137665,N-summer,0.25,validation,0.38209843674203847,False
sample_06805.jpg,SRC_127,-35.0,180.0,47.507974,N-autumn,0.5,train,0.3936872455676772,False
sample_06806.jpg,SRC_005,0.0,180.0,55.846781,N-summer,0.5,calibration,0.38447254215623367,False
sample_06807.jpg,SRC_094,20.0,180.0,66.934532,N-autumn,0.25,train,0.507126517106269,False
sample_06808.jpg,SRC_153,-40.0,180.0,43.960452,N-autumn,0.25,train,0.39644773905027464,False
sample_06809.jpg,SRC_124,0.0,180.0,51.928413,N-summer,0.25,train,0.40568401561843315,False
sample_06810.jpg,SRC_111,-35.0,180.0,79.069883,N-spring,1.0,train,0.44815093001368195,False
sample_06811.jpg,SRC_095,-20.0,180.0,56.495654,N-spring,0.5,train,0.3921001841181121,False
sample_06812.jpg,SRC_036,5.0,180.0,52.749586,N-summer,0.25,train,0.5087084498432692,False
sample_06813.jpg,SRC_062,45.0,180.0,81.508965,N-autumn,0.5,train,0.39895549306430517,False
sample_06814.jpg,SRC_148,-15.0,180.0,49.227137,N-autumn,0.25,train,0.41767103933673627,False
sample_06815.jpg,SRC_009,-25.0,180.0,73.827745,N-spring,0.5,train,0.4850322147999906,False
sample_06816.jpg,SRC_111,-35.0,180.0,79.069883,N-spring,1.0,train,0.4874055576630858,False
sample_06817.jpg,SRC_104,25.0,180.0,45.102036,N-summer,0.5,calibration,0.4546123859106805,False
sample_06818.jpg,SRC_038,-15.0,180.0,32.097448,N-winter,0.25,validation,0.3899912734320707,False
sample_06819.jpg,SRC_061,50.0,180.0,43.110277,N-spring,0.5,train,0.48603096464389167,False
sample_06820.jpg,SRC_106,25.0,180.0,40.638999,N-spring,0.5,validation,0.5274446468089777,False
sample_06821.jpg,SRC_103,-35.0,180.0,57.090396,N-autumn,0.25,train,0.38828376930439445,False
sample_06822.jpg,SRC_169,40.0,180.0,48.615664,N-summer,0.25,validation,0.3795326712148041,False
sample_06823.jpg,SRC_126,-20.0,180.0,68.779144,N-summer,0.5,train,0.4160741112189563,False
sample_06824.jpg,SRC_140,35.0,180.0,44.85556,N-spring,0.25,validation,0.39150084972311044,False
sample_06825.jpg,SRC_151,-15.0,180.0,63.408071,N-summer,0.5,train,0.4270004150711178,False
sample_06826.jpg,SRC_114,-10.0,180.0,58.176498,N-autumn,0.5,calibration,0.49146088783242153,False
sample_06827.jpg,SRC_097,0.0,180.0,35.318175,N-winter,0.25,train,0.40128925918305125,False
sample_06828.jpg,SRC_092,5.0,180.0,57.429528,N-autumn,0.25,validation,0.38284779754854803,False
sample_06829.jpg,SRC_093,-25.0,180.0,43.343655,N-autumn,0.5,calibration,0.47783620035390884,False
sample_06830.jpg,SRC_009,-25.0,180.0,73.827745,N-spring,0.5,train,0.3978105985203843,False
sample_06831.jpg,SRC_037,15.0,180.0,44.468297,N-spring,0.25,calibration,0.44833806290109407,False
sample_06832.jpg,SRC_169,40.0,180.0,48.615664,N-summer,0.25,validation,0.37659080842218523,False
sample_06833.jpg,SRC_153,-40.0,180.0,43.960452,N-autumn,0.25,train,0.4308295213196237,False
sample_06834.jpg,SRC_114,-10.0,180.0,58.176498,N-autumn,0.5,calibration,0.3783106242342448,False
sample_06835.jpg,SRC_168,90.0,0.0,64.709631,N-summer,0.25,train,0.5324744357460617,False
sample_06836.jpg,SRC_009,-25.0,180.0,73.827745,N-spring,0.5,train,0.4022068395892132,False
sample_06837.jpg,SRC_114,-10.0,180.0,58.176498,N-autumn,0.5,calibration,0.5076050650420539,False
sample_06838.jpg,SRC_170,-20.0,180.0,56.332579,N-autumn,0.25,train,0.405072442772165,False
sample_06839.jpg,SRC_049,5.0,180.0,42.94902,N-spring,0.25,train,0.4800449115887443,False
sample_06840.jpg,SRC_124,0.0,180.0,51.928413,N-summer,0.25,train,0.39225102016361424,False
sample_06841.jpg,SRC_009,-25.0,180.0,73.827745,N-spring,0.5,train,0.4231094067607061,False
sample_06842.jpg,SRC_124,0.0,180.0,51.928413,N-summer,0.25,train,0.3881939557747471,False
sample_06843.jpg,SRC_030,-25.0,180.0,67.936804,N-spring,0.5,train,0.38431855630656603,False
sample_06844.jpg,SRC_108,-40.0,180.0,68.856247,N-summer,0.5,validation,0.383269809782233,False
sample_06845.jpg,SRC_134,-30.0,180.0,69.607895,N-spring,0.5,train,0.3987742168897356,False
sample_06846.jpg,SRC_107,20.0,180.0,65.68027,N-autumn,0.5,train,0.39236456413846516,False
sample_06847.jpg,SRC_127,-35.0,180.0,47.507974,N-autumn,0.5,train,0.38444804942675764,False
sample_06848.jpg,SRC_103,-35.0,180.0,57.090396,N-autumn,0.25,train,0.3967478660473207,False
sample_06849.jpg,SRC_123,0.0,180.0,54.598149,N-autumn,0.5,train,0.413421114073982,False
sample_06850.jpg,SRC_067,-15.0,180.0,64.724247,N-spring,0.5,calibration,0.4711782042670573,False
sample_06851.jpg,SRC_108,-40.0,180.0,68.856247,N-summer,0.5,validation,0.49298758463318115,False
sample_06852.jpg,SRC_096,25.0,180.0,40.422288,N-spring,0.25,calibration,0.4237088579490459,False
sample_06853.jpg,SRC_051,20.0,180.0,63.609319,N-autumn,0.5,train,0.38524274535804826,False
sample_06854.jpg,SRC_157,40.0,180.0,44.22455,N-summer,0.25,train,0.4849497647829176,False
sample_06855.jpg,SRC_012,-90.0,0.0,85.677016,N-autumn,0.5,train,0.3797696393418007,False
sample_06856.jpg,SRC_130,25.0,180.0,37.507656,N-spring,0.25,validation,0.4959521749101799,False
sample_06857.jpg,SRC_075,-90.0,0.0,65.329336,N-winter,0.25,train,0.43665430827303703,False
sample_06858.jpg,SRC_095,-20.0,180.0,56.495654,N-spring,0.5,train,0.3895508562798624,False
sample_06859.jpg,SRC_115,25.0,180.0,41.8845,N-spring,0.25,train,0.4128588943249449,False
sample_06860.jpg,SRC_145,-5.0,180.0,52.15166,N-spring,0.25,train,0.41632320359238256,False
sample_06861.jpg,SRC_026,90.0,0.0,57.238404,N-spring,0.25,train,0.4425245887617919,False
sample_06862.jpg,SRC_024,10.0,180.0,53.725813,N-summer,0.25,calibration,0.4370233530528537,False
sample_06863.jpg,SRC_110,90.0,0.0,59.038071,N-summer,0.25,train,0.4768142871332324,False
sample_06864.jpg,SRC_004,30.0,180.0,61.107468,N-autumn,0.5,train,0.3738564899108531,False
sample_06865.jpg,SRC_004,30.0,180.0,61.107468,N-autumn,0.5,train,0.38248778506645315,False
sample_06866.jpg,SRC_116,5.0,180.0,41.203028,N-spring,0.25,calibration,0.4265951032702652,False
sample_06867.jpg,SRC_043,10.0,180.0,50.433279,N-summer,0.5,calibration,0.38361879125586235,False
sample_06868.jpg,SRC_027,35.0,180.0,41.369436,N-spring,0.5,calibration,0.37999168001649697,False
sample_06869.jpg,SRC_121,25.0,180.0,67.446292,N-autumn,0.5,validation,0.3987384801530781,False
sample_06870.jpg,SRC_034,40.0,180.0,46.055099,N-summer,0.25,train,0.374273686320766,False
sample_06871.jpg,SRC_148,-15.0,180.0,49.227137,N-autumn,0.25,train,0.43793836564252153,False
sample_06872.jpg,SRC_108,-40.0,180.0,68.856247,N-summer,0.5,validation,0.39292193145334336,False
sample_06873.jpg,SRC_073,45.0,180.0,41.537171,N-spring,0.25,train,0.386140213030066,False
sample_06874.jpg,SRC_088,0.0,180.0,53.004483,N-summer,0.25,train,0.4014328369772649,False
sample_06875.jpg,SRC_015,20.0,180.0,46.484204,N-summer,0.25,train,0.3814593333958137,False
sample_06876.jpg,SRC_027,35.0,180.0,41.369436,N-spring,0.5,calibration,0.38548057066809976,False
sample_06877.jpg,SRC_013,50.0,180.0,54.051464,N-spring,0.5,train,0.3764818855959518,False
sample_06878.jpg,SRC_015,20.0,180.0,46.484204,N-summer,0.25,train,0.3797153214238319,False
sample_06879.jpg,SRC_103,-35.0,180.0,57.090396,N-autumn,0.25,train,0.3961300481874868,False
sample_06880.jpg,SRC_148,-15.0,180.0,49.227137,N-autumn,0.25,train,0.45486011688894823,False
sample_06881.jpg,SRC_036,5.0,180.0,52.749586,N-summer,0.25,train,0.38960000922093935,False
sample_06882.jpg,SRC_005,0.0,180.0,55.846781,N-summer,0.5,calibration,0.399917289296971,False
sample_06883.jpg,SRC_095,-20.0,180.0,56.495654,N-spring,0.5,train,0.476278727010773,False
sample_06884.jpg,SRC_057,-5.0,180.0,57.599617,N-summer,0.25,train,0.4135946622513266,False
sample_06885.jpg,SRC_009,-25.0,180.0,73.827745,N-spring,0.5,train,0.39142044518808516,False
sample_06886.jpg,SRC_009,-25.0,180.0,73.827745,N-spring,0.5,train,0.48393613036228444,False
sample_06887.jpg,SRC_130,25.0,180.0,37.507656,N-spring,0.25,validation,0.5242501777652334,False
sample_06888.jpg,SRC_100,20.0,180.0,41.506528,N-spring,0.25,train,0.3951396333508116,False
sample_06889.jpg,SRC_030,-25.0,180.0,67.936804,N-spring,0.5,train,0.3870748222469945,False
sample_06890.jpg,SRC_030,-25.0,180.0,67.936804,N-spring,0.5,train,0.38188047391348945,False
sample_06891.jpg,SRC_088,0.0,180.0,53.004483,N-summer,0.25,train,0.4006812379645471,False
sample_06892.jpg,SRC_054,5.0,180.0,37.41608,N-winter,0.25,calibration,0.46389153431953833,False
sample_06893.jpg,SRC_124,0.0,180.0,51.928413,N-summer,0.25,train,0.40851083978603214,False
sample_06894.jpg,SRC_066,-10.0,180.0,61.81065,N-summer,0.5,validation,0.38396463775769246,False
sample_06895.jpg,SRC_106,25.0,180.0,40.638999,N-spring,0.5,validation,0.40555742858929567,False
sample_06896.jpg,SRC_047,0.0,180.0,48.028677,N-spring,0.5,train,0.46513490864774704,False
sample_06897.jpg,SRC_093,-25.0,180.0,43.343655,N-autumn,0.5,calibration,0.39046564129522027,False
sample_06898.jpg,SRC_121,25.0,180.0,67.446292,N-autumn,0.5,validation,0.38604717878288347,False
sample_06899.jpg,SRC_076,25.0,180.0,63.632584,N-autumn,0.25,validation,0.3856845981221473,False
sample_06900.jpg,SRC_030,-25.0,180.0,67.936804,N-spring,0.5,train,0.387008174709791,False
sample_06901.jpg,SRC_126,-20.0,180.0,68.779144,N-summer,0.5,train,0.5304431457868211,False
sample_06902.jpg,SRC_146,10.0,180.0,58.0428,N-summer,0.5,validation,0.43720266092210824,False
sample_06903.jpg,SRC_097,0.0,180.0,35.318175,N-winter,0.25,train,0.38470515703209734,False
sample_06904.jpg,SRC_004,30.0,180.0,61.107468,N-autumn,0.5,train,0.38403204195280505,False
sample_06905.jpg,SRC_047,0.0,180.0,48.028677,N-spring,0.5,train,0.4488626722968657,False
sample_06906.jpg,SRC_169,40.0,180.0,48.615664,N-summer,0.25,validation,0.3722894343503131,False
sample_06907.jpg,SRC_108,-40.0,180.0,68.856247,N-summer,0.5,validation,0.3902599330072948,False
sample_06908.jpg,SRC_170,-20.0,180.0,56.332579,N-autumn,0.25,train,0.39699171175098197,False
sample_06909.jpg,SRC_093,-25.0,180.0,43.343655,N-autumn,0.5,calibration,0.3946207642238232,False
sample_06910.jpg,SRC_139,40.0,180.0,53.533251,N-winter,0.25,train,0.3955947951392961,False
sample_06911.jpg,SRC_108,-40.0,180.0,68.856247,N-summer,0.5,validation,0.37439941817246514,False
sample_06912.jpg,SRC_171,-35.0,180.0,63.65778,N-spring,0.25,calibration,0.39991986492546616,False
sample_06913.jpg,SRC_013,50.0,180.0,54.051464,N-spring,0.5,train,0.3800704748274889,False
sample_06914.jpg,SRC_170,-20.0,180.0,56.332579,N-autumn,0.25,train,0.5203679734985178,False
sample_06915.jpg,SRC_089,10.0,180.0,48.442522,N-winter,0.25,validation,0.3925287992307907,False
sample_06916.jpg,SRC_092,5.0,180.0,57.429528,N-autumn,0.25,validation,0.4016121816609014,False
sample_06917.jpg,SRC_122,-5.0,180.0,57.310506,N-summer,0.25,train,0.5092781271376803,False
sample_06918.jpg,SRC_006,-15.0,180.0,65.638079,N-spring,0.5,train,0.4022570149017165,False
sample_06919.jpg,SRC_013,50.0,180.0,54.051464,N-spring,0.5,train,0.3675480711070934,False
sample_06920.jpg,SRC_093,-25.0,180.0,43.343655,N-autumn,0.5,calibration,0.40100676297135535,False
sample_06921.jpg,SRC_108,-40.0,180.0,68.856247,N-summer,0.5,validation,0.3942318949054085,False
sample_06922.jpg,SRC_003,0.0,180.0,38.090051,N-spring,0.25,train,0.38366817931294733,False
sample_06923.jpg,SRC_172,55.0,180.0,47.744159,N-summer,0.25,train,0.44260044281210326,False
sample_06924.jpg,SRC_014,-40.0,180.0,38.480327,N-winter,0.25,calibration,0.4724824478422951,False
sample_06925.jpg,SRC_107,20.0,180.0,65.68027,N-autumn,0.5,train,0.4744945708416847,False
sample_06926.jpg,SRC_101,5.0,180.0,48.479381,N-winter,0.25,validation,0.4759815496291231,False
sample_06927.jpg,SRC_029,-5.0,180.0,45.485648,N-autumn,0.25,train,0.3872225739882552,False
sample_06928.jpg,SRC_143,90.0,0.0,68.916652,N-spring,0.5,validation,0.47803442967003146,False
sample_06929.jpg,SRC_133,-10.0,180.0,48.887369,N-spring,0.5,calibration,0.4082241398131593,False
sample_06930.jpg,SRC_028,10.0,180.0,42.894848,N-spring,0.25,calibration,0.38338276724937476,False
sample_06931.jpg,SRC_036,5.0,180.0,52.749586,N-summer,0.25,train,0.47674156496970166,False
sample_06932.jpg,SRC_052,5.0,180.0,51.705435,N-summer,0.25,train,0.5076526922722846,False
sample_06933.jpg,SRC_099,15.0,180.0,42.024472,N-spring,0.5,train,0.47691205954077825,False
sample_06934.jpg,SRC_171,-35.0,180.0,63.65778,N-spring,0.25,calibration,0.3923988185503882,False
sample_06935.jpg,SRC_112,-30.0,180.0,67.516648,N-spring,0.5,train,0.40454757225553467,False
sample_06936.jpg,SRC_127,-35.0,180.0,47.507974,N-autumn,0.5,train,0.39902098098170796,False
sample_06937.jpg,SRC_084,-10.0,180.0,58.957849,N-summer,0.25,train,0.3909145770852914,False
sample_06938.jpg,SRC_032,-5.0,180.0,52.490186,N-spring,0.25,train,0.42479480793989266,False
sample_06939.jpg,SRC_015,20.0,180.0,46.484204,N-summer,0.25,train,0.39133100422460493,False
sample_06940.jpg,SRC_049,5.0,180.0,42.94902,N-spring,0.25,train,0.4768624069966583,False
sample_06941.jpg,SRC_056,-40.0,180.0,74.660587,N-summer,0.5,train,0.4708795910340281,False
sample_06942.jpg,SRC_148,-15.0,180.0,49.227137,N-autumn,0.25,train,0.4373856516209026,False
sample_06943.jpg,SRC_148,-15.0,180.0,49.227137,N-autumn,0.25,train,0.42984461993945117,False
sample_06944.jpg,SRC_022,20.0,180.0,41.513642,N-spring,0.25,train,0.5328407560380304,False
sample_06945.jpg,SRC_157,40.0,180.0,44.22455,N-summer,0.25,train,0.3854505655378265,False
sample_06946.jpg,SRC_026,90.0,0.0,57.238404,N-spring,0.25,train,0.431828527645746,False
sample_06947.jpg,SRC_037,15.0,180.0,44.468297,N-spring,0.25,calibration,0.3872381131656912,False
sample_06948.jpg,SRC_170,-20.0,180.0,56.332579,N-autumn,0.25,train,0.4025522587531317,False
sample_06949.jpg,SRC_006,-15.0,180.0,65.638079,N-spring,0.5,train,0.40025916604686695,False
sample_06950.jpg,SRC_073,45.0,180.0,41.537171,N-spring,0.25,train,0.4042571716166575,False
sample_06951.jpg,SRC_115,25.0,180.0,41.8845,N-spring,0.25,train,0.4896351330221648,False
sample_06952.jpg,SRC_124,0.0,180.0,51.928413,N-summer,0.25,train,0.41441334265933916,False
sample_06953.jpg,SRC_051,20.0,180.0,63.609319,N-autumn,0.5,train,0.4602179499536372,False
sample_06954.jpg,SRC_104,25.0,180.0,45.102036,N-summer,0.5,calibration,0.4301494677647719,False
sample_06955.jpg,SRC_073,45.0,180.0,41.537171,N-spring,0.25,train,0.3795363950752337,False
sample_06956.jpg,SRC_076,25.0,180.0,63.632584,N-autumn,0.25,validation,0.4057739477682012,False
sample_06957.jpg,SRC_027,35.0,180.0,41.369436,N-spring,0.5,calibration,0.4826945851138681,False
sample_06958.jpg,SRC_140,35.0,180.0,44.85556,N-spring,0.25,validation,0.4889070248741886,False
sample_06959.jpg,SRC_074,0.0,180.0,50.25459,N-spring,0.5,train,0.3900351402176284,False
sample_06960.jpg,SRC_006,-15.0,180.0,65.638079,N-spring,0.5,train,0.406415451034695,False
sample_06961.jpg,SRC_084,-10.0,180.0,58.957849,N-summer,0.25,train,0.38328344384446306,False
sample_06962.jpg,SRC_058,30.0,180.0,69.060883,N-autumn,0.5,train,0.40231435495935175,False
sample_06963.jpg,SRC_166,90.0,0.0,60.094207,N-spring,0.5,train,0.49143488205713864,False
sample_06964.jpg,SRC_162,-90.0,0.0,77.7898,N-winter,0.25,train,0.421373960978479,False
sample_06965.jpg,SRC_091,-40.0,180.0,72.511342,N-summer,0.5,train,0.3901423324452053,False
sample_06966.jpg,SRC_013,50.0,180.0,54.051464,N-spring,0.5,train,0.38602164259599364,False
sample_06967.jpg,SRC_042,10.0,180.0,36.92431,N-spring,0.5,train,0.38084426318748044,False
sample_06968.jpg,SRC_082,-10.0,180.0,60.444036,N-spring,0.25,train,0.3992507851031564,False
sample_06969.jpg,SRC_026,90.0,0.0,57.238404,N-spring,0.25,train,0.4587685498146086,False
sample_06970.jpg,SRC_047,0.0,180.0,48.028677,N-spring,0.5,train,0.4373787964835222,False
sample_06971.jpg,SRC_144,-35.0,180.0,76.731052,N-spring,0.5,train,0.4328996388688154,False
sample_06972.jpg,SRC_009,-25.0,180.0,73.827745,N-spring,0.5,train,0.39813077954994003,False
sample_06973.jpg,SRC_133,-10.0,180.0,48.887369,N-spring,0.5,calibration,0.4803900218232961,False
sample_06974.jpg,SRC_081,-90.0,0.0,74.772433,N-autumn,0.25,train,0.5039380972989222,False
sample_06975.jpg,SRC_156,10.0,180.0,48.737382,N-summer,0.25,train,0.4740056218116854,False
sample_06976.jpg,SRC_142,-30.0,180.0,34.276784,N-winter,0.25,train,0.49100366405828194,False
sample_06977.jpg,SRC_144,-35.0,180.0,76.731052,N-spring,0.5,train,0.4261884695683628,False
sample_06978.jpg,SRC_129,20.0,180.0,41.057252,N-spring,0.25,train,0.5109990622242093,False
sample_06979.jpg,SRC_051,20.0,180.0,63.609319,N-autumn,0.5,train,0.46071552193782067,False
sample_06980.jpg,SRC_103,-35.0,180.0,57.090396,N-autumn,0.25,train,0.3847156308878372,False
sample_06981.jpg,SRC_081,-90.0,0.0,74.772433,N-autumn,0.25,train,0.4742169320796715,False
sample_06982.jpg,SRC_148,-15.0,180.0,49.227137,N-autumn,0.25,train,0.4259825835481285,False
sample_06983.jpg,SRC_091,-40.0,180.0,72.511342,N-summer,0.5,train,0.39435954213326413,False
sample_06984.jpg,SRC_114,-10.0,180.0,58.176498,N-autumn,0.5,calibration,0.41880776960778876,False
sample_06985.jpg,SRC_076,25.0,180.0,63.632584,N-autumn,0.25,validation,0.39229948604313114,False
sample_06986.jpg,SRC_040,90.0,0.0,57.651744,N-spring,0.5,validation,0.4122743410497279,False
sample_06987.jpg,SRC_130,25.0,180.0,37.507656,N-spring,0.25,validation,0.4695788321966283,False
sample_06988.jpg,SRC_131,10.0,180.0,60.540464,N-autumn,0.5,train,0.4133439757076037,False
sample_06989.jpg,SRC_062,45.0,180.0,81.508965,N-autumn,0.5,train,0.3923322135603114,False
sample_06990.jpg,SRC_007,20.0,180.0,49.485932,N-winter,0.25,validation,0.3824595521104118,False
sample_06991.jpg,SRC_111,-35.0,180.0,79.069883,N-spring,1.0,train,0.40627998621451483,False
sample_06992.jpg,SRC_115,25.0,180.0,41.8845,N-spring,0.25,train,0.4212517187679647,False
sample_06993.jpg,SRC_131,10.0,180.0,60.540464,N-autumn,0.5,train,0.41366019041945534,False
sample_06994.jpg,SRC_142,-30.0,180.0,34.276784,N-winter,0.25,train,0.5210723284391428,False
sample_06995.jpg,SRC_014,-40.0,180.0,38.480327,N-winter,0.25,calibration,0.3796921873025543,False
sample_06996.jpg,SRC_081,-90.0,0.0,74.772433,N-autumn,0.25,train,0.5200635736662811,False
sample_06997.jpg,SRC_116,5.0,180.0,41.203028,N-spring,0.25,calibration,0.4468731044799633,False
sample_06998.jpg,SRC_070,60.0,180.0,58.788969,N-summer,0.5,validation,0.5205328048502962,False
sample_06999.jpg,SRC_134,-30.0,180.0,69.607895,N-spring,0.5,train,0.39660666509452763,False
sample_07000.jpg,SRC_004,30.0,180.0,61.107468,N-autumn,0.5,train,0.38317831183348483,False
sample_07001.jpg,SRC_015,20.0,180.0,46.484204,N-summer,0.25,train,0.3888873153272532,False
sample_07002.jpg,SRC_091,-40.0,180.0,72.511342,N-summer,0.5,train,0.4007964398515382,False
sample_07003.jpg,SRC_054,5.0,180.0,37.41608,N-winter,0.25,calibration,0.5191697847287599,False
sample_07004.jpg,SRC_050,0.0,180.0,53.680047,N-summer,0.25,calibration,0.45616530023073515,False
sample_07005.jpg,SRC_103,-35.0,180.0,57.090396,N-autumn,0.25,train,0.39278637984289405,False
sample_07006.jpg,SRC_091,-40.0,180.0,72.511342,N-summer,0.5,train,0.38828468319242415,False
sample_07007.jpg,SRC_050,0.0,180.0,53.680047,N-summer,0.25,calibration,0.49311391519491077,False
sample_07008.jpg,SRC_014,-40.0,180.0,38.480327,N-winter,0.25,calibration,0.3914879565894953,False
sample_07009.jpg,SRC_150,10.0,180.0,50.798821,N-summer,0.5,train,0.393439149001846,False
sample_07010.jpg,SRC_030,-25.0,180.0,67.936804,N-spring,0.5,train,0.49845846975179303,False
sample_07011.jpg,SRC_067,-15.0,180.0,64.724247,N-spring,0.5,calibration,0.48792082470083536,False
sample_07012.jpg,SRC_074,0.0,180.0,50.25459,N-spring,0.5,train,0.5221384343114732,False
sample_07013.jpg,SRC_159,20.0,180.0,67.076816,N-autumn,0.25,train,0.3871085770478255,False
sample_07014.jpg,SRC_145,-5.0,180.0,52.15166,N-spring,0.25,train,0.45348405765521616,False
sample_07015.jpg,SRC_040,90.0,0.0,57.651744,N-spring,0.5,validation,0.3945764467114,False
sample_07016.jpg,SRC_025,-35.0,180.0,74.862823,N-summer,0.5,calibration,0.40496047732632423,False
sample_07017.jpg,SRC_099,15.0,180.0,42.024472,N-spring,0.5,train,0.3824851240620979,False
sample_07018.jpg,SRC_158,-5.0,180.0,35.954137,N-winter,0.25,train,0.3904442810601897,False
sample_07019.jpg,SRC_047,0.0,180.0,48.028677,N-spring,0.5,train,0.444204153132683,False
sample_07020.jpg,SRC_042,10.0,180.0,36.92431,N-spring,0.5,train,0.38192744019704883,False
sample_07021.jpg,SRC_092,5.0,180.0,57.429528,N-autumn,0.25,validation,0.40427767691367816,False
sample_07022.jpg,SRC_107,20.0,180.0,65.68027,N-autumn,0.5,train,0.4644142938138526,False
sample_07023.jpg,SRC_059,15.0,180.0,48.046698,N-summer,0.25,train,0.47446750568737495,False
sample_07024.jpg,SRC_112,-30.0,180.0,67.516648,N-spring,0.5,train,0.39544559606669416,False
sample_07025.jpg,SRC_030,-25.0,180.0,67.936804,N-spring,0.5,train,0.3932058378574136,False
sample_07026.jpg,SRC_115,25.0,180.0,41.8845,N-spring,0.25,train,0.40733494716994734,False
sample_07027.jpg,SRC_041,15.0,180.0,46.712049,N-summer,0.25,calibration,0.3874971557252717,False
sample_07028.jpg,SRC_069,25.0,180.0,48.120522,N-summer,0.5,train,0.49212698555489326,False
sample_07029.jpg,SRC_092,5.0,180.0,57.429528,N-autumn,0.25,validation,0.3870734211433578,False
sample_07030.jpg,SRC_087,0.0,180.0,54.65824,N-summer,0.25,train,0.3938973372923118,False
sample_07031.jpg,SRC_148,-15.0,180.0,49.227137,N-autumn,0.25,train,0.41091135991836375,False
sample_07032.jpg,SRC_082,-10.0,180.0,60.444036,N-spring,0.25,train,0.3856791666442522,False
sample_07033.jpg,SRC_063,25.0,180.0,41.329237,N-spring,0.25,train,0.41735383707904716,False
sample_07034.jpg,SRC_083,0.0,180.0,55.378885,N-spring,0.25,train,0.5226039117214242,False
sample_07035.jpg,SRC_027,35.0,180.0,41.369436,N-spring,0.5,calibration,0.3908786131813836,False
sample_07036.jpg,SRC_066,-10.0,180.0,61.81065,N-summer,0.5,validation,0.39821059450485696,False
sample_07037.jpg,SRC_142,-30.0,180.0,34.276784,N-winter,0.25,train,0.44809532163184845,False
sample_07038.jpg,SRC_080,-25.0,180.0,69.726065,N-summer,0.25,calibration,0.4747316019519451,False
sample_07039.jpg,SRC_108,-40.0,180.0,68.856247,N-summer,0.5,validation,0.42728398301792375,False
sample_07040.jpg,SRC_100,20.0,180.0,41.506528,N-spring,0.25,train,0.4858078691168428,False
sample_07041.jpg,SRC_047,0.0,180.0,48.028677,N-spring,0.5,train,0.4226627712283294,False
sample_07042.jpg,SRC_005,0.0,180.0,55.846781,N-summer,0.5,calibration,0.37999679216711263,False
sample_07043.jpg,SRC_029,-5.0,180.0,45.485648,N-autumn,0.25,train,0.4868438166295551,False
sample_07044.jpg,SRC_005,0.0,180.0,55.846781,N-summer,0.5,calibration,0.3977000741245477,False
sample_07045.jpg,SRC_097,0.0,180.0,35.318175,N-winter,0.25,train,0.40514064253822857,False
sample_07046.jpg,SRC_009,-25.0,180.0,73.827745,N-spring,0.5,train,0.39798182034119894,False
sample_07047.jpg,SRC_023,-10.0,180.0,50.837437,N-spring,0.25,train,0.49652650085578537,False
sample_07048.jpg,SRC_028,10.0,180.0,42.894848,N-spring,0.25,calibration,0.4371973376025789,False
sample_07049.jpg,SRC_121,25.0,180.0,67.446292,N-autumn,0.5,validation,0.39080550180409757,False
sample_07050.jpg,SRC_144,-35.0,180.0,76.731052,N-spring,0.5,train,0.40340830543485745,False
sample_07051.jpg,SRC_069,25.0,180.0,48.120522,N-summer,0.5,train,0.4762281724951821,False
sample_07052.jpg,SRC_070,60.0,180.0,58.788969,N-summer,0.5,validation,0.49918813051663535,False
sample_07053.jpg,SRC_144,-35.0,180.0,76.731052,N-spring,0.5,train,0.4315447135476199,False
sample_07054.jpg,SRC_140,35.0,180.0,44.85556,N-spring,0.25,validation,0.4651018400755597,False
sample_07055.jpg,SRC_111,-35.0,180.0,79.069883,N-spring,1.0,train,0.4207538372491554,False
sample_07056.jpg,SRC_108,-40.0,180.0,68.856247,N-summer,0.5,validation,0.3706114625888337,False
sample_07057.jpg,SRC_126,-20.0,180.0,68.779144,N-summer,0.5,train,0.3822853752303961,False
sample_07058.jpg,SRC_146,10.0,180.0,58.0428,N-summer,0.5,validation,0.47468237677899133,False
sample_07059.jpg,SRC_099,15.0,180.0,42.024472,N-spring,0.5,train,0.4373347674286638,False
sample_07060.jpg,SRC_115,25.0,180.0,41.8845,N-spring,0.25,train,0.4207757723053823,False
sample_07061.jpg,SRC_135,5.0,180.0,41.328761,N-winter,0.5,train,0.4526382243004606,False
sample_07062.jpg,SRC_091,-40.0,180.0,72.511342,N-summer,0.5,train,0.43876323484748847,False
sample_07063.jpg,SRC_144,-35.0,180.0,76.731052,N-spring,0.5,train,0.4408762799573715,False
sample_07064.jpg,SRC_032,-5.0,180.0,52.490186,N-spring,0.25,train,0.4379171375976636,False
sample_07065.jpg,SRC_112,-30.0,180.0,67.516648,N-spring,0.5,train,0.40841237364300315,False
sample_07066.jpg,SRC_023,-10.0,180.0,50.837437,N-spring,0.25,train,0.3708230577121455,False
sample_07067.jpg,SRC_158,-5.0,180.0,35.954137,N-winter,0.25,train,0.5082801408255463,False
sample_07068.jpg,SRC_127,-35.0,180.0,47.507974,N-autumn,0.5,train,0.49648329301967353,False
sample_07069.jpg,SRC_108,-40.0,180.0,68.856247,N-summer,0.5,validation,0.39055218737579833,False
sample_07070.jpg,SRC_124,0.0,180.0,51.928413,N-summer,0.25,train,0.4695262924224899,False
sample_07071.jpg,SRC_009,-25.0,180.0,73.827745,N-spring,0.5,train,0.4287938246458469,False
sample_07072.jpg,SRC_112,-30.0,180.0,67.516648,N-spring,0.5,train,0.49462093514401906,False
sample_07073.jpg,SRC_091,-40.0,180.0,72.511342,N-summer,0.5,train,0.4033078860160968,False
sample_07074.jpg,SRC_127,-35.0,180.0,47.507974,N-autumn,0.5,train,0.3752766710425576,False
sample_07075.jpg,SRC_063,25.0,180.0,41.329237,N-spring,0.25,train,0.3822116094527127,False
sample_07076.jpg,SRC_168,90.0,0.0,64.709631,N-summer,0.25,train,0.5193825699663088,False
sample_07077.jpg,SRC_035,0.0,180.0,56.990187,N-autumn,0.25,train,0.3825375518665667,False
sample_07078.jpg,SRC_109,50.0,180.0,54.137665,N-summer,0.25,validation,0.3865951578617538,False
sample_07079.jpg,SRC_089,10.0,180.0,48.442522,N-winter,0.25,validation,0.4098305188391225,False
sample_07080.jpg,SRC_030,-25.0,180.0,67.936804,N-spring,0.5,train,0.4413082196868812,False
sample_07081.jpg,SRC_121,25.0,180.0,67.446292,N-autumn,0.5,validation,0.38954951872643007,False
sample_07082.jpg,SRC_126,-20.0,180.0,68.779144,N-summer,0.5,train,0.5146537041397314,False
sample_07083.jpg,SRC_030,-25.0,180.0,67.936804,N-spring,0.5,train,0.3881305860357253,False
sample_07084.jpg,SRC_168,90.0,0.0,64.709631,N-summer,0.25,train,0.522247544996066,False
sample_07085.jpg,SRC_091,-40.0,180.0,72.511342,N-summer,0.5,train,0.385370801102335,False
sample_07086.jpg,SRC_046,0.0,180.0,58.061031,N-autumn,0.25,validation,0.41713283683172264,False
sample_07087.jpg,SRC_143,90.0,0.0,68.916652,N-spring,0.5,validation,0.4020781909454111,False
sample_07088.jpg,SRC_099,15.0,180.0,42.024472,N-spring,0.5,train,0.3789530422804888,False
sample_07089.jpg,SRC_168,90.0,0.0,64.709631,N-summer,0.25,train,0.4488144440736768,False
sample_07090.jpg,SRC_165,10.0,180.0,42.451267,N-winter,0.25,calibration,0.3964902569249401,False
sample_07091.jpg,SRC_153,-40.0,180.0,43.960452,N-autumn,0.25,train,0.3940727215165216,False
sample_07092.jpg,SRC_047,0.0,180.0,48.028677,N-spring,0.5,train,0.4570606531122972,False
sample_07093.jpg,SRC_122,-5.0,180.0,57.310506,N-summer,0.25,train,0.41402518668346816,False
sample_07094.jpg,SRC_126,-20.0,180.0,68.779144,N-summer,0.5,train,0.480082872245844,False
sample_07095.jpg,SRC_076,25.0,180.0,63.632584,N-autumn,0.25,validation,0.4022221373818672,False
sample_07096.jpg,SRC_009,-25.0,180.0,73.827745,N-spring,0.5,train,0.3900234385692962,False
sample_07097.jpg,SRC_139,40.0,180.0,53.533251,N-winter,0.25,train,0.4119583945839535,False
sample_07098.jpg,SRC_146,10.0,180.0,58.0428,N-summer,0.5,validation,0.4163238781021098,False
sample_07099.jpg,SRC_108,-40.0,180.0,68.856247,N-summer,0.5,validation,0.38898014023818334,False
sample_07100.jpg,SRC_146,10.0,180.0,58.0428,N-summer,0.5,validation,0.4026302680959031,False
sample_07101.jpg,SRC_091,-40.0,180.0,72.511342,N-summer,0.5,train,0.3799194788583614,False
sample_07102.jpg,SRC_027,35.0,180.0,41.369436,N-spring,0.5,calibration,0.5218287692651173,False
sample_07103.jpg,SRC_148,-15.0,180.0,49.227137,N-autumn,0.25,train,0.43149496132785564,False
sample_07104.jpg,SRC_171,-35.0,180.0,63.65778,N-spring,0.25,calibration,0.38847863648512276,False
sample_07105.jpg,SRC_022,20.0,180.0,41.513642,N-spring,0.25,train,0.4069102022622836,False
sample_07106.jpg,SRC_037,15.0,180.0,44.468297,N-spring,0.25,calibration,0.38740566126104037,False
sample_07107.jpg,SRC_009,-25.0,180.0,73.827745,N-spring,0.5,train,0.3951284078884046,False
sample_07108.jpg,SRC_053,-90.0,0.0,74.406575,N-winter,0.5,train,0.3861216477634958,False
sample_07109.jpg,SRC_009,-25.0,180.0,73.827745,N-spring,0.5,train,0.3858939481502411,False
sample_07110.jpg,SRC_096,25.0,180.0,40.422288,N-spring,0.25,calibration,0.5008751904264506,False
sample_07111.jpg,SRC_030,-25.0,180.0,67.936804,N-spring,0.5,train,0.40375245354325145,False
sample_07112.jpg,SRC_158,-5.0,180.0,35.954137,N-winter,0.25,train,0.38266620253411776,False
sample_07113.jpg,SRC_153,-40.0,180.0,43.960452,N-autumn,0.25,train,0.409981951726054,False
sample_07114.jpg,SRC_085,0.0,180.0,39.187341,N-spring,0.25,train,0.3961251642146206,False
sample_07115.jpg,SRC_061,50.0,180.0,43.110277,N-spring,0.5,train,0.4510651455954592,False
sample_07116.jpg,SRC_040,90.0,0.0,57.651744,N-spring,0.5,validation,0.4092555433952055,False
sample_07117.jpg,SRC_145,-5.0,180.0,52.15166,N-spring,0.25,train,0.446214663157033,False
sample_07118.jpg,SRC_082,-10.0,180.0,60.444036,N-spring,0.25,train,0.3880929948376166,False
sample_07119.jpg,SRC_013,50.0,180.0,54.051464,N-spring,0.5,train,0.4145563281006253,False
sample_07120.jpg,SRC_004,30.0,180.0,61.107468,N-autumn,0.5,train,0.3786280007227544,False
sample_07121.jpg,SRC_144,-35.0,180.0,76.731052,N-spring,0.5,train,0.43915522814811975,False
sample_07122.jpg,SRC_013,50.0,180.0,54.051464,N-spring,0.5,train,0.3795271125392638,False
sample_07123.jpg,SRC_009,-25.0,180.0,73.827745,N-spring,0.5,train,0.3991765270791196,False
sample_07124.jpg,SRC_048,-25.0,180.0,61.920556,N-autumn,0.25,train,0.3996941106780742,False
sample_07125.jpg,SRC_011,-20.0,180.0,70.371153,N-summer,0.25,train,0.42938247941140484,False
sample_07126.jpg,SRC_103,-35.0,180.0,57.090396,N-autumn,0.25,train,0.4059623442952088,False
sample_07127.jpg,SRC_042,10.0,180.0,36.92431,N-spring,0.5,train,0.38213507284641623,False
sample_07128.jpg,SRC_076,25.0,180.0,63.632584,N-autumn,0.25,validation,0.4261048458094585,False
sample_07129.jpg,SRC_040,90.0,0.0,57.651744,N-spring,0.5,validation,0.3992475152814221,False
sample_07130.jpg,SRC_042,10.0,180.0,36.92431,N-spring,0.5,train,0.40641186490394077,False
sample_07131.jpg,SRC_004,30.0,180.0,61.107468,N-autumn,0.5,train,0.3771485797755256,False
sample_07132.jpg,SRC_140,35.0,180.0,44.85556,N-spring,0.25,validation,0.3841273181092794,False
sample_07133.jpg,SRC_051,20.0,180.0,63.609319,N-autumn,0.5,train,0.38333814008026273,False
sample_07134.jpg,SRC_011,-20.0,180.0,70.371153,N-summer,0.25,train,0.3971142245248893,False
sample_07135.jpg,SRC_146,10.0,180.0,58.0428,N-summer,0.5,validation,0.4183799295641009,False
sample_07136.jpg,SRC_099,15.0,180.0,42.024472,N-spring,0.5,train,0.37647634400966395,False
sample_07137.jpg,SRC_075,-90.0,0.0,65.329336,N-winter,0.25,train,0.5040114454386202,False
sample_07138.jpg,SRC_115,25.0,180.0,41.8845,N-spring,0.25,train,0.4249418169452042,False
sample_07139.jpg,SRC_103,-35.0,180.0,57.090396,N-autumn,0.25,train,0.3998105988915289,False
sample_07140.jpg,SRC_013,50.0,180.0,54.051464,N-spring,0.5,train,0.4360607261449173,False
sample_07141.jpg,SRC_108,-40.0,180.0,68.856247,N-summer,0.5,validation,0.40317206479068346,False
sample_07142.jpg,SRC_121,25.0,180.0,67.446292,N-autumn,0.5,validation,0.4081329617436557,False
sample_07143.jpg,SRC_115,25.0,180.0,41.8845,N-spring,0.25,train,0.4111767178579505,False
sample_07144.jpg,SRC_009,-25.0,180.0,73.827745,N-spring,0.5,train,0.3841688861252536,False
sample_07145.jpg,SRC_102,-10.0,180.0,52.255853,N-spring,0.25,train,0.5100376223554655,False
sample_07146.jpg,SRC_093,-25.0,180.0,43.343655,N-autumn,0.5,calibration,0.3879157509804155,False
sample_07147.jpg,SRC_130,25.0,180.0,37.507656,N-spring,0.25,validation,0.49904196786409666,False
sample_07148.jpg,SRC_074,0.0,180.0,50.25459,N-spring,0.5,train,0.40822473214742117,False
sample_07149.jpg,SRC_163,0.0,180.0,39.987447,N-winter,0.25,train,0.3919211029908528,False
sample_07150.jpg,SRC_028,10.0,180.0,42.894848,N-spring,0.25,calibration,0.48306605225389576,False
sample_07151.jpg,SRC_104,25.0,180.0,45.102036,N-summer,0.5,calibration,0.39796540379241274,False
sample_07152.jpg,SRC_100,20.0,180.0,41.506528,N-spring,0.25,train,0.39764589218669294,False
sample_07153.jpg,SRC_067,-15.0,180.0,64.724247,N-spring,0.5,calibration,0.4233884221053402,False
sample_07154.jpg,SRC_106,25.0,180.0,40.638999,N-spring,0.5,validation,0.43470658939142715,False
sample_07155.jpg,SRC_103,-35.0,180.0,57.090396,N-autumn,0.25,train,0.39492460603237195,False
sample_07156.jpg,SRC_108,-40.0,180.0,68.856247,N-summer,0.5,validation,0.49501488277901123,False
sample_07157.jpg,SRC_150,10.0,180.0,50.798821,N-summer,0.5,train,0.3915536949764197,False
sample_07158.jpg,SRC_042,10.0,180.0,36.92431,N-spring,0.5,train,0.3991952674743156,False
sample_07159.jpg,SRC_006,-15.0,180.0,65.638079,N-spring,0.5,train,0.38288477576310515,False
sample_07160.jpg,SRC_171,-35.0,180.0,63.65778,N-spring,0.25,calibration,0.39399678672097105,False
sample_07161.jpg,SRC_139,40.0,180.0,53.533251,N-winter,0.25,train,0.3924113637363125,False
sample_07162.jpg,SRC_047,0.0,180.0,48.028677,N-spring,0.5,train,0.4216715666756056,False
sample_07163.jpg,SRC_062,45.0,180.0,81.508965,N-autumn,0.5,train,0.39113649269429623,False
sample_07164.jpg,SRC_125,-5.0,180.0,52.428603,N-spring,0.25,train,0.4290473836360813,False
sample_07165.jpg,SRC_051,20.0,180.0,63.609319,N-autumn,0.5,train,0.45575476347464267,False
sample_07166.jpg,SRC_093,-25.0,180.0,43.343655,N-autumn,0.5,calibration,0.3768626253494041,False
sample_07167.jpg,SRC_049,5.0,180.0,42.94902,N-spring,0.25,train,0.5067388593770074,False
sample_07168.jpg,SRC_106,25.0,180.0,40.638999,N-spring,0.5,validation,0.5276675075971243,False
sample_07169.jpg,SRC_050,0.0,180.0,53.680047,N-summer,0.25,calibration,0.4399440450321689,False
sample_07170.jpg,SRC_039,90.0,0.0,70.63275,N-summer,0.5,train,0.47104344383702523,False
sample_07171.jpg,SRC_020,35.0,180.0,42.075965,N-summer,0.25,train,0.4302422275372003,False
sample_07172.jpg,SRC_104,25.0,180.0,45.102036,N-summer,0.5,calibration,0.5183691821357848,False
sample_07173.jpg,SRC_082,-10.0,180.0,60.444036,N-spring,0.25,train,0.38075945702014,False
sample_07174.jpg,SRC_113,-35.0,180.0,36.668707,N-winter,0.25,train,0.3815755867217165,False
sample_07175.jpg,SRC_170,-20.0,180.0,56.332579,N-autumn,0.25,train,0.39726573049145303,False
sample_07176.jpg,SRC_146,10.0,180.0,58.0428,N-summer,0.5,validation,0.3738141851427991,False
sample_07177.jpg,SRC_115,25.0,180.0,41.8845,N-spring,0.25,train,0.4354104894384291,False
sample_07178.jpg,SRC_087,0.0,180.0,54.65824,N-summer,0.25,train,0.3843485930499103,False
sample_07179.jpg,SRC_050,0.0,180.0,53.680047,N-summer,0.25,calibration,0.5295379159907341,False
sample_07180.jpg,SRC_022,20.0,180.0,41.513642,N-spring,0.25,train,0.4619496830579236,False
sample_07181.jpg,SRC_092,5.0,180.0,57.429528,N-autumn,0.25,validation,0.40187095585958,False
sample_07182.jpg,SRC_004,30.0,180.0,61.107468,N-autumn,0.5,train,0.3849563332406353,False
sample_07183.jpg,SRC_068,0.0,180.0,56.216196,N-summer,0.25,train,0.3917350487832814,False
sample_07184.jpg,SRC_041,15.0,180.0,46.712049,N-summer,0.25,calibration,0.474662833461619,False
sample_07185.jpg,SRC_013,50.0,180.0,54.051464,N-spring,0.5,train,0.4342755474493192,False
sample_07186.jpg,SRC_017,-90.0,0.0,64.6979,N-winter,0.25,train,0.4028353873144308,False
sample_07187.jpg,SRC_061,50.0,180.0,43.110277,N-spring,0.5,train,0.4020852774549953,False
sample_07188.jpg,SRC_050,0.0,180.0,53.680047,N-summer,0.25,calibration,0.4240216872988551,False
sample_07189.jpg,SRC_011,-20.0,180.0,70.371153,N-summer,0.25,train,0.49895372520505077,False
sample_07190.jpg,SRC_153,-40.0,180.0,43.960452,N-autumn,0.25,train,0.3747001159228403,False
sample_07191.jpg,SRC_040,90.0,0.0,57.651744,N-spring,0.5,validation,0.4893467630711871,False
sample_07192.jpg,SRC_003,0.0,180.0,38.090051,N-spring,0.25,train,0.4013979575311112,False
sample_07193.jpg,SRC_100,20.0,180.0,41.506528,N-spring,0.25,train,0.38642183064107577,False
sample_07194.jpg,SRC_007,20.0,180.0,49.485932,N-winter,0.25,validation,0.509492666061147,False
sample_07195.jpg,SRC_021,-90.0,0.0,68.040851,N-autumn,0.5,calibration,0.5032303023238042,False
sample_07196.jpg,SRC_146,10.0,180.0,58.0428,N-summer,0.5,validation,0.38943544367809046,False
sample_07197.jpg,SRC_084,-10.0,180.0,58.957849,N-summer,0.25,train,0.51571864231493,False
sample_07198.jpg,SRC_134,-30.0,180.0,69.607895,N-spring,0.5,train,0.39028414653179844,False
sample_07199.jpg,SRC_109,50.0,180.0,54.137665,N-summer,0.25,validation,0.38760979541793283,False
sample_07200.jpg,SRC_091,-40.0,180.0,72.511342,N-summer,0.5,train,0.4390286606112812,False
sample_07201.jpg,SRC_066,-10.0,180.0,61.81065,N-summer,0.5,validation,0.39900811841510225,False
sample_07202.jpg,SRC_100,20.0,180.0,41.506528,N-spring,0.25,train,0.3758936848879647,False
sample_07203.jpg,SRC_036,5.0,180.0,52.749586,N-summer,0.25,train,0.4004052285527081,False
sample_07204.jpg,SRC_115,25.0,180.0,41.8845,N-spring,0.25,train,0.41062038919331084,False
sample_07205.jpg,SRC_131,10.0,180.0,60.540464,N-autumn,0.5,train,0.4983634417809489,False
sample_07206.jpg,SRC_051,20.0,180.0,63.609319,N-autumn,0.5,train,0.39391836089464505,False
sample_07207.jpg,SRC_052,5.0,180.0,51.705435,N-summer,0.25,train,0.42643178146412275,False
sample_07208.jpg,SRC_027,35.0,180.0,41.369436,N-spring,0.5,calibration,0.47958895569987314,False
sample_07209.jpg,SRC_046,0.0,180.0,58.061031,N-autumn,0.25,validation,0.37970697646267215,False
sample_07210.jpg,SRC_111,-35.0,180.0,79.069883,N-spring,1.0,train,0.4737294619652938,False
sample_07211.jpg,SRC_111,-35.0,180.0,79.069883,N-spring,1.0,train,0.4630331337091831,False
sample_07212.jpg,SRC_115,25.0,180.0,41.8845,N-spring,0.25,train,0.4462582877737519,False
sample_07213.jpg,SRC_165,10.0,180.0,42.451267,N-winter,0.25,calibration,0.41550791490460803,False
sample_07214.jpg,SRC_076,25.0,180.0,63.632584,N-autumn,0.25,validation,0.3919819910229335,False
sample_07215.jpg,SRC_063,25.0,180.0,41.329237,N-spring,0.25,train,0.4280067436226533,False
sample_07216.jpg,SRC_168,90.0,0.0,64.709631,N-summer,0.25,train,0.4720294009874227,False
sample_07217.jpg,SRC_096,25.0,180.0,40.422288,N-spring,0.25,calibration,0.3906222475531666,False
sample_07218.jpg,SRC_088,0.0,180.0,53.004483,N-summer,0.25,train,0.43805708200993365,False
sample_07219.jpg,SRC_040,90.0,0.0,57.651744,N-spring,0.5,validation,0.39264015001722696,False
sample_07220.jpg,SRC_115,25.0,180.0,41.8845,N-spring,0.25,train,0.40952713992519685,False
sample_07221.jpg,SRC_103,-35.0,180.0,57.090396,N-autumn,0.25,train,0.40162319750037206,False
sample_07222.jpg,SRC_093,-25.0,180.0,43.343655,N-autumn,0.5,calibration,0.4726220804552598,False
sample_07223.jpg,SRC_111,-35.0,180.0,79.069883,N-spring,1.0,train,0.46812973778183187,False
sample_07224.jpg,SRC_103,-35.0,180.0,57.090396,N-autumn,0.25,train,0.39699666415654883,False
sample_07225.jpg,SRC_040,90.0,0.0,57.651744,N-spring,0.5,validation,0.4026798085740719,False
sample_07226.jpg,SRC_027,35.0,180.0,41.369436,N-spring,0.5,calibration,0.38477453683440943,False
sample_07227.jpg,SRC_006,-15.0,180.0,65.638079,N-spring,0.5,train,0.39353996517759887,False
sample_07228.jpg,SRC_093,-25.0,180.0,43.343655,N-autumn,0.5,calibration,0.5203518817209698,False
sample_07229.jpg,SRC_006,-15.0,180.0,65.638079,N-spring,0.5,train,0.48565721956764707,False
sample_07230.jpg,SRC_095,-20.0,180.0,56.495654,N-spring,0.5,train,0.4116590045740723,False
sample_07231.jpg,SRC_106,25.0,180.0,40.638999,N-spring,0.5,validation,0.513851743407763,False
sample_07232.jpg,SRC_108,-40.0,180.0,68.856247,N-summer,0.5,validation,0.3876255584853186,False
sample_07233.jpg,SRC_091,-40.0,180.0,72.511342,N-summer,0.5,train,0.37861808389140894,False
sample_07234.jpg,SRC_106,25.0,180.0,40.638999,N-spring,0.5,validation,0.4529154377417167,False
sample_07235.jpg,SRC_114,-10.0,180.0,58.176498,N-autumn,0.5,calibration,0.37635705041068046,False
sample_07236.jpg,SRC_069,25.0,180.0,48.120522,N-summer,0.5,train,0.3871947988702379,False
sample_07237.jpg,SRC_071,20.0,180.0,40.070501,N-spring,0.25,train,0.4233019815313194,False
sample_07238.jpg,SRC_108,-40.0,180.0,68.856247,N-summer,0.5,validation,0.41474710309870605,False
sample_07239.jpg,SRC_158,-5.0,180.0,35.954137,N-winter,0.25,train,0.4016193323983831,False
sample_07240.jpg,SRC_097,0.0,180.0,35.318175,N-winter,0.25,train,0.4389765866278032,False
sample_07241.jpg,SRC_115,25.0,180.0,41.8845,N-spring,0.25,train,0.4243268263817326,False
sample_07242.jpg,SRC_082,-10.0,180.0,60.444036,N-spring,0.25,train,0.4914777122075156,False
sample_07243.jpg,SRC_124,0.0,180.0,51.928413,N-summer,0.25,train,0.3999237599728496,False
sample_07244.jpg,SRC_018,-90.0,0.0,67.882485,N-winter,0.25,train,0.3939563632383754,False
sample_07245.jpg,SRC_009,-25.0,180.0,73.827745,N-spring,0.5,train,0.40024712240564514,False
sample_07246.jpg,SRC_065,30.0,180.0,68.700871,N-winter,0.5,validation,0.4555741012867977,False
sample_07247.jpg,SRC_041,15.0,180.0,46.712049,N-summer,0.25,calibration,0.3781124262611717,False
sample_07248.jpg,SRC_170,-20.0,180.0,56.332579,N-autumn,0.25,train,0.4188267524905426,False
sample_07249.jpg,SRC_037,15.0,180.0,44.468297,N-spring,0.25,calibration,0.3785281134237456,False
sample_07250.jpg,SRC_102,-10.0,180.0,52.255853,N-spring,0.25,train,0.418986556215786,False
sample_07251.jpg,SRC_112,-30.0,180.0,67.516648,N-spring,0.5,train,0.3978097073498258,False
sample_07252.jpg,SRC_150,10.0,180.0,50.798821,N-summer,0.5,train,0.4279262992109524,False
sample_07253.jpg,SRC_011,-20.0,180.0,70.371153,N-summer,0.25,train,0.3893123510740004,False
sample_07254.jpg,SRC_070,60.0,180.0,58.788969,N-summer,0.5,validation,0.44070513929319544,False
sample_07255.jpg,SRC_115,25.0,180.0,41.8845,N-spring,0.25,train,0.4999571465191533,False
sample_07256.jpg,SRC_058,30.0,180.0,69.060883,N-autumn,0.5,train,0.5035363336430099,False
sample_07257.jpg,SRC_075,-90.0,0.0,65.329336,N-winter,0.25,train,0.5046523674044107,False
sample_07258.jpg,SRC_103,-35.0,180.0,57.090396,N-autumn,0.25,train,0.38183040874074686,False
sample_07259.jpg,SRC_126,-20.0,180.0,68.779144,N-summer,0.5,train,0.470221888953091,False
sample_07260.jpg,SRC_121,25.0,180.0,67.446292,N-autumn,0.5,validation,0.3941718715666176,False
sample_07261.jpg,SRC_011,-20.0,180.0,70.371153,N-summer,0.25,train,0.500256588875113,False
sample_07262.jpg,SRC_030,-25.0,180.0,67.936804,N-spring,0.5,train,0.3853356059582028,False
sample_07263.jpg,SRC_139,40.0,180.0,53.533251,N-winter,0.25,train,0.4350003014089644,False
sample_07264.jpg,SRC_140,35.0,180.0,44.85556,N-spring,0.25,validation,0.3688256534287272,False
sample_07265.jpg,SRC_109,50.0,180.0,54.137665,N-summer,0.25,validation,0.39151756919360825,False
sample_07266.jpg,SRC_076,25.0,180.0,63.632584,N-autumn,0.25,validation,0.4879825463976089,False
sample_07267.jpg,SRC_013,50.0,180.0,54.051464,N-spring,0.5,train,0.48395300415212095,False
sample_07268.jpg,SRC_112,-30.0,180.0,67.516648,N-spring,0.5,train,0.40023979519640634,False
sample_07269.jpg,SRC_011,-20.0,180.0,70.371153,N-summer,0.25,train,0.3960029080511996,False
sample_07270.jpg,SRC_150,10.0,180.0,50.798821,N-summer,0.5,train,0.3936124076487667,False
sample_07271.jpg,SRC_037,15.0,180.0,44.468297,N-spring,0.25,calibration,0.42217351619717214,False
sample_07272.jpg,SRC_091,-40.0,180.0,72.511342,N-summer,0.5,train,0.39008331327138446,False
sample_07273.jpg,SRC_139,40.0,180.0,53.533251,N-winter,0.25,train,0.48108863631107956,False
sample_07274.jpg,SRC_041,15.0,180.0,46.712049,N-summer,0.25,calibration,0.38756747373286665,False
sample_07275.jpg,SRC_042,10.0,180.0,36.92431,N-spring,0.5,train,0.4009002628524354,False
sample_07276.jpg,SRC_076,25.0,180.0,63.632584,N-autumn,0.25,validation,0.5210164489174796,False
sample_07277.jpg,SRC_013,50.0,180.0,54.051464,N-spring,0.5,train,0.3802903509444857,False
sample_07278.jpg,SRC_074,0.0,180.0,50.25459,N-spring,0.5,train,0.4564289077339449,False
sample_07279.jpg,SRC_106,25.0,180.0,40.638999,N-spring,0.5,validation,0.392196225449641,False
sample_07280.jpg,SRC_052,5.0,180.0,51.705435,N-summer,0.25,train,0.40309046082150707,False
sample_07281.jpg,SRC_103,-35.0,180.0,57.090396,N-autumn,0.25,train,0.39722029548464627,False
sample_07282.jpg,SRC_041,15.0,180.0,46.712049,N-summer,0.25,calibration,0.3719844670064125,False
sample_07283.jpg,SRC_108,-40.0,180.0,68.856247,N-summer,0.5,validation,0.37830520538091095,False
sample_07284.jpg,SRC_061,50.0,180.0,43.110277,N-spring,0.5,train,0.4896913623677294,False
sample_07285.jpg,SRC_021,-90.0,0.0,68.040851,N-autumn,0.5,calibration,0.3910506091189962,False
sample_07286.jpg,SRC_015,20.0,180.0,46.484204,N-summer,0.25,train,0.3829765387491691,False
sample_07287.jpg,SRC_140,35.0,180.0,44.85556,N-spring,0.25,validation,0.46767044712505584,False
sample_07288.jpg,SRC_101,5.0,180.0,48.479381,N-winter,0.25,validation,0.4532856181157884,False
sample_07289.jpg,SRC_056,-40.0,180.0,74.660587,N-summer,0.5,train,0.40478136192929937,False
sample_07290.jpg,SRC_157,40.0,180.0,44.22455,N-summer,0.25,train,0.379862905857707,False
sample_07291.jpg,SRC_026,90.0,0.0,57.238404,N-spring,0.25,train,0.4357854265358777,False
sample_07292.jpg,SRC_091,-40.0,180.0,72.511342,N-summer,0.5,train,0.44525296227649785,False
sample_07293.jpg,SRC_012,-90.0,0.0,85.677016,N-autumn,0.5,train,0.41859597990090336,False
sample_07294.jpg,SRC_035,0.0,180.0,56.990187,N-autumn,0.25,train,0.5152502186840846,False
sample_07295.jpg,SRC_006,-15.0,180.0,65.638079,N-spring,0.5,train,0.37952118338503416,False
sample_07296.jpg,SRC_093,-25.0,180.0,43.343655,N-autumn,0.5,calibration,0.388250921294983,False
sample_07297.jpg,SRC_097,0.0,180.0,35.318175,N-winter,0.25,train,0.417034554538301,False
sample_07298.jpg,SRC_103,-35.0,180.0,57.090396,N-autumn,0.25,train,0.4849552939284051,False
sample_07299.jpg,SRC_094,20.0,180.0,66.934532,N-autumn,0.25,train,0.48515556609094446,False
sample_07300.jpg,SRC_051,20.0,180.0,63.609319,N-autumn,0.5,train,0.5011542698119675,False
sample_07301.jpg,SRC_051,20.0,180.0,63.609319,N-autumn,0.5,train,0.4696564874388415,False
sample_07302.jpg,SRC_005,0.0,180.0,55.846781,N-summer,0.5,calibration,0.3924137328494439,False
sample_07303.jpg,SRC_150,10.0,180.0,50.798821,N-summer,0.5,train,0.39748745909419453,False
sample_07304.jpg,SRC_108,-40.0,180.0,68.856247,N-summer,0.5,validation,0.4456813647282779,False
sample_07305.jpg,SRC_115,25.0,180.0,41.8845,N-spring,0.25,train,0.4265810251387337,False
sample_07306.jpg,SRC_099,15.0,180.0,42.024472,N-spring,0.5,train,0.3857589621501557,False
sample_07307.jpg,SRC_023,-10.0,180.0,50.837437,N-spring,0.25,train,0.4217855495331234,False
sample_07308.jpg,SRC_126,-20.0,180.0,68.779144,N-summer,0.5,train,0.3874151399172747,False
sample_07309.jpg,SRC_133,-10.0,180.0,48.887369,N-spring,0.5,calibration,0.4173195118826535,False
sample_07310.jpg,SRC_093,-25.0,180.0,43.343655,N-autumn,0.5,calibration,0.3859884660741173,False
sample_07311.jpg,SRC_043,10.0,180.0,50.433279,N-summer,0.5,calibration,0.38666885841486487,False
sample_07312.jpg,SRC_091,-40.0,180.0,72.511342,N-summer,0.5,train,0.5010630114684385,False
sample_07313.jpg,SRC_164,20.0,180.0,59.226879,N-autumn,0.25,train,0.4164518012242123,False
sample_07314.jpg,SRC_011,-20.0,180.0,70.371153,N-summer,0.25,train,0.3808540668185028,False
sample_07315.jpg,SRC_121,25.0,180.0,67.446292,N-autumn,0.5,validation,0.38055682225584236,False
sample_07316.jpg,SRC_037,15.0,180.0,44.468297,N-spring,0.25,calibration,0.5045076463455458,False
sample_07317.jpg,SRC_074,0.0,180.0,50.25459,N-spring,0.5,train,0.37919913531840266,False
sample_07318.jpg,SRC_101,5.0,180.0,48.479381,N-winter,0.25,validation,0.4226612103793201,False
sample_07319.jpg,SRC_114,-10.0,180.0,58.176498,N-autumn,0.5,calibration,0.48564630716012724,False
sample_07320.jpg,SRC_086,15.0,180.0,43.648742,N-summer,0.5,train,0.4743378840903209,False
sample_07321.jpg,SRC_091,-40.0,180.0,72.511342,N-summer,0.5,train,0.37808913782836767,False
sample_07322.jpg,SRC_109,50.0,180.0,54.137665,N-summer,0.25,validation,0.3943633467974358,False
sample_07323.jpg,SRC_097,0.0,180.0,35.318175,N-winter,0.25,train,0.42328196111229344,False
sample_07324.jpg,SRC_083,0.0,180.0,55.378885,N-spring,0.25,train,0.37748960778607343,False
sample_07325.jpg,SRC_026,90.0,0.0,57.238404,N-spring,0.25,train,0.43002139809417067,False
sample_07326.jpg,SRC_114,-10.0,180.0,58.176498,N-autumn,0.5,calibration,0.43345463122061645,False
sample_07327.jpg,SRC_103,-35.0,180.0,57.090396,N-autumn,0.25,train,0.43948155637300645,False
sample_07328.jpg,SRC_168,90.0,0.0,64.709631,N-summer,0.25,train,0.46601352161959014,False
sample_07329.jpg,SRC_009,-25.0,180.0,73.827745,N-spring,0.5,train,0.4042612172426815,False
sample_07330.jpg,SRC_151,-15.0,180.0,63.408071,N-summer,0.5,train,0.39396737334186127,False
sample_07331.jpg,SRC_067,-15.0,180.0,64.724247,N-spring,0.5,calibration,0.3990130411379012,False
sample_07332.jpg,SRC_097,0.0,180.0,35.318175,N-winter,0.25,train,0.48298215281333273,False
sample_07333.jpg,SRC_106,25.0,180.0,40.638999,N-spring,0.5,validation,0.47024531658413427,False
sample_07334.jpg,SRC_092,5.0,180.0,57.429528,N-autumn,0.25,validation,0.3998023987167575,False
sample_07335.jpg,SRC_041,15.0,180.0,46.712049,N-summer,0.25,calibration,0.3896540534354907,False
sample_07336.jpg,SRC_020,35.0,180.0,42.075965,N-summer,0.25,train,0.40606160868870533,False
sample_07337.jpg,SRC_116,5.0,180.0,41.203028,N-spring,0.25,calibration,0.4360591538854764,False
sample_07338.jpg,SRC_049,5.0,180.0,42.94902,N-spring,0.25,train,0.44981060098477166,False
sample_07339.jpg,SRC_014,-40.0,180.0,38.480327,N-winter,0.25,calibration,0.385377982112239,False
sample_07340.jpg,SRC_125,-5.0,180.0,52.428603,N-spring,0.25,train,0.4613818396516026,False
sample_07341.jpg,SRC_006,-15.0,180.0,65.638079,N-spring,0.5,train,0.4514117542225898,False
sample_07342.jpg,SRC_123,0.0,180.0,54.598149,N-autumn,0.5,train,0.4098892995975921,False
sample_07343.jpg,SRC_109,50.0,180.0,54.137665,N-summer,0.25,validation,0.38384501324970016,False
sample_07344.jpg,SRC_061,50.0,180.0,43.110277,N-spring,0.5,train,0.4070732639869957,False
sample_07345.jpg,SRC_042,10.0,180.0,36.92431,N-spring,0.5,train,0.3722612386842303,False
sample_07346.jpg,SRC_021,-90.0,0.0,68.040851,N-autumn,0.5,calibration,0.38099454643007297,False
sample_07347.jpg,SRC_009,-25.0,180.0,73.827745,N-spring,0.5,train,0.38184604970088254,False
sample_07348.jpg,SRC_145,-5.0,180.0,52.15166,N-spring,0.25,train,0.408672333527318,False
sample_07349.jpg,SRC_042,10.0,180.0,36.92431,N-spring,0.5,train,0.40049646496194746,False
sample_07350.jpg,SRC_103,-35.0,180.0,57.090396,N-autumn,0.25,train,0.42144548352386185,False
sample_07351.jpg,SRC_088,0.0,180.0,53.004483,N-summer,0.25,train,0.40027001736294976,False
sample_07352.jpg,SRC_067,-15.0,180.0,64.724247,N-spring,0.5,calibration,0.41727725991237224,False
sample_07353.jpg,SRC_108,-40.0,180.0,68.856247,N-summer,0.5,validation,0.3845012580730562,False
sample_07354.jpg,SRC_069,25.0,180.0,48.120522,N-summer,0.5,train,0.4677211340993355,False
sample_07355.jpg,SRC_119,90.0,0.0,58.642683,N-spring,0.25,calibration,0.4643397998602669,False
sample_07356.jpg,SRC_038,-15.0,180.0,32.097448,N-winter,0.25,validation,0.5082836011207307,False
sample_07357.jpg,SRC_009,-25.0,180.0,73.827745,N-spring,0.5,train,0.40257118059201913,False
sample_07358.jpg,SRC_108,-40.0,180.0,68.856247,N-summer,0.5,validation,0.3990750480739359,False
sample_07359.jpg,SRC_067,-15.0,180.0,64.724247,N-spring,0.5,calibration,0.40981612953717245,False
sample_07360.jpg,SRC_158,-5.0,180.0,35.954137,N-winter,0.25,train,0.38854192171889335,False
sample_07361.jpg,SRC_064,90.0,0.0,60.573524,N-spring,0.25,train,0.5034515509188944,False
sample_07362.jpg,SRC_133,-10.0,180.0,48.887369,N-spring,0.5,calibration,0.4031046927456452,False
sample_07363.jpg,SRC_108,-40.0,180.0,68.856247,N-summer,0.5,validation,0.4813247066913601,False
sample_07364.jpg,SRC_096,25.0,180.0,40.422288,N-spring,0.25,calibration,0.3927997558280027,False
sample_07365.jpg,SRC_041,15.0,180.0,46.712049,N-summer,0.25,calibration,0.3773988279263254,False
sample_07366.jpg,SRC_171,-35.0,180.0,63.65778,N-spring,0.25,calibration,0.389950128827129,False
sample_07367.jpg,SRC_144,-35.0,180.0,76.731052,N-spring,0.5,train,0.4298677842204793,False
sample_07368.jpg,SRC_091,-40.0,180.0,72.511342,N-summer,0.5,train,0.4371282631733343,False
sample_07369.jpg,SRC_090,50.0,180.0,47.196626,N-summer,0.25,train,0.3676840815091791,False
sample_07370.jpg,SRC_091,-40.0,180.0,72.511342,N-summer,0.5,train,0.3883403195355888,False
sample_07371.jpg,SRC_059,15.0,180.0,48.046698,N-summer,0.25,train,0.42448476171435906,False
sample_07372.jpg,SRC_011,-20.0,180.0,70.371153,N-summer,0.25,train,0.38877112457012863,False
sample_07373.jpg,SRC_169,40.0,180.0,48.615664,N-summer,0.25,validation,0.48177525156817114,False
sample_07374.jpg,SRC_129,20.0,180.0,41.057252,N-spring,0.25,train,0.5337050636704913,False
sample_07375.jpg,SRC_028,10.0,180.0,42.894848,N-spring,0.25,calibration,0.47393024045901544,False
sample_07376.jpg,SRC_022,20.0,180.0,41.513642,N-spring,0.25,train,0.49777673866395916,False
sample_07377.jpg,SRC_124,0.0,180.0,51.928413,N-summer,0.25,train,0.38110020987659915,False
sample_07378.jpg,SRC_030,-25.0,180.0,67.936804,N-spring,0.5,train,0.3791173912016959,False
sample_07379.jpg,SRC_158,-5.0,180.0,35.954137,N-winter,0.25,train,0.3926857859312566,False
sample_07380.jpg,SRC_041,15.0,180.0,46.712049,N-summer,0.25,calibration,0.3834444424614004,False
sample_07381.jpg,SRC_045,-90.0,0.0,70.559818,N-autumn,0.25,train,0.4871167953392348,False
sample_07382.jpg,SRC_030,-25.0,180.0,67.936804,N-spring,0.5,train,0.37571041863036003,False
sample_07383.jpg,SRC_082,-10.0,180.0,60.444036,N-spring,0.25,train,0.3765797046842482,False
sample_07384.jpg,SRC_094,20.0,180.0,66.934532,N-autumn,0.25,train,0.38251794178664095,False
sample_07385.jpg,SRC_004,30.0,180.0,61.107468,N-autumn,0.5,train,0.3739916554815056,False
sample_07386.jpg,SRC_159,20.0,180.0,67.076816,N-autumn,0.25,train,0.3855775875695159,False
sample_07387.jpg,SRC_014,-40.0,180.0,38.480327,N-winter,0.25,calibration,0.38510219881631513,False
sample_07388.jpg,SRC_040,90.0,0.0,57.651744,N-spring,0.5,validation,0.391336782775072,False
sample_07389.jpg,SRC_040,90.0,0.0,57.651744,N-spring,0.5,validation,0.39604907152954166,False
sample_07390.jpg,SRC_171,-35.0,180.0,63.65778,N-spring,0.25,calibration,0.39362695433339134,False
sample_07391.jpg,SRC_038,-15.0,180.0,32.097448,N-winter,0.25,validation,0.5020380963913256,False
sample_07392.jpg,SRC_095,-20.0,180.0,56.495654,N-spring,0.5,train,0.45697577998468086,False
sample_07393.jpg,SRC_096,25.0,180.0,40.422288,N-spring,0.25,calibration,0.39085066696304016,False
sample_07394.jpg,SRC_158,-5.0,180.0,35.954137,N-winter,0.25,train,0.3834132534174553,False
sample_07395.jpg,SRC_131,10.0,180.0,60.540464,N-autumn,0.5,train,0.476707689823206,False
sample_07396.jpg,SRC_126,-20.0,180.0,68.779144,N-summer,0.5,train,0.4364451807034235,False
sample_07397.jpg,SRC_157,40.0,180.0,44.22455,N-summer,0.25,train,0.49142835097162596,False
sample_07398.jpg,SRC_084,-10.0,180.0,58.957849,N-summer,0.25,train,0.39249913343533765,False
sample_07399.jpg,SRC_041,15.0,180.0,46.712049,N-summer,0.25,calibration,0.38734060440984125,False
sample_07400.jpg,SRC_157,40.0,180.0,44.22455,N-summer,0.25,train,0.38288005967431865,False
sample_07401.jpg,SRC_098,-45.0,180.0,70.730178,N-summer,0.25,calibration,0.37893137109452235,False
sample_07402.jpg,SRC_142,-30.0,180.0,34.276784,N-winter,0.25,train,0.42786392111978067,False
sample_07403.jpg,SRC_111,-35.0,180.0,79.069883,N-spring,1.0,train,0.45475954038187816,False
sample_07404.jpg,SRC_013,50.0,180.0,54.051464,N-spring,0.5,train,0.4014326251804944,False
sample_07405.jpg,SRC_013,50.0,180.0,54.051464,N-spring,0.5,train,0.3930854228261599,False
sample_07406.jpg,SRC_034,40.0,180.0,46.055099,N-summer,0.25,train,0.39510058228855194,False
sample_07407.jpg,SRC_011,-20.0,180.0,70.371153,N-summer,0.25,train,0.5087772452680953,False
sample_07408.jpg,SRC_056,-40.0,180.0,74.660587,N-summer,0.5,train,0.38561038094573385,False
sample_07409.jpg,SRC_168,90.0,0.0,64.709631,N-summer,0.25,train,0.464968317336499,False
sample_07410.jpg,SRC_140,35.0,180.0,44.85556,N-spring,0.25,validation,0.37766188001508116,False
sample_07411.jpg,SRC_121,25.0,180.0,67.446292,N-autumn,0.5,validation,0.3939380501541727,False
sample_07412.jpg,SRC_016,10.0,180.0,55.552023,N-winter,0.5,train,0.3738282349452825,False
sample_07413.jpg,SRC_049,5.0,180.0,42.94902,N-spring,0.25,train,0.5161749103905839,False
sample_07414.jpg,SRC_112,-30.0,180.0,67.516648,N-spring,0.5,train,0.49553356860047887,False
sample_07415.jpg,SRC_005,0.0,180.0,55.846781,N-summer,0.5,calibration,0.41688433583376233,False
sample_07416.jpg,SRC_065,30.0,180.0,68.700871,N-winter,0.5,validation,0.5017467425506285,False
sample_07417.jpg,SRC_121,25.0,180.0,67.446292,N-autumn,0.5,validation,0.3789139444297608,False
sample_07418.jpg,SRC_038,-15.0,180.0,32.097448,N-winter,0.25,validation,0.49619336862501556,False
sample_07419.jpg,SRC_076,25.0,180.0,63.632584,N-autumn,0.25,validation,0.38133819698194726,False
sample_07420.jpg,SRC_142,-30.0,180.0,34.276784,N-winter,0.25,train,0.48083203308899075,False
sample_07421.jpg,SRC_005,0.0,180.0,55.846781,N-summer,0.5,calibration,0.40345791407790565,False
sample_07422.jpg,SRC_105,90.0,0.0,71.333916,N-summer,0.5,train,0.4352801050344133,False
sample_07423.jpg,SRC_041,15.0,180.0,46.712049,N-summer,0.25,calibration,0.511653507984275,False
sample_07424.jpg,SRC_077,-5.0,180.0,34.299081,N-winter,0.25,train,0.4757315455509966,False
sample_07425.jpg,SRC_051,20.0,180.0,63.609319,N-autumn,0.5,train,0.3774118612593988,False
sample_07426.jpg,SRC_089,10.0,180.0,48.442522,N-winter,0.25,validation,0.3912895846754478,False
sample_07427.jpg,SRC_037,15.0,180.0,44.468297,N-spring,0.25,calibration,0.38971196517696216,False
sample_07428.jpg,SRC_166,90.0,0.0,60.094207,N-spring,0.5,train,0.4852852709179685,False
sample_07429.jpg,SRC_121,25.0,180.0,67.446292,N-autumn,0.5,validation,0.38038372208471616,False
sample_07430.jpg,SRC_027,35.0,180.0,41.369436,N-spring,0.5,calibration,0.5282231811435028,False
sample_07431.jpg,SRC_114,-10.0,180.0,58.176498,N-autumn,0.5,calibration,0.48535888276647005,False
sample_07432.jpg,SRC_123,0.0,180.0,54.598149,N-autumn,0.5,train,0.41325612878516366,False
sample_07433.jpg,SRC_076,25.0,180.0,63.632584,N-autumn,0.25,validation,0.4946859176669097,False
sample_07434.jpg,SRC_126,-20.0,180.0,68.779144,N-summer,0.5,train,0.3918354733420951,False
sample_07435.jpg,SRC_156,10.0,180.0,48.737382,N-summer,0.25,train,0.5137657891302725,False
sample_07436.jpg,SRC_111,-35.0,180.0,79.069883,N-spring,1.0,train,0.42724235831295926,False
sample_07437.jpg,SRC_099,15.0,180.0,42.024472,N-spring,0.5,train,0.3926565027939855,False
sample_07438.jpg,SRC_030,-25.0,180.0,67.936804,N-spring,0.5,train,0.37877958387421296,False
sample_07439.jpg,SRC_018,-90.0,0.0,67.882485,N-winter,0.25,train,0.3824319570489686,False
sample_07440.jpg,SRC_071,20.0,180.0,40.070501,N-spring,0.25,train,0.4107395505502498,False
sample_07441.jpg,SRC_170,-20.0,180.0,56.332579,N-autumn,0.25,train,0.40436089796631175,False
sample_07442.jpg,SRC_069,25.0,180.0,48.120522,N-summer,0.5,train,0.5053857049200273,False
sample_07443.jpg,SRC_157,40.0,180.0,44.22455,N-summer,0.25,train,0.3720859887805571,False
sample_07444.jpg,SRC_091,-40.0,180.0,72.511342,N-summer,0.5,train,0.412098734684421,False
sample_07445.jpg,SRC_069,25.0,180.0,48.120522,N-summer,0.5,train,0.42031958880624004,False
sample_07446.jpg,SRC_158,-5.0,180.0,35.954137,N-winter,0.25,train,0.3938730052262726,False
sample_07447.jpg,SRC_108,-40.0,180.0,68.856247,N-summer,0.5,validation,0.38690334658034936,False
sample_07448.jpg,SRC_134,-30.0,180.0,69.607895,N-spring,0.5,train,0.39423343801807137,False
sample_07449.jpg,SRC_158,-5.0,180.0,35.954137,N-winter,0.25,train,0.39618207028224356,False
sample_07450.jpg,SRC_158,-5.0,180.0,35.954137,N-winter,0.25,train,0.39116569537496737,False
sample_07451.jpg,SRC_056,-40.0,180.0,74.660587,N-summer,0.5,train,0.39492945451851535,False
sample_07452.jpg,SRC_095,-20.0,180.0,56.495654,N-spring,0.5,train,0.45720300123573854,False
sample_07453.jpg,SRC_058,30.0,180.0,69.060883,N-autumn,0.5,train,0.3907180816003523,False
sample_07454.jpg,SRC_170,-20.0,180.0,56.332579,N-autumn,0.25,train,0.4675709062747629,False
sample_07455.jpg,SRC_041,15.0,180.0,46.712049,N-summer,0.25,calibration,0.3773973959913972,False
sample_07456.jpg,SRC_156,10.0,180.0,48.737382,N-summer,0.25,train,0.3767850659687347,False
sample_07457.jpg,SRC_087,0.0,180.0,54.65824,N-summer,0.25,train,0.3872948285746113,False
sample_07458.jpg,SRC_091,-40.0,180.0,72.511342,N-summer,0.5,train,0.3797440762168411,False
sample_07459.jpg,SRC_112,-30.0,180.0,67.516648,N-spring,0.5,train,0.5114073412467611,False
sample_07460.jpg,SRC_050,0.0,180.0,53.680047,N-summer,0.25,calibration,0.48568472729522955,False
sample_07461.jpg,SRC_009,-25.0,180.0,73.827745,N-spring,0.5,train,0.41587026288064577,False
sample_07462.jpg,SRC_112,-30.0,180.0,67.516648,N-spring,0.5,train,0.40510158429807824,False
sample_07463.jpg,SRC_152,30.0,180.0,40.69576,N-spring,0.25,train,0.37252651345231236,False
sample_07464.jpg,SRC_036,5.0,180.0,52.749586,N-summer,0.25,train,0.5305175867452165,False
sample_07465.jpg,SRC_091,-40.0,180.0,72.511342,N-summer,0.5,train,0.4251187702272742,False
sample_07466.jpg,SRC_084,-10.0,180.0,58.957849,N-summer,0.25,train,0.37632400308280967,False
sample_07467.jpg,SRC_116,5.0,180.0,41.203028,N-spring,0.25,calibration,0.4441287496142666,False
sample_07468.jpg,SRC_037,15.0,180.0,44.468297,N-spring,0.25,calibration,0.5131414881572363,False
sample_07469.jpg,SRC_062,45.0,180.0,81.508965,N-autumn,0.5,train,0.5007457213038656,False
sample_07470.jpg,SRC_112,-30.0,180.0,67.516648,N-spring,0.5,train,0.3940748558399608,False
sample_07471.jpg,SRC_170,-20.0,180.0,56.332579,N-autumn,0.25,train,0.44005519451401137,False
sample_07472.jpg,SRC_011,-20.0,180.0,70.371153,N-summer,0.25,train,0.397032289134014,False
sample_07473.jpg,SRC_112,-30.0,180.0,67.516648,N-spring,0.5,train,0.38593890275469606,False
sample_07474.jpg,SRC_041,15.0,180.0,46.712049,N-summer,0.25,calibration,0.5158738217611147,False
sample_07475.jpg,SRC_109,50.0,180.0,54.137665,N-summer,0.25,validation,0.39407398325014376,False
sample_07476.jpg,SRC_040,90.0,0.0,57.651744,N-spring,0.5,validation,0.3948169278073055,False
sample_07477.jpg,SRC_004,30.0,180.0,61.107468,N-autumn,0.5,train,0.38155864640978365,False
sample_07478.jpg,SRC_111,-35.0,180.0,79.069883,N-spring,1.0,train,0.5360319499649039,False
sample_07479.jpg,SRC_130,25.0,180.0,37.507656,N-spring,0.25,validation,0.5262518435290529,False
sample_07480.jpg,SRC_108,-40.0,180.0,68.856247,N-summer,0.5,validation,0.4215646507489069,False
sample_07481.jpg,SRC_080,-25.0,180.0,69.726065,N-summer,0.25,calibration,0.4875949611879202,False
sample_07482.jpg,SRC_092,5.0,180.0,57.429528,N-autumn,0.25,validation,0.3761123818987241,False
sample_07483.jpg,SRC_058,30.0,180.0,69.060883,N-autumn,0.5,train,0.37682137599086185,False
sample_07484.jpg,SRC_042,10.0,180.0,36.92431,N-spring,0.5,train,0.5080512604903495,False
sample_07485.jpg,SRC_091,-40.0,180.0,72.511342,N-summer,0.5,train,0.3891148000323749,False
sample_07486.jpg,SRC_006,-15.0,180.0,65.638079,N-spring,0.5,train,0.395217641669696,False
sample_07487.jpg,SRC_152,30.0,180.0,40.69576,N-spring,0.25,train,0.388566890173051,False
sample_07488.jpg,SRC_041,15.0,180.0,46.712049,N-summer,0.25,calibration,0.3871266815645904,False
sample_07489.jpg,SRC_145,-5.0,180.0,52.15166,N-spring,0.25,train,0.41080131558347344,False
sample_07490.jpg,SRC_124,0.0,180.0,51.928413,N-summer,0.25,train,0.4861829100865904,False
sample_07491.jpg,SRC_094,20.0,180.0,66.934532,N-autumn,0.25,train,0.39691626759189924,False
sample_07492.jpg,SRC_099,15.0,180.0,42.024472,N-spring,0.5,train,0.3750006888231842,False
sample_07493.jpg,SRC_148,-15.0,180.0,49.227137,N-autumn,0.25,train,0.5018799600471524,False
sample_07494.jpg,SRC_107,20.0,180.0,65.68027,N-autumn,0.5,train,0.3914271418058275,False
sample_07495.jpg,SRC_140,35.0,180.0,44.85556,N-spring,0.25,validation,0.38280822825424987,False
sample_07496.jpg,SRC_058,30.0,180.0,69.060883,N-autumn,0.5,train,0.4951970438943021,False
sample_07497.jpg,SRC_171,-35.0,180.0,63.65778,N-spring,0.25,calibration,0.3860916062869863,False
sample_07498.jpg,SRC_015,20.0,180.0,46.484204,N-summer,0.25,train,0.3908880505508455,False
sample_07499.jpg,SRC_015,20.0,180.0,46.484204,N-summer,0.25,train,0.3981288446257488,False
sample_07500.jpg,SRC_037,15.0,180.0,44.468297,N-spring,0.25,calibration,0.5108541682973355,False
sample_07501.jpg,SRC_096,25.0,180.0,40.422288,N-spring,0.25,calibration,0.3894185644391487,False
sample_07502.jpg,SRC_037,15.0,180.0,44.468297,N-spring,0.25,calibration,0.3769065808065085,False
sample_07503.jpg,SRC_061,50.0,180.0,43.110277,N-spring,0.5,train,0.4252207882053757,False
sample_07504.jpg,SRC_037,15.0,180.0,44.468297,N-spring,0.25,calibration,0.39415642953621605,False
sample_07505.jpg,SRC_171,-35.0,180.0,63.65778,N-spring,0.25,calibration,0.3923842949231486,False
sample_07506.jpg,SRC_139,40.0,180.0,53.533251,N-winter,0.25,train,0.40214142399817526,False
sample_07507.jpg,SRC_157,40.0,180.0,44.22455,N-summer,0.25,train,0.48637494253537683,False
sample_07508.jpg,SRC_013,50.0,180.0,54.051464,N-spring,0.5,train,0.389928449757313,False
sample_07509.jpg,SRC_111,-35.0,180.0,79.069883,N-spring,1.0,train,0.401431550577529,False
sample_07510.jpg,SRC_042,10.0,180.0,36.92431,N-spring,0.5,train,0.3754359172204391,False
sample_07511.jpg,SRC_076,25.0,180.0,63.632584,N-autumn,0.25,validation,0.38649691036408607,False
sample_07512.jpg,SRC_001,-5.0,180.0,51.987197,N-spring,0.5,calibration,0.378840246749507,False
sample_07513.jpg,SRC_040,90.0,0.0,57.651744,N-spring,0.5,validation,0.40798024366527397,False
sample_07514.jpg,SRC_029,-5.0,180.0,45.485648,N-autumn,0.25,train,0.3926172230832773,False
sample_07515.jpg,SRC_104,25.0,180.0,45.102036,N-summer,0.5,calibration,0.4667518601295614,False
sample_07516.jpg,SRC_088,0.0,180.0,53.004483,N-summer,0.25,train,0.4067428164949735,False
sample_07517.jpg,SRC_158,-5.0,180.0,35.954137,N-winter,0.25,train,0.38061091908176187,False
sample_07518.jpg,SRC_050,0.0,180.0,53.680047,N-summer,0.25,calibration,0.419539462202317,False
sample_07519.jpg,SRC_091,-40.0,180.0,72.511342,N-summer,0.5,train,0.380866290482328,False
sample_07520.jpg,SRC_135,5.0,180.0,41.328761,N-winter,0.5,train,0.44770071823498,False
sample_07521.jpg,SRC_088,0.0,180.0,53.004483,N-summer,0.25,train,0.39426396862787705,False
sample_07522.jpg,SRC_106,25.0,180.0,40.638999,N-spring,0.5,validation,0.46405083489032944,False
sample_07523.jpg,SRC_070,60.0,180.0,58.788969,N-summer,0.5,validation,0.3912768837457537,False
sample_07524.jpg,SRC_112,-30.0,180.0,67.516648,N-spring,0.5,train,0.4169637320819611,False
sample_07525.jpg,SRC_021,-90.0,0.0,68.040851,N-autumn,0.5,calibration,0.38418191545987834,False
sample_07526.jpg,SRC_069,25.0,180.0,48.120522,N-summer,0.5,train,0.5033584442035468,False
sample_07527.jpg,SRC_009,-25.0,180.0,73.827745,N-spring,0.5,train,0.48773471896373266,False
sample_07528.jpg,SRC_030,-25.0,180.0,67.936804,N-spring,0.5,train,0.3872442223464875,False
sample_07529.jpg,SRC_108,-40.0,180.0,68.856247,N-summer,0.5,validation,0.37864986883654783,False
sample_07530.jpg,SRC_013,50.0,180.0,54.051464,N-spring,0.5,train,0.5102642942988307,False
sample_07531.jpg,SRC_171,-35.0,180.0,63.65778,N-spring,0.25,calibration,0.3864644902053812,False
sample_07532.jpg,SRC_067,-15.0,180.0,64.724247,N-spring,0.5,calibration,0.42540739839537745,False
sample_07533.jpg,SRC_067,-15.0,180.0,64.724247,N-spring,0.5,calibration,0.5359966897696992,False
sample_07534.jpg,SRC_009,-25.0,180.0,73.827745,N-spring,0.5,train,0.39984765178341275,False
sample_07535.jpg,SRC_009,-25.0,180.0,73.827745,N-spring,0.5,train,0.46249342281422046,False
sample_07536.jpg,SRC_080,-25.0,180.0,69.726065,N-summer,0.25,calibration,0.5103780824607623,False
sample_07537.jpg,SRC_111,-35.0,180.0,79.069883,N-spring,1.0,train,0.5034649659195602,False
sample_07538.jpg,SRC_021,-90.0,0.0,68.040851,N-autumn,0.5,calibration,0.39051365712343916,False
sample_07539.jpg,SRC_109,50.0,180.0,54.137665,N-summer,0.25,validation,0.3894055957708392,False
sample_07540.jpg,SRC_148,-15.0,180.0,49.227137,N-autumn,0.25,train,0.4496929098254415,False
sample_07541.jpg,SRC_139,40.0,180.0,53.533251,N-winter,0.25,train,0.42764848940653843,False
sample_07542.jpg,SRC_171,-35.0,180.0,63.65778,N-spring,0.25,calibration,0.3910074286344366,False
sample_07543.jpg,SRC_066,-10.0,180.0,61.81065,N-summer,0.5,validation,0.42846846143048917,False
sample_07544.jpg,SRC_075,-90.0,0.0,65.329336,N-winter,0.25,train,0.5024971210588929,False
sample_07545.jpg,SRC_067,-15.0,180.0,64.724247,N-spring,0.5,calibration,0.3821051306197326,False
sample_07546.jpg,SRC_015,20.0,180.0,46.484204,N-summer,0.25,train,0.3799215299284441,False
sample_07547.jpg,SRC_055,-5.0,180.0,57.335076,N-spring,0.25,train,0.4290771981709841,False
sample_07548.jpg,SRC_169,40.0,180.0,48.615664,N-summer,0.25,validation,0.3813192757676627,False
sample_07549.jpg,SRC_101,5.0,180.0,48.479381,N-winter,0.25,validation,0.4638163099879861,False
sample_07550.jpg,SRC_091,-40.0,180.0,72.511342,N-summer,0.5,train,0.40278709803635826,False
sample_07551.jpg,SRC_024,10.0,180.0,53.725813,N-summer,0.25,calibration,0.38665040394640987,False
sample_07552.jpg,SRC_008,25.0,180.0,61.005891,N-autumn,0.25,train,0.49100595732044533,False
sample_07553.jpg,SRC_009,-25.0,180.0,73.827745,N-spring,0.5,train,0.40010280946944726,False
sample_07554.jpg,SRC_001,-5.0,180.0,51.987197,N-spring,0.5,calibration,0.4345177879873403,False
sample_07555.jpg,SRC_014,-40.0,180.0,38.480327,N-winter,0.25,calibration,0.39127326439042964,False
sample_07556.jpg,SRC_011,-20.0,180.0,70.371153,N-summer,0.25,train,0.3908831351441904,False
sample_07557.jpg,SRC_001,-5.0,180.0,51.987197,N-spring,0.5,calibration,0.4830706490055163,False
sample_07558.jpg,SRC_145,-5.0,180.0,52.15166,N-spring,0.25,train,0.4161937019829076,False
sample_07559.jpg,SRC_095,-20.0,180.0,56.495654,N-spring,0.5,train,0.38584986854480074,False
sample_07560.jpg,SRC_112,-30.0,180.0,67.516648,N-spring,0.5,train,0.4180375082243509,False
sample_07561.jpg,SRC_097,0.0,180.0,35.318175,N-winter,0.25,train,0.38974059702558206,False
sample_07562.jpg,SRC_042,10.0,180.0,36.92431,N-spring,0.5,train,0.3898208092290852,False
sample_07563.jpg,SRC_029,-5.0,180.0,45.485648,N-autumn,0.25,train,0.39716516558843995,False
sample_07564.jpg,SRC_158,-5.0,180.0,35.954137,N-winter,0.25,train,0.3982565374213264,False
sample_07565.jpg,SRC_093,-25.0,180.0,43.343655,N-autumn,0.5,calibration,0.37390666809487116,False
sample_07566.jpg,SRC_111,-35.0,180.0,79.069883,N-spring,1.0,train,0.5062965280768402,False
sample_07567.jpg,SRC_027,35.0,180.0,41.369436,N-spring,0.5,calibration,0.40607499722468915,False
sample_07568.jpg,SRC_084,-10.0,180.0,58.957849,N-summer,0.25,train,0.5064648691589693,False
sample_07569.jpg,SRC_042,10.0,180.0,36.92431,N-spring,0.5,train,0.4829159550300458,False
sample_07570.jpg,SRC_145,-5.0,180.0,52.15166,N-spring,0.25,train,0.4119958457594602,False
sample_07571.jpg,SRC_124,0.0,180.0,51.928413,N-summer,0.25,train,0.3906234680722985,False
sample_07572.jpg,SRC_131,10.0,180.0,60.540464,N-autumn,0.5,train,0.39890083793384673,False
sample_07573.jpg,SRC_037,15.0,180.0,44.468297,N-spring,0.25,calibration,0.39218634646473466,False
sample_07574.jpg,SRC_075,-90.0,0.0,65.329336,N-winter,0.25,train,0.48661775480466174,False
sample_07575.jpg,SRC_003,0.0,180.0,38.090051,N-spring,0.25,train,0.40920145925132567,False
sample_07576.jpg,SRC_063,25.0,180.0,41.329237,N-spring,0.25,train,0.3786595641984093,False
sample_07577.jpg,SRC_001,-5.0,180.0,51.987197,N-spring,0.5,calibration,0.36927024161007804,False
sample_07578.jpg,SRC_013,50.0,180.0,54.051464,N-spring,0.5,train,0.37425038686053047,False
sample_07579.jpg,SRC_092,5.0,180.0,57.429528,N-autumn,0.25,validation,0.3891707427617121,False
sample_07580.jpg,SRC_037,15.0,180.0,44.468297,N-spring,0.25,calibration,0.3863742770641563,False
sample_07581.jpg,SRC_158,-5.0,180.0,35.954137,N-winter,0.25,train,0.3847959226047727,False
sample_07582.jpg,SRC_169,40.0,180.0,48.615664,N-summer,0.25,validation,0.40136512007368025,False
sample_07583.jpg,SRC_012,-90.0,0.0,85.677016,N-autumn,0.5,train,0.45268939336049874,False
sample_07584.jpg,SRC_140,35.0,180.0,44.85556,N-spring,0.25,validation,0.3759933740902,False
sample_07585.jpg,SRC_024,10.0,180.0,53.725813,N-summer,0.25,calibration,0.4294047250981423,False
sample_07586.jpg,SRC_154,0.0,180.0,54.770875,N-summer,0.5,train,0.3966573613652705,False
sample_07587.jpg,SRC_026,90.0,0.0,57.238404,N-spring,0.25,train,0.43463894985735374,False
sample_07588.jpg,SRC_022,20.0,180.0,41.513642,N-spring,0.25,train,0.504521667663588,False
sample_07589.jpg,SRC_129,20.0,180.0,41.057252,N-spring,0.25,train,0.47724760639748187,False
sample_07590.jpg,SRC_113,-35.0,180.0,36.668707,N-winter,0.25,train,0.37777909221241224,False
sample_07591.jpg,SRC_102,-10.0,180.0,52.255853,N-spring,0.25,train,0.42526350501083626,False
sample_07592.jpg,SRC_081,-90.0,0.0,74.772433,N-autumn,0.25,train,0.5224980651535754,False
sample_07593.jpg,SRC_121,25.0,180.0,67.446292,N-autumn,0.5,validation,0.49875193594579087,False
sample_07594.jpg,SRC_076,25.0,180.0,63.632584,N-autumn,0.25,validation,0.39051211839215916,False
sample_07595.jpg,SRC_076,25.0,180.0,63.632584,N-autumn,0.25,validation,0.39963374093736104,False
sample_07596.jpg,SRC_124,0.0,180.0,51.928413,N-summer,0.25,train,0.39973834627471216,False
sample_07597.jpg,SRC_161,5.0,180.0,52.294471,N-summer,0.25,calibration,0.40899018481943283,False
sample_07598.jpg,SRC_036,5.0,180.0,52.749586,N-summer,0.25,train,0.4232727253292027,False
sample_07599.jpg,SRC_018,-90.0,0.0,67.882485,N-winter,0.25,train,0.3882809989885661,False
sample_07600.jpg,SRC_040,90.0,0.0,57.651744,N-spring,0.5,validation,0.4151062594674098,False
sample_07601.jpg,SRC_080,-25.0,180.0,69.726065,N-summer,0.25,calibration,0.3945866523270328,False
sample_07602.jpg,SRC_038,-15.0,180.0,32.097448,N-winter,0.25,validation,0.5392311271145065,False
sample_07603.jpg,SRC_086,15.0,180.0,43.648742,N-summer,0.5,train,0.3784233229717777,False
sample_07604.jpg,SRC_063,25.0,180.0,41.329237,N-spring,0.25,train,0.363807044461648,False
sample_07605.jpg,SRC_096,25.0,180.0,40.422288,N-spring,0.25,calibration,0.3757798287398714,False
sample_07606.jpg,SRC_112,-30.0,180.0,67.516648,N-spring,0.5,train,0.4515301335094623,False
sample_07607.jpg,SRC_161,5.0,180.0,52.294471,N-summer,0.25,calibration,0.3999297846031161,False
sample_07608.jpg,SRC_124,0.0,180.0,51.928413,N-summer,0.25,train,0.39674502795479627,False
sample_07609.jpg,SRC_129,20.0,180.0,41.057252,N-spring,0.25,train,0.5048162312076274,False
sample_07610.jpg,SRC_102,-10.0,180.0,52.255853,N-spring,0.25,train,0.4215179202478132,False
sample_07611.jpg,SRC_034,40.0,180.0,46.055099,N-summer,0.25,train,0.3813328442058278,False
sample_07612.jpg,SRC_103,-35.0,180.0,57.090396,N-autumn,0.25,train,0.4292381949678973,False
sample_07613.jpg,SRC_020,35.0,180.0,42.075965,N-summer,0.25,train,0.4552843132249393,False
sample_07614.jpg,SRC_109,50.0,180.0,54.137665,N-summer,0.25,validation,0.4984492383698694,False
sample_07615.jpg,SRC_005,0.0,180.0,55.846781,N-summer,0.5,calibration,0.39107669401077505,False
sample_07616.jpg,SRC_123,0.0,180.0,54.598149,N-autumn,0.5,train,0.45880401259430686,False
sample_07617.jpg,SRC_134,-30.0,180.0,69.607895,N-spring,0.5,train,0.380540154032155,False
sample_07618.jpg,SRC_014,-40.0,180.0,38.480327,N-winter,0.25,calibration,0.3824270107112404,False
sample_07619.jpg,SRC_004,30.0,180.0,61.107468,N-autumn,0.5,train,0.3716409027128576,False
sample_07620.jpg,SRC_156,10.0,180.0,48.737382,N-summer,0.25,train,0.3905002946010444,False
sample_07621.jpg,SRC_041,15.0,180.0,46.712049,N-summer,0.25,calibration,0.37818111382485053,False
sample_07622.jpg,SRC_112,-30.0,180.0,67.516648,N-spring,0.5,train,0.42268568988239,False
sample_07623.jpg,SRC_103,-35.0,180.0,57.090396,N-autumn,0.25,train,0.3944994882973196,False
sample_07624.jpg,SRC_115,25.0,180.0,41.8845,N-spring,0.25,train,0.3954830025977129,False
sample_07625.jpg,SRC_091,-40.0,180.0,72.511342,N-summer,0.5,train,0.38008920174618854,False
sample_07626.jpg,SRC_084,-10.0,180.0,58.957849,N-summer,0.25,train,0.3953500515240967,False
sample_07627.jpg,SRC_027,35.0,180.0,41.369436,N-spring,0.5,calibration,0.3797081939576031,False
sample_07628.jpg,SRC_059,15.0,180.0,48.046698,N-summer,0.25,train,0.5156451307227287,False
sample_07629.jpg,SRC_154,0.0,180.0,54.770875,N-summer,0.5,train,0.4901794842334793,False
sample_07630.jpg,SRC_084,-10.0,180.0,58.957849,N-summer,0.25,train,0.3931641927826093,False
sample_07631.jpg,SRC_009,-25.0,180.0,73.827745,N-spring,0.5,train,0.39940950107657297,False
sample_07632.jpg,SRC_059,15.0,180.0,48.046698,N-summer,0.25,train,0.4258503774145039,False
sample_07633.jpg,SRC_042,10.0,180.0,36.92431,N-spring,0.5,train,0.38067632502893883,False
sample_07634.jpg,SRC_144,-35.0,180.0,76.731052,N-spring,0.5,train,0.4267516163521954,False
sample_07635.jpg,SRC_002,40.0,180.0,45.868768,N-summer,0.25,train,0.5054368585719645,False
sample_07636.jpg,SRC_171,-35.0,180.0,63.65778,N-spring,0.25,calibration,0.4972823905553714,False
sample_07637.jpg,SRC_150,10.0,180.0,50.798821,N-summer,0.5,train,0.4470318904535346,False
sample_07638.jpg,SRC_142,-30.0,180.0,34.276784,N-winter,0.25,train,0.4175442640659477,False
sample_07639.jpg,SRC_157,40.0,180.0,44.22455,N-summer,0.25,train,0.3821309481741514,False
sample_07640.jpg,SRC_036,5.0,180.0,52.749586,N-summer,0.25,train,0.4793296079569985,False
sample_07641.jpg,SRC_106,25.0,180.0,40.638999,N-spring,0.5,validation,0.4957594091050167,False
sample_07642.jpg,SRC_041,15.0,180.0,46.712049,N-summer,0.25,calibration,0.3841264806602638,False
sample_07643.jpg,SRC_037,15.0,180.0,44.468297,N-spring,0.25,calibration,0.3932023075896513,False
sample_07644.jpg,SRC_135,5.0,180.0,41.328761,N-winter,0.5,train,0.4887831341868262,False
sample_07645.jpg,SRC_148,-15.0,180.0,49.227137,N-autumn,0.25,train,0.47860401436376315,False
sample_07646.jpg,SRC_009,-25.0,180.0,73.827745,N-spring,0.5,train,0.3855428336296915,False
sample_07647.jpg,SRC_157,40.0,180.0,44.22455,N-summer,0.25,train,0.38175636146508246,False
sample_07648.jpg,SRC_169,40.0,180.0,48.615664,N-summer,0.25,validation,0.42937433086408366,False
sample_07649.jpg,SRC_104,25.0,180.0,45.102036,N-summer,0.5,calibration,0.4026156934535373,False
sample_07650.jpg,SRC_038,-15.0,180.0,32.097448,N-winter,0.25,validation,0.4149447399894372,False
sample_07651.jpg,SRC_066,-10.0,180.0,61.81065,N-summer,0.5,validation,0.48465400370861556,False
sample_07652.jpg,SRC_114,-10.0,180.0,58.176498,N-autumn,0.5,calibration,0.48605694628891294,False
sample_07653.jpg,SRC_091,-40.0,180.0,72.511342,N-summer,0.5,train,0.3901895157059582,False
sample_07654.jpg,SRC_086,15.0,180.0,43.648742,N-summer,0.5,train,0.38004798585047134,False
sample_07655.jpg,SRC_103,-35.0,180.0,57.090396,N-autumn,0.25,train,0.37963928731825186,False
sample_07656.jpg,SRC_051,20.0,180.0,63.609319,N-autumn,0.5,train,0.38850911755799805,False
sample_07657.jpg,SRC_024,10.0,180.0,53.725813,N-summer,0.25,calibration,0.3993220524771718,False
sample_07658.jpg,SRC_050,0.0,180.0,53.680047,N-summer,0.25,calibration,0.4883071235404718,False
sample_07659.jpg,SRC_076,25.0,180.0,63.632584,N-autumn,0.25,validation,0.3814958530022328,False
sample_07660.jpg,SRC_009,-25.0,180.0,73.827745,N-spring,0.5,train,0.37958181417382547,False
sample_07661.jpg,SRC_140,35.0,180.0,44.85556,N-spring,0.25,validation,0.3862779891506599,False
sample_07662.jpg,SRC_015,20.0,180.0,46.484204,N-summer,0.25,train,0.4184300613015063,False
sample_07663.jpg,SRC_039,90.0,0.0,70.63275,N-summer,0.5,train,0.49262614644572056,False
sample_07664.jpg,SRC_109,50.0,180.0,54.137665,N-summer,0.25,validation,0.508343638890807,False
sample_07665.jpg,SRC_150,10.0,180.0,50.798821,N-summer,0.5,train,0.40623511208153973,False
sample_07666.jpg,SRC_057,-5.0,180.0,57.599617,N-summer,0.25,train,0.3852364390559312,False
sample_07667.jpg,SRC_046,0.0,180.0,58.061031,N-autumn,0.25,validation,0.38732718895494445,False
sample_07668.jpg,SRC_142,-30.0,180.0,34.276784,N-winter,0.25,train,0.4313858029021775,False
sample_07669.jpg,SRC_099,15.0,180.0,42.024472,N-spring,0.5,train,0.3834853160529419,False
sample_07670.jpg,SRC_104,25.0,180.0,45.102036,N-summer,0.5,calibration,0.4337478153940169,False
sample_07671.jpg,SRC_027,35.0,180.0,41.369436,N-spring,0.5,calibration,0.38767781901510684,False
sample_07672.jpg,SRC_022,20.0,180.0,41.513642,N-spring,0.25,train,0.408764818062315,False
sample_07673.jpg,SRC_065,30.0,180.0,68.700871,N-winter,0.5,validation,0.4651340434803498,False
sample_07674.jpg,SRC_165,10.0,180.0,42.451267,N-winter,0.25,calibration,0.396349852655155,False
sample_07675.jpg,SRC_009,-25.0,180.0,73.827745,N-spring,0.5,train,0.4795312395701819,False
sample_07676.jpg,SRC_038,-15.0,180.0,32.097448,N-winter,0.25,validation,0.40551089924759454,False
sample_07677.jpg,SRC_111,-35.0,180.0,79.069883,N-spring,1.0,train,0.40665694013866177,False
sample_07678.jpg,SRC_067,-15.0,180.0,64.724247,N-spring,0.5,calibration,0.41488403116394235,False
sample_07679.jpg,SRC_103,-35.0,180.0,57.090396,N-autumn,0.25,train,0.4075122294120613,False
sample_07680.jpg,SRC_060,90.0,0.0,64.124177,N-summer,0.25,train,0.45481337571766395,False
sample_07681.jpg,SRC_001,-5.0,180.0,51.987197,N-spring,0.5,calibration,0.40717016257390864,False
sample_07682.jpg,SRC_074,0.0,180.0,50.25459,N-spring,0.5,train,0.5024442654856014,False
sample_07683.jpg,SRC_122,-5.0,180.0,57.310506,N-summer,0.25,train,0.43057448184616287,False
sample_07684.jpg,SRC_067,-15.0,180.0,64.724247,N-spring,0.5,calibration,0.38838993094657515,False
sample_07685.jpg,SRC_004,30.0,180.0,61.107468,N-autumn,0.5,train,0.38262053518155026,False
sample_07686.jpg,SRC_119,90.0,0.0,58.642683,N-spring,0.25,calibration,0.47096699696238575,False
sample_07687.jpg,SRC_041,15.0,180.0,46.712049,N-summer,0.25,calibration,0.3770270879013201,False
sample_07688.jpg,SRC_027,35.0,180.0,41.369436,N-spring,0.5,calibration,0.38270141421513926,False
sample_07689.jpg,SRC_133,-10.0,180.0,48.887369,N-spring,0.5,calibration,0.42807949536368606,False
sample_07690.jpg,SRC_005,0.0,180.0,55.846781,N-summer,0.5,calibration,0.391553016189451,False
sample_07691.jpg,SRC_119,90.0,0.0,58.642683,N-spring,0.25,calibration,0.4607318424800516,False
sample_07692.jpg,SRC_084,-10.0,180.0,58.957849,N-summer,0.25,train,0.38337184027766824,False
sample_07693.jpg,SRC_013,50.0,180.0,54.051464,N-spring,0.5,train,0.38191928131477937,False
sample_07694.jpg,SRC_076,25.0,180.0,63.632584,N-autumn,0.25,validation,0.4219449083772499,False
sample_07695.jpg,SRC_091,-40.0,180.0,72.511342,N-summer,0.5,train,0.3798794087473431,False
sample_07696.jpg,SRC_070,60.0,180.0,58.788969,N-summer,0.5,validation,0.39530089689945525,False
sample_07697.jpg,SRC_026,90.0,0.0,57.238404,N-spring,0.25,train,0.4589907178912001,False
sample_07698.jpg,SRC_021,-90.0,0.0,68.040851,N-autumn,0.5,calibration,0.3682761917808418,False
sample_07699.jpg,SRC_156,10.0,180.0,48.737382,N-summer,0.25,train,0.39611440675601883,False
sample_07700.jpg,SRC_145,-5.0,180.0,52.15166,N-spring,0.25,train,0.4205018949589186,False
sample_07701.jpg,SRC_136,-35.0,180.0,76.922409,N-spring,0.5,train,0.4708689816034471,False
sample_07702.jpg,SRC_130,25.0,180.0,37.507656,N-spring,0.25,validation,0.5278463326600973,False
sample_07703.jpg,SRC_124,0.0,180.0,51.928413,N-summer,0.25,train,0.38960778307129307,False
sample_07704.jpg,SRC_013,50.0,180.0,54.051464,N-spring,0.5,train,0.4454258997929547,False
sample_07705.jpg,SRC_059,15.0,180.0,48.046698,N-summer,0.25,train,0.3963243780952531,False
sample_07706.jpg,SRC_144,-35.0,180.0,76.731052,N-spring,0.5,train,0.4533029499362555,False
sample_07707.jpg,SRC_169,40.0,180.0,48.615664,N-summer,0.25,validation,0.3751482359603717,False
sample_07708.jpg,SRC_108,-40.0,180.0,68.856247,N-summer,0.5,validation,0.3892133160014445,False
sample_07709.jpg,SRC_009,-25.0,180.0,73.827745,N-spring,0.5,train,0.39928889901586223,False
sample_07710.jpg,SRC_112,-30.0,180.0,67.516648,N-spring,0.5,train,0.41778656581620277,False
sample_07711.jpg,SRC_166,90.0,0.0,60.094207,N-spring,0.5,train,0.5247991818066053,False
sample_07712.jpg,SRC_157,40.0,180.0,44.22455,N-summer,0.25,train,0.3733551125920807,False
sample_07713.jpg,SRC_097,0.0,180.0,35.318175,N-winter,0.25,train,0.4007752126511691,False
sample_07714.jpg,SRC_021,-90.0,0.0,68.040851,N-autumn,0.5,calibration,0.39927385592568787,False
sample_07715.jpg,SRC_109,50.0,180.0,54.137665,N-summer,0.25,validation,0.4193735002265628,False
sample_07716.jpg,SRC_014,-40.0,180.0,38.480327,N-winter,0.25,calibration,0.3883381287038407,False
sample_07717.jpg,SRC_168,90.0,0.0,64.709631,N-summer,0.25,train,0.4548770244409669,False
sample_07718.jpg,SRC_091,-40.0,180.0,72.511342,N-summer,0.5,train,0.3868626286379656,False
sample_07719.jpg,SRC_158,-5.0,180.0,35.954137,N-winter,0.25,train,0.39612379868904574,False
sample_07720.jpg,SRC_063,25.0,180.0,41.329237,N-spring,0.25,train,0.3800403148947929,False
sample_07721.jpg,SRC_022,20.0,180.0,41.513642,N-spring,0.25,train,0.4257625654989776,False
sample_07722.jpg,SRC_106,25.0,180.0,40.638999,N-spring,0.5,validation,0.46276279273879073,False
sample_07723.jpg,SRC_084,-10.0,180.0,58.957849,N-summer,0.25,train,0.3841288719202744,False
sample_07724.jpg,SRC_109,50.0,180.0,54.137665,N-summer,0.25,validation,0.3786099304001111,False
sample_07725.jpg,SRC_006,-15.0,180.0,65.638079,N-spring,0.5,train,0.3806451198691341,False
sample_07726.jpg,SRC_151,-15.0,180.0,63.408071,N-summer,0.5,train,0.38224174980392667,False
sample_07727.jpg,SRC_159,20.0,180.0,67.076816,N-autumn,0.25,train,0.3840570937208797,False
sample_07728.jpg,SRC_144,-35.0,180.0,76.731052,N-spring,0.5,train,0.4240278425282432,False
sample_07729.jpg,SRC_037,15.0,180.0,44.468297,N-spring,0.25,calibration,0.3904321568089011,False
sample_07730.jpg,SRC_091,-40.0,180.0,72.511342,N-summer,0.5,train,0.3914989641906821,False
sample_07731.jpg,SRC_096,25.0,180.0,40.422288,N-spring,0.25,calibration,0.4209921643532744,False
sample_07732.jpg,SRC_030,-25.0,180.0,67.936804,N-spring,0.5,train,0.3799083746176811,False
sample_07733.jpg,SRC_013,50.0,180.0,54.051464,N-spring,0.5,train,0.5112854234806486,False
sample_07734.jpg,SRC_049,5.0,180.0,42.94902,N-spring,0.25,train,0.4674031369238941,False
sample_07735.jpg,SRC_009,-25.0,180.0,73.827745,N-spring,0.5,train,0.39697687885471106,False
sample_07736.jpg,SRC_050,0.0,180.0,53.680047,N-summer,0.25,calibration,0.5024160756405085,False
sample_07737.jpg,SRC_091,-40.0,180.0,72.511342,N-summer,0.5,train,0.3904425788723699,False
sample_07738.jpg,SRC_011,-20.0,180.0,70.371153,N-summer,0.25,train,0.484320774670676,False
sample_07739.jpg,SRC_084,-10.0,180.0,58.957849,N-summer,0.25,train,0.38866440290965665,False
sample_07740.jpg,SRC_085,0.0,180.0,39.187341,N-spring,0.25,train,0.43166983288203237,False
sample_07741.jpg,SRC_052,5.0,180.0,51.705435,N-summer,0.25,train,0.38470220347124134,False
sample_07742.jpg,SRC_073,45.0,180.0,41.537171,N-spring,0.25,train,0.40015590405099893,False
sample_07743.jpg,SRC_076,25.0,180.0,63.632584,N-autumn,0.25,validation,0.3761960444159361,False
sample_07744.jpg,SRC_078,15.0,180.0,40.437008,N-spring,0.25,train,0.49647273353640076,False
sample_07745.jpg,SRC_101,5.0,180.0,48.479381,N-winter,0.25,validation,0.46726827555443995,False
sample_07746.jpg,SRC_141,-10.0,180.0,55.206291,N-spring,0.25,train,0.49065708711184775,False
sample_07747.jpg,SRC_063,25.0,180.0,41.329237,N-spring,0.25,train,0.37424539485098396,False
sample_07748.jpg,SRC_074,0.0,180.0,50.25459,N-spring,0.5,train,0.5016603802968266,False
sample_07749.jpg,SRC_009,-25.0,180.0,73.827745,N-spring,0.5,train,0.471597507512305,False
sample_07750.jpg,SRC_111,-35.0,180.0,79.069883,N-spring,1.0,train,0.43202478801398414,False
sample_07751.jpg,SRC_004,30.0,180.0,61.107468,N-autumn,0.5,train,0.38313303163495116,False
sample_07752.jpg,SRC_099,15.0,180.0,42.024472,N-spring,0.5,train,0.3733012600839255,False
sample_07753.jpg,SRC_049,5.0,180.0,42.94902,N-spring,0.25,train,0.46689259034131936,False
sample_07754.jpg,SRC_109,50.0,180.0,54.137665,N-summer,0.25,validation,0.39229473346884386,False
sample_07755.jpg,SRC_027,35.0,180.0,41.369436,N-spring,0.5,calibration,0.4020959537934995,False
sample_07756.jpg,SRC_037,15.0,180.0,44.468297,N-spring,0.25,calibration,0.387386589865506,False
sample_07757.jpg,SRC_169,40.0,180.0,48.615664,N-summer,0.25,validation,0.37615788206457784,False
sample_07758.jpg,SRC_125,-5.0,180.0,52.428603,N-spring,0.25,train,0.41270183667813465,False
sample_07759.jpg,SRC_063,25.0,180.0,41.329237,N-spring,0.25,train,0.36880097419860813,False
sample_07760.jpg,SRC_020,35.0,180.0,42.075965,N-summer,0.25,train,0.40745184892157865,False
sample_07761.jpg,SRC_022,20.0,180.0,41.513642,N-spring,0.25,train,0.5195954146145916,False
sample_07762.jpg,SRC_126,-20.0,180.0,68.779144,N-summer,0.5,train,0.5042041260598633,False
sample_07763.jpg,SRC_009,-25.0,180.0,73.827745,N-spring,0.5,train,0.3912478213919474,False
sample_07764.jpg,SRC_004,30.0,180.0,61.107468,N-autumn,0.5,train,0.39179001686987586,False
sample_07765.jpg,SRC_014,-40.0,180.0,38.480327,N-winter,0.25,calibration,0.39390479686840196,False
sample_07766.jpg,SRC_042,10.0,180.0,36.92431,N-spring,0.5,train,0.4871529820290205,False
sample_07767.jpg,SRC_171,-35.0,180.0,63.65778,N-spring,0.25,calibration,0.38070702034873793,False
sample_07768.jpg,SRC_013,50.0,180.0,54.051464,N-spring,0.5,train,0.3801362323329219,False
sample_07769.jpg,SRC_069,25.0,180.0,48.120522,N-summer,0.5,train,0.5159862219020178,False
sample_07770.jpg,SRC_144,-35.0,180.0,76.731052,N-spring,0.5,train,0.4061596838729944,False
sample_07771.jpg,SRC_049,5.0,180.0,42.94902,N-spring,0.25,train,0.4459718658080953,False
sample_07772.jpg,SRC_040,90.0,0.0,57.651744,N-spring,0.5,validation,0.39968852538243843,False
sample_07773.jpg,SRC_108,-40.0,180.0,68.856247,N-summer,0.5,validation,0.4881831099260105,False
sample_07774.jpg,SRC_011,-20.0,180.0,70.371153,N-summer,0.25,train,0.40598715731781976,False
sample_07775.jpg,SRC_006,-15.0,180.0,65.638079,N-spring,0.5,train,0.4196098875836232,False
sample_07776.jpg,SRC_142,-30.0,180.0,34.276784,N-winter,0.25,train,0.4752335801749624,False
sample_07777.jpg,SRC_088,0.0,180.0,53.004483,N-summer,0.25,train,0.41171912436931696,False
sample_07778.jpg,SRC_158,-5.0,180.0,35.954137,N-winter,0.25,train,0.3847893790813413,False
sample_07779.jpg,SRC_088,0.0,180.0,53.004483,N-summer,0.25,train,0.3932432263306954,False
sample_07780.jpg,SRC_144,-35.0,180.0,76.731052,N-spring,0.5,train,0.48740858504623574,False
sample_07781.jpg,SRC_016,10.0,180.0,55.552023,N-winter,0.5,train,0.4851296187267799,False
sample_07782.jpg,SRC_059,15.0,180.0,48.046698,N-summer,0.25,train,0.5357723071919585,False
sample_07783.jpg,SRC_157,40.0,180.0,44.22455,N-summer,0.25,train,0.3806132236703218,False
sample_07784.jpg,SRC_091,-40.0,180.0,72.511342,N-summer,0.5,train,0.383792492514833,False
sample_07785.jpg,SRC_026,90.0,0.0,57.238404,N-spring,0.25,train,0.4324050007373259,False
sample_07786.jpg,SRC_013,50.0,180.0,54.051464,N-spring,0.5,train,0.37895235021417706,False
sample_07787.jpg,SRC_086,15.0,180.0,43.648742,N-summer,0.5,train,0.37180392865535883,False
sample_07788.jpg,SRC_124,0.0,180.0,51.928413,N-summer,0.25,train,0.38547591432777073,False
sample_07789.jpg,SRC_120,90.0,0.0,69.983669,N-summer,0.25,train,0.4044162489223326,False
sample_07790.jpg,SRC_058,30.0,180.0,69.060883,N-autumn,0.5,train,0.3882468887640425,False
sample_07791.jpg,SRC_114,-10.0,180.0,58.176498,N-autumn,0.5,calibration,0.3727687941267693,False
sample_07792.jpg,SRC_074,0.0,180.0,50.25459,N-spring,0.5,train,0.44592167936647326,False
sample_07793.jpg,SRC_030,-25.0,180.0,67.936804,N-spring,0.5,train,0.39678553788736426,False
sample_07794.jpg,SRC_144,-35.0,180.0,76.731052,N-spring,0.5,train,0.4297586154685599,False
sample_07795.jpg,SRC_013,50.0,180.0,54.051464,N-spring,0.5,train,0.4278810918762983,False
sample_07796.jpg,SRC_021,-90.0,0.0,68.040851,N-autumn,0.5,calibration,0.3783006744918715,False
sample_07797.jpg,SRC_059,15.0,180.0,48.046698,N-summer,0.25,train,0.4024723221377934,False
sample_07798.jpg,SRC_128,90.0,0.0,56.634817,N-spring,0.5,validation,0.538180281078611,False
sample_07799.jpg,SRC_013,50.0,180.0,54.051464,N-spring,0.5,train,0.3795306686508272,False
sample_07800.jpg,SRC_084,-10.0,180.0,58.957849,N-summer,0.25,train,0.38653441131113936,False
sample_07801.jpg,SRC_073,45.0,180.0,41.537171,N-spring,0.25,train,0.3912520750996925,False
sample_07802.jpg,SRC_042,10.0,180.0,36.92431,N-spring,0.5,train,0.39360157106806504,False
sample_07803.jpg,SRC_013,50.0,180.0,54.051464,N-spring,0.5,train,0.37827211237034686,False
sample_07804.jpg,SRC_156,10.0,180.0,48.737382,N-summer,0.25,train,0.3756272437964476,False
sample_07805.jpg,SRC_159,20.0,180.0,67.076816,N-autumn,0.25,train,0.42011241783755837,False
sample_07806.jpg,SRC_103,-35.0,180.0,57.090396,N-autumn,0.25,train,0.3941510302073613,False
sample_07807.jpg,SRC_078,15.0,180.0,40.437008,N-spring,0.25,train,0.4060012188309995,False
sample_07808.jpg,SRC_129,20.0,180.0,41.057252,N-spring,0.25,train,0.483526576927322,False
sample_07809.jpg,SRC_115,25.0,180.0,41.8845,N-spring,0.25,train,0.49574951123745353,False
sample_07810.jpg,SRC_063,25.0,180.0,41.329237,N-spring,0.25,train,0.372700824690926,False
sample_07811.jpg,SRC_004,30.0,180.0,61.107468,N-autumn,0.5,train,0.37689544643516576,False
sample_07812.jpg,SRC_011,-20.0,180.0,70.371153,N-summer,0.25,train,0.4081967116389741,False
sample_07813.jpg,SRC_134,-30.0,180.0,69.607895,N-spring,0.5,train,0.3892910590469186,False
sample_07814.jpg,SRC_006,-15.0,180.0,65.638079,N-spring,0.5,train,0.41934478314935913,False
sample_07815.jpg,SRC_004,30.0,180.0,61.107468,N-autumn,0.5,train,0.4828995143008915,False
sample_07816.jpg,SRC_159,20.0,180.0,67.076816,N-autumn,0.25,train,0.38129334185002256,False
sample_07817.jpg,SRC_063,25.0,180.0,41.329237,N-spring,0.25,train,0.38784549791510237,False
sample_07818.jpg,SRC_157,40.0,180.0,44.22455,N-summer,0.25,train,0.4787305977489348,False
sample_07819.jpg,SRC_091,-40.0,180.0,72.511342,N-summer,0.5,train,0.39720581942271604,False
sample_07820.jpg,SRC_031,-90.0,0.0,62.684336,N-winter,0.5,train,0.49316755642073307,False
sample_07821.jpg,SRC_086,15.0,180.0,43.648742,N-summer,0.5,train,0.5074275248506294,False
sample_07822.jpg,SRC_005,0.0,180.0,55.846781,N-summer,0.5,calibration,0.4723323842256447,False
sample_07823.jpg,SRC_127,-35.0,180.0,47.507974,N-autumn,0.5,train,0.5168919638341257,False
sample_07824.jpg,SRC_075,-90.0,0.0,65.329336,N-winter,0.25,train,0.4411332364350378,False
sample_07825.jpg,SRC_103,-35.0,180.0,57.090396,N-autumn,0.25,train,0.397925609494375,False
sample_07826.jpg,SRC_051,20.0,180.0,63.609319,N-autumn,0.5,train,0.3825769925666317,False
sample_07827.jpg,SRC_114,-10.0,180.0,58.176498,N-autumn,0.5,calibration,0.3759542666111816,False
sample_07828.jpg,SRC_137,-5.0,180.0,45.053172,N-spring,0.25,train,0.40927849322256904,False
sample_07829.jpg,SRC_058,30.0,180.0,69.060883,N-autumn,0.5,train,0.38181178055036097,False
sample_07830.jpg,SRC_092,5.0,180.0,57.429528,N-autumn,0.25,validation,0.4033175420992937,False
sample_07831.jpg,SRC_003,0.0,180.0,38.090051,N-spring,0.25,train,0.4131974308103305,False
sample_07832.jpg,SRC_124,0.0,180.0,51.928413,N-summer,0.25,train,0.4012074214537297,False
sample_07833.jpg,SRC_066,-10.0,180.0,61.81065,N-summer,0.5,validation,0.3995506412075323,False
sample_07834.jpg,SRC_111,-35.0,180.0,79.069883,N-spring,1.0,train,0.4368782842364505,False
sample_07835.jpg,SRC_020,35.0,180.0,42.075965,N-summer,0.25,train,0.3990297118689898,False
sample_07836.jpg,SRC_111,-35.0,180.0,79.069883,N-spring,1.0,train,0.4076610018429401,False
sample_07837.jpg,SRC_071,20.0,180.0,40.070501,N-spring,0.25,train,0.40516157210406856,False
sample_07838.jpg,SRC_021,-90.0,0.0,68.040851,N-autumn,0.5,calibration,0.38579016805027494,False
sample_07839.jpg,SRC_149,90.0,0.0,55.701783,N-summer,0.25,train,0.4921160510776318,False
sample_07840.jpg,SRC_135,5.0,180.0,41.328761,N-winter,0.5,train,0.5123391227483904,False
sample_07841.jpg,SRC_129,20.0,180.0,41.057252,N-spring,0.25,train,0.39617470801424204,False
sample_07842.jpg,SRC_149,90.0,0.0,55.701783,N-summer,0.25,train,0.5244830403885729,False
sample_07843.jpg,SRC_093,-25.0,180.0,43.343655,N-autumn,0.5,calibration,0.48538953885988095,False
sample_07844.jpg,SRC_056,-40.0,180.0,74.660587,N-summer,0.5,train,0.376577662508014,False
sample_07845.jpg,SRC_051,20.0,180.0,63.609319,N-autumn,0.5,train,0.41305151471945944,False
sample_07846.jpg,SRC_115,25.0,180.0,41.8845,N-spring,0.25,train,0.4303378316225034,False
sample_07847.jpg,SRC_029,-5.0,180.0,45.485648,N-autumn,0.25,train,0.4037494540235923,False
sample_07848.jpg,SRC_112,-30.0,180.0,67.516648,N-spring,0.5,train,0.3935941618893811,False
sample_07849.jpg,SRC_047,0.0,180.0,48.028677,N-spring,0.5,train,0.4371782464865267,False
sample_07850.jpg,SRC_086,15.0,180.0,43.648742,N-summer,0.5,train,0.3723764116760041,False
sample_07851.jpg,SRC_099,15.0,180.0,42.024472,N-spring,0.5,train,0.4130276945940176,False
sample_07852.jpg,SRC_027,35.0,180.0,41.369436,N-spring,0.5,calibration,0.38396355131796245,False
sample_07853.jpg,SRC_047,0.0,180.0,48.028677,N-spring,0.5,train,0.43797625224098236,False
sample_07854.jpg,SRC_066,-10.0,180.0,61.81065,N-summer,0.5,validation,0.4257289795157705,False
sample_07855.jpg,SRC_065,30.0,180.0,68.700871,N-winter,0.5,validation,0.4033695233444317,False
sample_07856.jpg,SRC_004,30.0,180.0,61.107468,N-autumn,0.5,train,0.3706763472762001,False
sample_07857.jpg,SRC_086,15.0,180.0,43.648742,N-summer,0.5,train,0.38714326512802133,False
sample_07858.jpg,SRC_021,-90.0,0.0,68.040851,N-autumn,0.5,calibration,0.36718500780506746,False
sample_07859.jpg,SRC_168,90.0,0.0,64.709631,N-summer,0.25,train,0.518412924558575,False
sample_07860.jpg,SRC_051,20.0,180.0,63.609319,N-autumn,0.5,train,0.48605865005479315,False
sample_07861.jpg,SRC_050,0.0,180.0,53.680047,N-summer,0.25,calibration,0.40338572102672166,False
sample_07862.jpg,SRC_013,50.0,180.0,54.051464,N-spring,0.5,train,0.38774751257873585,False
sample_07863.jpg,SRC_069,25.0,180.0,48.120522,N-summer,0.5,train,0.5196902010856334,False
sample_07864.jpg,SRC_004,30.0,180.0,61.107468,N-autumn,0.5,train,0.38661852633044547,False
sample_07865.jpg,SRC_037,15.0,180.0,44.468297,N-spring,0.25,calibration,0.385144366839072,False
sample_07866.jpg,SRC_112,-30.0,180.0,67.516648,N-spring,0.5,train,0.43591991935731034,False
sample_07867.jpg,SRC_111,-35.0,180.0,79.069883,N-spring,1.0,train,0.5049688553488891,False
sample_07868.jpg,SRC_131,10.0,180.0,60.540464,N-autumn,0.5,train,0.4181059489242539,False
sample_07869.jpg,SRC_009,-25.0,180.0,73.827745,N-spring,0.5,train,0.3955352631214858,False
sample_07870.jpg,SRC_163,0.0,180.0,39.987447,N-winter,0.25,train,0.38281048253437583,False
sample_07871.jpg,SRC_074,0.0,180.0,50.25459,N-spring,0.5,train,0.4701783414160385,False
sample_07872.jpg,SRC_091,-40.0,180.0,72.511342,N-summer,0.5,train,0.3936282467849389,False
sample_07873.jpg,SRC_020,35.0,180.0,42.075965,N-summer,0.25,train,0.3832165204743335,False
sample_07874.jpg,SRC_148,-15.0,180.0,49.227137,N-autumn,0.25,train,0.49964986051834864,False
sample_07875.jpg,SRC_140,35.0,180.0,44.85556,N-spring,0.25,validation,0.5221203249741673,False
sample_07876.jpg,SRC_126,-20.0,180.0,68.779144,N-summer,0.5,train,0.3856482269417652,False
sample_07877.jpg,SRC_009,-25.0,180.0,73.827745,N-spring,0.5,train,0.4375797080496451,False
sample_07878.jpg,SRC_084,-10.0,180.0,58.957849,N-summer,0.25,train,0.37765250518818105,False
sample_07879.jpg,SRC_114,-10.0,180.0,58.176498,N-autumn,0.5,calibration,0.3781892062005076,False
sample_07880.jpg,SRC_140,35.0,180.0,44.85556,N-spring,0.25,validation,0.4681602240843077,False
sample_07881.jpg,SRC_021,-90.0,0.0,68.040851,N-autumn,0.5,calibration,0.3812469896830031,False
sample_07882.jpg,SRC_133,-10.0,180.0,48.887369,N-spring,0.5,calibration,0.43966985208685044,False
sample_07883.jpg,SRC_020,35.0,180.0,42.075965,N-summer,0.25,train,0.41509619666651626,False
sample_07884.jpg,SRC_085,0.0,180.0,39.187341,N-spring,0.25,train,0.45706071068260856,False
sample_07885.jpg,SRC_039,90.0,0.0,70.63275,N-summer,0.5,train,0.45156822809044234,False
sample_07886.jpg,SRC_164,20.0,180.0,59.226879,N-autumn,0.25,train,0.40020170525426524,False
sample_07887.jpg,SRC_113,-35.0,180.0,36.668707,N-winter,0.25,train,0.38653312190697625,False
sample_07888.jpg,SRC_102,-10.0,180.0,52.255853,N-spring,0.25,train,0.40923329104101985,False
sample_07889.jpg,SRC_089,10.0,180.0,48.442522,N-winter,0.25,validation,0.41781903037543316,False
sample_07890.jpg,SRC_158,-5.0,180.0,35.954137,N-winter,0.25,train,0.3878131765197244,False
sample_07891.jpg,SRC_061,50.0,180.0,43.110277,N-spring,0.5,train,0.5211419627583298,False
sample_07892.jpg,SRC_121,25.0,180.0,67.446292,N-autumn,0.5,validation,0.3819867432488374,False
sample_07893.jpg,SRC_046,0.0,180.0,58.061031,N-autumn,0.25,validation,0.40333018734118636,False
sample_07894.jpg,SRC_065,30.0,180.0,68.700871,N-winter,0.5,validation,0.40384790532889364,False
sample_07895.jpg,SRC_094,20.0,180.0,66.934532,N-autumn,0.25,train,0.38740922408131284,False
sample_07896.jpg,SRC_157,40.0,180.0,44.22455,N-summer,0.25,train,0.3827606830919657,False
sample_07897.jpg,SRC_164,20.0,180.0,59.226879,N-autumn,0.25,train,0.4774115622532663,False
sample_07898.jpg,SRC_004,30.0,180.0,61.107468,N-autumn,0.5,train,0.43429983101643843,False
sample_07899.jpg,SRC_128,90.0,0.0,56.634817,N-spring,0.5,validation,0.5189574961425445,False
sample_07900.jpg,SRC_002,40.0,180.0,45.868768,N-summer,0.25,train,0.3647496624040575,False
sample_07901.jpg,SRC_048,-25.0,180.0,61.920556,N-autumn,0.25,train,0.4132083027600757,False
sample_07902.jpg,SRC_121,25.0,180.0,67.446292,N-autumn,0.5,validation,0.516033299529495,False
sample_07903.jpg,SRC_052,5.0,180.0,51.705435,N-summer,0.25,train,0.42094082523817117,False
sample_07904.jpg,SRC_002,40.0,180.0,45.868768,N-summer,0.25,train,0.3623262225990562,False
sample_07905.jpg,SRC_124,0.0,180.0,51.928413,N-summer,0.25,train,0.374707956565245,False
sample_07906.jpg,SRC_009,-25.0,180.0,73.827745,N-spring,0.5,train,0.3899080205052361,False
sample_07907.jpg,SRC_037,15.0,180.0,44.468297,N-spring,0.25,calibration,0.3911934556065537,False
sample_07908.jpg,SRC_158,-5.0,180.0,35.954137,N-winter,0.25,train,0.389984707200745,False
sample_07909.jpg,SRC_008,25.0,180.0,61.005891,N-autumn,0.25,train,0.4213707414977826,False
sample_07910.jpg,SRC_076,25.0,180.0,63.632584,N-autumn,0.25,validation,0.3836749113324803,False
sample_07911.jpg,SRC_134,-30.0,180.0,69.607895,N-spring,0.5,train,0.43090998855304513,False
sample_07912.jpg,SRC_126,-20.0,180.0,68.779144,N-summer,0.5,train,0.5082737688177275,False
sample_07913.jpg,SRC_004,30.0,180.0,61.107468,N-autumn,0.5,train,0.38833717714184257,False
sample_07914.jpg,SRC_127,-35.0,180.0,47.507974,N-autumn,0.5,train,0.4906221548655399,False
sample_07915.jpg,SRC_055,-5.0,180.0,57.335076,N-spring,0.25,train,0.41114053407339074,False
sample_07916.jpg,SRC_030,-25.0,180.0,67.936804,N-spring,0.5,train,0.3744876530109798,False
sample_07917.jpg,SRC_135,5.0,180.0,41.328761,N-winter,0.5,train,0.47944403232284766,False
sample_07918.jpg,SRC_018,-90.0,0.0,67.882485,N-winter,0.25,train,0.49272327523892356,False
sample_07919.jpg,SRC_168,90.0,0.0,64.709631,N-summer,0.25,train,0.5069569647289895,False
sample_07920.jpg,SRC_150,10.0,180.0,50.798821,N-summer,0.5,train,0.41752623242209064,False
sample_07921.jpg,SRC_043,10.0,180.0,50.433279,N-summer,0.5,calibration,0.38844131929065406,False
sample_07922.jpg,SRC_099,15.0,180.0,42.024472,N-spring,0.5,train,0.37396761793348243,False
sample_07923.jpg,SRC_106,25.0,180.0,40.638999,N-spring,0.5,validation,0.4801641793819357,False
sample_07924.jpg,SRC_092,5.0,180.0,57.429528,N-autumn,0.25,validation,0.38275616225743014,False
sample_07925.jpg,SRC_091,-40.0,180.0,72.511342,N-summer,0.5,train,0.39349084327883255,False
sample_07926.jpg,SRC_127,-35.0,180.0,47.507974,N-autumn,0.5,train,0.38057705158539556,False
sample_07927.jpg,SRC_009,-25.0,180.0,73.827745,N-spring,0.5,train,0.4820426576709179,False
sample_07928.jpg,SRC_021,-90.0,0.0,68.040851,N-autumn,0.5,calibration,0.4109546397355521,False
sample_07929.jpg,SRC_041,15.0,180.0,46.712049,N-summer,0.25,calibration,0.3854706763994748,False
sample_07930.jpg,SRC_059,15.0,180.0,48.046698,N-summer,0.25,train,0.5141664911812979,False
sample_07931.jpg,SRC_097,0.0,180.0,35.318175,N-winter,0.25,train,0.4225602609312274,False
sample_07932.jpg,SRC_050,0.0,180.0,53.680047,N-summer,0.25,calibration,0.4281406722409584,False
sample_07933.jpg,SRC_133,-10.0,180.0,48.887369,N-spring,0.5,calibration,0.4164600374808797,False
sample_07934.jpg,SRC_168,90.0,0.0,64.709631,N-summer,0.25,train,0.37685339754633446,False
sample_07935.jpg,SRC_121,25.0,180.0,67.446292,N-autumn,0.5,validation,0.38083250233167754,False
sample_07936.jpg,SRC_170,-20.0,180.0,56.332579,N-autumn,0.25,train,0.4679914614413674,False
sample_07937.jpg,SRC_093,-25.0,180.0,43.343655,N-autumn,0.5,calibration,0.49473428170552314,False
sample_07938.jpg,SRC_073,45.0,180.0,41.537171,N-spring,0.25,train,0.4350116586676974,False
sample_07939.jpg,SRC_076,25.0,180.0,63.632584,N-autumn,0.25,validation,0.39444580656311146,False
sample_07940.jpg,SRC_124,0.0,180.0,51.928413,N-summer,0.25,train,0.42707007397258534,False
sample_07941.jpg,SRC_014,-40.0,180.0,38.480327,N-winter,0.25,calibration,0.38242170897449895,False
sample_07942.jpg,SRC_126,-20.0,180.0,68.779144,N-summer,0.5,train,0.503080943563116,False
sample_07943.jpg,SRC_004,30.0,180.0,61.107468,N-autumn,0.5,train,0.3930110632863738,False
sample_07944.jpg,SRC_168,90.0,0.0,64.709631,N-summer,0.25,train,0.5323182664614323,False
sample_07945.jpg,SRC_078,15.0,180.0,40.437008,N-spring,0.25,train,0.407978373524605,False
sample_07946.jpg,SRC_040,90.0,0.0,57.651744,N-spring,0.5,validation,0.4041669793163095,False
sample_07947.jpg,SRC_040,90.0,0.0,57.651744,N-spring,0.5,validation,0.39770444765184454,False
sample_07948.jpg,SRC_108,-40.0,180.0,68.856247,N-summer,0.5,validation,0.37913456802472933,False
sample_07949.jpg,SRC_082,-10.0,180.0,60.444036,N-spring,0.25,train,0.3863047886602855,False
sample_07950.jpg,SRC_076,25.0,180.0,63.632584,N-autumn,0.25,validation,0.4779677641480792,False
sample_07951.jpg,SRC_004,30.0,180.0,61.107468,N-autumn,0.5,train,0.3808553781069258,False
sample_07952.jpg,SRC_142,-30.0,180.0,34.276784,N-winter,0.25,train,0.4192563904887101,False
sample_07953.jpg,SRC_112,-30.0,180.0,67.516648,N-spring,0.5,train,0.42591445169701736,False
sample_07954.jpg,SRC_115,25.0,180.0,41.8845,N-spring,0.25,train,0.4924927932188691,False
sample_07955.jpg,SRC_157,40.0,180.0,44.22455,N-summer,0.25,train,0.42078755305272597,False
sample_07956.jpg,SRC_042,10.0,180.0,36.92431,N-spring,0.5,train,0.4607925325274471,False
sample_07957.jpg,SRC_084,-10.0,180.0,58.957849,N-summer,0.25,train,0.3947273710202676,False
sample_07958.jpg,SRC_145,-5.0,180.0,52.15166,N-spring,0.25,train,0.4115772039053412,False
sample_07959.jpg,SRC_131,10.0,180.0,60.540464,N-autumn,0.5,train,0.3878211884898975,False
sample_07960.jpg,SRC_048,-25.0,180.0,61.920556,N-autumn,0.25,train,0.3930247701201711,False
sample_07961.jpg,SRC_001,-5.0,180.0,51.987197,N-spring,0.5,calibration,0.4209551819982032,False
sample_07962.jpg,SRC_095,-20.0,180.0,56.495654,N-spring,0.5,train,0.4815537553030991,False
sample_07963.jpg,SRC_145,-5.0,180.0,52.15166,N-spring,0.25,train,0.435678244407015,False
sample_07964.jpg,SRC_095,-20.0,180.0,56.495654,N-spring,0.5,train,0.3935122704135949,False
sample_07965.jpg,SRC_084,-10.0,180.0,58.957849,N-summer,0.25,train,0.3904077003935158,False
sample_07966.jpg,SRC_112,-30.0,180.0,67.516648,N-spring,0.5,train,0.4077540659578861,False
sample_07967.jpg,SRC_059,15.0,180.0,48.046698,N-summer,0.25,train,0.4104731695364812,False
sample_07968.jpg,SRC_126,-20.0,180.0,68.779144,N-summer,0.5,train,0.4075402223548955,False
sample_07969.jpg,SRC_159,20.0,180.0,67.076816,N-autumn,0.25,train,0.38618532835313396,False
sample_07970.jpg,SRC_068,0.0,180.0,56.216196,N-summer,0.25,train,0.385342364617538,False
sample_07971.jpg,SRC_078,15.0,180.0,40.437008,N-spring,0.25,train,0.39015698444427876,False
sample_07972.jpg,SRC_099,15.0,180.0,42.024472,N-spring,0.5,train,0.3789331737200851,False
sample_07973.jpg,SRC_144,-35.0,180.0,76.731052,N-spring,0.5,train,0.44319648784497384,False
sample_07974.jpg,SRC_114,-10.0,180.0,58.176498,N-autumn,0.5,calibration,0.39237843223143243,False
sample_07975.jpg,SRC_124,0.0,180.0,51.928413,N-summer,0.25,train,0.3959318925778078,False
sample_07976.jpg,SRC_014,-40.0,180.0,38.480327,N-winter,0.25,calibration,0.3862778776276926,False
sample_07977.jpg,SRC_015,20.0,180.0,46.484204,N-summer,0.25,train,0.4231239775138292,False
sample_07978.jpg,SRC_146,10.0,180.0,58.0428,N-summer,0.5,validation,0.49528814233029755,False
sample_07979.jpg,SRC_035,0.0,180.0,56.990187,N-autumn,0.25,train,0.38240302829624645,False
sample_07980.jpg,SRC_021,-90.0,0.0,68.040851,N-autumn,0.5,calibration,0.5090515578491084,False
sample_07981.jpg,SRC_063,25.0,180.0,41.329237,N-spring,0.25,train,0.37702466425017783,False
sample_07982.jpg,SRC_076,25.0,180.0,63.632584,N-autumn,0.25,validation,0.3971750951198452,False
sample_07983.jpg,SRC_141,-10.0,180.0,55.206291,N-spring,0.25,train,0.38660058592602997,False
sample_07984.jpg,SRC_104,25.0,180.0,45.102036,N-summer,0.5,calibration,0.4101120317714802,False
sample_07985.jpg,SRC_133,-10.0,180.0,48.887369,N-spring,0.5,calibration,0.41350200636417345,False
sample_07986.jpg,SRC_052,5.0,180.0,51.705435,N-summer,0.25,train,0.4187268179818607,False
sample_07987.jpg,SRC_009,-25.0,180.0,73.827745,N-spring,0.5,train,0.40360635331666633,False
sample_07988.jpg,SRC_121,25.0,180.0,67.446292,N-autumn,0.5,validation,0.441799624121777,False
sample_07989.jpg,SRC_104,25.0,180.0,45.102036,N-summer,0.5,calibration,0.49196087839728425,False
sample_07990.jpg,SRC_008,25.0,180.0,61.005891,N-autumn,0.25,train,0.388947747516155,False
sample_07991.jpg,SRC_035,0.0,180.0,56.990187,N-autumn,0.25,train,0.39462026527341576,False
sample_07992.jpg,SRC_051,20.0,180.0,63.609319,N-autumn,0.5,train,0.4224246396186442,False
sample_07993.jpg,SRC_146,10.0,180.0,58.0428,N-summer,0.5,validation,0.4736876770453676,False
sample_07994.jpg,SRC_003,0.0,180.0,38.090051,N-spring,0.25,train,0.47946609457529893,False
sample_07995.jpg,SRC_037,15.0,180.0,44.468297,N-spring,0.25,calibration,0.3900325824351064,False
sample_07996.jpg,SRC_047,0.0,180.0,48.028677,N-spring,0.5,train,0.49913035398323496,False
sample_07997.jpg,SRC_082,-10.0,180.0,60.444036,N-spring,0.25,train,0.3844819385023202,False
sample_07998.jpg,SRC_009,-25.0,180.0,73.827745,N-spring,0.5,train,0.39881902507861233,False
sample_07999.jpg,SRC_145,-5.0,180.0,52.15166,N-spring,0.25,train,0.42664335479768034,False
sample_08000.jpg,SRC_078,15.0,180.0,40.437008,N-spring,0.25,train,0.4056857043850347,False
sample_08001.jpg,SRC_139,40.0,180.0,53.533251,N-winter,0.25,train,0.4987303234241239,False
sample_08002.jpg,SRC_097,0.0,180.0,35.318175,N-winter,0.25,train,0.39587698746243005,False
sample_08003.jpg,SRC_157,40.0,180.0,44.22455,N-summer,0.25,train,0.3736806546855574,False
sample_08004.jpg,SRC_049,5.0,180.0,42.94902,N-spring,0.25,train,0.4774645955926139,False
sample_08005.jpg,SRC_067,-15.0,180.0,64.724247,N-spring,0.5,calibration,0.38883679971665636,False
sample_08006.jpg,SRC_037,15.0,180.0,44.468297,N-spring,0.25,calibration,0.5218276329414607,False
sample_08007.jpg,SRC_144,-35.0,180.0,76.731052,N-spring,0.5,train,0.40121275501856557,False
sample_08008.jpg,SRC_076,25.0,180.0,63.632584,N-autumn,0.25,validation,0.3888843262399124,False
sample_08009.jpg,SRC_041,15.0,180.0,46.712049,N-summer,0.25,calibration,0.41139702432524416,False
sample_08010.jpg,SRC_108,-40.0,180.0,68.856247,N-summer,0.5,validation,0.43858732498859243,False
sample_08011.jpg,SRC_041,15.0,180.0,46.712049,N-summer,0.25,calibration,0.3790228672758874,False
sample_08012.jpg,SRC_168,90.0,0.0,64.709631,N-summer,0.25,train,0.4961153474867924,False
sample_08013.jpg,SRC_133,-10.0,180.0,48.887369,N-spring,0.5,calibration,0.40000803587912187,False
sample_08014.jpg,SRC_052,5.0,180.0,51.705435,N-summer,0.25,train,0.5062874571908486,False
sample_08015.jpg,SRC_106,25.0,180.0,40.638999,N-spring,0.5,validation,0.38145218780999257,False
sample_08016.jpg,SRC_013,50.0,180.0,54.051464,N-spring,0.5,train,0.5057819720717279,False
sample_08017.jpg,SRC_071,20.0,180.0,40.070501,N-spring,0.25,train,0.4376509847174221,False
sample_08018.jpg,SRC_009,-25.0,180.0,73.827745,N-spring,0.5,train,0.5067899083059754,False
sample_08019.jpg,SRC_027,35.0,180.0,41.369436,N-spring,0.5,calibration,0.5172801147835601,False
sample_08020.jpg,SRC_042,10.0,180.0,36.92431,N-spring,0.5,train,0.36663991969816456,False
sample_08021.jpg,SRC_009,-25.0,180.0,73.827745,N-spring,0.5,train,0.3970809318191767,False
sample_08022.jpg,SRC_169,40.0,180.0,48.615664,N-summer,0.25,validation,0.38282066816964455,False
sample_08023.jpg,SRC_113,-35.0,180.0,36.668707,N-winter,0.25,train,0.38033570350315793,False
sample_08024.jpg,SRC_157,40.0,180.0,44.22455,N-summer,0.25,train,0.4702459397517349,False
sample_08025.jpg,SRC_082,-10.0,180.0,60.444036,N-spring,0.25,train,0.3802914821771176,False
sample_08026.jpg,SRC_055,-5.0,180.0,57.335076,N-spring,0.25,train,0.4386452777494668,False
sample_08027.jpg,SRC_126,-20.0,180.0,68.779144,N-summer,0.5,train,0.38927716456935413,False
sample_08028.jpg,SRC_030,-25.0,180.0,67.936804,N-spring,0.5,train,0.485049726071386,False
sample_08029.jpg,SRC_046,0.0,180.0,58.061031,N-autumn,0.25,validation,0.41123309292250354,False
sample_08030.jpg,SRC_069,25.0,180.0,48.120522,N-summer,0.5,train,0.4128795292683467,False
sample_08031.jpg,SRC_099,15.0,180.0,42.024472,N-spring,0.5,train,0.3968336566578891,False
sample_08032.jpg,SRC_006,-15.0,180.0,65.638079,N-spring,0.5,train,0.4140147049070155,False
sample_08033.jpg,SRC_114,-10.0,180.0,58.176498,N-autumn,0.5,calibration,0.37964064058848307,False
sample_08034.jpg,SRC_111,-35.0,180.0,79.069883,N-spring,1.0,train,0.4212813263481431,False
sample_08035.jpg,SRC_161,5.0,180.0,52.294471,N-summer,0.25,calibration,0.3974929174467331,False
sample_08036.jpg,SRC_121,25.0,180.0,67.446292,N-autumn,0.5,validation,0.3918948238680709,False
sample_08037.jpg,SRC_051,20.0,180.0,63.609319,N-autumn,0.5,train,0.3890439239792675,False
sample_08038.jpg,SRC_082,-10.0,180.0,60.444036,N-spring,0.25,train,0.3942344464294635,False
sample_08039.jpg,SRC_030,-25.0,180.0,67.936804,N-spring,0.5,train,0.3872128629416472,False
sample_08040.jpg,SRC_150,10.0,180.0,50.798821,N-summer,0.5,train,0.4815750406599902,False
sample_08041.jpg,SRC_126,-20.0,180.0,68.779144,N-summer,0.5,train,0.4098251111100796,False
sample_08042.jpg,SRC_152,30.0,180.0,40.69576,N-spring,0.25,train,0.4149901497782559,False
sample_08043.jpg,SRC_099,15.0,180.0,42.024472,N-spring,0.5,train,0.48745370944742755,False
sample_08044.jpg,SRC_154,0.0,180.0,54.770875,N-summer,0.5,train,0.4904875984148914,False
sample_08045.jpg,SRC_036,5.0,180.0,52.749586,N-summer,0.25,train,0.3906047891706717,False
sample_08046.jpg,SRC_153,-40.0,180.0,43.960452,N-autumn,0.25,train,0.37437975575037397,False
sample_08047.jpg,SRC_124,0.0,180.0,51.928413,N-summer,0.25,train,0.39618027352292834,False
sample_08048.jpg,SRC_157,40.0,180.0,44.22455,N-summer,0.25,train,0.3736596210856934,False
sample_08049.jpg,SRC_026,90.0,0.0,57.238404,N-spring,0.25,train,0.4167014814701579,False
sample_08050.jpg,SRC_151,-15.0,180.0,63.408071,N-summer,0.5,train,0.4168234780096462,False
sample_08051.jpg,SRC_116,5.0,180.0,41.203028,N-spring,0.25,calibration,0.5189905099149302,False
sample_08052.jpg,SRC_095,-20.0,180.0,56.495654,N-spring,0.5,train,0.4927986302034877,False
sample_08053.jpg,SRC_095,-20.0,180.0,56.495654,N-spring,0.5,train,0.4957129204800085,False
sample_08054.jpg,SRC_095,-20.0,180.0,56.495654,N-spring,0.5,train,0.4007316973951146,False
sample_08055.jpg,SRC_004,30.0,180.0,61.107468,N-autumn,0.5,train,0.3748645285906921,False
sample_08056.jpg,SRC_131,10.0,180.0,60.540464,N-autumn,0.5,train,0.39224029564098367,False
sample_08057.jpg,SRC_058,30.0,180.0,69.060883,N-autumn,0.5,train,0.38274488370688287,False
sample_08058.jpg,SRC_062,45.0,180.0,81.508965,N-autumn,0.5,train,0.3946030055064875,False
sample_08059.jpg,SRC_140,35.0,180.0,44.85556,N-spring,0.25,validation,0.38218463585690043,False
sample_08060.jpg,SRC_006,-15.0,180.0,65.638079,N-spring,0.5,train,0.3930185900740096,False
sample_08061.jpg,SRC_103,-35.0,180.0,57.090396,N-autumn,0.25,train,0.39525154262958456,False
sample_08062.jpg,SRC_005,0.0,180.0,55.846781,N-summer,0.5,calibration,0.3860216931648774,False
sample_08063.jpg,SRC_142,-30.0,180.0,34.276784,N-winter,0.25,train,0.44101105227764614,False
sample_08064.jpg,SRC_112,-30.0,180.0,67.516648,N-spring,0.5,train,0.41094116678241244,False
sample_08065.jpg,SRC_111,-35.0,180.0,79.069883,N-spring,1.0,train,0.4900522821278958,False
sample_08066.jpg,SRC_144,-35.0,180.0,76.731052,N-spring,0.5,train,0.49014140761151176,False
sample_08067.jpg,SRC_063,25.0,180.0,41.329237,N-spring,0.25,train,0.37049754740602314,False
sample_08068.jpg,SRC_127,-35.0,180.0,47.507974,N-autumn,0.5,train,0.38176353486618825,False
sample_08069.jpg,SRC_013,50.0,180.0,54.051464,N-spring,0.5,train,0.41266947142665317,False
sample_08070.jpg,SRC_071,20.0,180.0,40.070501,N-spring,0.25,train,0.4138176197716046,False
sample_08071.jpg,SRC_100,20.0,180.0,41.506528,N-spring,0.25,train,0.41224296300087904,False
sample_08072.jpg,SRC_014,-40.0,180.0,38.480327,N-winter,0.25,calibration,0.3868042566674177,False
sample_08073.jpg,SRC_103,-35.0,180.0,57.090396,N-autumn,0.25,train,0.4686578685264079,False
sample_08074.jpg,SRC_089,10.0,180.0,48.442522,N-winter,0.25,validation,0.41041581743121897,False
sample_08075.jpg,SRC_069,25.0,180.0,48.120522,N-summer,0.5,train,0.4888345769263143,False
sample_08076.jpg,SRC_169,40.0,180.0,48.615664,N-summer,0.25,validation,0.39005287368900077,False
sample_08077.jpg,SRC_027,35.0,180.0,41.369436,N-spring,0.5,calibration,0.3863073398246521,False
sample_08078.jpg,SRC_150,10.0,180.0,50.798821,N-summer,0.5,train,0.43181377184451897,False
sample_08079.jpg,SRC_030,-25.0,180.0,67.936804,N-spring,0.5,train,0.37431879033309773,False
sample_08080.jpg,SRC_072,15.0,180.0,46.966801,N-winter,0.25,train,0.3898814732361777,False
sample_08081.jpg,SRC_104,25.0,180.0,45.102036,N-summer,0.5,calibration,0.4483000073557699,False
sample_08082.jpg,SRC_091,-40.0,180.0,72.511342,N-summer,0.5,train,0.38197569531860154,False
sample_08083.jpg,SRC_157,40.0,180.0,44.22455,N-summer,0.25,train,0.393905252214611,False
sample_08084.jpg,SRC_158,-5.0,180.0,35.954137,N-winter,0.25,train,0.3870143195660559,False
sample_08085.jpg,SRC_134,-30.0,180.0,69.607895,N-spring,0.5,train,0.40847173801790493,False
sample_08086.jpg,SRC_083,0.0,180.0,55.378885,N-spring,0.25,train,0.46527392340783563,False
sample_08087.jpg,SRC_055,-5.0,180.0,57.335076,N-spring,0.25,train,0.38990256117878,False
sample_08088.jpg,SRC_027,35.0,180.0,41.369436,N-spring,0.5,calibration,0.4024720931737348,False
sample_08089.jpg,SRC_042,10.0,180.0,36.92431,N-spring,0.5,train,0.39762764871441875,False
sample_08090.jpg,SRC_045,-90.0,0.0,70.559818,N-autumn,0.25,train,0.4677015347806611,False
sample_08091.jpg,SRC_070,60.0,180.0,58.788969,N-summer,0.5,validation,0.49911062043050497,False
sample_08092.jpg,SRC_115,25.0,180.0,41.8845,N-spring,0.25,train,0.3968381435398472,False
sample_08093.jpg,SRC_169,40.0,180.0,48.615664,N-summer,0.25,validation,0.4755873512245138,False
sample_08094.jpg,SRC_168,90.0,0.0,64.709631,N-summer,0.25,train,0.3960041540496725,False
sample_08095.jpg,SRC_009,-25.0,180.0,73.827745,N-spring,0.5,train,0.4050369966367223,False
sample_08096.jpg,SRC_119,90.0,0.0,58.642683,N-spring,0.25,calibration,0.4938318459439879,False
sample_08097.jpg,SRC_104,25.0,180.0,45.102036,N-summer,0.5,calibration,0.4824165495619903,False
sample_08098.jpg,SRC_038,-15.0,180.0,32.097448,N-winter,0.25,validation,0.48166384330240064,False
sample_08099.jpg,SRC_111,-35.0,180.0,79.069883,N-spring,1.0,train,0.5401573700687285,False
sample_08100.jpg,SRC_009,-25.0,180.0,73.827745,N-spring,0.5,train,0.4070622786450445,False
sample_08101.jpg,SRC_063,25.0,180.0,41.329237,N-spring,0.25,train,0.3727725243378138,False
sample_08102.jpg,SRC_112,-30.0,180.0,67.516648,N-spring,0.5,train,0.4799977726651575,False
sample_08103.jpg,SRC_106,25.0,180.0,40.638999,N-spring,0.5,validation,0.4529180518695723,False
sample_08104.jpg,SRC_154,0.0,180.0,54.770875,N-summer,0.5,train,0.5316978470144434,False
sample_08105.jpg,SRC_013,50.0,180.0,54.051464,N-spring,0.5,train,0.4373818786623457,False
sample_08106.jpg,SRC_037,15.0,180.0,44.468297,N-spring,0.25,calibration,0.38926577480664704,False
sample_08107.jpg,SRC_024,10.0,180.0,53.725813,N-summer,0.25,calibration,0.3876566281478812,False
sample_08108.jpg,SRC_085,0.0,180.0,39.187341,N-spring,0.25,train,0.41454326797557295,False
sample_08109.jpg,SRC_106,25.0,180.0,40.638999,N-spring,0.5,validation,0.4773342455100923,False
sample_08110.jpg,SRC_106,25.0,180.0,40.638999,N-spring,0.5,validation,0.49268552310405295,False
sample_08111.jpg,SRC_036,5.0,180.0,52.749586,N-summer,0.25,train,0.3847874410411748,False
sample_08112.jpg,SRC_140,35.0,180.0,44.85556,N-spring,0.25,validation,0.3737946468736046,False
sample_08113.jpg,SRC_140,35.0,180.0,44.85556,N-spring,0.25,validation,0.37446004729843263,False
sample_08114.jpg,SRC_099,15.0,180.0,42.024472,N-spring,0.5,train,0.3967457539904443,False
sample_08115.jpg,SRC_148,-15.0,180.0,49.227137,N-autumn,0.25,train,0.42632343629241065,False
sample_08116.jpg,SRC_055,-5.0,180.0,57.335076,N-spring,0.25,train,0.4182018587513574,False
sample_08117.jpg,SRC_041,15.0,180.0,46.712049,N-summer,0.25,calibration,0.3882278237703053,False
sample_08118.jpg,SRC_171,-35.0,180.0,63.65778,N-spring,0.25,calibration,0.473022314324053,False
sample_08119.jpg,SRC_021,-90.0,0.0,68.040851,N-autumn,0.5,calibration,0.4179103634727518,False
sample_08120.jpg,SRC_086,15.0,180.0,43.648742,N-summer,0.5,train,0.5088755769706547,False
sample_08121.jpg,SRC_136,-35.0,180.0,76.922409,N-spring,0.5,train,0.4102953985836555,False
sample_08122.jpg,SRC_051,20.0,180.0,63.609319,N-autumn,0.5,train,0.3820212762722106,False
sample_08123.jpg,SRC_009,-25.0,180.0,73.827745,N-spring,0.5,train,0.4053009281686159,False
sample_08124.jpg,SRC_052,5.0,180.0,51.705435,N-summer,0.25,train,0.4183551609825689,False
sample_08125.jpg,SRC_115,25.0,180.0,41.8845,N-spring,0.25,train,0.4909742881087841,False
sample_08126.jpg,SRC_107,20.0,180.0,65.68027,N-autumn,0.5,train,0.4018077480781651,False
sample_08127.jpg,SRC_095,-20.0,180.0,56.495654,N-spring,0.5,train,0.40454682323156577,False
sample_08128.jpg,SRC_066,-10.0,180.0,61.81065,N-summer,0.5,validation,0.39210065010866635,False
sample_08129.jpg,SRC_014,-40.0,180.0,38.480327,N-winter,0.25,calibration,0.4834010399198876,False
sample_08130.jpg,SRC_124,0.0,180.0,51.928413,N-summer,0.25,train,0.39843672448992634,False
sample_08131.jpg,SRC_157,40.0,180.0,44.22455,N-summer,0.25,train,0.3775586095077377,False
sample_08132.jpg,SRC_042,10.0,180.0,36.92431,N-spring,0.5,train,0.48965406226416686,False
sample_08133.jpg,SRC_142,-30.0,180.0,34.276784,N-winter,0.25,train,0.4161704062853002,False
sample_08134.jpg,SRC_171,-35.0,180.0,63.65778,N-spring,0.25,calibration,0.4831733646689072,False
sample_08135.jpg,SRC_027,35.0,180.0,41.369436,N-spring,0.5,calibration,0.39111782748235485,False
sample_08136.jpg,SRC_171,-35.0,180.0,63.65778,N-spring,0.25,calibration,0.39092731294369265,False
sample_08137.jpg,SRC_092,5.0,180.0,57.429528,N-autumn,0.25,validation,0.40714050752167186,False
sample_08138.jpg,SRC_028,10.0,180.0,42.894848,N-spring,0.25,calibration,0.5200440621830158,False
sample_08139.jpg,SRC_015,20.0,180.0,46.484204,N-summer,0.25,train,0.381901077079468,False
sample_08140.jpg,SRC_107,20.0,180.0,65.68027,N-autumn,0.5,train,0.3937269142007114,False
sample_08141.jpg,SRC_056,-40.0,180.0,74.660587,N-summer,0.5,train,0.4129848177602561,False
sample_08142.jpg,SRC_066,-10.0,180.0,61.81065,N-summer,0.5,validation,0.382828251274015,False
sample_08143.jpg,SRC_047,0.0,180.0,48.028677,N-spring,0.5,train,0.4480702145742789,False
sample_08144.jpg,SRC_151,-15.0,180.0,63.408071,N-summer,0.5,train,0.4774280373284161,False
sample_08145.jpg,SRC_042,10.0,180.0,36.92431,N-spring,0.5,train,0.3787185178229332,False
sample_08146.jpg,SRC_092,5.0,180.0,57.429528,N-autumn,0.25,validation,0.382725569262556,False
sample_08147.jpg,SRC_027,35.0,180.0,41.369436,N-spring,0.5,calibration,0.393927317588445,False
sample_08148.jpg,SRC_091,-40.0,180.0,72.511342,N-summer,0.5,train,0.38852927951508626,False
sample_08149.jpg,SRC_067,-15.0,180.0,64.724247,N-spring,0.5,calibration,0.38945462525457086,False
sample_08150.jpg,SRC_004,30.0,180.0,61.107468,N-autumn,0.5,train,0.37799342701305594,False
sample_08151.jpg,SRC_133,-10.0,180.0,48.887369,N-spring,0.5,calibration,0.4370540996637716,False
sample_08152.jpg,SRC_131,10.0,180.0,60.540464,N-autumn,0.5,train,0.5150861127016284,False
sample_08153.jpg,SRC_103,-35.0,180.0,57.090396,N-autumn,0.25,train,0.4000539233327965,False
sample_08154.jpg,SRC_107,20.0,180.0,65.68027,N-autumn,0.5,train,0.4327863920580411,False
sample_08155.jpg,SRC_013,50.0,180.0,54.051464,N-spring,0.5,train,0.37410958102278047,False
sample_08156.jpg,SRC_106,25.0,180.0,40.638999,N-spring,0.5,validation,0.5012474797829187,False
sample_08157.jpg,SRC_094,20.0,180.0,66.934532,N-autumn,0.25,train,0.3886104229407963,False
sample_08158.jpg,SRC_030,-25.0,180.0,67.936804,N-spring,0.5,train,0.4142202831086445,False
sample_08159.jpg,SRC_088,0.0,180.0,53.004483,N-summer,0.25,train,0.492586087232306,False
sample_08160.jpg,SRC_084,-10.0,180.0,58.957849,N-summer,0.25,train,0.38503428582619015,False
sample_08161.jpg,SRC_027,35.0,180.0,41.369436,N-spring,0.5,calibration,0.38826843960996554,False
sample_08162.jpg,SRC_146,10.0,180.0,58.0428,N-summer,0.5,validation,0.463345759460234,False
sample_08163.jpg,SRC_040,90.0,0.0,57.651744,N-spring,0.5,validation,0.37747739461884977,False
sample_08164.jpg,SRC_146,10.0,180.0,58.0428,N-summer,0.5,validation,0.5099463965606785,False
sample_08165.jpg,SRC_009,-25.0,180.0,73.827745,N-spring,0.5,train,0.4009634238863537,False
sample_08166.jpg,SRC_011,-20.0,180.0,70.371153,N-summer,0.25,train,0.39291635448406265,False
sample_08167.jpg,SRC_021,-90.0,0.0,68.040851,N-autumn,0.5,calibration,0.3849229926544394,False
sample_08168.jpg,SRC_041,15.0,180.0,46.712049,N-summer,0.25,calibration,0.3725926798285314,False
sample_08169.jpg,SRC_007,20.0,180.0,49.485932,N-winter,0.25,validation,0.3883605531464107,False
sample_08170.jpg,SRC_008,25.0,180.0,61.005891,N-autumn,0.25,train,0.39248323459182843,False
sample_08171.jpg,SRC_092,5.0,180.0,57.429528,N-autumn,0.25,validation,0.40301998451983945,False
sample_08172.jpg,SRC_124,0.0,180.0,51.928413,N-summer,0.25,train,0.4041424189254852,False
sample_08173.jpg,SRC_133,-10.0,180.0,48.887369,N-spring,0.5,calibration,0.4990552272100202,False
sample_08174.jpg,SRC_009,-25.0,180.0,73.827745,N-spring,0.5,train,0.4060539140192524,False
sample_08175.jpg,SRC_073,45.0,180.0,41.537171,N-spring,0.25,train,0.39525151224172916,False
sample_08176.jpg,SRC_104,25.0,180.0,45.102036,N-summer,0.5,calibration,0.48667393348379634,False
sample_08177.jpg,SRC_158,-5.0,180.0,35.954137,N-winter,0.25,train,0.48955951986518065,False
sample_08178.jpg,SRC_009,-25.0,180.0,73.827745,N-spring,0.5,train,0.3944726872873594,False
sample_08179.jpg,SRC_009,-25.0,180.0,73.827745,N-spring,0.5,train,0.40300221061664987,False
sample_08180.jpg,SRC_121,25.0,180.0,67.446292,N-autumn,0.5,validation,0.38066456848312996,False
sample_08181.jpg,SRC_168,90.0,0.0,64.709631,N-summer,0.25,train,0.3835108622062625,False
sample_08182.jpg,SRC_084,-10.0,180.0,58.957849,N-summer,0.25,train,0.39636271118608757,False
sample_08183.jpg,SRC_074,0.0,180.0,50.25459,N-spring,0.5,train,0.5008558923711146,False
sample_08184.jpg,SRC_126,-20.0,180.0,68.779144,N-summer,0.5,train,0.3850201502350193,False
sample_08185.jpg,SRC_164,20.0,180.0,59.226879,N-autumn,0.25,train,0.4033438636760206,False
sample_08186.jpg,SRC_047,0.0,180.0,48.028677,N-spring,0.5,train,0.45936011922279113,False
sample_08187.jpg,SRC_103,-35.0,180.0,57.090396,N-autumn,0.25,train,0.39265149545180184,False
sample_08188.jpg,SRC_021,-90.0,0.0,68.040851,N-autumn,0.5,calibration,0.3859879097905328,False
sample_08189.jpg,SRC_065,30.0,180.0,68.700871,N-winter,0.5,validation,0.4633456642336292,False
sample_08190.jpg,SRC_065,30.0,180.0,68.700871,N-winter,0.5,validation,0.5284737774465426,False
sample_08191.jpg,SRC_038,-15.0,180.0,32.097448,N-winter,0.25,validation,0.44065203998760083,False
sample_08192.jpg,SRC_092,5.0,180.0,57.429528,N-autumn,0.25,validation,0.41001497598895326,False
sample_08193.jpg,SRC_021,-90.0,0.0,68.040851,N-autumn,0.5,calibration,0.3791449781490449,False
sample_08194.jpg,SRC_102,-10.0,180.0,52.255853,N-spring,0.25,train,0.5091105143669814,False
sample_08195.jpg,SRC_108,-40.0,180.0,68.856247,N-summer,0.5,validation,0.4426591839510799,False
sample_08196.jpg,SRC_139,40.0,180.0,53.533251,N-winter,0.25,train,0.43119290921346687,False
sample_08197.jpg,SRC_146,10.0,180.0,58.0428,N-summer,0.5,validation,0.4116571746055957,False
sample_08198.jpg,SRC_143,90.0,0.0,68.916652,N-spring,0.5,validation,0.42172378967534946,False
sample_08199.jpg,SRC_030,-25.0,180.0,67.936804,N-spring,0.5,train,0.384973239804901,False
sample_08200.jpg,SRC_140,35.0,180.0,44.85556,N-spring,0.25,validation,0.5113767421351205,False
sample_08201.jpg,SRC_115,25.0,180.0,41.8845,N-spring,0.25,train,0.4311318077894155,False
sample_08202.jpg,SRC_156,10.0,180.0,48.737382,N-summer,0.25,train,0.3815939960850274,False
sample_08203.jpg,SRC_159,20.0,180.0,67.076816,N-autumn,0.25,train,0.37262428116978463,False
sample_08204.jpg,SRC_047,0.0,180.0,48.028677,N-spring,0.5,train,0.4506663925328086,False
sample_08205.jpg,SRC_047,0.0,180.0,48.028677,N-spring,0.5,train,0.4658203056520224,False
sample_08206.jpg,SRC_087,0.0,180.0,54.65824,N-summer,0.25,train,0.40138382015142493,False
sample_08207.jpg,SRC_130,25.0,180.0,37.507656,N-spring,0.25,validation,0.5017623364151705,False
sample_08208.jpg,SRC_059,15.0,180.0,48.046698,N-summer,0.25,train,0.5123995594033838,False
sample_08209.jpg,SRC_106,25.0,180.0,40.638999,N-spring,0.5,validation,0.4988243875775858,False
sample_08210.jpg,SRC_136,-35.0,180.0,76.922409,N-spring,0.5,train,0.48731866490925946,False
sample_08211.jpg,SRC_062,45.0,180.0,81.508965,N-autumn,0.5,train,0.4083764220526177,False
sample_08212.jpg,SRC_004,30.0,180.0,61.107468,N-autumn,0.5,train,0.3966817376261469,False
sample_08213.jpg,SRC_148,-15.0,180.0,49.227137,N-autumn,0.25,train,0.42913863031802524,False
sample_08214.jpg,SRC_109,50.0,180.0,54.137665,N-summer,0.25,validation,0.3913526884861622,False
sample_08215.jpg,SRC_126,-20.0,180.0,68.779144,N-summer,0.5,train,0.48892313435892215,False
sample_08216.jpg,SRC_091,-40.0,180.0,72.511342,N-summer,0.5,train,0.3817570844640265,False
sample_08217.jpg,SRC_121,25.0,180.0,67.446292,N-autumn,0.5,validation,0.4803445268611134,False
sample_08218.jpg,SRC_009,-25.0,180.0,73.827745,N-spring,0.5,train,0.42025367931092533,False
sample_08219.jpg,SRC_151,-15.0,180.0,63.408071,N-summer,0.5,train,0.3813203771498358,False
sample_08220.jpg,SRC_018,-90.0,0.0,67.882485,N-winter,0.25,train,0.38515453910128034,False
sample_08221.jpg,SRC_058,30.0,180.0,69.060883,N-autumn,0.5,train,0.3770485958515125,False
sample_08222.jpg,SRC_069,25.0,180.0,48.120522,N-summer,0.5,train,0.4784570244513433,False
sample_08223.jpg,SRC_134,-30.0,180.0,69.607895,N-spring,0.5,train,0.38302271896677653,False
sample_08224.jpg,SRC_171,-35.0,180.0,63.65778,N-spring,0.25,calibration,0.39157495123362585,False
sample_08225.jpg,SRC_030,-25.0,180.0,67.936804,N-spring,0.5,train,0.38674487834242316,False
sample_08226.jpg,SRC_063,25.0,180.0,41.329237,N-spring,0.25,train,0.49068773449217706,False
sample_08227.jpg,SRC_136,-35.0,180.0,76.922409,N-spring,0.5,train,0.38705037811519966,False
sample_08228.jpg,SRC_009,-25.0,180.0,73.827745,N-spring,0.5,train,0.4818806780376306,False
sample_08229.jpg,SRC_099,15.0,180.0,42.024472,N-spring,0.5,train,0.48764797576301583,False
sample_08230.jpg,SRC_097,0.0,180.0,35.318175,N-winter,0.25,train,0.4024669117694358,False
sample_08231.jpg,SRC_007,20.0,180.0,49.485932,N-winter,0.25,validation,0.3949192711278176,False
sample_08232.jpg,SRC_116,5.0,180.0,41.203028,N-spring,0.25,calibration,0.39481278559621946,False
sample_08233.jpg,SRC_063,25.0,180.0,41.329237,N-spring,0.25,train,0.3742593556595307,False
sample_08234.jpg,SRC_094,20.0,180.0,66.934532,N-autumn,0.25,train,0.4876979686174973,False
sample_08235.jpg,SRC_111,-35.0,180.0,79.069883,N-spring,1.0,train,0.4193037041744098,False
sample_08236.jpg,SRC_115,25.0,180.0,41.8845,N-spring,0.25,train,0.40016576318908453,False
sample_08237.jpg,SRC_006,-15.0,180.0,65.638079,N-spring,0.5,train,0.4030726524818455,False
sample_08238.jpg,SRC_133,-10.0,180.0,48.887369,N-spring,0.5,calibration,0.4146934757709878,False
sample_08239.jpg,SRC_051,20.0,180.0,63.609319,N-autumn,0.5,train,0.4776623836039806,False
sample_08240.jpg,SRC_095,-20.0,180.0,56.495654,N-spring,0.5,train,0.4134271307503348,False
sample_08241.jpg,SRC_037,15.0,180.0,44.468297,N-spring,0.25,calibration,0.3804192619998517,False
sample_08242.jpg,SRC_004,30.0,180.0,61.107468,N-autumn,0.5,train,0.38701573107646803,False
sample_08243.jpg,SRC_006,-15.0,180.0,65.638079,N-spring,0.5,train,0.3998451197502667,False
sample_08244.jpg,SRC_042,10.0,180.0,36.92431,N-spring,0.5,train,0.37879734666266485,False
sample_08245.jpg,SRC_168,90.0,0.0,64.709631,N-summer,0.25,train,0.46914485964511676,False
sample_08246.jpg,SRC_091,-40.0,180.0,72.511342,N-summer,0.5,train,0.38196021164893484,False
sample_08247.jpg,SRC_009,-25.0,180.0,73.827745,N-spring,0.5,train,0.4076244204723826,False
sample_08248.jpg,SRC_013,50.0,180.0,54.051464,N-spring,0.5,train,0.3750303050880547,False
sample_08249.jpg,SRC_027,35.0,180.0,41.369436,N-spring,0.5,calibration,0.38709896870795213,False
sample_08250.jpg,SRC_001,-5.0,180.0,51.987197,N-spring,0.5,calibration,0.4147434956600666,False
sample_08251.jpg,SRC_090,50.0,180.0,47.196626,N-summer,0.25,train,0.36672137747013506,False
sample_08252.jpg,SRC_092,5.0,180.0,57.429528,N-autumn,0.25,validation,0.4129765390146213,False
sample_08253.jpg,SRC_011,-20.0,180.0,70.371153,N-summer,0.25,train,0.4307489606014328,False
sample_08254.jpg,SRC_161,5.0,180.0,52.294471,N-summer,0.25,calibration,0.49867615530570486,False
sample_08255.jpg,SRC_002,40.0,180.0,45.868768,N-summer,0.25,train,0.5228834399404061,False
sample_08256.jpg,SRC_131,10.0,180.0,60.540464,N-autumn,0.5,train,0.4959793724501093,False
sample_08257.jpg,SRC_111,-35.0,180.0,79.069883,N-spring,1.0,train,0.4167424996918999,False
sample_08258.jpg,SRC_027,35.0,180.0,41.369436,N-spring,0.5,calibration,0.48017207240930215,False
sample_08259.jpg,SRC_014,-40.0,180.0,38.480327,N-winter,0.25,calibration,0.4755168694401285,False
sample_08260.jpg,SRC_027,35.0,180.0,41.369436,N-spring,0.5,calibration,0.47340519694924127,False
sample_08261.jpg,SRC_036,5.0,180.0,52.749586,N-summer,0.25,train,0.5109320260340823,False
sample_08262.jpg,SRC_148,-15.0,180.0,49.227137,N-autumn,0.25,train,0.4299279662753729,False
sample_08263.jpg,SRC_068,0.0,180.0,56.216196,N-summer,0.25,train,0.4104507293390588,False
sample_08264.jpg,SRC_098,-45.0,180.0,70.730178,N-summer,0.25,calibration,0.5110219990706651,False
sample_08265.jpg,SRC_130,25.0,180.0,37.507656,N-spring,0.25,validation,0.5071441557066791,False
sample_08266.jpg,SRC_061,50.0,180.0,43.110277,N-spring,0.5,train,0.4143014613622708,False
sample_08267.jpg,SRC_103,-35.0,180.0,57.090396,N-autumn,0.25,train,0.3974080514208758,False
sample_08268.jpg,SRC_027,35.0,180.0,41.369436,N-spring,0.5,calibration,0.3941072226011602,False
sample_08269.jpg,SRC_004,30.0,180.0,61.107468,N-autumn,0.5,train,0.47953967399154757,False
sample_08270.jpg,SRC_106,25.0,180.0,40.638999,N-spring,0.5,validation,0.48837225277853735,False
sample_08271.jpg,SRC_108,-40.0,180.0,68.856247,N-summer,0.5,validation,0.378035376219453,False
sample_08272.jpg,SRC_009,-25.0,180.0,73.827745,N-spring,0.5,train,0.39851598445004877,False
sample_08273.jpg,SRC_059,15.0,180.0,48.046698,N-summer,0.25,train,0.4966076352908254,False
sample_08274.jpg,SRC_041,15.0,180.0,46.712049,N-summer,0.25,calibration,0.36922680545660685,False
sample_08275.jpg,SRC_103,-35.0,180.0,57.090396,N-autumn,0.25,train,0.39692048074163955,False
sample_08276.jpg,SRC_108,-40.0,180.0,68.856247,N-summer,0.5,validation,0.39358606662970097,False
sample_08277.jpg,SRC_026,90.0,0.0,57.238404,N-spring,0.25,train,0.4879318513160024,False
sample_08278.jpg,SRC_021,-90.0,0.0,68.040851,N-autumn,0.5,calibration,0.37923074859567774,False
sample_08279.jpg,SRC_157,40.0,180.0,44.22455,N-summer,0.25,train,0.3722164190772615,False
sample_08280.jpg,SRC_126,-20.0,180.0,68.779144,N-summer,0.5,train,0.39926370957563684,False
sample_08281.jpg,SRC_156,10.0,180.0,48.737382,N-summer,0.25,train,0.384852261884586,False
sample_08282.jpg,SRC_075,-90.0,0.0,65.329336,N-winter,0.25,train,0.37658273590529806,False
sample_08283.jpg,SRC_013,50.0,180.0,54.051464,N-spring,0.5,train,0.37235681824495015,False
sample_08284.jpg,SRC_101,5.0,180.0,48.479381,N-winter,0.25,validation,0.45268837323394895,False
sample_08285.jpg,SRC_108,-40.0,180.0,68.856247,N-summer,0.5,validation,0.3798158092279586,False
sample_08286.jpg,SRC_051,20.0,180.0,63.609319,N-autumn,0.5,train,0.395684136826896,False
sample_08287.jpg,SRC_040,90.0,0.0,57.651744,N-spring,0.5,validation,0.3981178995578479,False
sample_08288.jpg,SRC_154,0.0,180.0,54.770875,N-summer,0.5,train,0.5325142447237832,False
sample_08289.jpg,SRC_097,0.0,180.0,35.318175,N-winter,0.25,train,0.4163078533216732,False
sample_08290.jpg,SRC_055,-5.0,180.0,57.335076,N-spring,0.25,train,0.40689589753611816,False
sample_08291.jpg,SRC_114,-10.0,180.0,58.176498,N-autumn,0.5,calibration,0.4849465153765088,False
sample_08292.jpg,SRC_158,-5.0,180.0,35.954137,N-winter,0.25,train,0.38816472171147864,False
sample_08293.jpg,SRC_165,10.0,180.0,42.451267,N-winter,0.25,calibration,0.39148263529068394,False
sample_08294.jpg,SRC_023,-10.0,180.0,50.837437,N-spring,0.25,train,0.42303476233081466,False
sample_08295.jpg,SRC_047,0.0,180.0,48.028677,N-spring,0.5,train,0.4490405555136202,False
sample_08296.jpg,SRC_108,-40.0,180.0,68.856247,N-summer,0.5,validation,0.38707068589465965,False
sample_08297.jpg,SRC_078,15.0,180.0,40.437008,N-spring,0.25,train,0.5105311006788474,False
sample_08298.jpg,SRC_004,30.0,180.0,61.107468,N-autumn,0.5,train,0.373780462488995,False
sample_08299.jpg,SRC_076,25.0,180.0,63.632584,N-autumn,0.25,validation,0.3858815974118573,False
sample_08300.jpg,SRC_080,-25.0,180.0,69.726065,N-summer,0.25,calibration,0.43772099481571597,False
sample_08301.jpg,SRC_169,40.0,180.0,48.615664,N-summer,0.25,validation,0.37728781421232005,False
sample_08302.jpg,SRC_014,-40.0,180.0,38.480327,N-winter,0.25,calibration,0.382133578108886,False
sample_08303.jpg,SRC_143,90.0,0.0,68.916652,N-spring,0.5,validation,0.477615469542219,False
sample_08304.jpg,SRC_134,-30.0,180.0,69.607895,N-spring,0.5,train,0.3909285896010111,False
sample_08305.jpg,SRC_122,-5.0,180.0,57.310506,N-summer,0.25,train,0.4131250777843329,False
sample_08306.jpg,SRC_050,0.0,180.0,53.680047,N-summer,0.25,calibration,0.4417548319068992,False
sample_08307.jpg,SRC_013,50.0,180.0,54.051464,N-spring,0.5,train,0.43225890452820537,False
sample_08308.jpg,SRC_144,-35.0,180.0,76.731052,N-spring,0.5,train,0.3912762972158842,False
sample_08309.jpg,SRC_108,-40.0,180.0,68.856247,N-summer,0.5,validation,0.5117287569342023,False
sample_08310.jpg,SRC_006,-15.0,180.0,65.638079,N-spring,0.5,train,0.4008901333692707,False
sample_08311.jpg,SRC_089,10.0,180.0,48.442522,N-winter,0.25,validation,0.3985220780298236,False
sample_08312.jpg,SRC_109,50.0,180.0,54.137665,N-summer,0.25,validation,0.3867464626737531,False
sample_08313.jpg,SRC_111,-35.0,180.0,79.069883,N-spring,1.0,train,0.4412296259199935,False
sample_08314.jpg,SRC_124,0.0,180.0,51.928413,N-summer,0.25,train,0.42003348094565746,False
sample_08315.jpg,SRC_145,-5.0,180.0,52.15166,N-spring,0.25,train,0.4124768191816968,False
sample_08316.jpg,SRC_171,-35.0,180.0,63.65778,N-spring,0.25,calibration,0.38012381776193,False
sample_08317.jpg,SRC_125,-5.0,180.0,52.428603,N-spring,0.25,train,0.5190232039715721,False
sample_08318.jpg,SRC_126,-20.0,180.0,68.779144,N-summer,0.5,train,0.4369094251780929,False
sample_08319.jpg,SRC_099,15.0,180.0,42.024472,N-spring,0.5,train,0.5104920258688426,False
sample_08320.jpg,SRC_114,-10.0,180.0,58.176498,N-autumn,0.5,calibration,0.378595182259052,False
sample_08321.jpg,SRC_134,-30.0,180.0,69.607895,N-spring,0.5,train,0.39523803761984005,False
sample_08322.jpg,SRC_069,25.0,180.0,48.120522,N-summer,0.5,train,0.46331391837903935,False
sample_08323.jpg,SRC_080,-25.0,180.0,69.726065,N-summer,0.25,calibration,0.437147475199541,False
sample_08324.jpg,SRC_108,-40.0,180.0,68.856247,N-summer,0.5,validation,0.37264614145331365,False
sample_08325.jpg,SRC_034,40.0,180.0,46.055099,N-summer,0.25,train,0.38707523735860816,False
sample_08326.jpg,SRC_131,10.0,180.0,60.540464,N-autumn,0.5,train,0.39891461876217754,False
sample_08327.jpg,SRC_081,-90.0,0.0,74.772433,N-autumn,0.25,train,0.5020409166316512,False
sample_08328.jpg,SRC_103,-35.0,180.0,57.090396,N-autumn,0.25,train,0.40162820886373024,False
sample_08329.jpg,SRC_106,25.0,180.0,40.638999,N-spring,0.5,validation,0.4220574604225746,False
sample_08330.jpg,SRC_100,20.0,180.0,41.506528,N-spring,0.25,train,0.40579278398475005,False
sample_08331.jpg,SRC_141,-10.0,180.0,55.206291,N-spring,0.25,train,0.5118858184905524,False
sample_08332.jpg,SRC_121,25.0,180.0,67.446292,N-autumn,0.5,validation,0.4100875124008024,False
sample_08333.jpg,SRC_050,0.0,180.0,53.680047,N-summer,0.25,calibration,0.4190105983081165,False
sample_08334.jpg,SRC_027,35.0,180.0,41.369436,N-spring,0.5,calibration,0.3913478111187644,False
sample_08335.jpg,SRC_096,25.0,180.0,40.422288,N-spring,0.25,calibration,0.3877395028331876,False
sample_08336.jpg,SRC_004,30.0,180.0,61.107468,N-autumn,0.5,train,0.3912055903581329,False
sample_08337.jpg,SRC_070,60.0,180.0,58.788969,N-summer,0.5,validation,0.41914342294309154,False
sample_08338.jpg,SRC_134,-30.0,180.0,69.607895,N-spring,0.5,train,0.39318519540150876,False
sample_08339.jpg,SRC_030,-25.0,180.0,67.936804,N-spring,0.5,train,0.39095052981149464,False
sample_08340.jpg,SRC_118,35.0,180.0,49.493581,N-summer,0.25,validation,0.500877113925019,False
sample_08341.jpg,SRC_084,-10.0,180.0,58.957849,N-summer,0.25,train,0.38851162840744324,False
sample_08342.jpg,SRC_158,-5.0,180.0,35.954137,N-winter,0.25,train,0.38763554659542054,False
sample_08343.jpg,SRC_133,-10.0,180.0,48.887369,N-spring,0.5,calibration,0.44008092563352186,False
sample_08344.jpg,SRC_091,-40.0,180.0,72.511342,N-summer,0.5,train,0.38527836533751847,False
sample_08345.jpg,SRC_009,-25.0,180.0,73.827745,N-spring,0.5,train,0.40090239804937566,False
sample_08346.jpg,SRC_088,0.0,180.0,53.004483,N-summer,0.25,train,0.40123965473235923,False
sample_08347.jpg,SRC_107,20.0,180.0,65.68027,N-autumn,0.5,train,0.3970896586244151,False
sample_08348.jpg,SRC_153,-40.0,180.0,43.960452,N-autumn,0.25,train,0.3985260336968845,False
sample_08349.jpg,SRC_026,90.0,0.0,57.238404,N-spring,0.25,train,0.497414879158191,False
sample_08350.jpg,SRC_004,30.0,180.0,61.107468,N-autumn,0.5,train,0.38741143159868546,False
sample_08351.jpg,SRC_063,25.0,180.0,41.329237,N-spring,0.25,train,0.37826891212995084,False
sample_08352.jpg,SRC_121,25.0,180.0,67.446292,N-autumn,0.5,validation,0.3740469680049721,False
sample_08353.jpg,SRC_042,10.0,180.0,36.92431,N-spring,0.5,train,0.3729493892312289,False
sample_08354.jpg,SRC_121,25.0,180.0,67.446292,N-autumn,0.5,validation,0.4077975668329943,False
sample_08355.jpg,SRC_053,-90.0,0.0,74.406575,N-winter,0.5,train,0.3897180297848081,False
sample_08356.jpg,SRC_129,20.0,180.0,41.057252,N-spring,0.25,train,0.4077584479654021,False
sample_08357.jpg,SRC_063,25.0,180.0,41.329237,N-spring,0.25,train,0.38578827050686276,False
sample_08358.jpg,SRC_066,-10.0,180.0,61.81065,N-summer,0.5,validation,0.3858068796885163,False
sample_08359.jpg,SRC_170,-20.0,180.0,56.332579,N-autumn,0.25,train,0.3946125763493657,False
sample_08360.jpg,SRC_111,-35.0,180.0,79.069883,N-spring,1.0,train,0.41341263345469426,False
sample_08361.jpg,SRC_141,-10.0,180.0,55.206291,N-spring,0.25,train,0.37890813735369183,False
sample_08362.jpg,SRC_106,25.0,180.0,40.638999,N-spring,0.5,validation,0.47560959111498524,False
sample_08363.jpg,SRC_059,15.0,180.0,48.046698,N-summer,0.25,train,0.39007587710838476,False
sample_08364.jpg,SRC_063,25.0,180.0,41.329237,N-spring,0.25,train,0.4033314082163398,False
sample_08365.jpg,SRC_027,35.0,180.0,41.369436,N-spring,0.5,calibration,0.5127952658918844,False
sample_08366.jpg,SRC_013,50.0,180.0,54.051464,N-spring,0.5,train,0.37593557369401664,False
sample_08367.jpg,SRC_073,45.0,180.0,41.537171,N-spring,0.25,train,0.3821234521066503,False
sample_08368.jpg,SRC_082,-10.0,180.0,60.444036,N-spring,0.25,train,0.3891536072016719,False
sample_08369.jpg,SRC_121,25.0,180.0,67.446292,N-autumn,0.5,validation,0.38565833538351574,False
sample_08370.jpg,SRC_066,-10.0,180.0,61.81065,N-summer,0.5,validation,0.38123834407046714,False
sample_08371.jpg,SRC_029,-5.0,180.0,45.485648,N-autumn,0.25,train,0.45129765086206675,False
sample_08372.jpg,SRC_142,-30.0,180.0,34.276784,N-winter,0.25,train,0.44311385663074254,False
sample_08373.jpg,SRC_076,25.0,180.0,63.632584,N-autumn,0.25,validation,0.3831071108080258,False
sample_08374.jpg,SRC_001,-5.0,180.0,51.987197,N-spring,0.5,calibration,0.4793979281257642,False
sample_08375.jpg,SRC_097,0.0,180.0,35.318175,N-winter,0.25,train,0.4215889939656046,False
sample_08376.jpg,SRC_009,-25.0,180.0,73.827745,N-spring,0.5,train,0.39628268983032855,False
sample_08377.jpg,SRC_074,0.0,180.0,50.25459,N-spring,0.5,train,0.42213436164764495,False
sample_08378.jpg,SRC_004,30.0,180.0,61.107468,N-autumn,0.5,train,0.4863367756398385,False
sample_08379.jpg,SRC_091,-40.0,180.0,72.511342,N-summer,0.5,train,0.5147569247469079,False
sample_08380.jpg,SRC_021,-90.0,0.0,68.040851,N-autumn,0.5,calibration,0.39991649200946844,False
sample_08381.jpg,SRC_021,-90.0,0.0,68.040851,N-autumn,0.5,calibration,0.3793913207581473,False
sample_08382.jpg,SRC_056,-40.0,180.0,74.660587,N-summer,0.5,train,0.38246145893137007,False
sample_08383.jpg,SRC_096,25.0,180.0,40.422288,N-spring,0.25,calibration,0.47045966650311816,False
sample_08384.jpg,SRC_087,0.0,180.0,54.65824,N-summer,0.25,train,0.49094971534532406,False
sample_08385.jpg,SRC_028,10.0,180.0,42.894848,N-spring,0.25,calibration,0.36308048693462514,False
sample_08386.jpg,SRC_127,-35.0,180.0,47.507974,N-autumn,0.5,train,0.3921964528512222,False
sample_08387.jpg,SRC_095,-20.0,180.0,56.495654,N-spring,0.5,train,0.40807958958932533,False
sample_08388.jpg,SRC_077,-5.0,180.0,34.299081,N-winter,0.25,train,0.38190731739594724,False
sample_08389.jpg,SRC_048,-25.0,180.0,61.920556,N-autumn,0.25,train,0.3978619661546995,False
sample_08390.jpg,SRC_111,-35.0,180.0,79.069883,N-spring,1.0,train,0.3972819976498842,False
sample_08391.jpg,SRC_095,-20.0,180.0,56.495654,N-spring,0.5,train,0.38114701621725317,False
sample_08392.jpg,SRC_070,60.0,180.0,58.788969,N-summer,0.5,validation,0.5267757798799944,False
sample_08393.jpg,SRC_065,30.0,180.0,68.700871,N-winter,0.5,validation,0.5298127921839071,False
sample_08394.jpg,SRC_040,90.0,0.0,57.651744,N-spring,0.5,validation,0.3949481356177621,False
sample_08395.jpg,SRC_003,0.0,180.0,38.090051,N-spring,0.25,train,0.3694267727726614,False
sample_08396.jpg,SRC_006,-15.0,180.0,65.638079,N-spring,0.5,train,0.5024354354617434,False
sample_08397.jpg,SRC_095,-20.0,180.0,56.495654,N-spring,0.5,train,0.41297421519537536,False
sample_08398.jpg,SRC_108,-40.0,180.0,68.856247,N-summer,0.5,validation,0.37636624233879373,False
sample_08399.jpg,SRC_089,10.0,180.0,48.442522,N-winter,0.25,validation,0.3953604007176159,False
sample_08400.jpg,SRC_121,25.0,180.0,67.446292,N-autumn,0.5,validation,0.40394183151376317,False
sample_08401.jpg,SRC_021,-90.0,0.0,68.040851,N-autumn,0.5,calibration,0.386780651391467,False
sample_08402.jpg,SRC_005,0.0,180.0,55.846781,N-summer,0.5,calibration,0.4936261863532886,False
sample_08403.jpg,SRC_030,-25.0,180.0,67.936804,N-spring,0.5,train,0.38910242808333273,False
sample_08404.jpg,SRC_108,-40.0,180.0,68.856247,N-summer,0.5,validation,0.39305836274860884,False
sample_08405.jpg,SRC_103,-35.0,180.0,57.090396,N-autumn,0.25,train,0.3933045677758077,False
sample_08406.jpg,SRC_030,-25.0,180.0,67.936804,N-spring,0.5,train,0.3835992976203749,False
sample_08407.jpg,SRC_171,-35.0,180.0,63.65778,N-spring,0.25,calibration,0.3946515580621104,False
sample_08408.jpg,SRC_146,10.0,180.0,58.0428,N-summer,0.5,validation,0.4597479881317243,False
sample_08409.jpg,SRC_148,-15.0,180.0,49.227137,N-autumn,0.25,train,0.493631481414455,False
sample_08410.jpg,SRC_153,-40.0,180.0,43.960452,N-autumn,0.25,train,0.3984559508453823,False
sample_08411.jpg,SRC_021,-90.0,0.0,68.040851,N-autumn,0.5,calibration,0.38665928254832355,False
sample_08412.jpg,SRC_056,-40.0,180.0,74.660587,N-summer,0.5,train,0.37974912175089265,False
sample_08413.jpg,SRC_055,-5.0,180.0,57.335076,N-spring,0.25,train,0.42185252449545063,False
sample_08414.jpg,SRC_085,0.0,180.0,39.187341,N-spring,0.25,train,0.3932162428906136,False
sample_08415.jpg,SRC_108,-40.0,180.0,68.856247,N-summer,0.5,validation,0.37346484230596666,False
sample_08416.jpg,SRC_009,-25.0,180.0,73.827745,N-spring,0.5,train,0.38911947286100823,False
sample_08417.jpg,SRC_152,30.0,180.0,40.69576,N-spring,0.25,train,0.4764291818451317,False
sample_08418.jpg,SRC_056,-40.0,180.0,74.660587,N-summer,0.5,train,0.4209344083561353,False
sample_08419.jpg,SRC_006,-15.0,180.0,65.638079,N-spring,0.5,train,0.3872633891059608,False
sample_08420.jpg,SRC_006,-15.0,180.0,65.638079,N-spring,0.5,train,0.4921644076774639,False
sample_08421.jpg,SRC_145,-5.0,180.0,52.15166,N-spring,0.25,train,0.4071119103849311,False
sample_08422.jpg,SRC_077,-5.0,180.0,34.299081,N-winter,0.25,train,0.44368106848142774,False
sample_08423.jpg,SRC_038,-15.0,180.0,32.097448,N-winter,0.25,validation,0.4958098988870455,False
sample_08424.jpg,SRC_041,15.0,180.0,46.712049,N-summer,0.25,calibration,0.38901311181960596,False
sample_08425.jpg,SRC_092,5.0,180.0,57.429528,N-autumn,0.25,validation,0.3875345496245356,False
sample_08426.jpg,SRC_085,0.0,180.0,39.187341,N-spring,0.25,train,0.4043550515918538,False
sample_08427.jpg,SRC_165,10.0,180.0,42.451267,N-winter,0.25,calibration,0.3912058977980632,False
sample_08428.jpg,SRC_069,25.0,180.0,48.120522,N-summer,0.5,train,0.46495891903498715,False
sample_08429.jpg,SRC_040,90.0,0.0,57.651744,N-spring,0.5,validation,0.40609071818675035,False
sample_08430.jpg,SRC_030,-25.0,180.0,67.936804,N-spring,0.5,train,0.3767617080367341,False
sample_08431.jpg,SRC_119,90.0,0.0,58.642683,N-spring,0.25,calibration,0.4619248364322817,False
sample_08432.jpg,SRC_063,25.0,180.0,41.329237,N-spring,0.25,train,0.39982727848660493,False
sample_08433.jpg,SRC_066,-10.0,180.0,61.81065,N-summer,0.5,validation,0.4933306777090606,False
sample_08434.jpg,SRC_013,50.0,180.0,54.051464,N-spring,0.5,train,0.3981194844262707,False
sample_08435.jpg,SRC_004,30.0,180.0,61.107468,N-autumn,0.5,train,0.37740995481710476,False
sample_08436.jpg,SRC_140,35.0,180.0,44.85556,N-spring,0.25,validation,0.47269883087900383,False
sample_08437.jpg,SRC_048,-25.0,180.0,61.920556,N-autumn,0.25,train,0.41355871749068457,False
sample_08438.jpg,SRC_042,10.0,180.0,36.92431,N-spring,0.5,train,0.4160527810336264,False
sample_08439.jpg,SRC_121,25.0,180.0,67.446292,N-autumn,0.5,validation,0.3936704484611969,False
sample_08440.jpg,SRC_069,25.0,180.0,48.120522,N-summer,0.5,train,0.4910053555154789,False
sample_08441.jpg,SRC_103,-35.0,180.0,57.090396,N-autumn,0.25,train,0.4135774750475951,False
sample_08442.jpg,SRC_040,90.0,0.0,57.651744,N-spring,0.5,validation,0.39725292370807386,False
sample_08443.jpg,SRC_099,15.0,180.0,42.024472,N-spring,0.5,train,0.37599020961160917,False
sample_08444.jpg,SRC_009,-25.0,180.0,73.827745,N-spring,0.5,train,0.37238903755089103,False
sample_08445.jpg,SRC_030,-25.0,180.0,67.936804,N-spring,0.5,train,0.38405294966626535,False
sample_08446.jpg,SRC_006,-15.0,180.0,65.638079,N-spring,0.5,train,0.46011667777897997,False
sample_08447.jpg,SRC_115,25.0,180.0,41.8845,N-spring,0.25,train,0.44096950861464707,False
sample_08448.jpg,SRC_112,-30.0,180.0,67.516648,N-spring,0.5,train,0.39180719311959045,False
sample_08449.jpg,SRC_131,10.0,180.0,60.540464,N-autumn,0.5,train,0.4319433825073853,False
sample_08450.jpg,SRC_101,5.0,180.0,48.479381,N-winter,0.25,validation,0.4774590473156593,False
sample_08451.jpg,SRC_078,15.0,180.0,40.437008,N-spring,0.25,train,0.4075299972526009,False
sample_08452.jpg,SRC_048,-25.0,180.0,61.920556,N-autumn,0.25,train,0.4010965508942334,False
sample_08453.jpg,SRC_047,0.0,180.0,48.028677,N-spring,0.5,train,0.4087284396812734,False
sample_08454.jpg,SRC_009,-25.0,180.0,73.827745,N-spring,0.5,train,0.3988394879233413,False
sample_08455.jpg,SRC_108,-40.0,180.0,68.856247,N-summer,0.5,validation,0.518021348795312,False
sample_08456.jpg,SRC_076,25.0,180.0,63.632584,N-autumn,0.25,validation,0.3957384488052133,False
sample_08457.jpg,SRC_013,50.0,180.0,54.051464,N-spring,0.5,train,0.39603102603054374,False
sample_08458.jpg,SRC_014,-40.0,180.0,38.480327,N-winter,0.25,calibration,0.3838758884766545,False
sample_08459.jpg,SRC_111,-35.0,180.0,79.069883,N-spring,1.0,train,0.5015203532284555,False
sample_08460.jpg,SRC_026,90.0,0.0,57.238404,N-spring,0.25,train,0.5001533074207712,False
sample_08461.jpg,SRC_112,-30.0,180.0,67.516648,N-spring,0.5,train,0.4807596172031642,False
sample_08462.jpg,SRC_121,25.0,180.0,67.446292,N-autumn,0.5,validation,0.3886068685930696,False
sample_08463.jpg,SRC_126,-20.0,180.0,68.779144,N-summer,0.5,train,0.3791862580406058,False
sample_08464.jpg,SRC_014,-40.0,180.0,38.480327,N-winter,0.25,calibration,0.3820224319569122,False
sample_08465.jpg,SRC_127,-35.0,180.0,47.507974,N-autumn,0.5,train,0.40976012749832585,False
sample_08466.jpg,SRC_037,15.0,180.0,44.468297,N-spring,0.25,calibration,0.48124732233844564,False
sample_08467.jpg,SRC_018,-90.0,0.0,67.882485,N-winter,0.25,train,0.4762801204363484,False
sample_08468.jpg,SRC_069,25.0,180.0,48.120522,N-summer,0.5,train,0.4869486471193697,False
sample_08469.jpg,SRC_097,0.0,180.0,35.318175,N-winter,0.25,train,0.3980356632549392,False
sample_08470.jpg,SRC_021,-90.0,0.0,68.040851,N-autumn,0.5,calibration,0.38618147849832263,False
sample_08471.jpg,SRC_030,-25.0,180.0,67.936804,N-spring,0.5,train,0.41399690063247957,False
sample_08472.jpg,SRC_098,-45.0,180.0,70.730178,N-summer,0.25,calibration,0.3848749271678483,False
sample_08473.jpg,SRC_109,50.0,180.0,54.137665,N-summer,0.25,validation,0.3993089351513214,False
sample_08474.jpg,SRC_004,30.0,180.0,61.107468,N-autumn,0.5,train,0.39661674432865474,False
sample_08475.jpg,SRC_123,0.0,180.0,54.598149,N-autumn,0.5,train,0.4362187893354599,False
sample_08476.jpg,SRC_139,40.0,180.0,53.533251,N-winter,0.25,train,0.39768618284600576,False
sample_08477.jpg,SRC_054,5.0,180.0,37.41608,N-winter,0.25,calibration,0.4432280299012456,False
sample_08478.jpg,SRC_100,20.0,180.0,41.506528,N-spring,0.25,train,0.39224002253777995,False
sample_08479.jpg,SRC_133,-10.0,180.0,48.887369,N-spring,0.5,calibration,0.4183615840810334,False
sample_08480.jpg,SRC_144,-35.0,180.0,76.731052,N-spring,0.5,train,0.4198038021203299,False
sample_08481.jpg,SRC_049,5.0,180.0,42.94902,N-spring,0.25,train,0.43764150071024693,False
sample_08482.jpg,SRC_122,-5.0,180.0,57.310506,N-summer,0.25,train,0.478060203542915,False
sample_08483.jpg,SRC_113,-35.0,180.0,36.668707,N-winter,0.25,train,0.478941753700004,False
sample_08484.jpg,SRC_092,5.0,180.0,57.429528,N-autumn,0.25,validation,0.394647381584764,False
sample_08485.jpg,SRC_113,-35.0,180.0,36.668707,N-winter,0.25,train,0.4307602423049044,False
sample_08486.jpg,SRC_114,-10.0,180.0,58.176498,N-autumn,0.5,calibration,0.38008196317571297,False
sample_08487.jpg,SRC_131,10.0,180.0,60.540464,N-autumn,0.5,train,0.4598532731689143,False
sample_08488.jpg,SRC_116,5.0,180.0,41.203028,N-spring,0.25,calibration,0.3792071205923862,False
sample_08489.jpg,SRC_111,-35.0,180.0,79.069883,N-spring,1.0,train,0.46754621217803416,False
sample_08490.jpg,SRC_148,-15.0,180.0,49.227137,N-autumn,0.25,train,0.4351792489254599,False
sample_08491.jpg,SRC_027,35.0,180.0,41.369436,N-spring,0.5,calibration,0.38855567938159224,False
sample_08492.jpg,SRC_114,-10.0,180.0,58.176498,N-autumn,0.5,calibration,0.46079305254711683,False
sample_08493.jpg,SRC_148,-15.0,180.0,49.227137,N-autumn,0.25,train,0.46282755697313,False
sample_08494.jpg,SRC_041,15.0,180.0,46.712049,N-summer,0.25,calibration,0.37424732326538057,False
sample_08495.jpg,SRC_004,30.0,180.0,61.107468,N-autumn,0.5,train,0.3772441785301409,False
sample_08496.jpg,SRC_140,35.0,180.0,44.85556,N-spring,0.25,validation,0.37585537559193466,False
sample_08497.jpg,SRC_013,50.0,180.0,54.051464,N-spring,0.5,train,0.3721494402119883,False
sample_08498.jpg,SRC_171,-35.0,180.0,63.65778,N-spring,0.25,calibration,0.39074669842522847,False
sample_08499.jpg,SRC_139,40.0,180.0,53.533251,N-winter,0.25,train,0.3816082804295986,False
sample_08500.jpg,SRC_058,30.0,180.0,69.060883,N-autumn,0.5,train,0.47072711828174507,False
sample_08501.jpg,SRC_108,-40.0,180.0,68.856247,N-summer,0.5,validation,0.38188398454444156,False
sample_08502.jpg,SRC_135,5.0,180.0,41.328761,N-winter,0.5,train,0.47058377584352834,False
sample_08503.jpg,SRC_006,-15.0,180.0,65.638079,N-spring,0.5,train,0.4079892354013082,False
sample_08504.jpg,SRC_106,25.0,180.0,40.638999,N-spring,0.5,validation,0.513307381609391,False
sample_08505.jpg,SRC_108,-40.0,180.0,68.856247,N-summer,0.5,validation,0.3829906854946558,False
sample_08506.jpg,SRC_114,-10.0,180.0,58.176498,N-autumn,0.5,calibration,0.482608265917416,False
sample_08507.jpg,SRC_013,50.0,180.0,54.051464,N-spring,0.5,train,0.4221659342552476,False
sample_08508.jpg,SRC_112,-30.0,180.0,67.516648,N-spring,0.5,train,0.42451878655590153,False
sample_08509.jpg,SRC_084,-10.0,180.0,58.957849,N-summer,0.25,train,0.394409570263937,False
sample_08510.jpg,SRC_153,-40.0,180.0,43.960452,N-autumn,0.25,train,0.4999017296084878,False
sample_08511.jpg,SRC_103,-35.0,180.0,57.090396,N-autumn,0.25,train,0.5086639985605725,False
sample_08512.jpg,SRC_095,-20.0,180.0,56.495654,N-spring,0.5,train,0.40747412681984424,False
sample_08513.jpg,SRC_001,-5.0,180.0,51.987197,N-spring,0.5,calibration,0.5130625523866564,False
sample_08514.jpg,SRC_148,-15.0,180.0,49.227137,N-autumn,0.25,train,0.43647446183025557,False
sample_08515.jpg,SRC_151,-15.0,180.0,63.408071,N-summer,0.5,train,0.3876590878692865,False
sample_08516.jpg,SRC_013,50.0,180.0,54.051464,N-spring,0.5,train,0.3822312354091932,False
sample_08517.jpg,SRC_021,-90.0,0.0,68.040851,N-autumn,0.5,calibration,0.39345077940481205,False
sample_08518.jpg,SRC_028,10.0,180.0,42.894848,N-spring,0.25,calibration,0.5316117692478322,False
sample_08519.jpg,SRC_065,30.0,180.0,68.700871,N-winter,0.5,validation,0.3792796600808327,False
sample_08520.jpg,SRC_093,-25.0,180.0,43.343655,N-autumn,0.5,calibration,0.38870221663312954,False
sample_08521.jpg,SRC_131,10.0,180.0,60.540464,N-autumn,0.5,train,0.38772082976403877,False
sample_08522.jpg,SRC_091,-40.0,180.0,72.511342,N-summer,0.5,train,0.3890447769629449,False
sample_08523.jpg,SRC_052,5.0,180.0,51.705435,N-summer,0.25,train,0.5082228096358935,False
sample_08524.jpg,SRC_121,25.0,180.0,67.446292,N-autumn,0.5,validation,0.3920961944221562,False
sample_08525.jpg,SRC_040,90.0,0.0,57.651744,N-spring,0.5,validation,0.4793047633918482,False
sample_08526.jpg,SRC_103,-35.0,180.0,57.090396,N-autumn,0.25,train,0.5150713333348554,False
sample_08527.jpg,SRC_103,-35.0,180.0,57.090396,N-autumn,0.25,train,0.45261696929617157,False
sample_08528.jpg,SRC_066,-10.0,180.0,61.81065,N-summer,0.5,validation,0.463766839648237,False
sample_08529.jpg,SRC_171,-35.0,180.0,63.65778,N-spring,0.25,calibration,0.38712322185222214,False
sample_08530.jpg,SRC_153,-40.0,180.0,43.960452,N-autumn,0.25,train,0.4020281205560991,False
sample_08531.jpg,SRC_038,-15.0,180.0,32.097448,N-winter,0.25,validation,0.38562955319773684,False
sample_08532.jpg,SRC_158,-5.0,180.0,35.954137,N-winter,0.25,train,0.5111577968943107,False
sample_08533.jpg,SRC_057,-5.0,180.0,57.599617,N-summer,0.25,train,0.48186083786244505,False
sample_08534.jpg,SRC_061,50.0,180.0,43.110277,N-spring,0.5,train,0.42714421713661366,False
sample_08535.jpg,SRC_041,15.0,180.0,46.712049,N-summer,0.25,calibration,0.3662684766733886,False
sample_08536.jpg,SRC_139,40.0,180.0,53.533251,N-winter,0.25,train,0.394939187380624,False
sample_08537.jpg,SRC_013,50.0,180.0,54.051464,N-spring,0.5,train,0.42600610735838734,False
sample_08538.jpg,SRC_040,90.0,0.0,57.651744,N-spring,0.5,validation,0.5003158198842841,False
sample_08539.jpg,SRC_115,25.0,180.0,41.8845,N-spring,0.25,train,0.4003333509913192,False
sample_08540.jpg,SRC_037,15.0,180.0,44.468297,N-spring,0.25,calibration,0.38896465226578386,False
sample_08541.jpg,SRC_059,15.0,180.0,48.046698,N-summer,0.25,train,0.4225733398822058,False
sample_08542.jpg,SRC_159,20.0,180.0,67.076816,N-autumn,0.25,train,0.37977270260280516,False
sample_08543.jpg,SRC_071,20.0,180.0,40.070501,N-spring,0.25,train,0.5055085867406308,False
sample_08544.jpg,SRC_059,15.0,180.0,48.046698,N-summer,0.25,train,0.5375336299831701,False
sample_08545.jpg,SRC_107,20.0,180.0,65.68027,N-autumn,0.5,train,0.44021608094832265,False
sample_08546.jpg,SRC_124,0.0,180.0,51.928413,N-summer,0.25,train,0.3949292390812455,False
sample_08547.jpg,SRC_166,90.0,0.0,60.094207,N-spring,0.5,train,0.4851286431438206,False
sample_08548.jpg,SRC_087,0.0,180.0,54.65824,N-summer,0.25,train,0.3978627380938502,False
sample_08549.jpg,SRC_081,-90.0,0.0,74.772433,N-autumn,0.25,train,0.4942683661620449,False
sample_08550.jpg,SRC_160,-10.0,180.0,50.604377,N-autumn,0.25,train,0.40565319595038185,False
sample_08551.jpg,SRC_038,-15.0,180.0,32.097448,N-winter,0.25,validation,0.4516470886975169,False
sample_08552.jpg,SRC_134,-30.0,180.0,69.607895,N-spring,0.5,train,0.4880938050413037,False
sample_08553.jpg,SRC_112,-30.0,180.0,67.516648,N-spring,0.5,train,0.5101393172168797,False
sample_08554.jpg,SRC_141,-10.0,180.0,55.206291,N-spring,0.25,train,0.3810588582027726,False
sample_08555.jpg,SRC_009,-25.0,180.0,73.827745,N-spring,0.5,train,0.423109773143156,False
sample_08556.jpg,SRC_013,50.0,180.0,54.051464,N-spring,0.5,train,0.5082063257585409,False
sample_08557.jpg,SRC_158,-5.0,180.0,35.954137,N-winter,0.25,train,0.39294962203652894,False
sample_08558.jpg,SRC_029,-5.0,180.0,45.485648,N-autumn,0.25,train,0.40705419436615414,False
sample_08559.jpg,SRC_095,-20.0,180.0,56.495654,N-spring,0.5,train,0.4993453476316704,False
sample_08560.jpg,SRC_094,20.0,180.0,66.934532,N-autumn,0.25,train,0.3968926624067465,False
sample_08561.jpg,SRC_014,-40.0,180.0,38.480327,N-winter,0.25,calibration,0.3986464397530757,False
sample_08562.jpg,SRC_099,15.0,180.0,42.024472,N-spring,0.5,train,0.37650394635271156,False
sample_08563.jpg,SRC_063,25.0,180.0,41.329237,N-spring,0.25,train,0.37201492939081715,False
sample_08564.jpg,SRC_119,90.0,0.0,58.642683,N-spring,0.25,calibration,0.4677795103136342,False
sample_08565.jpg,SRC_108,-40.0,180.0,68.856247,N-summer,0.5,validation,0.4636349833315571,False
sample_08566.jpg,SRC_026,90.0,0.0,57.238404,N-spring,0.25,train,0.4587121401819811,False
sample_08567.jpg,SRC_013,50.0,180.0,54.051464,N-spring,0.5,train,0.385742240755504,False
sample_08568.jpg,SRC_051,20.0,180.0,63.609319,N-autumn,0.5,train,0.40113789429513186,False
sample_08569.jpg,SRC_158,-5.0,180.0,35.954137,N-winter,0.25,train,0.3881322514525982,False
sample_08570.jpg,SRC_151,-15.0,180.0,63.408071,N-summer,0.5,train,0.4896069945882565,False
sample_08571.jpg,SRC_169,40.0,180.0,48.615664,N-summer,0.25,validation,0.38421313403462615,False
sample_08572.jpg,SRC_076,25.0,180.0,63.632584,N-autumn,0.25,validation,0.39230769694727735,False
sample_08573.jpg,SRC_048,-25.0,180.0,61.920556,N-autumn,0.25,train,0.40730028401509805,False
sample_08574.jpg,SRC_063,25.0,180.0,41.329237,N-spring,0.25,train,0.3748428121727006,False
sample_08575.jpg,SRC_083,0.0,180.0,55.378885,N-spring,0.25,train,0.3884876078185805,False
sample_08576.jpg,SRC_030,-25.0,180.0,67.936804,N-spring,0.5,train,0.37885387300794215,False
sample_08577.jpg,SRC_133,-10.0,180.0,48.887369,N-spring,0.5,calibration,0.3844656754400531,False
sample_08578.jpg,SRC_106,25.0,180.0,40.638999,N-spring,0.5,validation,0.41383116092268485,False
sample_08579.jpg,SRC_125,-5.0,180.0,52.428603,N-spring,0.25,train,0.38525905055427767,False
sample_08580.jpg,SRC_071,20.0,180.0,40.070501,N-spring,0.25,train,0.47937500151109536,False
sample_08581.jpg,SRC_170,-20.0,180.0,56.332579,N-autumn,0.25,train,0.4915250553582716,False
sample_08582.jpg,SRC_149,90.0,0.0,55.701783,N-summer,0.25,train,0.48507649445751816,False
sample_08583.jpg,SRC_124,0.0,180.0,51.928413,N-summer,0.25,train,0.3878821778116427,False
sample_08584.jpg,SRC_115,25.0,180.0,41.8845,N-spring,0.25,train,0.4335609622142025,False
sample_08585.jpg,SRC_073,45.0,180.0,41.537171,N-spring,0.25,train,0.39742276137535865,False
sample_08586.jpg,SRC_065,30.0,180.0,68.700871,N-winter,0.5,validation,0.4477619557870628,False
sample_08587.jpg,SRC_021,-90.0,0.0,68.040851,N-autumn,0.5,calibration,0.40752627729314084,False
sample_08588.jpg,SRC_157,40.0,180.0,44.22455,N-summer,0.25,train,0.3900743637347349,False
sample_08589.jpg,SRC_112,-30.0,180.0,67.516648,N-spring,0.5,train,0.3864158427861656,False
sample_08590.jpg,SRC_049,5.0,180.0,42.94902,N-spring,0.25,train,0.4702878865788566,False
sample_08591.jpg,SRC_158,-5.0,180.0,35.954137,N-winter,0.25,train,0.38327628850460194,False
sample_08592.jpg,SRC_032,-5.0,180.0,52.490186,N-spring,0.25,train,0.5230525175314635,False
sample_08593.jpg,SRC_047,0.0,180.0,48.028677,N-spring,0.5,train,0.4266548821944481,False
sample_08594.jpg,SRC_074,0.0,180.0,50.25459,N-spring,0.5,train,0.520250641948813,False
sample_08595.jpg,SRC_057,-5.0,180.0,57.599617,N-summer,0.25,train,0.3926989651134938,False
sample_08596.jpg,SRC_076,25.0,180.0,63.632584,N-autumn,0.25,validation,0.47000821877389115,False
sample_08597.jpg,SRC_067,-15.0,180.0,64.724247,N-spring,0.5,calibration,0.48610205619581703,False
sample_08598.jpg,SRC_098,-45.0,180.0,70.730178,N-summer,0.25,calibration,0.504772501679757,False
sample_08599.jpg,SRC_140,35.0,180.0,44.85556,N-spring,0.25,validation,0.39440568455592934,False
sample_08600.jpg,SRC_169,40.0,180.0,48.615664,N-summer,0.25,validation,0.483780907289925,False
sample_08601.jpg,SRC_140,35.0,180.0,44.85556,N-spring,0.25,validation,0.3790157393508571,False
sample_08602.jpg,SRC_030,-25.0,180.0,67.936804,N-spring,0.5,train,0.40513677715430474,False
sample_08603.jpg,SRC_158,-5.0,180.0,35.954137,N-winter,0.25,train,0.4529153372665714,False
sample_08604.jpg,SRC_009,-25.0,180.0,73.827745,N-spring,0.5,train,0.39493877869035965,False
sample_08605.jpg,SRC_095,-20.0,180.0,56.495654,N-spring,0.5,train,0.39687461541544644,False
sample_08606.jpg,SRC_071,20.0,180.0,40.070501,N-spring,0.25,train,0.47914124781966716,False
sample_08607.jpg,SRC_004,30.0,180.0,61.107468,N-autumn,0.5,train,0.39878283019707716,False
sample_08608.jpg,SRC_030,-25.0,180.0,67.936804,N-spring,0.5,train,0.3822042785891896,False
sample_08609.jpg,SRC_011,-20.0,180.0,70.371153,N-summer,0.25,train,0.48034610894971735,False
sample_08610.jpg,SRC_165,10.0,180.0,42.451267,N-winter,0.25,calibration,0.4096266832354266,False
sample_08611.jpg,SRC_112,-30.0,180.0,67.516648,N-spring,0.5,train,0.4394769284319807,False
sample_08612.jpg,SRC_029,-5.0,180.0,45.485648,N-autumn,0.25,train,0.38798130624223937,False
sample_08613.jpg,SRC_016,10.0,180.0,55.552023,N-winter,0.5,train,0.39388771627190955,False
sample_08614.jpg,SRC_020,35.0,180.0,42.075965,N-summer,0.25,train,0.4032809770620611,False
sample_08615.jpg,SRC_034,40.0,180.0,46.055099,N-summer,0.25,train,0.3786996835403003,False
sample_08616.jpg,SRC_169,40.0,180.0,48.615664,N-summer,0.25,validation,0.37732466632199546,False
sample_08617.jpg,SRC_107,20.0,180.0,65.68027,N-autumn,0.5,train,0.40983513532481675,False
sample_08618.jpg,SRC_103,-35.0,180.0,57.090396,N-autumn,0.25,train,0.39653759210614403,False
sample_08619.jpg,SRC_169,40.0,180.0,48.615664,N-summer,0.25,validation,0.38308001388928437,False
sample_08620.jpg,SRC_151,-15.0,180.0,63.408071,N-summer,0.5,train,0.38930140141942576,False
sample_08621.jpg,SRC_039,90.0,0.0,70.63275,N-summer,0.5,train,0.49324401340914986,False
sample_08622.jpg,SRC_052,5.0,180.0,51.705435,N-summer,0.25,train,0.4934339121945592,False
sample_08623.jpg,SRC_108,-40.0,180.0,68.856247,N-summer,0.5,validation,0.5159268712866346,False
sample_08624.jpg,SRC_094,20.0,180.0,66.934532,N-autumn,0.25,train,0.45292826488935667,False
sample_08625.jpg,SRC_140,35.0,180.0,44.85556,N-spring,0.25,validation,0.3922432032238021,False
sample_08626.jpg,SRC_021,-90.0,0.0,68.040851,N-autumn,0.5,calibration,0.38668693059652093,False
sample_08627.jpg,SRC_087,0.0,180.0,54.65824,N-summer,0.25,train,0.3811697569213564,False
sample_08628.jpg,SRC_085,0.0,180.0,39.187341,N-spring,0.25,train,0.46794555189387543,False
sample_08629.jpg,SRC_097,0.0,180.0,35.318175,N-winter,0.25,train,0.4143407977848076,False
sample_08630.jpg,SRC_006,-15.0,180.0,65.638079,N-spring,0.5,train,0.37750549756672597,False
sample_08631.jpg,SRC_108,-40.0,180.0,68.856247,N-summer,0.5,validation,0.3800782530482115,False
sample_08632.jpg,SRC_158,-5.0,180.0,35.954137,N-winter,0.25,train,0.3837108487846909,False
sample_08633.jpg,SRC_087,0.0,180.0,54.65824,N-summer,0.25,train,0.3877791407292332,False
sample_08634.jpg,SRC_030,-25.0,180.0,67.936804,N-spring,0.5,train,0.38730926374704877,False
sample_08635.jpg,SRC_037,15.0,180.0,44.468297,N-spring,0.25,calibration,0.3805490365499551,False
sample_08636.jpg,SRC_144,-35.0,180.0,76.731052,N-spring,0.5,train,0.4076311549472701,False
sample_08637.jpg,SRC_140,35.0,180.0,44.85556,N-spring,0.25,validation,0.41176501708226854,False
sample_08638.jpg,SRC_123,0.0,180.0,54.598149,N-autumn,0.5,train,0.5122122742399922,False
sample_08639.jpg,SRC_134,-30.0,180.0,69.607895,N-spring,0.5,train,0.4087038780591053,False
sample_08640.jpg,SRC_097,0.0,180.0,35.318175,N-winter,0.25,train,0.4572167422419301,False
sample_08641.jpg,SRC_002,40.0,180.0,45.868768,N-summer,0.25,train,0.3659158604581526,False
sample_08642.jpg,SRC_109,50.0,180.0,54.137665,N-summer,0.25,validation,0.3942145474885884,False
sample_08643.jpg,SRC_104,25.0,180.0,45.102036,N-summer,0.5,calibration,0.48195447976085026,False
sample_08644.jpg,SRC_015,20.0,180.0,46.484204,N-summer,0.25,train,0.3802140221193345,False
sample_08645.jpg,SRC_074,0.0,180.0,50.25459,N-spring,0.5,train,0.5009062519478336,False
sample_08646.jpg,SRC_109,50.0,180.0,54.137665,N-summer,0.25,validation,0.3923981570813081,False
sample_08647.jpg,SRC_112,-30.0,180.0,67.516648,N-spring,0.5,train,0.39845811876820736,False
sample_08648.jpg,SRC_088,0.0,180.0,53.004483,N-summer,0.25,train,0.4072015337143961,False
sample_08649.jpg,SRC_171,-35.0,180.0,63.65778,N-spring,0.25,calibration,0.3918096468460788,False
sample_08650.jpg,SRC_103,-35.0,180.0,57.090396,N-autumn,0.25,train,0.38862098941699086,False
sample_08651.jpg,SRC_104,25.0,180.0,45.102036,N-summer,0.5,calibration,0.5005538693975986,False
sample_08652.jpg,SRC_069,25.0,180.0,48.120522,N-summer,0.5,train,0.43626557043444336,False
sample_08653.jpg,SRC_074,0.0,180.0,50.25459,N-spring,0.5,train,0.505861424940955,False
sample_08654.jpg,SRC_061,50.0,180.0,43.110277,N-spring,0.5,train,0.43964143202692174,False
sample_08655.jpg,SRC_089,10.0,180.0,48.442522,N-winter,0.25,validation,0.3953770619370277,False
sample_08656.jpg,SRC_041,15.0,180.0,46.712049,N-summer,0.25,calibration,0.3710660390796939,False
sample_08657.jpg,SRC_108,-40.0,180.0,68.856247,N-summer,0.5,validation,0.39945969468024123,False
sample_08658.jpg,SRC_045,-90.0,0.0,70.559818,N-autumn,0.25,train,0.4781782127121777,False
sample_08659.jpg,SRC_013,50.0,180.0,54.051464,N-spring,0.5,train,0.3905768031114004,False
sample_08660.jpg,SRC_111,-35.0,180.0,79.069883,N-spring,1.0,train,0.4960234446739114,False
sample_08661.jpg,SRC_111,-35.0,180.0,79.069883,N-spring,1.0,train,0.4257405292963649,False
sample_08662.jpg,SRC_108,-40.0,180.0,68.856247,N-summer,0.5,validation,0.4227512632450641,False
sample_08663.jpg,SRC_097,0.0,180.0,35.318175,N-winter,0.25,train,0.5241188279536659,False
sample_08664.jpg,SRC_108,-40.0,180.0,68.856247,N-summer,0.5,validation,0.48188894518444425,False
sample_08665.jpg,SRC_031,-90.0,0.0,62.684336,N-winter,0.5,train,0.47359473366024235,False
sample_08666.jpg,SRC_098,-45.0,180.0,70.730178,N-summer,0.25,calibration,0.5369814939368746,False
sample_08667.jpg,SRC_126,-20.0,180.0,68.779144,N-summer,0.5,train,0.38339181523714416,False
sample_08668.jpg,SRC_067,-15.0,180.0,64.724247,N-spring,0.5,calibration,0.4130955251613105,False
sample_08669.jpg,SRC_030,-25.0,180.0,67.936804,N-spring,0.5,train,0.38181233314632324,False
sample_08670.jpg,SRC_092,5.0,180.0,57.429528,N-autumn,0.25,validation,0.3869556750030786,False
sample_08671.jpg,SRC_061,50.0,180.0,43.110277,N-spring,0.5,train,0.5260984911878543,False
sample_08672.jpg,SRC_158,-5.0,180.0,35.954137,N-winter,0.25,train,0.3894683646529516,False
sample_08673.jpg,SRC_021,-90.0,0.0,68.040851,N-autumn,0.5,calibration,0.4027012570849286,False
sample_08674.jpg,SRC_004,30.0,180.0,61.107468,N-autumn,0.5,train,0.4575974422750494,False
sample_08675.jpg,SRC_108,-40.0,180.0,68.856247,N-summer,0.5,validation,0.37429915118131063,False
sample_08676.jpg,SRC_099,15.0,180.0,42.024472,N-spring,0.5,train,0.5201785339100399,False
sample_08677.jpg,SRC_165,10.0,180.0,42.451267,N-winter,0.25,calibration,0.41555192898756166,False
sample_08678.jpg,SRC_077,-5.0,180.0,34.299081,N-winter,0.25,train,0.375944927519105,False
sample_08679.jpg,SRC_091,-40.0,180.0,72.511342,N-summer,0.5,train,0.4243869084460995,False
sample_08680.jpg,SRC_062,45.0,180.0,81.508965,N-autumn,0.5,train,0.3937972438623468,False
sample_08681.jpg,SRC_009,-25.0,180.0,73.827745,N-spring,0.5,train,0.4077664259315684,False
sample_08682.jpg,SRC_095,-20.0,180.0,56.495654,N-spring,0.5,train,0.3840124331914025,False
sample_08683.jpg,SRC_142,-30.0,180.0,34.276784,N-winter,0.25,train,0.4563296909078846,False
sample_08684.jpg,SRC_067,-15.0,180.0,64.724247,N-spring,0.5,calibration,0.4731243475497765,False
sample_08685.jpg,SRC_007,20.0,180.0,49.485932,N-winter,0.25,validation,0.40151635162392585,False
sample_08686.jpg,SRC_017,-90.0,0.0,64.6979,N-winter,0.25,train,0.48268317969011976,False
sample_08687.jpg,SRC_054,5.0,180.0,37.41608,N-winter,0.25,calibration,0.43279219104199224,False
sample_08688.jpg,SRC_127,-35.0,180.0,47.507974,N-autumn,0.5,train,0.38957782174340966,False
sample_08689.jpg,SRC_103,-35.0,180.0,57.090396,N-autumn,0.25,train,0.40343904095422756,False
sample_08690.jpg,SRC_144,-35.0,180.0,76.731052,N-spring,0.5,train,0.4692973789670331,False
sample_08691.jpg,SRC_061,50.0,180.0,43.110277,N-spring,0.5,train,0.4796838243285517,False
sample_08692.jpg,SRC_133,-10.0,180.0,48.887369,N-spring,0.5,calibration,0.40197523692831283,False
sample_08693.jpg,SRC_065,30.0,180.0,68.700871,N-winter,0.5,validation,0.38029017767115825,False
sample_08694.jpg,SRC_084,-10.0,180.0,58.957849,N-summer,0.25,train,0.39942665724358883,False
sample_08695.jpg,SRC_013,50.0,180.0,54.051464,N-spring,0.5,train,0.3724601896323653,False
sample_08696.jpg,SRC_103,-35.0,180.0,57.090396,N-autumn,0.25,train,0.39313588101357066,False
sample_08697.jpg,SRC_030,-25.0,180.0,67.936804,N-spring,0.5,train,0.3878180276709379,False
sample_08698.jpg,SRC_106,25.0,180.0,40.638999,N-spring,0.5,validation,0.43802827427826585,False
sample_08699.jpg,SRC_142,-30.0,180.0,34.276784,N-winter,0.25,train,0.40867241552352535,False
sample_08700.jpg,SRC_115,25.0,180.0,41.8845,N-spring,0.25,train,0.42287433983201284,False
sample_08701.jpg,SRC_091,-40.0,180.0,72.511342,N-summer,0.5,train,0.3972545535392869,False
sample_08702.jpg,SRC_013,50.0,180.0,54.051464,N-spring,0.5,train,0.3786638467571157,False
sample_08703.jpg,SRC_171,-35.0,180.0,63.65778,N-spring,0.25,calibration,0.38398380707128366,False
sample_08704.jpg,SRC_126,-20.0,180.0,68.779144,N-summer,0.5,train,0.37662122590322855,False
sample_08705.jpg,SRC_171,-35.0,180.0,63.65778,N-spring,0.25,calibration,0.42552580580038707,False
sample_08706.jpg,SRC_126,-20.0,180.0,68.779144,N-summer,0.5,train,0.5000425622124748,False
sample_08707.jpg,SRC_006,-15.0,180.0,65.638079,N-spring,0.5,train,0.39541671816171525,False
sample_08708.jpg,SRC_133,-10.0,180.0,48.887369,N-spring,0.5,calibration,0.4284531282639981,False
sample_08709.jpg,SRC_050,0.0,180.0,53.680047,N-summer,0.25,calibration,0.428185808949128,False
sample_08710.jpg,SRC_109,50.0,180.0,54.137665,N-summer,0.25,validation,0.5007938998303185,False
sample_08711.jpg,SRC_115,25.0,180.0,41.8845,N-spring,0.25,train,0.4095172925666396,False
sample_08712.jpg,SRC_004,30.0,180.0,61.107468,N-autumn,0.5,train,0.38796655538453856,False
sample_08713.jpg,SRC_032,-5.0,180.0,52.490186,N-spring,0.25,train,0.5390983725549383,False
sample_08714.jpg,SRC_076,25.0,180.0,63.632584,N-autumn,0.25,validation,0.4011654154456462,False
sample_08715.jpg,SRC_106,25.0,180.0,40.638999,N-spring,0.5,validation,0.4656381223119174,False
sample_08716.jpg,SRC_004,30.0,180.0,61.107468,N-autumn,0.5,train,0.3703477823342843,False
sample_08717.jpg,SRC_068,0.0,180.0,56.216196,N-summer,0.25,train,0.4039327168441414,False
sample_08718.jpg,SRC_061,50.0,180.0,43.110277,N-spring,0.5,train,0.43633096011386147,False
sample_08719.jpg,SRC_004,30.0,180.0,61.107468,N-autumn,0.5,train,0.37522868048620556,False
sample_08720.jpg,SRC_121,25.0,180.0,67.446292,N-autumn,0.5,validation,0.3911202009244301,False
sample_08721.jpg,SRC_014,-40.0,180.0,38.480327,N-winter,0.25,calibration,0.3898099222999744,False
sample_08722.jpg,SRC_054,5.0,180.0,37.41608,N-winter,0.25,calibration,0.4718317943132413,False
sample_08723.jpg,SRC_121,25.0,180.0,67.446292,N-autumn,0.5,validation,0.47996740633251694,False
sample_08724.jpg,SRC_004,30.0,180.0,61.107468,N-autumn,0.5,train,0.3794532990045388,False
sample_08725.jpg,SRC_065,30.0,180.0,68.700871,N-winter,0.5,validation,0.4555078620539552,False
sample_08726.jpg,SRC_159,20.0,180.0,67.076816,N-autumn,0.25,train,0.3877102288116655,False
sample_08727.jpg,SRC_006,-15.0,180.0,65.638079,N-spring,0.5,train,0.38676092936190953,False
sample_08728.jpg,SRC_054,5.0,180.0,37.41608,N-winter,0.25,calibration,0.4784898137516116,False
sample_08729.jpg,SRC_074,0.0,180.0,50.25459,N-spring,0.5,train,0.49001167932942646,False
sample_08730.jpg,SRC_020,35.0,180.0,42.075965,N-summer,0.25,train,0.395444559970431,False
sample_08731.jpg,SRC_039,90.0,0.0,70.63275,N-summer,0.5,train,0.5215822650561326,False
sample_08732.jpg,SRC_116,5.0,180.0,41.203028,N-spring,0.25,calibration,0.42076664761537186,False
sample_08733.jpg,SRC_021,-90.0,0.0,68.040851,N-autumn,0.5,calibration,0.47853942519724474,False
sample_08734.jpg,SRC_025,-35.0,180.0,74.862823,N-summer,0.5,calibration,0.4310815748033633,False
sample_08735.jpg,SRC_152,30.0,180.0,40.69576,N-spring,0.25,train,0.37774402020936176,False
sample_08736.jpg,SRC_123,0.0,180.0,54.598149,N-autumn,0.5,train,0.3626367625404153,False
sample_08737.jpg,SRC_085,0.0,180.0,39.187341,N-spring,0.25,train,0.48912509781295455,False
sample_08738.jpg,SRC_146,10.0,180.0,58.0428,N-summer,0.5,validation,0.4940304240022348,False
sample_08739.jpg,SRC_152,30.0,180.0,40.69576,N-spring,0.25,train,0.381890777558772,False
sample_08740.jpg,SRC_047,0.0,180.0,48.028677,N-spring,0.5,train,0.43994986065298647,False
sample_08741.jpg,SRC_052,5.0,180.0,51.705435,N-summer,0.25,train,0.4551484106860248,False
sample_08742.jpg,SRC_142,-30.0,180.0,34.276784,N-winter,0.25,train,0.4164770560822011,False
sample_08743.jpg,SRC_049,5.0,180.0,42.94902,N-spring,0.25,train,0.4615405269044796,False
sample_08744.jpg,SRC_169,40.0,180.0,48.615664,N-summer,0.25,validation,0.37765837509805644,False
sample_08745.jpg,SRC_157,40.0,180.0,44.22455,N-summer,0.25,train,0.37251685261871365,False
sample_08746.jpg,SRC_052,5.0,180.0,51.705435,N-summer,0.25,train,0.38184969485932874,False
sample_08747.jpg,SRC_124,0.0,180.0,51.928413,N-summer,0.25,train,0.38962873318387825,False
sample_08748.jpg,SRC_028,10.0,180.0,42.894848,N-spring,0.25,calibration,0.37613024840642734,False
sample_08749.jpg,SRC_113,-35.0,180.0,36.668707,N-winter,0.25,train,0.3922322760753393,False
sample_08750.jpg,SRC_144,-35.0,180.0,76.731052,N-spring,0.5,train,0.4238229258505646,False
sample_08751.jpg,SRC_101,5.0,180.0,48.479381,N-winter,0.25,validation,0.505594691330434,False
sample_08752.jpg,SRC_027,35.0,180.0,41.369436,N-spring,0.5,calibration,0.48607710536140025,False
sample_08753.jpg,SRC_051,20.0,180.0,63.609319,N-autumn,0.5,train,0.4138778260517153,False
sample_08754.jpg,SRC_037,15.0,180.0,44.468297,N-spring,0.25,calibration,0.38054665432526613,False
sample_08755.jpg,SRC_004,30.0,180.0,61.107468,N-autumn,0.5,train,0.3797424592409501,False
sample_08756.jpg,SRC_026,90.0,0.0,57.238404,N-spring,0.25,train,0.44687670962549514,False
sample_08757.jpg,SRC_003,0.0,180.0,38.090051,N-spring,0.25,train,0.41330761405752864,False
sample_08758.jpg,SRC_066,-10.0,180.0,61.81065,N-summer,0.5,validation,0.44949695368571224,False
sample_08759.jpg,SRC_103,-35.0,180.0,57.090396,N-autumn,0.25,train,0.38800405082304035,False
sample_08760.jpg,SRC_121,25.0,180.0,67.446292,N-autumn,0.5,validation,0.38655979142325564,False
sample_08761.jpg,SRC_020,35.0,180.0,42.075965,N-summer,0.25,train,0.4179567887352807,False
sample_08762.jpg,SRC_088,0.0,180.0,53.004483,N-summer,0.25,train,0.4016933803662216,False
sample_08763.jpg,SRC_047,0.0,180.0,48.028677,N-spring,0.5,train,0.4160941417445924,False
sample_08764.jpg,SRC_056,-40.0,180.0,74.660587,N-summer,0.5,train,0.3962254994937332,False
sample_08765.jpg,SRC_056,-40.0,180.0,74.660587,N-summer,0.5,train,0.37422440214569563,False
sample_08766.jpg,SRC_087,0.0,180.0,54.65824,N-summer,0.25,train,0.4007484428825811,False
sample_08767.jpg,SRC_150,10.0,180.0,50.798821,N-summer,0.5,train,0.4718572515320318,False
sample_08768.jpg,SRC_104,25.0,180.0,45.102036,N-summer,0.5,calibration,0.4431030042212892,False
sample_08769.jpg,SRC_065,30.0,180.0,68.700871,N-winter,0.5,validation,0.4590742282069872,False
sample_08770.jpg,SRC_014,-40.0,180.0,38.480327,N-winter,0.25,calibration,0.37051952247128356,False
sample_08771.jpg,SRC_114,-10.0,180.0,58.176498,N-autumn,0.5,calibration,0.37845520533389465,False
sample_08772.jpg,SRC_162,-90.0,0.0,77.7898,N-winter,0.25,train,0.4991881916516704,False
sample_08773.jpg,SRC_009,-25.0,180.0,73.827745,N-spring,0.5,train,0.5122017904313859,False
sample_08774.jpg,SRC_013,50.0,180.0,54.051464,N-spring,0.5,train,0.4042815514719643,False
sample_08775.jpg,SRC_123,0.0,180.0,54.598149,N-autumn,0.5,train,0.3949477425818189,False
sample_08776.jpg,SRC_171,-35.0,180.0,63.65778,N-spring,0.25,calibration,0.40424888175695417,False
sample_08777.jpg,SRC_013,50.0,180.0,54.051464,N-spring,0.5,train,0.38372299883472627,False
sample_08778.jpg,SRC_048,-25.0,180.0,61.920556,N-autumn,0.25,train,0.4090380665682244,False
sample_08779.jpg,SRC_151,-15.0,180.0,63.408071,N-summer,0.5,train,0.39523003535844653,False
sample_08780.jpg,SRC_113,-35.0,180.0,36.668707,N-winter,0.25,train,0.4026951777692364,False
sample_08781.jpg,SRC_134,-30.0,180.0,69.607895,N-spring,0.5,train,0.4052914989530011,False
sample_08782.jpg,SRC_124,0.0,180.0,51.928413,N-summer,0.25,train,0.39909995597560305,False
sample_08783.jpg,SRC_127,-35.0,180.0,47.507974,N-autumn,0.5,train,0.3764503594978045,False
sample_08784.jpg,SRC_034,40.0,180.0,46.055099,N-summer,0.25,train,0.3817988564006971,False
sample_08785.jpg,SRC_013,50.0,180.0,54.051464,N-spring,0.5,train,0.38060145466724693,False
sample_08786.jpg,SRC_010,90.0,0.0,74.440619,N-summer,0.5,train,0.4645127277466369,False
sample_08787.jpg,SRC_109,50.0,180.0,54.137665,N-summer,0.25,validation,0.41141198719158056,False
sample_08788.jpg,SRC_148,-15.0,180.0,49.227137,N-autumn,0.25,train,0.45457582355601367,False
sample_08789.jpg,SRC_030,-25.0,180.0,67.936804,N-spring,0.5,train,0.3853814035689639,False
sample_08790.jpg,SRC_013,50.0,180.0,54.051464,N-spring,0.5,train,0.4758201524578024,False
sample_08791.jpg,SRC_090,50.0,180.0,47.196626,N-summer,0.25,train,0.48836521048634446,False
sample_08792.jpg,SRC_094,20.0,180.0,66.934532,N-autumn,0.25,train,0.5040095445774525,False
sample_08793.jpg,SRC_063,25.0,180.0,41.329237,N-spring,0.25,train,0.37952594055726097,False
sample_08794.jpg,SRC_013,50.0,180.0,54.051464,N-spring,0.5,train,0.3861372518340761,False
sample_08795.jpg,SRC_157,40.0,180.0,44.22455,N-summer,0.25,train,0.37062656136822014,False
sample_08796.jpg,SRC_022,20.0,180.0,41.513642,N-spring,0.25,train,0.474175107390226,False
sample_08797.jpg,SRC_006,-15.0,180.0,65.638079,N-spring,0.5,train,0.37857804935262374,False
sample_08798.jpg,SRC_001,-5.0,180.0,51.987197,N-spring,0.5,calibration,0.40397484248753085,False
sample_08799.jpg,SRC_121,25.0,180.0,67.446292,N-autumn,0.5,validation,0.5054249488606771,False
sample_08800.jpg,SRC_047,0.0,180.0,48.028677,N-spring,0.5,train,0.4344323617524683,False
sample_08801.jpg,SRC_127,-35.0,180.0,47.507974,N-autumn,0.5,train,0.5015094430284633,False
sample_08802.jpg,SRC_108,-40.0,180.0,68.856247,N-summer,0.5,validation,0.3802126837223706,False
sample_08803.jpg,SRC_060,90.0,0.0,64.124177,N-summer,0.25,train,0.4953058516016327,False
sample_08804.jpg,SRC_041,15.0,180.0,46.712049,N-summer,0.25,calibration,0.5055956571282909,False
sample_08805.jpg,SRC_051,20.0,180.0,63.609319,N-autumn,0.5,train,0.4979463106709222,False
sample_08806.jpg,SRC_153,-40.0,180.0,43.960452,N-autumn,0.25,train,0.4298411075548759,False
sample_08807.jpg,SRC_103,-35.0,180.0,57.090396,N-autumn,0.25,train,0.4042741962717303,False
sample_08808.jpg,SRC_092,5.0,180.0,57.429528,N-autumn,0.25,validation,0.5131729385301494,False
sample_08809.jpg,SRC_045,-90.0,0.0,70.559818,N-autumn,0.25,train,0.38390190853353595,False
sample_08810.jpg,SRC_154,0.0,180.0,54.770875,N-summer,0.5,train,0.4536009108280735,False
sample_08811.jpg,SRC_124,0.0,180.0,51.928413,N-summer,0.25,train,0.392213829626517,False
sample_08812.jpg,SRC_171,-35.0,180.0,63.65778,N-spring,0.25,calibration,0.4845149861070162,False
sample_08813.jpg,SRC_008,25.0,180.0,61.005891,N-autumn,0.25,train,0.4397455713384832,False
sample_08814.jpg,SRC_124,0.0,180.0,51.928413,N-summer,0.25,train,0.4133020867019931,False
sample_08815.jpg,SRC_084,-10.0,180.0,58.957849,N-summer,0.25,train,0.4112504617020784,False
sample_08816.jpg,SRC_041,15.0,180.0,46.712049,N-summer,0.25,calibration,0.37996587876271165,False
sample_08817.jpg,SRC_055,-5.0,180.0,57.335076,N-spring,0.25,train,0.40389399952034266,False
sample_08818.jpg,SRC_080,-25.0,180.0,69.726065,N-summer,0.25,calibration,0.4019284879819149,False
sample_08819.jpg,SRC_109,50.0,180.0,54.137665,N-summer,0.25,validation,0.3836173898608709,False
sample_08820.jpg,SRC_069,25.0,180.0,48.120522,N-summer,0.5,train,0.48136514663508356,False
sample_08821.jpg,SRC_133,-10.0,180.0,48.887369,N-spring,0.5,calibration,0.4386499539880525,False
sample_08822.jpg,SRC_005,0.0,180.0,55.846781,N-summer,0.5,calibration,0.3868536611032489,False
sample_08823.jpg,SRC_121,25.0,180.0,67.446292,N-autumn,0.5,validation,0.38092057394899825,False
sample_08824.jpg,SRC_099,15.0,180.0,42.024472,N-spring,0.5,train,0.3887994812120461,False
sample_08825.jpg,SRC_069,25.0,180.0,48.120522,N-summer,0.5,train,0.43922331153422983,False
sample_08826.jpg,SRC_022,20.0,180.0,41.513642,N-spring,0.25,train,0.4718212255995876,False
sample_08827.jpg,SRC_158,-5.0,180.0,35.954137,N-winter,0.25,train,0.39043623243909603,False
sample_08828.jpg,SRC_087,0.0,180.0,54.65824,N-summer,0.25,train,0.501297080102902,False
sample_08829.jpg,SRC_082,-10.0,180.0,60.444036,N-spring,0.25,train,0.5010383083813832,False
sample_08830.jpg,SRC_046,0.0,180.0,58.061031,N-autumn,0.25,validation,0.3879662911656465,False
sample_08831.jpg,SRC_020,35.0,180.0,42.075965,N-summer,0.25,train,0.4950622683734947,False
sample_08832.jpg,SRC_076,25.0,180.0,63.632584,N-autumn,0.25,validation,0.39732688343434563,False
sample_08833.jpg,SRC_103,-35.0,180.0,57.090396,N-autumn,0.25,train,0.394907850758656,False
sample_08834.jpg,SRC_030,-25.0,180.0,67.936804,N-spring,0.5,train,0.48876941327587725,False
sample_08835.jpg,SRC_139,40.0,180.0,53.533251,N-winter,0.25,train,0.41066978826324296,False
sample_08836.jpg,SRC_092,5.0,180.0,57.429528,N-autumn,0.25,validation,0.40402598882520185,False
sample_08837.jpg,SRC_022,20.0,180.0,41.513642,N-spring,0.25,train,0.40909476888500523,False
sample_08838.jpg,SRC_146,10.0,180.0,58.0428,N-summer,0.5,validation,0.4090651121443858,False
sample_08839.jpg,SRC_061,50.0,180.0,43.110277,N-spring,0.5,train,0.4252147046712076,False
sample_08840.jpg,SRC_143,90.0,0.0,68.916652,N-spring,0.5,validation,0.49446556018000887,False
sample_08841.jpg,SRC_078,15.0,180.0,40.437008,N-spring,0.25,train,0.4029418968004747,False
sample_08842.jpg,SRC_136,-35.0,180.0,76.922409,N-spring,0.5,train,0.3780016079648293,False
sample_08843.jpg,SRC_046,0.0,180.0,58.061031,N-autumn,0.25,validation,0.3833073782047066,False
sample_08844.jpg,SRC_027,35.0,180.0,41.369436,N-spring,0.5,calibration,0.3888646000418301,False
sample_08845.jpg,SRC_056,-40.0,180.0,74.660587,N-summer,0.5,train,0.38716012883465695,False
sample_08846.jpg,SRC_142,-30.0,180.0,34.276784,N-winter,0.25,train,0.42642209596042396,False
sample_08847.jpg,SRC_040,90.0,0.0,57.651744,N-spring,0.5,validation,0.39196015395623796,False
sample_08848.jpg,SRC_084,-10.0,180.0,58.957849,N-summer,0.25,train,0.3835403801749105,False
sample_08849.jpg,SRC_020,35.0,180.0,42.075965,N-summer,0.25,train,0.390266854961743,False
sample_08850.jpg,SRC_121,25.0,180.0,67.446292,N-autumn,0.5,validation,0.38019106587898016,False
sample_08851.jpg,SRC_036,5.0,180.0,52.749586,N-summer,0.25,train,0.512708683938892,False
sample_08852.jpg,SRC_108,-40.0,180.0,68.856247,N-summer,0.5,validation,0.4087470748871958,False
sample_08853.jpg,SRC_135,5.0,180.0,41.328761,N-winter,0.5,train,0.5077960599034184,False
sample_08854.jpg,SRC_104,25.0,180.0,45.102036,N-summer,0.5,calibration,0.49864814764919474,False
sample_08855.jpg,SRC_011,-20.0,180.0,70.371153,N-summer,0.25,train,0.40391536762435304,False
sample_08856.jpg,SRC_079,0.0,180.0,48.941622,N-spring,0.25,train,0.4762380012795474,False
sample_08857.jpg,SRC_133,-10.0,180.0,48.887369,N-spring,0.5,calibration,0.4120508749355561,False
sample_08858.jpg,SRC_011,-20.0,180.0,70.371153,N-summer,0.25,train,0.3861937707324844,False
sample_08859.jpg,SRC_023,-10.0,180.0,50.837437,N-spring,0.25,train,0.39916992351859537,False
sample_08860.jpg,SRC_148,-15.0,180.0,49.227137,N-autumn,0.25,train,0.429659543397921,False
sample_08861.jpg,SRC_006,-15.0,180.0,65.638079,N-spring,0.5,train,0.49079779372856225,False
sample_08862.jpg,SRC_104,25.0,180.0,45.102036,N-summer,0.5,calibration,0.4592366142836428,False
sample_08863.jpg,SRC_066,-10.0,180.0,61.81065,N-summer,0.5,validation,0.5090364767874542,False
sample_08864.jpg,SRC_108,-40.0,180.0,68.856247,N-summer,0.5,validation,0.42291905287783516,False
sample_08865.jpg,SRC_104,25.0,180.0,45.102036,N-summer,0.5,calibration,0.4146221201146199,False
sample_08866.jpg,SRC_013,50.0,180.0,54.051464,N-spring,0.5,train,0.3782296707381063,False
sample_08867.jpg,SRC_066,-10.0,180.0,61.81065,N-summer,0.5,validation,0.3980384961777496,False
sample_08868.jpg,SRC_093,-25.0,180.0,43.343655,N-autumn,0.5,calibration,0.5121261196578493,False
sample_08869.jpg,SRC_135,5.0,180.0,41.328761,N-winter,0.5,train,0.42456877162403,False
sample_08870.jpg,SRC_103,-35.0,180.0,57.090396,N-autumn,0.25,train,0.4876411388493323,False
sample_08871.jpg,SRC_146,10.0,180.0,58.0428,N-summer,0.5,validation,0.4035932488573174,False
sample_08872.jpg,SRC_095,-20.0,180.0,56.495654,N-spring,0.5,train,0.39679098996483847,False
sample_08873.jpg,SRC_095,-20.0,180.0,56.495654,N-spring,0.5,train,0.387746395919582,False
sample_08874.jpg,SRC_113,-35.0,180.0,36.668707,N-winter,0.25,train,0.4020405656427773,False
sample_08875.jpg,SRC_171,-35.0,180.0,63.65778,N-spring,0.25,calibration,0.3821319498846552,False
sample_08876.jpg,SRC_114,-10.0,180.0,58.176498,N-autumn,0.5,calibration,0.3872316631054201,False
sample_08877.jpg,SRC_093,-25.0,180.0,43.343655,N-autumn,0.5,calibration,0.39413486157026345,False
sample_08878.jpg,SRC_140,35.0,180.0,44.85556,N-spring,0.25,validation,0.3877936504916104,False
sample_08879.jpg,SRC_126,-20.0,180.0,68.779144,N-summer,0.5,train,0.3849040965996718,False
sample_08880.jpg,SRC_026,90.0,0.0,57.238404,N-spring,0.25,train,0.4486222327110153,False
sample_08881.jpg,SRC_099,15.0,180.0,42.024472,N-spring,0.5,train,0.3889440405800333,False
sample_08882.jpg,SRC_040,90.0,0.0,57.651744,N-spring,0.5,validation,0.3867965578535676,False
sample_08883.jpg,SRC_123,0.0,180.0,54.598149,N-autumn,0.5,train,0.45098125992124416,False
sample_08884.jpg,SRC_114,-10.0,180.0,58.176498,N-autumn,0.5,calibration,0.38411491802239145,False
sample_08885.jpg,SRC_003,0.0,180.0,38.090051,N-spring,0.25,train,0.38714486123917313,False
sample_08886.jpg,SRC_011,-20.0,180.0,70.371153,N-summer,0.25,train,0.3850875390230691,False
sample_08887.jpg,SRC_096,25.0,180.0,40.422288,N-spring,0.25,calibration,0.45382429175338934,False
sample_08888.jpg,SRC_121,25.0,180.0,67.446292,N-autumn,0.5,validation,0.39036471311930165,False
sample_08889.jpg,SRC_058,30.0,180.0,69.060883,N-autumn,0.5,train,0.3812453410311578,False
sample_08890.jpg,SRC_063,25.0,180.0,41.329237,N-spring,0.25,train,0.3702264924445098,False
sample_08891.jpg,SRC_009,-25.0,180.0,73.827745,N-spring,0.5,train,0.4001389483161663,False
sample_08892.jpg,SRC_002,40.0,180.0,45.868768,N-summer,0.25,train,0.36428255094064477,False
sample_08893.jpg,SRC_148,-15.0,180.0,49.227137,N-autumn,0.25,train,0.4276008608388068,False
sample_08894.jpg,SRC_040,90.0,0.0,57.651744,N-spring,0.5,validation,0.39484755837389496,False
sample_08895.jpg,SRC_028,10.0,180.0,42.894848,N-spring,0.25,calibration,0.39851974362487363,False
sample_08896.jpg,SRC_109,50.0,180.0,54.137665,N-summer,0.25,validation,0.3842448205104588,False
sample_08897.jpg,SRC_067,-15.0,180.0,64.724247,N-spring,0.5,calibration,0.4098340105488235,False
sample_08898.jpg,SRC_050,0.0,180.0,53.680047,N-summer,0.25,calibration,0.41413369818542795,False
sample_08899.jpg,SRC_112,-30.0,180.0,67.516648,N-spring,0.5,train,0.4105067806881227,False
sample_08900.jpg,SRC_114,-10.0,180.0,58.176498,N-autumn,0.5,calibration,0.38334547332028096,False
sample_08901.jpg,SRC_170,-20.0,180.0,56.332579,N-autumn,0.25,train,0.4216314423802368,False
sample_08902.jpg,SRC_058,30.0,180.0,69.060883,N-autumn,0.5,train,0.5104741217685745,False
sample_08903.jpg,SRC_009,-25.0,180.0,73.827745,N-spring,0.5,train,0.3990290586070099,False
sample_08904.jpg,SRC_103,-35.0,180.0,57.090396,N-autumn,0.25,train,0.4302632517661592,False
sample_08905.jpg,SRC_047,0.0,180.0,48.028677,N-spring,0.5,train,0.44188013025049333,False
sample_08906.jpg,SRC_052,5.0,180.0,51.705435,N-summer,0.25,train,0.42312482348402813,False
sample_08907.jpg,SRC_100,20.0,180.0,41.506528,N-spring,0.25,train,0.4806788525829095,False
sample_08908.jpg,SRC_124,0.0,180.0,51.928413,N-summer,0.25,train,0.40931280080822796,False
sample_08909.jpg,SRC_156,10.0,180.0,48.737382,N-summer,0.25,train,0.39379382921119016,False
sample_08910.jpg,SRC_066,-10.0,180.0,61.81065,N-summer,0.5,validation,0.49930472765775225,False
sample_08911.jpg,SRC_096,25.0,180.0,40.422288,N-spring,0.25,calibration,0.3874569045848122,False
sample_08912.jpg,SRC_034,40.0,180.0,46.055099,N-summer,0.25,train,0.378377042530434,False
sample_08913.jpg,SRC_022,20.0,180.0,41.513642,N-spring,0.25,train,0.4039262622801417,False
sample_08914.jpg,SRC_084,-10.0,180.0,58.957849,N-summer,0.25,train,0.49666107682057364,False
sample_08915.jpg,SRC_131,10.0,180.0,60.540464,N-autumn,0.5,train,0.3919059138449291,False
sample_08916.jpg,SRC_058,30.0,180.0,69.060883,N-autumn,0.5,train,0.3890201724388475,False
sample_08917.jpg,SRC_009,-25.0,180.0,73.827745,N-spring,0.5,train,0.39323592530097223,False
sample_08918.jpg,SRC_069,25.0,180.0,48.120522,N-summer,0.5,train,0.4703167860341793,False
sample_08919.jpg,SRC_009,-25.0,180.0,73.827745,N-spring,0.5,train,0.40432997796964276,False
sample_08920.jpg,SRC_115,25.0,180.0,41.8845,N-spring,0.25,train,0.4080374412074885,False
sample_08921.jpg,SRC_091,-40.0,180.0,72.511342,N-summer,0.5,train,0.3867193933972125,False
sample_08922.jpg,SRC_093,-25.0,180.0,43.343655,N-autumn,0.5,calibration,0.37794917010647233,False
sample_08923.jpg,SRC_021,-90.0,0.0,68.040851,N-autumn,0.5,calibration,0.3905265312434693,False
sample_08924.jpg,SRC_134,-30.0,180.0,69.607895,N-spring,0.5,train,0.42339626781318307,False
sample_08925.jpg,SRC_151,-15.0,180.0,63.408071,N-summer,0.5,train,0.41789547757481477,False
sample_08926.jpg,SRC_063,25.0,180.0,41.329237,N-spring,0.25,train,0.37574345924327013,False
sample_08927.jpg,SRC_057,-5.0,180.0,57.599617,N-summer,0.25,train,0.3898893057438474,False
sample_08928.jpg,SRC_009,-25.0,180.0,73.827745,N-spring,0.5,train,0.4234995680497586,False
sample_08929.jpg,SRC_084,-10.0,180.0,58.957849,N-summer,0.25,train,0.48665986222897734,False
sample_08930.jpg,SRC_115,25.0,180.0,41.8845,N-spring,0.25,train,0.5022899013834636,False
sample_08931.jpg,SRC_009,-25.0,180.0,73.827745,N-spring,0.5,train,0.3947785524859774,False
sample_08932.jpg,SRC_047,0.0,180.0,48.028677,N-spring,0.5,train,0.41867953188392537,False
sample_08933.jpg,SRC_099,15.0,180.0,42.024472,N-spring,0.5,train,0.38044250776353095,False
sample_08934.jpg,SRC_035,0.0,180.0,56.990187,N-autumn,0.25,train,0.41381037462534576,False
sample_08935.jpg,SRC_008,25.0,180.0,61.005891,N-autumn,0.25,train,0.40155793402713175,False
sample_08936.jpg,SRC_005,0.0,180.0,55.846781,N-summer,0.5,calibration,0.41026031418122055,False
sample_08937.jpg,SRC_057,-5.0,180.0,57.599617,N-summer,0.25,train,0.39377585562892403,False
sample_08938.jpg,SRC_114,-10.0,180.0,58.176498,N-autumn,0.5,calibration,0.3922022546603817,False
sample_08939.jpg,SRC_111,-35.0,180.0,79.069883,N-spring,1.0,train,0.5170174638351609,False
sample_08940.jpg,SRC_150,10.0,180.0,50.798821,N-summer,0.5,train,0.40209168815857144,False
sample_08941.jpg,SRC_133,-10.0,180.0,48.887369,N-spring,0.5,calibration,0.40241330834019173,False
sample_08942.jpg,SRC_077,-5.0,180.0,34.299081,N-winter,0.25,train,0.4533216923561393,False
sample_08943.jpg,SRC_109,50.0,180.0,54.137665,N-summer,0.25,validation,0.3873633368560241,False
sample_08944.jpg,SRC_004,30.0,180.0,61.107468,N-autumn,0.5,train,0.4772422770897042,False
sample_08945.jpg,SRC_163,0.0,180.0,39.987447,N-winter,0.25,train,0.3847997946480203,False
sample_08946.jpg,SRC_024,10.0,180.0,53.725813,N-summer,0.25,calibration,0.49667117924388543,False
sample_08947.jpg,SRC_040,90.0,0.0,57.651744,N-spring,0.5,validation,0.3849325696927038,False
sample_08948.jpg,SRC_153,-40.0,180.0,43.960452,N-autumn,0.25,train,0.46640556685475076,False
sample_08949.jpg,SRC_095,-20.0,180.0,56.495654,N-spring,0.5,train,0.5138928520322883,False
sample_08950.jpg,SRC_095,-20.0,180.0,56.495654,N-spring,0.5,train,0.41027686997739626,False
sample_08951.jpg,SRC_091,-40.0,180.0,72.511342,N-summer,0.5,train,0.39152850442480547,False
sample_08952.jpg,SRC_125,-5.0,180.0,52.428603,N-spring,0.25,train,0.3822187349972322,False
sample_08953.jpg,SRC_109,50.0,180.0,54.137665,N-summer,0.25,validation,0.3904345504132015,False
sample_08954.jpg,SRC_156,10.0,180.0,48.737382,N-summer,0.25,train,0.3937806303895787,False
sample_08955.jpg,SRC_013,50.0,180.0,54.051464,N-spring,0.5,train,0.413309300162857,False
sample_08956.jpg,SRC_145,-5.0,180.0,52.15166,N-spring,0.25,train,0.4164797261890489,False
sample_08957.jpg,SRC_082,-10.0,180.0,60.444036,N-spring,0.25,train,0.3851672833746726,False
sample_08958.jpg,SRC_088,0.0,180.0,53.004483,N-summer,0.25,train,0.48621201391239854,False
sample_08959.jpg,SRC_080,-25.0,180.0,69.726065,N-summer,0.25,calibration,0.5040098777908663,False
sample_08960.jpg,SRC_170,-20.0,180.0,56.332579,N-autumn,0.25,train,0.5095172900788661,False
sample_08961.jpg,SRC_095,-20.0,180.0,56.495654,N-spring,0.5,train,0.47570944680516913,False
sample_08962.jpg,SRC_030,-25.0,180.0,67.936804,N-spring,0.5,train,0.38731777520782795,False
sample_08963.jpg,SRC_037,15.0,180.0,44.468297,N-spring,0.25,calibration,0.45430742863326606,False
sample_08964.jpg,SRC_103,-35.0,180.0,57.090396,N-autumn,0.25,train,0.39908710650559354,False
sample_08965.jpg,SRC_009,-25.0,180.0,73.827745,N-spring,0.5,train,0.4128504442697841,False
sample_08966.jpg,SRC_150,10.0,180.0,50.798821,N-summer,0.5,train,0.44156513442238116,False
sample_08967.jpg,SRC_091,-40.0,180.0,72.511342,N-summer,0.5,train,0.40217862867423565,False
sample_08968.jpg,SRC_170,-20.0,180.0,56.332579,N-autumn,0.25,train,0.44799090143947745,False
sample_08969.jpg,SRC_004,30.0,180.0,61.107468,N-autumn,0.5,train,0.3839151699154434,False
sample_08970.jpg,SRC_026,90.0,0.0,57.238404,N-spring,0.25,train,0.42926589519457464,False
sample_08971.jpg,SRC_135,5.0,180.0,41.328761,N-winter,0.5,train,0.4332084346759609,False
sample_08972.jpg,SRC_052,5.0,180.0,51.705435,N-summer,0.25,train,0.4245350068038064,False
sample_08973.jpg,SRC_057,-5.0,180.0,57.599617,N-summer,0.25,train,0.39273633444496914,False
sample_08974.jpg,SRC_136,-35.0,180.0,76.922409,N-spring,0.5,train,0.3911577945414602,False
sample_08975.jpg,SRC_022,20.0,180.0,41.513642,N-spring,0.25,train,0.4178217607046523,False
sample_08976.jpg,SRC_009,-25.0,180.0,73.827745,N-spring,0.5,train,0.4004809732268459,False
sample_08977.jpg,SRC_120,90.0,0.0,69.983669,N-summer,0.25,train,0.42315778273656396,False
sample_08978.jpg,SRC_108,-40.0,180.0,68.856247,N-summer,0.5,validation,0.40808054455578324,False
sample_08979.jpg,SRC_103,-35.0,180.0,57.090396,N-autumn,0.25,train,0.389214164382639,False
sample_08980.jpg,SRC_091,-40.0,180.0,72.511342,N-summer,0.5,train,0.5043248831523749,False
sample_08981.jpg,SRC_009,-25.0,180.0,73.827745,N-spring,0.5,train,0.40109297348488393,False
sample_08982.jpg,SRC_109,50.0,180.0,54.137665,N-summer,0.25,validation,0.38717739331370754,False
sample_08983.jpg,SRC_014,-40.0,180.0,38.480327,N-winter,0.25,calibration,0.37629414917265136,False
sample_08984.jpg,SRC_099,15.0,180.0,42.024472,N-spring,0.5,train,0.37726044075458254,False
sample_08985.jpg,SRC_080,-25.0,180.0,69.726065,N-summer,0.25,calibration,0.42649377449248715,False
sample_08986.jpg,SRC_076,25.0,180.0,63.632584,N-autumn,0.25,validation,0.4782742034315189,False
sample_08987.jpg,SRC_113,-35.0,180.0,36.668707,N-winter,0.25,train,0.44616357894793773,False
sample_08988.jpg,SRC_124,0.0,180.0,51.928413,N-summer,0.25,train,0.3870468989897785,False
sample_08989.jpg,SRC_154,0.0,180.0,54.770875,N-summer,0.5,train,0.5142340527923742,False
sample_08990.jpg,SRC_136,-35.0,180.0,76.922409,N-spring,0.5,train,0.3815269414634921,False
sample_08991.jpg,SRC_160,-10.0,180.0,50.604377,N-autumn,0.25,train,0.37961257993284925,False
sample_08992.jpg,SRC_009,-25.0,180.0,73.827745,N-spring,0.5,train,0.40911444616583,False
sample_08993.jpg,SRC_013,50.0,180.0,54.051464,N-spring,0.5,train,0.4002493244995648,False
sample_08994.jpg,SRC_051,20.0,180.0,63.609319,N-autumn,0.5,train,0.39464655309701974,False
sample_08995.jpg,SRC_104,25.0,180.0,45.102036,N-summer,0.5,calibration,0.4564123681324044,False
sample_08996.jpg,SRC_014,-40.0,180.0,38.480327,N-winter,0.25,calibration,0.5091265215030553,False
sample_08997.jpg,SRC_021,-90.0,0.0,68.040851,N-autumn,0.5,calibration,0.405309196517418,False
sample_08998.jpg,SRC_056,-40.0,180.0,74.660587,N-summer,0.5,train,0.510140054994793,False
sample_08999.jpg,SRC_004,30.0,180.0,61.107468,N-autumn,0.5,train,0.4854291846106881,False
sample_09000.jpg,SRC_091,-40.0,180.0,72.511342,N-summer,0.5,train,0.3893558576014903,False
sample_09001.jpg,SRC_095,-20.0,180.0,56.495654,N-spring,0.5,train,0.4160991672722627,False
sample_09002.jpg,SRC_001,-5.0,180.0,51.987197,N-spring,0.5,calibration,0.4903574311545057,False
sample_09003.jpg,SRC_026,90.0,0.0,57.238404,N-spring,0.25,train,0.45989252542565573,False
sample_09004.jpg,SRC_112,-30.0,180.0,67.516648,N-spring,0.5,train,0.49603840689928547,False
sample_09005.jpg,SRC_045,-90.0,0.0,70.559818,N-autumn,0.25,train,0.48571476989379203,False
sample_09006.jpg,SRC_040,90.0,0.0,57.651744,N-spring,0.5,validation,0.41590879050972446,False
sample_09007.jpg,SRC_002,40.0,180.0,45.868768,N-summer,0.25,train,0.3640669234872128,False
sample_09008.jpg,SRC_115,25.0,180.0,41.8845,N-spring,0.25,train,0.4407269909720011,False
sample_09009.jpg,SRC_009,-25.0,180.0,73.827745,N-spring,0.5,train,0.40168440174296655,False
sample_09010.jpg,SRC_164,20.0,180.0,59.226879,N-autumn,0.25,train,0.5159254150942175,False
sample_09011.jpg,SRC_108,-40.0,180.0,68.856247,N-summer,0.5,validation,0.4901157813091287,False
sample_09012.jpg,SRC_058,30.0,180.0,69.060883,N-autumn,0.5,train,0.39080272634574226,False
sample_09013.jpg,SRC_113,-35.0,180.0,36.668707,N-winter,0.25,train,0.41302814034862134,False
sample_09014.jpg,SRC_092,5.0,180.0,57.429528,N-autumn,0.25,validation,0.5079911540093702,False
sample_09015.jpg,SRC_087,0.0,180.0,54.65824,N-summer,0.25,train,0.5165617925399072,False
sample_09016.jpg,SRC_146,10.0,180.0,58.0428,N-summer,0.5,validation,0.4174466562079872,False
sample_09017.jpg,SRC_009,-25.0,180.0,73.827745,N-spring,0.5,train,0.3868413504398348,False
sample_09018.jpg,SRC_014,-40.0,180.0,38.480327,N-winter,0.25,calibration,0.3865029558896091,False
sample_09019.jpg,SRC_156,10.0,180.0,48.737382,N-summer,0.25,train,0.39604061607783553,False
sample_09020.jpg,SRC_100,20.0,180.0,41.506528,N-spring,0.25,train,0.393030408925928,False
sample_09021.jpg,SRC_085,0.0,180.0,39.187341,N-spring,0.25,train,0.45384436253375104,False
sample_09022.jpg,SRC_091,-40.0,180.0,72.511342,N-summer,0.5,train,0.39426967275147357,False
sample_09023.jpg,SRC_169,40.0,180.0,48.615664,N-summer,0.25,validation,0.3818824952023258,False
sample_09024.jpg,SRC_114,-10.0,180.0,58.176498,N-autumn,0.5,calibration,0.38709003657835817,False
sample_09025.jpg,SRC_096,25.0,180.0,40.422288,N-spring,0.25,calibration,0.4016153082125866,False
sample_09026.jpg,SRC_040,90.0,0.0,57.651744,N-spring,0.5,validation,0.4016661898518058,False
sample_09027.jpg,SRC_076,25.0,180.0,63.632584,N-autumn,0.25,validation,0.496452238156912,False
sample_09028.jpg,SRC_047,0.0,180.0,48.028677,N-spring,0.5,train,0.41920537363223176,False
sample_09029.jpg,SRC_108,-40.0,180.0,68.856247,N-summer,0.5,validation,0.3729994393965182,False
sample_09030.jpg,SRC_158,-5.0,180.0,35.954137,N-winter,0.25,train,0.4809792532780907,False
sample_09031.jpg,SRC_051,20.0,180.0,63.609319,N-autumn,0.5,train,0.37886725549942335,False
sample_09032.jpg,SRC_071,20.0,180.0,40.070501,N-spring,0.25,train,0.48568549234243835,False
sample_09033.jpg,SRC_093,-25.0,180.0,43.343655,N-autumn,0.5,calibration,0.49864835308155797,False
sample_09034.jpg,SRC_137,-5.0,180.0,45.053172,N-spring,0.25,train,0.4193548239158071,False
sample_09035.jpg,SRC_085,0.0,180.0,39.187341,N-spring,0.25,train,0.39432705118895217,False
sample_09036.jpg,SRC_026,90.0,0.0,57.238404,N-spring,0.25,train,0.43206855125727966,False
sample_09037.jpg,SRC_014,-40.0,180.0,38.480327,N-winter,0.25,calibration,0.5278922096105018,False
sample_09038.jpg,SRC_124,0.0,180.0,51.928413,N-summer,0.25,train,0.48866348019614153,False
sample_09039.jpg,SRC_091,-40.0,180.0,72.511342,N-summer,0.5,train,0.41054222016034797,False
sample_09040.jpg,SRC_038,-15.0,180.0,32.097448,N-winter,0.25,validation,0.4218194763913578,False
sample_09041.jpg,SRC_096,25.0,180.0,40.422288,N-spring,0.25,calibration,0.4980687731681474,False
sample_09042.jpg,SRC_087,0.0,180.0,54.65824,N-summer,0.25,train,0.3918383141902195,False
sample_09043.jpg,SRC_040,90.0,0.0,57.651744,N-spring,0.5,validation,0.3830574430216645,False
sample_09044.jpg,SRC_095,-20.0,180.0,56.495654,N-spring,0.5,train,0.4019482195858436,False
sample_09045.jpg,SRC_009,-25.0,180.0,73.827745,N-spring,0.5,train,0.4816772980791022,False
sample_09046.jpg,SRC_030,-25.0,180.0,67.936804,N-spring,0.5,train,0.5001916074306509,False
sample_09047.jpg,SRC_134,-30.0,180.0,69.607895,N-spring,0.5,train,0.3860952462387032,False
sample_09048.jpg,SRC_022,20.0,180.0,41.513642,N-spring,0.25,train,0.39617358361350524,False
sample_09049.jpg,SRC_091,-40.0,180.0,72.511342,N-summer,0.5,train,0.4288556596665507,False
sample_09050.jpg,SRC_115,25.0,180.0,41.8845,N-spring,0.25,train,0.441630536008583,False
sample_09051.jpg,SRC_046,0.0,180.0,58.061031,N-autumn,0.25,validation,0.39678766014457006,False
sample_09052.jpg,SRC_037,15.0,180.0,44.468297,N-spring,0.25,calibration,0.3773852864282714,False
sample_09053.jpg,SRC_157,40.0,180.0,44.22455,N-summer,0.25,train,0.3882381025717223,False
sample_09054.jpg,SRC_018,-90.0,0.0,67.882485,N-winter,0.25,train,0.3813747498030599,False
sample_09055.jpg,SRC_161,5.0,180.0,52.294471,N-summer,0.25,calibration,0.38896980930183445,False
sample_09056.jpg,SRC_051,20.0,180.0,63.609319,N-autumn,0.5,train,0.4263413311312469,False
sample_09057.jpg,SRC_055,-5.0,180.0,57.335076,N-spring,0.25,train,0.3884305590929022,False
sample_09058.jpg,SRC_086,15.0,180.0,43.648742,N-summer,0.5,train,0.3661971815311124,False
sample_09059.jpg,SRC_057,-5.0,180.0,57.599617,N-summer,0.25,train,0.37076205831596376,False
sample_09060.jpg,SRC_080,-25.0,180.0,69.726065,N-summer,0.25,calibration,0.4131413328883576,False
sample_09061.jpg,SRC_030,-25.0,180.0,67.936804,N-spring,0.5,train,0.38147726461380155,False
sample_09062.jpg,SRC_019,90.0,0.0,60.00919,N-summer,0.25,train,0.38093356128409234,False
sample_09063.jpg,SRC_140,35.0,180.0,44.85556,N-spring,0.25,validation,0.39242221033534214,False
sample_09064.jpg,SRC_085,0.0,180.0,39.187341,N-spring,0.25,train,0.3916785302331346,False
sample_09065.jpg,SRC_159,20.0,180.0,67.076816,N-autumn,0.25,train,0.474971488376042,False
sample_09066.jpg,SRC_083,0.0,180.0,55.378885,N-spring,0.25,train,0.38738244968937074,False
sample_09067.jpg,SRC_039,90.0,0.0,70.63275,N-summer,0.5,train,0.4822188197769995,False
sample_09068.jpg,SRC_030,-25.0,180.0,67.936804,N-spring,0.5,train,0.39078493104054973,False
sample_09069.jpg,SRC_036,5.0,180.0,52.749586,N-summer,0.25,train,0.41068120350571446,False
sample_09070.jpg,SRC_112,-30.0,180.0,67.516648,N-spring,0.5,train,0.40912403957490406,False
sample_09071.jpg,SRC_115,25.0,180.0,41.8845,N-spring,0.25,train,0.4935832207502874,False
sample_09072.jpg,SRC_017,-90.0,0.0,64.6979,N-winter,0.25,train,0.3852301563379364,False
sample_09073.jpg,SRC_011,-20.0,180.0,70.371153,N-summer,0.25,train,0.41544492396657534,False
sample_09074.jpg,SRC_030,-25.0,180.0,67.936804,N-spring,0.5,train,0.39710387812074405,False
sample_09075.jpg,SRC_103,-35.0,180.0,57.090396,N-autumn,0.25,train,0.3852970255606083,False
sample_09076.jpg,SRC_016,10.0,180.0,55.552023,N-winter,0.5,train,0.5124405225810986,False
sample_09077.jpg,SRC_026,90.0,0.0,57.238404,N-spring,0.25,train,0.4433906672031167,False
sample_09078.jpg,SRC_104,25.0,180.0,45.102036,N-summer,0.5,calibration,0.38952055147799564,False
sample_09079.jpg,SRC_009,-25.0,180.0,73.827745,N-spring,0.5,train,0.3976214464922851,False
sample_09080.jpg,SRC_051,20.0,180.0,63.609319,N-autumn,0.5,train,0.3863518031736882,False
sample_09081.jpg,SRC_010,90.0,0.0,74.440619,N-summer,0.5,train,0.5170224180426973,False
sample_09082.jpg,SRC_094,20.0,180.0,66.934532,N-autumn,0.25,train,0.5140937131722305,False
sample_09083.jpg,SRC_051,20.0,180.0,63.609319,N-autumn,0.5,train,0.45267680322867243,False
sample_09084.jpg,SRC_077,-5.0,180.0,34.299081,N-winter,0.25,train,0.4837709627315444,False
sample_09085.jpg,SRC_051,20.0,180.0,63.609319,N-autumn,0.5,train,0.3874627651230954,False
sample_09086.jpg,SRC_083,0.0,180.0,55.378885,N-spring,0.25,train,0.37194614090504896,False
sample_09087.jpg,SRC_091,-40.0,180.0,72.511342,N-summer,0.5,train,0.3953821219686583,False
sample_09088.jpg,SRC_071,20.0,180.0,40.070501,N-spring,0.25,train,0.4706765453650267,False
sample_09089.jpg,SRC_111,-35.0,180.0,79.069883,N-spring,1.0,train,0.4512753721854378,False
sample_09090.jpg,SRC_082,-10.0,180.0,60.444036,N-spring,0.25,train,0.38433462582199557,False
sample_09091.jpg,SRC_005,0.0,180.0,55.846781,N-summer,0.5,calibration,0.39158284992481573,False
sample_09092.jpg,SRC_006,-15.0,180.0,65.638079,N-spring,0.5,train,0.3862819840196864,False
sample_09093.jpg,SRC_169,40.0,180.0,48.615664,N-summer,0.25,validation,0.49919689715391646,False
sample_09094.jpg,SRC_051,20.0,180.0,63.609319,N-autumn,0.5,train,0.5001032601543143,False
sample_09095.jpg,SRC_114,-10.0,180.0,58.176498,N-autumn,0.5,calibration,0.39549425161039353,False
sample_09096.jpg,SRC_148,-15.0,180.0,49.227137,N-autumn,0.25,train,0.4043584179897032,False
sample_09097.jpg,SRC_027,35.0,180.0,41.369436,N-spring,0.5,calibration,0.4719136483116695,False
sample_09098.jpg,SRC_040,90.0,0.0,57.651744,N-spring,0.5,validation,0.403013262696536,False
sample_09099.jpg,SRC_171,-35.0,180.0,63.65778,N-spring,0.25,calibration,0.3945264474615448,False
sample_09100.jpg,SRC_109,50.0,180.0,54.137665,N-summer,0.25,validation,0.40578701306076564,False
sample_09101.jpg,SRC_107,20.0,180.0,65.68027,N-autumn,0.5,train,0.4895283873271882,False
sample_09102.jpg,SRC_146,10.0,180.0,58.0428,N-summer,0.5,validation,0.4958208563060712,False
sample_09103.jpg,SRC_133,-10.0,180.0,48.887369,N-spring,0.5,calibration,0.4276984290072307,False
sample_09104.jpg,SRC_107,20.0,180.0,65.68027,N-autumn,0.5,train,0.39607699828657933,False
sample_09105.jpg,SRC_142,-30.0,180.0,34.276784,N-winter,0.25,train,0.4249621630165376,False
sample_09106.jpg,SRC_006,-15.0,180.0,65.638079,N-spring,0.5,train,0.3840425895308601,False
sample_09107.jpg,SRC_153,-40.0,180.0,43.960452,N-autumn,0.25,train,0.41003973368937585,False
sample_09108.jpg,SRC_063,25.0,180.0,41.329237,N-spring,0.25,train,0.3741268946868696,False
sample_09109.jpg,SRC_097,0.0,180.0,35.318175,N-winter,0.25,train,0.4768405104696961,False
sample_09110.jpg,SRC_074,0.0,180.0,50.25459,N-spring,0.5,train,0.4038388555666194,False
sample_09111.jpg,SRC_169,40.0,180.0,48.615664,N-summer,0.25,validation,0.49370502049067166,False
sample_09112.jpg,SRC_142,-30.0,180.0,34.276784,N-winter,0.25,train,0.45258654762545697,False
sample_09113.jpg,SRC_047,0.0,180.0,48.028677,N-spring,0.5,train,0.4234166195140453,False
sample_09114.jpg,SRC_026,90.0,0.0,57.238404,N-spring,0.25,train,0.4569365274282908,False
sample_09115.jpg,SRC_170,-20.0,180.0,56.332579,N-autumn,0.25,train,0.40548070195458286,False
sample_09116.jpg,SRC_011,-20.0,180.0,70.371153,N-summer,0.25,train,0.4502514564820178,False
sample_09117.jpg,SRC_062,45.0,180.0,81.508965,N-autumn,0.5,train,0.40552645854325464,False
sample_09118.jpg,SRC_028,10.0,180.0,42.894848,N-spring,0.25,calibration,0.3762205745739958,False
sample_09119.jpg,SRC_103,-35.0,180.0,57.090396,N-autumn,0.25,train,0.4013112213310596,False
sample_09120.jpg,SRC_135,5.0,180.0,41.328761,N-winter,0.5,train,0.4483480852552956,False
sample_09121.jpg,SRC_096,25.0,180.0,40.422288,N-spring,0.25,calibration,0.4757693705326923,False
sample_09122.jpg,SRC_085,0.0,180.0,39.187341,N-spring,0.25,train,0.4161786636731086,False
sample_09123.jpg,SRC_088,0.0,180.0,53.004483,N-summer,0.25,train,0.408344097963802,False
sample_09124.jpg,SRC_047,0.0,180.0,48.028677,N-spring,0.5,train,0.44382782159988654,False
sample_09125.jpg,SRC_129,20.0,180.0,41.057252,N-spring,0.25,train,0.47229520078221193,False
sample_09126.jpg,SRC_027,35.0,180.0,41.369436,N-spring,0.5,calibration,0.4971981078180911,False
sample_09127.jpg,SRC_157,40.0,180.0,44.22455,N-summer,0.25,train,0.433002789112326,False
sample_09128.jpg,SRC_121,25.0,180.0,67.446292,N-autumn,0.5,validation,0.39913917956249956,False
sample_09129.jpg,SRC_109,50.0,180.0,54.137665,N-summer,0.25,validation,0.380255009250424,False
sample_09130.jpg,SRC_107,20.0,180.0,65.68027,N-autumn,0.5,train,0.44719759978621154,False
sample_09131.jpg,SRC_088,0.0,180.0,53.004483,N-summer,0.25,train,0.387588620588003,False
sample_09132.jpg,SRC_006,-15.0,180.0,65.638079,N-spring,0.5,train,0.4041621076101375,False
sample_09133.jpg,SRC_071,20.0,180.0,40.070501,N-spring,0.25,train,0.42488120614061975,False
sample_09134.jpg,SRC_123,0.0,180.0,54.598149,N-autumn,0.5,train,0.41841031705175846,False
sample_09135.jpg,SRC_143,90.0,0.0,68.916652,N-spring,0.5,validation,0.4234386241633222,False
sample_09136.jpg,SRC_158,-5.0,180.0,35.954137,N-winter,0.25,train,0.38125762077470826,False
sample_09137.jpg,SRC_010,90.0,0.0,74.440619,N-summer,0.5,train,0.4887244627663988,False
sample_09138.jpg,SRC_114,-10.0,180.0,58.176498,N-autumn,0.5,calibration,0.3871409798709423,False
sample_09139.jpg,SRC_009,-25.0,180.0,73.827745,N-spring,0.5,train,0.39207607172189674,False
sample_09140.jpg,SRC_055,-5.0,180.0,57.335076,N-spring,0.25,train,0.40247327290855706,False
sample_09141.jpg,SRC_133,-10.0,180.0,48.887369,N-spring,0.5,calibration,0.4082837848597177,False
sample_09142.jpg,SRC_138,25.0,180.0,44.714676,N-summer,0.25,train,0.3714546080467799,False
sample_09143.jpg,SRC_040,90.0,0.0,57.651744,N-spring,0.5,validation,0.4058384689216476,False
sample_09144.jpg,SRC_050,0.0,180.0,53.680047,N-summer,0.25,calibration,0.39785510563333887,False
sample_09145.jpg,SRC_066,-10.0,180.0,61.81065,N-summer,0.5,validation,0.3953690332807317,False
sample_09146.jpg,SRC_069,25.0,180.0,48.120522,N-summer,0.5,train,0.40297347586033705,False
sample_09147.jpg,SRC_091,-40.0,180.0,72.511342,N-summer,0.5,train,0.3961133694350881,False
sample_09148.jpg,SRC_013,50.0,180.0,54.051464,N-spring,0.5,train,0.385919474440369,False
sample_09149.jpg,SRC_038,-15.0,180.0,32.097448,N-winter,0.25,validation,0.47298650533673436,False
sample_09150.jpg,SRC_050,0.0,180.0,53.680047,N-summer,0.25,calibration,0.4688522635590052,False
sample_09151.jpg,SRC_100,20.0,180.0,41.506528,N-spring,0.25,train,0.5165463259265618,False
sample_09152.jpg,SRC_153,-40.0,180.0,43.960452,N-autumn,0.25,train,0.3926553150890739,False
sample_09153.jpg,SRC_086,15.0,180.0,43.648742,N-summer,0.5,train,0.37043209071136307,False
sample_09154.jpg,SRC_171,-35.0,180.0,63.65778,N-spring,0.25,calibration,0.37474864320896417,False
sample_09155.jpg,SRC_029,-5.0,180.0,45.485648,N-autumn,0.25,train,0.4169627918419624,False
sample_09156.jpg,SRC_035,0.0,180.0,56.990187,N-autumn,0.25,train,0.40096834488073335,False
sample_09157.jpg,SRC_013,50.0,180.0,54.051464,N-spring,0.5,train,0.38580040146438555,False
sample_09158.jpg,SRC_108,-40.0,180.0,68.856247,N-summer,0.5,validation,0.37879151074337924,False
sample_09159.jpg,SRC_030,-25.0,180.0,67.936804,N-spring,0.5,train,0.3856048107126896,False
sample_09160.jpg,SRC_112,-30.0,180.0,67.516648,N-spring,0.5,train,0.4191339873319967,False
sample_09161.jpg,SRC_005,0.0,180.0,55.846781,N-summer,0.5,calibration,0.40264609630507187,False
sample_09162.jpg,SRC_076,25.0,180.0,63.632584,N-autumn,0.25,validation,0.3978979217561915,False
sample_09163.jpg,SRC_156,10.0,180.0,48.737382,N-summer,0.25,train,0.38817516664959173,False
sample_09164.jpg,SRC_121,25.0,180.0,67.446292,N-autumn,0.5,validation,0.3881382206578571,False
sample_09165.jpg,SRC_112,-30.0,180.0,67.516648,N-spring,0.5,train,0.3935609246725754,False
sample_09166.jpg,SRC_052,5.0,180.0,51.705435,N-summer,0.25,train,0.4029035042202119,False
sample_09167.jpg,SRC_020,35.0,180.0,42.075965,N-summer,0.25,train,0.4161346761603707,False
sample_09168.jpg,SRC_005,0.0,180.0,55.846781,N-summer,0.5,calibration,0.4782183254043302,False
sample_09169.jpg,SRC_095,-20.0,180.0,56.495654,N-spring,0.5,train,0.39639211614815906,False
sample_09170.jpg,SRC_057,-5.0,180.0,57.599617,N-summer,0.25,train,0.3928653632500335,False
sample_09171.jpg,SRC_027,35.0,180.0,41.369436,N-spring,0.5,calibration,0.39133046004949124,False
sample_09172.jpg,SRC_083,0.0,180.0,55.378885,N-spring,0.25,train,0.39695087983742045,False
sample_09173.jpg,SRC_140,35.0,180.0,44.85556,N-spring,0.25,validation,0.45766351483584033,False
sample_09174.jpg,SRC_055,-5.0,180.0,57.335076,N-spring,0.25,train,0.4697231284447206,False
sample_09175.jpg,SRC_087,0.0,180.0,54.65824,N-summer,0.25,train,0.44643217955452863,False
sample_09176.jpg,SRC_075,-90.0,0.0,65.329336,N-winter,0.25,train,0.41411388863411575,False
sample_09177.jpg,SRC_004,30.0,180.0,61.107468,N-autumn,0.5,train,0.5083611295831549,False
sample_09178.jpg,SRC_061,50.0,180.0,43.110277,N-spring,0.5,train,0.5248762794910844,False
sample_09179.jpg,SRC_076,25.0,180.0,63.632584,N-autumn,0.25,validation,0.38707826079754537,False
sample_09180.jpg,SRC_073,45.0,180.0,41.537171,N-spring,0.25,train,0.41110229203004467,False
sample_09181.jpg,SRC_121,25.0,180.0,67.446292,N-autumn,0.5,validation,0.49858662135535525,False
sample_09182.jpg,SRC_109,50.0,180.0,54.137665,N-summer,0.25,validation,0.39131727074680234,False
sample_09183.jpg,SRC_171,-35.0,180.0,63.65778,N-spring,0.25,calibration,0.40069815225751776,False
sample_09184.jpg,SRC_042,10.0,180.0,36.92431,N-spring,0.5,train,0.404467287235987,False
sample_09185.jpg,SRC_009,-25.0,180.0,73.827745,N-spring,0.5,train,0.42216696510953133,False
sample_09186.jpg,SRC_116,5.0,180.0,41.203028,N-spring,0.25,calibration,0.3957281514898752,False
sample_09187.jpg,SRC_168,90.0,0.0,64.709631,N-summer,0.25,train,0.5015172377963442,False
sample_09188.jpg,SRC_157,40.0,180.0,44.22455,N-summer,0.25,train,0.5100229507737942,False
sample_09189.jpg,SRC_156,10.0,180.0,48.737382,N-summer,0.25,train,0.369046799872681,False
sample_09190.jpg,SRC_059,15.0,180.0,48.046698,N-summer,0.25,train,0.4770079985812923,False
sample_09191.jpg,SRC_051,20.0,180.0,63.609319,N-autumn,0.5,train,0.38966810891780235,False
sample_09192.jpg,SRC_020,35.0,180.0,42.075965,N-summer,0.25,train,0.40816616297344616,False
sample_09193.jpg,SRC_009,-25.0,180.0,73.827745,N-spring,0.5,train,0.39960232672010537,False
sample_09194.jpg,SRC_028,10.0,180.0,42.894848,N-spring,0.25,calibration,0.38373619465353703,False
sample_09195.jpg,SRC_124,0.0,180.0,51.928413,N-summer,0.25,train,0.38099678060698616,False
sample_09196.jpg,SRC_027,35.0,180.0,41.369436,N-spring,0.5,calibration,0.379784433115178,False
sample_09197.jpg,SRC_158,-5.0,180.0,35.954137,N-winter,0.25,train,0.4811020622211345,False
sample_09198.jpg,SRC_051,20.0,180.0,63.609319,N-autumn,0.5,train,0.38694905167620214,False
sample_09199.jpg,SRC_030,-25.0,180.0,67.936804,N-spring,0.5,train,0.38170334608447265,False
sample_09200.jpg,SRC_096,25.0,180.0,40.422288,N-spring,0.25,calibration,0.3937861154579366,False
sample_09201.jpg,SRC_041,15.0,180.0,46.712049,N-summer,0.25,calibration,0.3876018838710296,False
sample_09202.jpg,SRC_003,0.0,180.0,38.090051,N-spring,0.25,train,0.3738640479103065,False
sample_09203.jpg,SRC_092,5.0,180.0,57.429528,N-autumn,0.25,validation,0.3884927498209265,False
sample_09204.jpg,SRC_082,-10.0,180.0,60.444036,N-spring,0.25,train,0.42230124102834676,False
sample_09205.jpg,SRC_009,-25.0,180.0,73.827745,N-spring,0.5,train,0.40474044379906166,False
sample_09206.jpg,SRC_055,-5.0,180.0,57.335076,N-spring,0.25,train,0.45927348952171254,False
sample_09207.jpg,SRC_109,50.0,180.0,54.137665,N-summer,0.25,validation,0.3826082225881762,False
sample_09208.jpg,SRC_006,-15.0,180.0,65.638079,N-spring,0.5,train,0.4904463578870507,False
sample_09209.jpg,SRC_086,15.0,180.0,43.648742,N-summer,0.5,train,0.36465134155922285,False
sample_09210.jpg,SRC_014,-40.0,180.0,38.480327,N-winter,0.25,calibration,0.5119367451613559,False
sample_09211.jpg,SRC_034,40.0,180.0,46.055099,N-summer,0.25,train,0.38080342045411897,False
sample_09212.jpg,SRC_142,-30.0,180.0,34.276784,N-winter,0.25,train,0.43716174807297536,False
sample_09213.jpg,SRC_121,25.0,180.0,67.446292,N-autumn,0.5,validation,0.3824829105317818,False
sample_09214.jpg,SRC_086,15.0,180.0,43.648742,N-summer,0.5,train,0.3879028012495378,False
sample_09215.jpg,SRC_014,-40.0,180.0,38.480327,N-winter,0.25,calibration,0.3881070797039615,False
sample_09216.jpg,SRC_145,-5.0,180.0,52.15166,N-spring,0.25,train,0.3984180296338321,False
sample_09217.jpg,SRC_042,10.0,180.0,36.92431,N-spring,0.5,train,0.48516360231220296,False
sample_09218.jpg,SRC_121,25.0,180.0,67.446292,N-autumn,0.5,validation,0.38293878353220173,False
sample_09219.jpg,SRC_070,60.0,180.0,58.788969,N-summer,0.5,validation,0.48020296573564736,False
sample_09220.jpg,SRC_082,-10.0,180.0,60.444036,N-spring,0.25,train,0.38415509995714453,False
sample_09221.jpg,SRC_108,-40.0,180.0,68.856247,N-summer,0.5,validation,0.42933170446329383,False
sample_09222.jpg,SRC_127,-35.0,180.0,47.507974,N-autumn,0.5,train,0.479408728561937,False
sample_09223.jpg,SRC_009,-25.0,180.0,73.827745,N-spring,0.5,train,0.4039751765239058,False
sample_09224.jpg,SRC_133,-10.0,180.0,48.887369,N-spring,0.5,calibration,0.3980913788676287,False
sample_09225.jpg,SRC_146,10.0,180.0,58.0428,N-summer,0.5,validation,0.5035812850892526,False
sample_09226.jpg,SRC_088,0.0,180.0,53.004483,N-summer,0.25,train,0.4124157404646306,False
sample_09227.jpg,SRC_083,0.0,180.0,55.378885,N-spring,0.25,train,0.39111063803148843,False
sample_09228.jpg,SRC_047,0.0,180.0,48.028677,N-spring,0.5,train,0.4587344573107443,False
sample_09229.jpg,SRC_067,-15.0,180.0,64.724247,N-spring,0.5,calibration,0.47370565230339645,False
sample_09230.jpg,SRC_109,50.0,180.0,54.137665,N-summer,0.25,validation,0.38699766903038113,False
sample_09231.jpg,SRC_013,50.0,180.0,54.051464,N-spring,0.5,train,0.42495564440210754,False
sample_09232.jpg,SRC_020,35.0,180.0,42.075965,N-summer,0.25,train,0.4041494676984957,False
sample_09233.jpg,SRC_069,25.0,180.0,48.120522,N-summer,0.5,train,0.4105018836028564,False
sample_09234.jpg,SRC_106,25.0,180.0,40.638999,N-spring,0.5,validation,0.45487014132889525,False
sample_09235.jpg,SRC_123,0.0,180.0,54.598149,N-autumn,0.5,train,0.4707417254310041,False
sample_09236.jpg,SRC_065,30.0,180.0,68.700871,N-winter,0.5,validation,0.4882091378124411,False
sample_09237.jpg,SRC_168,90.0,0.0,64.709631,N-summer,0.25,train,0.4314380516498798,False
sample_09238.jpg,SRC_049,5.0,180.0,42.94902,N-spring,0.25,train,0.467504047856078,False
sample_09239.jpg,SRC_011,-20.0,180.0,70.371153,N-summer,0.25,train,0.39245409889055993,False
sample_09240.jpg,SRC_154,0.0,180.0,54.770875,N-summer,0.5,train,0.4666827332425477,False
sample_09241.jpg,SRC_102,-10.0,180.0,52.255853,N-spring,0.25,train,0.4011783667946869,False
sample_09242.jpg,SRC_073,45.0,180.0,41.537171,N-spring,0.25,train,0.3957184257162977,False
sample_09243.jpg,SRC_074,0.0,180.0,50.25459,N-spring,0.5,train,0.49443863009635375,False
sample_09244.jpg,SRC_169,40.0,180.0,48.615664,N-summer,0.25,validation,0.37190064361751396,False
sample_09245.jpg,SRC_157,40.0,180.0,44.22455,N-summer,0.25,train,0.47329293383926074,False
sample_09246.jpg,SRC_111,-35.0,180.0,79.069883,N-spring,1.0,train,0.39760850437380035,False
sample_09247.jpg,SRC_027,35.0,180.0,41.369436,N-spring,0.5,calibration,0.4843695297125358,False
sample_09248.jpg,SRC_121,25.0,180.0,67.446292,N-autumn,0.5,validation,0.38723668227688873,False
sample_09249.jpg,SRC_014,-40.0,180.0,38.480327,N-winter,0.25,calibration,0.4248973329861097,False
sample_09250.jpg,SRC_108,-40.0,180.0,68.856247,N-summer,0.5,validation,0.47315582583958465,False
sample_09251.jpg,SRC_075,-90.0,0.0,65.329336,N-winter,0.25,train,0.4272027276743192,False
sample_09252.jpg,SRC_076,25.0,180.0,63.632584,N-autumn,0.25,validation,0.3858395847792758,False
sample_09253.jpg,SRC_163,0.0,180.0,39.987447,N-winter,0.25,train,0.38238082207767443,False
sample_09254.jpg,SRC_076,25.0,180.0,63.632584,N-autumn,0.25,validation,0.3884419201699576,False
sample_09255.jpg,SRC_145,-5.0,180.0,52.15166,N-spring,0.25,train,0.42721207632774433,False
sample_09256.jpg,SRC_095,-20.0,180.0,56.495654,N-spring,0.5,train,0.5212891160908251,False
sample_09257.jpg,SRC_134,-30.0,180.0,69.607895,N-spring,0.5,train,0.48937245247154815,False
sample_09258.jpg,SRC_074,0.0,180.0,50.25459,N-spring,0.5,train,0.49238238324170425,False
sample_09259.jpg,SRC_092,5.0,180.0,57.429528,N-autumn,0.25,validation,0.4027667855016038,False
sample_09260.jpg,SRC_170,-20.0,180.0,56.332579,N-autumn,0.25,train,0.381825446306159,False
sample_09261.jpg,SRC_047,0.0,180.0,48.028677,N-spring,0.5,train,0.39535835513637085,False
sample_09262.jpg,SRC_058,30.0,180.0,69.060883,N-autumn,0.5,train,0.42887704439962127,False
sample_09263.jpg,SRC_111,-35.0,180.0,79.069883,N-spring,1.0,train,0.46317337653432417,False
sample_09264.jpg,SRC_071,20.0,180.0,40.070501,N-spring,0.25,train,0.44525131003860363,False
sample_09265.jpg,SRC_158,-5.0,180.0,35.954137,N-winter,0.25,train,0.5034296870917577,False
sample_09266.jpg,SRC_126,-20.0,180.0,68.779144,N-summer,0.5,train,0.4134827882739017,False
sample_09267.jpg,SRC_001,-5.0,180.0,51.987197,N-spring,0.5,calibration,0.5359014678289311,False
sample_09268.jpg,SRC_061,50.0,180.0,43.110277,N-spring,0.5,train,0.5269329252551843,False
sample_09269.jpg,SRC_139,40.0,180.0,53.533251,N-winter,0.25,train,0.3911946567893098,False
sample_09270.jpg,SRC_106,25.0,180.0,40.638999,N-spring,0.5,validation,0.3894800500187762,False
sample_09271.jpg,SRC_006,-15.0,180.0,65.638079,N-spring,0.5,train,0.41245022217679195,False
sample_09272.jpg,SRC_009,-25.0,180.0,73.827745,N-spring,0.5,train,0.38954526973659676,False
sample_09273.jpg,SRC_002,40.0,180.0,45.868768,N-summer,0.25,train,0.36641131524038556,False
sample_09274.jpg,SRC_088,0.0,180.0,53.004483,N-summer,0.25,train,0.4161281361513801,False
sample_09275.jpg,SRC_006,-15.0,180.0,65.638079,N-spring,0.5,train,0.38045775537229465,False
sample_09276.jpg,SRC_051,20.0,180.0,63.609319,N-autumn,0.5,train,0.49167874866172123,False
sample_09277.jpg,SRC_126,-20.0,180.0,68.779144,N-summer,0.5,train,0.40141512354248465,False
sample_09278.jpg,SRC_076,25.0,180.0,63.632584,N-autumn,0.25,validation,0.40265751423928065,False
sample_09279.jpg,SRC_050,0.0,180.0,53.680047,N-summer,0.25,calibration,0.42076909380928906,False
sample_09280.jpg,SRC_123,0.0,180.0,54.598149,N-autumn,0.5,train,0.41532141879642354,False
sample_09281.jpg,SRC_048,-25.0,180.0,61.920556,N-autumn,0.25,train,0.40326974841289387,False
sample_09282.jpg,SRC_009,-25.0,180.0,73.827745,N-spring,0.5,train,0.3834952420275247,False
sample_09283.jpg,SRC_171,-35.0,180.0,63.65778,N-spring,0.25,calibration,0.3776691203355461,False
sample_09284.jpg,SRC_096,25.0,180.0,40.422288,N-spring,0.25,calibration,0.3935587391647868,False
sample_09285.jpg,SRC_121,25.0,180.0,67.446292,N-autumn,0.5,validation,0.3961555612938805,False
sample_09286.jpg,SRC_158,-5.0,180.0,35.954137,N-winter,0.25,train,0.38801861446227026,False
sample_09287.jpg,SRC_108,-40.0,180.0,68.856247,N-summer,0.5,validation,0.380059298263716,False
sample_09288.jpg,SRC_085,0.0,180.0,39.187341,N-spring,0.25,train,0.41278952630592614,False
sample_09289.jpg,SRC_021,-90.0,0.0,68.040851,N-autumn,0.5,calibration,0.3889304650758285,False
sample_09290.jpg,SRC_124,0.0,180.0,51.928413,N-summer,0.25,train,0.3972334628387976,False
sample_09291.jpg,SRC_115,25.0,180.0,41.8845,N-spring,0.25,train,0.43033394890385973,False
sample_09292.jpg,SRC_014,-40.0,180.0,38.480327,N-winter,0.25,calibration,0.37776208281988616,False
sample_09293.jpg,SRC_113,-35.0,180.0,36.668707,N-winter,0.25,train,0.3995820071010569,False
sample_09294.jpg,SRC_038,-15.0,180.0,32.097448,N-winter,0.25,validation,0.4736347317391047,False
sample_09295.jpg,SRC_167,90.0,0.0,58.639078,N-summer,0.5,calibration,0.44697704908575614,False
sample_09296.jpg,SRC_011,-20.0,180.0,70.371153,N-summer,0.25,train,0.40984467167904565,False
sample_09297.jpg,SRC_170,-20.0,180.0,56.332579,N-autumn,0.25,train,0.40542462477717045,False
sample_09298.jpg,SRC_169,40.0,180.0,48.615664,N-summer,0.25,validation,0.37854851754014884,False
sample_09299.jpg,SRC_086,15.0,180.0,43.648742,N-summer,0.5,train,0.39350683321127927,False
sample_09300.jpg,SRC_094,20.0,180.0,66.934532,N-autumn,0.25,train,0.4703406976027808,False
sample_09301.jpg,SRC_105,90.0,0.0,71.333916,N-summer,0.5,train,0.49005763628093024,False
sample_09302.jpg,SRC_015,20.0,180.0,46.484204,N-summer,0.25,train,0.38128940943363926,False
sample_09303.jpg,SRC_112,-30.0,180.0,67.516648,N-spring,0.5,train,0.38059106657538183,False
sample_09304.jpg,SRC_108,-40.0,180.0,68.856247,N-summer,0.5,validation,0.514324269934097,False
sample_09305.jpg,SRC_170,-20.0,180.0,56.332579,N-autumn,0.25,train,0.4831524805031971,False
sample_09306.jpg,SRC_013,50.0,180.0,54.051464,N-spring,0.5,train,0.4127460293457065,False
sample_09307.jpg,SRC_126,-20.0,180.0,68.779144,N-summer,0.5,train,0.37507100162511475,False
sample_09308.jpg,SRC_065,30.0,180.0,68.700871,N-winter,0.5,validation,0.40653311860069624,False
sample_09309.jpg,SRC_016,10.0,180.0,55.552023,N-winter,0.5,train,0.3870896465876677,False
sample_09310.jpg,SRC_027,35.0,180.0,41.369436,N-spring,0.5,calibration,0.535764577182594,False
sample_09311.jpg,SRC_131,10.0,180.0,60.540464,N-autumn,0.5,train,0.4874119962774416,False
sample_09312.jpg,SRC_009,-25.0,180.0,73.827745,N-spring,0.5,train,0.42550500737673025,False
sample_09313.jpg,SRC_069,25.0,180.0,48.120522,N-summer,0.5,train,0.41295244489351945,False
sample_09314.jpg,SRC_158,-5.0,180.0,35.954137,N-winter,0.25,train,0.384644584090496,False
sample_09315.jpg,SRC_127,-35.0,180.0,47.507974,N-autumn,0.5,train,0.3792101881033948,False
sample_09316.jpg,SRC_108,-40.0,180.0,68.856247,N-summer,0.5,validation,0.3875424385777861,False
sample_09317.jpg,SRC_006,-15.0,180.0,65.638079,N-spring,0.5,train,0.4034086257783892,False
sample_09318.jpg,SRC_006,-15.0,180.0,65.638079,N-spring,0.5,train,0.5131440930795085,False
sample_09319.jpg,SRC_112,-30.0,180.0,67.516648,N-spring,0.5,train,0.41875522537011306,False
sample_09320.jpg,SRC_009,-25.0,180.0,73.827745,N-spring,0.5,train,0.4136656347682828,False
sample_09321.jpg,SRC_159,20.0,180.0,67.076816,N-autumn,0.25,train,0.36737043072361003,False
sample_09322.jpg,SRC_015,20.0,180.0,46.484204,N-summer,0.25,train,0.4260826558466314,False
sample_09323.jpg,SRC_014,-40.0,180.0,38.480327,N-winter,0.25,calibration,0.378639689365278,False
sample_09324.jpg,SRC_116,5.0,180.0,41.203028,N-spring,0.25,calibration,0.3925904790013411,False
sample_09325.jpg,SRC_014,-40.0,180.0,38.480327,N-winter,0.25,calibration,0.42049006452363935,False
sample_09326.jpg,SRC_113,-35.0,180.0,36.668707,N-winter,0.25,train,0.4438414588611164,False
sample_09327.jpg,SRC_112,-30.0,180.0,67.516648,N-spring,0.5,train,0.38716541306375085,False
sample_09328.jpg,SRC_009,-25.0,180.0,73.827745,N-spring,0.5,train,0.3952631134008241,False
sample_09329.jpg,SRC_096,25.0,180.0,40.422288,N-spring,0.25,calibration,0.5201853823986169,False
sample_09330.jpg,SRC_112,-30.0,180.0,67.516648,N-spring,0.5,train,0.39801401454939656,False
sample_09331.jpg,SRC_114,-10.0,180.0,58.176498,N-autumn,0.5,calibration,0.36997974021565433,False
sample_09332.jpg,SRC_144,-35.0,180.0,76.731052,N-spring,0.5,train,0.44380156666293347,False
sample_09333.jpg,SRC_121,25.0,180.0,67.446292,N-autumn,0.5,validation,0.3938288421651072,False
sample_09334.jpg,SRC_101,5.0,180.0,48.479381,N-winter,0.25,validation,0.4318698894980944,False
sample_09335.jpg,SRC_033,45.0,180.0,66.067561,N-summer,0.25,validation,0.507661932358334,False
sample_09336.jpg,SRC_148,-15.0,180.0,49.227137,N-autumn,0.25,train,0.4401956201257586,False
sample_09337.jpg,SRC_124,0.0,180.0,51.928413,N-summer,0.25,train,0.3938814287196337,False
sample_09338.jpg,SRC_027,35.0,180.0,41.369436,N-spring,0.5,calibration,0.5086255720643688,False
sample_09339.jpg,SRC_013,50.0,180.0,54.051464,N-spring,0.5,train,0.3845679826108225,False
sample_09340.jpg,SRC_111,-35.0,180.0,79.069883,N-spring,1.0,train,0.4280713833699007,False
sample_09341.jpg,SRC_040,90.0,0.0,57.651744,N-spring,0.5,validation,0.492909019290617,False
sample_09342.jpg,SRC_121,25.0,180.0,67.446292,N-autumn,0.5,validation,0.45286382509335726,False
sample_09343.jpg,SRC_149,90.0,0.0,55.701783,N-summer,0.25,train,0.4173355399430879,False
sample_09344.jpg,SRC_027,35.0,180.0,41.369436,N-spring,0.5,calibration,0.4896712484376534,False
sample_09345.jpg,SRC_141,-10.0,180.0,55.206291,N-spring,0.25,train,0.37920506635311935,False
sample_09346.jpg,SRC_041,15.0,180.0,46.712049,N-summer,0.25,calibration,0.37221443072120736,False
sample_09347.jpg,SRC_009,-25.0,180.0,73.827745,N-spring,0.5,train,0.39502313776387604,False
sample_09348.jpg,SRC_136,-35.0,180.0,76.922409,N-spring,0.5,train,0.38118259341954486,False
sample_09349.jpg,SRC_042,10.0,180.0,36.92431,N-spring,0.5,train,0.38812068890495555,False
sample_09350.jpg,SRC_112,-30.0,180.0,67.516648,N-spring,0.5,train,0.462061910500683,False
sample_09351.jpg,SRC_081,-90.0,0.0,74.772433,N-autumn,0.25,train,0.49571289784574113,False
sample_09352.jpg,SRC_065,30.0,180.0,68.700871,N-winter,0.5,validation,0.4820457149996519,False
sample_09353.jpg,SRC_089,10.0,180.0,48.442522,N-winter,0.25,validation,0.4875173061772921,False
sample_09354.jpg,SRC_121,25.0,180.0,67.446292,N-autumn,0.5,validation,0.3826217987204449,False
sample_09355.jpg,SRC_103,-35.0,180.0,57.090396,N-autumn,0.25,train,0.5054389499529914,False
sample_09356.jpg,SRC_065,30.0,180.0,68.700871,N-winter,0.5,validation,0.43828879262114545,False
sample_09357.jpg,SRC_072,15.0,180.0,46.966801,N-winter,0.25,train,0.5226881560295277,False
sample_09358.jpg,SRC_095,-20.0,180.0,56.495654,N-spring,0.5,train,0.5151408456108235,False
sample_09359.jpg,SRC_076,25.0,180.0,63.632584,N-autumn,0.25,validation,0.4558931944199043,False
sample_09360.jpg,SRC_021,-90.0,0.0,68.040851,N-autumn,0.5,calibration,0.4851571104040392,False
sample_09361.jpg,SRC_018,-90.0,0.0,67.882485,N-winter,0.25,train,0.39086290665215867,False
sample_09362.jpg,SRC_158,-5.0,180.0,35.954137,N-winter,0.25,train,0.3954225750671768,False
sample_09363.jpg,SRC_108,-40.0,180.0,68.856247,N-summer,0.5,validation,0.4858688687033618,False
sample_09364.jpg,SRC_097,0.0,180.0,35.318175,N-winter,0.25,train,0.38349513546643077,False
sample_09365.jpg,SRC_109,50.0,180.0,54.137665,N-summer,0.25,validation,0.4135104197927021,False
sample_09366.jpg,SRC_169,40.0,180.0,48.615664,N-summer,0.25,validation,0.38094632928881667,False
sample_09367.jpg,SRC_091,-40.0,180.0,72.511342,N-summer,0.5,train,0.5078240942147934,False
sample_09368.jpg,SRC_158,-5.0,180.0,35.954137,N-winter,0.25,train,0.4970799353223791,False
sample_09369.jpg,SRC_074,0.0,180.0,50.25459,N-spring,0.5,train,0.48284269667028834,False
sample_09370.jpg,SRC_166,90.0,0.0,60.094207,N-spring,0.5,train,0.48505291640585024,False
sample_09371.jpg,SRC_115,25.0,180.0,41.8845,N-spring,0.25,train,0.42259997477895084,False
sample_09372.jpg,SRC_040,90.0,0.0,57.651744,N-spring,0.5,validation,0.4980010193554203,False
sample_09373.jpg,SRC_028,10.0,180.0,42.894848,N-spring,0.25,calibration,0.4727675153580737,False
sample_09374.jpg,SRC_078,15.0,180.0,40.437008,N-spring,0.25,train,0.3975000454287878,False
sample_09375.jpg,SRC_013,50.0,180.0,54.051464,N-spring,0.5,train,0.3862493644418564,False
sample_09376.jpg,SRC_141,-10.0,180.0,55.206291,N-spring,0.25,train,0.3703249484204954,False
sample_09377.jpg,SRC_097,0.0,180.0,35.318175,N-winter,0.25,train,0.3840031381531313,False
sample_09378.jpg,SRC_108,-40.0,180.0,68.856247,N-summer,0.5,validation,0.3974316168703167,False
sample_09379.jpg,SRC_027,35.0,180.0,41.369436,N-spring,0.5,calibration,0.3863059102826636,False
sample_09380.jpg,SRC_078,15.0,180.0,40.437008,N-spring,0.25,train,0.4372276073656224,False
sample_09381.jpg,SRC_159,20.0,180.0,67.076816,N-autumn,0.25,train,0.3892917702197969,False
sample_09382.jpg,SRC_112,-30.0,180.0,67.516648,N-spring,0.5,train,0.4055368857728975,False
sample_09383.jpg,SRC_111,-35.0,180.0,79.069883,N-spring,1.0,train,0.5332694361257972,False
sample_09384.jpg,SRC_158,-5.0,180.0,35.954137,N-winter,0.25,train,0.4734043557931728,False
sample_09385.jpg,SRC_117,-90.0,0.0,60.317034,N-winter,0.25,train,0.43865188041602454,False
sample_09386.jpg,SRC_100,20.0,180.0,41.506528,N-spring,0.25,train,0.3900285520705743,False
sample_09387.jpg,SRC_030,-25.0,180.0,67.936804,N-spring,0.5,train,0.39063933710749454,False
sample_09388.jpg,SRC_161,5.0,180.0,52.294471,N-summer,0.25,calibration,0.45966429301462186,False
sample_09389.jpg,SRC_165,10.0,180.0,42.451267,N-winter,0.25,calibration,0.3941719720181019,False
sample_09390.jpg,SRC_157,40.0,180.0,44.22455,N-summer,0.25,train,0.36754934795685584,False
sample_09391.jpg,SRC_094,20.0,180.0,66.934532,N-autumn,0.25,train,0.38601492366426027,False
sample_09392.jpg,SRC_048,-25.0,180.0,61.920556,N-autumn,0.25,train,0.45771862546045095,False
sample_09393.jpg,SRC_049,5.0,180.0,42.94902,N-spring,0.25,train,0.4748431364157536,False
sample_09394.jpg,SRC_094,20.0,180.0,66.934532,N-autumn,0.25,train,0.4728163523491012,False
sample_09395.jpg,SRC_156,10.0,180.0,48.737382,N-summer,0.25,train,0.5119322086512602,False
sample_09396.jpg,SRC_030,-25.0,180.0,67.936804,N-spring,0.5,train,0.3727998598409704,False
sample_09397.jpg,SRC_157,40.0,180.0,44.22455,N-summer,0.25,train,0.36853189584163604,False
sample_09398.jpg,SRC_133,-10.0,180.0,48.887369,N-spring,0.5,calibration,0.3978213165822361,False
sample_09399.jpg,SRC_104,25.0,180.0,45.102036,N-summer,0.5,calibration,0.5044560918198318,False
sample_09400.jpg,SRC_170,-20.0,180.0,56.332579,N-autumn,0.25,train,0.4105457367001598,False
sample_09401.jpg,SRC_108,-40.0,180.0,68.856247,N-summer,0.5,validation,0.48209835388695643,False
sample_09402.jpg,SRC_055,-5.0,180.0,57.335076,N-spring,0.25,train,0.4247501317847096,False
sample_09403.jpg,SRC_151,-15.0,180.0,63.408071,N-summer,0.5,train,0.4899833484552817,False
sample_09404.jpg,SRC_004,30.0,180.0,61.107468,N-autumn,0.5,train,0.3858748922263996,False
sample_09405.jpg,SRC_031,-90.0,0.0,62.684336,N-winter,0.5,train,0.4728781668498557,False
sample_09406.jpg,SRC_003,0.0,180.0,38.090051,N-spring,0.25,train,0.3966513178280521,False
sample_09407.jpg,SRC_074,0.0,180.0,50.25459,N-spring,0.5,train,0.38897971512065366,False
sample_09408.jpg,SRC_159,20.0,180.0,67.076816,N-autumn,0.25,train,0.5143108593616719,False
sample_09409.jpg,SRC_087,0.0,180.0,54.65824,N-summer,0.25,train,0.39243902982027273,False
sample_09410.jpg,SRC_144,-35.0,180.0,76.731052,N-spring,0.5,train,0.4232429384615384,False
sample_09411.jpg,SRC_144,-35.0,180.0,76.731052,N-spring,0.5,train,0.41918860837838245,False
sample_09412.jpg,SRC_004,30.0,180.0,61.107468,N-autumn,0.5,train,0.38384793063637046,False
sample_09413.jpg,SRC_096,25.0,180.0,40.422288,N-spring,0.25,calibration,0.3871811137447158,False
sample_09414.jpg,SRC_153,-40.0,180.0,43.960452,N-autumn,0.25,train,0.3835274859391819,False
sample_09415.jpg,SRC_020,35.0,180.0,42.075965,N-summer,0.25,train,0.41291953174821155,False
sample_09416.jpg,SRC_140,35.0,180.0,44.85556,N-spring,0.25,validation,0.42453365147887023,False
sample_09417.jpg,SRC_099,15.0,180.0,42.024472,N-spring,0.5,train,0.3833620203641721,False
sample_09418.jpg,SRC_076,25.0,180.0,63.632584,N-autumn,0.25,validation,0.5071073198797844,False
sample_09419.jpg,SRC_030,-25.0,180.0,67.936804,N-spring,0.5,train,0.3873345183336455,False
sample_09420.jpg,SRC_020,35.0,180.0,42.075965,N-summer,0.25,train,0.4122628095364559,False
sample_09421.jpg,SRC_069,25.0,180.0,48.120522,N-summer,0.5,train,0.4547893164152884,False
sample_09422.jpg,SRC_127,-35.0,180.0,47.507974,N-autumn,0.5,train,0.37660326644784686,False
sample_09423.jpg,SRC_169,40.0,180.0,48.615664,N-summer,0.25,validation,0.3844048935715782,False
sample_09424.jpg,SRC_006,-15.0,180.0,65.638079,N-spring,0.5,train,0.3881017848290466,False
sample_09425.jpg,SRC_114,-10.0,180.0,58.176498,N-autumn,0.5,calibration,0.5011230517079335,False
sample_09426.jpg,SRC_009,-25.0,180.0,73.827745,N-spring,0.5,train,0.39419196084972674,False
sample_09427.jpg,SRC_022,20.0,180.0,41.513642,N-spring,0.25,train,0.5045700682668908,False
sample_09428.jpg,SRC_059,15.0,180.0,48.046698,N-summer,0.25,train,0.4294025229899782,False
sample_09429.jpg,SRC_063,25.0,180.0,41.329237,N-spring,0.25,train,0.49013658168249563,False
sample_09430.jpg,SRC_092,5.0,180.0,57.429528,N-autumn,0.25,validation,0.48066013955955345,False
sample_09431.jpg,SRC_049,5.0,180.0,42.94902,N-spring,0.25,train,0.4574732511206824,False
sample_09432.jpg,SRC_022,20.0,180.0,41.513642,N-spring,0.25,train,0.38205829030993366,False
sample_09433.jpg,SRC_112,-30.0,180.0,67.516648,N-spring,0.5,train,0.3951190952787349,False
sample_09434.jpg,SRC_041,15.0,180.0,46.712049,N-summer,0.25,calibration,0.4024992385691847,False
sample_09435.jpg,SRC_123,0.0,180.0,54.598149,N-autumn,0.5,train,0.4460427966937064,False
sample_09436.jpg,SRC_124,0.0,180.0,51.928413,N-summer,0.25,train,0.42418034390283693,False
sample_09437.jpg,SRC_006,-15.0,180.0,65.638079,N-spring,0.5,train,0.37479730843939113,False
sample_09438.jpg,SRC_164,20.0,180.0,59.226879,N-autumn,0.25,train,0.5229804682353318,False
sample_09439.jpg,SRC_049,5.0,180.0,42.94902,N-spring,0.25,train,0.5177670353464491,False
sample_09440.jpg,SRC_013,50.0,180.0,54.051464,N-spring,0.5,train,0.4187404832409761,False
sample_09441.jpg,SRC_165,10.0,180.0,42.451267,N-winter,0.25,calibration,0.42945193305665585,False
sample_09442.jpg,SRC_092,5.0,180.0,57.429528,N-autumn,0.25,validation,0.38895184655579074,False
sample_09443.jpg,SRC_127,-35.0,180.0,47.507974,N-autumn,0.5,train,0.3862393373314509,False
sample_09444.jpg,SRC_055,-5.0,180.0,57.335076,N-spring,0.25,train,0.428310098206759,False
sample_09445.jpg,SRC_103,-35.0,180.0,57.090396,N-autumn,0.25,train,0.39372010255709194,False
sample_09446.jpg,SRC_042,10.0,180.0,36.92431,N-spring,0.5,train,0.4000473677265498,False
sample_09447.jpg,SRC_115,25.0,180.0,41.8845,N-spring,0.25,train,0.4020025691121063,False
sample_09448.jpg,SRC_165,10.0,180.0,42.451267,N-winter,0.25,calibration,0.4248493120982001,False
sample_09449.jpg,SRC_097,0.0,180.0,35.318175,N-winter,0.25,train,0.40727502124342,False
sample_09450.jpg,SRC_124,0.0,180.0,51.928413,N-summer,0.25,train,0.3864243371173196,False
sample_09451.jpg,SRC_158,-5.0,180.0,35.954137,N-winter,0.25,train,0.3960985143761172,False
sample_09452.jpg,SRC_040,90.0,0.0,57.651744,N-spring,0.5,validation,0.3916858554637256,False
sample_09453.jpg,SRC_032,-5.0,180.0,52.490186,N-spring,0.25,train,0.5157960121386033,False
sample_09454.jpg,SRC_062,45.0,180.0,81.508965,N-autumn,0.5,train,0.5057268069066936,False
sample_09455.jpg,SRC_026,90.0,0.0,57.238404,N-spring,0.25,train,0.4956255560473853,False
sample_09456.jpg,SRC_103,-35.0,180.0,57.090396,N-autumn,0.25,train,0.39127851266684976,False
sample_09457.jpg,SRC_158,-5.0,180.0,35.954137,N-winter,0.25,train,0.47978762377126605,False
sample_09458.jpg,SRC_092,5.0,180.0,57.429528,N-autumn,0.25,validation,0.401782325392651,False
sample_09459.jpg,SRC_106,25.0,180.0,40.638999,N-spring,0.5,validation,0.5069321836500187,False
sample_09460.jpg,SRC_074,0.0,180.0,50.25459,N-spring,0.5,train,0.39776688579728364,False
sample_09461.jpg,SRC_041,15.0,180.0,46.712049,N-summer,0.25,calibration,0.3827874724685455,False
sample_09462.jpg,SRC_115,25.0,180.0,41.8845,N-spring,0.25,train,0.41059472898174487,False
sample_09463.jpg,SRC_013,50.0,180.0,54.051464,N-spring,0.5,train,0.5048276526242321,False
sample_09464.jpg,SRC_092,5.0,180.0,57.429528,N-autumn,0.25,validation,0.40853328979322523,False
sample_09465.jpg,SRC_065,30.0,180.0,68.700871,N-winter,0.5,validation,0.44816012251266935,False
sample_09466.jpg,SRC_015,20.0,180.0,46.484204,N-summer,0.25,train,0.48174139840274977,False
sample_09467.jpg,SRC_169,40.0,180.0,48.615664,N-summer,0.25,validation,0.37930720881160623,False
sample_09468.jpg,SRC_027,35.0,180.0,41.369436,N-spring,0.5,calibration,0.42963030688013487,False
sample_09469.jpg,SRC_022,20.0,180.0,41.513642,N-spring,0.25,train,0.41160821676248727,False
sample_09470.jpg,SRC_156,10.0,180.0,48.737382,N-summer,0.25,train,0.39652584748840763,False
sample_09471.jpg,SRC_016,10.0,180.0,55.552023,N-winter,0.5,train,0.3849041630648077,False
sample_09472.jpg,SRC_040,90.0,0.0,57.651744,N-spring,0.5,validation,0.4662107190869492,False
sample_09473.jpg,SRC_121,25.0,180.0,67.446292,N-autumn,0.5,validation,0.39606919121978534,False
sample_09474.jpg,SRC_103,-35.0,180.0,57.090396,N-autumn,0.25,train,0.39205062746530384,False
sample_09475.jpg,SRC_089,10.0,180.0,48.442522,N-winter,0.25,validation,0.39291866332334235,False
sample_09476.jpg,SRC_021,-90.0,0.0,68.040851,N-autumn,0.5,calibration,0.38864532048647243,False
sample_09477.jpg,SRC_057,-5.0,180.0,57.599617,N-summer,0.25,train,0.37588920374689894,False
sample_09478.jpg,SRC_003,0.0,180.0,38.090051,N-spring,0.25,train,0.3830257646914223,False
sample_09479.jpg,SRC_114,-10.0,180.0,58.176498,N-autumn,0.5,calibration,0.39374676700075034,False
sample_09480.jpg,SRC_146,10.0,180.0,58.0428,N-summer,0.5,validation,0.43929986939351473,False
sample_09481.jpg,SRC_141,-10.0,180.0,55.206291,N-spring,0.25,train,0.384192115927787,False
sample_09482.jpg,SRC_108,-40.0,180.0,68.856247,N-summer,0.5,validation,0.47075982042226877,False
sample_09483.jpg,SRC_169,40.0,180.0,48.615664,N-summer,0.25,validation,0.36979315393075174,False
sample_09484.jpg,SRC_036,5.0,180.0,52.749586,N-summer,0.25,train,0.4300829369460376,False
sample_09485.jpg,SRC_093,-25.0,180.0,43.343655,N-autumn,0.5,calibration,0.3739734342082439,False
sample_09486.jpg,SRC_041,15.0,180.0,46.712049,N-summer,0.25,calibration,0.3738680365783704,False
sample_09487.jpg,SRC_114,-10.0,180.0,58.176498,N-autumn,0.5,calibration,0.38708100060244965,False
sample_09488.jpg,SRC_024,10.0,180.0,53.725813,N-summer,0.25,calibration,0.3927699808993464,False
sample_09489.jpg,SRC_134,-30.0,180.0,69.607895,N-spring,0.5,train,0.36962467689393463,False
sample_09490.jpg,SRC_046,0.0,180.0,58.061031,N-autumn,0.25,validation,0.3905140814092821,False
sample_09491.jpg,SRC_095,-20.0,180.0,56.495654,N-spring,0.5,train,0.3964171615861665,False
sample_09492.jpg,SRC_043,10.0,180.0,50.433279,N-summer,0.5,calibration,0.3797049211372971,False
sample_09493.jpg,SRC_156,10.0,180.0,48.737382,N-summer,0.25,train,0.38879804487911984,False
sample_09494.jpg,SRC_004,30.0,180.0,61.107468,N-autumn,0.5,train,0.3793068643783516,False
sample_09495.jpg,SRC_096,25.0,180.0,40.422288,N-spring,0.25,calibration,0.4019768912219452,False
sample_09496.jpg,SRC_005,0.0,180.0,55.846781,N-summer,0.5,calibration,0.38762325244998685,False
sample_09497.jpg,SRC_069,25.0,180.0,48.120522,N-summer,0.5,train,0.509539419349937,False
sample_09498.jpg,SRC_067,-15.0,180.0,64.724247,N-spring,0.5,calibration,0.501076234712152,False
sample_09499.jpg,SRC_083,0.0,180.0,55.378885,N-spring,0.25,train,0.3914681873345522,False
sample_09500.jpg,SRC_133,-10.0,180.0,48.887369,N-spring,0.5,calibration,0.41500160161225974,False
sample_09501.jpg,SRC_037,15.0,180.0,44.468297,N-spring,0.25,calibration,0.5161270472547445,False
sample_09502.jpg,SRC_021,-90.0,0.0,68.040851,N-autumn,0.5,calibration,0.4758589772956646,False
sample_09503.jpg,SRC_144,-35.0,180.0,76.731052,N-spring,0.5,train,0.4494395191964671,False
sample_09504.jpg,SRC_040,90.0,0.0,57.651744,N-spring,0.5,validation,0.40678327006932735,False
sample_09505.jpg,SRC_066,-10.0,180.0,61.81065,N-summer,0.5,validation,0.38209203303622497,False
sample_09506.jpg,SRC_106,25.0,180.0,40.638999,N-spring,0.5,validation,0.4470809479704968,False
sample_09507.jpg,SRC_009,-25.0,180.0,73.827745,N-spring,0.5,train,0.4082418171923914,False
sample_09508.jpg,SRC_052,5.0,180.0,51.705435,N-summer,0.25,train,0.4585723961391814,False
sample_09509.jpg,SRC_056,-40.0,180.0,74.660587,N-summer,0.5,train,0.4835229693052397,False
sample_09510.jpg,SRC_004,30.0,180.0,61.107468,N-autumn,0.5,train,0.373647574381167,False
sample_09511.jpg,SRC_063,25.0,180.0,41.329237,N-spring,0.25,train,0.36910107596119845,False
sample_09512.jpg,SRC_020,35.0,180.0,42.075965,N-summer,0.25,train,0.4164863888661777,False
sample_09513.jpg,SRC_111,-35.0,180.0,79.069883,N-spring,1.0,train,0.4921820405936301,False
sample_09514.jpg,SRC_130,25.0,180.0,37.507656,N-spring,0.25,validation,0.5018743035122363,False
sample_09515.jpg,SRC_004,30.0,180.0,61.107468,N-autumn,0.5,train,0.3923911497371154,False
sample_09516.jpg,SRC_069,25.0,180.0,48.120522,N-summer,0.5,train,0.4477261911107739,False
sample_09517.jpg,SRC_126,-20.0,180.0,68.779144,N-summer,0.5,train,0.5219149376263834,False
sample_09518.jpg,SRC_095,-20.0,180.0,56.495654,N-spring,0.5,train,0.4841977982162943,False
sample_09519.jpg,SRC_112,-30.0,180.0,67.516648,N-spring,0.5,train,0.5025938380907898,False
sample_09520.jpg,SRC_075,-90.0,0.0,65.329336,N-winter,0.25,train,0.37197602035068134,False
sample_09521.jpg,SRC_084,-10.0,180.0,58.957849,N-summer,0.25,train,0.4135613831305596,False
sample_09522.jpg,SRC_103,-35.0,180.0,57.090396,N-autumn,0.25,train,0.4198438196787704,False
sample_09523.jpg,SRC_099,15.0,180.0,42.024472,N-spring,0.5,train,0.46060464670816614,False
sample_09524.jpg,SRC_133,-10.0,180.0,48.887369,N-spring,0.5,calibration,0.508874755308651,False
sample_09525.jpg,SRC_052,5.0,180.0,51.705435,N-summer,0.25,train,0.4520340114331507,False
sample_09526.jpg,SRC_007,20.0,180.0,49.485932,N-winter,0.25,validation,0.3917667584631684,False
sample_09527.jpg,SRC_084,-10.0,180.0,58.957849,N-summer,0.25,train,0.3863132282393592,False
sample_09528.jpg,SRC_133,-10.0,180.0,48.887369,N-spring,0.5,calibration,0.41506794937175595,False
sample_09529.jpg,SRC_088,0.0,180.0,53.004483,N-summer,0.25,train,0.41277228372857333,False
sample_09530.jpg,SRC_050,0.0,180.0,53.680047,N-summer,0.25,calibration,0.40097255245825203,False
sample_09531.jpg,SRC_093,-25.0,180.0,43.343655,N-autumn,0.5,calibration,0.391105306599263,False
sample_09532.jpg,SRC_005,0.0,180.0,55.846781,N-summer,0.5,calibration,0.38689748274071684,False
sample_09533.jpg,SRC_157,40.0,180.0,44.22455,N-summer,0.25,train,0.368848030333814,False
sample_09534.jpg,SRC_061,50.0,180.0,43.110277,N-spring,0.5,train,0.4962916349762792,False
sample_09535.jpg,SRC_103,-35.0,180.0,57.090396,N-autumn,0.25,train,0.3982421964918473,False
sample_09536.jpg,SRC_133,-10.0,180.0,48.887369,N-spring,0.5,calibration,0.41072982702312955,False
sample_09537.jpg,SRC_004,30.0,180.0,61.107468,N-autumn,0.5,train,0.3805841210565589,False
sample_09538.jpg,SRC_118,35.0,180.0,49.493581,N-summer,0.25,validation,0.3893827878401613,False
sample_09539.jpg,SRC_001,-5.0,180.0,51.987197,N-spring,0.5,calibration,0.40539626171679694,False
sample_09540.jpg,SRC_126,-20.0,180.0,68.779144,N-summer,0.5,train,0.47185900957894633,False
sample_09541.jpg,SRC_127,-35.0,180.0,47.507974,N-autumn,0.5,train,0.3798476995138022,False
sample_09542.jpg,SRC_046,0.0,180.0,58.061031,N-autumn,0.25,validation,0.3903841898120941,False
sample_09543.jpg,SRC_094,20.0,180.0,66.934532,N-autumn,0.25,train,0.5309167990101941,False
sample_09544.jpg,SRC_008,25.0,180.0,61.005891,N-autumn,0.25,train,0.38668232925234236,False
sample_09545.jpg,SRC_030,-25.0,180.0,67.936804,N-spring,0.5,train,0.49961903288222753,False
sample_09546.jpg,SRC_081,-90.0,0.0,74.772433,N-autumn,0.25,train,0.502173059187804,False
sample_09547.jpg,SRC_030,-25.0,180.0,67.936804,N-spring,0.5,train,0.374771393687743,False
sample_09548.jpg,SRC_051,20.0,180.0,63.609319,N-autumn,0.5,train,0.46423782942822384,False
sample_09549.jpg,SRC_115,25.0,180.0,41.8845,N-spring,0.25,train,0.406749982864168,False
sample_09550.jpg,SRC_164,20.0,180.0,59.226879,N-autumn,0.25,train,0.5380860376244907,False
sample_09551.jpg,SRC_014,-40.0,180.0,38.480327,N-winter,0.25,calibration,0.3888854032888659,False
sample_09552.jpg,SRC_041,15.0,180.0,46.712049,N-summer,0.25,calibration,0.3692493322581985,False
sample_09553.jpg,SRC_145,-5.0,180.0,52.15166,N-spring,0.25,train,0.5038286299338712,False
sample_09554.jpg,SRC_153,-40.0,180.0,43.960452,N-autumn,0.25,train,0.3996831559949444,False
sample_09555.jpg,SRC_056,-40.0,180.0,74.660587,N-summer,0.5,train,0.3779135704475125,False
sample_09556.jpg,SRC_146,10.0,180.0,58.0428,N-summer,0.5,validation,0.515266697023709,False
sample_09557.jpg,SRC_030,-25.0,180.0,67.936804,N-spring,0.5,train,0.38343471411140584,False
sample_09558.jpg,SRC_041,15.0,180.0,46.712049,N-summer,0.25,calibration,0.44403339770237976,False
sample_09559.jpg,SRC_153,-40.0,180.0,43.960452,N-autumn,0.25,train,0.4043175659801837,False
sample_09560.jpg,SRC_157,40.0,180.0,44.22455,N-summer,0.25,train,0.3750962184236698,False
sample_09561.jpg,SRC_024,10.0,180.0,53.725813,N-summer,0.25,calibration,0.4559902550746789,False
sample_09562.jpg,SRC_036,5.0,180.0,52.749586,N-summer,0.25,train,0.4057499549672062,False
sample_09563.jpg,SRC_142,-30.0,180.0,34.276784,N-winter,0.25,train,0.4707119176049117,False
sample_09564.jpg,SRC_013,50.0,180.0,54.051464,N-spring,0.5,train,0.38965673535401885,False
sample_09565.jpg,SRC_005,0.0,180.0,55.846781,N-summer,0.5,calibration,0.4734633013921717,False
sample_09566.jpg,SRC_041,15.0,180.0,46.712049,N-summer,0.25,calibration,0.50955615828926,False
sample_09567.jpg,SRC_094,20.0,180.0,66.934532,N-autumn,0.25,train,0.3865815642064807,False
sample_09568.jpg,SRC_055,-5.0,180.0,57.335076,N-spring,0.25,train,0.4015605069801566,False
sample_09569.jpg,SRC_051,20.0,180.0,63.609319,N-autumn,0.5,train,0.4002882021064284,False
sample_09570.jpg,SRC_106,25.0,180.0,40.638999,N-spring,0.5,validation,0.501167829673817,False
sample_09571.jpg,SRC_150,10.0,180.0,50.798821,N-summer,0.5,train,0.39892817011777354,False
sample_09572.jpg,SRC_041,15.0,180.0,46.712049,N-summer,0.25,calibration,0.38946171204063557,False
sample_09573.jpg,SRC_069,25.0,180.0,48.120522,N-summer,0.5,train,0.41822844265627906,False
sample_09574.jpg,SRC_108,-40.0,180.0,68.856247,N-summer,0.5,validation,0.38288723274672554,False
sample_09575.jpg,SRC_002,40.0,180.0,45.868768,N-summer,0.25,train,0.3674147821038779,False
sample_09576.jpg,SRC_109,50.0,180.0,54.137665,N-summer,0.25,validation,0.38358090071720813,False
sample_09577.jpg,SRC_093,-25.0,180.0,43.343655,N-autumn,0.5,calibration,0.38853401560093814,False
sample_09578.jpg,SRC_141,-10.0,180.0,55.206291,N-spring,0.25,train,0.37200480961898263,False
sample_09579.jpg,SRC_121,25.0,180.0,67.446292,N-autumn,0.5,validation,0.39432665549033974,False
sample_09580.jpg,SRC_135,5.0,180.0,41.328761,N-winter,0.5,train,0.4940040629242627,False
sample_09581.jpg,SRC_131,10.0,180.0,60.540464,N-autumn,0.5,train,0.5269049731255575,False
sample_09582.jpg,SRC_064,90.0,0.0,60.573524,N-spring,0.25,train,0.4751137891419913,False
sample_09583.jpg,SRC_104,25.0,180.0,45.102036,N-summer,0.5,calibration,0.4907782439467699,False
sample_09584.jpg,SRC_126,-20.0,180.0,68.779144,N-summer,0.5,train,0.5183539009356827,False
sample_09585.jpg,SRC_129,20.0,180.0,41.057252,N-spring,0.25,train,0.48928376272849033,False
sample_09586.jpg,SRC_131,10.0,180.0,60.540464,N-autumn,0.5,train,0.49430528150484526,False
sample_09587.jpg,SRC_011,-20.0,180.0,70.371153,N-summer,0.25,train,0.395486735256045,False
sample_09588.jpg,SRC_089,10.0,180.0,48.442522,N-winter,0.25,validation,0.40333555591005965,False
sample_09589.jpg,SRC_108,-40.0,180.0,68.856247,N-summer,0.5,validation,0.4139493375757926,False
sample_09590.jpg,SRC_112,-30.0,180.0,67.516648,N-spring,0.5,train,0.39610727033957766,False
sample_09591.jpg,SRC_113,-35.0,180.0,36.668707,N-winter,0.25,train,0.4156863200857372,False
sample_09592.jpg,SRC_068,0.0,180.0,56.216196,N-summer,0.25,train,0.37682160245007085,False
sample_09593.jpg,SRC_005,0.0,180.0,55.846781,N-summer,0.5,calibration,0.47448815398689825,False
sample_09594.jpg,SRC_127,-35.0,180.0,47.507974,N-autumn,0.5,train,0.4014981265124641,False
sample_09595.jpg,SRC_071,20.0,180.0,40.070501,N-spring,0.25,train,0.4238577059738448,False
sample_09596.jpg,SRC_129,20.0,180.0,41.057252,N-spring,0.25,train,0.5122582577757718,False
sample_09597.jpg,SRC_125,-5.0,180.0,52.428603,N-spring,0.25,train,0.4399310617989041,False
sample_09598.jpg,SRC_158,-5.0,180.0,35.954137,N-winter,0.25,train,0.38971309140943006,False
sample_09599.jpg,SRC_134,-30.0,180.0,69.607895,N-spring,0.5,train,0.40529199779180536,False
sample_09600.jpg,SRC_164,20.0,180.0,59.226879,N-autumn,0.25,train,0.4972044124455395,False
sample_09601.jpg,SRC_049,5.0,180.0,42.94902,N-spring,0.25,train,0.5173587515835595,False
sample_09602.jpg,SRC_022,20.0,180.0,41.513642,N-spring,0.25,train,0.44555053837153125,False
sample_09603.jpg,SRC_085,0.0,180.0,39.187341,N-spring,0.25,train,0.4195253337369892,False
sample_09604.jpg,SRC_110,90.0,0.0,59.038071,N-summer,0.25,train,0.4883663698638281,False
sample_09605.jpg,SRC_169,40.0,180.0,48.615664,N-summer,0.25,validation,0.3984868528042808,False
sample_09606.jpg,SRC_076,25.0,180.0,63.632584,N-autumn,0.25,validation,0.38359415045255174,False
sample_09607.jpg,SRC_052,5.0,180.0,51.705435,N-summer,0.25,train,0.5054642627307068,False
sample_09608.jpg,SRC_009,-25.0,180.0,73.827745,N-spring,0.5,train,0.3954417628757116,False
sample_09609.jpg,SRC_169,40.0,180.0,48.615664,N-summer,0.25,validation,0.37628165978796657,False
sample_09610.jpg,SRC_062,45.0,180.0,81.508965,N-autumn,0.5,train,0.43688454840538926,False
sample_09611.jpg,SRC_052,5.0,180.0,51.705435,N-summer,0.25,train,0.3842590006249175,False
sample_09612.jpg,SRC_097,0.0,180.0,35.318175,N-winter,0.25,train,0.4165620398881993,False
sample_09613.jpg,SRC_103,-35.0,180.0,57.090396,N-autumn,0.25,train,0.38556286643238097,False
sample_09614.jpg,SRC_095,-20.0,180.0,56.495654,N-spring,0.5,train,0.4786410099241662,False
sample_09615.jpg,SRC_007,20.0,180.0,49.485932,N-winter,0.25,validation,0.3912802605966215,False
sample_09616.jpg,SRC_076,25.0,180.0,63.632584,N-autumn,0.25,validation,0.3953113230682307,False
sample_09617.jpg,SRC_020,35.0,180.0,42.075965,N-summer,0.25,train,0.37687382526367663,False
sample_09618.jpg,SRC_049,5.0,180.0,42.94902,N-spring,0.25,train,0.476679107307273,False
sample_09619.jpg,SRC_015,20.0,180.0,46.484204,N-summer,0.25,train,0.40137209430517384,False
sample_09620.jpg,SRC_170,-20.0,180.0,56.332579,N-autumn,0.25,train,0.4094590902887535,False
sample_09621.jpg,SRC_054,5.0,180.0,37.41608,N-winter,0.25,calibration,0.42753703634406587,False
sample_09622.jpg,SRC_112,-30.0,180.0,67.516648,N-spring,0.5,train,0.4822078236675959,False
sample_09623.jpg,SRC_027,35.0,180.0,41.369436,N-spring,0.5,calibration,0.5054642269927215,False
sample_09624.jpg,SRC_091,-40.0,180.0,72.511342,N-summer,0.5,train,0.44614575507431714,False
sample_09625.jpg,SRC_103,-35.0,180.0,57.090396,N-autumn,0.25,train,0.4101201797513919,False
sample_09626.jpg,SRC_103,-35.0,180.0,57.090396,N-autumn,0.25,train,0.4841503539865415,False
sample_09627.jpg,SRC_047,0.0,180.0,48.028677,N-spring,0.5,train,0.45370542235677647,False
sample_09628.jpg,SRC_054,5.0,180.0,37.41608,N-winter,0.25,calibration,0.4070967368672947,False
sample_09629.jpg,SRC_096,25.0,180.0,40.422288,N-spring,0.25,calibration,0.4946154755884267,False
sample_09630.jpg,SRC_126,-20.0,180.0,68.779144,N-summer,0.5,train,0.45967592298540927,False
sample_09631.jpg,SRC_134,-30.0,180.0,69.607895,N-spring,0.5,train,0.5273100934171377,False
sample_09632.jpg,SRC_108,-40.0,180.0,68.856247,N-summer,0.5,validation,0.3814920021408663,False
sample_09633.jpg,SRC_115,25.0,180.0,41.8845,N-spring,0.25,train,0.4058723144492794,False
sample_09634.jpg,SRC_091,-40.0,180.0,72.511342,N-summer,0.5,train,0.3843074749452764,False
sample_09635.jpg,SRC_069,25.0,180.0,48.120522,N-summer,0.5,train,0.39961651835966594,False
sample_09636.jpg,SRC_171,-35.0,180.0,63.65778,N-spring,0.25,calibration,0.3855639008759593,False
sample_09637.jpg,SRC_051,20.0,180.0,63.609319,N-autumn,0.5,train,0.40125504390211175,False
sample_09638.jpg,SRC_061,50.0,180.0,43.110277,N-spring,0.5,train,0.38912403113565014,False
sample_09639.jpg,SRC_066,-10.0,180.0,61.81065,N-summer,0.5,validation,0.5022624437254855,False
sample_09640.jpg,SRC_103,-35.0,180.0,57.090396,N-autumn,0.25,train,0.38761881607222715,False
sample_09641.jpg,SRC_171,-35.0,180.0,63.65778,N-spring,0.25,calibration,0.3875287838440172,False
sample_09642.jpg,SRC_048,-25.0,180.0,61.920556,N-autumn,0.25,train,0.38359160788883295,False
sample_09643.jpg,SRC_027,35.0,180.0,41.369436,N-spring,0.5,calibration,0.3932408709877492,False
sample_09644.jpg,SRC_001,-5.0,180.0,51.987197,N-spring,0.5,calibration,0.3865839404175257,False
sample_09645.jpg,SRC_133,-10.0,180.0,48.887369,N-spring,0.5,calibration,0.4132070326705774,False
sample_09646.jpg,SRC_121,25.0,180.0,67.446292,N-autumn,0.5,validation,0.38917859787675047,False
sample_09647.jpg,SRC_143,90.0,0.0,68.916652,N-spring,0.5,validation,0.41802695190533007,False
sample_09648.jpg,SRC_049,5.0,180.0,42.94902,N-spring,0.25,train,0.3934780987829777,False
sample_09649.jpg,SRC_070,60.0,180.0,58.788969,N-summer,0.5,validation,0.464715525565868,False
sample_09650.jpg,SRC_081,-90.0,0.0,74.772433,N-autumn,0.25,train,0.4802766227498506,False
sample_09651.jpg,SRC_161,5.0,180.0,52.294471,N-summer,0.25,calibration,0.40675955355533666,False
sample_09652.jpg,SRC_007,20.0,180.0,49.485932,N-winter,0.25,validation,0.39239594749258055,False
sample_09653.jpg,SRC_021,-90.0,0.0,68.040851,N-autumn,0.5,calibration,0.37104931909846267,False
sample_09654.jpg,SRC_115,25.0,180.0,41.8845,N-spring,0.25,train,0.4323092494984496,False
sample_09655.jpg,SRC_042,10.0,180.0,36.92431,N-spring,0.5,train,0.3739302371760903,False
sample_09656.jpg,SRC_133,-10.0,180.0,48.887369,N-spring,0.5,calibration,0.40132405930665255,False
sample_09657.jpg,SRC_111,-35.0,180.0,79.069883,N-spring,1.0,train,0.43155349927472086,False
sample_09658.jpg,SRC_096,25.0,180.0,40.422288,N-spring,0.25,calibration,0.39520441877382245,False
sample_09659.jpg,SRC_091,-40.0,180.0,72.511342,N-summer,0.5,train,0.38243460750186786,False
sample_09660.jpg,SRC_028,10.0,180.0,42.894848,N-spring,0.25,calibration,0.5131540323942346,False
sample_09661.jpg,SRC_030,-25.0,180.0,67.936804,N-spring,0.5,train,0.4076035031084911,False
sample_09662.jpg,SRC_112,-30.0,180.0,67.516648,N-spring,0.5,train,0.4527855008785173,False
sample_09663.jpg,SRC_131,10.0,180.0,60.540464,N-autumn,0.5,train,0.38600977922598756,False
sample_09664.jpg,SRC_013,50.0,180.0,54.051464,N-spring,0.5,train,0.3860580934860228,False
sample_09665.jpg,SRC_076,25.0,180.0,63.632584,N-autumn,0.25,validation,0.39712764868640893,False
sample_09666.jpg,SRC_101,5.0,180.0,48.479381,N-winter,0.25,validation,0.4371847145591891,False
sample_09667.jpg,SRC_069,25.0,180.0,48.120522,N-summer,0.5,train,0.4553932347653261,False
sample_09668.jpg,SRC_138,25.0,180.0,44.714676,N-summer,0.25,train,0.41291333321612295,False
sample_09669.jpg,SRC_158,-5.0,180.0,35.954137,N-winter,0.25,train,0.39059867444160057,False
sample_09670.jpg,SRC_028,10.0,180.0,42.894848,N-spring,0.25,calibration,0.38293256630267025,False
sample_09671.jpg,SRC_027,35.0,180.0,41.369436,N-spring,0.5,calibration,0.38266012338820565,False
sample_09672.jpg,SRC_085,0.0,180.0,39.187341,N-spring,0.25,train,0.5130896045350924,False
sample_09673.jpg,SRC_130,25.0,180.0,37.507656,N-spring,0.25,validation,0.45737226622161026,False
sample_09674.jpg,SRC_116,5.0,180.0,41.203028,N-spring,0.25,calibration,0.4951043715272678,False
sample_09675.jpg,SRC_096,25.0,180.0,40.422288,N-spring,0.25,calibration,0.39254248496632904,False
sample_09676.jpg,SRC_156,10.0,180.0,48.737382,N-summer,0.25,train,0.3993314438156606,False
sample_09677.jpg,SRC_082,-10.0,180.0,60.444036,N-spring,0.25,train,0.382450415308051,False
sample_09678.jpg,SRC_088,0.0,180.0,53.004483,N-summer,0.25,train,0.4026915122207419,False
sample_09679.jpg,SRC_050,0.0,180.0,53.680047,N-summer,0.25,calibration,0.48527843345134275,False
sample_09680.jpg,SRC_158,-5.0,180.0,35.954137,N-winter,0.25,train,0.38066224057102194,False
sample_09681.jpg,SRC_127,-35.0,180.0,47.507974,N-autumn,0.5,train,0.3857870216657597,False
sample_09682.jpg,SRC_065,30.0,180.0,68.700871,N-winter,0.5,validation,0.44301985703513624,False
sample_09683.jpg,SRC_014,-40.0,180.0,38.480327,N-winter,0.25,calibration,0.3837329292043976,False
sample_09684.jpg,SRC_095,-20.0,180.0,56.495654,N-spring,0.5,train,0.37934713411921583,False
sample_09685.jpg,SRC_006,-15.0,180.0,65.638079,N-spring,0.5,train,0.43798413919910806,False
sample_09686.jpg,SRC_013,50.0,180.0,54.051464,N-spring,0.5,train,0.378981698414541,False
sample_09687.jpg,SRC_169,40.0,180.0,48.615664,N-summer,0.25,validation,0.37313026260130444,False
sample_09688.jpg,SRC_016,10.0,180.0,55.552023,N-winter,0.5,train,0.4051557884425371,False
sample_09689.jpg,SRC_171,-35.0,180.0,63.65778,N-spring,0.25,calibration,0.508468142979841,False
sample_09690.jpg,SRC_004,30.0,180.0,61.107468,N-autumn,0.5,train,0.47541397639570226,False
sample_09691.jpg,SRC_036,5.0,180.0,52.749586,N-summer,0.25,train,0.3763893591581458,False
sample_09692.jpg,SRC_146,10.0,180.0,58.0428,N-summer,0.5,validation,0.3894334686568651,False
sample_09693.jpg,SRC_009,-25.0,180.0,73.827745,N-spring,0.5,train,0.3848760383006028,False
sample_09694.jpg,SRC_112,-30.0,180.0,67.516648,N-spring,0.5,train,0.39480296434096196,False
sample_09695.jpg,SRC_076,25.0,180.0,63.632584,N-autumn,0.25,validation,0.40315279283070604,False
sample_09696.jpg,SRC_111,-35.0,180.0,79.069883,N-spring,1.0,train,0.4434701246442813,False
sample_09697.jpg,SRC_042,10.0,180.0,36.92431,N-spring,0.5,train,0.3903016668529158,False
sample_09698.jpg,SRC_030,-25.0,180.0,67.936804,N-spring,0.5,train,0.4182775832827964,False
sample_09699.jpg,SRC_142,-30.0,180.0,34.276784,N-winter,0.25,train,0.4156042048343645,False
sample_09700.jpg,SRC_084,-10.0,180.0,58.957849,N-summer,0.25,train,0.38199125638352416,False
sample_09701.jpg,SRC_038,-15.0,180.0,32.097448,N-winter,0.25,validation,0.41988095746613247,False
sample_09702.jpg,SRC_094,20.0,180.0,66.934532,N-autumn,0.25,train,0.44412205277989936,False
sample_09703.jpg,SRC_059,15.0,180.0,48.046698,N-summer,0.25,train,0.39399750255723387,False
sample_09704.jpg,SRC_096,25.0,180.0,40.422288,N-spring,0.25,calibration,0.3763833608758897,False
sample_09705.jpg,SRC_004,30.0,180.0,61.107468,N-autumn,0.5,train,0.39421297977752007,False
sample_09706.jpg,SRC_018,-90.0,0.0,67.882485,N-winter,0.25,train,0.3881205540073604,False
sample_09707.jpg,SRC_159,20.0,180.0,67.076816,N-autumn,0.25,train,0.4975727955294694,False
sample_09708.jpg,SRC_145,-5.0,180.0,52.15166,N-spring,0.25,train,0.3983244408905667,False
sample_09709.jpg,SRC_030,-25.0,180.0,67.936804,N-spring,0.5,train,0.4738230393935183,False
sample_09710.jpg,SRC_169,40.0,180.0,48.615664,N-summer,0.25,validation,0.5064561532624932,False
sample_09711.jpg,SRC_103,-35.0,180.0,57.090396,N-autumn,0.25,train,0.3954646428451622,False
sample_09712.jpg,SRC_016,10.0,180.0,55.552023,N-winter,0.5,train,0.3876124714666155,False
sample_09713.jpg,SRC_154,0.0,180.0,54.770875,N-summer,0.5,train,0.534958510720949,False
sample_09714.jpg,SRC_011,-20.0,180.0,70.371153,N-summer,0.25,train,0.40057695792301057,False
sample_09715.jpg,SRC_111,-35.0,180.0,79.069883,N-spring,1.0,train,0.49427140420504206,False
sample_09716.jpg,SRC_037,15.0,180.0,44.468297,N-spring,0.25,calibration,0.3765790197970789,False
sample_09717.jpg,SRC_038,-15.0,180.0,32.097448,N-winter,0.25,validation,0.5217356051873584,False
sample_09718.jpg,SRC_093,-25.0,180.0,43.343655,N-autumn,0.5,calibration,0.5017145121676438,False
sample_09719.jpg,SRC_047,0.0,180.0,48.028677,N-spring,0.5,train,0.45621620663269413,False
sample_09720.jpg,SRC_046,0.0,180.0,58.061031,N-autumn,0.25,validation,0.38347335002398947,False
sample_09721.jpg,SRC_153,-40.0,180.0,43.960452,N-autumn,0.25,train,0.39425962952336513,False
sample_09722.jpg,SRC_027,35.0,180.0,41.369436,N-spring,0.5,calibration,0.5045357583059996,False
sample_09723.jpg,SRC_115,25.0,180.0,41.8845,N-spring,0.25,train,0.4150761436853947,False
sample_09724.jpg,SRC_081,-90.0,0.0,74.772433,N-autumn,0.25,train,0.512648988795487,False
sample_09725.jpg,SRC_016,10.0,180.0,55.552023,N-winter,0.5,train,0.3947472011375375,False
sample_09726.jpg,SRC_091,-40.0,180.0,72.511342,N-summer,0.5,train,0.5029704497122068,False
sample_09727.jpg,SRC_151,-15.0,180.0,63.408071,N-summer,0.5,train,0.39573088697524794,False
sample_09728.jpg,SRC_147,50.0,180.0,51.835813,N-summer,0.25,validation,0.3893451327713906,False
sample_09729.jpg,SRC_035,0.0,180.0,56.990187,N-autumn,0.25,train,0.487541796522458,False
sample_09730.jpg,SRC_070,60.0,180.0,58.788969,N-summer,0.5,validation,0.3888701381801713,False
sample_09731.jpg,SRC_157,40.0,180.0,44.22455,N-summer,0.25,train,0.38224151778954896,False
sample_09732.jpg,SRC_054,5.0,180.0,37.41608,N-winter,0.25,calibration,0.4200449956464526,False
sample_09733.jpg,SRC_164,20.0,180.0,59.226879,N-autumn,0.25,train,0.39517830282326893,False
sample_09734.jpg,SRC_153,-40.0,180.0,43.960452,N-autumn,0.25,train,0.4579851525566677,False
sample_09735.jpg,SRC_052,5.0,180.0,51.705435,N-summer,0.25,train,0.48027035972872767,False
sample_09736.jpg,SRC_108,-40.0,180.0,68.856247,N-summer,0.5,validation,0.40925558903423476,False
sample_09737.jpg,SRC_014,-40.0,180.0,38.480327,N-winter,0.25,calibration,0.36928566587525147,False
sample_09738.jpg,SRC_119,90.0,0.0,58.642683,N-spring,0.25,calibration,0.49509897227382904,False
sample_09739.jpg,SRC_115,25.0,180.0,41.8845,N-spring,0.25,train,0.4134648260872121,False
sample_09740.jpg,SRC_116,5.0,180.0,41.203028,N-spring,0.25,calibration,0.49172047296997057,False
sample_09741.jpg,SRC_108,-40.0,180.0,68.856247,N-summer,0.5,validation,0.3780621119506894,False
sample_09742.jpg,SRC_063,25.0,180.0,41.329237,N-spring,0.25,train,0.37121728558866535,False
sample_09743.jpg,SRC_006,-15.0,180.0,65.638079,N-spring,0.5,train,0.3966815097013314,False
sample_09744.jpg,SRC_042,10.0,180.0,36.92431,N-spring,0.5,train,0.5092999658551293,False
sample_09745.jpg,SRC_159,20.0,180.0,67.076816,N-autumn,0.25,train,0.3872581388217372,False
sample_09746.jpg,SRC_043,10.0,180.0,50.433279,N-summer,0.5,calibration,0.397057267878046,False
sample_09747.jpg,SRC_016,10.0,180.0,55.552023,N-winter,0.5,train,0.5310250564635138,False
sample_09748.jpg,SRC_058,30.0,180.0,69.060883,N-autumn,0.5,train,0.392002921020939,False
sample_09749.jpg,SRC_114,-10.0,180.0,58.176498,N-autumn,0.5,calibration,0.3911718546344256,False
sample_09750.jpg,SRC_108,-40.0,180.0,68.856247,N-summer,0.5,validation,0.4844276529902329,False
sample_09751.jpg,SRC_112,-30.0,180.0,67.516648,N-spring,0.5,train,0.4181915479540687,False
sample_09752.jpg,SRC_036,5.0,180.0,52.749586,N-summer,0.25,train,0.4105792569033386,False
sample_09753.jpg,SRC_097,0.0,180.0,35.318175,N-winter,0.25,train,0.48649130866419277,False
sample_09754.jpg,SRC_096,25.0,180.0,40.422288,N-spring,0.25,calibration,0.4264419207810858,False
sample_09755.jpg,SRC_117,-90.0,0.0,60.317034,N-winter,0.25,train,0.5040662316072283,False
sample_09756.jpg,SRC_100,20.0,180.0,41.506528,N-spring,0.25,train,0.3829327372901562,False
sample_09757.jpg,SRC_029,-5.0,180.0,45.485648,N-autumn,0.25,train,0.4823075078669377,False
sample_09758.jpg,SRC_047,0.0,180.0,48.028677,N-spring,0.5,train,0.4293734738300337,False
sample_09759.jpg,SRC_013,50.0,180.0,54.051464,N-spring,0.5,train,0.3742364154607771,False
sample_09760.jpg,SRC_164,20.0,180.0,59.226879,N-autumn,0.25,train,0.532089682690968,False
sample_09761.jpg,SRC_103,-35.0,180.0,57.090396,N-autumn,0.25,train,0.3914296148315958,False
sample_09762.jpg,SRC_011,-20.0,180.0,70.371153,N-summer,0.25,train,0.3987889007982912,False
sample_09763.jpg,SRC_035,0.0,180.0,56.990187,N-autumn,0.25,train,0.48289243874053833,False
sample_09764.jpg,SRC_153,-40.0,180.0,43.960452,N-autumn,0.25,train,0.4874414471714987,False
sample_09765.jpg,SRC_112,-30.0,180.0,67.516648,N-spring,0.5,train,0.38475218994892224,False
sample_09766.jpg,SRC_151,-15.0,180.0,63.408071,N-summer,0.5,train,0.4042204563379057,False
sample_09767.jpg,SRC_013,50.0,180.0,54.051464,N-spring,0.5,train,0.38140192334117995,False
sample_09768.jpg,SRC_091,-40.0,180.0,72.511342,N-summer,0.5,train,0.3949089060830679,False
sample_09769.jpg,SRC_091,-40.0,180.0,72.511342,N-summer,0.5,train,0.3871026371612922,False
sample_09770.jpg,SRC_146,10.0,180.0,58.0428,N-summer,0.5,validation,0.42715511179459903,False
sample_09771.jpg,SRC_090,50.0,180.0,47.196626,N-summer,0.25,train,0.3650851566663651,False
sample_09772.jpg,SRC_063,25.0,180.0,41.329237,N-spring,0.25,train,0.38294362113827063,False
sample_09773.jpg,SRC_002,40.0,180.0,45.868768,N-summer,0.25,train,0.3673938070228807,False
sample_09774.jpg,SRC_099,15.0,180.0,42.024472,N-spring,0.5,train,0.37332233486369093,False
sample_09775.jpg,SRC_037,15.0,180.0,44.468297,N-spring,0.25,calibration,0.3769550566686772,False
sample_09776.jpg,SRC_087,0.0,180.0,54.65824,N-summer,0.25,train,0.5144252922473764,False
sample_09777.jpg,SRC_070,60.0,180.0,58.788969,N-summer,0.5,validation,0.512427784247076,False
sample_09778.jpg,SRC_067,-15.0,180.0,64.724247,N-spring,0.5,calibration,0.40353084431962943,False
sample_09779.jpg,SRC_070,60.0,180.0,58.788969,N-summer,0.5,validation,0.4679548224131693,False
sample_09780.jpg,SRC_022,20.0,180.0,41.513642,N-spring,0.25,train,0.4234695041870803,False
sample_09781.jpg,SRC_081,-90.0,0.0,74.772433,N-autumn,0.25,train,0.5177249517629047,False
sample_09782.jpg,SRC_029,-5.0,180.0,45.485648,N-autumn,0.25,train,0.4676670777821611,False
sample_09783.jpg,SRC_013,50.0,180.0,54.051464,N-spring,0.5,train,0.47127569891305116,False
sample_09784.jpg,SRC_069,25.0,180.0,48.120522,N-summer,0.5,train,0.4912944597737921,False
sample_09785.jpg,SRC_151,-15.0,180.0,63.408071,N-summer,0.5,train,0.42144877565189603,False
sample_09786.jpg,SRC_069,25.0,180.0,48.120522,N-summer,0.5,train,0.4855876957661189,False
sample_09787.jpg,SRC_008,25.0,180.0,61.005891,N-autumn,0.25,train,0.3876662852658558,False
sample_09788.jpg,SRC_134,-30.0,180.0,69.607895,N-spring,0.5,train,0.39489700875316525,False
sample_09789.jpg,SRC_089,10.0,180.0,48.442522,N-winter,0.25,validation,0.3938523623953758,False
sample_09790.jpg,SRC_091,-40.0,180.0,72.511342,N-summer,0.5,train,0.38473342743446703,False
sample_09791.jpg,SRC_042,10.0,180.0,36.92431,N-spring,0.5,train,0.3935851438659276,False
sample_09792.jpg,SRC_145,-5.0,180.0,52.15166,N-spring,0.25,train,0.48664456675312195,False
sample_09793.jpg,SRC_076,25.0,180.0,63.632584,N-autumn,0.25,validation,0.3951303805446126,False
sample_09794.jpg,SRC_113,-35.0,180.0,36.668707,N-winter,0.25,train,0.399523212392838,False
sample_09795.jpg,SRC_156,10.0,180.0,48.737382,N-summer,0.25,train,0.4148180221516181,False
sample_09796.jpg,SRC_040,90.0,0.0,57.651744,N-spring,0.5,validation,0.401599900885712,False
sample_09797.jpg,SRC_070,60.0,180.0,58.788969,N-summer,0.5,validation,0.4200691306535929,False
sample_09798.jpg,SRC_144,-35.0,180.0,76.731052,N-spring,0.5,train,0.4545849600400508,False
sample_09799.jpg,SRC_009,-25.0,180.0,73.827745,N-spring,0.5,train,0.385120018702201,False
sample_09800.jpg,SRC_108,-40.0,180.0,68.856247,N-summer,0.5,validation,0.3840939976884334,False
sample_09801.jpg,SRC_010,90.0,0.0,74.440619,N-summer,0.5,train,0.44335309285065705,False
sample_09802.jpg,SRC_061,50.0,180.0,43.110277,N-spring,0.5,train,0.4404707498484746,False
sample_09803.jpg,SRC_164,20.0,180.0,59.226879,N-autumn,0.25,train,0.4676382603729218,False
sample_09804.jpg,SRC_103,-35.0,180.0,57.090396,N-autumn,0.25,train,0.4034323606904433,False
sample_09805.jpg,SRC_009,-25.0,180.0,73.827745,N-spring,0.5,train,0.4958246670779432,False
sample_09806.jpg,SRC_158,-5.0,180.0,35.954137,N-winter,0.25,train,0.38554869672486336,False
sample_09807.jpg,SRC_020,35.0,180.0,42.075965,N-summer,0.25,train,0.4864473425013121,False
sample_09808.jpg,SRC_115,25.0,180.0,41.8845,N-spring,0.25,train,0.41536468837187385,False
sample_09809.jpg,SRC_066,-10.0,180.0,61.81065,N-summer,0.5,validation,0.5194559343515925,False
sample_09810.jpg,SRC_058,30.0,180.0,69.060883,N-autumn,0.5,train,0.41215852711926226,False
sample_09811.jpg,SRC_116,5.0,180.0,41.203028,N-spring,0.25,calibration,0.40212747289743245,False
sample_09812.jpg,SRC_114,-10.0,180.0,58.176498,N-autumn,0.5,calibration,0.39701000311562346,False
sample_09813.jpg,SRC_073,45.0,180.0,41.537171,N-spring,0.25,train,0.5150285907640828,False
sample_09814.jpg,SRC_006,-15.0,180.0,65.638079,N-spring,0.5,train,0.38894209573655825,False
sample_09815.jpg,SRC_149,90.0,0.0,55.701783,N-summer,0.25,train,0.4523153961378525,False
sample_09816.jpg,SRC_049,5.0,180.0,42.94902,N-spring,0.25,train,0.4625895751229482,False
sample_09817.jpg,SRC_095,-20.0,180.0,56.495654,N-spring,0.5,train,0.40835205920219186,False
sample_09818.jpg,SRC_126,-20.0,180.0,68.779144,N-summer,0.5,train,0.3818906198434737,False
sample_09819.jpg,SRC_100,20.0,180.0,41.506528,N-spring,0.25,train,0.452893878697264,False
sample_09820.jpg,SRC_022,20.0,180.0,41.513642,N-spring,0.25,train,0.4099674826603577,False
sample_09821.jpg,SRC_151,-15.0,180.0,63.408071,N-summer,0.5,train,0.41140575708780236,False
sample_09822.jpg,SRC_050,0.0,180.0,53.680047,N-summer,0.25,calibration,0.4381550293965093,False
sample_09823.jpg,SRC_168,90.0,0.0,64.709631,N-summer,0.25,train,0.4870469920237282,False
sample_09824.jpg,SRC_062,45.0,180.0,81.508965,N-autumn,0.5,train,0.4132037899684617,False
sample_09825.jpg,SRC_005,0.0,180.0,55.846781,N-summer,0.5,calibration,0.39275084348419587,False
sample_09826.jpg,SRC_106,25.0,180.0,40.638999,N-spring,0.5,validation,0.41476181833527315,False
sample_09827.jpg,SRC_151,-15.0,180.0,63.408071,N-summer,0.5,train,0.5111210869622664,False
sample_09828.jpg,SRC_156,10.0,180.0,48.737382,N-summer,0.25,train,0.43298611213866983,False
sample_09829.jpg,SRC_005,0.0,180.0,55.846781,N-summer,0.5,calibration,0.3865896947769307,False
sample_09830.jpg,SRC_112,-30.0,180.0,67.516648,N-spring,0.5,train,0.3906536879154802,False
sample_09831.jpg,SRC_047,0.0,180.0,48.028677,N-spring,0.5,train,0.46168067018923686,False
sample_09832.jpg,SRC_111,-35.0,180.0,79.069883,N-spring,1.0,train,0.447257008044723,False
sample_09833.jpg,SRC_096,25.0,180.0,40.422288,N-spring,0.25,calibration,0.3822407743867779,False
sample_09834.jpg,SRC_011,-20.0,180.0,70.371153,N-summer,0.25,train,0.396671403179005,False
sample_09835.jpg,SRC_048,-25.0,180.0,61.920556,N-autumn,0.25,train,0.391334058747539,False
sample_09836.jpg,SRC_158,-5.0,180.0,35.954137,N-winter,0.25,train,0.38515284342960643,False
sample_09837.jpg,SRC_133,-10.0,180.0,48.887369,N-spring,0.5,calibration,0.5019026525024562,False
sample_09838.jpg,SRC_086,15.0,180.0,43.648742,N-summer,0.5,train,0.3831795349736486,False
sample_09839.jpg,SRC_041,15.0,180.0,46.712049,N-summer,0.25,calibration,0.3706445412115683,False
sample_09840.jpg,SRC_049,5.0,180.0,42.94902,N-spring,0.25,train,0.45533139050238586,False
sample_09841.jpg,SRC_046,0.0,180.0,58.061031,N-autumn,0.25,validation,0.5122872120179066,False
sample_09842.jpg,SRC_036,5.0,180.0,52.749586,N-summer,0.25,train,0.4572933957638009,False
sample_09843.jpg,SRC_006,-15.0,180.0,65.638079,N-spring,0.5,train,0.39995331051270816,False
sample_09844.jpg,SRC_099,15.0,180.0,42.024472,N-spring,0.5,train,0.3783219489259871,False
sample_09845.jpg,SRC_051,20.0,180.0,63.609319,N-autumn,0.5,train,0.39958752934393627,False
sample_09846.jpg,SRC_092,5.0,180.0,57.429528,N-autumn,0.25,validation,0.38586873711161795,False
sample_09847.jpg,SRC_029,-5.0,180.0,45.485648,N-autumn,0.25,train,0.42579801642455645,False
sample_09848.jpg,SRC_037,15.0,180.0,44.468297,N-spring,0.25,calibration,0.3728367315482185,False
sample_09849.jpg,SRC_096,25.0,180.0,40.422288,N-spring,0.25,calibration,0.38662560017730596,False
sample_09850.jpg,SRC_092,5.0,180.0,57.429528,N-autumn,0.25,validation,0.3882837423288539,False
sample_09851.jpg,SRC_013,50.0,180.0,54.051464,N-spring,0.5,train,0.3787591282231495,False
sample_09852.jpg,SRC_066,-10.0,180.0,61.81065,N-summer,0.5,validation,0.49176904322488885,False
sample_09853.jpg,SRC_133,-10.0,180.0,48.887369,N-spring,0.5,calibration,0.42297286457465155,False
sample_09854.jpg,SRC_076,25.0,180.0,63.632584,N-autumn,0.25,validation,0.3903940990280444,False
sample_09855.jpg,SRC_099,15.0,180.0,42.024472,N-spring,0.5,train,0.501310656320141,False
sample_09856.jpg,SRC_069,25.0,180.0,48.120522,N-summer,0.5,train,0.42207610126761247,False
sample_09857.jpg,SRC_100,20.0,180.0,41.506528,N-spring,0.25,train,0.4027536852669593,False
sample_09858.jpg,SRC_026,90.0,0.0,57.238404,N-spring,0.25,train,0.4454845472101444,False
sample_09859.jpg,SRC_142,-30.0,180.0,34.276784,N-winter,0.25,train,0.45889817397174903,False
sample_09860.jpg,SRC_065,30.0,180.0,68.700871,N-winter,0.5,validation,0.38434245581733145,False
sample_09861.jpg,SRC_069,25.0,180.0,48.120522,N-summer,0.5,train,0.450294293182668,False
sample_09862.jpg,SRC_036,5.0,180.0,52.749586,N-summer,0.25,train,0.42427170453172447,False
sample_09863.jpg,SRC_084,-10.0,180.0,58.957849,N-summer,0.25,train,0.39031101078372904,False
sample_09864.jpg,SRC_058,30.0,180.0,69.060883,N-autumn,0.5,train,0.41242017319213853,False
sample_09865.jpg,SRC_024,10.0,180.0,53.725813,N-summer,0.25,calibration,0.4992533741664328,False
sample_09866.jpg,SRC_014,-40.0,180.0,38.480327,N-winter,0.25,calibration,0.4711580298527715,False
sample_09867.jpg,SRC_114,-10.0,180.0,58.176498,N-autumn,0.5,calibration,0.4742876394760384,False
sample_09868.jpg,SRC_013,50.0,180.0,54.051464,N-spring,0.5,train,0.37885583671318246,False
sample_09869.jpg,SRC_081,-90.0,0.0,74.772433,N-autumn,0.25,train,0.5243852935759519,False
sample_09870.jpg,SRC_011,-20.0,180.0,70.371153,N-summer,0.25,train,0.3982432308151088,False
sample_09871.jpg,SRC_103,-35.0,180.0,57.090396,N-autumn,0.25,train,0.3930439744611604,False
sample_09872.jpg,SRC_092,5.0,180.0,57.429528,N-autumn,0.25,validation,0.38798157197446453,False
sample_09873.jpg,SRC_009,-25.0,180.0,73.827745,N-spring,0.5,train,0.4026725295092849,False
sample_09874.jpg,SRC_142,-30.0,180.0,34.276784,N-winter,0.25,train,0.44607984074008067,False
sample_09875.jpg,SRC_126,-20.0,180.0,68.779144,N-summer,0.5,train,0.49061380710707053,False
sample_09876.jpg,SRC_026,90.0,0.0,57.238404,N-spring,0.25,train,0.46473109965472165,False
sample_09877.jpg,SRC_158,-5.0,180.0,35.954137,N-winter,0.25,train,0.3920831458017749,False
sample_09878.jpg,SRC_074,0.0,180.0,50.25459,N-spring,0.5,train,0.5029008468516997,False
sample_09879.jpg,SRC_004,30.0,180.0,61.107468,N-autumn,0.5,train,0.3818916177484481,False
sample_09880.jpg,SRC_049,5.0,180.0,42.94902,N-spring,0.25,train,0.39805455751279173,False
sample_09881.jpg,SRC_014,-40.0,180.0,38.480327,N-winter,0.25,calibration,0.4752259797500539,False
sample_09882.jpg,SRC_027,35.0,180.0,41.369436,N-spring,0.5,calibration,0.4822170265183856,False
sample_09883.jpg,SRC_013,50.0,180.0,54.051464,N-spring,0.5,train,0.42331931814513196,False
sample_09884.jpg,SRC_143,90.0,0.0,68.916652,N-spring,0.5,validation,0.41411890038288596,False
sample_09885.jpg,SRC_047,0.0,180.0,48.028677,N-spring,0.5,train,0.44860381539648414,False
sample_09886.jpg,SRC_154,0.0,180.0,54.770875,N-summer,0.5,train,0.5178248805636582,False
sample_09887.jpg,SRC_158,-5.0,180.0,35.954137,N-winter,0.25,train,0.38318771059693824,False
sample_09888.jpg,SRC_009,-25.0,180.0,73.827745,N-spring,0.5,train,0.403019445346814,False
sample_09889.jpg,SRC_076,25.0,180.0,63.632584,N-autumn,0.25,validation,0.3886951331505816,False
sample_09890.jpg,SRC_153,-40.0,180.0,43.960452,N-autumn,0.25,train,0.38895038443218954,False
sample_09891.jpg,SRC_112,-30.0,180.0,67.516648,N-spring,0.5,train,0.5078828907081987,False
sample_09892.jpg,SRC_112,-30.0,180.0,67.516648,N-spring,0.5,train,0.49123896845262144,False
sample_09893.jpg,SRC_009,-25.0,180.0,73.827745,N-spring,0.5,train,0.4143535370778887,False
sample_09894.jpg,SRC_168,90.0,0.0,64.709631,N-summer,0.25,train,0.44764442863357523,False
sample_09895.jpg,SRC_013,50.0,180.0,54.051464,N-spring,0.5,train,0.3870427135720735,False
sample_09896.jpg,SRC_047,0.0,180.0,48.028677,N-spring,0.5,train,0.4378252881917789,False
sample_09897.jpg,SRC_074,0.0,180.0,50.25459,N-spring,0.5,train,0.38932757944567353,False
sample_09898.jpg,SRC_139,40.0,180.0,53.533251,N-winter,0.25,train,0.4491869494821089,False
sample_09899.jpg,SRC_106,25.0,180.0,40.638999,N-spring,0.5,validation,0.46890287017867555,False
sample_09900.jpg,SRC_116,5.0,180.0,41.203028,N-spring,0.25,calibration,0.4892306171221431,False
sample_09901.jpg,SRC_081,-90.0,0.0,74.772433,N-autumn,0.25,train,0.48117846761537725,False
sample_09902.jpg,SRC_091,-40.0,180.0,72.511342,N-summer,0.5,train,0.393614524195925,False
sample_09903.jpg,SRC_127,-35.0,180.0,47.507974,N-autumn,0.5,train,0.4806543530204014,False
sample_09904.jpg,SRC_040,90.0,0.0,57.651744,N-spring,0.5,validation,0.4112940413866836,False
sample_09905.jpg,SRC_153,-40.0,180.0,43.960452,N-autumn,0.25,train,0.3889304497060436,False
sample_09906.jpg,SRC_158,-5.0,180.0,35.954137,N-winter,0.25,train,0.3915615708406605,False
sample_09907.jpg,SRC_026,90.0,0.0,57.238404,N-spring,0.25,train,0.5057914824187504,False
sample_09908.jpg,SRC_061,50.0,180.0,43.110277,N-spring,0.5,train,0.41027110861352956,False
sample_09909.jpg,SRC_037,15.0,180.0,44.468297,N-spring,0.25,calibration,0.3831583166421878,False
sample_09910.jpg,SRC_158,-5.0,180.0,35.954137,N-winter,0.25,train,0.39118796489096574,False
sample_09911.jpg,SRC_051,20.0,180.0,63.609319,N-autumn,0.5,train,0.3794958420775829,False
sample_09912.jpg,SRC_037,15.0,180.0,44.468297,N-spring,0.25,calibration,0.40886059963424115,False
sample_09913.jpg,SRC_099,15.0,180.0,42.024472,N-spring,0.5,train,0.3819623694949299,False
sample_09914.jpg,SRC_103,-35.0,180.0,57.090396,N-autumn,0.25,train,0.395805854108822,False
sample_09915.jpg,SRC_042,10.0,180.0,36.92431,N-spring,0.5,train,0.4188976151213194,False
sample_09916.jpg,SRC_103,-35.0,180.0,57.090396,N-autumn,0.25,train,0.38976770363344254,False
sample_09917.jpg,SRC_111,-35.0,180.0,79.069883,N-spring,1.0,train,0.4145279678988259,False
sample_09918.jpg,SRC_041,15.0,180.0,46.712049,N-summer,0.25,calibration,0.5296859554224408,False
sample_09919.jpg,SRC_076,25.0,180.0,63.632584,N-autumn,0.25,validation,0.39591021225910383,False
sample_09920.jpg,SRC_005,0.0,180.0,55.846781,N-summer,0.5,calibration,0.43331326978410206,False
sample_09921.jpg,SRC_020,35.0,180.0,42.075965,N-summer,0.25,train,0.4057872488365398,False
sample_09922.jpg,SRC_011,-20.0,180.0,70.371153,N-summer,0.25,train,0.3913051435737685,False
sample_09923.jpg,SRC_038,-15.0,180.0,32.097448,N-winter,0.25,validation,0.4023598548047896,False
sample_09924.jpg,SRC_109,50.0,180.0,54.137665,N-summer,0.25,validation,0.381436252145796,False
sample_09925.jpg,SRC_104,25.0,180.0,45.102036,N-summer,0.5,calibration,0.5140595915616161,False
sample_09926.jpg,SRC_108,-40.0,180.0,68.856247,N-summer,0.5,validation,0.39211891313025726,False
sample_09927.jpg,SRC_121,25.0,180.0,67.446292,N-autumn,0.5,validation,0.4814345746445424,False
sample_09928.jpg,SRC_076,25.0,180.0,63.632584,N-autumn,0.25,validation,0.39584561017429576,False
sample_09929.jpg,SRC_056,-40.0,180.0,74.660587,N-summer,0.5,train,0.3711040552786399,False
sample_09930.jpg,SRC_117,-90.0,0.0,60.317034,N-winter,0.25,train,0.4727754370945275,False
sample_09931.jpg,SRC_097,0.0,180.0,35.318175,N-winter,0.25,train,0.4153006227605934,False
sample_09932.jpg,SRC_004,30.0,180.0,61.107468,N-autumn,0.5,train,0.40012342467383444,False
sample_09933.jpg,SRC_047,0.0,180.0,48.028677,N-spring,0.5,train,0.46443167993147905,False
sample_09934.jpg,SRC_015,20.0,180.0,46.484204,N-summer,0.25,train,0.38864863557598256,False
sample_09935.jpg,SRC_094,20.0,180.0,66.934532,N-autumn,0.25,train,0.43313612484206543,False
sample_09936.jpg,SRC_055,-5.0,180.0,57.335076,N-spring,0.25,train,0.4242193679691031,False
sample_09937.jpg,SRC_037,15.0,180.0,44.468297,N-spring,0.25,calibration,0.3917827995676535,False
sample_09938.jpg,SRC_074,0.0,180.0,50.25459,N-spring,0.5,train,0.4716937019243225,False
sample_09939.jpg,SRC_011,-20.0,180.0,70.371153,N-summer,0.25,train,0.4100970455864136,False
sample_09940.jpg,SRC_040,90.0,0.0,57.651744,N-spring,0.5,validation,0.4061634172187917,False
sample_09941.jpg,SRC_109,50.0,180.0,54.137665,N-summer,0.25,validation,0.3835415713727336,False
sample_09942.jpg,SRC_037,15.0,180.0,44.468297,N-spring,0.25,calibration,0.38539746050113866,False
sample_09943.jpg,SRC_011,-20.0,180.0,70.371153,N-summer,0.25,train,0.5322040815116299,False
sample_09944.jpg,SRC_020,35.0,180.0,42.075965,N-summer,0.25,train,0.3956643750724476,False
sample_09945.jpg,SRC_154,0.0,180.0,54.770875,N-summer,0.5,train,0.44215536648823883,False
sample_09946.jpg,SRC_009,-25.0,180.0,73.827745,N-spring,0.5,train,0.37613235573058074,False
sample_09947.jpg,SRC_054,5.0,180.0,37.41608,N-winter,0.25,calibration,0.42989001912437297,False
sample_09948.jpg,SRC_014,-40.0,180.0,38.480327,N-winter,0.25,calibration,0.3940665683284351,False
sample_09949.jpg,SRC_158,-5.0,180.0,35.954137,N-winter,0.25,train,0.39503198740664536,False
sample_09950.jpg,SRC_165,10.0,180.0,42.451267,N-winter,0.25,calibration,0.44099209938769207,False
sample_09951.jpg,SRC_084,-10.0,180.0,58.957849,N-summer,0.25,train,0.38693622676496936,False
sample_09952.jpg,SRC_061,50.0,180.0,43.110277,N-spring,0.5,train,0.46862235859649815,False
sample_09953.jpg,SRC_109,50.0,180.0,54.137665,N-summer,0.25,validation,0.38406817114589237,False
sample_09954.jpg,SRC_042,10.0,180.0,36.92431,N-spring,0.5,train,0.38021024603800935,False
sample_09955.jpg,SRC_135,5.0,180.0,41.328761,N-winter,0.5,train,0.504504884167004,False
sample_09956.jpg,SRC_023,-10.0,180.0,50.837437,N-spring,0.25,train,0.43431673691820005,False
sample_09957.jpg,SRC_112,-30.0,180.0,67.516648,N-spring,0.5,train,0.39686326721235815,False
sample_09958.jpg,SRC_027,35.0,180.0,41.369436,N-spring,0.5,calibration,0.4702778310651867,False
sample_09959.jpg,SRC_004,30.0,180.0,61.107468,N-autumn,0.5,train,0.3812089874040042,False
sample_09960.jpg,SRC_074,0.0,180.0,50.25459,N-spring,0.5,train,0.44344969650587596,False
sample_09961.jpg,SRC_063,25.0,180.0,41.329237,N-spring,0.25,train,0.40052507199422693,False
sample_09962.jpg,SRC_004,30.0,180.0,61.107468,N-autumn,0.5,train,0.3908546177207957,False
sample_09963.jpg,SRC_162,-90.0,0.0,77.7898,N-winter,0.25,train,0.41230918642394176,False
sample_09964.jpg,SRC_112,-30.0,180.0,67.516648,N-spring,0.5,train,0.42128536174949394,False
sample_09965.jpg,SRC_164,20.0,180.0,59.226879,N-autumn,0.25,train,0.386110132513174,False
sample_09966.jpg,SRC_020,35.0,180.0,42.075965,N-summer,0.25,train,0.39440533815277445,False
sample_09967.jpg,SRC_013,50.0,180.0,54.051464,N-spring,0.5,train,0.3954674934574808,False
sample_09968.jpg,SRC_170,-20.0,180.0,56.332579,N-autumn,0.25,train,0.49277302673808354,False
sample_09969.jpg,SRC_009,-25.0,180.0,73.827745,N-spring,0.5,train,0.3948996768996391,False
sample_09970.jpg,SRC_004,30.0,180.0,61.107468,N-autumn,0.5,train,0.3791903178710613,False
sample_09971.jpg,SRC_084,-10.0,180.0,58.957849,N-summer,0.25,train,0.3934609307685554,False
sample_09972.jpg,SRC_028,10.0,180.0,42.894848,N-spring,0.25,calibration,0.46836076700398277,False
sample_09973.jpg,SRC_158,-5.0,180.0,35.954137,N-winter,0.25,train,0.49690625236090885,False
sample_09974.jpg,SRC_156,10.0,180.0,48.737382,N-summer,0.25,train,0.3860519256471933,False
sample_09975.jpg,SRC_067,-15.0,180.0,64.724247,N-spring,0.5,calibration,0.5404928786253491,False
sample_09976.jpg,SRC_092,5.0,180.0,57.429528,N-autumn,0.25,validation,0.42207396664524,False
sample_09977.jpg,SRC_158,-5.0,180.0,35.954137,N-winter,0.25,train,0.512778690473157,False
sample_09978.jpg,SRC_096,25.0,180.0,40.422288,N-spring,0.25,calibration,0.38260092919856303,False
sample_09979.jpg,SRC_142,-30.0,180.0,34.276784,N-winter,0.25,train,0.5014475420651222,False
sample_09980.jpg,SRC_165,10.0,180.0,42.451267,N-winter,0.25,calibration,0.44623640325491765,False
sample_09981.jpg,SRC_009,-25.0,180.0,73.827745,N-spring,0.5,train,0.49802326722089657,False
sample_09982.jpg,SRC_063,25.0,180.0,41.329237,N-spring,0.25,train,0.3737916300184663,False
sample_09983.jpg,SRC_015,20.0,180.0,46.484204,N-summer,0.25,train,0.3903233494150609,False
sample_09984.jpg,SRC_076,25.0,180.0,63.632584,N-autumn,0.25,validation,0.3897525035291708,False
sample_09985.jpg,SRC_159,20.0,180.0,67.076816,N-autumn,0.25,train,0.39112665920613443,False
sample_09986.jpg,SRC_157,40.0,180.0,44.22455,N-summer,0.25,train,0.44258942974844506,False
sample_09987.jpg,SRC_162,-90.0,0.0,77.7898,N-winter,0.25,train,0.4182318340847334,False
sample_09988.jpg,SRC_148,-15.0,180.0,49.227137,N-autumn,0.25,train,0.4278527539018028,False
sample_09989.jpg,SRC_103,-35.0,180.0,57.090396,N-autumn,0.25,train,0.41116127113691875,False
sample_09990.jpg,SRC_108,-40.0,180.0,68.856247,N-summer,0.5,validation,0.3936109156371805,False
sample_09991.jpg,SRC_030,-25.0,180.0,67.936804,N-spring,0.5,train,0.3931619139992543,False
sample_09992.jpg,SRC_094,20.0,180.0,66.934532,N-autumn,0.25,train,0.3789763066205244,False
sample_09993.jpg,SRC_109,50.0,180.0,54.137665,N-summer,0.25,validation,0.3878983765154407,False
sample_09994.jpg,SRC_076,25.0,180.0,63.632584,N-autumn,0.25,validation,0.5075871735689189,False
sample_09995.jpg,SRC_142,-30.0,180.0,34.276784,N-winter,0.25,train,0.4382694374200411,False
sample_09996.jpg,SRC_082,-10.0,180.0,60.444036,N-spring,0.25,train,0.3891599718714057,False
sample_09997.jpg,SRC_080,-25.0,180.0,69.726065,N-summer,0.25,calibration,0.4085736681265709,False
sample_09998.jpg,SRC_112,-30.0,180.0,67.516648,N-spring,0.5,train,0.3971215981009057,False
sample_09999.jpg,SRC_051,20.0,180.0,63.609319,N-autumn,0.5,train,0.5008829639567232,False
sample_10000.jpg,SRC_005,0.0,180.0,55.846781,N-summer,0.5,calibration,0.38542563019817677,False
sample_10001.jpg,SRC_070,60.0,180.0,58.788969,N-summer,0.5,validation,0.3803736897356394,False
sample_10002.jpg,SRC_010,90.0,0.0,74.440619,N-summer,0.5,train,0.49297180369996624,False
sample_10003.jpg,SRC_009,-25.0,180.0,73.827745,N-spring,0.5,train,0.38460384769076345,False
sample_10004.jpg,SRC_013,50.0,180.0,54.051464,N-spring,0.5,train,0.37995025196405435,False
sample_10005.jpg,SRC_067,-15.0,180.0,64.724247,N-spring,0.5,calibration,0.4112624966193281,False
sample_10006.jpg,SRC_052,5.0,180.0,51.705435,N-summer,0.25,train,0.4354022126761091,False
sample_10007.jpg,SRC_066,-10.0,180.0,61.81065,N-summer,0.5,validation,0.4930971319993839,False
sample_10008.jpg,SRC_108,-40.0,180.0,68.856247,N-summer,0.5,validation,0.381317592990824,False
sample_10009.jpg,SRC_127,-35.0,180.0,47.507974,N-autumn,0.5,train,0.3916992095322588,False
sample_10010.jpg,SRC_011,-20.0,180.0,70.371153,N-summer,0.25,train,0.4129748325786876,False
sample_10011.jpg,SRC_093,-25.0,180.0,43.343655,N-autumn,0.5,calibration,0.3824263965645406,False
sample_10012.jpg,SRC_115,25.0,180.0,41.8845,N-spring,0.25,train,0.4439046529596366,False
sample_10013.jpg,SRC_148,-15.0,180.0,49.227137,N-autumn,0.25,train,0.420522469416244,False
sample_10014.jpg,SRC_089,10.0,180.0,48.442522,N-winter,0.25,validation,0.41958548520541405,False
sample_10015.jpg,SRC_109,50.0,180.0,54.137665,N-summer,0.25,validation,0.3961802969988091,False
sample_10016.jpg,SRC_056,-40.0,180.0,74.660587,N-summer,0.5,train,0.40947972178731834,False
sample_10017.jpg,SRC_106,25.0,180.0,40.638999,N-spring,0.5,validation,0.4295323960038694,False
sample_10018.jpg,SRC_030,-25.0,180.0,67.936804,N-spring,0.5,train,0.40210090274780563,False
sample_10019.jpg,SRC_127,-35.0,180.0,47.507974,N-autumn,0.5,train,0.39618247888749963,False
sample_10020.jpg,SRC_157,40.0,180.0,44.22455,N-summer,0.25,train,0.4033954513862752,False
sample_10021.jpg,SRC_063,25.0,180.0,41.329237,N-spring,0.25,train,0.37473630715415873,False
sample_10022.jpg,SRC_144,-35.0,180.0,76.731052,N-spring,0.5,train,0.4305415879288992,False
sample_10023.jpg,SRC_067,-15.0,180.0,64.724247,N-spring,0.5,calibration,0.38421522234223415,False
sample_10024.jpg,SRC_065,30.0,180.0,68.700871,N-winter,0.5,validation,0.45953997586914985,False
sample_10025.jpg,SRC_108,-40.0,180.0,68.856247,N-summer,0.5,validation,0.3917853481233992,False
sample_10026.jpg,SRC_129,20.0,180.0,41.057252,N-spring,0.25,train,0.4724492184106531,False
sample_10027.jpg,SRC_157,40.0,180.0,44.22455,N-summer,0.25,train,0.38315449719351163,False
sample_10028.jpg,SRC_089,10.0,180.0,48.442522,N-winter,0.25,validation,0.5040069036856231,False
sample_10029.jpg,SRC_069,25.0,180.0,48.120522,N-summer,0.5,train,0.4868519601669058,False
sample_10030.jpg,SRC_041,15.0,180.0,46.712049,N-summer,0.25,calibration,0.49949936532736866,False
sample_10031.jpg,SRC_127,-35.0,180.0,47.507974,N-autumn,0.5,train,0.4747630071961019,False
sample_10032.jpg,SRC_087,0.0,180.0,54.65824,N-summer,0.25,train,0.38970372257973634,False
sample_10033.jpg,SRC_004,30.0,180.0,61.107468,N-autumn,0.5,train,0.38763795696911973,False
sample_10034.jpg,SRC_076,25.0,180.0,63.632584,N-autumn,0.25,validation,0.38448490596267015,False
sample_10035.jpg,SRC_106,25.0,180.0,40.638999,N-spring,0.5,validation,0.5309632520249463,False
sample_10036.jpg,SRC_075,-90.0,0.0,65.329336,N-winter,0.25,train,0.37335208517726015,False
sample_10037.jpg,SRC_038,-15.0,180.0,32.097448,N-winter,0.25,validation,0.46999506288457027,False
sample_10038.jpg,SRC_013,50.0,180.0,54.051464,N-spring,0.5,train,0.3844746522408361,False
sample_10039.jpg,SRC_112,-30.0,180.0,67.516648,N-spring,0.5,train,0.4124672969893276,False
sample_10040.jpg,SRC_050,0.0,180.0,53.680047,N-summer,0.25,calibration,0.4214541332092849,False
sample_10041.jpg,SRC_104,25.0,180.0,45.102036,N-summer,0.5,calibration,0.504079654101371,False
sample_10042.jpg,SRC_099,15.0,180.0,42.024472,N-spring,0.5,train,0.47464553411540955,False
sample_10043.jpg,SRC_114,-10.0,180.0,58.176498,N-autumn,0.5,calibration,0.3787198170298828,False
sample_10044.jpg,SRC_056,-40.0,180.0,74.660587,N-summer,0.5,train,0.4147128808220305,False
sample_10045.jpg,SRC_076,25.0,180.0,63.632584,N-autumn,0.25,validation,0.5002829438023908,False
sample_10046.jpg,SRC_048,-25.0,180.0,61.920556,N-autumn,0.25,train,0.3787219560163497,False
sample_10047.jpg,SRC_140,35.0,180.0,44.85556,N-spring,0.25,validation,0.5125145060926594,False
sample_10048.jpg,SRC_099,15.0,180.0,42.024472,N-spring,0.5,train,0.38721602947532807,False
sample_10049.jpg,SRC_028,10.0,180.0,42.894848,N-spring,0.25,calibration,0.3745237108302232,False
sample_10050.jpg,SRC_092,5.0,180.0,57.429528,N-autumn,0.25,validation,0.5107670268552532,False
sample_10051.jpg,SRC_042,10.0,180.0,36.92431,N-spring,0.5,train,0.4125296405392379,False
sample_10052.jpg,SRC_037,15.0,180.0,44.468297,N-spring,0.25,calibration,0.3859095374096478,False
sample_10053.jpg,SRC_013,50.0,180.0,54.051464,N-spring,0.5,train,0.3907875134501642,False
sample_10054.jpg,SRC_021,-90.0,0.0,68.040851,N-autumn,0.5,calibration,0.4044544767254881,False
sample_10055.jpg,SRC_009,-25.0,180.0,73.827745,N-spring,0.5,train,0.4075207468713581,False
sample_10056.jpg,SRC_124,0.0,180.0,51.928413,N-summer,0.25,train,0.4093044602005739,False
sample_10057.jpg,SRC_074,0.0,180.0,50.25459,N-spring,0.5,train,0.4031613427964178,False
sample_10058.jpg,SRC_103,-35.0,180.0,57.090396,N-autumn,0.25,train,0.5056694611040902,False
sample_10059.jpg,SRC_131,10.0,180.0,60.540464,N-autumn,0.5,train,0.46127425958950247,False
sample_10060.jpg,SRC_111,-35.0,180.0,79.069883,N-spring,1.0,train,0.4324251638467316,False
sample_10061.jpg,SRC_115,25.0,180.0,41.8845,N-spring,0.25,train,0.39913281957497065,False
sample_10062.jpg,SRC_150,10.0,180.0,50.798821,N-summer,0.5,train,0.3821064198836098,False
sample_10063.jpg,SRC_127,-35.0,180.0,47.507974,N-autumn,0.5,train,0.37944527470082745,False
sample_10064.jpg,SRC_013,50.0,180.0,54.051464,N-spring,0.5,train,0.4293333749090843,False
sample_10065.jpg,SRC_048,-25.0,180.0,61.920556,N-autumn,0.25,train,0.39111838907477386,False
sample_10066.jpg,SRC_121,25.0,180.0,67.446292,N-autumn,0.5,validation,0.3755657287061822,False
sample_10067.jpg,SRC_092,5.0,180.0,57.429528,N-autumn,0.25,validation,0.39677214152781537,False
sample_10068.jpg,SRC_154,0.0,180.0,54.770875,N-summer,0.5,train,0.495541580293708,False
sample_10069.jpg,SRC_056,-40.0,180.0,74.660587,N-summer,0.5,train,0.37533456505521384,False
sample_10070.jpg,SRC_095,-20.0,180.0,56.495654,N-spring,0.5,train,0.4019844802421774,False
sample_10071.jpg,SRC_110,90.0,0.0,59.038071,N-summer,0.25,train,0.4425210188455688,False
sample_10072.jpg,SRC_094,20.0,180.0,66.934532,N-autumn,0.25,train,0.4025875233496604,False
sample_10073.jpg,SRC_112,-30.0,180.0,67.516648,N-spring,0.5,train,0.41753254754514135,False
sample_10074.jpg,SRC_086,15.0,180.0,43.648742,N-summer,0.5,train,0.4771466997382124,False
sample_10075.jpg,SRC_044,-90.0,0.0,81.862162,N-autumn,0.5,train,0.5065741145238231,False
sample_10076.jpg,SRC_042,10.0,180.0,36.92431,N-spring,0.5,train,0.441374567898093,False
sample_10077.jpg,SRC_089,10.0,180.0,48.442522,N-winter,0.25,validation,0.4045169333172045,False
sample_10078.jpg,SRC_081,-90.0,0.0,74.772433,N-autumn,0.25,train,0.46607605674179525,False
sample_10079.jpg,SRC_159,20.0,180.0,67.076816,N-autumn,0.25,train,0.37869253912140344,False
sample_10080.jpg,SRC_040,90.0,0.0,57.651744,N-spring,0.5,validation,0.4895572089234309,False
sample_10081.jpg,SRC_157,40.0,180.0,44.22455,N-summer,0.25,train,0.45605541581612874,False
sample_10082.jpg,SRC_168,90.0,0.0,64.709631,N-summer,0.25,train,0.4507581835617106,False
sample_10083.jpg,SRC_107,20.0,180.0,65.68027,N-autumn,0.5,train,0.5040865792980072,False
sample_10084.jpg,SRC_006,-15.0,180.0,65.638079,N-spring,0.5,train,0.4011789202393066,False
sample_10085.jpg,SRC_139,40.0,180.0,53.533251,N-winter,0.25,train,0.38361530463484395,False
sample_10086.jpg,SRC_094,20.0,180.0,66.934532,N-autumn,0.25,train,0.38936163386015343,False
sample_10087.jpg,SRC_074,0.0,180.0,50.25459,N-spring,0.5,train,0.3946791022590972,False
sample_10088.jpg,SRC_124,0.0,180.0,51.928413,N-summer,0.25,train,0.40078358585716806,False
sample_10089.jpg,SRC_037,15.0,180.0,44.468297,N-spring,0.25,calibration,0.39386901568654675,False
sample_10090.jpg,SRC_075,-90.0,0.0,65.329336,N-winter,0.25,train,0.3882348668485419,False
sample_10091.jpg,SRC_109,50.0,180.0,54.137665,N-summer,0.25,validation,0.392054512824792,False
sample_10092.jpg,SRC_022,20.0,180.0,41.513642,N-spring,0.25,train,0.5256015044661637,False
sample_10093.jpg,SRC_101,5.0,180.0,48.479381,N-winter,0.25,validation,0.45191415599671814,False
sample_10094.jpg,SRC_051,20.0,180.0,63.609319,N-autumn,0.5,train,0.3840779448895376,False
sample_10095.jpg,SRC_116,5.0,180.0,41.203028,N-spring,0.25,calibration,0.5110501879379985,False
sample_10096.jpg,SRC_013,50.0,180.0,54.051464,N-spring,0.5,train,0.3823377146863586,False
sample_10097.jpg,SRC_022,20.0,180.0,41.513642,N-spring,0.25,train,0.526560600329397,False
sample_10098.jpg,SRC_041,15.0,180.0,46.712049,N-summer,0.25,calibration,0.4493993193613906,False
sample_10099.jpg,SRC_151,-15.0,180.0,63.408071,N-summer,0.5,train,0.4179142081092371,False
sample_10100.jpg,SRC_127,-35.0,180.0,47.507974,N-autumn,0.5,train,0.47580011905491604,False
sample_10101.jpg,SRC_024,10.0,180.0,53.725813,N-summer,0.25,calibration,0.38570130842765793,False
sample_10102.jpg,SRC_115,25.0,180.0,41.8845,N-spring,0.25,train,0.4112933791528716,False
sample_10103.jpg,SRC_093,-25.0,180.0,43.343655,N-autumn,0.5,calibration,0.38853160398982495,False
sample_10104.jpg,SRC_144,-35.0,180.0,76.731052,N-spring,0.5,train,0.41538320400783435,False
sample_10105.jpg,SRC_115,25.0,180.0,41.8845,N-spring,0.25,train,0.4348725649204729,False
sample_10106.jpg,SRC_148,-15.0,180.0,49.227137,N-autumn,0.25,train,0.4522272737850098,False
sample_10107.jpg,SRC_123,0.0,180.0,54.598149,N-autumn,0.5,train,0.48055428997913224,False
sample_10108.jpg,SRC_129,20.0,180.0,41.057252,N-spring,0.25,train,0.47974648546986753,False
sample_10109.jpg,SRC_037,15.0,180.0,44.468297,N-spring,0.25,calibration,0.4007700216308542,False
sample_10110.jpg,SRC_091,-40.0,180.0,72.511342,N-summer,0.5,train,0.4097162517303047,False
sample_10111.jpg,SRC_126,-20.0,180.0,68.779144,N-summer,0.5,train,0.5306346643179626,False
sample_10112.jpg,SRC_003,0.0,180.0,38.090051,N-spring,0.25,train,0.40490142424110553,False
sample_10113.jpg,SRC_141,-10.0,180.0,55.206291,N-spring,0.25,train,0.3883244080828737,False
sample_10114.jpg,SRC_144,-35.0,180.0,76.731052,N-spring,0.5,train,0.5120376504075683,False
sample_10115.jpg,SRC_121,25.0,180.0,67.446292,N-autumn,0.5,validation,0.3864257931044982,False
sample_10116.jpg,SRC_040,90.0,0.0,57.651744,N-spring,0.5,validation,0.39818362161065435,False
sample_10117.jpg,SRC_038,-15.0,180.0,32.097448,N-winter,0.25,validation,0.4834825066852016,False
sample_10118.jpg,SRC_133,-10.0,180.0,48.887369,N-spring,0.5,calibration,0.43689185863427005,False
sample_10119.jpg,SRC_091,-40.0,180.0,72.511342,N-summer,0.5,train,0.3771066652491619,False
sample_10120.jpg,SRC_126,-20.0,180.0,68.779144,N-summer,0.5,train,0.3940971887777275,False
sample_10121.jpg,SRC_103,-35.0,180.0,57.090396,N-autumn,0.25,train,0.41982236475712353,False
sample_10122.jpg,SRC_084,-10.0,180.0,58.957849,N-summer,0.25,train,0.3920812610802856,False
sample_10123.jpg,SRC_006,-15.0,180.0,65.638079,N-spring,0.5,train,0.43725849674461614,False
sample_10124.jpg,SRC_096,25.0,180.0,40.422288,N-spring,0.25,calibration,0.38647652278258376,False
sample_10125.jpg,SRC_114,-10.0,180.0,58.176498,N-autumn,0.5,calibration,0.4901732680019276,False
sample_10126.jpg,SRC_045,-90.0,0.0,70.559818,N-autumn,0.25,train,0.39865377031622207,False
sample_10127.jpg,SRC_099,15.0,180.0,42.024472,N-spring,0.5,train,0.49421191692223215,False
sample_10128.jpg,SRC_030,-25.0,180.0,67.936804,N-spring,0.5,train,0.39597164140010566,False
sample_10129.jpg,SRC_084,-10.0,180.0,58.957849,N-summer,0.25,train,0.38676862776640386,False
sample_10130.jpg,SRC_010,90.0,0.0,74.440619,N-summer,0.5,train,0.4400959383185666,False
sample_10131.jpg,SRC_081,-90.0,0.0,74.772433,N-autumn,0.25,train,0.5129793898509514,False
sample_10132.jpg,SRC_062,45.0,180.0,81.508965,N-autumn,0.5,train,0.4215677582183493,False
sample_10133.jpg,SRC_118,35.0,180.0,49.493581,N-summer,0.25,validation,0.3817643495893944,False
sample_10134.jpg,SRC_041,15.0,180.0,46.712049,N-summer,0.25,calibration,0.3841793923288234,False
sample_10135.jpg,SRC_114,-10.0,180.0,58.176498,N-autumn,0.5,calibration,0.39998651748397707,False
sample_10136.jpg,SRC_169,40.0,180.0,48.615664,N-summer,0.25,validation,0.37475514193009796,False
sample_10137.jpg,SRC_094,20.0,180.0,66.934532,N-autumn,0.25,train,0.4220157500550673,False
sample_10138.jpg,SRC_084,-10.0,180.0,58.957849,N-summer,0.25,train,0.38249135255950323,False
sample_10139.jpg,SRC_133,-10.0,180.0,48.887369,N-spring,0.5,calibration,0.4202703262536921,False
sample_10140.jpg,SRC_084,-10.0,180.0,58.957849,N-summer,0.25,train,0.38257710151050234,False
sample_10141.jpg,SRC_051,20.0,180.0,63.609319,N-autumn,0.5,train,0.42362671259246687,False
sample_10142.jpg,SRC_108,-40.0,180.0,68.856247,N-summer,0.5,validation,0.48577445170806133,False
sample_10143.jpg,SRC_158,-5.0,180.0,35.954137,N-winter,0.25,train,0.3946238524579831,False
sample_10144.jpg,SRC_065,30.0,180.0,68.700871,N-winter,0.5,validation,0.43405546823797814,False
sample_10145.jpg,SRC_112,-30.0,180.0,67.516648,N-spring,0.5,train,0.45171735482297565,False
sample_10146.jpg,SRC_084,-10.0,180.0,58.957849,N-summer,0.25,train,0.38954210999569444,False
sample_10147.jpg,SRC_069,25.0,180.0,48.120522,N-summer,0.5,train,0.5093668518897414,False
sample_10148.jpg,SRC_090,50.0,180.0,47.196626,N-summer,0.25,train,0.3719167059586015,False
sample_10149.jpg,SRC_158,-5.0,180.0,35.954137,N-winter,0.25,train,0.37081686076501935,False
sample_10150.jpg,SRC_102,-10.0,180.0,52.255853,N-spring,0.25,train,0.4943470447395952,False
sample_10151.jpg,SRC_042,10.0,180.0,36.92431,N-spring,0.5,train,0.4022873685220746,False
sample_10152.jpg,SRC_009,-25.0,180.0,73.827745,N-spring,0.5,train,0.4078055999659929,False
sample_10153.jpg,SRC_148,-15.0,180.0,49.227137,N-autumn,0.25,train,0.5129576303783538,False
sample_10154.jpg,SRC_005,0.0,180.0,55.846781,N-summer,0.5,calibration,0.3905604027106616,False
sample_10155.jpg,SRC_029,-5.0,180.0,45.485648,N-autumn,0.25,train,0.45008252245684705,False
sample_10156.jpg,SRC_163,0.0,180.0,39.987447,N-winter,0.25,train,0.4256953505608053,False
sample_10157.jpg,SRC_169,40.0,180.0,48.615664,N-summer,0.25,validation,0.37614850211777623,False
sample_10158.jpg,SRC_115,25.0,180.0,41.8845,N-spring,0.25,train,0.4251914918720653,False
sample_10159.jpg,SRC_040,90.0,0.0,57.651744,N-spring,0.5,validation,0.4223905656026507,False
sample_10160.jpg,SRC_063,25.0,180.0,41.329237,N-spring,0.25,train,0.3752197180044149,False
sample_10161.jpg,SRC_027,35.0,180.0,41.369436,N-spring,0.5,calibration,0.38306780234701476,False
sample_10162.jpg,SRC_088,0.0,180.0,53.004483,N-summer,0.25,train,0.40199286744944784,False
sample_10163.jpg,SRC_168,90.0,0.0,64.709631,N-summer,0.25,train,0.46846310018466,False
sample_10164.jpg,SRC_168,90.0,0.0,64.709631,N-summer,0.25,train,0.47815841692930333,False
sample_10165.jpg,SRC_083,0.0,180.0,55.378885,N-spring,0.25,train,0.366914463651542,False
sample_10166.jpg,SRC_027,35.0,180.0,41.369436,N-spring,0.5,calibration,0.4020116182421094,False
sample_10167.jpg,SRC_050,0.0,180.0,53.680047,N-summer,0.25,calibration,0.44446276138255775,False
sample_10168.jpg,SRC_027,35.0,180.0,41.369436,N-spring,0.5,calibration,0.48321311589393645,False
sample_10169.jpg,SRC_111,-35.0,180.0,79.069883,N-spring,1.0,train,0.43462701436289664,False
sample_10170.jpg,SRC_141,-10.0,180.0,55.206291,N-spring,0.25,train,0.4376239161602314,False
sample_10171.jpg,SRC_109,50.0,180.0,54.137665,N-summer,0.25,validation,0.38637812345799305,False
sample_10172.jpg,SRC_112,-30.0,180.0,67.516648,N-spring,0.5,train,0.41849543773041714,False
sample_10173.jpg,SRC_093,-25.0,180.0,43.343655,N-autumn,0.5,calibration,0.4768247316137539,False
sample_10174.jpg,SRC_158,-5.0,180.0,35.954137,N-winter,0.25,train,0.3823776016464812,False
sample_10175.jpg,SRC_121,25.0,180.0,67.446292,N-autumn,0.5,validation,0.38294611454672955,False
sample_10176.jpg,SRC_148,-15.0,180.0,49.227137,N-autumn,0.25,train,0.4240114564689884,False
sample_10177.jpg,SRC_126,-20.0,180.0,68.779144,N-summer,0.5,train,0.39991424278729554,False
sample_10178.jpg,SRC_061,50.0,180.0,43.110277,N-spring,0.5,train,0.45469347866177995,False
sample_10179.jpg,SRC_013,50.0,180.0,54.051464,N-spring,0.5,train,0.4757584961609297,False
sample_10180.jpg,SRC_144,-35.0,180.0,76.731052,N-spring,0.5,train,0.42537255013689357,False
sample_10181.jpg,SRC_030,-25.0,180.0,67.936804,N-spring,0.5,train,0.47194002400002566,False
sample_10182.jpg,SRC_104,25.0,180.0,45.102036,N-summer,0.5,calibration,0.39424586409614243,False
sample_10183.jpg,SRC_103,-35.0,180.0,57.090396,N-autumn,0.25,train,0.40073294516839963,False
sample_10184.jpg,SRC_134,-30.0,180.0,69.607895,N-spring,0.5,train,0.4012983766910089,False
sample_10185.jpg,SRC_004,30.0,180.0,61.107468,N-autumn,0.5,train,0.48029906985932297,False
sample_10186.jpg,SRC_005,0.0,180.0,55.846781,N-summer,0.5,calibration,0.39280804746558784,False
sample_10187.jpg,SRC_123,0.0,180.0,54.598149,N-autumn,0.5,train,0.37336431867716197,False
sample_10188.jpg,SRC_129,20.0,180.0,41.057252,N-spring,0.25,train,0.5110398202957881,False
sample_10189.jpg,SRC_142,-30.0,180.0,34.276784,N-winter,0.25,train,0.5093788753733415,False
sample_10190.jpg,SRC_077,-5.0,180.0,34.299081,N-winter,0.25,train,0.49204788507965047,False
sample_10191.jpg,SRC_095,-20.0,180.0,56.495654,N-spring,0.5,train,0.5057145487931118,False
sample_10192.jpg,SRC_157,40.0,180.0,44.22455,N-summer,0.25,train,0.3857748325084812,False
sample_10193.jpg,SRC_045,-90.0,0.0,70.559818,N-autumn,0.25,train,0.3971473765444166,False
sample_10194.jpg,SRC_113,-35.0,180.0,36.668707,N-winter,0.25,train,0.44024718496311566,False
sample_10195.jpg,SRC_027,35.0,180.0,41.369436,N-spring,0.5,calibration,0.388972030108664,False
sample_10196.jpg,SRC_090,50.0,180.0,47.196626,N-summer,0.25,train,0.3736984025087372,False
sample_10197.jpg,SRC_111,-35.0,180.0,79.069883,N-spring,1.0,train,0.5053101102447677,False
sample_10198.jpg,SRC_092,5.0,180.0,57.429528,N-autumn,0.25,validation,0.3860808137750878,False
sample_10199.jpg,SRC_111,-35.0,180.0,79.069883,N-spring,1.0,train,0.44537508812161997,False
sample_10200.jpg,SRC_006,-15.0,180.0,65.638079,N-spring,0.5,train,0.479583760222141,False
sample_10201.jpg,SRC_111,-35.0,180.0,79.069883,N-spring,1.0,train,0.5011894177704328,False
sample_10202.jpg,SRC_003,0.0,180.0,38.090051,N-spring,0.25,train,0.38632966483512987,False
sample_10203.jpg,SRC_166,90.0,0.0,60.094207,N-spring,0.5,train,0.5101377989455705,False
sample_10204.jpg,SRC_074,0.0,180.0,50.25459,N-spring,0.5,train,0.38482485632859537,False
sample_10205.jpg,SRC_094,20.0,180.0,66.934532,N-autumn,0.25,train,0.4356781842431838,False
sample_10206.jpg,SRC_051,20.0,180.0,63.609319,N-autumn,0.5,train,0.44179542268730276,False
sample_10207.jpg,SRC_123,0.0,180.0,54.598149,N-autumn,0.5,train,0.4075128580474736,False
sample_10208.jpg,SRC_153,-40.0,180.0,43.960452,N-autumn,0.25,train,0.39883650260316944,False
sample_10209.jpg,SRC_108,-40.0,180.0,68.856247,N-summer,0.5,validation,0.48318953745333887,False
sample_10210.jpg,SRC_134,-30.0,180.0,69.607895,N-spring,0.5,train,0.4320786567951519,False
sample_10211.jpg,SRC_121,25.0,180.0,67.446292,N-autumn,0.5,validation,0.3841850207949803,False
sample_10212.jpg,SRC_038,-15.0,180.0,32.097448,N-winter,0.25,validation,0.4128865796998863,False
sample_10213.jpg,SRC_063,25.0,180.0,41.329237,N-spring,0.25,train,0.36823598955409886,False
sample_10214.jpg,SRC_171,-35.0,180.0,63.65778,N-spring,0.25,calibration,0.39258833759398126,False
sample_10215.jpg,SRC_121,25.0,180.0,67.446292,N-autumn,0.5,validation,0.3946116538421636,False
sample_10216.jpg,SRC_052,5.0,180.0,51.705435,N-summer,0.25,train,0.4346301735453513,False
sample_10217.jpg,SRC_070,60.0,180.0,58.788969,N-summer,0.5,validation,0.4543168346199744,False
sample_10218.jpg,SRC_141,-10.0,180.0,55.206291,N-spring,0.25,train,0.5098554338573671,False
sample_10219.jpg,SRC_013,50.0,180.0,54.051464,N-spring,0.5,train,0.3983913556868215,False
sample_10220.jpg,SRC_131,10.0,180.0,60.540464,N-autumn,0.5,train,0.5080322713276464,False
sample_10221.jpg,SRC_040,90.0,0.0,57.651744,N-spring,0.5,validation,0.41488349779334416,False
sample_10222.jpg,SRC_004,30.0,180.0,61.107468,N-autumn,0.5,train,0.39175812358564965,False
sample_10223.jpg,SRC_051,20.0,180.0,63.609319,N-autumn,0.5,train,0.4520377983005113,False
sample_10224.jpg,SRC_127,-35.0,180.0,47.507974,N-autumn,0.5,train,0.3933481025006671,False
sample_10225.jpg,SRC_148,-15.0,180.0,49.227137,N-autumn,0.25,train,0.4200374452304237,False
sample_10226.jpg,SRC_108,-40.0,180.0,68.856247,N-summer,0.5,validation,0.3900052416221181,False
sample_10227.jpg,SRC_158,-5.0,180.0,35.954137,N-winter,0.25,train,0.38352251596736386,False
sample_10228.jpg,SRC_048,-25.0,180.0,61.920556,N-autumn,0.25,train,0.49280455398787815,False
sample_10229.jpg,SRC_142,-30.0,180.0,34.276784,N-winter,0.25,train,0.41917875691830864,False
sample_10230.jpg,SRC_141,-10.0,180.0,55.206291,N-spring,0.25,train,0.5160993533431093,False
sample_10231.jpg,SRC_037,15.0,180.0,44.468297,N-spring,0.25,calibration,0.37411935427813886,False
sample_10232.jpg,SRC_040,90.0,0.0,57.651744,N-spring,0.5,validation,0.3893393312407406,False
sample_10233.jpg,SRC_069,25.0,180.0,48.120522,N-summer,0.5,train,0.41760426932404265,False
sample_10234.jpg,SRC_014,-40.0,180.0,38.480327,N-winter,0.25,calibration,0.3778632579892197,False
sample_10235.jpg,SRC_024,10.0,180.0,53.725813,N-summer,0.25,calibration,0.4115915896077563,False
sample_10236.jpg,SRC_013,50.0,180.0,54.051464,N-spring,0.5,train,0.39846652113913444,False
sample_10237.jpg,SRC_030,-25.0,180.0,67.936804,N-spring,0.5,train,0.40543292418497057,False
sample_10238.jpg,SRC_003,0.0,180.0,38.090051,N-spring,0.25,train,0.38668692254676473,False
sample_10239.jpg,SRC_102,-10.0,180.0,52.255853,N-spring,0.25,train,0.47551780934419047,False
sample_10240.jpg,SRC_041,15.0,180.0,46.712049,N-summer,0.25,calibration,0.3754587976840078,False
sample_10241.jpg,SRC_142,-30.0,180.0,34.276784,N-winter,0.25,train,0.44983299794738435,False
sample_10242.jpg,SRC_058,30.0,180.0,69.060883,N-autumn,0.5,train,0.47169206199137614,False
sample_10243.jpg,SRC_066,-10.0,180.0,61.81065,N-summer,0.5,validation,0.52159924292494,False
sample_10244.jpg,SRC_056,-40.0,180.0,74.660587,N-summer,0.5,train,0.476030396788585,False
sample_10245.jpg,SRC_086,15.0,180.0,43.648742,N-summer,0.5,train,0.37019740596033224,False
sample_10246.jpg,SRC_106,25.0,180.0,40.638999,N-spring,0.5,validation,0.418305457427551,False
sample_10247.jpg,SRC_115,25.0,180.0,41.8845,N-spring,0.25,train,0.39963427420807907,False
sample_10248.jpg,SRC_016,10.0,180.0,55.552023,N-winter,0.5,train,0.5247225237604566,False
sample_10249.jpg,SRC_134,-30.0,180.0,69.607895,N-spring,0.5,train,0.4119678406633419,False
sample_10250.jpg,SRC_063,25.0,180.0,41.329237,N-spring,0.25,train,0.37660107395953996,False
sample_10251.jpg,SRC_151,-15.0,180.0,63.408071,N-summer,0.5,train,0.4998024355175488,False
sample_10252.jpg,SRC_021,-90.0,0.0,68.040851,N-autumn,0.5,calibration,0.39445897946984043,False
sample_10253.jpg,SRC_051,20.0,180.0,63.609319,N-autumn,0.5,train,0.3972627659193891,False
sample_10254.jpg,SRC_054,5.0,180.0,37.41608,N-winter,0.25,calibration,0.40330832549101564,False
sample_10255.jpg,SRC_109,50.0,180.0,54.137665,N-summer,0.25,validation,0.3860987743176019,False
sample_10256.jpg,SRC_103,-35.0,180.0,57.090396,N-autumn,0.25,train,0.3951085147168062,False
sample_10257.jpg,SRC_037,15.0,180.0,44.468297,N-spring,0.25,calibration,0.39039883223879485,False
sample_10258.jpg,SRC_109,50.0,180.0,54.137665,N-summer,0.25,validation,0.39460147122249845,False
sample_10259.jpg,SRC_116,5.0,180.0,41.203028,N-spring,0.25,calibration,0.49717972818909945,False
sample_10260.jpg,SRC_058,30.0,180.0,69.060883,N-autumn,0.5,train,0.47990008296684594,False
sample_10261.jpg,SRC_082,-10.0,180.0,60.444036,N-spring,0.25,train,0.3859671660612778,False
sample_10262.jpg,SRC_027,35.0,180.0,41.369436,N-spring,0.5,calibration,0.3837378182427605,False
sample_10263.jpg,SRC_013,50.0,180.0,54.051464,N-spring,0.5,train,0.3840391009202009,False
sample_10264.jpg,SRC_011,-20.0,180.0,70.371153,N-summer,0.25,train,0.5219927035962937,False
sample_10265.jpg,SRC_003,0.0,180.0,38.090051,N-spring,0.25,train,0.3964688961786186,False
sample_10266.jpg,SRC_074,0.0,180.0,50.25459,N-spring,0.5,train,0.4843477128073951,False
sample_10267.jpg,SRC_061,50.0,180.0,43.110277,N-spring,0.5,train,0.4866775892642058,False
sample_10268.jpg,SRC_028,10.0,180.0,42.894848,N-spring,0.25,calibration,0.481177473179876,False
sample_10269.jpg,SRC_066,-10.0,180.0,61.81065,N-summer,0.5,validation,0.47559520519889087,False
sample_10270.jpg,SRC_096,25.0,180.0,40.422288,N-spring,0.25,calibration,0.39383826000276173,False
sample_10271.jpg,SRC_022,20.0,180.0,41.513642,N-spring,0.25,train,0.3913293085953947,False
sample_10272.jpg,SRC_153,-40.0,180.0,43.960452,N-autumn,0.25,train,0.39414756296010334,False
sample_10273.jpg,SRC_094,20.0,180.0,66.934532,N-autumn,0.25,train,0.4045161105505633,False
sample_10274.jpg,SRC_013,50.0,180.0,54.051464,N-spring,0.5,train,0.39680972575392953,False
sample_10275.jpg,SRC_095,-20.0,180.0,56.495654,N-spring,0.5,train,0.516304691583102,False
sample_10276.jpg,SRC_051,20.0,180.0,63.609319,N-autumn,0.5,train,0.38895904293341416,False
sample_10277.jpg,SRC_037,15.0,180.0,44.468297,N-spring,0.25,calibration,0.498327399397149,False
sample_10278.jpg,SRC_115,25.0,180.0,41.8845,N-spring,0.25,train,0.43815958111396214,False
sample_10279.jpg,SRC_006,-15.0,180.0,65.638079,N-spring,0.5,train,0.40064169849671194,False
sample_10280.jpg,SRC_076,25.0,180.0,63.632584,N-autumn,0.25,validation,0.41494602855773194,False
sample_10281.jpg,SRC_110,90.0,0.0,59.038071,N-summer,0.25,train,0.4580953244277158,False
sample_10282.jpg,SRC_052,5.0,180.0,51.705435,N-summer,0.25,train,0.4386218696505333,False
sample_10283.jpg,SRC_090,50.0,180.0,47.196626,N-summer,0.25,train,0.3677033288178987,False
sample_10284.jpg,SRC_074,0.0,180.0,50.25459,N-spring,0.5,train,0.41964588153764026,False
sample_10285.jpg,SRC_065,30.0,180.0,68.700871,N-winter,0.5,validation,0.3962371124119495,False
sample_10286.jpg,SRC_005,0.0,180.0,55.846781,N-summer,0.5,calibration,0.48090381105197555,False
sample_10287.jpg,SRC_065,30.0,180.0,68.700871,N-winter,0.5,validation,0.3891622641604814,False
sample_10288.jpg,SRC_144,-35.0,180.0,76.731052,N-spring,0.5,train,0.4194019842594564,False
sample_10289.jpg,SRC_013,50.0,180.0,54.051464,N-spring,0.5,train,0.38205848297937245,False
sample_10290.jpg,SRC_046,0.0,180.0,58.061031,N-autumn,0.25,validation,0.3850991988600697,False
sample_10291.jpg,SRC_041,15.0,180.0,46.712049,N-summer,0.25,calibration,0.3829657957384761,False
sample_10292.jpg,SRC_134,-30.0,180.0,69.607895,N-spring,0.5,train,0.4824631522079697,False
sample_10293.jpg,SRC_042,10.0,180.0,36.92431,N-spring,0.5,train,0.4006993695941298,False
sample_10294.jpg,SRC_066,-10.0,180.0,61.81065,N-summer,0.5,validation,0.4614900017964027,False
sample_10295.jpg,SRC_014,-40.0,180.0,38.480327,N-winter,0.25,calibration,0.3839225044714343,False
sample_10296.jpg,SRC_066,-10.0,180.0,61.81065,N-summer,0.5,validation,0.49895714839114136,False
sample_10297.jpg,SRC_172,55.0,180.0,47.744159,N-summer,0.25,train,0.47498211455877987,False
sample_10298.jpg,SRC_133,-10.0,180.0,48.887369,N-spring,0.5,calibration,0.510815690286219,False
sample_10299.jpg,SRC_121,25.0,180.0,67.446292,N-autumn,0.5,validation,0.38357327985423434,False
sample_10300.jpg,SRC_056,-40.0,180.0,74.660587,N-summer,0.5,train,0.36924178169682553,False
sample_10301.jpg,SRC_041,15.0,180.0,46.712049,N-summer,0.25,calibration,0.5007648086664657,False
sample_10302.jpg,SRC_058,30.0,180.0,69.060883,N-autumn,0.5,train,0.3923418453937466,False
sample_10303.jpg,SRC_088,0.0,180.0,53.004483,N-summer,0.25,train,0.40323397870769373,False
sample_10304.jpg,SRC_009,-25.0,180.0,73.827745,N-spring,0.5,train,0.3933169486512835,False
sample_10305.jpg,SRC_021,-90.0,0.0,68.040851,N-autumn,0.5,calibration,0.3928279324589673,False
sample_10306.jpg,SRC_024,10.0,180.0,53.725813,N-summer,0.25,calibration,0.3810607762959718,False
sample_10307.jpg,SRC_090,50.0,180.0,47.196626,N-summer,0.25,train,0.49347500679873085,False
sample_10308.jpg,SRC_132,5.0,180.0,51.83727,N-summer,0.25,train,0.45618952343252933,False
sample_10309.jpg,SRC_063,25.0,180.0,41.329237,N-spring,0.25,train,0.37145286185271126,False
sample_10310.jpg,SRC_129,20.0,180.0,41.057252,N-spring,0.25,train,0.4692537042321886,False
sample_10311.jpg,SRC_052,5.0,180.0,51.705435,N-summer,0.25,train,0.5139961760870009,False
sample_10312.jpg,SRC_042,10.0,180.0,36.92431,N-spring,0.5,train,0.3672957179908925,False
sample_10313.jpg,SRC_065,30.0,180.0,68.700871,N-winter,0.5,validation,0.42249453557375166,False
sample_10314.jpg,SRC_103,-35.0,180.0,57.090396,N-autumn,0.25,train,0.39675875718717335,False
sample_10315.jpg,SRC_020,35.0,180.0,42.075965,N-summer,0.25,train,0.3733603669044181,False
sample_10316.jpg,SRC_165,10.0,180.0,42.451267,N-winter,0.25,calibration,0.39216904846919615,False
sample_10317.jpg,SRC_171,-35.0,180.0,63.65778,N-spring,0.25,calibration,0.38998531600259145,False
sample_10318.jpg,SRC_037,15.0,180.0,44.468297,N-spring,0.25,calibration,0.3903697335611104,False
sample_10319.jpg,SRC_094,20.0,180.0,66.934532,N-autumn,0.25,train,0.49415026762543784,False
sample_10320.jpg,SRC_009,-25.0,180.0,73.827745,N-spring,0.5,train,0.4362086463642961,False
sample_10321.jpg,SRC_024,10.0,180.0,53.725813,N-summer,0.25,calibration,0.4833798852000939,False
sample_10322.jpg,SRC_082,-10.0,180.0,60.444036,N-spring,0.25,train,0.3992164564937885,False
sample_10323.jpg,SRC_080,-25.0,180.0,69.726065,N-summer,0.25,calibration,0.4901378315437367,False
sample_10324.jpg,SRC_114,-10.0,180.0,58.176498,N-autumn,0.5,calibration,0.38457104244029944,False
sample_10325.jpg,SRC_083,0.0,180.0,55.378885,N-spring,0.25,train,0.49302338607713797,False
sample_10326.jpg,SRC_051,20.0,180.0,63.609319,N-autumn,0.5,train,0.40385995769238114,False
sample_10327.jpg,SRC_104,25.0,180.0,45.102036,N-summer,0.5,calibration,0.504612561322546,False
sample_10328.jpg,SRC_059,15.0,180.0,48.046698,N-summer,0.25,train,0.40415755570036327,False
sample_10329.jpg,SRC_044,-90.0,0.0,81.862162,N-autumn,0.5,train,0.5144038791256993,False
sample_10330.jpg,SRC_051,20.0,180.0,63.609319,N-autumn,0.5,train,0.38818778252075603,False
sample_10331.jpg,SRC_072,15.0,180.0,46.966801,N-winter,0.25,train,0.5051750644432556,False
sample_10332.jpg,SRC_141,-10.0,180.0,55.206291,N-spring,0.25,train,0.3651956021808649,False
sample_10333.jpg,SRC_029,-5.0,180.0,45.485648,N-autumn,0.25,train,0.4366929030479144,False
sample_10334.jpg,SRC_086,15.0,180.0,43.648742,N-summer,0.5,train,0.3854257210142576,False
sample_10335.jpg,SRC_021,-90.0,0.0,68.040851,N-autumn,0.5,calibration,0.39003849916960637,False
sample_10336.jpg,SRC_058,30.0,180.0,69.060883,N-autumn,0.5,train,0.4942602148580607,False
sample_10337.jpg,SRC_047,0.0,180.0,48.028677,N-spring,0.5,train,0.45212601560378796,False
sample_10338.jpg,SRC_081,-90.0,0.0,74.772433,N-autumn,0.25,train,0.5147988914396207,False
sample_10339.jpg,SRC_042,10.0,180.0,36.92431,N-spring,0.5,train,0.4069747538923508,False
sample_10340.jpg,SRC_038,-15.0,180.0,32.097448,N-winter,0.25,validation,0.434670025971623,False
sample_10341.jpg,SRC_087,0.0,180.0,54.65824,N-summer,0.25,train,0.4847219486269664,False
sample_10342.jpg,SRC_091,-40.0,180.0,72.511342,N-summer,0.5,train,0.38356144513255874,False
sample_10343.jpg,SRC_115,25.0,180.0,41.8845,N-spring,0.25,train,0.4168326696284514,False
sample_10344.jpg,SRC_065,30.0,180.0,68.700871,N-winter,0.5,validation,0.5010989424560194,False
sample_10345.jpg,SRC_013,50.0,180.0,54.051464,N-spring,0.5,train,0.3722801000720135,False
sample_10346.jpg,SRC_020,35.0,180.0,42.075965,N-summer,0.25,train,0.403398865435369,False
sample_10347.jpg,SRC_066,-10.0,180.0,61.81065,N-summer,0.5,validation,0.45306068277541744,False
sample_10348.jpg,SRC_004,30.0,180.0,61.107468,N-autumn,0.5,train,0.3850587554825696,False
sample_10349.jpg,SRC_076,25.0,180.0,63.632584,N-autumn,0.25,validation,0.39612564151366003,False
sample_10350.jpg,SRC_169,40.0,180.0,48.615664,N-summer,0.25,validation,0.3874602190506429,False
sample_10351.jpg,SRC_104,25.0,180.0,45.102036,N-summer,0.5,calibration,0.44301501918791153,False
sample_10352.jpg,SRC_042,10.0,180.0,36.92431,N-spring,0.5,train,0.381668540152632,False
sample_10353.jpg,SRC_093,-25.0,180.0,43.343655,N-autumn,0.5,calibration,0.384615610868421,False
sample_10354.jpg,SRC_091,-40.0,180.0,72.511342,N-summer,0.5,train,0.3925015378490623,False
sample_10355.jpg,SRC_009,-25.0,180.0,73.827745,N-spring,0.5,train,0.4355727981875999,False
sample_10356.jpg,SRC_022,20.0,180.0,41.513642,N-spring,0.25,train,0.3824593219288593,False
sample_10357.jpg,SRC_112,-30.0,180.0,67.516648,N-spring,0.5,train,0.4292768845280002,False
sample_10358.jpg,SRC_130,25.0,180.0,37.507656,N-spring,0.25,validation,0.4001409195929725,False
sample_10359.jpg,SRC_103,-35.0,180.0,57.090396,N-autumn,0.25,train,0.39012601845241435,False
sample_10360.jpg,SRC_019,90.0,0.0,60.00919,N-summer,0.25,train,0.44526584037568784,False
sample_10361.jpg,SRC_087,0.0,180.0,54.65824,N-summer,0.25,train,0.3993438987992827,False
sample_10362.jpg,SRC_022,20.0,180.0,41.513642,N-spring,0.25,train,0.37913669691581114,False
sample_10363.jpg,SRC_066,-10.0,180.0,61.81065,N-summer,0.5,validation,0.5148626203920913,False
sample_10364.jpg,SRC_029,-5.0,180.0,45.485648,N-autumn,0.25,train,0.3955536887546134,False
sample_10365.jpg,SRC_012,-90.0,0.0,85.677016,N-autumn,0.5,train,0.4872656897609933,False
sample_10366.jpg,SRC_059,15.0,180.0,48.046698,N-summer,0.25,train,0.39744792734576545,False
sample_10367.jpg,SRC_092,5.0,180.0,57.429528,N-autumn,0.25,validation,0.40927252341685005,False
sample_10368.jpg,SRC_124,0.0,180.0,51.928413,N-summer,0.25,train,0.39755596976036334,False
sample_10369.jpg,SRC_111,-35.0,180.0,79.069883,N-spring,1.0,train,0.5299552228627412,False
sample_10370.jpg,SRC_114,-10.0,180.0,58.176498,N-autumn,0.5,calibration,0.37079632498187176,False
sample_10371.jpg,SRC_013,50.0,180.0,54.051464,N-spring,0.5,train,0.4004403026905129,False
sample_10372.jpg,SRC_150,10.0,180.0,50.798821,N-summer,0.5,train,0.403031342271632,False
sample_10373.jpg,SRC_096,25.0,180.0,40.422288,N-spring,0.25,calibration,0.39952957827896673,False
sample_10374.jpg,SRC_005,0.0,180.0,55.846781,N-summer,0.5,calibration,0.38363578686085464,False
sample_10375.jpg,SRC_063,25.0,180.0,41.329237,N-spring,0.25,train,0.37220764339141044,False
sample_10376.jpg,SRC_081,-90.0,0.0,74.772433,N-autumn,0.25,train,0.5246592843614277,False
sample_10377.jpg,SRC_140,35.0,180.0,44.85556,N-spring,0.25,validation,0.46649467190829474,False
sample_10378.jpg,SRC_112,-30.0,180.0,67.516648,N-spring,0.5,train,0.4201656966960397,False
sample_10379.jpg,SRC_103,-35.0,180.0,57.090396,N-autumn,0.25,train,0.39348260738328367,False
sample_10380.jpg,SRC_143,90.0,0.0,68.916652,N-spring,0.5,validation,0.43985424769889414,False
sample_10381.jpg,SRC_096,25.0,180.0,40.422288,N-spring,0.25,calibration,0.39157926428126694,False
sample_10382.jpg,SRC_011,-20.0,180.0,70.371153,N-summer,0.25,train,0.4886776624110286,False
sample_10383.jpg,SRC_029,-5.0,180.0,45.485648,N-autumn,0.25,train,0.3851468992182806,False
sample_10384.jpg,SRC_027,35.0,180.0,41.369436,N-spring,0.5,calibration,0.3841282272073673,False
sample_10385.jpg,SRC_144,-35.0,180.0,76.731052,N-spring,0.5,train,0.41791761171546327,False
sample_10386.jpg,SRC_075,-90.0,0.0,65.329336,N-winter,0.25,train,0.49755622963320095,False
sample_10387.jpg,SRC_041,15.0,180.0,46.712049,N-summer,0.25,calibration,0.5033419184604485,False
sample_10388.jpg,SRC_109,50.0,180.0,54.137665,N-summer,0.25,validation,0.3804665110734195,False
sample_10389.jpg,SRC_148,-15.0,180.0,49.227137,N-autumn,0.25,train,0.43821392403997705,False
sample_10390.jpg,SRC_154,0.0,180.0,54.770875,N-summer,0.5,train,0.441547517719755,False
sample_10391.jpg,SRC_131,10.0,180.0,60.540464,N-autumn,0.5,train,0.5062789918307684,False
sample_10392.jpg,SRC_095,-20.0,180.0,56.495654,N-spring,0.5,train,0.4224122885291194,False
sample_10393.jpg,SRC_145,-5.0,180.0,52.15166,N-spring,0.25,train,0.47115281938917225,False
sample_10394.jpg,SRC_109,50.0,180.0,54.137665,N-summer,0.25,validation,0.4223162917168488,False
sample_10395.jpg,SRC_135,5.0,180.0,41.328761,N-winter,0.5,train,0.4751855358905289,False
sample_10396.jpg,SRC_158,-5.0,180.0,35.954137,N-winter,0.25,train,0.3841470781433626,False
sample_10397.jpg,SRC_171,-35.0,180.0,63.65778,N-spring,0.25,calibration,0.4914639703298051,False
sample_10398.jpg,SRC_139,40.0,180.0,53.533251,N-winter,0.25,train,0.3886619777759405,False
sample_10399.jpg,SRC_091,-40.0,180.0,72.511342,N-summer,0.5,train,0.3891805737464792,False
sample_10400.jpg,SRC_051,20.0,180.0,63.609319,N-autumn,0.5,train,0.49115289431221026,False
sample_10401.jpg,SRC_069,25.0,180.0,48.120522,N-summer,0.5,train,0.4397564777295016,False
sample_10402.jpg,SRC_091,-40.0,180.0,72.511342,N-summer,0.5,train,0.38795330535049377,False
sample_10403.jpg,SRC_062,45.0,180.0,81.508965,N-autumn,0.5,train,0.3758206437777461,False
sample_10404.jpg,SRC_124,0.0,180.0,51.928413,N-summer,0.25,train,0.38897321172010857,False
sample_10405.jpg,SRC_090,50.0,180.0,47.196626,N-summer,0.25,train,0.3628608047144913,False
sample_10406.jpg,SRC_109,50.0,180.0,54.137665,N-summer,0.25,validation,0.38194199543649515,False
sample_10407.jpg,SRC_093,-25.0,180.0,43.343655,N-autumn,0.5,calibration,0.3860768943596786,False
sample_10408.jpg,SRC_022,20.0,180.0,41.513642,N-spring,0.25,train,0.4016379729967837,False
sample_10409.jpg,SRC_099,15.0,180.0,42.024472,N-spring,0.5,train,0.4555409310122848,False
sample_10410.jpg,SRC_156,10.0,180.0,48.737382,N-summer,0.25,train,0.4449831754032344,False
sample_10411.jpg,SRC_054,5.0,180.0,37.41608,N-winter,0.25,calibration,0.41390958306490927,False
sample_10412.jpg,SRC_139,40.0,180.0,53.533251,N-winter,0.25,train,0.3739767224462421,False
sample_10413.jpg,SRC_121,25.0,180.0,67.446292,N-autumn,0.5,validation,0.376057629559284,False
sample_10414.jpg,SRC_091,-40.0,180.0,72.511342,N-summer,0.5,train,0.5074465891056856,False
sample_10415.jpg,SRC_085,0.0,180.0,39.187341,N-spring,0.25,train,0.4050663715796456,False
sample_10416.jpg,SRC_030,-25.0,180.0,67.936804,N-spring,0.5,train,0.40469963090954575,False
sample_10417.jpg,SRC_104,25.0,180.0,45.102036,N-summer,0.5,calibration,0.38240851023998557,False
sample_10418.jpg,SRC_113,-35.0,180.0,36.668707,N-winter,0.25,train,0.382540363790568,False
sample_10419.jpg,SRC_059,15.0,180.0,48.046698,N-summer,0.25,train,0.4280262452810444,False
sample_10420.jpg,SRC_134,-30.0,180.0,69.607895,N-spring,0.5,train,0.5164914872061658,False
sample_10421.jpg,SRC_042,10.0,180.0,36.92431,N-spring,0.5,train,0.3767985310247112,False
sample_10422.jpg,SRC_005,0.0,180.0,55.846781,N-summer,0.5,calibration,0.3829923704743486,False
