filename,novelty_score,source_image_id,latitude,sun_angle,season
sample_00001.jpg,0.40599478242647036,SRC_042,10.0,36.92431,N-spring
sample_00002.jpg,0.41401177737264294,SRC_022,20.0,41.513642,N-spring
sample_00003.jpg,0.4070063056119217,SRC_074,0.0,50.25459,N-spring
sample_00004.jpg,0.39757774910521476,SRC_091,-40.0,72.511342,N-summer
sample_00005.jpg,0.3836650717346168,SRC_108,-40.0,68.856247,N-summer
sample_00006.jpg,0.4672858690876208,SRC_013,50.0,54.051464,N-spring
sample_00007.jpg,0.39788669523142706,SRC_151,-15.0,63.408071,N-summer
sample_00008.jpg,0.4069732246492214,SRC_063,25.0,41.329237,N-spring
sample_00009.jpg,0.39065070696856086,SRC_030,-25.0,67.936804,N-spring
sample_00010.jpg,0.49621313564991787,SRC_096,25.0,40.422288,N-spring
sample_00011.jpg,0.5127009645097382,SRC_130,25.0,37.507656,N-spring
sample_00012.jpg,0.4050430167884044,SRC_156,10.0,48.737382,N-summer
sample_00013.jpg,0.38526201266082377,SRC_164,20.0,59.226879,N-autumn
sample_00014.jpg,0.37403810542329274,SRC_002,40.0,45.868768,N-summer
sample_00015.jpg,0.3977788991248334,SRC_006,-15.0,65.638079,N-spring
sample_00016.jpg,0.4929156147357888,SRC_153,-40.0,43.960452,N-autumn
sample_00017.jpg,0.3945554193645409,SRC_156,10.0,48.737382,N-summer
sample_00018.jpg,0.495077221775753,SRC_094,20.0,66.934532,N-autumn
sample_00019.jpg,0.3885698554154698,SRC_158,-5.0,35.954137,N-winter
sample_00020.jpg,0.4134384703366257,SRC_050,0.0,53.680047,N-summer
sample_00021.jpg,0.4396198331218004,SRC_112,-30.0,67.516648,N-spring
sample_00022.jpg,0.39190896566053973,SRC_059,15.0,48.046698,N-summer
sample_00023.jpg,0.3960600872432797,SRC_151,-15.0,63.408071,N-summer
sample_00024.jpg,0.38591344878047024,SRC_073,45.0,41.537171,N-spring
sample_00025.jpg,0.4991162019265289,SRC_050,0.0,53.680047,N-summer
sample_00026.jpg,0.4774573305438561,SRC_045,-90.0,70.559818,N-autumn
sample_00027.jpg,0.49322364932199925,SRC_153,-40.0,43.960452,N-autumn
sample_00028.jpg,0.4004977411072975,SRC_092,5.0,57.429528,N-autumn
sample_00029.jpg,0.447730159664367,SRC_049,5.0,42.94902,N-spring
sample_00030.jpg,0.38733535736737734,SRC_013,50.0,54.051464,N-spring
sample_00031.jpg,0.4096989659767476,SRC_103,-35.0,57.090396,N-autumn
sample_00032.jpg,0.4429607560063739,SRC_051,20.0,63.609319,N-autumn
sample_00033.jpg,0.4091229870762859,SRC_102,-10.0,52.255853,N-spring
sample_00034.jpg,0.41598585427742574,SRC_078,15.0,40.437008,N-spring
sample_00035.jpg,0.3932764123235923,SRC_084,-10.0,58.957849,N-summer
sample_00036.jpg,0.4522583840980932,SRC_069,25.0,48.120522,N-summer
sample_00037.jpg,0.3777751184324081,SRC_041,15.0,46.712049,N-summer
sample_00038.jpg,0.4340165325580677,SRC_097,0.0,35.318175,N-winter
sample_00039.jpg,0.5048639332138769,SRC_096,25.0,40.422288,N-spring
sample_00040.jpg,0.44855064263806865,SRC_052,5.0,51.705435,N-summer
sample_00041.jpg,0.41276031269603236,SRC_006,-15.0,65.638079,N-spring
sample_00042.jpg,0.488016934560226,SRC_011,-20.0,70.371153,N-summer
sample_00043.jpg,0.4286345911239241,SRC_030,-25.0,67.936804,N-spring
sample_00044.jpg,0.3964442764064576,SRC_158,-5.0,35.954137,N-winter
sample_00045.jpg,0.49861386620268194,SRC_061,50.0,43.110277,N-spring
sample_00046.jpg,0.46990821173572483,SRC_126,-20.0,68.779144,N-summer
sample_00047.jpg,0.3922594710662631,SRC_085,0.0,39.187341,N-spring
sample_00048.jpg,0.41161373393084333,SRC_076,25.0,63.632584,N-autumn
sample_00049.jpg,0.39533936433802114,SRC_134,-30.0,69.607895,N-spring
sample_00050.jpg,0.48467965031302507,SRC_069,25.0,48.120522,N-summer
sample_00051.jpg,0.4063336413970446,SRC_089,10.0,48.442522,N-winter
sample_00052.jpg,0.3741005472102682,SRC_063,25.0,41.329237,N-spring
sample_00053.jpg,0.39085593619927234,SRC_097,0.0,35.318175,N-winter
sample_00054.jpg,0.41448028844340606,SRC_088,0.0,53.004483,N-summer
sample_00055.jpg,0.42560708966447713,SRC_111,-35.0,79.069883,N-spring
sample_00056.jpg,0.4193473583918584,SRC_133,-10.0,48.887369,N-spring
sample_00057.jpg,0.48334622216476175,SRC_157,40.0,44.22455,N-summer
sample_00058.jpg,0.3944683879665527,SRC_109,50.0,54.137665,N-summer
sample_00059.jpg,0.38111989434311333,SRC_042,10.0,36.92431,N-spring
sample_00060.jpg,0.41210215989389765,SRC_156,10.0,48.737382,N-summer
sample_00061.jpg,0.39410677747410144,SRC_164,20.0,59.226879,N-autumn
sample_00062.jpg,0.4896444659330359,SRC_001,-5.0,51.987197,N-spring
sample_00063.jpg,0.3884529016929597,SRC_084,-10.0,58.957849,N-summer
sample_00064.jpg,0.37437532273165425,SRC_141,-10.0,55.206291,N-spring
sample_00065.jpg,0.3842890854662963,SRC_099,15.0,42.024472,N-spring
sample_00066.jpg,0.5017778467565438,SRC_040,90.0,57.651744,N-spring
sample_00067.jpg,0.4074562558623803,SRC_156,10.0,48.737382,N-summer
sample_00068.jpg,0.39445443688999776,SRC_067,-15.0,64.724247,N-spring
sample_00069.jpg,0.4258017049718211,SRC_116,5.0,41.203028,N-spring
sample_00070.jpg,0.45410558201833284,SRC_050,0.0,53.680047,N-summer
sample_00071.jpg,0.39871639900669514,SRC_108,-40.0,68.856247,N-summer
sample_00072.jpg,0.46797849821569937,SRC_094,20.0,66.934532,N-autumn
sample_00073.jpg,0.38114290323548805,SRC_086,15.0,43.648742,N-summer
sample_00074.jpg,0.38886231477483124,SRC_027,35.0,41.369436,N-spring
sample_00075.jpg,0.4080961556321513,SRC_021,-90.0,68.040851,N-autumn
sample_00076.jpg,0.40364311028189415,SRC_040,90.0,57.651744,N-spring
sample_00077.jpg,0.4380000770774406,SRC_031,-90.0,62.684336,N-winter
sample_00078.jpg,0.39634294580217644,SRC_171,-35.0,63.65778,N-spring
sample_00079.jpg,0.47596550320668063,SRC_075,-90.0,65.329336,N-winter
sample_00080.jpg,0.39308357425526463,SRC_091,-40.0,72.511342,N-summer
sample_00081.jpg,0.5073316411784952,SRC_018,-90.0,67.882485,N-winter
sample_00082.jpg,0.4088127726537305,SRC_027,35.0,41.369436,N-spring
sample_00083.jpg,0.4194514847310402,SRC_148,-15.0,49.227137,N-autumn
sample_00084.jpg,0.40657166702158687,SRC_061,50.0,43.110277,N-spring
sample_00085.jpg,0.4756170111189085,SRC_037,15.0,44.468297,N-spring
sample_00086.jpg,0.430635794398318,SRC_148,-15.0,49.227137,N-autumn
sample_00087.jpg,0.41800726097689617,SRC_102,-10.0,52.255853,N-spring
sample_00088.jpg,0.4127631959904131,SRC_009,-25.0,73.827745,N-spring
sample_00089.jpg,0.3843874148632142,SRC_100,20.0,41.506528,N-spring
sample_00090.jpg,0.3992340043402926,SRC_141,-10.0,55.206291,N-spring
sample_00091.jpg,0.4066541586840803,SRC_134,-30.0,69.607895,N-spring
sample_00092.jpg,0.4122767227405581,SRC_132,5.0,51.83727,N-summer
sample_00093.jpg,0.3890133951195027,SRC_103,-35.0,57.090396,N-autumn
sample_00094.jpg,0.396169975540673,SRC_116,5.0,41.203028,N-spring
sample_00095.jpg,0.4243163539966731,SRC_115,25.0,41.8845,N-spring
sample_00096.jpg,0.4122225932149092,SRC_061,50.0,43.110277,N-spring
sample_00097.jpg,0.39186975606576513,SRC_114,-10.0,58.176498,N-autumn
sample_00098.jpg,0.4475695802322731,SRC_119,90.0,58.642683,N-spring
sample_00099.jpg,0.38485205647231097,SRC_120,90.0,69.983669,N-summer
sample_00100.jpg,0.4747077418220643,SRC_066,-10.0,61.81065,N-summer
sample_00101.jpg,0.42031780240672784,SRC_112,-30.0,67.516648,N-spring
sample_00102.jpg,0.38894084531549244,SRC_097,0.0,35.318175,N-winter
sample_00103.jpg,0.5097155512885954,SRC_172,55.0,47.744159,N-summer
sample_00104.jpg,0.3801379906292145,SRC_156,10.0,48.737382,N-summer
sample_00105.jpg,0.39477455834277475,SRC_161,5.0,52.294471,N-summer
sample_00106.jpg,0.4123607309289783,SRC_151,-15.0,63.408071,N-summer
sample_00107.jpg,0.39563652544502076,SRC_112,-30.0,67.516648,N-spring
sample_00108.jpg,0.39990762565451343,SRC_121,25.0,67.446292,N-autumn
sample_00109.jpg,0.3873126159242795,SRC_074,0.0,50.25459,N-spring
sample_00110.jpg,0.4178069657498515,SRC_151,-15.0,63.408071,N-summer
sample_00111.jpg,0.5022525493084541,SRC_047,0.0,48.028677,N-spring
sample_00112.jpg,0.41867734901114967,SRC_092,5.0,57.429528,N-autumn
sample_00113.jpg,0.3829191503396711,SRC_015,20.0,46.484204,N-summer
sample_00114.jpg,0.39096616500420023,SRC_124,0.0,51.928413,N-summer
sample_00115.jpg,0.4047045054105151,SRC_074,0.0,50.25459,N-spring
sample_00116.jpg,0.40493815568703084,SRC_088,0.0,53.004483,N-summer
sample_00117.jpg,0.3961936466110944,SRC_124,0.0,51.928413,N-summer
sample_00118.jpg,0.4662946799739546,SRC_026,90.0,57.238404,N-spring
sample_00119.jpg,0.42156473267584504,SRC_061,50.0,43.110277,N-spring
sample_00120.jpg,0.48793157101241313,SRC_135,5.0,41.328761,N-winter
sample_00121.jpg,0.39848099313246765,SRC_016,10.0,55.552023,N-winter
sample_00122.jpg,0.3994708221141532,SRC_171,-35.0,63.65778,N-spring
sample_00123.jpg,0.3957759402638251,SRC_066,-10.0,61.81065,N-summer
sample_00124.jpg,0.4582311473315398,SRC_111,-35.0,79.069883,N-spring
sample_00125.jpg,0.4113967444100874,SRC_009,-25.0,73.827745,N-spring
sample_00126.jpg,0.49939258803744613,SRC_052,5.0,51.705435,N-summer
sample_00127.jpg,0.39316266424069796,SRC_067,-15.0,64.724247,N-spring
sample_00128.jpg,0.4160778223900158,SRC_102,-10.0,52.255853,N-spring
sample_00129.jpg,0.4059195065519286,SRC_103,-35.0,57.090396,N-autumn
sample_00130.jpg,0.48520813271883056,SRC_050,0.0,53.680047,N-summer
sample_00131.jpg,0.4497603839405134,SRC_112,-30.0,67.516648,N-spring
sample_00132.jpg,0.44750552160612933,SRC_047,0.0,48.028677,N-spring
sample_00133.jpg,0.3710088449158262,SRC_114,-10.0,58.176498,N-autumn
sample_00134.jpg,0.4338919500129331,SRC_133,-10.0,48.887369,N-spring
sample_00135.jpg,0.43386042759925036,SRC_074,0.0,50.25459,N-spring
sample_00136.jpg,0.46198791015886,SRC_014,-40.0,38.480327,N-winter
sample_00137.jpg,0.40931620139621083,SRC_088,0.0,53.004483,N-summer
sample_00138.jpg,0.45364252747915546,SRC_148,-15.0,49.227137,N-autumn
sample_00139.jpg,0.42037441961275146,SRC_022,20.0,41.513642,N-spring
sample_00140.jpg,0.49593178888912026,SRC_119,90.0,58.642683,N-spring
sample_00141.jpg,0.4320402249143734,SRC_107,20.0,65.68027,N-autumn
sample_00142.jpg,0.372325590268621,SRC_099,15.0,42.024472,N-spring
sample_00143.jpg,0.39827230102113037,SRC_030,-25.0,67.936804,N-spring
sample_00144.jpg,0.4060070184694129,SRC_106,25.0,40.638999,N-spring
sample_00145.jpg,0.42994733085975767,SRC_115,25.0,41.8845,N-spring
sample_00146.jpg,0.39184224246898847,SRC_103,-35.0,57.090396,N-autumn
sample_00147.jpg,0.37985696684733805,SRC_134,-30.0,69.607895,N-spring
sample_00148.jpg,0.41684499792315216,SRC_153,-40.0,43.960452,N-autumn
sample_00149.jpg,0.39794345690861027,SRC_056,-40.0,74.660587,N-summer
sample_00150.jpg,0.39740815908960714,SRC_145,-5.0,52.15166,N-spring
sample_00151.jpg,0.43268968183753975,SRC_033,45.0,66.067561,N-summer
sample_00152.jpg,0.4176986936268454,SRC_133,-10.0,48.887369,N-spring
sample_00153.jpg,0.39300786966904855,SRC_072,15.0,46.966801,N-winter
sample_00154.jpg,0.3931642679193634,SRC_075,-90.0,65.329336,N-winter
sample_00155.jpg,0.4059088468058656,SRC_043,10.0,50.433279,N-summer
sample_00156.jpg,0.389104906297446,SRC_027,35.0,41.369436,N-spring
sample_00157.jpg,0.38713590369470496,SRC_153,-40.0,43.960452,N-autumn
sample_00158.jpg,0.3801450921438683,SRC_093,-25.0,43.343655,N-autumn
sample_00159.jpg,0.4409539466617621,SRC_091,-40.0,72.511342,N-summer
sample_00160.jpg,0.3978278089962295,SRC_158,-5.0,35.954137,N-winter
sample_00161.jpg,0.38094546501004417,SRC_099,15.0,42.024472,N-spring
sample_00162.jpg,0.4867117225246429,SRC_146,10.0,58.0428,N-summer
sample_00163.jpg,0.40919304017636426,SRC_062,45.0,81.508965,N-autumn
sample_00164.jpg,0.5118705698418231,SRC_122,-5.0,57.310506,N-summer
sample_00165.jpg,0.5040881932393487,SRC_074,0.0,50.25459,N-spring
sample_00166.jpg,0.3830690568805174,SRC_100,20.0,41.506528,N-spring
sample_00167.jpg,0.5019194767822696,SRC_044,-90.0,81.862162,N-autumn
sample_00168.jpg,0.510706708298585,SRC_068,0.0,56.216196,N-summer
sample_00169.jpg,0.4460023188308123,SRC_125,-5.0,52.428603,N-spring
sample_00170.jpg,0.48622495449520037,SRC_011,-20.0,70.371153,N-summer
sample_00171.jpg,0.3889780429179915,SRC_134,-30.0,69.607895,N-spring
sample_00172.jpg,0.48868162255873593,SRC_017,-90.0,64.6979,N-winter
sample_00173.jpg,0.5079395937317639,SRC_148,-15.0,49.227137,N-autumn
sample_00174.jpg,0.4064075888952511,SRC_156,10.0,48.737382,N-summer
sample_00175.jpg,0.4463772730870277,SRC_049,5.0,42.94902,N-spring
sample_00176.jpg,0.4137328292916707,SRC_009,-25.0,73.827745,N-spring
sample_00177.jpg,0.40533244967125437,SRC_063,25.0,41.329237,N-spring
sample_00178.jpg,0.4068174085816058,SRC_151,-15.0,63.408071,N-summer
sample_00179.jpg,0.40904271897963457,SRC_069,25.0,48.120522,N-summer
sample_00180.jpg,0.4666917258441283,SRC_144,-35.0,76.731052,N-spring
sample_00181.jpg,0.4145200722968642,SRC_145,-5.0,52.15166,N-spring
sample_00182.jpg,0.39184508109484245,SRC_092,5.0,57.429528,N-autumn
sample_00183.jpg,0.38933132092821654,SRC_171,-35.0,63.65778,N-spring
sample_00184.jpg,0.38196309386593047,SRC_108,-40.0,68.856247,N-summer
sample_00185.jpg,0.48932935675489564,SRC_097,0.0,35.318175,N-winter
sample_00186.jpg,0.5154058003678628,SRC_011,-20.0,70.371153,N-summer
sample_00187.jpg,0.4039660436318764,SRC_088,0.0,53.004483,N-summer
sample_00188.jpg,0.3876071273451697,SRC_124,0.0,51.928413,N-summer
sample_00189.jpg,0.3757319042547845,SRC_013,50.0,54.051464,N-spring
sample_00190.jpg,0.38796053371973305,SRC_042,10.0,36.92431,N-spring
sample_00191.jpg,0.5253305317422382,SRC_172,55.0,47.744159,N-summer
sample_00192.jpg,0.42624857591799603,SRC_095,-20.0,56.495654,N-spring
sample_00193.jpg,0.4140072935510938,SRC_096,25.0,40.422288,N-spring
sample_00194.jpg,0.4034341195826059,SRC_072,15.0,46.966801,N-winter
sample_00195.jpg,0.4766833602502641,SRC_034,40.0,46.055099,N-summer
sample_00196.jpg,0.41300375373319104,SRC_092,5.0,57.429528,N-autumn
sample_00197.jpg,0.44204257873285024,SRC_129,20.0,41.057252,N-spring
sample_00198.jpg,0.3903644959793548,SRC_109,50.0,54.137665,N-summer
sample_00199.jpg,0.5016086842261128,SRC_059,15.0,48.046698,N-summer
sample_00200.jpg,0.3992825546932035,SRC_042,10.0,36.92431,N-spring
sample_00201.jpg,0.4591859466670288,SRC_047,0.0,48.028677,N-spring
sample_00202.jpg,0.4488038175989694,SRC_139,40.0,53.533251,N-winter
sample_00203.jpg,0.413007393999785,SRC_115,25.0,41.8845,N-spring
sample_00204.jpg,0.39290117670260616,SRC_004,30.0,61.107468,N-autumn
sample_00205.jpg,0.42088828067476414,SRC_144,-35.0,76.731052,N-spring
sample_00206.jpg,0.38860481584683954,SRC_030,-25.0,67.936804,N-spring
sample_00207.jpg,0.3936653343403648,SRC_040,90.0,57.651744,N-spring
sample_00208.jpg,0.41606956469965245,SRC_023,-10.0,50.837437,N-spring
sample_00209.jpg,0.3920873246101435,SRC_159,20.0,67.076816,N-autumn
sample_00210.jpg,0.3761709242091512,SRC_108,-40.0,68.856247,N-summer
sample_00211.jpg,0.3855737258687616,SRC_009,-25.0,73.827745,N-spring
sample_00212.jpg,0.47644788486976175,SRC_169,40.0,48.615664,N-summer
sample_00213.jpg,0.5144744952126414,SRC_069,25.0,48.120522,N-summer
sample_00214.jpg,0.41854220481361254,SRC_126,-20.0,68.779144,N-summer
sample_00215.jpg,0.40644185911952846,SRC_006,-15.0,65.638079,N-spring
sample_00216.jpg,0.5259550814561698,SRC_066,-10.0,61.81065,N-summer
sample_00217.jpg,0.5037906866359518,SRC_169,40.0,48.615664,N-summer
sample_00218.jpg,0.4249285645458153,SRC_111,-35.0,79.069883,N-spring
sample_00219.jpg,0.4216054455615321,SRC_061,50.0,43.110277,N-spring
sample_00220.jpg,0.3895553186963712,SRC_030,-25.0,67.936804,N-spring
sample_00221.jpg,0.4245973785165783,SRC_013,50.0,54.051464,N-spring
sample_00222.jpg,0.5197960663592414,SRC_097,0.0,35.318175,N-winter
sample_00223.jpg,0.45416188896106957,SRC_150,10.0,50.798821,N-summer
sample_00224.jpg,0.4071990536738131,SRC_050,0.0,53.680047,N-summer
sample_00225.jpg,0.45216530546896516,SRC_133,-10.0,48.887369,N-spring
sample_00226.jpg,0.5257685831496134,SRC_022,20.0,41.513642,N-spring
sample_00227.jpg,0.3988625992879425,SRC_127,-35.0,47.507974,N-autumn
sample_00228.jpg,0.39763864954286154,SRC_112,-30.0,67.516648,N-spring
sample_00229.jpg,0.44046945333405907,SRC_142,-30.0,34.276784,N-winter
sample_00230.jpg,0.5157966977515029,SRC_141,-10.0,55.206291,N-spring
sample_00231.jpg,0.4829983668677496,SRC_096,25.0,40.422288,N-spring
sample_00232.jpg,0.4801490546351075,SRC_064,90.0,60.573524,N-spring
sample_00233.jpg,0.40396619976780607,SRC_089,10.0,48.442522,N-winter
sample_00234.jpg,0.39884691748602497,SRC_083,0.0,55.378885,N-spring
sample_00235.jpg,0.4102731423394405,SRC_123,0.0,54.598149,N-autumn
sample_00236.jpg,0.3949987992740545,SRC_013,50.0,54.051464,N-spring
sample_00237.jpg,0.38489182936883753,SRC_006,-15.0,65.638079,N-spring
sample_00238.jpg,0.5192229880670322,SRC_081,-90.0,74.772433,N-autumn
sample_00239.jpg,0.382592195379429,SRC_004,30.0,61.107468,N-autumn
sample_00240.jpg,0.4881887322890595,SRC_009,-25.0,73.827745,N-spring
sample_00241.jpg,0.42832811397131926,SRC_133,-10.0,48.887369,N-spring
sample_00242.jpg,0.49910449831357145,SRC_016,10.0,55.552023,N-winter
sample_00243.jpg,0.38904783005188814,SRC_095,-20.0,56.495654,N-spring
sample_00244.jpg,0.39183475584906635,SRC_021,-90.0,68.040851,N-autumn
sample_00245.jpg,0.44108611205682796,SRC_056,-40.0,74.660587,N-summer
sample_00246.jpg,0.46183500406460193,SRC_108,-40.0,68.856247,N-summer
sample_00247.jpg,0.39049259101365885,SRC_005,0.0,55.846781,N-summer
sample_00248.jpg,0.4257510174532634,SRC_150,10.0,50.798821,N-summer
sample_00249.jpg,0.37399456493478694,SRC_140,35.0,44.85556,N-spring
sample_00250.jpg,0.4017226400322514,SRC_035,0.0,56.990187,N-autumn
sample_00251.jpg,0.3832418588672701,SRC_136,-35.0,76.922409,N-spring
sample_00252.jpg,0.3953203340667056,SRC_040,90.0,57.651744,N-spring
sample_00253.jpg,0.39835473186541076,SRC_095,-20.0,56.495654,N-spring
sample_00254.jpg,0.3878441084914557,SRC_099,15.0,42.024472,N-spring
sample_00255.jpg,0.38829368941585074,SRC_014,-40.0,38.480327,N-winter
sample_00256.jpg,0.4010888373429715,SRC_151,-15.0,63.408071,N-summer
sample_00257.jpg,0.3891112550860988,SRC_063,25.0,41.329237,N-spring
sample_00258.jpg,0.39749123017365584,SRC_109,50.0,54.137665,N-summer
sample_00259.jpg,0.4427078937062453,SRC_115,25.0,41.8845,N-spring
sample_00260.jpg,0.4297060581570845,SRC_170,-20.0,56.332579,N-autumn
sample_00261.jpg,0.37908536522254127,SRC_030,-25.0,67.936804,N-spring
sample_00262.jpg,0.5134306194201219,SRC_091,-40.0,72.511342,N-summer
sample_00263.jpg,0.46949966941520477,SRC_154,0.0,54.770875,N-summer
sample_00264.jpg,0.40321324082061316,SRC_092,5.0,57.429528,N-autumn
sample_00265.jpg,0.4307209805842843,SRC_102,-10.0,52.255853,N-spring
sample_00266.jpg,0.3887258803316477,SRC_121,25.0,67.446292,N-autumn
sample_00267.jpg,0.489418760469018,SRC_151,-15.0,63.408071,N-summer
sample_00268.jpg,0.4073654948526553,SRC_135,5.0,41.328761,N-winter
sample_00269.jpg,0.501483535738373,SRC_143,90.0,68.916652,N-spring
sample_00270.jpg,0.4746636183301517,SRC_069,25.0,48.120522,N-summer
sample_00271.jpg,0.46551907721841984,SRC_051,20.0,63.609319,N-autumn
sample_00272.jpg,0.3941288132033282,SRC_108,-40.0,68.856247,N-summer
sample_00273.jpg,0.4002228700993822,SRC_088,0.0,53.004483,N-summer
sample_00274.jpg,0.5484596068937939,SRC_168,90.0,64.709631,N-summer
sample_00275.jpg,0.4236657427695906,SRC_070,60.0,58.788969,N-summer
sample_00276.jpg,0.48465429825108136,SRC_004,30.0,61.107468,N-autumn
sample_00277.jpg,0.47758327844154647,SRC_049,5.0,42.94902,N-spring
sample_00278.jpg,0.39868511108640914,SRC_062,45.0,81.508965,N-autumn
sample_00279.jpg,0.40313891737229807,SRC_115,25.0,41.8845,N-spring
sample_00280.jpg,0.38641919056257834,SRC_037,15.0,44.468297,N-spring
sample_00281.jpg,0.4066201156666883,SRC_024,10.0,53.725813,N-summer
sample_00282.jpg,0.395037862546942,SRC_168,90.0,64.709631,N-summer
sample_00283.jpg,0.3886327012913735,SRC_082,-10.0,60.444036,N-spring
sample_00284.jpg,0.4087447419942018,SRC_133,-10.0,48.887369,N-spring
sample_00285.jpg,0.3832077048926307,SRC_013,50.0,54.051464,N-spring
sample_00286.jpg,0.5064749933101365,SRC_059,15.0,48.046698,N-summer
sample_00287.jpg,0.4068221265067005,SRC_069,25.0,48.120522,N-summer
sample_00288.jpg,0.4197359235069394,SRC_074,0.0,50.25459,N-spring
sample_00289.jpg,0.39261288018337714,SRC_036,5.0,52.749586,N-summer
sample_00290.jpg,0.4085782514981605,SRC_088,0.0,53.004483,N-summer
sample_00291.jpg,0.385631868409845,SRC_171,-35.0,63.65778,N-spring
sample_00292.jpg,0.37765862271529904,SRC_030,-25.0,67.936804,N-spring
sample_00293.jpg,0.40145177971082385,SRC_062,45.0,81.508965,N-autumn
sample_00294.jpg,0.42298220485216065,SRC_102,-10.0,52.255853,N-spring
sample_00295.jpg,0.39532350211050626,SRC_093,-25.0,43.343655,N-autumn
sample_00296.jpg,0.5165488917796119,SRC_001,-5.0,51.987197,N-spring
sample_00297.jpg,0.3896117556708132,SRC_153,-40.0,43.960452,N-autumn
sample_00298.jpg,0.4114934876594528,SRC_138,25.0,44.714676,N-summer
sample_00299.jpg,0.49315615381643507,SRC_097,0.0,35.318175,N-winter
sample_00300.jpg,0.48446460883714204,SRC_109,50.0,54.137665,N-summer
sample_00301.jpg,0.4041524302793074,SRC_017,-90.0,64.6979,N-winter
sample_00302.jpg,0.38742901304032035,SRC_030,-25.0,67.936804,N-spring
sample_00303.jpg,0.4993850792947871,SRC_084,-10.0,58.957849,N-summer
sample_00304.jpg,0.3839654808565565,SRC_006,-15.0,65.638079,N-spring
sample_00305.jpg,0.4461256215696123,SRC_151,-15.0,63.408071,N-summer
sample_00306.jpg,0.48134172000823516,SRC_011,-20.0,70.371153,N-summer
sample_00307.jpg,0.5089896862375393,SRC_047,0.0,48.028677,N-spring
sample_00308.jpg,0.48699803954906384,SRC_042,10.0,36.92431,N-spring
sample_00309.jpg,0.46496202144872595,SRC_071,20.0,40.070501,N-spring
sample_00310.jpg,0.38978151015726187,SRC_099,15.0,42.024472,N-spring
sample_00311.jpg,0.45071490212889653,SRC_060,90.0,64.124177,N-summer
sample_00312.jpg,0.37999046842942585,SRC_099,15.0,42.024472,N-spring
sample_00313.jpg,0.3974455911630014,SRC_139,40.0,53.533251,N-winter
sample_00314.jpg,0.48477241622888806,SRC_061,50.0,43.110277,N-spring
sample_00315.jpg,0.42109975210786665,SRC_108,-40.0,68.856247,N-summer
sample_00316.jpg,0.435268968949717,SRC_125,-5.0,52.428603,N-spring
sample_00317.jpg,0.45780343091955,SRC_108,-40.0,68.856247,N-summer
sample_00318.jpg,0.40968861828475733,SRC_146,10.0,58.0428,N-summer
sample_00319.jpg,0.4869363550850796,SRC_115,25.0,41.8845,N-spring
sample_00320.jpg,0.46919487169349405,SRC_146,10.0,58.0428,N-summer
sample_00321.jpg,0.40245160021446014,SRC_115,25.0,41.8845,N-spring
sample_00322.jpg,0.4174013146508533,SRC_006,-15.0,65.638079,N-spring
sample_00323.jpg,0.40149169804142015,SRC_135,5.0,41.328761,N-winter
sample_00324.jpg,0.41077135072039317,SRC_062,45.0,81.508965,N-autumn
sample_00325.jpg,0.5357993553298805,SRC_165,10.0,42.451267,N-winter
sample_00326.jpg,0.38258510990825256,SRC_004,30.0,61.107468,N-autumn
sample_00327.jpg,0.40145718667990254,SRC_013,50.0,54.051464,N-spring
sample_00328.jpg,0.5150980432637768,SRC_112,-30.0,67.516648,N-spring
sample_00329.jpg,0.4441271637530491,SRC_047,0.0,48.028677,N-spring
sample_00330.jpg,0.3988469994895125,SRC_151,-15.0,63.408071,N-summer
sample_00331.jpg,0.3861837685939903,SRC_127,-35.0,47.507974,N-autumn
sample_00332.jpg,0.3726285263125874,SRC_156,10.0,48.737382,N-summer
sample_00333.jpg,0.5198762228241667,SRC_078,15.0,40.437008,N-spring
sample_00334.jpg,0.40046602056264746,SRC_158,-5.0,35.954137,N-winter
sample_00335.jpg,0.40023887333145797,SRC_009,-25.0,73.827745,N-spring
sample_00336.jpg,0.3866242829708232,SRC_004,30.0,61.107468,N-autumn
sample_00337.jpg,0.4608825627186488,SRC_169,40.0,48.615664,N-summer
sample_00338.jpg,0.4713895129930739,SRC_170,-20.0,56.332579,N-autumn
sample_00339.jpg,0.4141467382909821,SRC_009,-25.0,73.827745,N-spring
sample_00340.jpg,0.4127932241505306,SRC_133,-10.0,48.887369,N-spring
sample_00341.jpg,0.3910579547499908,SRC_043,10.0,50.433279,N-summer
sample_00342.jpg,0.4165796639188974,SRC_111,-35.0,79.069883,N-spring
sample_00343.jpg,0.4243200891043816,SRC_144,-35.0,76.731052,N-spring
sample_00344.jpg,0.46865608893927424,SRC_013,50.0,54.051464,N-spring
sample_00345.jpg,0.3916138199961396,SRC_157,40.0,44.22455,N-summer
sample_00346.jpg,0.5216128216651883,SRC_153,-40.0,43.960452,N-autumn
sample_00347.jpg,0.48452583873490446,SRC_005,0.0,55.846781,N-summer
sample_00348.jpg,0.391946563121155,SRC_058,30.0,69.060883,N-autumn
sample_00349.jpg,0.3999461475209891,SRC_103,-35.0,57.090396,N-autumn
sample_00350.jpg,0.39923997895769,SRC_083,0.0,55.378885,N-spring
sample_00351.jpg,0.4953187164846118,SRC_029,-5.0,45.485648,N-autumn
sample_00352.jpg,0.4415044625786466,SRC_101,5.0,48.479381,N-winter
sample_00353.jpg,0.3736288571890997,SRC_157,40.0,44.22455,N-summer
sample_00354.jpg,0.3784365971705619,SRC_126,-20.0,68.779144,N-summer
sample_00355.jpg,0.4017288857051695,SRC_009,-25.0,73.827745,N-spring
sample_00356.jpg,0.3970584340763109,SRC_123,0.0,54.598149,N-autumn
sample_00357.jpg,0.39954898037880077,SRC_076,25.0,63.632584,N-autumn
sample_00358.jpg,0.39864167753266144,SRC_085,0.0,39.187341,N-spring
sample_00359.jpg,0.4765055918439633,SRC_013,50.0,54.051464,N-spring
sample_00360.jpg,0.41021622338265545,SRC_092,5.0,57.429528,N-autumn
sample_00361.jpg,0.3921877075056124,SRC_109,50.0,54.137665,N-summer
sample_00362.jpg,0.383895589112636,SRC_070,60.0,58.788969,N-summer
sample_00363.jpg,0.44967676924811445,SRC_026,90.0,57.238404,N-spring
sample_00364.jpg,0.41851833412687595,SRC_115,25.0,41.8845,N-spring
sample_00365.jpg,0.4145208746594478,SRC_103,-35.0,57.090396,N-autumn
sample_00366.jpg,0.4043449921145938,SRC_092,5.0,57.429528,N-autumn
sample_00367.jpg,0.4343755984890727,SRC_111,-35.0,79.069883,N-spring
sample_00368.jpg,0.5247912751217332,SRC_135,5.0,41.328761,N-winter
sample_00369.jpg,0.47158096023973395,SRC_102,-10.0,52.255853,N-spring
sample_00370.jpg,0.49626890014532876,SRC_153,-40.0,43.960452,N-autumn
sample_00371.jpg,0.39408035672003144,SRC_156,10.0,48.737382,N-summer
sample_00372.jpg,0.4297536198266112,SRC_144,-35.0,76.731052,N-spring
sample_00373.jpg,0.3827929296754172,SRC_027,35.0,41.369436,N-spring
sample_00374.jpg,0.48999136002305105,SRC_031,-90.0,62.684336,N-winter
sample_00375.jpg,0.38799787929948915,SRC_052,5.0,51.705435,N-summer
sample_00376.jpg,0.3843872028460392,SRC_004,30.0,61.107468,N-autumn
sample_00377.jpg,0.3904223047128369,SRC_099,15.0,42.024472,N-spring
sample_00378.jpg,0.4264844612802067,SRC_063,25.0,41.329237,N-spring
sample_00379.jpg,0.4884602683305668,SRC_027,35.0,41.369436,N-spring
sample_00380.jpg,0.5390970471475915,SRC_104,25.0,45.102036,N-summer
sample_00381.jpg,0.3950670478072904,SRC_009,-25.0,73.827745,N-spring
sample_00382.jpg,0.38872714817383197,SRC_108,-40.0,68.856247,N-summer
sample_00383.jpg,0.44831936949773776,SRC_142,-30.0,34.276784,N-winter
sample_00384.jpg,0.4900416485981668,SRC_168,90.0,64.709631,N-summer
sample_00385.jpg,0.4451736727306373,SRC_170,-20.0,56.332579,N-autumn
sample_00386.jpg,0.39172914301688044,SRC_009,-25.0,73.827745,N-spring
sample_00387.jpg,0.38104739026603196,SRC_139,40.0,53.533251,N-winter
sample_00388.jpg,0.4654938762676216,SRC_056,-40.0,74.660587,N-summer
sample_00389.jpg,0.5095884795255861,SRC_066,-10.0,61.81065,N-summer
sample_00390.jpg,0.42893640662656934,SRC_023,-10.0,50.837437,N-spring
sample_00391.jpg,0.5124923039767246,SRC_130,25.0,37.507656,N-spring
sample_00392.jpg,0.41889192651805207,SRC_134,-30.0,69.607895,N-spring
sample_00393.jpg,0.37009663316277797,SRC_002,40.0,45.868768,N-summer
sample_00394.jpg,0.5102299181777958,SRC_158,-5.0,35.954137,N-winter
sample_00395.jpg,0.393426297963674,SRC_040,90.0,57.651744,N-spring
sample_00396.jpg,0.4772450383000068,SRC_145,-5.0,52.15166,N-spring
sample_00397.jpg,0.4168868833673301,SRC_125,-5.0,52.428603,N-spring
sample_00398.jpg,0.5262426749141923,SRC_108,-40.0,68.856247,N-summer
sample_00399.jpg,0.4352346840256575,SRC_142,-30.0,34.276784,N-winter
sample_00400.jpg,0.3785757822302858,SRC_013,50.0,54.051464,N-spring
sample_00401.jpg,0.38823882068497684,SRC_099,15.0,42.024472,N-spring
sample_00402.jpg,0.46519708857258674,SRC_123,0.0,54.598149,N-autumn
sample_00403.jpg,0.42853897739843666,SRC_137,-5.0,45.053172,N-spring
sample_00404.jpg,0.400335772526111,SRC_127,-35.0,47.507974,N-autumn
sample_00405.jpg,0.3957871753039614,SRC_114,-10.0,58.176498,N-autumn
sample_00406.jpg,0.528287414623013,SRC_111,-35.0,79.069883,N-spring
sample_00407.jpg,0.48358640607854325,SRC_168,90.0,64.709631,N-summer
sample_00408.jpg,0.3974087088519666,SRC_048,-25.0,61.920556,N-autumn
sample_00409.jpg,0.4054610677833546,SRC_091,-40.0,72.511342,N-summer
sample_00410.jpg,0.4788183540821594,SRC_103,-35.0,57.090396,N-autumn
sample_00411.jpg,0.44946145478872956,SRC_069,25.0,48.120522,N-summer
sample_00412.jpg,0.47621491319052395,SRC_114,-10.0,58.176498,N-autumn
sample_00413.jpg,0.4907632045627336,SRC_050,0.0,53.680047,N-summer
sample_00414.jpg,0.4134736174635436,SRC_030,-25.0,67.936804,N-spring
sample_00415.jpg,0.4261573393739043,SRC_096,25.0,40.422288,N-spring
sample_00416.jpg,0.4133293672078088,SRC_005,0.0,55.846781,N-summer
sample_00417.jpg,0.39836355249313404,SRC_027,35.0,41.369436,N-spring
sample_00418.jpg,0.38863977333299354,SRC_080,-25.0,69.726065,N-summer
sample_00419.jpg,0.3826417577258292,SRC_052,5.0,51.705435,N-summer
sample_00420.jpg,0.45510580901234415,SRC_123,0.0,54.598149,N-autumn
sample_00421.jpg,0.40960373097337843,SRC_011,-20.0,70.371153,N-summer
sample_00422.jpg,0.42906664833463387,SRC_142,-30.0,34.276784,N-winter
sample_00423.jpg,0.3964628202847062,SRC_158,-5.0,35.954137,N-winter
sample_00424.jpg,0.38868143882908707,SRC_009,-25.0,73.827745,N-spring
sample_00425.jpg,0.3900202620112859,SRC_159,20.0,67.076816,N-autumn
sample_00426.jpg,0.4736120937387275,SRC_107,20.0,65.68027,N-autumn
sample_00427.jpg,0.3948329779106876,SRC_158,-5.0,35.954137,N-winter
sample_00428.jpg,0.3758337725183582,SRC_169,40.0,48.615664,N-summer
sample_00429.jpg,0.4323639013799746,SRC_115,25.0,41.8845,N-spring
sample_00430.jpg,0.4413216110157207,SRC_016,10.0,55.552023,N-winter
sample_00431.jpg,0.38905678860323867,SRC_096,25.0,40.422288,N-spring
sample_00432.jpg,0.46031896964781305,SRC_009,-25.0,73.827745,N-spring
sample_00433.jpg,0.3994700191191456,SRC_158,-5.0,35.954137,N-winter
sample_00434.jpg,0.39152842565565055,SRC_068,0.0,56.216196,N-summer
sample_00435.jpg,0.5100581162552216,SRC_100,20.0,41.506528,N-spring
sample_00436.jpg,0.42834992753972856,SRC_063,25.0,41.329237,N-spring
sample_00437.jpg,0.3885878724804719,SRC_109,50.0,54.137665,N-summer
sample_00438.jpg,0.381571065072605,SRC_009,-25.0,73.827745,N-spring
sample_00439.jpg,0.4084131710116024,SRC_046,0.0,58.061031,N-autumn
sample_00440.jpg,0.4817508041522057,SRC_171,-35.0,63.65778,N-spring
sample_00441.jpg,0.43572370548011224,SRC_170,-20.0,56.332579,N-autumn
sample_00442.jpg,0.48994044816599686,SRC_154,0.0,54.770875,N-summer
sample_00443.jpg,0.3891043057720129,SRC_160,-10.0,50.604377,N-autumn
sample_00444.jpg,0.41697325650331873,SRC_134,-30.0,69.607895,N-spring
sample_00445.jpg,0.4168667479467095,SRC_055,-5.0,57.335076,N-spring
sample_00446.jpg,0.5087796022798593,SRC_067,-15.0,64.724247,N-spring
sample_00447.jpg,0.41239803792787527,SRC_069,25.0,48.120522,N-summer
sample_00448.jpg,0.41251481851239874,SRC_142,-30.0,34.276784,N-winter
sample_00449.jpg,0.43158377262972464,SRC_051,20.0,63.609319,N-autumn
sample_00450.jpg,0.3920414856026281,SRC_114,-10.0,58.176498,N-autumn
sample_00451.jpg,0.502806483251781,SRC_091,-40.0,72.511342,N-summer
sample_00452.jpg,0.3914152253016967,SRC_114,-10.0,58.176498,N-autumn
sample_00453.jpg,0.4428007962018626,SRC_151,-15.0,63.408071,N-summer
sample_00454.jpg,0.39761810481625537,SRC_004,30.0,61.107468,N-autumn
sample_00455.jpg,0.5021260916470344,SRC_157,40.0,44.22455,N-summer
sample_00456.jpg,0.48246761710054475,SRC_095,-20.0,56.495654,N-spring
sample_00457.jpg,0.4153684363478812,SRC_008,25.0,61.005891,N-autumn
sample_00458.jpg,0.4484383602295637,SRC_070,60.0,58.788969,N-summer
sample_00459.jpg,0.3859525624475363,SRC_076,25.0,63.632584,N-autumn
sample_00460.jpg,0.43334938921444766,SRC_133,-10.0,48.887369,N-spring
sample_00461.jpg,0.5186243042432085,SRC_061,50.0,43.110277,N-spring
sample_00462.jpg,0.3743821296462395,SRC_099,15.0,42.024472,N-spring
sample_00463.jpg,0.3974370827455836,SRC_124,0.0,51.928413,N-summer
sample_00464.jpg,0.5218146390688625,SRC_070,60.0,58.788969,N-summer
sample_00465.jpg,0.46735113572405806,SRC_129,20.0,41.057252,N-spring
sample_00466.jpg,0.39269512798229067,SRC_071,20.0,40.070501,N-spring
sample_00467.jpg,0.4181565229337507,SRC_123,0.0,54.598149,N-autumn
sample_00468.jpg,0.3908898737320741,SRC_171,-35.0,63.65778,N-spring
sample_00469.jpg,0.45425002070885634,SRC_106,25.0,40.638999,N-spring
sample_00470.jpg,0.48430029080552134,SRC_131,10.0,60.540464,N-autumn
sample_00471.jpg,0.4010498055621191,SRC_076,25.0,63.632584,N-autumn
sample_00472.jpg,0.3751908861790655,SRC_027,35.0,41.369436,N-spring
sample_00473.jpg,0.5160312505711738,SRC_067,-15.0,64.724247,N-spring
sample_00474.jpg,0.3981001624956714,SRC_171,-35.0,63.65778,N-spring
sample_00475.jpg,0.4430453451930133,SRC_124,0.0,51.928413,N-summer
sample_00476.jpg,0.42613406457468794,SRC_006,-15.0,65.638079,N-spring
sample_00477.jpg,0.4991100154771157,SRC_004,30.0,61.107468,N-autumn
sample_00478.jpg,0.3987798203686449,SRC_009,-25.0,73.827745,N-spring
sample_00479.jpg,0.5219319995604071,SRC_131,10.0,60.540464,N-autumn
sample_00480.jpg,0.40892218922466217,SRC_011,-20.0,70.371153,N-summer
sample_00481.jpg,0.38247425813970304,SRC_141,-10.0,55.206291,N-spring
sample_00482.jpg,0.41364476294010977,SRC_111,-35.0,79.069883,N-spring
sample_00483.jpg,0.4449549769838435,SRC_029,-5.0,45.485648,N-autumn
sample_00484.jpg,0.39513385805621903,SRC_158,-5.0,35.954137,N-winter
sample_00485.jpg,0.4048411168494697,SRC_111,-35.0,79.069883,N-spring
sample_00486.jpg,0.36717925826256426,SRC_002,40.0,45.868768,N-summer
sample_00487.jpg,0.37993775252107703,SRC_127,-35.0,47.507974,N-autumn
sample_00488.jpg,0.3891613931535279,SRC_087,0.0,54.65824,N-summer
sample_00489.jpg,0.4146188794514214,SRC_089,10.0,48.442522,N-winter
sample_00490.jpg,0.4368510131658798,SRC_030,-25.0,67.936804,N-spring
sample_00491.jpg,0.39363325546505223,SRC_076,25.0,63.632584,N-autumn
sample_00492.jpg,0.4853725946024583,SRC_082,-10.0,60.444036,N-spring
sample_00493.jpg,0.42298376731186044,SRC_148,-15.0,49.227137,N-autumn
sample_00494.jpg,0.4005649027633093,SRC_131,10.0,60.540464,N-autumn
sample_00495.jpg,0.4593092116102822,SRC_149,90.0,55.701783,N-summer
sample_00496.jpg,0.5142218740466796,SRC_068,0.0,56.216196,N-summer
sample_00497.jpg,0.39934197627272927,SRC_139,40.0,53.533251,N-winter
sample_00498.jpg,0.39870354731370494,SRC_103,-35.0,57.090396,N-autumn
sample_00499.jpg,0.4384352550818035,SRC_124,0.0,51.928413,N-summer
sample_00500.jpg,0.3893309828752721,SRC_004,30.0,61.107468,N-autumn
sample_00501.jpg,0.3825376540019011,SRC_127,-35.0,47.507974,N-autumn
sample_00502.jpg,0.39278309478748374,SRC_073,45.0,41.537171,N-spring
sample_00503.jpg,0.39346012714980505,SRC_006,-15.0,65.638079,N-spring
sample_00504.jpg,0.41840891250695655,SRC_133,-10.0,48.887369,N-spring
sample_00505.jpg,0.4987050434248502,SRC_071,20.0,40.070501,N-spring
sample_00506.jpg,0.37766453417790696,SRC_169,40.0,48.615664,N-summer
sample_00507.jpg,0.3796979653981257,SRC_140,35.0,44.85556,N-spring
sample_00508.jpg,0.43228513315781925,SRC_013,50.0,54.051464,N-spring
sample_00509.jpg,0.413682655950481,SRC_009,-25.0,73.827745,N-spring
sample_00510.jpg,0.40288694941195036,SRC_116,5.0,41.203028,N-spring
sample_00511.jpg,0.38866069627230937,SRC_037,15.0,44.468297,N-spring
sample_00512.jpg,0.393443559150315,SRC_089,10.0,48.442522,N-winter
sample_00513.jpg,0.3741070354419351,SRC_027,35.0,41.369436,N-spring
sample_00514.jpg,0.43718380007541524,SRC_069,25.0,48.120522,N-summer
sample_00515.jpg,0.3727164202149736,SRC_169,40.0,48.615664,N-summer
sample_00516.jpg,0.4096102048049727,SRC_027,35.0,41.369436,N-spring
sample_00517.jpg,0.5139952251043155,SRC_017,-90.0,64.6979,N-winter
sample_00518.jpg,0.5302075811225705,SRC_132,5.0,51.83727,N-summer
sample_00519.jpg,0.395252474094569,SRC_121,25.0,67.446292,N-autumn
sample_00520.jpg,0.48512349549846856,SRC_051,20.0,63.609319,N-autumn
sample_00521.jpg,0.39735294678701255,SRC_001,-5.0,51.987197,N-spring
sample_00522.jpg,0.3956877785800457,SRC_084,-10.0,58.957849,N-summer
sample_00523.jpg,0.42245151729197106,SRC_081,-90.0,74.772433,N-autumn
sample_00524.jpg,0.42056571992060016,SRC_066,-10.0,61.81065,N-summer
sample_00525.jpg,0.402199506865928,SRC_129,20.0,41.057252,N-spring
sample_00526.jpg,0.4784564825586325,SRC_156,10.0,48.737382,N-summer
sample_00527.jpg,0.39224011479970455,SRC_013,50.0,54.051464,N-spring
sample_00528.jpg,0.3874414685804006,SRC_004,30.0,61.107468,N-autumn
sample_00529.jpg,0.39406414306798476,SRC_007,20.0,49.485932,N-winter
sample_00530.jpg,0.3987436934107495,SRC_171,-35.0,63.65778,N-spring
sample_00531.jpg,0.5157929161706996,SRC_098,-45.0,70.730178,N-summer
sample_00532.jpg,0.44889416696908624,SRC_165,10.0,42.451267,N-winter
sample_00533.jpg,0.4582636356487768,SRC_129,20.0,41.057252,N-spring
sample_00534.jpg,0.4141557647928482,SRC_097,0.0,35.318175,N-winter
sample_00535.jpg,0.4126465515053277,SRC_094,20.0,66.934532,N-autumn
sample_00536.jpg,0.4807264463964695,SRC_065,30.0,68.700871,N-winter
sample_00537.jpg,0.5262979047104203,SRC_009,-25.0,73.827745,N-spring
sample_00538.jpg,0.4790268122919887,SRC_107,20.0,65.68027,N-autumn
sample_00539.jpg,0.4139468217901786,SRC_038,-15.0,32.097448,N-winter
sample_00540.jpg,0.39999107208340723,SRC_146,10.0,58.0428,N-summer
sample_00541.jpg,0.39167274712681305,SRC_006,-15.0,65.638079,N-spring
sample_00542.jpg,0.41306016209116353,SRC_030,-25.0,67.936804,N-spring
sample_00543.jpg,0.5237522519824365,SRC_048,-25.0,61.920556,N-autumn
sample_00544.jpg,0.38246548183616647,SRC_004,30.0,61.107468,N-autumn
sample_00545.jpg,0.3971125768052211,SRC_061,50.0,43.110277,N-spring
sample_00546.jpg,0.3671356440782776,SRC_156,10.0,48.737382,N-summer
sample_00547.jpg,0.3950468413756293,SRC_158,-5.0,35.954137,N-winter
sample_00548.jpg,0.4016429441183898,SRC_020,35.0,42.075965,N-summer
sample_00549.jpg,0.3869259378304458,SRC_151,-15.0,63.408071,N-summer
sample_00550.jpg,0.38215107304047835,SRC_022,20.0,41.513642,N-spring
sample_00551.jpg,0.5167242607407646,SRC_087,0.0,54.65824,N-summer
sample_00552.jpg,0.5106410544795568,SRC_154,0.0,54.770875,N-summer
sample_00553.jpg,0.3977741697669632,SRC_158,-5.0,35.954137,N-winter
sample_00554.jpg,0.3951998283945687,SRC_108,-40.0,68.856247,N-summer
sample_00555.jpg,0.395476477278045,SRC_009,-25.0,73.827745,N-spring
sample_00556.jpg,0.40886999936045065,SRC_168,90.0,64.709631,N-summer
sample_00557.jpg,0.5089300270705953,SRC_126,-20.0,68.779144,N-summer
sample_00558.jpg,0.391565276729836,SRC_158,-5.0,35.954137,N-winter
sample_00559.jpg,0.49155892987866634,SRC_087,0.0,54.65824,N-summer
sample_00560.jpg,0.4028397674544991,SRC_009,-25.0,73.827745,N-spring
sample_00561.jpg,0.3840666548828248,SRC_091,-40.0,72.511342,N-summer
sample_00562.jpg,0.5311533292550201,SRC_050,0.0,53.680047,N-summer
sample_00563.jpg,0.5199651611781142,SRC_153,-40.0,43.960452,N-autumn
sample_00564.jpg,0.3986491912322128,SRC_062,45.0,81.508965,N-autumn
sample_00565.jpg,0.40923867074853765,SRC_092,5.0,57.429528,N-autumn
sample_00566.jpg,0.39002184883254315,SRC_091,-40.0,72.511342,N-summer
sample_00567.jpg,0.5053838720968742,SRC_084,-10.0,58.957849,N-summer
sample_00568.jpg,0.38690409240247825,SRC_087,0.0,54.65824,N-summer
sample_00569.jpg,0.3880945432137394,SRC_076,25.0,63.632584,N-autumn
sample_00570.jpg,0.39342204749512116,SRC_103,-35.0,57.090396,N-autumn
sample_00571.jpg,0.4199657259231069,SRC_040,90.0,57.651744,N-spring
sample_00572.jpg,0.38589499687027845,SRC_114,-10.0,58.176498,N-autumn
sample_00573.jpg,0.39137776612439934,SRC_037,15.0,44.468297,N-spring
sample_00574.jpg,0.43595662453868933,SRC_003,0.0,38.090051,N-spring
sample_00575.jpg,0.4332011467067193,SRC_146,10.0,58.0428,N-summer
sample_00576.jpg,0.5203340072126194,SRC_047,0.0,48.028677,N-spring
sample_00577.jpg,0.4764952757846809,SRC_095,-20.0,56.495654,N-spring
sample_00578.jpg,0.3911887728680016,SRC_109,50.0,54.137665,N-summer
sample_00579.jpg,0.4295883687572345,SRC_052,5.0,51.705435,N-summer
sample_00580.jpg,0.3878266370904035,SRC_037,15.0,44.468297,N-spring
sample_00581.jpg,0.3950380955987444,SRC_056,-40.0,74.660587,N-summer
sample_00582.jpg,0.3941317023690411,SRC_033,45.0,66.067561,N-summer
sample_00583.jpg,0.41778255306150636,SRC_112,-30.0,67.516648,N-spring
sample_00584.jpg,0.43680308356738945,SRC_058,30.0,69.060883,N-autumn
sample_00585.jpg,0.3883608242573703,SRC_116,5.0,41.203028,N-spring
sample_00586.jpg,0.4694782987473001,SRC_074,0.0,50.25459,N-spring
sample_00587.jpg,0.3917110295063667,SRC_165,10.0,42.451267,N-winter
sample_00588.jpg,0.4144551580355319,SRC_089,10.0,48.442522,N-winter
sample_00589.jpg,0.460029687531755,SRC_071,20.0,40.070501,N-spring
sample_00590.jpg,0.5091055508002243,SRC_075,-90.0,65.329336,N-winter
sample_00591.jpg,0.5192683980405767,SRC_118,35.0,49.493581,N-summer
sample_00592.jpg,0.5114936804071067,SRC_091,-40.0,72.511342,N-summer
sample_00593.jpg,0.4231194813310557,SRC_050,0.0,53.680047,N-summer
sample_00594.jpg,0.47097053222140756,SRC_154,0.0,54.770875,N-summer
sample_00595.jpg,0.4764132352540808,SRC_096,25.0,40.422288,N-spring
sample_00596.jpg,0.3994586967926379,SRC_067,-15.0,64.724247,N-spring
sample_00597.jpg,0.5178046422228267,SRC_022,20.0,41.513642,N-spring
sample_00598.jpg,0.39000797868240705,SRC_040,90.0,57.651744,N-spring
sample_00599.jpg,0.3953436336311719,SRC_024,10.0,53.725813,N-summer
sample_00600.jpg,0.4809270769488975,SRC_041,15.0,46.712049,N-summer
sample_00601.jpg,0.3985147518302289,SRC_021,-90.0,68.040851,N-autumn
sample_00602.jpg,0.39182863742097046,SRC_030,-25.0,67.936804,N-spring
sample_00603.jpg,0.39355141285241074,SRC_170,-20.0,56.332579,N-autumn
sample_00604.jpg,0.4197837899053146,SRC_148,-15.0,49.227137,N-autumn
sample_00605.jpg,0.38627795724476144,SRC_009,-25.0,73.827745,N-spring
sample_00606.jpg,0.5069441740562732,SRC_083,0.0,55.378885,N-spring
sample_00607.jpg,0.393682885790025,SRC_087,0.0,54.65824,N-summer
sample_00608.jpg,0.40074060416736135,SRC_099,15.0,42.024472,N-spring
sample_00609.jpg,0.436100598998704,SRC_026,90.0,57.238404,N-spring
sample_00610.jpg,0.3825392613018615,SRC_037,15.0,44.468297,N-spring
sample_00611.jpg,0.3885200187743858,SRC_156,10.0,48.737382,N-summer
sample_00612.jpg,0.4608170154720135,SRC_103,-35.0,57.090396,N-autumn
sample_00613.jpg,0.3855103968213118,SRC_108,-40.0,68.856247,N-summer
sample_00614.jpg,0.3899498870897921,SRC_158,-5.0,35.954137,N-winter
sample_00615.jpg,0.39283714138470904,SRC_146,10.0,58.0428,N-summer
sample_00616.jpg,0.3921884975705772,SRC_171,-35.0,63.65778,N-spring
sample_00617.jpg,0.4082654451465378,SRC_107,20.0,65.68027,N-autumn
sample_00618.jpg,0.4398050216422001,SRC_135,5.0,41.328761,N-winter
sample_00619.jpg,0.47746070407876556,SRC_114,-10.0,58.176498,N-autumn
sample_00620.jpg,0.3962330214538629,SRC_058,30.0,69.060883,N-autumn
sample_00621.jpg,0.3947336589301331,SRC_157,40.0,44.22455,N-summer
sample_00622.jpg,0.3776161206264554,SRC_006,-15.0,65.638079,N-spring
sample_00623.jpg,0.45204276424066936,SRC_102,-10.0,52.255853,N-spring
sample_00624.jpg,0.4101594653573676,SRC_007,20.0,49.485932,N-winter
sample_00625.jpg,0.4963767895725786,SRC_041,15.0,46.712049,N-summer
sample_00626.jpg,0.41067180529331704,SRC_146,10.0,58.0428,N-summer
sample_00627.jpg,0.41388498701480253,SRC_096,25.0,40.422288,N-spring
sample_00628.jpg,0.378162291151581,SRC_013,50.0,54.051464,N-spring
sample_00629.jpg,0.5079606946079257,SRC_074,0.0,50.25459,N-spring
sample_00630.jpg,0.3908981507580692,SRC_112,-30.0,67.516648,N-spring
sample_00631.jpg,0.4405499662764674,SRC_008,25.0,61.005891,N-autumn
sample_00632.jpg,0.3844287532029088,SRC_004,30.0,61.107468,N-autumn
sample_00633.jpg,0.38548563672726066,SRC_099,15.0,42.024472,N-spring
sample_00634.jpg,0.4460339898068864,SRC_091,-40.0,72.511342,N-summer
sample_00635.jpg,0.40683128302988586,SRC_139,40.0,53.533251,N-winter
sample_00636.jpg,0.4079454805271282,SRC_151,-15.0,63.408071,N-summer
sample_00637.jpg,0.4263424681565787,SRC_142,-30.0,34.276784,N-winter
sample_00638.jpg,0.37775439051942594,SRC_141,-10.0,55.206291,N-spring
sample_00639.jpg,0.38060444806020294,SRC_042,10.0,36.92431,N-spring
sample_00640.jpg,0.3860711256351292,SRC_067,-15.0,64.724247,N-spring
sample_00641.jpg,0.3957538086021199,SRC_013,50.0,54.051464,N-spring
sample_00642.jpg,0.44194877538754884,SRC_013,50.0,54.051464,N-spring
sample_00643.jpg,0.3887990259815933,SRC_171,-35.0,63.65778,N-spring
sample_00644.jpg,0.42442228350927264,SRC_145,-5.0,52.15166,N-spring
sample_00645.jpg,0.42134418927118267,SRC_126,-20.0,68.779144,N-summer
sample_00646.jpg,0.46935727925027226,SRC_071,20.0,40.070501,N-spring
sample_00647.jpg,0.39549274910212034,SRC_095,-20.0,56.495654,N-spring
sample_00648.jpg,0.39166129212415113,SRC_126,-20.0,68.779144,N-summer
sample_00649.jpg,0.3858101589319808,SRC_170,-20.0,56.332579,N-autumn
sample_00650.jpg,0.4138072575859713,SRC_125,-5.0,52.428603,N-spring
sample_00651.jpg,0.4098280024394178,SRC_007,20.0,49.485932,N-winter
sample_00652.jpg,0.38819652753476247,SRC_171,-35.0,63.65778,N-spring
sample_00653.jpg,0.43446773975911307,SRC_144,-35.0,76.731052,N-spring
sample_00654.jpg,0.3858022442490594,SRC_021,-90.0,68.040851,N-autumn
sample_00655.jpg,0.38974163674612566,SRC_014,-40.0,38.480327,N-winter
sample_00656.jpg,0.3894279081402545,SRC_084,-10.0,58.957849,N-summer
sample_00657.jpg,0.3873513219480419,SRC_042,10.0,36.92431,N-spring
sample_00658.jpg,0.3898546949727698,SRC_015,20.0,46.484204,N-summer
sample_00659.jpg,0.41091125333772116,SRC_170,-20.0,56.332579,N-autumn
sample_00660.jpg,0.40328281144719147,SRC_124,0.0,51.928413,N-summer
sample_00661.jpg,0.5007554561720056,SRC_065,30.0,68.700871,N-winter
sample_00662.jpg,0.393798013155752,SRC_063,25.0,41.329237,N-spring
sample_00663.jpg,0.3976091742128981,SRC_158,-5.0,35.954137,N-winter
sample_00664.jpg,0.4198499351350285,SRC_084,-10.0,58.957849,N-summer
sample_00665.jpg,0.3920985675305369,SRC_007,20.0,49.485932,N-winter
sample_00666.jpg,0.39705777377131735,SRC_134,-30.0,69.607895,N-spring
sample_00667.jpg,0.44861760088028885,SRC_069,25.0,48.120522,N-summer
sample_00668.jpg,0.4003109801668546,SRC_151,-15.0,63.408071,N-summer
sample_00669.jpg,0.4214343875815307,SRC_150,10.0,50.798821,N-summer
sample_00670.jpg,0.4112772655273358,SRC_022,20.0,41.513642,N-spring
sample_00671.jpg,0.44837226930997903,SRC_149,90.0,55.701783,N-summer
sample_00672.jpg,0.49629976873334164,SRC_052,5.0,51.705435,N-summer
sample_00673.jpg,0.4094200990783632,SRC_009,-25.0,73.827745,N-spring
sample_00674.jpg,0.3978084725094044,SRC_011,-20.0,70.371153,N-summer
sample_00675.jpg,0.3863840616105501,SRC_030,-25.0,67.936804,N-spring
sample_00676.jpg,0.49384890575777945,SRC_018,-90.0,67.882485,N-winter
sample_00677.jpg,0.4370726199634839,SRC_109,50.0,54.137665,N-summer
sample_00678.jpg,0.4038940176089926,SRC_013,50.0,54.051464,N-spring
sample_00679.jpg,0.41406852578712466,SRC_139,40.0,53.533251,N-winter
sample_00680.jpg,0.48778814667243414,SRC_065,30.0,68.700871,N-winter
sample_00681.jpg,0.4824783492491214,SRC_049,5.0,42.94902,N-spring
sample_00682.jpg,0.4415874168877436,SRC_111,-35.0,79.069883,N-spring
sample_00683.jpg,0.3755620816719577,SRC_087,0.0,54.65824,N-summer
sample_00684.jpg,0.42325492997795405,SRC_142,-30.0,34.276784,N-winter
sample_00685.jpg,0.38955321361195094,SRC_075,-90.0,65.329336,N-winter
sample_00686.jpg,0.5059760177008957,SRC_111,-35.0,79.069883,N-spring
sample_00687.jpg,0.4000194351473468,SRC_058,30.0,69.060883,N-autumn
sample_00688.jpg,0.40799890711910536,SRC_043,10.0,50.433279,N-summer
sample_00689.jpg,0.4469362919437711,SRC_116,5.0,41.203028,N-spring
sample_00690.jpg,0.40540729963635486,SRC_072,15.0,46.966801,N-winter
sample_00691.jpg,0.3922639381956927,SRC_040,90.0,57.651744,N-spring
sample_00692.jpg,0.46360828633749324,SRC_026,90.0,57.238404,N-spring
sample_00693.jpg,0.39363657882101855,SRC_009,-25.0,73.827745,N-spring
sample_00694.jpg,0.3715448514305273,SRC_063,25.0,41.329237,N-spring
sample_00695.jpg,0.4048662991311063,SRC_103,-35.0,57.090396,N-autumn
sample_00696.jpg,0.39884650433809316,SRC_107,20.0,65.68027,N-autumn
sample_00697.jpg,0.39732485686029667,SRC_139,40.0,53.533251,N-winter
sample_00698.jpg,0.39057593261049234,SRC_108,-40.0,68.856247,N-summer
sample_00699.jpg,0.3871753254150201,SRC_011,-20.0,70.371153,N-summer
sample_00700.jpg,0.3782319446754764,SRC_041,15.0,46.712049,N-summer
sample_00701.jpg,0.3999428002335399,SRC_009,-25.0,73.827745,N-spring
sample_00702.jpg,0.3856817866500716,SRC_159,20.0,67.076816,N-autumn
sample_00703.jpg,0.48419842772588434,SRC_121,25.0,67.446292,N-autumn
sample_00704.jpg,0.391895540256822,SRC_158,-5.0,35.954137,N-winter
sample_00705.jpg,0.3837440941689953,SRC_108,-40.0,68.856247,N-summer
sample_00706.jpg,0.3861099377812713,SRC_145,-5.0,52.15166,N-spring
sample_00707.jpg,0.390302605432974,SRC_091,-40.0,72.511342,N-summer
sample_00708.jpg,0.44175482222467294,SRC_024,10.0,53.725813,N-summer
sample_00709.jpg,0.47578658696642184,SRC_154,0.0,54.770875,N-summer
sample_00710.jpg,0.4012194365542306,SRC_153,-40.0,43.960452,N-autumn
sample_00711.jpg,0.4447414875261992,SRC_097,0.0,35.318175,N-winter
sample_00712.jpg,0.5295689085689538,SRC_111,-35.0,79.069883,N-spring
sample_00713.jpg,0.45163308309043726,SRC_072,15.0,46.966801,N-winter
sample_00714.jpg,0.39489475503418503,SRC_091,-40.0,72.511342,N-summer
sample_00715.jpg,0.49522052103218994,SRC_065,30.0,68.700871,N-winter
sample_00716.jpg,0.37933612159033,SRC_169,40.0,48.615664,N-summer
sample_00717.jpg,0.40025138481759315,SRC_124,0.0,51.928413,N-summer
sample_00718.jpg,0.3771704925786781,SRC_090,50.0,47.196626,N-summer
sample_00719.jpg,0.42160098109305444,SRC_116,5.0,41.203028,N-spring
sample_00720.jpg,0.4971361973055986,SRC_081,-90.0,74.772433,N-autumn
sample_00721.jpg,0.47499263405938946,SRC_084,-10.0,58.957849,N-summer
sample_00722.jpg,0.5123233419976072,SRC_168,90.0,64.709631,N-summer
sample_00723.jpg,0.3851656619218094,SRC_075,-90.0,65.329336,N-winter
sample_00724.jpg,0.38484362301994934,SRC_082,-10.0,60.444036,N-spring
sample_00725.jpg,0.4446018676432302,SRC_023,-10.0,50.837437,N-spring
sample_00726.jpg,0.3885009852035057,SRC_157,40.0,44.22455,N-summer
sample_00727.jpg,0.4023678898808978,SRC_009,-25.0,73.827745,N-spring
sample_00728.jpg,0.4383817631406872,SRC_047,0.0,48.028677,N-spring
sample_00729.jpg,0.4752161564815691,SRC_164,20.0,59.226879,N-autumn
sample_00730.jpg,0.5112792369699926,SRC_081,-90.0,74.772433,N-autumn
sample_00731.jpg,0.3939170717484197,SRC_009,-25.0,73.827745,N-spring
sample_00732.jpg,0.4406688817807603,SRC_106,25.0,40.638999,N-spring
sample_00733.jpg,0.47339760556679583,SRC_109,50.0,54.137665,N-summer
sample_00734.jpg,0.3868589220959017,SRC_006,-15.0,65.638079,N-spring
sample_00735.jpg,0.40926380593482525,SRC_108,-40.0,68.856247,N-summer
sample_00736.jpg,0.5283290516628655,SRC_068,0.0,56.216196,N-summer
sample_00737.jpg,0.382745710729246,SRC_108,-40.0,68.856247,N-summer
sample_00738.jpg,0.5164755632207737,SRC_148,-15.0,49.227137,N-autumn
sample_00739.jpg,0.4055770318315866,SRC_067,-15.0,64.724247,N-spring
sample_00740.jpg,0.39964172893456607,SRC_150,10.0,50.798821,N-summer
sample_00741.jpg,0.3852179973292763,SRC_009,-25.0,73.827745,N-spring
sample_00742.jpg,0.4171788774149219,SRC_047,0.0,48.028677,N-spring
sample_00743.jpg,0.3836072542134107,SRC_127,-35.0,47.507974,N-autumn
sample_00744.jpg,0.5214447988891611,SRC_104,25.0,45.102036,N-summer
sample_00745.jpg,0.4912309673283498,SRC_064,90.0,60.573524,N-spring
sample_00746.jpg,0.4019359573036029,SRC_074,0.0,50.25459,N-spring
sample_00747.jpg,0.39029378226560213,SRC_035,0.0,56.990187,N-autumn
sample_00748.jpg,0.48526176402610793,SRC_004,30.0,61.107468,N-autumn
sample_00749.jpg,0.39811533381397324,SRC_151,-15.0,63.408071,N-summer
sample_00750.jpg,0.378187779767165,SRC_051,20.0,63.609319,N-autumn
sample_00751.jpg,0.5014575848044289,SRC_009,-25.0,73.827745,N-spring
sample_00752.jpg,0.45711704454345636,SRC_125,-5.0,52.428603,N-spring
sample_00753.jpg,0.4999484659708463,SRC_135,5.0,41.328761,N-winter
sample_00754.jpg,0.4685224424946247,SRC_049,5.0,42.94902,N-spring
sample_00755.jpg,0.5252928850632388,SRC_102,-10.0,52.255853,N-spring
sample_00756.jpg,0.3896102929323817,SRC_156,10.0,48.737382,N-summer
sample_00757.jpg,0.39392992569280894,SRC_030,-25.0,67.936804,N-spring
sample_00758.jpg,0.4135247753874978,SRC_068,0.0,56.216196,N-summer
sample_00759.jpg,0.4318497917167029,SRC_139,40.0,53.533251,N-winter
sample_00760.jpg,0.44830275906976536,SRC_097,0.0,35.318175,N-winter
sample_00761.jpg,0.49221641351160195,SRC_063,25.0,41.329237,N-spring
sample_00762.jpg,0.38175965844454196,SRC_114,-10.0,58.176498,N-autumn
sample_00763.jpg,0.4018200707708098,SRC_153,-40.0,43.960452,N-autumn
sample_00764.jpg,0.380765815838873,SRC_041,15.0,46.712049,N-summer
sample_00765.jpg,0.3995650722158849,SRC_027,35.0,41.369436,N-spring
sample_00766.jpg,0.40618052995764276,SRC_056,-40.0,74.660587,N-summer
sample_00767.jpg,0.4399995031844721,SRC_013,50.0,54.051464,N-spring
sample_00768.jpg,0.4107108233675631,SRC_113,-35.0,36.668707,N-winter
sample_00769.jpg,0.39795005981280873,SRC_001,-5.0,51.987197,N-spring
sample_00770.jpg,0.39574526844541097,SRC_164,20.0,59.226879,N-autumn
sample_00771.jpg,0.5235309150125691,SRC_165,10.0,42.451267,N-winter
sample_00772.jpg,0.40932372613728213,SRC_087,0.0,54.65824,N-summer
sample_00773.jpg,0.4010670696271646,SRC_011,-20.0,70.371153,N-summer
sample_00774.jpg,0.4119094690693504,SRC_113,-35.0,36.668707,N-winter
sample_00775.jpg,0.5096762527795027,SRC_076,25.0,63.632584,N-autumn
sample_00776.jpg,0.4189876334249421,SRC_107,20.0,65.68027,N-autumn
sample_00777.jpg,0.3894889856282566,SRC_027,35.0,41.369436,N-spring
sample_00778.jpg,0.45018608553268463,SRC_111,-35.0,79.069883,N-spring
sample_00779.jpg,0.41170364692228,SRC_165,10.0,42.451267,N-winter
sample_00780.jpg,0.42518237844697226,SRC_115,25.0,41.8845,N-spring
sample_00781.jpg,0.4068136299001825,SRC_146,10.0,58.0428,N-summer
sample_00782.jpg,0.43698889059630347,SRC_116,5.0,41.203028,N-spring
sample_00783.jpg,0.5002028056001346,SRC_076,25.0,63.632584,N-autumn
sample_00784.jpg,0.4728220788670111,SRC_106,25.0,40.638999,N-spring
sample_00785.jpg,0.4647042457153089,SRC_106,25.0,40.638999,N-spring
sample_00786.jpg,0.40519644522263115,SRC_126,-20.0,68.779144,N-summer
sample_00787.jpg,0.4083257134543715,SRC_061,50.0,43.110277,N-spring
sample_00788.jpg,0.3877600038274453,SRC_099,15.0,42.024472,N-spring
sample_00789.jpg,0.37808046662782235,SRC_063,25.0,41.329237,N-spring
sample_00790.jpg,0.38616371463010424,SRC_168,90.0,64.709631,N-summer
sample_00791.jpg,0.3887991924304042,SRC_109,50.0,54.137665,N-summer
sample_00792.jpg,0.4821628878633275,SRC_064,90.0,60.573524,N-spring
sample_00793.jpg,0.404145720212519,SRC_113,-35.0,36.668707,N-winter
sample_00794.jpg,0.4135356983097255,SRC_148,-15.0,49.227137,N-autumn
sample_00795.jpg,0.4647416476938052,SRC_061,50.0,43.110277,N-spring
sample_00796.jpg,0.3785245160791314,SRC_042,10.0,36.92431,N-spring
sample_00797.jpg,0.3741258764308008,SRC_004,30.0,61.107468,N-autumn
sample_00798.jpg,0.4001390822242682,SRC_095,-20.0,56.495654,N-spring
sample_00799.jpg,0.40353417605052666,SRC_073,45.0,41.537171,N-spring
sample_00800.jpg,0.39863521226606896,SRC_042,10.0,36.92431,N-spring
sample_00801.jpg,0.5200066687816639,SRC_159,20.0,67.076816,N-autumn
sample_00802.jpg,0.42093184184147087,SRC_075,-90.0,65.329336,N-winter
sample_00803.jpg,0.3985468781797989,SRC_080,-25.0,69.726065,N-summer
sample_00804.jpg,0.4394122238934869,SRC_142,-30.0,34.276784,N-winter
sample_00805.jpg,0.3977436333237107,SRC_157,40.0,44.22455,N-summer
sample_00806.jpg,0.39282795688154154,SRC_073,45.0,41.537171,N-spring
sample_00807.jpg,0.407959580242485,SRC_020,35.0,42.075965,N-summer
sample_00808.jpg,0.4108011058228973,SRC_056,-40.0,74.660587,N-summer
sample_00809.jpg,0.3956398246391789,SRC_013,50.0,54.051464,N-spring
sample_00810.jpg,0.3920384061741077,SRC_051,20.0,63.609319,N-autumn
sample_00811.jpg,0.3879252237175074,SRC_051,20.0,63.609319,N-autumn
sample_00812.jpg,0.40415230269533586,SRC_108,-40.0,68.856247,N-summer
sample_00813.jpg,0.41743986496366786,SRC_040,90.0,57.651744,N-spring
sample_00814.jpg,0.4842178655869205,SRC_136,-35.0,76.922409,N-spring
sample_00815.jpg,0.5053264016691059,SRC_092,5.0,57.429528,N-autumn
sample_00816.jpg,0.48800572972375145,SRC_095,-20.0,56.495654,N-spring
sample_00817.jpg,0.40435144111583227,SRC_095,-20.0,56.495654,N-spring
sample_00818.jpg,0.5092729309525297,SRC_100,20.0,41.506528,N-spring
sample_00819.jpg,0.3926561420815132,SRC_040,90.0,57.651744,N-spring
sample_00820.jpg,0.37962963524756344,SRC_041,15.0,46.712049,N-summer
sample_00821.jpg,0.4242214953589912,SRC_088,0.0,53.004483,N-summer
sample_00822.jpg,0.5490886155000869,SRC_111,-35.0,79.069883,N-spring
sample_00823.jpg,0.4186031650638906,SRC_144,-35.0,76.731052,N-spring
sample_00824.jpg,0.5249422581962226,SRC_067,-15.0,64.724247,N-spring
sample_00825.jpg,0.3918894461587098,SRC_153,-40.0,43.960452,N-autumn
sample_00826.jpg,0.48284846489923616,SRC_109,50.0,54.137665,N-summer
sample_00827.jpg,0.4374909271735846,SRC_023,-10.0,50.837437,N-spring
sample_00828.jpg,0.44995528772598475,SRC_077,-5.0,34.299081,N-winter
sample_00829.jpg,0.4226017501458127,SRC_115,25.0,41.8845,N-spring
sample_00830.jpg,0.4681106133002101,SRC_121,25.0,67.446292,N-autumn
sample_00831.jpg,0.4040824638951718,SRC_108,-40.0,68.856247,N-summer
sample_00832.jpg,0.3775199285414353,SRC_003,0.0,38.090051,N-spring
sample_00833.jpg,0.5242155139669922,SRC_074,0.0,50.25459,N-spring
sample_00834.jpg,0.4464366388783848,SRC_037,15.0,44.468297,N-spring
sample_00835.jpg,0.39773592083079135,SRC_095,-20.0,56.495654,N-spring
sample_00836.jpg,0.39116929726262945,SRC_093,-25.0,43.343655,N-autumn
sample_00837.jpg,0.5034663316877139,SRC_098,-45.0,70.730178,N-summer
sample_00838.jpg,0.4690977409255904,SRC_031,-90.0,62.684336,N-winter
sample_00839.jpg,0.3921502277784061,SRC_076,25.0,63.632584,N-autumn
sample_00840.jpg,0.51729206495541,SRC_154,0.0,54.770875,N-summer
sample_00841.jpg,0.38867765547589833,SRC_030,-25.0,67.936804,N-spring
sample_00842.jpg,0.38573363266062366,SRC_076,25.0,63.632584,N-autumn
sample_00843.jpg,0.41972731540627084,SRC_153,-40.0,43.960452,N-autumn
sample_00844.jpg,0.382901650450527,SRC_028,10.0,42.894848,N-spring
sample_00845.jpg,0.3848919181260026,SRC_157,40.0,44.22455,N-summer
sample_00846.jpg,0.40162888508753153,SRC_017,-90.0,64.6979,N-winter
sample_00847.jpg,0.3900755220564045,SRC_041,15.0,46.712049,N-summer
sample_00848.jpg,0.4335958341859281,SRC_047,0.0,48.028677,N-spring
sample_00849.jpg,0.517235562047611,SRC_022,20.0,41.513642,N-spring
sample_00850.jpg,0.38441351511257615,SRC_013,50.0,54.051464,N-spring
sample_00851.jpg,0.3758644820460876,SRC_151,-15.0,63.408071,N-summer
sample_00852.jpg,0.4204476213858854,SRC_115,25.0,41.8845,N-spring
sample_00853.jpg,0.4210073104476594,SRC_108,-40.0,68.856247,N-summer
sample_00854.jpg,0.42884251532999185,SRC_111,-35.0,79.069883,N-spring
sample_00855.jpg,0.3927029184900023,SRC_062,45.0,81.508965,N-autumn
sample_00856.jpg,0.39153977470360257,SRC_159,20.0,67.076816,N-autumn
sample_00857.jpg,0.4834549948710004,SRC_149,90.0,55.701783,N-summer
sample_00858.jpg,0.4960189445840696,SRC_148,-15.0,49.227137,N-autumn
sample_00859.jpg,0.3958968483015099,SRC_151,-15.0,63.408071,N-summer
sample_00860.jpg,0.4637599337449202,SRC_156,10.0,48.737382,N-summer
sample_00861.jpg,0.40911872898482454,SRC_115,25.0,41.8845,N-spring
sample_00862.jpg,0.3877086038737628,SRC_005,0.0,55.846781,N-summer
sample_00863.jpg,0.5139304903500234,SRC_144,-35.0,76.731052,N-spring
sample_00864.jpg,0.4249527616147325,SRC_093,-25.0,43.343655,N-autumn
sample_00865.jpg,0.5405562425053062,SRC_168,90.0,64.709631,N-summer
sample_00866.jpg,0.48797143807972726,SRC_044,-90.0,81.862162,N-autumn
sample_00867.jpg,0.4203882598190278,SRC_170,-20.0,56.332579,N-autumn
sample_00868.jpg,0.40303706501738545,SRC_066,-10.0,61.81065,N-summer
sample_00869.jpg,0.3854523256426798,SRC_171,-35.0,63.65778,N-spring
sample_00870.jpg,0.3961251728877066,SRC_091,-40.0,72.511342,N-summer
sample_00871.jpg,0.5169118678132822,SRC_153,-40.0,43.960452,N-autumn
sample_00872.jpg,0.37519142291853524,SRC_041,15.0,46.712049,N-summer
sample_00873.jpg,0.4324569067066119,SRC_124,0.0,51.928413,N-summer
sample_00874.jpg,0.4173634314794361,SRC_095,-20.0,56.495654,N-spring
sample_00875.jpg,0.3979848779142422,SRC_109,50.0,54.137665,N-summer
sample_00876.jpg,0.3909585479637991,SRC_040,90.0,57.651744,N-spring
sample_00877.jpg,0.4008498794866674,SRC_082,-10.0,60.444036,N-spring
sample_00878.jpg,0.3994067944268803,SRC_121,25.0,67.446292,N-autumn
sample_00879.jpg,0.40536214776467394,SRC_158,-5.0,35.954137,N-winter
sample_00880.jpg,0.4691416071574718,SRC_102,-10.0,52.255853,N-spring
sample_00881.jpg,0.5079794511772449,SRC_059,15.0,48.046698,N-summer
sample_00882.jpg,0.40881990509877547,SRC_108,-40.0,68.856247,N-summer
sample_00883.jpg,0.3967817136058629,SRC_109,50.0,54.137665,N-summer
sample_00884.jpg,0.4008543594224667,SRC_013,50.0,54.051464,N-spring
sample_00885.jpg,0.4601789455743212,SRC_009,-25.0,73.827745,N-spring
sample_00886.jpg,0.40607413472238774,SRC_067,-15.0,64.724247,N-spring
sample_00887.jpg,0.40427376569490914,SRC_125,-5.0,52.428603,N-spring
sample_00888.jpg,0.39258279904961335,SRC_011,-20.0,70.371153,N-summer
sample_00889.jpg,0.41790681986137457,SRC_170,-20.0,56.332579,N-autumn
sample_00890.jpg,0.4514567645885269,SRC_059,15.0,48.046698,N-summer
sample_00891.jpg,0.4706633588551541,SRC_083,0.0,55.378885,N-spring
sample_00892.jpg,0.47742959777460026,SRC_145,-5.0,52.15166,N-spring
sample_00893.jpg,0.3829758910036339,SRC_169,40.0,48.615664,N-summer
sample_00894.jpg,0.3990671218207421,SRC_018,-90.0,67.882485,N-winter
sample_00895.jpg,0.407038029790027,SRC_103,-35.0,57.090396,N-autumn
sample_00896.jpg,0.44109653471286936,SRC_123,0.0,54.598149,N-autumn
sample_00897.jpg,0.40368424742816966,SRC_006,-15.0,65.638079,N-spring
sample_00898.jpg,0.5002885260094947,SRC_075,-90.0,65.329336,N-winter
sample_00899.jpg,0.48737868177810223,SRC_148,-15.0,49.227137,N-autumn
sample_00900.jpg,0.4026335013265151,SRC_040,90.0,57.651744,N-spring
sample_00901.jpg,0.3959798693742139,SRC_108,-40.0,68.856247,N-summer
sample_00902.jpg,0.4245469357169355,SRC_029,-5.0,45.485648,N-autumn
sample_00903.jpg,0.5050696399081909,SRC_153,-40.0,43.960452,N-autumn
sample_00904.jpg,0.3962405171975632,SRC_109,50.0,54.137665,N-summer
sample_00905.jpg,0.5004001627673634,SRC_074,0.0,50.25459,N-spring
sample_00906.jpg,0.3946302680798327,SRC_005,0.0,55.846781,N-summer
sample_00907.jpg,0.3874893197413097,SRC_092,5.0,57.429528,N-autumn
sample_00908.jpg,0.46777093678304327,SRC_156,10.0,48.737382,N-summer
sample_00909.jpg,0.4011140568364594,SRC_009,-25.0,73.827745,N-spring
sample_00910.jpg,0.48320697363286386,SRC_156,10.0,48.737382,N-summer
sample_00911.jpg,0.3865347113852705,SRC_125,-5.0,52.428603,N-spring
sample_00912.jpg,0.3935064410994439,SRC_083,0.0,55.378885,N-spring
sample_00913.jpg,0.5236984419986708,SRC_153,-40.0,43.960452,N-autumn
sample_00914.jpg,0.4373569452721554,SRC_096,25.0,40.422288,N-spring
sample_00915.jpg,0.4833725786008404,SRC_047,0.0,48.028677,N-spring
sample_00916.jpg,0.42296168373628945,SRC_133,-10.0,48.887369,N-spring
sample_00917.jpg,0.5256686549585566,SRC_123,0.0,54.598149,N-autumn
sample_00918.jpg,0.4177713279750962,SRC_040,90.0,57.651744,N-spring
sample_00919.jpg,0.39969482598464273,SRC_009,-25.0,73.827745,N-spring
sample_00920.jpg,0.4662418264931773,SRC_129,20.0,41.057252,N-spring
sample_00921.jpg,0.39515834712067094,SRC_043,10.0,50.433279,N-summer
sample_00922.jpg,0.4951279118831472,SRC_047,0.0,48.028677,N-spring
sample_00923.jpg,0.40127766525307484,SRC_107,20.0,65.68027,N-autumn
sample_00924.jpg,0.3742834645233553,SRC_042,10.0,36.92431,N-spring
sample_00925.jpg,0.3899807244770412,SRC_005,0.0,55.846781,N-summer
sample_00926.jpg,0.3990083381107862,SRC_108,-40.0,68.856247,N-summer
sample_00927.jpg,0.40632011222288955,SRC_080,-25.0,69.726065,N-summer
sample_00928.jpg,0.481388366544193,SRC_139,40.0,53.533251,N-winter
sample_00929.jpg,0.42572032909393387,SRC_017,-90.0,64.6979,N-winter
sample_00930.jpg,0.4881765305085288,SRC_104,25.0,45.102036,N-summer
sample_00931.jpg,0.38943384881319904,SRC_169,40.0,48.615664,N-summer
sample_00932.jpg,0.37972904000583857,SRC_063,25.0,41.329237,N-spring
sample_00933.jpg,0.4133411941174214,SRC_080,-25.0,69.726065,N-summer
sample_00934.jpg,0.3851940419049783,SRC_056,-40.0,74.660587,N-summer
sample_00935.jpg,0.43895633828881697,SRC_106,25.0,40.638999,N-spring
sample_00936.jpg,0.4298019669790286,SRC_085,0.0,39.187341,N-spring
sample_00937.jpg,0.4334104758759514,SRC_144,-35.0,76.731052,N-spring
sample_00938.jpg,0.404626853686469,SRC_103,-35.0,57.090396,N-autumn
sample_00939.jpg,0.40577689686522544,SRC_009,-25.0,73.827745,N-spring
sample_00940.jpg,0.45149426040782464,SRC_148,-15.0,49.227137,N-autumn
sample_00941.jpg,0.49500877425094697,SRC_007,20.0,49.485932,N-winter
sample_00942.jpg,0.44746811550301446,SRC_119,90.0,58.642683,N-spring
sample_00943.jpg,0.5097186899605036,SRC_032,-5.0,52.490186,N-spring
sample_00944.jpg,0.4177704481113362,SRC_067,-15.0,64.724247,N-spring
sample_00945.jpg,0.4083865052288206,SRC_042,10.0,36.92431,N-spring
sample_00946.jpg,0.4357087312082335,SRC_106,25.0,40.638999,N-spring
sample_00947.jpg,0.42809996877843304,SRC_043,10.0,50.433279,N-summer
sample_00948.jpg,0.3885595190529948,SRC_006,-15.0,65.638079,N-spring
sample_00949.jpg,0.39501719094222915,SRC_045,-90.0,70.559818,N-autumn
sample_00950.jpg,0.47916583011032376,SRC_109,50.0,54.137665,N-summer
sample_00951.jpg,0.3877334530375533,SRC_165,10.0,42.451267,N-winter
sample_00952.jpg,0.3807427802388824,SRC_013,50.0,54.051464,N-spring
sample_00953.jpg,0.39837508968474744,SRC_051,20.0,63.609319,N-autumn
sample_00954.jpg,0.39942799765670794,SRC_009,-25.0,73.827745,N-spring
sample_00955.jpg,0.49974488286078217,SRC_064,90.0,60.573524,N-spring
sample_00956.jpg,0.5033306667830575,SRC_123,0.0,54.598149,N-autumn
sample_00957.jpg,0.4207489860169593,SRC_106,25.0,40.638999,N-spring
sample_00958.jpg,0.48748741722365907,SRC_102,-10.0,52.255853,N-spring
sample_00959.jpg,0.39809749084080576,SRC_109,50.0,54.137665,N-summer
sample_00960.jpg,0.3910542507287023,SRC_076,25.0,63.632584,N-autumn
sample_00961.jpg,0.3872116906649714,SRC_121,25.0,67.446292,N-autumn
sample_00962.jpg,0.3933748920628245,SRC_051,20.0,63.609319,N-autumn
sample_00963.jpg,0.4508895899122313,SRC_165,10.0,42.451267,N-winter
sample_00964.jpg,0.38938682285681014,SRC_058,30.0,69.060883,N-autumn
sample_00965.jpg,0.42405051471542193,SRC_100,20.0,41.506528,N-spring
sample_00966.jpg,0.5131534081138777,SRC_049,5.0,42.94902,N-spring
sample_00967.jpg,0.38615299434587735,SRC_084,-10.0,58.957849,N-summer
sample_00968.jpg,0.3974448815053496,SRC_108,-40.0,68.856247,N-summer
sample_00969.jpg,0.38630963026527054,SRC_169,40.0,48.615664,N-summer
sample_00970.jpg,0.5171163979961759,SRC_130,25.0,37.507656,N-spring
sample_00971.jpg,0.381851856725516,SRC_100,20.0,41.506528,N-spring
sample_00972.jpg,0.40035303354512186,SRC_009,-25.0,73.827745,N-spring
sample_00973.jpg,0.37999778076718316,SRC_108,-40.0,68.856247,N-summer
sample_00974.jpg,0.4641212366210925,SRC_015,20.0,46.484204,N-summer
sample_00975.jpg,0.5115790093313679,SRC_024,10.0,53.725813,N-summer
sample_00976.jpg,0.3925426683133724,SRC_009,-25.0,73.827745,N-spring
sample_00977.jpg,0.4137652146304446,SRC_121,25.0,67.446292,N-autumn
sample_00978.jpg,0.3996804811015131,SRC_004,30.0,61.107468,N-autumn
sample_00979.jpg,0.3942201457494868,SRC_082,-10.0,60.444036,N-spring
sample_00980.jpg,0.40866165680953676,SRC_102,-10.0,52.255853,N-spring
sample_00981.jpg,0.3983453575449084,SRC_114,-10.0,58.176498,N-autumn
sample_00982.jpg,0.38677718234124847,SRC_014,-40.0,38.480327,N-winter
sample_00983.jpg,0.5063772363202472,SRC_131,10.0,60.540464,N-autumn
sample_00984.jpg,0.4992184454685355,SRC_042,10.0,36.92431,N-spring
sample_00985.jpg,0.48896760483963997,SRC_069,25.0,48.120522,N-summer
sample_00986.jpg,0.4672829351801055,SRC_040,90.0,57.651744,N-spring
sample_00987.jpg,0.41656134328099437,SRC_126,-20.0,68.779144,N-summer
sample_00988.jpg,0.38388335085206515,SRC_027,35.0,41.369436,N-spring
sample_00989.jpg,0.5181978915825474,SRC_081,-90.0,74.772433,N-autumn
sample_00990.jpg,0.5190355795479549,SRC_049,5.0,42.94902,N-spring
sample_00991.jpg,0.4197774779744443,SRC_062,45.0,81.508965,N-autumn
sample_00992.jpg,0.4914278557250302,SRC_171,-35.0,63.65778,N-spring
sample_00993.jpg,0.43630881086924467,SRC_006,-15.0,65.638079,N-spring
sample_00994.jpg,0.3770404917601472,SRC_159,20.0,67.076816,N-autumn
sample_00995.jpg,0.37292418877916794,SRC_004,30.0,61.107468,N-autumn
sample_00996.jpg,0.47520522075759225,SRC_095,-20.0,56.495654,N-spring
sample_00997.jpg,0.4288203175719268,SRC_133,-10.0,48.887369,N-spring
sample_00998.jpg,0.3871505646751519,SRC_004,30.0,61.107468,N-autumn
sample_00999.jpg,0.3943090011127409,SRC_048,-25.0,61.920556,N-autumn
sample_01000.jpg,0.38752603095990684,SRC_021,-90.0,68.040851,N-autumn
sample_01001.jpg,0.47909940184791433,SRC_066,-10.0,61.81065,N-summer
sample_01002.jpg,0.3900999575279739,SRC_030,-25.0,67.936804,N-spring
sample_01003.jpg,0.43089979156925234,SRC_111,-35.0,79.069883,N-spring
sample_01004.jpg,0.48604610846496704,SRC_077,-5.0,34.299081,N-winter
sample_01005.jpg,0.42151978093085785,SRC_108,-40.0,68.856247,N-summer
sample_01006.jpg,0.5015814735417334,SRC_112,-30.0,67.516648,N-spring
sample_01007.jpg,0.5219733887913424,SRC_054,5.0,37.41608,N-winter
sample_01008.jpg,0.5110785864995037,SRC_133,-10.0,48.887369,N-spring
sample_01009.jpg,0.37949133686757835,SRC_156,10.0,48.737382,N-summer
sample_01010.jpg,0.38105765088552207,SRC_086,15.0,43.648742,N-summer
sample_01011.jpg,0.39720407123904017,SRC_099,15.0,42.024472,N-spring
sample_01012.jpg,0.45181183117142654,SRC_099,15.0,42.024472,N-spring
sample_01013.jpg,0.3931693160879122,SRC_020,35.0,42.075965,N-summer
sample_01014.jpg,0.39439199091432237,SRC_099,15.0,42.024472,N-spring
sample_01015.jpg,0.4865787570793162,SRC_009,-25.0,73.827745,N-spring
sample_01016.jpg,0.4072579662532668,SRC_009,-25.0,73.827745,N-spring
sample_01017.jpg,0.41465198145137067,SRC_170,-20.0,56.332579,N-autumn
sample_01018.jpg,0.3948071956951726,SRC_148,-15.0,49.227137,N-autumn
sample_01019.jpg,0.419232970507451,SRC_170,-20.0,56.332579,N-autumn
sample_01020.jpg,0.38255664455491456,SRC_141,-10.0,55.206291,N-spring
sample_01021.jpg,0.3873390708959968,SRC_042,10.0,36.92431,N-spring
sample_01022.jpg,0.4446867227058374,SRC_054,5.0,37.41608,N-winter
sample_01023.jpg,0.41230173853343804,SRC_138,25.0,44.714676,N-summer
sample_01024.jpg,0.4138994997630297,SRC_111,-35.0,79.069883,N-spring
sample_01025.jpg,0.38720713832032017,SRC_107,20.0,65.68027,N-autumn
sample_01026.jpg,0.5045116696174974,SRC_041,15.0,46.712049,N-summer
sample_01027.jpg,0.3868020413926872,SRC_015,20.0,46.484204,N-summer
sample_01028.jpg,0.5012754888420949,SRC_102,-10.0,52.255853,N-spring
sample_01029.jpg,0.48776969361614686,SRC_027,35.0,41.369436,N-spring
sample_01030.jpg,0.45512775184539034,SRC_111,-35.0,79.069883,N-spring
sample_01031.jpg,0.3856713621213318,SRC_085,0.0,39.187341,N-spring
sample_01032.jpg,0.39137532225482863,SRC_121,25.0,67.446292,N-autumn
sample_01033.jpg,0.3963294557409358,SRC_030,-25.0,67.936804,N-spring
sample_01034.jpg,0.41198972457894933,SRC_133,-10.0,48.887369,N-spring
sample_01035.jpg,0.39919099835337496,SRC_134,-30.0,69.607895,N-spring
sample_01036.jpg,0.40750064612649173,SRC_091,-40.0,72.511342,N-summer
sample_01037.jpg,0.40292605091346323,SRC_076,25.0,63.632584,N-autumn
sample_01038.jpg,0.4221243531535427,SRC_133,-10.0,48.887369,N-spring
sample_01039.jpg,0.38817789746338366,SRC_126,-20.0,68.779144,N-summer
sample_01040.jpg,0.41207716849100856,SRC_146,10.0,58.0428,N-summer
sample_01041.jpg,0.41419226782511986,SRC_103,-35.0,57.090396,N-autumn
sample_01042.jpg,0.4211602994972569,SRC_068,0.0,56.216196,N-summer
sample_01043.jpg,0.5168298114034927,SRC_111,-35.0,79.069883,N-spring
sample_01044.jpg,0.5115851615502448,SRC_084,-10.0,58.957849,N-summer
sample_01045.jpg,0.5010623171810014,SRC_052,5.0,51.705435,N-summer
sample_01046.jpg,0.47979604738693576,SRC_076,25.0,63.632584,N-autumn
sample_01047.jpg,0.4334502609384711,SRC_066,-10.0,61.81065,N-summer
sample_01048.jpg,0.4813683579070805,SRC_027,35.0,41.369436,N-spring
sample_01049.jpg,0.3962096201196187,SRC_114,-10.0,58.176498,N-autumn
sample_01050.jpg,0.39270305041751935,SRC_103,-35.0,57.090396,N-autumn
sample_01051.jpg,0.38895872662163333,SRC_157,40.0,44.22455,N-summer
sample_01052.jpg,0.4598846726661714,SRC_022,20.0,41.513642,N-spring
sample_01053.jpg,0.46432396749615207,SRC_104,25.0,45.102036,N-summer
sample_01054.jpg,0.38890290577189535,SRC_097,0.0,35.318175,N-winter
sample_01055.jpg,0.37883976585471035,SRC_056,-40.0,74.660587,N-summer
sample_01056.jpg,0.4730513668241472,SRC_003,0.0,38.090051,N-spring
sample_01057.jpg,0.396247219390691,SRC_076,25.0,63.632584,N-autumn
sample_01058.jpg,0.377648150876874,SRC_108,-40.0,68.856247,N-summer
sample_01059.jpg,0.48631572803878054,SRC_011,-20.0,70.371153,N-summer
sample_01060.jpg,0.41925613436770337,SRC_153,-40.0,43.960452,N-autumn
sample_01061.jpg,0.38369334802779675,SRC_027,35.0,41.369436,N-spring
sample_01062.jpg,0.4230508390311062,SRC_095,-20.0,56.495654,N-spring
sample_01063.jpg,0.38948710646269546,SRC_091,-40.0,72.511342,N-summer
sample_01064.jpg,0.39372536382941326,SRC_037,15.0,44.468297,N-spring
sample_01065.jpg,0.3907968335671221,SRC_097,0.0,35.318175,N-winter
sample_01066.jpg,0.40442192311567043,SRC_121,25.0,67.446292,N-autumn
sample_01067.jpg,0.3951695050474223,SRC_021,-90.0,68.040851,N-autumn
sample_01068.jpg,0.4933134277870379,SRC_049,5.0,42.94902,N-spring
sample_01069.jpg,0.4241214686574488,SRC_020,35.0,42.075965,N-summer
sample_01070.jpg,0.38974414860950807,SRC_164,20.0,59.226879,N-autumn
sample_01071.jpg,0.3931762134867845,SRC_091,-40.0,72.511342,N-summer
sample_01072.jpg,0.4928954877037658,SRC_168,90.0,64.709631,N-summer
sample_01073.jpg,0.39718373321894207,SRC_067,-15.0,64.724247,N-spring
sample_01074.jpg,0.4798977182911856,SRC_056,-40.0,74.660587,N-summer
sample_01075.jpg,0.5306058189102585,SRC_028,10.0,42.894848,N-spring
sample_01076.jpg,0.49141215089324347,SRC_112,-30.0,67.516648,N-spring
sample_01077.jpg,0.5088764018984445,SRC_054,5.0,37.41608,N-winter
sample_01078.jpg,0.4849998243811668,SRC_073,45.0,41.537171,N-spring
sample_01079.jpg,0.3971803466844349,SRC_076,25.0,63.632584,N-autumn
sample_01080.jpg,0.3942192558040557,SRC_021,-90.0,68.040851,N-autumn
sample_01081.jpg,0.39342625790168345,SRC_125,-5.0,52.428603,N-spring
sample_01082.jpg,0.3707781381994593,SRC_169,40.0,48.615664,N-summer
sample_01083.jpg,0.4943490511299357,SRC_011,-20.0,70.371153,N-summer
sample_01084.jpg,0.41253679686621264,SRC_151,-15.0,63.408071,N-summer
sample_01085.jpg,0.38018317361672416,SRC_109,50.0,54.137665,N-summer
sample_01086.jpg,0.5125731573646488,SRC_078,15.0,40.437008,N-spring
sample_01087.jpg,0.3816674500369716,SRC_108,-40.0,68.856247,N-summer
sample_01088.jpg,0.5001906351959408,SRC_038,-15.0,32.097448,N-winter
sample_01089.jpg,0.4458356351990539,SRC_126,-20.0,68.779144,N-summer
sample_01090.jpg,0.49482758580851105,SRC_072,15.0,46.966801,N-winter
sample_01091.jpg,0.41822376540112655,SRC_138,25.0,44.714676,N-summer
sample_01092.jpg,0.4092750845569021,SRC_021,-90.0,68.040851,N-autumn
sample_01093.jpg,0.5201368779952553,SRC_108,-40.0,68.856247,N-summer
sample_01094.jpg,0.46747109344539306,SRC_111,-35.0,79.069883,N-spring
sample_01095.jpg,0.3970649861201042,SRC_069,25.0,48.120522,N-summer
sample_01096.jpg,0.3967105625246462,SRC_048,-25.0,61.920556,N-autumn
sample_01097.jpg,0.404716338651858,SRC_067,-15.0,64.724247,N-spring
sample_01098.jpg,0.4503716359987771,SRC_168,90.0,64.709631,N-summer
sample_01099.jpg,0.39252615662178614,SRC_010,90.0,74.440619,N-summer
sample_01100.jpg,0.5091135811089743,SRC_097,0.0,35.318175,N-winter
sample_01101.jpg,0.4927847960717083,SRC_061,50.0,43.110277,N-spring
sample_01102.jpg,0.4146087828436871,SRC_020,35.0,42.075965,N-summer
sample_01103.jpg,0.4290233758967251,SRC_085,0.0,39.187341,N-spring
sample_01104.jpg,0.4171858866721728,SRC_115,25.0,41.8845,N-spring
sample_01105.jpg,0.40110559991161415,SRC_040,90.0,57.651744,N-spring
sample_01106.jpg,0.4878197858518636,SRC_040,90.0,57.651744,N-spring
sample_01107.jpg,0.41405942530941686,SRC_091,-40.0,72.511342,N-summer
sample_01108.jpg,0.3850707376834518,SRC_037,15.0,44.468297,N-spring
sample_01109.jpg,0.3921801954398548,SRC_004,30.0,61.107468,N-autumn
sample_01110.jpg,0.3728083964804582,SRC_004,30.0,61.107468,N-autumn
sample_01111.jpg,0.500861518798591,SRC_013,50.0,54.051464,N-spring
sample_01112.jpg,0.4304209979440635,SRC_133,-10.0,48.887369,N-spring
sample_01113.jpg,0.38073766726349323,SRC_014,-40.0,38.480327,N-winter
sample_01114.jpg,0.483188232722345,SRC_013,50.0,54.051464,N-spring
sample_01115.jpg,0.37775555998751686,SRC_037,15.0,44.468297,N-spring
sample_01116.jpg,0.40454888493510993,SRC_115,25.0,41.8845,N-spring
sample_01117.jpg,0.4085275359433226,SRC_024,10.0,53.725813,N-summer
sample_01118.jpg,0.3826346878009238,SRC_125,-5.0,52.428603,N-spring
sample_01119.jpg,0.40712473466678983,SRC_112,-30.0,67.516648,N-spring
sample_01120.jpg,0.3931264742949908,SRC_114,-10.0,58.176498,N-autumn
sample_01121.jpg,0.4740951211713753,SRC_028,10.0,42.894848,N-spring
sample_01122.jpg,0.38188259895790394,SRC_099,15.0,42.024472,N-spring
sample_01123.jpg,0.3904958517216903,SRC_109,50.0,54.137665,N-summer
sample_01124.jpg,0.4041943342026141,SRC_131,10.0,60.540464,N-autumn
sample_01125.jpg,0.46256638241839354,SRC_069,25.0,48.120522,N-summer
sample_01126.jpg,0.4964978113690924,SRC_051,20.0,63.609319,N-autumn
sample_01127.jpg,0.39156698545882207,SRC_006,-15.0,65.638079,N-spring
sample_01128.jpg,0.37865625153875737,SRC_114,-10.0,58.176498,N-autumn
sample_01129.jpg,0.426862516051719,SRC_019,90.0,60.00919,N-summer
sample_01130.jpg,0.3845204536303074,SRC_169,40.0,48.615664,N-summer
sample_01131.jpg,0.37461842382633714,SRC_140,35.0,44.85556,N-spring
sample_01132.jpg,0.39093812840018083,SRC_076,25.0,63.632584,N-autumn
sample_01133.jpg,0.3939028325047745,SRC_103,-35.0,57.090396,N-autumn
sample_01134.jpg,0.3994514255827274,SRC_066,-10.0,61.81065,N-summer
sample_01135.jpg,0.3854673586095119,SRC_109,50.0,54.137665,N-summer
sample_01136.jpg,0.5016053362579367,SRC_074,0.0,50.25459,N-spring
sample_01137.jpg,0.4507314871641883,SRC_071,20.0,40.070501,N-spring
sample_01138.jpg,0.405283536308762,SRC_139,40.0,53.533251,N-winter
sample_01139.jpg,0.5153597243983229,SRC_032,-5.0,52.490186,N-spring
sample_01140.jpg,0.3946608702036536,SRC_066,-10.0,61.81065,N-summer
sample_01141.jpg,0.3824636399811239,SRC_097,0.0,35.318175,N-winter
sample_01142.jpg,0.38362431353657717,SRC_084,-10.0,58.957849,N-summer
sample_01143.jpg,0.4102481332008989,SRC_088,0.0,53.004483,N-summer
sample_01144.jpg,0.45244920180269477,SRC_111,-35.0,79.069883,N-spring
sample_01145.jpg,0.4010285107047869,SRC_089,10.0,48.442522,N-winter
sample_01146.jpg,0.3912587971598116,SRC_066,-10.0,61.81065,N-summer
sample_01147.jpg,0.39017821006050724,SRC_037,15.0,44.468297,N-spring
sample_01148.jpg,0.4047645379655146,SRC_102,-10.0,52.255853,N-spring
sample_01149.jpg,0.3804635760274883,SRC_086,15.0,43.648742,N-summer
sample_01150.jpg,0.5247409553822674,SRC_131,10.0,60.540464,N-autumn
sample_01151.jpg,0.49415324077596495,SRC_065,30.0,68.700871,N-winter
sample_01152.jpg,0.3984099729889547,SRC_089,10.0,48.442522,N-winter
sample_01153.jpg,0.5139587095061804,SRC_100,20.0,41.506528,N-spring
sample_01154.jpg,0.3744612277065185,SRC_063,25.0,41.329237,N-spring
sample_01155.jpg,0.44581190636804713,SRC_102,-10.0,52.255853,N-spring
sample_01156.jpg,0.4961858039492387,SRC_004,30.0,61.107468,N-autumn
sample_01157.jpg,0.4972489395339748,SRC_070,60.0,58.788969,N-summer
sample_01158.jpg,0.3895087204155311,SRC_041,15.0,46.712049,N-summer
sample_01159.jpg,0.3961989801486093,SRC_009,-25.0,73.827745,N-spring
sample_01160.jpg,0.37990052036414557,SRC_084,-10.0,58.957849,N-summer
sample_01161.jpg,0.4869330913138252,SRC_056,-40.0,74.660587,N-summer
sample_01162.jpg,0.3892253939598122,SRC_066,-10.0,61.81065,N-summer
sample_01163.jpg,0.38407167840064627,SRC_126,-20.0,68.779144,N-summer
sample_01164.jpg,0.48316496011899507,SRC_139,40.0,53.533251,N-winter
sample_01165.jpg,0.3936929261887564,SRC_113,-35.0,36.668707,N-winter
sample_01166.jpg,0.38326061097749264,SRC_041,15.0,46.712049,N-summer
sample_01167.jpg,0.39889893079726335,SRC_009,-25.0,73.827745,N-spring
sample_01168.jpg,0.4381957982233546,SRC_115,25.0,41.8845,N-spring
sample_01169.jpg,0.4021841259337802,SRC_170,-20.0,56.332579,N-autumn
sample_01170.jpg,0.43736041977629947,SRC_091,-40.0,72.511342,N-summer
sample_01171.jpg,0.399688499366766,SRC_158,-5.0,35.954137,N-winter
sample_01172.jpg,0.39699209779397376,SRC_011,-20.0,70.371153,N-summer
sample_01173.jpg,0.3854278815641431,SRC_096,25.0,40.422288,N-spring
sample_01174.jpg,0.4196063028406335,SRC_095,-20.0,56.495654,N-spring
sample_01175.jpg,0.5085956265470835,SRC_066,-10.0,61.81065,N-summer
sample_01176.jpg,0.41768433021816975,SRC_008,25.0,61.005891,N-autumn
sample_01177.jpg,0.383721851184575,SRC_084,-10.0,58.957849,N-summer
sample_01178.jpg,0.42008474329873574,SRC_165,10.0,42.451267,N-winter
sample_01179.jpg,0.41307571762576734,SRC_095,-20.0,56.495654,N-spring
sample_01180.jpg,0.41046264447572156,SRC_139,40.0,53.533251,N-winter
sample_01181.jpg,0.3826604701412841,SRC_171,-35.0,63.65778,N-spring
sample_01182.jpg,0.5104331583678958,SRC_060,90.0,64.124177,N-summer
sample_01183.jpg,0.4586868678036728,SRC_047,0.0,48.028677,N-spring
sample_01184.jpg,0.3869991001603855,SRC_126,-20.0,68.779144,N-summer
sample_01185.jpg,0.39752263681386224,SRC_058,30.0,69.060883,N-autumn
sample_01186.jpg,0.3961531224380551,SRC_006,-15.0,65.638079,N-spring
sample_01187.jpg,0.4099103640670327,SRC_134,-30.0,69.607895,N-spring
sample_01188.jpg,0.5091374964220642,SRC_030,-25.0,67.936804,N-spring
sample_01189.jpg,0.47843008587346575,SRC_011,-20.0,70.371153,N-summer
sample_01190.jpg,0.38349863575588317,SRC_041,15.0,46.712049,N-summer
sample_01191.jpg,0.40331416535138914,SRC_062,45.0,81.508965,N-autumn
sample_01192.jpg,0.39319666270394404,SRC_129,20.0,41.057252,N-spring
sample_01193.jpg,0.3934728496832359,SRC_027,35.0,41.369436,N-spring
sample_01194.jpg,0.4937837602488167,SRC_123,0.0,54.598149,N-autumn
sample_01195.jpg,0.38381236149478665,SRC_154,0.0,54.770875,N-summer
sample_01196.jpg,0.47458298444910857,SRC_124,0.0,51.928413,N-summer
sample_01197.jpg,0.4473887547888854,SRC_047,0.0,48.028677,N-spring
sample_01198.jpg,0.39599002040625425,SRC_158,-5.0,35.954137,N-winter
sample_01199.jpg,0.3910922954394214,SRC_037,15.0,44.468297,N-spring
sample_01200.jpg,0.3928626928616888,SRC_124,0.0,51.928413,N-summer
sample_01201.jpg,0.3893008298006244,SRC_114,-10.0,58.176498,N-autumn
sample_01202.jpg,0.40630263244677767,SRC_170,-20.0,56.332579,N-autumn
sample_01203.jpg,0.42872308982746377,SRC_137,-5.0,45.053172,N-spring
sample_01204.jpg,0.4842139729093352,SRC_156,10.0,48.737382,N-summer
sample_01205.jpg,0.49995408816423614,SRC_126,-20.0,68.779144,N-summer
sample_01206.jpg,0.4265434283071466,SRC_050,0.0,53.680047,N-summer
sample_01207.jpg,0.4018472822420839,SRC_021,-90.0,68.040851,N-autumn
sample_01208.jpg,0.39342044582077434,SRC_004,30.0,61.107468,N-autumn
sample_01209.jpg,0.38624599007778687,SRC_161,5.0,52.294471,N-summer
sample_01210.jpg,0.37739592411440287,SRC_034,40.0,46.055099,N-summer
sample_01211.jpg,0.40709747195900875,SRC_131,10.0,60.540464,N-autumn
sample_01212.jpg,0.3998797668541891,SRC_009,-25.0,73.827745,N-spring
sample_01213.jpg,0.4045206715525758,SRC_100,20.0,41.506528,N-spring
sample_01214.jpg,0.3916905207844621,SRC_004,30.0,61.107468,N-autumn
sample_01215.jpg,0.4230740831538336,SRC_115,25.0,41.8845,N-spring
sample_01216.jpg,0.5051540681165585,SRC_078,15.0,40.437008,N-spring
sample_01217.jpg,0.44371915555735086,SRC_091,-40.0,72.511342,N-summer
sample_01218.jpg,0.3903408260361802,SRC_088,0.0,53.004483,N-summer
sample_01219.jpg,0.3705337625898457,SRC_063,25.0,41.329237,N-spring
sample_01220.jpg,0.386163255193216,SRC_140,35.0,44.85556,N-spring
sample_01221.jpg,0.49863536062443153,SRC_005,0.0,55.846781,N-summer
sample_01222.jpg,0.449246132268372,SRC_029,-5.0,45.485648,N-autumn
sample_01223.jpg,0.3970806799120127,SRC_028,10.0,42.894848,N-spring
sample_01224.jpg,0.41140719797605774,SRC_149,90.0,55.701783,N-summer
sample_01225.jpg,0.4713212704052001,SRC_142,-30.0,34.276784,N-winter
sample_01226.jpg,0.459278047255137,SRC_130,25.0,37.507656,N-spring
sample_01227.jpg,0.387720753269685,SRC_126,-20.0,68.779144,N-summer
sample_01228.jpg,0.42285667345215067,SRC_054,5.0,37.41608,N-winter
sample_01229.jpg,0.3832517301199706,SRC_030,-25.0,67.936804,N-spring
sample_01230.jpg,0.38845794084808916,SRC_013,50.0,54.051464,N-spring
sample_01231.jpg,0.4039288642881102,SRC_037,15.0,44.468297,N-spring
sample_01232.jpg,0.4277467709004492,SRC_148,-15.0,49.227137,N-autumn
sample_01233.jpg,0.4851002736073021,SRC_143,90.0,68.916652,N-spring
sample_01234.jpg,0.38807697324326895,SRC_051,20.0,63.609319,N-autumn
sample_01235.jpg,0.4823819805650146,SRC_170,-20.0,56.332579,N-autumn
sample_01236.jpg,0.5071140637231759,SRC_009,-25.0,73.827745,N-spring
sample_01237.jpg,0.425663924632134,SRC_009,-25.0,73.827745,N-spring
sample_01238.jpg,0.4257523256615471,SRC_056,-40.0,74.660587,N-summer
sample_01239.jpg,0.4105280166381844,SRC_139,40.0,53.533251,N-winter
sample_01240.jpg,0.4610784872445198,SRC_108,-40.0,68.856247,N-summer
sample_01241.jpg,0.3844000222171603,SRC_034,40.0,46.055099,N-summer
sample_01242.jpg,0.38698118259776415,SRC_164,20.0,59.226879,N-autumn
sample_01243.jpg,0.4080032984502404,SRC_092,5.0,57.429528,N-autumn
sample_01244.jpg,0.3998202917119384,SRC_134,-30.0,69.607895,N-spring
sample_01245.jpg,0.40754692622306854,SRC_121,25.0,67.446292,N-autumn
sample_01246.jpg,0.4056680633221121,SRC_146,10.0,58.0428,N-summer
sample_01247.jpg,0.39999590751521963,SRC_109,50.0,54.137665,N-summer
sample_01248.jpg,0.5219531446320038,SRC_074,0.0,50.25459,N-spring
sample_01249.jpg,0.3980701063454895,SRC_013,50.0,54.051464,N-spring
sample_01250.jpg,0.39670323590068235,SRC_024,10.0,53.725813,N-summer
sample_01251.jpg,0.398424586685009,SRC_009,-25.0,73.827745,N-spring
sample_01252.jpg,0.39886373605779984,SRC_055,-5.0,57.335076,N-spring
sample_01253.jpg,0.46793975821144757,SRC_111,-35.0,79.069883,N-spring
sample_01254.jpg,0.41214574826001193,SRC_094,20.0,66.934532,N-autumn
sample_01255.jpg,0.39308725239726594,SRC_100,20.0,41.506528,N-spring
sample_01256.jpg,0.45767674447219003,SRC_111,-35.0,79.069883,N-spring
sample_01257.jpg,0.41878581066507203,SRC_052,5.0,51.705435,N-summer
sample_01258.jpg,0.5140537796607655,SRC_046,0.0,58.061031,N-autumn
sample_01259.jpg,0.3799795961473368,SRC_014,-40.0,38.480327,N-winter
sample_01260.jpg,0.4960150321667499,SRC_070,60.0,58.788969,N-summer
sample_01261.jpg,0.4179803508857319,SRC_139,40.0,53.533251,N-winter
sample_01262.jpg,0.3768592956758048,SRC_041,15.0,46.712049,N-summer
sample_01263.jpg,0.4193871992643762,SRC_092,5.0,57.429528,N-autumn
sample_01264.jpg,0.5115888873482284,SRC_151,-15.0,63.408071,N-summer
sample_01265.jpg,0.38793591372257447,SRC_082,-10.0,60.444036,N-spring
sample_01266.jpg,0.3819946374567958,SRC_075,-90.0,65.329336,N-winter
sample_01267.jpg,0.48383471751329765,SRC_112,-30.0,67.516648,N-spring
sample_01268.jpg,0.41501781109893043,SRC_131,10.0,60.540464,N-autumn
sample_01269.jpg,0.481169292054787,SRC_016,10.0,55.552023,N-winter
sample_01270.jpg,0.47651659611433334,SRC_130,25.0,37.507656,N-spring
sample_01271.jpg,0.4429232458311678,SRC_067,-15.0,64.724247,N-spring
sample_01272.jpg,0.5218457382334103,SRC_156,10.0,48.737382,N-summer
sample_01273.jpg,0.3996192245771467,SRC_062,45.0,81.508965,N-autumn
sample_01274.jpg,0.39307255579288025,SRC_006,-15.0,65.638079,N-spring
sample_01275.jpg,0.4073200402489265,SRC_153,-40.0,43.960452,N-autumn
sample_01276.jpg,0.501661475967037,SRC_038,-15.0,32.097448,N-winter
sample_01277.jpg,0.49649156496883595,SRC_026,90.0,57.238404,N-spring
sample_01278.jpg,0.3970339963608439,SRC_124,0.0,51.928413,N-summer
sample_01279.jpg,0.388105993539657,SRC_114,-10.0,58.176498,N-autumn
sample_01280.jpg,0.39781108138943216,SRC_093,-25.0,43.343655,N-autumn
sample_01281.jpg,0.45290324733938475,SRC_154,0.0,54.770875,N-summer
sample_01282.jpg,0.3941677744870284,SRC_103,-35.0,57.090396,N-autumn
sample_01283.jpg,0.3905417733638738,SRC_096,25.0,40.422288,N-spring
sample_01284.jpg,0.41010672555890065,SRC_089,10.0,48.442522,N-winter
sample_01285.jpg,0.47327662897236167,SRC_161,5.0,52.294471,N-summer
sample_01286.jpg,0.4812882540179202,SRC_168,90.0,64.709631,N-summer
sample_01287.jpg,0.41191591885687906,SRC_102,-10.0,52.255853,N-spring
sample_01288.jpg,0.3983172004327649,SRC_068,0.0,56.216196,N-summer
sample_01289.jpg,0.5213981091954301,SRC_092,5.0,57.429528,N-autumn
sample_01290.jpg,0.5026103776502023,SRC_074,0.0,50.25459,N-spring
sample_01291.jpg,0.39707790453379327,SRC_027,35.0,41.369436,N-spring
sample_01292.jpg,0.4284086956873888,SRC_150,10.0,50.798821,N-summer
sample_01293.jpg,0.378412027831449,SRC_028,10.0,42.894848,N-spring
sample_01294.jpg,0.39865408006757325,SRC_108,-40.0,68.856247,N-summer
sample_01295.jpg,0.4185595388096381,SRC_061,50.0,43.110277,N-spring
sample_01296.jpg,0.466024736692596,SRC_070,60.0,58.788969,N-summer
sample_01297.jpg,0.38311884864200335,SRC_157,40.0,44.22455,N-summer
sample_01298.jpg,0.5180990123445327,SRC_052,5.0,51.705435,N-summer
sample_01299.jpg,0.38090548394337864,SRC_037,15.0,44.468297,N-spring
sample_01300.jpg,0.39080836354993226,SRC_171,-35.0,63.65778,N-spring
sample_01301.jpg,0.492067388008421,SRC_020,35.0,42.075965,N-summer
sample_01302.jpg,0.3861599110023092,SRC_107,20.0,65.68027,N-autumn
sample_01303.jpg,0.4377707103398495,SRC_142,-30.0,34.276784,N-winter
sample_01304.jpg,0.4081943424745894,SRC_036,5.0,52.749586,N-summer
sample_01305.jpg,0.4840252952883094,SRC_112,-30.0,67.516648,N-spring
sample_01306.jpg,0.47563930079936734,SRC_044,-90.0,81.862162,N-autumn
sample_01307.jpg,0.3840803532132888,SRC_004,30.0,61.107468,N-autumn
sample_01308.jpg,0.4109809537720759,SRC_076,25.0,63.632584,N-autumn
sample_01309.jpg,0.37345421602752965,SRC_169,40.0,48.615664,N-summer
sample_01310.jpg,0.40774871531732826,SRC_091,-40.0,72.511342,N-summer
sample_01311.jpg,0.39347950784820374,SRC_027,35.0,41.369436,N-spring
sample_01312.jpg,0.39125292065139355,SRC_043,10.0,50.433279,N-summer
sample_01313.jpg,0.45936777272368523,SRC_069,25.0,48.120522,N-summer
sample_01314.jpg,0.4928249753885227,SRC_046,0.0,58.061031,N-autumn
sample_01315.jpg,0.5064214850092764,SRC_069,25.0,48.120522,N-summer
sample_01316.jpg,0.39114988418706564,SRC_015,20.0,46.484204,N-summer
sample_01317.jpg,0.4110058250228189,SRC_015,20.0,46.484204,N-summer
sample_01318.jpg,0.3739022871063137,SRC_004,30.0,61.107468,N-autumn
sample_01319.jpg,0.4510154321511862,SRC_040,90.0,57.651744,N-spring
sample_01320.jpg,0.39083022529731226,SRC_036,5.0,52.749586,N-summer
sample_01321.jpg,0.38805730935443083,SRC_126,-20.0,68.779144,N-summer
sample_01322.jpg,0.39365828613863096,SRC_051,20.0,63.609319,N-autumn
sample_01323.jpg,0.477811339689919,SRC_095,-20.0,56.495654,N-spring
sample_01324.jpg,0.399581474207068,SRC_085,0.0,39.187341,N-spring
sample_01325.jpg,0.3934099808904512,SRC_103,-35.0,57.090396,N-autumn
sample_01326.jpg,0.39310439087462334,SRC_092,5.0,57.429528,N-autumn
sample_01327.jpg,0.4909607469535418,SRC_011,-20.0,70.371153,N-summer
sample_01328.jpg,0.389489957477722,SRC_021,-90.0,68.040851,N-autumn
sample_01329.jpg,0.432145787433934,SRC_098,-45.0,70.730178,N-summer
sample_01330.jpg,0.4849287768030302,SRC_020,35.0,42.075965,N-summer
sample_01331.jpg,0.4812663690451173,SRC_136,-35.0,76.922409,N-spring
sample_01332.jpg,0.46166930298025355,SRC_129,20.0,41.057252,N-spring
sample_01333.jpg,0.4081186036279603,SRC_094,20.0,66.934532,N-autumn
sample_01334.jpg,0.4053515949185355,SRC_029,-5.0,45.485648,N-autumn
sample_01335.jpg,0.392051994060601,SRC_134,-30.0,69.607895,N-spring
sample_01336.jpg,0.4907206667234143,SRC_104,25.0,45.102036,N-summer
sample_01337.jpg,0.41099365459584136,SRC_023,-10.0,50.837437,N-spring
sample_01338.jpg,0.3887357364612413,SRC_139,40.0,53.533251,N-winter
sample_01339.jpg,0.3993930332030938,SRC_158,-5.0,35.954137,N-winter
sample_01340.jpg,0.38466924368729294,SRC_037,15.0,44.468297,N-spring
sample_01341.jpg,0.4087327506504492,SRC_094,20.0,66.934532,N-autumn
sample_01342.jpg,0.37948008818103196,SRC_099,15.0,42.024472,N-spring
sample_01343.jpg,0.37648042940280285,SRC_013,50.0,54.051464,N-spring
sample_01344.jpg,0.3805729009972565,SRC_121,25.0,67.446292,N-autumn
sample_01345.jpg,0.3860990873863065,SRC_096,25.0,40.422288,N-spring
sample_01346.jpg,0.42719286595555683,SRC_051,20.0,63.609319,N-autumn
sample_01347.jpg,0.4719659202810143,SRC_011,-20.0,70.371153,N-summer
sample_01348.jpg,0.4259234463889152,SRC_076,25.0,63.632584,N-autumn
sample_01349.jpg,0.3988413425822998,SRC_087,0.0,54.65824,N-summer
sample_01350.jpg,0.43775711789529853,SRC_133,-10.0,48.887369,N-spring
sample_01351.jpg,0.390763924190794,SRC_151,-15.0,63.408071,N-summer
sample_01352.jpg,0.4242693723236912,SRC_080,-25.0,69.726065,N-summer
sample_01353.jpg,0.4901048806352855,SRC_069,25.0,48.120522,N-summer
sample_01354.jpg,0.4204897133834791,SRC_023,-10.0,50.837437,N-spring
sample_01355.jpg,0.3924406491219713,SRC_041,15.0,46.712049,N-summer
sample_01356.jpg,0.4858173402134643,SRC_170,-20.0,56.332579,N-autumn
sample_01357.jpg,0.4359617699252582,SRC_148,-15.0,49.227137,N-autumn
sample_01358.jpg,0.4089075307957909,SRC_145,-5.0,52.15166,N-spring
sample_01359.jpg,0.4415230357061546,SRC_149,90.0,55.701783,N-summer
sample_01360.jpg,0.4123518758466793,SRC_074,0.0,50.25459,N-spring
sample_01361.jpg,0.3895434972252926,SRC_009,-25.0,73.827745,N-spring
sample_01362.jpg,0.3936697717512415,SRC_152,30.0,40.69576,N-spring
sample_01363.jpg,0.377106178484961,SRC_108,-40.0,68.856247,N-summer
sample_01364.jpg,0.3847397261358794,SRC_037,15.0,44.468297,N-spring
sample_01365.jpg,0.38893410601577794,SRC_037,15.0,44.468297,N-spring
sample_01366.jpg,0.4095554866913645,SRC_003,0.0,38.090051,N-spring
sample_01367.jpg,0.4978693210361985,SRC_116,5.0,41.203028,N-spring
sample_01368.jpg,0.4774967061339878,SRC_040,90.0,57.651744,N-spring
sample_01369.jpg,0.3886237454763511,SRC_030,-25.0,67.936804,N-spring
sample_01370.jpg,0.4108808020843206,SRC_052,5.0,51.705435,N-summer
sample_01371.jpg,0.4398634700211753,SRC_148,-15.0,49.227137,N-autumn
sample_01372.jpg,0.39685988900325253,SRC_092,5.0,57.429528,N-autumn
sample_01373.jpg,0.39328045951303164,SRC_043,10.0,50.433279,N-summer
sample_01374.jpg,0.39680173303923993,SRC_171,-35.0,63.65778,N-spring
sample_01375.jpg,0.43326230760771417,SRC_023,-10.0,50.837437,N-spring
sample_01376.jpg,0.44031136349453737,SRC_073,45.0,41.537171,N-spring
sample_01377.jpg,0.41224202618062356,SRC_134,-30.0,69.607895,N-spring
sample_01378.jpg,0.49660614437809203,SRC_171,-35.0,63.65778,N-spring
sample_01379.jpg,0.39757404167806587,SRC_134,-30.0,69.607895,N-spring
sample_01380.jpg,0.5220730332753754,SRC_039,90.0,70.63275,N-summer
sample_01381.jpg,0.3882802188349924,SRC_092,5.0,57.429528,N-autumn
sample_01382.jpg,0.4153488612112133,SRC_085,0.0,39.187341,N-spring
sample_01383.jpg,0.4069712434320162,SRC_170,-20.0,56.332579,N-autumn
sample_01384.jpg,0.39028100183375425,SRC_037,15.0,44.468297,N-spring
sample_01385.jpg,0.467403337613976,SRC_037,15.0,44.468297,N-spring
sample_01386.jpg,0.3953380146833035,SRC_084,-10.0,58.957849,N-summer
sample_01387.jpg,0.3837781179419565,SRC_159,20.0,67.076816,N-autumn
sample_01388.jpg,0.455305954074669,SRC_055,-5.0,57.335076,N-spring
sample_01389.jpg,0.3805823658181052,SRC_108,-40.0,68.856247,N-summer
sample_01390.jpg,0.49549622956266903,SRC_006,-15.0,65.638079,N-spring
sample_01391.jpg,0.3908876183225711,SRC_171,-35.0,63.65778,N-spring
sample_01392.jpg,0.47447374417670185,SRC_107,20.0,65.68027,N-autumn
sample_01393.jpg,0.38683435872252997,SRC_087,0.0,54.65824,N-summer
sample_01394.jpg,0.40136129560415307,SRC_091,-40.0,72.511342,N-summer
sample_01395.jpg,0.50565857422682,SRC_092,5.0,57.429528,N-autumn
sample_01396.jpg,0.38788028486464066,SRC_092,5.0,57.429528,N-autumn
sample_01397.jpg,0.5060434562280085,SRC_071,20.0,40.070501,N-spring
sample_01398.jpg,0.3943420696876365,SRC_066,-10.0,61.81065,N-summer
sample_01399.jpg,0.4856457256803658,SRC_069,25.0,48.120522,N-summer
sample_01400.jpg,0.4157014312958302,SRC_170,-20.0,56.332579,N-autumn
sample_01401.jpg,0.48841195065608656,SRC_022,20.0,41.513642,N-spring
sample_01402.jpg,0.4673333956868385,SRC_027,35.0,41.369436,N-spring
sample_01403.jpg,0.3939877170853877,SRC_009,-25.0,73.827745,N-spring
sample_01404.jpg,0.5034559580249606,SRC_085,0.0,39.187341,N-spring
sample_01405.jpg,0.4844148263478615,SRC_037,15.0,44.468297,N-spring
sample_01406.jpg,0.4406836208889893,SRC_069,25.0,48.120522,N-summer
sample_01407.jpg,0.40615437976537916,SRC_095,-20.0,56.495654,N-spring
sample_01408.jpg,0.3832655959044557,SRC_099,15.0,42.024472,N-spring
sample_01409.jpg,0.4263321721734667,SRC_009,-25.0,73.827745,N-spring
sample_01410.jpg,0.3866026068259148,SRC_013,50.0,54.051464,N-spring
sample_01411.jpg,0.407195498762386,SRC_138,25.0,44.714676,N-summer
sample_01412.jpg,0.5040453931273193,SRC_115,25.0,41.8845,N-spring
sample_01413.jpg,0.40389961027914084,SRC_161,5.0,52.294471,N-summer
sample_01414.jpg,0.4522664727151108,SRC_061,50.0,43.110277,N-spring
sample_01415.jpg,0.40671040993041724,SRC_144,-35.0,76.731052,N-spring
sample_01416.jpg,0.4453839668513564,SRC_122,-5.0,57.310506,N-summer
sample_01417.jpg,0.3969553363032825,SRC_009,-25.0,73.827745,N-spring
sample_01418.jpg,0.38846549070529857,SRC_051,20.0,63.609319,N-autumn
sample_01419.jpg,0.40843588276087595,SRC_114,-10.0,58.176498,N-autumn
sample_01420.jpg,0.38728144830158956,SRC_088,0.0,53.004483,N-summer
sample_01421.jpg,0.4017285077155989,SRC_042,10.0,36.92431,N-spring
sample_01422.jpg,0.3868360716560941,SRC_063,25.0,41.329237,N-spring
sample_01423.jpg,0.3893633905561976,SRC_158,-5.0,35.954137,N-winter
sample_01424.jpg,0.40347727246500475,SRC_151,-15.0,63.408071,N-summer
sample_01425.jpg,0.39071585897898253,SRC_004,30.0,61.107468,N-autumn
sample_01426.jpg,0.45737565126597335,SRC_013,50.0,54.051464,N-spring
sample_01427.jpg,0.395732722479645,SRC_076,25.0,63.632584,N-autumn
sample_01428.jpg,0.4815050543909057,SRC_067,-15.0,64.724247,N-spring
sample_01429.jpg,0.3836137797978013,SRC_041,15.0,46.712049,N-summer
sample_01430.jpg,0.38831052767467267,SRC_074,0.0,50.25459,N-spring
sample_01431.jpg,0.38714520409848985,SRC_151,-15.0,63.408071,N-summer
sample_01432.jpg,0.5082024867858571,SRC_081,-90.0,74.772433,N-autumn
sample_01433.jpg,0.38388353848681056,SRC_006,-15.0,65.638079,N-spring
sample_01434.jpg,0.4512584070054313,SRC_146,10.0,58.0428,N-summer
sample_01435.jpg,0.4115658515714056,SRC_088,0.0,53.004483,N-summer
sample_01436.jpg,0.5216145121346267,SRC_103,-35.0,57.090396,N-autumn
sample_01437.jpg,0.39694340419651447,SRC_009,-25.0,73.827745,N-spring
sample_01438.jpg,0.45887284932513117,SRC_093,-25.0,43.343655,N-autumn
sample_01439.jpg,0.37934362980203157,SRC_013,50.0,54.051464,N-spring
sample_01440.jpg,0.40596248552471853,SRC_091,-40.0,72.511342,N-summer
sample_01441.jpg,0.40038013775027714,SRC_121,25.0,67.446292,N-autumn
sample_01442.jpg,0.4322723982946406,SRC_115,25.0,41.8845,N-spring
sample_01443.jpg,0.3982109866057769,SRC_137,-5.0,45.053172,N-spring
sample_01444.jpg,0.43413682767626866,SRC_170,-20.0,56.332579,N-autumn
sample_01445.jpg,0.38731154557491415,SRC_165,10.0,42.451267,N-winter
sample_01446.jpg,0.4030579682969586,SRC_009,-25.0,73.827745,N-spring
sample_01447.jpg,0.39405052477406144,SRC_112,-30.0,67.516648,N-spring
sample_01448.jpg,0.3830419499284791,SRC_157,40.0,44.22455,N-summer
sample_01449.jpg,0.3905664328264228,SRC_114,-10.0,58.176498,N-autumn
sample_01450.jpg,0.5271004179678942,SRC_052,5.0,51.705435,N-summer
sample_01451.jpg,0.3936953139350848,SRC_037,15.0,44.468297,N-spring
sample_01452.jpg,0.4706248193835737,SRC_104,25.0,45.102036,N-summer
sample_01453.jpg,0.43359810535326976,SRC_085,0.0,39.187341,N-spring
sample_01454.jpg,0.3996452255115385,SRC_109,50.0,54.137665,N-summer
sample_01455.jpg,0.411193905388493,SRC_040,90.0,57.651744,N-spring
sample_01456.jpg,0.5030261207873442,SRC_061,50.0,43.110277,N-spring
sample_01457.jpg,0.415538073445018,SRC_112,-30.0,67.516648,N-spring
sample_01458.jpg,0.48553818136023563,SRC_006,-15.0,65.638079,N-spring
sample_01459.jpg,0.4134646443330149,SRC_009,-25.0,73.827745,N-spring
sample_01460.jpg,0.3912017540384041,SRC_006,-15.0,65.638079,N-spring
sample_01461.jpg,0.3981081291682408,SRC_010,90.0,74.440619,N-summer
sample_01462.jpg,0.3864895893007043,SRC_153,-40.0,43.960452,N-autumn
sample_01463.jpg,0.40068613172110473,SRC_103,-35.0,57.090396,N-autumn
sample_01464.jpg,0.478554607532047,SRC_004,30.0,61.107468,N-autumn
sample_01465.jpg,0.393087353184775,SRC_013,50.0,54.051464,N-spring
sample_01466.jpg,0.41160639357603646,SRC_092,5.0,57.429528,N-autumn
sample_01467.jpg,0.44366713983139494,SRC_026,90.0,57.238404,N-spring
sample_01468.jpg,0.39571222856356036,SRC_092,5.0,57.429528,N-autumn
sample_01469.jpg,0.39209189393114074,SRC_108,-40.0,68.856247,N-summer
sample_01470.jpg,0.4775203739563699,SRC_074,0.0,50.25459,N-spring
sample_01471.jpg,0.4554662070889449,SRC_104,25.0,45.102036,N-summer
sample_01472.jpg,0.5065941899773754,SRC_069,25.0,48.120522,N-summer
sample_01473.jpg,0.4534688192489707,SRC_142,-30.0,34.276784,N-winter
sample_01474.jpg,0.5023717551485681,SRC_130,25.0,37.507656,N-spring
sample_01475.jpg,0.4610206212147229,SRC_087,0.0,54.65824,N-summer
sample_01476.jpg,0.3979797557462652,SRC_014,-40.0,38.480327,N-winter
sample_01477.jpg,0.3883437794099233,SRC_030,-25.0,67.936804,N-spring
sample_01478.jpg,0.4865405495245012,SRC_092,5.0,57.429528,N-autumn
sample_01479.jpg,0.407361484241654,SRC_091,-40.0,72.511342,N-summer
sample_01480.jpg,0.42571980023449313,SRC_115,25.0,41.8845,N-spring
sample_01481.jpg,0.4158482092681958,SRC_137,-5.0,45.053172,N-spring
sample_01482.jpg,0.48318417000585523,SRC_104,25.0,45.102036,N-summer
sample_01483.jpg,0.4012697881491641,SRC_076,25.0,63.632584,N-autumn
sample_01484.jpg,0.3989154801359608,SRC_107,20.0,65.68027,N-autumn
sample_01485.jpg,0.39259074044158027,SRC_058,30.0,69.060883,N-autumn
sample_01486.jpg,0.3927757056007113,SRC_087,0.0,54.65824,N-summer
sample_01487.jpg,0.39459963584775426,SRC_109,50.0,54.137665,N-summer
sample_01488.jpg,0.46771200018003967,SRC_116,5.0,41.203028,N-spring
sample_01489.jpg,0.43929008680852916,SRC_142,-30.0,34.276784,N-winter
sample_01490.jpg,0.47797315725532663,SRC_149,90.0,55.701783,N-summer
sample_01491.jpg,0.38237750333126824,SRC_114,-10.0,58.176498,N-autumn
sample_01492.jpg,0.41048062647264294,SRC_047,0.0,48.028677,N-spring
sample_01493.jpg,0.41524848732800657,SRC_102,-10.0,52.255853,N-spring
sample_01494.jpg,0.39145028943792937,SRC_043,10.0,50.433279,N-summer
sample_01495.jpg,0.3748661931720236,SRC_124,0.0,51.928413,N-summer
sample_01496.jpg,0.39602256805833747,SRC_158,-5.0,35.954137,N-winter
sample_01497.jpg,0.3997179230825957,SRC_109,50.0,54.137665,N-summer
sample_01498.jpg,0.3969615180416669,SRC_095,-20.0,56.495654,N-spring
sample_01499.jpg,0.3787389415370467,SRC_091,-40.0,72.511342,N-summer
sample_01500.jpg,0.44642515780552794,SRC_001,-5.0,51.987197,N-spring
sample_01501.jpg,0.51149540970387,SRC_044,-90.0,81.862162,N-autumn
sample_01502.jpg,0.3970586121230969,SRC_124,0.0,51.928413,N-summer
sample_01503.jpg,0.37874335407371423,SRC_030,-25.0,67.936804,N-spring
sample_01504.jpg,0.4104345455668124,SRC_042,10.0,36.92431,N-spring
sample_01505.jpg,0.48858902229625184,SRC_040,90.0,57.651744,N-spring
sample_01506.jpg,0.388148030616534,SRC_158,-5.0,35.954137,N-winter
sample_01507.jpg,0.40581596087311916,SRC_102,-10.0,52.255853,N-spring
sample_01508.jpg,0.5136422568896243,SRC_081,-90.0,74.772433,N-autumn
sample_01509.jpg,0.4075821149453935,SRC_063,25.0,41.329237,N-spring
sample_01510.jpg,0.40653701070390263,SRC_158,-5.0,35.954137,N-winter
sample_01511.jpg,0.4777615696194782,SRC_002,40.0,45.868768,N-summer
sample_01512.jpg,0.4858242334889139,SRC_058,30.0,69.060883,N-autumn
sample_01513.jpg,0.3863836387585674,SRC_153,-40.0,43.960452,N-autumn
sample_01514.jpg,0.4718041611328,SRC_135,5.0,41.328761,N-winter
sample_01515.jpg,0.3663200587438028,SRC_157,40.0,44.22455,N-summer
sample_01516.jpg,0.4082573867195354,SRC_088,0.0,53.004483,N-summer
sample_01517.jpg,0.4163932042090284,SRC_104,25.0,45.102036,N-summer
sample_01518.jpg,0.4300285733567596,SRC_047,0.0,48.028677,N-spring
sample_01519.jpg,0.4812728761038942,SRC_005,0.0,55.846781,N-summer
sample_01520.jpg,0.41162183670243346,SRC_021,-90.0,68.040851,N-autumn
sample_01521.jpg,0.4437713646480832,SRC_030,-25.0,67.936804,N-spring
sample_01522.jpg,0.4316483049823785,SRC_052,5.0,51.705435,N-summer
sample_01523.jpg,0.40177687241576965,SRC_056,-40.0,74.660587,N-summer
sample_01524.jpg,0.39063563545673424,SRC_092,5.0,57.429528,N-autumn
sample_01525.jpg,0.3817131758358875,SRC_075,-90.0,65.329336,N-winter
sample_01526.jpg,0.414131996985982,SRC_009,-25.0,73.827745,N-spring
sample_01527.jpg,0.3777174327749305,SRC_004,30.0,61.107468,N-autumn
sample_01528.jpg,0.38050087193365084,SRC_108,-40.0,68.856247,N-summer
sample_01529.jpg,0.504053232245871,SRC_066,-10.0,61.81065,N-summer
sample_01530.jpg,0.4202082681510813,SRC_133,-10.0,48.887369,N-spring
sample_01531.jpg,0.3797876724760612,SRC_028,10.0,42.894848,N-spring
sample_01532.jpg,0.3980106987401539,SRC_112,-30.0,67.516648,N-spring
sample_01533.jpg,0.46847946968019805,SRC_111,-35.0,79.069883,N-spring
sample_01534.jpg,0.37896685726569945,SRC_153,-40.0,43.960452,N-autumn
sample_01535.jpg,0.36836131915930914,SRC_002,40.0,45.868768,N-summer
sample_01536.jpg,0.4781097213045767,SRC_111,-35.0,79.069883,N-spring
sample_01537.jpg,0.4600484065596101,SRC_170,-20.0,56.332579,N-autumn
sample_01538.jpg,0.4219799011302777,SRC_074,0.0,50.25459,N-spring
sample_01539.jpg,0.39589261939484965,SRC_091,-40.0,72.511342,N-summer
sample_01540.jpg,0.3829282606997229,SRC_159,20.0,67.076816,N-autumn
sample_01541.jpg,0.3822840019366185,SRC_171,-35.0,63.65778,N-spring
sample_01542.jpg,0.39405365048835955,SRC_066,-10.0,61.81065,N-summer
sample_01543.jpg,0.4818944006411189,SRC_124,0.0,51.928413,N-summer
sample_01544.jpg,0.40335932816843806,SRC_055,-5.0,57.335076,N-spring
sample_01545.jpg,0.5110034929736325,SRC_106,25.0,40.638999,N-spring
sample_01546.jpg,0.4532522682320056,SRC_047,0.0,48.028677,N-spring
sample_01547.jpg,0.4022034179916365,SRC_008,25.0,61.005891,N-autumn
sample_01548.jpg,0.5138573777828908,SRC_009,-25.0,73.827745,N-spring
sample_01549.jpg,0.3858200166343472,SRC_069,25.0,48.120522,N-summer
sample_01550.jpg,0.48894813998485365,SRC_069,25.0,48.120522,N-summer
sample_01551.jpg,0.4713167111328092,SRC_129,20.0,41.057252,N-spring
sample_01552.jpg,0.3882704286856494,SRC_153,-40.0,43.960452,N-autumn
sample_01553.jpg,0.48529342443813583,SRC_085,0.0,39.187341,N-spring
sample_01554.jpg,0.4950037554579819,SRC_058,30.0,69.060883,N-autumn
sample_01555.jpg,0.43411874037175513,SRC_124,0.0,51.928413,N-summer
sample_01556.jpg,0.3866175613047643,SRC_041,15.0,46.712049,N-summer
sample_01557.jpg,0.38015166100912057,SRC_046,0.0,58.061031,N-autumn
sample_01558.jpg,0.4796279770028372,SRC_170,-20.0,56.332579,N-autumn
sample_01559.jpg,0.4851347910956262,SRC_088,0.0,53.004483,N-summer
sample_01560.jpg,0.42678765582530254,SRC_006,-15.0,65.638079,N-spring
sample_01561.jpg,0.3879067627854492,SRC_006,-15.0,65.638079,N-spring
sample_01562.jpg,0.4507652010188994,SRC_082,-10.0,60.444036,N-spring
sample_01563.jpg,0.5037775617421646,SRC_151,-15.0,63.408071,N-summer
sample_01564.jpg,0.3838099286423998,SRC_091,-40.0,72.511342,N-summer
sample_01565.jpg,0.3923477641077615,SRC_027,35.0,41.369436,N-spring
sample_01566.jpg,0.4063602888932351,SRC_103,-35.0,57.090396,N-autumn
sample_01567.jpg,0.43140395583329594,SRC_133,-10.0,48.887369,N-spring
sample_01568.jpg,0.4329708668192783,SRC_095,-20.0,56.495654,N-spring
sample_01569.jpg,0.40273636702471105,SRC_092,5.0,57.429528,N-autumn
sample_01570.jpg,0.38484647346777645,SRC_124,0.0,51.928413,N-summer
sample_01571.jpg,0.40169232812366296,SRC_043,10.0,50.433279,N-summer
sample_01572.jpg,0.39170655147922756,SRC_114,-10.0,58.176498,N-autumn
sample_01573.jpg,0.39832853609041674,SRC_112,-30.0,67.516648,N-spring
sample_01574.jpg,0.5018660179493507,SRC_148,-15.0,49.227137,N-autumn
sample_01575.jpg,0.5299058067887512,SRC_065,30.0,68.700871,N-winter
sample_01576.jpg,0.388816957053954,SRC_157,40.0,44.22455,N-summer
sample_01577.jpg,0.38834954667539556,SRC_093,-25.0,43.343655,N-autumn
sample_01578.jpg,0.38172764400288783,SRC_040,90.0,57.651744,N-spring
sample_01579.jpg,0.49384498142628425,SRC_009,-25.0,73.827745,N-spring
sample_01580.jpg,0.37889126722863187,SRC_141,-10.0,55.206291,N-spring
sample_01581.jpg,0.397910617827603,SRC_114,-10.0,58.176498,N-autumn
sample_01582.jpg,0.3942500446553237,SRC_018,-90.0,67.882485,N-winter
sample_01583.jpg,0.4161085630178876,SRC_115,25.0,41.8845,N-spring
sample_01584.jpg,0.48259780843206873,SRC_139,40.0,53.533251,N-winter
sample_01585.jpg,0.38054054062182374,SRC_084,-10.0,58.957849,N-summer
sample_01586.jpg,0.483006177567196,SRC_090,50.0,47.196626,N-summer
sample_01587.jpg,0.47331796592897285,SRC_037,15.0,44.468297,N-spring
sample_01588.jpg,0.3961408183754399,SRC_124,0.0,51.928413,N-summer
sample_01589.jpg,0.39422410852834366,SRC_036,5.0,52.749586,N-summer
sample_01590.jpg,0.4218925974305793,SRC_141,-10.0,55.206291,N-spring
sample_01591.jpg,0.450879703043646,SRC_126,-20.0,68.779144,N-summer
sample_01592.jpg,0.3806503638944241,SRC_156,10.0,48.737382,N-summer
sample_01593.jpg,0.4122105286710399,SRC_106,25.0,40.638999,N-spring
sample_01594.jpg,0.39158846540039416,SRC_018,-90.0,67.882485,N-winter
sample_01595.jpg,0.4211848759346902,SRC_040,90.0,57.651744,N-spring
sample_01596.jpg,0.41462631548294615,SRC_131,10.0,60.540464,N-autumn
sample_01597.jpg,0.39234873823341576,SRC_041,15.0,46.712049,N-summer
sample_01598.jpg,0.4016370129398007,SRC_042,10.0,36.92431,N-spring
sample_01599.jpg,0.3919588099808882,SRC_100,20.0,41.506528,N-spring
sample_01600.jpg,0.5105274285047133,SRC_051,20.0,63.609319,N-autumn
sample_01601.jpg,0.4885811880854889,SRC_164,20.0,59.226879,N-autumn
sample_01602.jpg,0.3903919773227591,SRC_120,90.0,69.983669,N-summer
sample_01603.jpg,0.5020237426705373,SRC_132,5.0,51.83727,N-summer
sample_01604.jpg,0.42051743806809416,SRC_027,35.0,41.369436,N-spring
sample_01605.jpg,0.47626715303659906,SRC_159,20.0,67.076816,N-autumn
sample_01606.jpg,0.378027882598058,SRC_042,10.0,36.92431,N-spring
sample_01607.jpg,0.39216601259793493,SRC_091,-40.0,72.511342,N-summer
sample_01608.jpg,0.41044185043833137,SRC_003,0.0,38.090051,N-spring
sample_01609.jpg,0.38737977103336146,SRC_153,-40.0,43.960452,N-autumn
sample_01610.jpg,0.413571436352392,SRC_052,5.0,51.705435,N-summer
sample_01611.jpg,0.49474815121550675,SRC_096,25.0,40.422288,N-spring
sample_01612.jpg,0.42891605128921384,SRC_112,-30.0,67.516648,N-spring
sample_01613.jpg,0.44447987657171406,SRC_139,40.0,53.533251,N-winter
sample_01614.jpg,0.44936252945992816,SRC_055,-5.0,57.335076,N-spring
sample_01615.jpg,0.39558242116908454,SRC_153,-40.0,43.960452,N-autumn
sample_01616.jpg,0.3804684766761025,SRC_063,25.0,41.329237,N-spring
sample_01617.jpg,0.38150709853558035,SRC_013,50.0,54.051464,N-spring
sample_01618.jpg,0.483628042915203,SRC_146,10.0,58.0428,N-summer
sample_01619.jpg,0.436257888827188,SRC_022,20.0,41.513642,N-spring
sample_01620.jpg,0.39481534654487216,SRC_045,-90.0,70.559818,N-autumn
sample_01621.jpg,0.4191667776782874,SRC_040,90.0,57.651744,N-spring
sample_01622.jpg,0.38572641907996846,SRC_013,50.0,54.051464,N-spring
sample_01623.jpg,0.40285856006522885,SRC_103,-35.0,57.090396,N-autumn
sample_01624.jpg,0.40108943029088734,SRC_087,0.0,54.65824,N-summer
sample_01625.jpg,0.37832002509220314,SRC_152,30.0,40.69576,N-spring
sample_01626.jpg,0.4859503028535787,SRC_082,-10.0,60.444036,N-spring
sample_01627.jpg,0.44193237893817006,SRC_026,90.0,57.238404,N-spring
sample_01628.jpg,0.38665805248209867,SRC_109,50.0,54.137665,N-summer
sample_01629.jpg,0.4206158849684587,SRC_047,0.0,48.028677,N-spring
sample_01630.jpg,0.39473114796603925,SRC_041,15.0,46.712049,N-summer
sample_01631.jpg,0.41481703860499514,SRC_089,10.0,48.442522,N-winter
sample_01632.jpg,0.3822401681892683,SRC_075,-90.0,65.329336,N-winter
sample_01633.jpg,0.49824252606749236,SRC_133,-10.0,48.887369,N-spring
sample_01634.jpg,0.38400597963487065,SRC_093,-25.0,43.343655,N-autumn
sample_01635.jpg,0.3946566167176421,SRC_146,10.0,58.0428,N-summer
sample_01636.jpg,0.5096955425741083,SRC_092,5.0,57.429528,N-autumn
sample_01637.jpg,0.45391107305894557,SRC_148,-15.0,49.227137,N-autumn
sample_01638.jpg,0.3941908826573839,SRC_076,25.0,63.632584,N-autumn
sample_01639.jpg,0.3803439897047424,SRC_086,15.0,43.648742,N-summer
sample_01640.jpg,0.3974630835948505,SRC_170,-20.0,56.332579,N-autumn
sample_01641.jpg,0.49811223769893687,SRC_168,90.0,64.709631,N-summer
sample_01642.jpg,0.4210105120382567,SRC_148,-15.0,49.227137,N-autumn
sample_01643.jpg,0.39827181894741714,SRC_009,-25.0,73.827745,N-spring
sample_01644.jpg,0.3861970151815517,SRC_076,25.0,63.632584,N-autumn
sample_01645.jpg,0.43528670604235853,SRC_153,-40.0,43.960452,N-autumn
sample_01646.jpg,0.3997008653898271,SRC_023,-10.0,50.837437,N-spring
sample_01647.jpg,0.48557470453504054,SRC_074,0.0,50.25459,N-spring
sample_01648.jpg,0.4930110932952935,SRC_031,-90.0,62.684336,N-winter
sample_01649.jpg,0.39959363648902646,SRC_093,-25.0,43.343655,N-autumn
sample_01650.jpg,0.44942043052124425,SRC_106,25.0,40.638999,N-spring
sample_01651.jpg,0.5130726482812829,SRC_052,5.0,51.705435,N-summer
sample_01652.jpg,0.3863157695887681,SRC_136,-35.0,76.922409,N-spring
sample_01653.jpg,0.5222537856307489,SRC_067,-15.0,64.724247,N-spring
sample_01654.jpg,0.40289922160298774,SRC_158,-5.0,35.954137,N-winter
sample_01655.jpg,0.4376327210770611,SRC_052,5.0,51.705435,N-summer
sample_01656.jpg,0.44466887844680236,SRC_131,10.0,60.540464,N-autumn
sample_01657.jpg,0.39849368399225044,SRC_171,-35.0,63.65778,N-spring
sample_01658.jpg,0.3942708301398989,SRC_103,-35.0,57.090396,N-autumn
sample_01659.jpg,0.38098670430782633,SRC_011,-20.0,70.371153,N-summer
sample_01660.jpg,0.41591570315008647,SRC_042,10.0,36.92431,N-spring
sample_01661.jpg,0.43894371196900694,SRC_008,25.0,61.005891,N-autumn
sample_01662.jpg,0.4411462954702948,SRC_026,90.0,57.238404,N-spring
sample_01663.jpg,0.4801763347782724,SRC_069,25.0,48.120522,N-summer
sample_01664.jpg,0.4028756105797209,SRC_057,-5.0,57.599617,N-summer
sample_01665.jpg,0.3999898831774886,SRC_084,-10.0,58.957849,N-summer
sample_01666.jpg,0.4067705037491537,SRC_040,90.0,57.651744,N-spring
sample_01667.jpg,0.39201851264779475,SRC_091,-40.0,72.511342,N-summer
sample_01668.jpg,0.5011622889203127,SRC_154,0.0,54.770875,N-summer
sample_01669.jpg,0.4307807704691468,SRC_023,-10.0,50.837437,N-spring
sample_01670.jpg,0.4698915881716793,SRC_126,-20.0,68.779144,N-summer
sample_01671.jpg,0.3982593816692611,SRC_150,10.0,50.798821,N-summer
sample_01672.jpg,0.4159500931357772,SRC_142,-30.0,34.276784,N-winter
sample_01673.jpg,0.448958177052607,SRC_101,5.0,48.479381,N-winter
sample_01674.jpg,0.4606084280231399,SRC_142,-30.0,34.276784,N-winter
sample_01675.jpg,0.40908887406254124,SRC_022,20.0,41.513642,N-spring
sample_01676.jpg,0.5191445717849354,SRC_092,5.0,57.429528,N-autumn
sample_01677.jpg,0.4875352636765108,SRC_103,-35.0,57.090396,N-autumn
sample_01678.jpg,0.40989135977833213,SRC_153,-40.0,43.960452,N-autumn
sample_01679.jpg,0.4621854182613,SRC_015,20.0,46.484204,N-summer
sample_01680.jpg,0.48972050300713954,SRC_114,-10.0,58.176498,N-autumn
sample_01681.jpg,0.39709254747101086,SRC_009,-25.0,73.827745,N-spring
sample_01682.jpg,0.403434700097521,SRC_076,25.0,63.632584,N-autumn
sample_01683.jpg,0.38777594702652396,SRC_121,25.0,67.446292,N-autumn
sample_01684.jpg,0.40369151316611906,SRC_103,-35.0,57.090396,N-autumn
sample_01685.jpg,0.380735525939862,SRC_075,-90.0,65.329336,N-winter
sample_01686.jpg,0.48175177786623724,SRC_106,25.0,40.638999,N-spring
sample_01687.jpg,0.457926858314431,SRC_106,25.0,40.638999,N-spring
sample_01688.jpg,0.45754340860347736,SRC_009,-25.0,73.827745,N-spring
sample_01689.jpg,0.39591942453458573,SRC_076,25.0,63.632584,N-autumn
sample_01690.jpg,0.4829878384942594,SRC_030,-25.0,67.936804,N-spring
sample_01691.jpg,0.39700198650537144,SRC_067,-15.0,64.724247,N-spring
sample_01692.jpg,0.44563993204107105,SRC_115,25.0,41.8845,N-spring
sample_01693.jpg,0.3980504212251288,SRC_132,5.0,51.83727,N-summer
sample_01694.jpg,0.39704319411110206,SRC_030,-25.0,67.936804,N-spring
sample_01695.jpg,0.5228233319846451,SRC_063,25.0,41.329237,N-spring
sample_01696.jpg,0.38403140695239407,SRC_006,-15.0,65.638079,N-spring
sample_01697.jpg,0.40276852625880444,SRC_146,10.0,58.0428,N-summer
sample_01698.jpg,0.38762132665279336,SRC_021,-90.0,68.040851,N-autumn
sample_01699.jpg,0.38309046737581004,SRC_108,-40.0,68.856247,N-summer
sample_01700.jpg,0.5134851763406829,SRC_126,-20.0,68.779144,N-summer
sample_01701.jpg,0.43266409943128475,SRC_131,10.0,60.540464,N-autumn
sample_01702.jpg,0.41857786545543185,SRC_139,40.0,53.533251,N-winter
sample_01703.jpg,0.5007836630405516,SRC_133,-10.0,48.887369,N-spring
sample_01704.jpg,0.4044487711284749,SRC_027,35.0,41.369436,N-spring
sample_01705.jpg,0.43561727763402097,SRC_148,-15.0,49.227137,N-autumn
sample_01706.jpg,0.4693401291036592,SRC_145,-5.0,52.15166,N-spring
sample_01707.jpg,0.42435936066011815,SRC_146,10.0,58.0428,N-summer
sample_01708.jpg,0.5270987680162832,SRC_168,90.0,64.709631,N-summer
sample_01709.jpg,0.4019463469194264,SRC_059,15.0,48.046698,N-summer
sample_01710.jpg,0.41333402129061475,SRC_170,-20.0,56.332579,N-autumn
sample_01711.jpg,0.3861781703875779,SRC_157,40.0,44.22455,N-summer
sample_01712.jpg,0.39089418282621247,SRC_152,30.0,40.69576,N-spring
sample_01713.jpg,0.38539336071366015,SRC_156,10.0,48.737382,N-summer
sample_01714.jpg,0.407187893661923,SRC_091,-40.0,72.511342,N-summer
sample_01715.jpg,0.374289310202797,SRC_028,10.0,42.894848,N-spring
sample_01716.jpg,0.3831275368759468,SRC_127,-35.0,47.507974,N-autumn
sample_01717.jpg,0.5183009622714072,SRC_114,-10.0,58.176498,N-autumn
sample_01718.jpg,0.41673118058891906,SRC_151,-15.0,63.408071,N-summer
sample_01719.jpg,0.5129099606664879,SRC_071,20.0,40.070501,N-spring
sample_01720.jpg,0.38426120192849045,SRC_030,-25.0,67.936804,N-spring
sample_01721.jpg,0.41339818798326694,SRC_067,-15.0,64.724247,N-spring
sample_01722.jpg,0.4314963731562839,SRC_170,-20.0,56.332579,N-autumn
sample_01723.jpg,0.39043595681805304,SRC_093,-25.0,43.343655,N-autumn
sample_01724.jpg,0.5263068339489886,SRC_140,35.0,44.85556,N-spring
sample_01725.jpg,0.3865165633518758,SRC_030,-25.0,67.936804,N-spring
sample_01726.jpg,0.3967185194349057,SRC_153,-40.0,43.960452,N-autumn
sample_01727.jpg,0.38132353190016227,SRC_006,-15.0,65.638079,N-spring
sample_01728.jpg,0.39313952242117756,SRC_093,-25.0,43.343655,N-autumn
sample_01729.jpg,0.4012014266902457,SRC_020,35.0,42.075965,N-summer
sample_01730.jpg,0.38522445456955756,SRC_084,-10.0,58.957849,N-summer
sample_01731.jpg,0.4085998722278741,SRC_092,5.0,57.429528,N-autumn
sample_01732.jpg,0.384599513076754,SRC_086,15.0,43.648742,N-summer
sample_01733.jpg,0.4028803116646665,SRC_133,-10.0,48.887369,N-spring
sample_01734.jpg,0.39885266054939983,SRC_020,35.0,42.075965,N-summer
sample_01735.jpg,0.480419566791735,SRC_040,90.0,57.651744,N-spring
sample_01736.jpg,0.3998831891397734,SRC_092,5.0,57.429528,N-autumn
sample_01737.jpg,0.44500828415705396,SRC_026,90.0,57.238404,N-spring
sample_01738.jpg,0.40546134695446046,SRC_074,0.0,50.25459,N-spring
sample_01739.jpg,0.505867727252762,SRC_135,5.0,41.328761,N-winter
sample_01740.jpg,0.4861290367274049,SRC_061,50.0,43.110277,N-spring
sample_01741.jpg,0.3965219041955116,SRC_121,25.0,67.446292,N-autumn
sample_01742.jpg,0.395382108911008,SRC_156,10.0,48.737382,N-summer
sample_01743.jpg,0.4002181649523101,SRC_091,-40.0,72.511342,N-summer
sample_01744.jpg,0.5090090523375534,SRC_094,20.0,66.934532,N-autumn
sample_01745.jpg,0.4249912442425501,SRC_061,50.0,43.110277,N-spring
sample_01746.jpg,0.38722634045758403,SRC_005,0.0,55.846781,N-summer
sample_01747.jpg,0.3719208516352402,SRC_090,50.0,47.196626,N-summer
sample_01748.jpg,0.3990557392366401,SRC_103,-35.0,57.090396,N-autumn
sample_01749.jpg,0.45600322452522174,SRC_026,90.0,57.238404,N-spring
sample_01750.jpg,0.42466265283614557,SRC_115,25.0,41.8845,N-spring
sample_01751.jpg,0.4492588784666632,SRC_149,90.0,55.701783,N-summer
sample_01752.jpg,0.41994747006987254,SRC_148,-15.0,49.227137,N-autumn
sample_01753.jpg,0.39586441650558035,SRC_046,0.0,58.061031,N-autumn
sample_01754.jpg,0.4045041867197393,SRC_159,20.0,67.076816,N-autumn
sample_01755.jpg,0.38736504886865053,SRC_092,5.0,57.429528,N-autumn
sample_01756.jpg,0.3740415455736753,SRC_090,50.0,47.196626,N-summer
sample_01757.jpg,0.389597828610636,SRC_164,20.0,59.226879,N-autumn
sample_01758.jpg,0.37637583683836195,SRC_041,15.0,46.712049,N-summer
sample_01759.jpg,0.47978615232487576,SRC_151,-15.0,63.408071,N-summer
sample_01760.jpg,0.47356789124216736,SRC_009,-25.0,73.827745,N-spring
sample_01761.jpg,0.3970154044566977,SRC_121,25.0,67.446292,N-autumn
sample_01762.jpg,0.44078938230430476,SRC_022,20.0,41.513642,N-spring
sample_01763.jpg,0.41976070510117436,SRC_047,0.0,48.028677,N-spring
sample_01764.jpg,0.38752678355947257,SRC_009,-25.0,73.827745,N-spring
sample_01765.jpg,0.3893167557866287,SRC_145,-5.0,52.15166,N-spring
sample_01766.jpg,0.4825615064428246,SRC_124,0.0,51.928413,N-summer
sample_01767.jpg,0.4206738306445148,SRC_170,-20.0,56.332579,N-autumn
sample_01768.jpg,0.4132322625203203,SRC_016,10.0,55.552023,N-winter
sample_01769.jpg,0.5191046182843053,SRC_153,-40.0,43.960452,N-autumn
sample_01770.jpg,0.39049611300926224,SRC_109,50.0,54.137665,N-summer
sample_01771.jpg,0.495727548970424,SRC_056,-40.0,74.660587,N-summer
sample_01772.jpg,0.4057284409565748,SRC_029,-5.0,45.485648,N-autumn
sample_01773.jpg,0.394061100479154,SRC_158,-5.0,35.954137,N-winter
sample_01774.jpg,0.4100312440557521,SRC_144,-35.0,76.731052,N-spring
sample_01775.jpg,0.38599435620139266,SRC_103,-35.0,57.090396,N-autumn
sample_01776.jpg,0.4427605595829635,SRC_142,-30.0,34.276784,N-winter
sample_01777.jpg,0.40518219258879534,SRC_042,10.0,36.92431,N-spring
sample_01778.jpg,0.4675751325188224,SRC_148,-15.0,49.227137,N-autumn
sample_01779.jpg,0.41924828253208296,SRC_115,25.0,41.8845,N-spring
sample_01780.jpg,0.43683741649007646,SRC_106,25.0,40.638999,N-spring
sample_01781.jpg,0.39057376062216664,SRC_156,10.0,48.737382,N-summer
sample_01782.jpg,0.46213537939846316,SRC_126,-20.0,68.779144,N-summer
sample_01783.jpg,0.4322518869346303,SRC_148,-15.0,49.227137,N-autumn
sample_01784.jpg,0.39100367977071737,SRC_099,15.0,42.024472,N-spring
sample_01785.jpg,0.3838743086162113,SRC_091,-40.0,72.511342,N-summer
sample_01786.jpg,0.4601730209879804,SRC_059,15.0,48.046698,N-summer
sample_01787.jpg,0.4175101090958724,SRC_144,-35.0,76.731052,N-spring
sample_01788.jpg,0.38318258467022226,SRC_156,10.0,48.737382,N-summer
sample_01789.jpg,0.39998362760755635,SRC_095,-20.0,56.495654,N-spring
sample_01790.jpg,0.4165297902186086,SRC_051,20.0,63.609319,N-autumn
sample_01791.jpg,0.40785791801772653,SRC_088,0.0,53.004483,N-summer
sample_01792.jpg,0.4716187764399793,SRC_003,0.0,38.090051,N-spring
sample_01793.jpg,0.44011546062756557,SRC_132,5.0,51.83727,N-summer
sample_01794.jpg,0.41530974167269435,SRC_151,-15.0,63.408071,N-summer
sample_01795.jpg,0.496031875673684,SRC_131,10.0,60.540464,N-autumn
sample_01796.jpg,0.40006857991157324,SRC_096,25.0,40.422288,N-spring
sample_01797.jpg,0.3923110799587878,SRC_136,-35.0,76.922409,N-spring
sample_01798.jpg,0.40124957947952505,SRC_062,45.0,81.508965,N-autumn
sample_01799.jpg,0.4206572842332511,SRC_133,-10.0,48.887369,N-spring
sample_01800.jpg,0.503116283473608,SRC_115,25.0,41.8845,N-spring
sample_01801.jpg,0.394979407601226,SRC_124,0.0,51.928413,N-summer
sample_01802.jpg,0.4814908983593962,SRC_119,90.0,58.642683,N-spring
sample_01803.jpg,0.4917501009348257,SRC_069,25.0,48.120522,N-summer
sample_01804.jpg,0.38962781898407084,SRC_004,30.0,61.107468,N-autumn
sample_01805.jpg,0.5218485785958895,SRC_067,-15.0,64.724247,N-spring
sample_01806.jpg,0.4585601702165005,SRC_100,20.0,41.506528,N-spring
sample_01807.jpg,0.5077778106372006,SRC_055,-5.0,57.335076,N-spring
sample_01808.jpg,0.4208470444846258,SRC_066,-10.0,61.81065,N-summer
sample_01809.jpg,0.46706983560586146,SRC_069,25.0,48.120522,N-summer
sample_01810.jpg,0.3998047349008811,SRC_009,-25.0,73.827745,N-spring
sample_01811.jpg,0.39094859695886924,SRC_171,-35.0,63.65778,N-spring
sample_01812.jpg,0.4240749775034957,SRC_126,-20.0,68.779144,N-summer
sample_01813.jpg,0.3857841683152228,SRC_004,30.0,61.107468,N-autumn
sample_01814.jpg,0.37638685719388804,SRC_134,-30.0,69.607895,N-spring
sample_01815.jpg,0.464821630002165,SRC_149,90.0,55.701783,N-summer
sample_01816.jpg,0.3893471081302382,SRC_109,50.0,54.137665,N-summer
sample_01817.jpg,0.509354242242974,SRC_108,-40.0,68.856247,N-summer
sample_01818.jpg,0.5038996258371158,SRC_011,-20.0,70.371153,N-summer
sample_01819.jpg,0.4608101264809513,SRC_052,5.0,51.705435,N-summer
sample_01820.jpg,0.3710360156878707,SRC_169,40.0,48.615664,N-summer
sample_01821.jpg,0.3941395660277144,SRC_112,-30.0,67.516648,N-spring
sample_01822.jpg,0.3927344210599889,SRC_094,20.0,66.934532,N-autumn
sample_01823.jpg,0.5273172571851242,SRC_041,15.0,46.712049,N-summer
sample_01824.jpg,0.4521819984249619,SRC_148,-15.0,49.227137,N-autumn
sample_01825.jpg,0.4030043624061509,SRC_009,-25.0,73.827745,N-spring
sample_01826.jpg,0.3852660414001619,SRC_100,20.0,41.506528,N-spring
sample_01827.jpg,0.3774119248142177,SRC_083,0.0,55.378885,N-spring
sample_01828.jpg,0.3826052179710615,SRC_013,50.0,54.051464,N-spring
sample_01829.jpg,0.45730982783954593,SRC_026,90.0,57.238404,N-spring
sample_01830.jpg,0.49950376262295554,SRC_074,0.0,50.25459,N-spring
sample_01831.jpg,0.42604769726309566,SRC_122,-5.0,57.310506,N-summer
sample_01832.jpg,0.38916924806902753,SRC_084,-10.0,58.957849,N-summer
sample_01833.jpg,0.48061256814524606,SRC_004,30.0,61.107468,N-autumn
sample_01834.jpg,0.4827319643420479,SRC_136,-35.0,76.922409,N-spring
sample_01835.jpg,0.39134189150243726,SRC_113,-35.0,36.668707,N-winter
sample_01836.jpg,0.5244051468296907,SRC_142,-30.0,34.276784,N-winter
sample_01837.jpg,0.5282597259636322,SRC_072,15.0,46.966801,N-winter
sample_01838.jpg,0.41062045682148074,SRC_133,-10.0,48.887369,N-spring
sample_01839.jpg,0.42290364602999875,SRC_142,-30.0,34.276784,N-winter
sample_01840.jpg,0.435024803443138,SRC_153,-40.0,43.960452,N-autumn
sample_01841.jpg,0.38648022373790625,SRC_013,50.0,54.051464,N-spring
sample_01842.jpg,0.4894125099845475,SRC_061,50.0,43.110277,N-spring
sample_01843.jpg,0.4933130067814597,SRC_003,0.0,38.090051,N-spring
sample_01844.jpg,0.3977694888564963,SRC_092,5.0,57.429528,N-autumn
sample_01845.jpg,0.42004317733696617,SRC_102,-10.0,52.255853,N-spring
sample_01846.jpg,0.39432131235199636,SRC_030,-25.0,67.936804,N-spring
sample_01847.jpg,0.4041971833248619,SRC_115,25.0,41.8845,N-spring
sample_01848.jpg,0.4152180962922144,SRC_040,90.0,57.651744,N-spring
sample_01849.jpg,0.4057146813046392,SRC_052,5.0,51.705435,N-summer
sample_01850.jpg,0.39312713548781736,SRC_051,20.0,63.609319,N-autumn
sample_01851.jpg,0.45020778201462364,SRC_055,-5.0,57.335076,N-spring
sample_01852.jpg,0.4081269297264337,SRC_107,20.0,65.68027,N-autumn
sample_01853.jpg,0.396793389931653,SRC_004,30.0,61.107468,N-autumn
sample_01854.jpg,0.38523798486902466,SRC_020,35.0,42.075965,N-summer
sample_01855.jpg,0.5196045440381668,SRC_158,-5.0,35.954137,N-winter
sample_01856.jpg,0.44339413016934576,SRC_123,0.0,54.598149,N-autumn
sample_01857.jpg,0.39152195379368004,SRC_165,10.0,42.451267,N-winter
sample_01858.jpg,0.421340862680977,SRC_050,0.0,53.680047,N-summer
sample_01859.jpg,0.3815089598103801,SRC_008,25.0,61.005891,N-autumn
sample_01860.jpg,0.39060633591515737,SRC_013,50.0,54.051464,N-spring
sample_01861.jpg,0.5029577336933887,SRC_029,-5.0,45.485648,N-autumn
sample_01862.jpg,0.3951994865780431,SRC_144,-35.0,76.731052,N-spring
sample_01863.jpg,0.39788440355464944,SRC_158,-5.0,35.954137,N-winter
sample_01864.jpg,0.39849472532757196,SRC_091,-40.0,72.511342,N-summer
sample_01865.jpg,0.4003584071887837,SRC_011,-20.0,70.371153,N-summer
sample_01866.jpg,0.3927553368497798,SRC_030,-25.0,67.936804,N-spring
sample_01867.jpg,0.4778440795972526,SRC_114,-10.0,58.176498,N-autumn
sample_01868.jpg,0.39763973404472963,SRC_094,20.0,66.934532,N-autumn
sample_01869.jpg,0.41144767998788057,SRC_047,0.0,48.028677,N-spring
sample_01870.jpg,0.380605131039064,SRC_037,15.0,44.468297,N-spring
sample_01871.jpg,0.5017779240756225,SRC_115,25.0,41.8845,N-spring
sample_01872.jpg,0.37763540835650206,SRC_074,0.0,50.25459,N-spring
sample_01873.jpg,0.48645860557101167,SRC_106,25.0,40.638999,N-spring
sample_01874.jpg,0.4514510041654476,SRC_091,-40.0,72.511342,N-summer
sample_01875.jpg,0.4040796136562985,SRC_056,-40.0,74.660587,N-summer
sample_01876.jpg,0.3864718857110421,SRC_066,-10.0,61.81065,N-summer
sample_01877.jpg,0.3942189656842793,SRC_065,30.0,68.700871,N-winter
sample_01878.jpg,0.49576466096745886,SRC_037,15.0,44.468297,N-spring
sample_01879.jpg,0.4950491356501966,SRC_058,30.0,69.060883,N-autumn
sample_01880.jpg,0.39789891801429356,SRC_006,-15.0,65.638079,N-spring
sample_01881.jpg,0.3712886164527265,SRC_004,30.0,61.107468,N-autumn
sample_01882.jpg,0.41656664639665186,SRC_115,25.0,41.8845,N-spring
sample_01883.jpg,0.38887384821953797,SRC_068,0.0,56.216196,N-summer
sample_01884.jpg,0.43872329898379353,SRC_102,-10.0,52.255853,N-spring
sample_01885.jpg,0.4887615051823084,SRC_084,-10.0,58.957849,N-summer
sample_01886.jpg,0.4874896625073838,SRC_071,20.0,40.070501,N-spring
sample_01887.jpg,0.3878443004438227,SRC_004,30.0,61.107468,N-autumn
sample_01888.jpg,0.39630523915056304,SRC_042,10.0,36.92431,N-spring
sample_01889.jpg,0.43526264049717084,SRC_052,5.0,51.705435,N-summer
sample_01890.jpg,0.3914664751749717,SRC_041,15.0,46.712049,N-summer
sample_01891.jpg,0.5112232204083518,SRC_038,-15.0,32.097448,N-winter
sample_01892.jpg,0.47525330062121734,SRC_108,-40.0,68.856247,N-summer
sample_01893.jpg,0.38014559091009886,SRC_165,10.0,42.451267,N-winter
sample_01894.jpg,0.39421538406403556,SRC_121,25.0,67.446292,N-autumn
sample_01895.jpg,0.4159361162415049,SRC_051,20.0,63.609319,N-autumn
sample_01896.jpg,0.5159247743348917,SRC_142,-30.0,34.276784,N-winter
sample_01897.jpg,0.4876070361117913,SRC_058,30.0,69.060883,N-autumn
sample_01898.jpg,0.3979886731459496,SRC_100,20.0,41.506528,N-spring
sample_01899.jpg,0.4671804532362843,SRC_069,25.0,48.120522,N-summer
sample_01900.jpg,0.38770387372793413,SRC_014,-40.0,38.480327,N-winter
sample_01901.jpg,0.4567743926313149,SRC_170,-20.0,56.332579,N-autumn
sample_01902.jpg,0.3997518753703083,SRC_158,-5.0,35.954137,N-winter
sample_01903.jpg,0.3968577906898968,SRC_091,-40.0,72.511342,N-summer
sample_01904.jpg,0.40093256523436216,SRC_030,-25.0,67.936804,N-spring
sample_01905.jpg,0.4745271692636508,SRC_133,-10.0,48.887369,N-spring
sample_01906.jpg,0.3805516044344636,SRC_004,30.0,61.107468,N-autumn
sample_01907.jpg,0.4387648907403259,SRC_071,20.0,40.070501,N-spring
sample_01908.jpg,0.3928307626216464,SRC_127,-35.0,47.507974,N-autumn
sample_01909.jpg,0.5187074697447506,SRC_058,30.0,69.060883,N-autumn
sample_01910.jpg,0.4453125324221595,SRC_051,20.0,63.609319,N-autumn
sample_01911.jpg,0.38045167576901673,SRC_063,25.0,41.329237,N-spring
sample_01912.jpg,0.3973093067064982,SRC_040,90.0,57.651744,N-spring
sample_01913.jpg,0.4874725515138077,SRC_061,50.0,43.110277,N-spring
sample_01914.jpg,0.5008285724483306,SRC_121,25.0,67.446292,N-autumn
sample_01915.jpg,0.37231272134115734,SRC_015,20.0,46.484204,N-summer
sample_01916.jpg,0.49136924559631934,SRC_139,40.0,53.533251,N-winter
sample_01917.jpg,0.41094183161328335,SRC_040,90.0,57.651744,N-spring
sample_01918.jpg,0.4260659282284622,SRC_014,-40.0,38.480327,N-winter
sample_01919.jpg,0.4225595054912398,SRC_062,45.0,81.508965,N-autumn
sample_01920.jpg,0.41123875642809055,SRC_062,45.0,81.508965,N-autumn
sample_01921.jpg,0.46283565300375307,SRC_123,0.0,54.598149,N-autumn
sample_01922.jpg,0.4280728160992561,SRC_126,-20.0,68.779144,N-summer
sample_01923.jpg,0.39427228678990317,SRC_088,0.0,53.004483,N-summer
sample_01924.jpg,0.40071139009023193,SRC_027,35.0,41.369436,N-spring
sample_01925.jpg,0.47452922275437154,SRC_135,5.0,41.328761,N-winter
sample_01926.jpg,0.5281402984255248,SRC_106,25.0,40.638999,N-spring
sample_01927.jpg,0.46309574255738156,SRC_087,0.0,54.65824,N-summer
sample_01928.jpg,0.4993641099764612,SRC_073,45.0,41.537171,N-spring
sample_01929.jpg,0.5263887763617865,SRC_124,0.0,51.928413,N-summer
sample_01930.jpg,0.4010297550149334,SRC_158,-5.0,35.954137,N-winter
sample_01931.jpg,0.41774406658271224,SRC_133,-10.0,48.887369,N-spring
sample_01932.jpg,0.45390220942787496,SRC_130,25.0,37.507656,N-spring
sample_01933.jpg,0.40230702136283086,SRC_095,-20.0,56.495654,N-spring
sample_01934.jpg,0.4278334939296654,SRC_050,0.0,53.680047,N-summer
sample_01935.jpg,0.5039997509378198,SRC_042,10.0,36.92431,N-spring
sample_01936.jpg,0.3961817080628992,SRC_112,-30.0,67.516648,N-spring
sample_01937.jpg,0.5098331769230182,SRC_156,10.0,48.737382,N-summer
sample_01938.jpg,0.40156582152180365,SRC_009,-25.0,73.827745,N-spring
sample_01939.jpg,0.4011056217026838,SRC_013,50.0,54.051464,N-spring
sample_01940.jpg,0.44917155918815305,SRC_026,90.0,57.238404,N-spring
sample_01941.jpg,0.3866605557634693,SRC_109,50.0,54.137665,N-summer
sample_01942.jpg,0.3855648945290438,SRC_082,-10.0,60.444036,N-spring
sample_01943.jpg,0.39270748150676493,SRC_037,15.0,44.468297,N-spring
sample_01944.jpg,0.5216874439553816,SRC_090,50.0,47.196626,N-summer
sample_01945.jpg,0.3920747250056873,SRC_157,40.0,44.22455,N-summer
sample_01946.jpg,0.4083296563426654,SRC_146,10.0,58.0428,N-summer
sample_01947.jpg,0.39175736181317733,SRC_099,15.0,42.024472,N-spring
sample_01948.jpg,0.41623011028455864,SRC_111,-35.0,79.069883,N-spring
sample_01949.jpg,0.5045316210090056,SRC_107,20.0,65.68027,N-autumn
sample_01950.jpg,0.423537712523906,SRC_115,25.0,41.8845,N-spring
sample_01951.jpg,0.4973075069562241,SRC_115,25.0,41.8845,N-spring
sample_01952.jpg,0.5001868633643684,SRC_131,10.0,60.540464,N-autumn
sample_01953.jpg,0.4607924656327496,SRC_038,-15.0,32.097448,N-winter
sample_01954.jpg,0.45654915897037895,SRC_111,-35.0,79.069883,N-spring
sample_01955.jpg,0.5041023220080335,SRC_157,40.0,44.22455,N-summer
sample_01956.jpg,0.463736423375183,SRC_048,-25.0,61.920556,N-autumn
sample_01957.jpg,0.39465815432841217,SRC_021,-90.0,68.040851,N-autumn
sample_01958.jpg,0.4782919843972654,SRC_095,-20.0,56.495654,N-spring
sample_01959.jpg,0.3828010061324851,SRC_037,15.0,44.468297,N-spring
sample_01960.jpg,0.40090697343353493,SRC_076,25.0,63.632584,N-autumn
sample_01961.jpg,0.47483104074091587,SRC_069,25.0,48.120522,N-summer
sample_01962.jpg,0.4040039353183503,SRC_001,-5.0,51.987197,N-spring
sample_01963.jpg,0.478727555413507,SRC_073,45.0,41.537171,N-spring
sample_01964.jpg,0.4059367194020186,SRC_103,-35.0,57.090396,N-autumn
sample_01965.jpg,0.38989699119222915,SRC_075,-90.0,65.329336,N-winter
sample_01966.jpg,0.502070339937517,SRC_096,25.0,40.422288,N-spring
sample_01967.jpg,0.4144854258113644,SRC_115,25.0,41.8845,N-spring
sample_01968.jpg,0.4038229292695263,SRC_056,-40.0,74.660587,N-summer
sample_01969.jpg,0.411217141875559,SRC_052,5.0,51.705435,N-summer
sample_01970.jpg,0.43808499686914404,SRC_049,5.0,42.94902,N-spring
sample_01971.jpg,0.40741070831744697,SRC_165,10.0,42.451267,N-winter
sample_01972.jpg,0.38423780112778505,SRC_084,-10.0,58.957849,N-summer
sample_01973.jpg,0.4191882844045697,SRC_115,25.0,41.8845,N-spring
sample_01974.jpg,0.3844012895250307,SRC_006,-15.0,65.638079,N-spring
sample_01975.jpg,0.3952542194919542,SRC_015,20.0,46.484204,N-summer
sample_01976.jpg,0.39750224198786566,SRC_061,50.0,43.110277,N-spring
sample_01977.jpg,0.3838838478530978,SRC_114,-10.0,58.176498,N-autumn
sample_01978.jpg,0.3989018122457767,SRC_035,0.0,56.990187,N-autumn
sample_01979.jpg,0.48512170665254806,SRC_138,25.0,44.714676,N-summer
sample_01980.jpg,0.5184458322137758,SRC_044,-90.0,81.862162,N-autumn
sample_01981.jpg,0.47469321931008934,SRC_070,60.0,58.788969,N-summer
sample_01982.jpg,0.44702944379205256,SRC_024,10.0,53.725813,N-summer
sample_01983.jpg,0.43115255033496186,SRC_051,20.0,63.609319,N-autumn
sample_01984.jpg,0.38943876372822317,SRC_124,0.0,51.928413,N-summer
sample_01985.jpg,0.5140804800165387,SRC_127,-35.0,47.507974,N-autumn
sample_01986.jpg,0.3885052424336719,SRC_093,-25.0,43.343655,N-autumn
sample_01987.jpg,0.41087721413700884,SRC_133,-10.0,48.887369,N-spring
sample_01988.jpg,0.4358591177958922,SRC_013,50.0,54.051464,N-spring
sample_01989.jpg,0.38023031177556355,SRC_169,40.0,48.615664,N-summer
sample_01990.jpg,0.39471549515185966,SRC_008,25.0,61.005891,N-autumn
sample_01991.jpg,0.4869751520132726,SRC_072,15.0,46.966801,N-winter
sample_01992.jpg,0.4347323416894606,SRC_133,-10.0,48.887369,N-spring
sample_01993.jpg,0.5005118852509751,SRC_162,-90.0,77.7898,N-winter
sample_01994.jpg,0.4312062421805902,SRC_019,90.0,60.00919,N-summer
sample_01995.jpg,0.4146419004200486,SRC_022,20.0,41.513642,N-spring
sample_01996.jpg,0.5078309576330948,SRC_109,50.0,54.137665,N-summer
sample_01997.jpg,0.37954010656906056,SRC_042,10.0,36.92431,N-spring
sample_01998.jpg,0.42220329975585935,SRC_111,-35.0,79.069883,N-spring
sample_01999.jpg,0.4065808566619789,SRC_013,50.0,54.051464,N-spring
sample_02000.jpg,0.384679781474562,SRC_099,15.0,42.024472,N-spring
sample_02001.jpg,0.4053454211292604,SRC_092,5.0,57.429528,N-autumn
sample_02002.jpg,0.3885177591643165,SRC_165,10.0,42.451267,N-winter
sample_02003.jpg,0.41036864201095086,SRC_051,20.0,63.609319,N-autumn
sample_02004.jpg,0.4987365393869146,SRC_166,90.0,60.094207,N-spring
sample_02005.jpg,0.4887468148375901,SRC_158,-5.0,35.954137,N-winter
sample_02006.jpg,0.38941873198501653,SRC_171,-35.0,63.65778,N-spring
sample_02007.jpg,0.39007173282215896,SRC_094,20.0,66.934532,N-autumn
sample_02008.jpg,0.4876280039480184,SRC_087,0.0,54.65824,N-summer
sample_02009.jpg,0.3715018056756302,SRC_090,50.0,47.196626,N-summer
sample_02010.jpg,0.388290305543092,SRC_097,0.0,35.318175,N-winter
sample_02011.jpg,0.4216746838195716,SRC_043,10.0,50.433279,N-summer
sample_02012.jpg,0.4149677323319295,SRC_009,-25.0,73.827745,N-spring
sample_02013.jpg,0.4701704923744584,SRC_098,-45.0,70.730178,N-summer
sample_02014.jpg,0.39126703770429616,SRC_009,-25.0,73.827745,N-spring
sample_02015.jpg,0.4040948801912969,SRC_078,15.0,40.437008,N-spring
sample_02016.jpg,0.4947862456126767,SRC_168,90.0,64.709631,N-summer
sample_02017.jpg,0.39452174305671356,SRC_100,20.0,41.506528,N-spring
sample_02018.jpg,0.40862909244732554,SRC_139,40.0,53.533251,N-winter
sample_02019.jpg,0.38506170108300125,SRC_141,-10.0,55.206291,N-spring
sample_02020.jpg,0.4169042199641863,SRC_059,15.0,48.046698,N-summer
sample_02021.jpg,0.37027820395723926,SRC_086,15.0,43.648742,N-summer
sample_02022.jpg,0.38881631329755567,SRC_076,25.0,63.632584,N-autumn
sample_02023.jpg,0.38714720059247487,SRC_037,15.0,44.468297,N-spring
sample_02024.jpg,0.4557328439972341,SRC_001,-5.0,51.987197,N-spring
sample_02025.jpg,0.4252844227453848,SRC_145,-5.0,52.15166,N-spring
sample_02026.jpg,0.41820637908311636,SRC_083,0.0,55.378885,N-spring
sample_02027.jpg,0.43985994550042423,SRC_165,10.0,42.451267,N-winter
sample_02028.jpg,0.3814982991890462,SRC_004,30.0,61.107468,N-autumn
sample_02029.jpg,0.40841906901238734,SRC_103,-35.0,57.090396,N-autumn
sample_02030.jpg,0.5014248200181933,SRC_103,-35.0,57.090396,N-autumn
sample_02031.jpg,0.4098345646245109,SRC_078,15.0,40.437008,N-spring
sample_02032.jpg,0.42075882646868357,SRC_038,-15.0,32.097448,N-winter
sample_02033.jpg,0.40524889215536897,SRC_076,25.0,63.632584,N-autumn
sample_02034.jpg,0.39682715730879325,SRC_109,50.0,54.137665,N-summer
sample_02035.jpg,0.44282083027732516,SRC_115,25.0,41.8845,N-spring
sample_02036.jpg,0.4707115673354399,SRC_058,30.0,69.060883,N-autumn
sample_02037.jpg,0.5030709816556016,SRC_131,10.0,60.540464,N-autumn
sample_02038.jpg,0.3936062096054577,SRC_095,-20.0,56.495654,N-spring
sample_02039.jpg,0.3965893398702171,SRC_092,5.0,57.429528,N-autumn
sample_02040.jpg,0.4067666990573011,SRC_038,-15.0,32.097448,N-winter
sample_02041.jpg,0.3929909872583547,SRC_021,-90.0,68.040851,N-autumn
sample_02042.jpg,0.3892015760758063,SRC_018,-90.0,67.882485,N-winter
sample_02043.jpg,0.4925310257276137,SRC_133,-10.0,48.887369,N-spring
sample_02044.jpg,0.4242545584858721,SRC_153,-40.0,43.960452,N-autumn
sample_02045.jpg,0.40690823423211875,SRC_103,-35.0,57.090396,N-autumn
sample_02046.jpg,0.4011139664270866,SRC_073,45.0,41.537171,N-spring
sample_02047.jpg,0.39526475690663704,SRC_171,-35.0,63.65778,N-spring
sample_02048.jpg,0.3841847093351073,SRC_153,-40.0,43.960452,N-autumn
sample_02049.jpg,0.39723212889929044,SRC_092,5.0,57.429528,N-autumn
sample_02050.jpg,0.5152255691078197,SRC_022,20.0,41.513642,N-spring
sample_02051.jpg,0.39204887779464576,SRC_099,15.0,42.024472,N-spring
sample_02052.jpg,0.4505354990605504,SRC_047,0.0,48.028677,N-spring
sample_02053.jpg,0.5025004973059303,SRC_064,90.0,60.573524,N-spring
sample_02054.jpg,0.44806546934910346,SRC_047,0.0,48.028677,N-spring
sample_02055.jpg,0.3883777950444136,SRC_112,-30.0,67.516648,N-spring
sample_02056.jpg,0.48547142602209536,SRC_100,20.0,41.506528,N-spring
sample_02057.jpg,0.4017331188779947,SRC_156,10.0,48.737382,N-summer
sample_02058.jpg,0.3842777048316227,SRC_057,-5.0,57.599617,N-summer
sample_02059.jpg,0.4212945135403984,SRC_043,10.0,50.433279,N-summer
sample_02060.jpg,0.3880609190518899,SRC_021,-90.0,68.040851,N-autumn
sample_02061.jpg,0.38007804796847233,SRC_041,15.0,46.712049,N-summer
sample_02062.jpg,0.3941988090250761,SRC_020,35.0,42.075965,N-summer
sample_02063.jpg,0.3972760816258377,SRC_097,0.0,35.318175,N-winter
sample_02064.jpg,0.39187160335443794,SRC_153,-40.0,43.960452,N-autumn
sample_02065.jpg,0.4845452354960852,SRC_151,-15.0,63.408071,N-summer
sample_02066.jpg,0.4664516894367158,SRC_123,0.0,54.598149,N-autumn
sample_02067.jpg,0.3985608867147453,SRC_103,-35.0,57.090396,N-autumn
sample_02068.jpg,0.39004956741685465,SRC_098,-45.0,70.730178,N-summer
sample_02069.jpg,0.3875717666060341,SRC_169,40.0,48.615664,N-summer
sample_02070.jpg,0.4045609120776151,SRC_078,15.0,40.437008,N-spring
sample_02071.jpg,0.4315597906068442,SRC_095,-20.0,56.495654,N-spring
sample_02072.jpg,0.479202643753994,SRC_027,35.0,41.369436,N-spring
sample_02073.jpg,0.5017041734882826,SRC_038,-15.0,32.097448,N-winter
sample_02074.jpg,0.40008564173911426,SRC_115,25.0,41.8845,N-spring
sample_02075.jpg,0.44068911355811063,SRC_144,-35.0,76.731052,N-spring
sample_02076.jpg,0.42547220339797154,SRC_024,10.0,53.725813,N-summer
sample_02077.jpg,0.3971245275822883,SRC_005,0.0,55.846781,N-summer
sample_02078.jpg,0.4233307048671654,SRC_013,50.0,54.051464,N-spring
sample_02079.jpg,0.37845177385625395,SRC_169,40.0,48.615664,N-summer
sample_02080.jpg,0.3821165312023089,SRC_141,-10.0,55.206291,N-spring
sample_02081.jpg,0.42750241951533885,SRC_052,5.0,51.705435,N-summer
sample_02082.jpg,0.39927267421344254,SRC_091,-40.0,72.511342,N-summer
sample_02083.jpg,0.4022444915411212,SRC_030,-25.0,67.936804,N-spring
sample_02084.jpg,0.4930218093247459,SRC_010,90.0,74.440619,N-summer
sample_02085.jpg,0.39535246213170405,SRC_006,-15.0,65.638079,N-spring
sample_02086.jpg,0.3774498844316135,SRC_030,-25.0,67.936804,N-spring
sample_02087.jpg,0.41960892826511814,SRC_069,25.0,48.120522,N-summer
sample_02088.jpg,0.38356949834650544,SRC_149,90.0,55.701783,N-summer
sample_02089.jpg,0.3894113059660098,SRC_109,50.0,54.137665,N-summer
sample_02090.jpg,0.46018692307525955,SRC_072,15.0,46.966801,N-winter
sample_02091.jpg,0.4552292746423891,SRC_146,10.0,58.0428,N-summer
sample_02092.jpg,0.49191804829443414,SRC_109,50.0,54.137665,N-summer
sample_02093.jpg,0.3907784068652761,SRC_006,-15.0,65.638079,N-spring
sample_02094.jpg,0.4076960779381295,SRC_109,50.0,54.137665,N-summer
sample_02095.jpg,0.3966040141939634,SRC_091,-40.0,72.511342,N-summer
sample_02096.jpg,0.38180436341006424,SRC_013,50.0,54.051464,N-spring
sample_02097.jpg,0.5020013482138205,SRC_006,-15.0,65.638079,N-spring
sample_02098.jpg,0.3997176135142544,SRC_009,-25.0,73.827745,N-spring
sample_02099.jpg,0.41978283530200056,SRC_111,-35.0,79.069883,N-spring
sample_02100.jpg,0.41400590997155273,SRC_040,90.0,57.651744,N-spring
sample_02101.jpg,0.4013498279941832,SRC_027,35.0,41.369436,N-spring
sample_02102.jpg,0.39426818808826625,SRC_156,10.0,48.737382,N-summer
sample_02103.jpg,0.4563820513965868,SRC_047,0.0,48.028677,N-spring
sample_02104.jpg,0.3902418935273545,SRC_004,30.0,61.107468,N-autumn
sample_02105.jpg,0.5381837992407762,SRC_062,45.0,81.508965,N-autumn
sample_02106.jpg,0.4298334738974171,SRC_111,-35.0,79.069883,N-spring
sample_02107.jpg,0.39362867944186963,SRC_123,0.0,54.598149,N-autumn
sample_02108.jpg,0.41798419823491273,SRC_151,-15.0,63.408071,N-summer
sample_02109.jpg,0.48297271252043117,SRC_049,5.0,42.94902,N-spring
sample_02110.jpg,0.39991889180233975,SRC_042,10.0,36.92431,N-spring
sample_02111.jpg,0.3999811184186462,SRC_009,-25.0,73.827745,N-spring
sample_02112.jpg,0.3910800466390687,SRC_096,25.0,40.422288,N-spring
sample_02113.jpg,0.49721074124383763,SRC_148,-15.0,49.227137,N-autumn
sample_02114.jpg,0.5064816990287275,SRC_156,10.0,48.737382,N-summer
sample_02115.jpg,0.401084480313874,SRC_158,-5.0,35.954137,N-winter
sample_02116.jpg,0.4699751760750517,SRC_103,-35.0,57.090396,N-autumn
sample_02117.jpg,0.4477652427193687,SRC_047,0.0,48.028677,N-spring
sample_02118.jpg,0.46923175841218806,SRC_129,20.0,41.057252,N-spring
sample_02119.jpg,0.36823690726577546,SRC_141,-10.0,55.206291,N-spring
sample_02120.jpg,0.4097737851740494,SRC_121,25.0,67.446292,N-autumn
sample_02121.jpg,0.38573441813664916,SRC_108,-40.0,68.856247,N-summer
sample_02122.jpg,0.4153494059271624,SRC_111,-35.0,79.069883,N-spring
sample_02123.jpg,0.39056654037611827,SRC_021,-90.0,68.040851,N-autumn
sample_02124.jpg,0.4738327766314695,SRC_073,45.0,41.537171,N-spring
sample_02125.jpg,0.38411220720276085,SRC_011,-20.0,70.371153,N-summer
sample_02126.jpg,0.38466007279072995,SRC_126,-20.0,68.779144,N-summer
sample_02127.jpg,0.3684893750287467,SRC_037,15.0,44.468297,N-spring
sample_02128.jpg,0.4058113146957417,SRC_004,30.0,61.107468,N-autumn
sample_02129.jpg,0.41193610222080707,SRC_088,0.0,53.004483,N-summer
sample_02130.jpg,0.4860714947606676,SRC_074,0.0,50.25459,N-spring
sample_02131.jpg,0.5218858849876946,SRC_013,50.0,54.051464,N-spring
sample_02132.jpg,0.3975032070504784,SRC_084,-10.0,58.957849,N-summer
sample_02133.jpg,0.49837445227439703,SRC_142,-30.0,34.276784,N-winter
sample_02134.jpg,0.37222957556013936,SRC_068,0.0,56.216196,N-summer
sample_02135.jpg,0.5048992816255773,SRC_069,25.0,48.120522,N-summer
sample_02136.jpg,0.399561825444805,SRC_030,-25.0,67.936804,N-spring
sample_02137.jpg,0.38175496624592664,SRC_013,50.0,54.051464,N-spring
sample_02138.jpg,0.4027414393635806,SRC_036,5.0,52.749586,N-summer
sample_02139.jpg,0.38541119947201025,SRC_126,-20.0,68.779144,N-summer
sample_02140.jpg,0.4415013345782913,SRC_108,-40.0,68.856247,N-summer
sample_02141.jpg,0.4225294595551373,SRC_134,-30.0,69.607895,N-spring
sample_02142.jpg,0.40184803011164183,SRC_126,-20.0,68.779144,N-summer
sample_02143.jpg,0.4537807399648317,SRC_061,50.0,43.110277,N-spring
sample_02144.jpg,0.4136180272652431,SRC_103,-35.0,57.090396,N-autumn
sample_02145.jpg,0.47142711367245366,SRC_095,-20.0,56.495654,N-spring
sample_02146.jpg,0.5174905240652634,SRC_135,5.0,41.328761,N-winter
sample_02147.jpg,0.39547312855303574,SRC_106,25.0,40.638999,N-spring
sample_02148.jpg,0.39652721562689913,SRC_018,-90.0,67.882485,N-winter
sample_02149.jpg,0.3721498731886497,SRC_063,25.0,41.329237,N-spring
sample_02150.jpg,0.37406600506615895,SRC_014,-40.0,38.480327,N-winter
sample_02151.jpg,0.5289949517332022,SRC_168,90.0,64.709631,N-summer
sample_02152.jpg,0.38827593948528205,SRC_011,-20.0,70.371153,N-summer
sample_02153.jpg,0.4993307174387985,SRC_156,10.0,48.737382,N-summer
sample_02154.jpg,0.46120399690171776,SRC_047,0.0,48.028677,N-spring
sample_02155.jpg,0.5250519864274524,SRC_001,-5.0,51.987197,N-spring
sample_02156.jpg,0.39343697575862924,SRC_037,15.0,44.468297,N-spring
sample_02157.jpg,0.38964168597955917,SRC_107,20.0,65.68027,N-autumn
sample_02158.jpg,0.47482790295301636,SRC_040,90.0,57.651744,N-spring
sample_02159.jpg,0.4110032673763486,SRC_007,20.0,49.485932,N-winter
sample_02160.jpg,0.3878258587313843,SRC_077,-5.0,34.299081,N-winter
sample_02161.jpg,0.38779559075467473,SRC_124,0.0,51.928413,N-summer
sample_02162.jpg,0.40680242257106236,SRC_001,-5.0,51.987197,N-spring
sample_02163.jpg,0.5156400274472386,SRC_081,-90.0,74.772433,N-autumn
sample_02164.jpg,0.39474087746718245,SRC_024,10.0,53.725813,N-summer
sample_02165.jpg,0.526004801618998,SRC_098,-45.0,70.730178,N-summer
sample_02166.jpg,0.3855914767510778,SRC_009,-25.0,73.827745,N-spring
sample_02167.jpg,0.5018329915953339,SRC_110,90.0,59.038071,N-summer
sample_02168.jpg,0.3945953176716593,SRC_067,-15.0,64.724247,N-spring
sample_02169.jpg,0.4098296304584772,SRC_013,50.0,54.051464,N-spring
sample_02170.jpg,0.3880460496875825,SRC_091,-40.0,72.511342,N-summer
sample_02171.jpg,0.4028390803970455,SRC_020,35.0,42.075965,N-summer
sample_02172.jpg,0.3972728671359766,SRC_021,-90.0,68.040851,N-autumn
sample_02173.jpg,0.4488575923691882,SRC_071,20.0,40.070501,N-spring
sample_02174.jpg,0.38912111327762383,SRC_058,30.0,69.060883,N-autumn
sample_02175.jpg,0.4561844186284921,SRC_093,-25.0,43.343655,N-autumn
sample_02176.jpg,0.410026538057631,SRC_124,0.0,51.928413,N-summer
sample_02177.jpg,0.47440534300823484,SRC_150,10.0,50.798821,N-summer
sample_02178.jpg,0.4212093317093718,SRC_096,25.0,40.422288,N-spring
sample_02179.jpg,0.4137223778936526,SRC_108,-40.0,68.856247,N-summer
sample_02180.jpg,0.48142096274395385,SRC_135,5.0,41.328761,N-winter
sample_02181.jpg,0.4275964256212923,SRC_050,0.0,53.680047,N-summer
sample_02182.jpg,0.4004643098038273,SRC_099,15.0,42.024472,N-spring
sample_02183.jpg,0.4298616463884729,SRC_115,25.0,41.8845,N-spring
sample_02184.jpg,0.44689332842244534,SRC_026,90.0,57.238404,N-spring
sample_02185.jpg,0.46340726903961427,SRC_050,0.0,53.680047,N-summer
sample_02186.jpg,0.4557444746913667,SRC_006,-15.0,65.638079,N-spring
sample_02187.jpg,0.39718354256068034,SRC_150,10.0,50.798821,N-summer
sample_02188.jpg,0.40874933670805025,SRC_069,25.0,48.120522,N-summer
sample_02189.jpg,0.37855864993405375,SRC_159,20.0,67.076816,N-autumn
sample_02190.jpg,0.3924262808054943,SRC_092,5.0,57.429528,N-autumn
sample_02191.jpg,0.4260743239510857,SRC_038,-15.0,32.097448,N-winter
sample_02192.jpg,0.46577788963236166,SRC_104,25.0,45.102036,N-summer
sample_02193.jpg,0.4970092094850097,SRC_166,90.0,60.094207,N-spring
sample_02194.jpg,0.39426154048492246,SRC_091,-40.0,72.511342,N-summer
sample_02195.jpg,0.38949228543284387,SRC_159,20.0,67.076816,N-autumn
sample_02196.jpg,0.42671167173240887,SRC_080,-25.0,69.726065,N-summer
sample_02197.jpg,0.4065676963904603,SRC_080,-25.0,69.726065,N-summer
sample_02198.jpg,0.4011449046471209,SRC_103,-35.0,57.090396,N-autumn
sample_02199.jpg,0.37146313234992584,SRC_037,15.0,44.468297,N-spring
sample_02200.jpg,0.42678603561229683,SRC_144,-35.0,76.731052,N-spring
sample_02201.jpg,0.38640717284851106,SRC_116,5.0,41.203028,N-spring
sample_02202.jpg,0.4079895133472018,SRC_108,-40.0,68.856247,N-summer
sample_02203.jpg,0.5107571298476407,SRC_083,0.0,55.378885,N-spring
sample_02204.jpg,0.47246438006326397,SRC_146,10.0,58.0428,N-summer
sample_02205.jpg,0.4599169297093659,SRC_086,15.0,43.648742,N-summer
sample_02206.jpg,0.457167270891326,SRC_170,-20.0,56.332579,N-autumn
sample_02207.jpg,0.3906289777832925,SRC_021,-90.0,68.040851,N-autumn
sample_02208.jpg,0.3882737475880188,SRC_114,-10.0,58.176498,N-autumn
sample_02209.jpg,0.4142545506853728,SRC_121,25.0,67.446292,N-autumn
sample_02210.jpg,0.42656397252251377,SRC_153,-40.0,43.960452,N-autumn
sample_02211.jpg,0.3911701680697293,SRC_014,-40.0,38.480327,N-winter
sample_02212.jpg,0.41383452408064647,SRC_140,35.0,44.85556,N-spring
sample_02213.jpg,0.3906805860902747,SRC_092,5.0,57.429528,N-autumn
sample_02214.jpg,0.3790464938214232,SRC_013,50.0,54.051464,N-spring
sample_02215.jpg,0.41662133454189726,SRC_052,5.0,51.705435,N-summer
sample_02216.jpg,0.45065420719519517,SRC_101,5.0,48.479381,N-winter
sample_02217.jpg,0.3864812627050766,SRC_171,-35.0,63.65778,N-spring
sample_02218.jpg,0.40338027941273535,SRC_024,10.0,53.725813,N-summer
sample_02219.jpg,0.42447539164209536,SRC_047,0.0,48.028677,N-spring
sample_02220.jpg,0.4612268371805223,SRC_129,20.0,41.057252,N-spring
sample_02221.jpg,0.3957712839377177,SRC_037,15.0,44.468297,N-spring
sample_02222.jpg,0.39281937140112505,SRC_014,-40.0,38.480327,N-winter
sample_02223.jpg,0.38694017553873217,SRC_108,-40.0,68.856247,N-summer
sample_02224.jpg,0.3999238263654994,SRC_121,25.0,67.446292,N-autumn
sample_02225.jpg,0.48383109472014574,SRC_069,25.0,48.120522,N-summer
sample_02226.jpg,0.3701849908937157,SRC_090,50.0,47.196626,N-summer
sample_02227.jpg,0.4547462703811255,SRC_129,20.0,41.057252,N-spring
sample_02228.jpg,0.390331098049655,SRC_091,-40.0,72.511342,N-summer
sample_02229.jpg,0.4191485899478991,SRC_077,-5.0,34.299081,N-winter
sample_02230.jpg,0.4503596176812318,SRC_106,25.0,40.638999,N-spring
sample_02231.jpg,0.39847521641463823,SRC_074,0.0,50.25459,N-spring
sample_02232.jpg,0.4035881395857598,SRC_098,-45.0,70.730178,N-summer
sample_02233.jpg,0.39966933677988536,SRC_170,-20.0,56.332579,N-autumn
sample_02234.jpg,0.3813345385728845,SRC_086,15.0,43.648742,N-summer
sample_02235.jpg,0.41011467782424005,SRC_164,20.0,59.226879,N-autumn
sample_02236.jpg,0.4085814396500119,SRC_080,-25.0,69.726065,N-summer
sample_02237.jpg,0.4396978506513206,SRC_142,-30.0,34.276784,N-winter
sample_02238.jpg,0.39455711183003195,SRC_037,15.0,44.468297,N-spring
sample_02239.jpg,0.39446892114333487,SRC_009,-25.0,73.827745,N-spring
sample_02240.jpg,0.5098561396760303,SRC_014,-40.0,38.480327,N-winter
sample_02241.jpg,0.4388665855351731,SRC_071,20.0,40.070501,N-spring
sample_02242.jpg,0.4827327817417665,SRC_040,90.0,57.651744,N-spring
sample_02243.jpg,0.3723020567708746,SRC_169,40.0,48.615664,N-summer
sample_02244.jpg,0.47771318684459807,SRC_106,25.0,40.638999,N-spring
sample_02245.jpg,0.4143014041389133,SRC_092,5.0,57.429528,N-autumn
sample_02246.jpg,0.4961127812338674,SRC_106,25.0,40.638999,N-spring
sample_02247.jpg,0.4171325376323332,SRC_156,10.0,48.737382,N-summer
sample_02248.jpg,0.48661566657734845,SRC_038,-15.0,32.097448,N-winter
sample_02249.jpg,0.3839873249583564,SRC_092,5.0,57.429528,N-autumn
sample_02250.jpg,0.40592332043323054,SRC_134,-30.0,69.607895,N-spring
sample_02251.jpg,0.4194129773662169,SRC_172,55.0,47.744159,N-summer
sample_02252.jpg,0.5014335362169505,SRC_169,40.0,48.615664,N-summer
sample_02253.jpg,0.4453515355008766,SRC_106,25.0,40.638999,N-spring
sample_02254.jpg,0.3855731614457128,SRC_042,10.0,36.92431,N-spring
sample_02255.jpg,0.40951558487894585,SRC_047,0.0,48.028677,N-spring
sample_02256.jpg,0.5064282537805361,SRC_071,20.0,40.070501,N-spring
sample_02257.jpg,0.3970886452902295,SRC_067,-15.0,64.724247,N-spring
sample_02258.jpg,0.47063378296371117,SRC_003,0.0,38.090051,N-spring
sample_02259.jpg,0.40438841070278464,SRC_078,15.0,40.437008,N-spring
sample_02260.jpg,0.39958487386386016,SRC_108,-40.0,68.856247,N-summer
sample_02261.jpg,0.37411561765744683,SRC_041,15.0,46.712049,N-summer
sample_02262.jpg,0.4261587871335638,SRC_038,-15.0,32.097448,N-winter
sample_02263.jpg,0.4165922191560257,SRC_013,50.0,54.051464,N-spring
sample_02264.jpg,0.4133390488881331,SRC_091,-40.0,72.511342,N-summer
sample_02265.jpg,0.4022967225927873,SRC_084,-10.0,58.957849,N-summer
sample_02266.jpg,0.3930499843073349,SRC_109,50.0,54.137665,N-summer
sample_02267.jpg,0.49053229051873365,SRC_006,-15.0,65.638079,N-spring
sample_02268.jpg,0.4234072769883335,SRC_051,20.0,63.609319,N-autumn
sample_02269.jpg,0.4950110524785935,SRC_064,90.0,60.573524,N-spring
sample_02270.jpg,0.48610533129427935,SRC_099,15.0,42.024472,N-spring
sample_02271.jpg,0.3916193830214904,SRC_140,35.0,44.85556,N-spring
sample_02272.jpg,0.3821633873416142,SRC_063,25.0,41.329237,N-spring
sample_02273.jpg,0.4134088797111268,SRC_112,-30.0,67.516648,N-spring
sample_02274.jpg,0.4348787888983364,SRC_115,25.0,41.8845,N-spring
sample_02275.jpg,0.3838255554734702,SRC_075,-90.0,65.329336,N-winter
sample_02276.jpg,0.4204859763433994,SRC_061,50.0,43.110277,N-spring
sample_02277.jpg,0.42157887032520713,SRC_063,25.0,41.329237,N-spring
sample_02278.jpg,0.396711072731094,SRC_015,20.0,46.484204,N-summer
sample_02279.jpg,0.48499779035955026,SRC_038,-15.0,32.097448,N-winter
sample_02280.jpg,0.39439349603739243,SRC_003,0.0,38.090051,N-spring
sample_02281.jpg,0.5102614368041855,SRC_131,10.0,60.540464,N-autumn
sample_02282.jpg,0.4976828751071768,SRC_018,-90.0,67.882485,N-winter
sample_02283.jpg,0.3868664430581424,SRC_170,-20.0,56.332579,N-autumn
sample_02284.jpg,0.39955296016483377,SRC_003,0.0,38.090051,N-spring
sample_02285.jpg,0.4146436539223246,SRC_158,-5.0,35.954137,N-winter
sample_02286.jpg,0.38668986420892126,SRC_004,30.0,61.107468,N-autumn
sample_02287.jpg,0.39220403923068625,SRC_164,20.0,59.226879,N-autumn
sample_02288.jpg,0.4126934237797134,SRC_074,0.0,50.25459,N-spring
sample_02289.jpg,0.39321290313060936,SRC_085,0.0,39.187341,N-spring
sample_02290.jpg,0.40825078756675043,SRC_097,0.0,35.318175,N-winter
sample_02291.jpg,0.49126394311418975,SRC_014,-40.0,38.480327,N-winter
sample_02292.jpg,0.3893088542616133,SRC_015,20.0,46.484204,N-summer
sample_02293.jpg,0.49239398040217824,SRC_006,-15.0,65.638079,N-spring
sample_02294.jpg,0.39735808544544576,SRC_015,20.0,46.484204,N-summer
sample_02295.jpg,0.449622042081827,SRC_151,-15.0,63.408071,N-summer
sample_02296.jpg,0.3922845779134655,SRC_114,-10.0,58.176498,N-autumn
sample_02297.jpg,0.4795307233115523,SRC_028,10.0,42.894848,N-spring
sample_02298.jpg,0.3832048426726675,SRC_159,20.0,67.076816,N-autumn
sample_02299.jpg,0.46779173455618783,SRC_154,0.0,54.770875,N-summer
sample_02300.jpg,0.4778578396444978,SRC_009,-25.0,73.827745,N-spring
sample_02301.jpg,0.5093426661211076,SRC_065,30.0,68.700871,N-winter
sample_02302.jpg,0.40780346014706986,SRC_056,-40.0,74.660587,N-summer
sample_02303.jpg,0.4596857016428134,SRC_111,-35.0,79.069883,N-spring
sample_02304.jpg,0.4474640761103991,SRC_056,-40.0,74.660587,N-summer
sample_02305.jpg,0.3853762508415712,SRC_076,25.0,63.632584,N-autumn
sample_02306.jpg,0.42240784996744507,SRC_123,0.0,54.598149,N-autumn
sample_02307.jpg,0.3779042724045935,SRC_140,35.0,44.85556,N-spring
sample_02308.jpg,0.3923773948516494,SRC_100,20.0,41.506528,N-spring
sample_02309.jpg,0.4814190768362253,SRC_071,20.0,40.070501,N-spring
sample_02310.jpg,0.37014309213824215,SRC_090,50.0,47.196626,N-summer
sample_02311.jpg,0.5078005728599329,SRC_126,-20.0,68.779144,N-summer
sample_02312.jpg,0.4160527992865757,SRC_088,0.0,53.004483,N-summer
sample_02313.jpg,0.42629787945478925,SRC_148,-15.0,49.227137,N-autumn
sample_02314.jpg,0.39832101375424067,SRC_021,-90.0,68.040851,N-autumn
sample_02315.jpg,0.45205850972873796,SRC_102,-10.0,52.255853,N-spring
sample_02316.jpg,0.49915515194571214,SRC_018,-90.0,67.882485,N-winter
sample_02317.jpg,0.3917246963706159,SRC_121,25.0,67.446292,N-autumn
sample_02318.jpg,0.4851220577960639,SRC_051,20.0,63.609319,N-autumn
sample_02319.jpg,0.38868655171478117,SRC_005,0.0,55.846781,N-summer
sample_02320.jpg,0.3933065795735895,SRC_004,30.0,61.107468,N-autumn
sample_02321.jpg,0.4622484839809144,SRC_097,0.0,35.318175,N-winter
sample_02322.jpg,0.5223958825501216,SRC_061,50.0,43.110277,N-spring
sample_02323.jpg,0.39441659802720963,SRC_006,-15.0,65.638079,N-spring
sample_02324.jpg,0.4029510836346756,SRC_056,-40.0,74.660587,N-summer
sample_02325.jpg,0.3832380589003295,SRC_066,-10.0,61.81065,N-summer
sample_02326.jpg,0.4926554608926139,SRC_124,0.0,51.928413,N-summer
sample_02327.jpg,0.3997221808686178,SRC_156,10.0,48.737382,N-summer
sample_02328.jpg,0.5073211877102596,SRC_074,0.0,50.25459,N-spring
sample_02329.jpg,0.40230056184109914,SRC_016,10.0,55.552023,N-winter
sample_02330.jpg,0.4810807986250375,SRC_099,15.0,42.024472,N-spring
sample_02331.jpg,0.37838274965818625,SRC_082,-10.0,60.444036,N-spring
sample_02332.jpg,0.46740301861145905,SRC_123,0.0,54.598149,N-autumn
sample_02333.jpg,0.42188265459024954,SRC_122,-5.0,57.310506,N-summer
sample_02334.jpg,0.481090874831099,SRC_027,35.0,41.369436,N-spring
sample_02335.jpg,0.51592690670437,SRC_096,25.0,40.422288,N-spring
sample_02336.jpg,0.5027152131851842,SRC_009,-25.0,73.827745,N-spring
sample_02337.jpg,0.3772703197329276,SRC_076,25.0,63.632584,N-autumn
sample_02338.jpg,0.47051398840444963,SRC_069,25.0,48.120522,N-summer
sample_02339.jpg,0.47148688780692344,SRC_106,25.0,40.638999,N-spring
sample_02340.jpg,0.39843860101064815,SRC_004,30.0,61.107468,N-autumn
sample_02341.jpg,0.3711570052958634,SRC_108,-40.0,68.856247,N-summer
sample_02342.jpg,0.39284327972404043,SRC_030,-25.0,67.936804,N-spring
sample_02343.jpg,0.4006841052621447,SRC_069,25.0,48.120522,N-summer
sample_02344.jpg,0.5140824907094099,SRC_083,0.0,55.378885,N-spring
sample_02345.jpg,0.402129753278183,SRC_103,-35.0,57.090396,N-autumn
sample_02346.jpg,0.42322782727506525,SRC_144,-35.0,76.731052,N-spring
sample_02347.jpg,0.43484883386452955,SRC_165,10.0,42.451267,N-winter
sample_02348.jpg,0.4182740452283257,SRC_133,-10.0,48.887369,N-spring
sample_02349.jpg,0.39770327327017674,SRC_091,-40.0,72.511342,N-summer
sample_02350.jpg,0.48949776836826475,SRC_081,-90.0,74.772433,N-autumn
sample_02351.jpg,0.39691211009565436,SRC_089,10.0,48.442522,N-winter
sample_02352.jpg,0.4005221164310161,SRC_011,-20.0,70.371153,N-summer
sample_02353.jpg,0.48446190650662524,SRC_112,-30.0,67.516648,N-spring
sample_02354.jpg,0.38091835342896596,SRC_037,15.0,44.468297,N-spring
sample_02355.jpg,0.3895289383896708,SRC_042,10.0,36.92431,N-spring
sample_02356.jpg,0.379869171861272,SRC_114,-10.0,58.176498,N-autumn
sample_02357.jpg,0.4050181077319842,SRC_112,-30.0,67.516648,N-spring
sample_02358.jpg,0.40357346491393853,SRC_144,-35.0,76.731052,N-spring
sample_02359.jpg,0.39835096838549366,SRC_146,10.0,58.0428,N-summer
sample_02360.jpg,0.38547289035980425,SRC_013,50.0,54.051464,N-spring
sample_02361.jpg,0.5115852151065737,SRC_071,20.0,40.070501,N-spring
sample_02362.jpg,0.39202920462856605,SRC_172,55.0,47.744159,N-summer
sample_02363.jpg,0.392125695301216,SRC_075,-90.0,65.329336,N-winter
sample_02364.jpg,0.40634691787118815,SRC_077,-5.0,34.299081,N-winter
sample_02365.jpg,0.4411915985354626,SRC_061,50.0,43.110277,N-spring
sample_02366.jpg,0.39230332899593384,SRC_013,50.0,54.051464,N-spring
sample_02367.jpg,0.48622018670719047,SRC_070,60.0,58.788969,N-summer
sample_02368.jpg,0.480712835085421,SRC_129,20.0,41.057252,N-spring
sample_02369.jpg,0.41546396652932216,SRC_159,20.0,67.076816,N-autumn
sample_02370.jpg,0.4293644522702692,SRC_058,30.0,69.060883,N-autumn
sample_02371.jpg,0.39854724995514257,SRC_109,50.0,54.137665,N-summer
sample_02372.jpg,0.3933745435095772,SRC_136,-35.0,76.922409,N-spring
sample_02373.jpg,0.40976280678820015,SRC_111,-35.0,79.069883,N-spring
sample_02374.jpg,0.38561977621311777,SRC_169,40.0,48.615664,N-summer
sample_02375.jpg,0.397567496952351,SRC_040,90.0,57.651744,N-spring
sample_02376.jpg,0.45340979892884326,SRC_154,0.0,54.770875,N-summer
sample_02377.jpg,0.3937990883793961,SRC_011,-20.0,70.371153,N-summer
sample_02378.jpg,0.40688359964972853,SRC_009,-25.0,73.827745,N-spring
sample_02379.jpg,0.387908937208998,SRC_084,-10.0,58.957849,N-summer
sample_02380.jpg,0.3852040434143076,SRC_030,-25.0,67.936804,N-spring
sample_02381.jpg,0.39059602600805227,SRC_108,-40.0,68.856247,N-summer
sample_02382.jpg,0.4776412117358563,SRC_075,-90.0,65.329336,N-winter
sample_02383.jpg,0.381543924421145,SRC_063,25.0,41.329237,N-spring
sample_02384.jpg,0.40350070810221855,SRC_006,-15.0,65.638079,N-spring
sample_02385.jpg,0.43085155759150046,SRC_103,-35.0,57.090396,N-autumn
sample_02386.jpg,0.3793408642440137,SRC_157,40.0,44.22455,N-summer
sample_02387.jpg,0.3778944356341064,SRC_037,15.0,44.468297,N-spring
sample_02388.jpg,0.3799311640169017,SRC_037,15.0,44.468297,N-spring
sample_02389.jpg,0.3782427565992206,SRC_100,20.0,41.506528,N-spring
sample_02390.jpg,0.42960015936239576,SRC_103,-35.0,57.090396,N-autumn
sample_02391.jpg,0.47828855036932605,SRC_009,-25.0,73.827745,N-spring
sample_02392.jpg,0.40770506516194993,SRC_009,-25.0,73.827745,N-spring
sample_02393.jpg,0.41067972747546977,SRC_150,10.0,50.798821,N-summer
sample_02394.jpg,0.40198514423008813,SRC_137,-5.0,45.053172,N-spring
sample_02395.jpg,0.513066587652057,SRC_154,0.0,54.770875,N-summer
sample_02396.jpg,0.501861853437616,SRC_026,90.0,57.238404,N-spring
sample_02397.jpg,0.36229362185724706,SRC_083,0.0,55.378885,N-spring
sample_02398.jpg,0.4972521748206047,SRC_139,40.0,53.533251,N-winter
sample_02399.jpg,0.4954355088268064,SRC_044,-90.0,81.862162,N-autumn
sample_02400.jpg,0.3911769735845352,SRC_112,-30.0,67.516648,N-spring
sample_02401.jpg,0.3912141178763838,SRC_103,-35.0,57.090396,N-autumn
sample_02402.jpg,0.38973005519868853,SRC_107,20.0,65.68027,N-autumn
sample_02403.jpg,0.5204214181348126,SRC_047,0.0,48.028677,N-spring
sample_02404.jpg,0.5062548101814294,SRC_111,-35.0,79.069883,N-spring
sample_02405.jpg,0.40419496995585613,SRC_103,-35.0,57.090396,N-autumn
sample_02406.jpg,0.5172546635051657,SRC_095,-20.0,56.495654,N-spring
sample_02407.jpg,0.38973007381426805,SRC_076,25.0,63.632584,N-autumn
sample_02408.jpg,0.4671367556393381,SRC_006,-15.0,65.638079,N-spring
sample_02409.jpg,0.5042630469361035,SRC_009,-25.0,73.827745,N-spring
sample_02410.jpg,0.3953821228805564,SRC_016,10.0,55.552023,N-winter
sample_02411.jpg,0.39930775356959536,SRC_093,-25.0,43.343655,N-autumn
sample_02412.jpg,0.4105838507507661,SRC_067,-15.0,64.724247,N-spring
sample_02413.jpg,0.5182656228629818,SRC_090,50.0,47.196626,N-summer
sample_02414.jpg,0.42035605162654255,SRC_032,-5.0,52.490186,N-spring
sample_02415.jpg,0.5046058991217286,SRC_074,0.0,50.25459,N-spring
sample_02416.jpg,0.43547961823016423,SRC_008,25.0,61.005891,N-autumn
sample_02417.jpg,0.3955259187337713,SRC_009,-25.0,73.827745,N-spring
sample_02418.jpg,0.3966164030172835,SRC_009,-25.0,73.827745,N-spring
sample_02419.jpg,0.3725041444009995,SRC_141,-10.0,55.206291,N-spring
sample_02420.jpg,0.4587332023520328,SRC_026,90.0,57.238404,N-spring
sample_02421.jpg,0.505248549966747,SRC_054,5.0,37.41608,N-winter
sample_02422.jpg,0.37781498360690097,SRC_108,-40.0,68.856247,N-summer
sample_02423.jpg,0.5431225809805282,SRC_056,-40.0,74.660587,N-summer
sample_02424.jpg,0.3935957608843218,SRC_007,20.0,49.485932,N-winter
sample_02425.jpg,0.4449630989031327,SRC_059,15.0,48.046698,N-summer
sample_02426.jpg,0.38395538536083,SRC_030,-25.0,67.936804,N-spring
sample_02427.jpg,0.397929577906485,SRC_088,0.0,53.004483,N-summer
sample_02428.jpg,0.40207719530614516,SRC_115,25.0,41.8845,N-spring
sample_02429.jpg,0.4316807415669374,SRC_162,-90.0,77.7898,N-winter
sample_02430.jpg,0.4209989207094241,SRC_020,35.0,42.075965,N-summer
sample_02431.jpg,0.4782463455911989,SRC_011,-20.0,70.371153,N-summer
sample_02432.jpg,0.48766463739952987,SRC_075,-90.0,65.329336,N-winter
sample_02433.jpg,0.3940955263950196,SRC_006,-15.0,65.638079,N-spring
sample_02434.jpg,0.3745909352838126,SRC_108,-40.0,68.856247,N-summer
sample_02435.jpg,0.46768720918589446,SRC_158,-5.0,35.954137,N-winter
sample_02436.jpg,0.3809675683311543,SRC_052,5.0,51.705435,N-summer
sample_02437.jpg,0.4140979658775884,SRC_042,10.0,36.92431,N-spring
sample_02438.jpg,0.3793905151333807,SRC_041,15.0,46.712049,N-summer
sample_02439.jpg,0.39481351506868456,SRC_018,-90.0,67.882485,N-winter
sample_02440.jpg,0.4131319996923593,SRC_071,20.0,40.070501,N-spring
sample_02441.jpg,0.4965736102473439,SRC_067,-15.0,64.724247,N-spring
sample_02442.jpg,0.3824959242153527,SRC_004,30.0,61.107468,N-autumn
sample_02443.jpg,0.400033515129126,SRC_033,45.0,66.067561,N-summer
sample_02444.jpg,0.40282558637612065,SRC_084,-10.0,58.957849,N-summer
sample_02445.jpg,0.3826949481096475,SRC_140,35.0,44.85556,N-spring
sample_02446.jpg,0.45887194493832456,SRC_055,-5.0,57.335076,N-spring
sample_02447.jpg,0.39401599212472405,SRC_006,-15.0,65.638079,N-spring
sample_02448.jpg,0.3900658800017418,SRC_103,-35.0,57.090396,N-autumn
sample_02449.jpg,0.44005795373046475,SRC_067,-15.0,64.724247,N-spring
sample_02450.jpg,0.40175417655818063,SRC_095,-20.0,56.495654,N-spring
sample_02451.jpg,0.3916864270675453,SRC_076,25.0,63.632584,N-autumn
sample_02452.jpg,0.4538026689122252,SRC_066,-10.0,61.81065,N-summer
sample_02453.jpg,0.3839408022523774,SRC_159,20.0,67.076816,N-autumn
sample_02454.jpg,0.39885208349134105,SRC_074,0.0,50.25459,N-spring
sample_02455.jpg,0.40083852843885326,SRC_103,-35.0,57.090396,N-autumn
sample_02456.jpg,0.4153311400566963,SRC_078,15.0,40.437008,N-spring
sample_02457.jpg,0.5334618438095015,SRC_058,30.0,69.060883,N-autumn
sample_02458.jpg,0.5237086031514202,SRC_086,15.0,43.648742,N-summer
sample_02459.jpg,0.3956901861180608,SRC_067,-15.0,64.724247,N-spring
sample_02460.jpg,0.5060975261684817,SRC_111,-35.0,79.069883,N-spring
sample_02461.jpg,0.4108855987691015,SRC_055,-5.0,57.335076,N-spring
sample_02462.jpg,0.4706419554650008,SRC_011,-20.0,70.371153,N-summer
sample_02463.jpg,0.4007277171008134,SRC_134,-30.0,69.607895,N-spring
sample_02464.jpg,0.3955395901215494,SRC_005,0.0,55.846781,N-summer
sample_02465.jpg,0.4335093636448094,SRC_042,10.0,36.92431,N-spring
sample_02466.jpg,0.38842251244551557,SRC_151,-15.0,63.408071,N-summer
sample_02467.jpg,0.37440595701115237,SRC_114,-10.0,58.176498,N-autumn
sample_02468.jpg,0.4954168142357379,SRC_131,10.0,60.540464,N-autumn
sample_02469.jpg,0.43831726696865525,SRC_104,25.0,45.102036,N-summer
sample_02470.jpg,0.38087404758817944,SRC_057,-5.0,57.599617,N-summer
sample_02471.jpg,0.4862849735882368,SRC_154,0.0,54.770875,N-summer
sample_02472.jpg,0.5289611669641128,SRC_010,90.0,74.440619,N-summer
sample_02473.jpg,0.4106701595346145,SRC_030,-25.0,67.936804,N-spring
sample_02474.jpg,0.52722218233733,SRC_111,-35.0,79.069883,N-spring
sample_02475.jpg,0.3900935186334402,SRC_040,90.0,57.651744,N-spring
sample_02476.jpg,0.4217352597328873,SRC_108,-40.0,68.856247,N-summer
sample_02477.jpg,0.48394990085246414,SRC_104,25.0,45.102036,N-summer
sample_02478.jpg,0.39896382545313924,SRC_040,90.0,57.651744,N-spring
sample_02479.jpg,0.5333074567296183,SRC_011,-20.0,70.371153,N-summer
sample_02480.jpg,0.47732923438365926,SRC_104,25.0,45.102036,N-summer
sample_02481.jpg,0.4046133776079479,SRC_124,0.0,51.928413,N-summer
sample_02482.jpg,0.3972049218696608,SRC_084,-10.0,58.957849,N-summer
sample_02483.jpg,0.49138169039370777,SRC_009,-25.0,73.827745,N-spring
sample_02484.jpg,0.3930776344173427,SRC_109,50.0,54.137665,N-summer
sample_02485.jpg,0.5208589420346688,SRC_092,5.0,57.429528,N-autumn
sample_02486.jpg,0.3797693489563582,SRC_114,-10.0,58.176498,N-autumn
sample_02487.jpg,0.3905505924816615,SRC_004,30.0,61.107468,N-autumn
sample_02488.jpg,0.38671745360945836,SRC_114,-10.0,58.176498,N-autumn
sample_02489.jpg,0.475078385164508,SRC_050,0.0,53.680047,N-summer
sample_02490.jpg,0.47846527379833403,SRC_002,40.0,45.868768,N-summer
sample_02491.jpg,0.3955560494957101,SRC_092,5.0,57.429528,N-autumn
sample_02492.jpg,0.398994849911795,SRC_153,-40.0,43.960452,N-autumn
sample_02493.jpg,0.45588693169354355,SRC_071,20.0,40.070501,N-spring
sample_02494.jpg,0.39198096860242926,SRC_153,-40.0,43.960452,N-autumn
sample_02495.jpg,0.523647412605129,SRC_081,-90.0,74.772433,N-autumn
sample_02496.jpg,0.38463217507827474,SRC_126,-20.0,68.779144,N-summer
sample_02497.jpg,0.3823861665046372,SRC_092,5.0,57.429528,N-autumn
sample_02498.jpg,0.4229265663154663,SRC_159,20.0,67.076816,N-autumn
sample_02499.jpg,0.4829014636697327,SRC_112,-30.0,67.516648,N-spring
sample_02500.jpg,0.4931506929745879,SRC_028,10.0,42.894848,N-spring
sample_02501.jpg,0.4002769195140523,SRC_021,-90.0,68.040851,N-autumn
sample_02502.jpg,0.38680455901905664,SRC_093,-25.0,43.343655,N-autumn
sample_02503.jpg,0.4943694979122683,SRC_124,0.0,51.928413,N-summer
sample_02504.jpg,0.49007649276817594,SRC_030,-25.0,67.936804,N-spring
sample_02505.jpg,0.41807004839444606,SRC_103,-35.0,57.090396,N-autumn
sample_02506.jpg,0.5037423339659344,SRC_156,10.0,48.737382,N-summer
sample_02507.jpg,0.47929386174358635,SRC_059,15.0,48.046698,N-summer
sample_02508.jpg,0.5145923042398883,SRC_135,5.0,41.328761,N-winter
sample_02509.jpg,0.4099110763585537,SRC_089,10.0,48.442522,N-winter
sample_02510.jpg,0.39691315488072215,SRC_092,5.0,57.429528,N-autumn
sample_02511.jpg,0.3787869898625011,SRC_108,-40.0,68.856247,N-summer
sample_02512.jpg,0.4123253799550081,SRC_076,25.0,63.632584,N-autumn
sample_02513.jpg,0.38594328757418006,SRC_061,50.0,43.110277,N-spring
sample_02514.jpg,0.5055489710384884,SRC_146,10.0,58.0428,N-summer
sample_02515.jpg,0.4252465628950999,SRC_133,-10.0,48.887369,N-spring
sample_02516.jpg,0.38638512507412426,SRC_027,35.0,41.369436,N-spring
sample_02517.jpg,0.43707149918626903,SRC_071,20.0,40.070501,N-spring
sample_02518.jpg,0.4002038925721643,SRC_027,35.0,41.369436,N-spring
sample_02519.jpg,0.39194421644925814,SRC_045,-90.0,70.559818,N-autumn
sample_02520.jpg,0.3825340774074463,SRC_013,50.0,54.051464,N-spring
sample_02521.jpg,0.48819939392383194,SRC_074,0.0,50.25459,N-spring
sample_02522.jpg,0.3755745007513048,SRC_013,50.0,54.051464,N-spring
sample_02523.jpg,0.476563183988352,SRC_003,0.0,38.090051,N-spring
sample_02524.jpg,0.3939004226713776,SRC_011,-20.0,70.371153,N-summer
sample_02525.jpg,0.3750827438127894,SRC_108,-40.0,68.856247,N-summer
sample_02526.jpg,0.48939988860371414,SRC_099,15.0,42.024472,N-spring
sample_02527.jpg,0.4027294448238301,SRC_103,-35.0,57.090396,N-autumn
sample_02528.jpg,0.3934352108435325,SRC_108,-40.0,68.856247,N-summer
sample_02529.jpg,0.45492398151109237,SRC_108,-40.0,68.856247,N-summer
sample_02530.jpg,0.3962811305098877,SRC_114,-10.0,58.176498,N-autumn
sample_02531.jpg,0.3914436415268816,SRC_091,-40.0,72.511342,N-summer
sample_02532.jpg,0.41718356546688906,SRC_131,10.0,60.540464,N-autumn
sample_02533.jpg,0.386018880545863,SRC_159,20.0,67.076816,N-autumn
sample_02534.jpg,0.38375085623246824,SRC_042,10.0,36.92431,N-spring
sample_02535.jpg,0.40582809379933743,SRC_123,0.0,54.598149,N-autumn
sample_02536.jpg,0.39309440348921354,SRC_158,-5.0,35.954137,N-winter
sample_02537.jpg,0.49704164165973674,SRC_067,-15.0,64.724247,N-spring
sample_02538.jpg,0.48744662240589876,SRC_021,-90.0,68.040851,N-autumn
sample_02539.jpg,0.5122312145802412,SRC_069,25.0,48.120522,N-summer
sample_02540.jpg,0.48537636368674963,SRC_104,25.0,45.102036,N-summer
sample_02541.jpg,0.4694947259099396,SRC_099,15.0,42.024472,N-spring
sample_02542.jpg,0.513996048005229,SRC_049,5.0,42.94902,N-spring
sample_02543.jpg,0.40492011671992933,SRC_052,5.0,51.705435,N-summer
sample_02544.jpg,0.451458646016465,SRC_047,0.0,48.028677,N-spring
sample_02545.jpg,0.3782494491594256,SRC_056,-40.0,74.660587,N-summer
sample_02546.jpg,0.479711991114449,SRC_004,30.0,61.107468,N-autumn
sample_02547.jpg,0.3875367652116363,SRC_046,0.0,58.061031,N-autumn
sample_02548.jpg,0.39562533191925675,SRC_103,-35.0,57.090396,N-autumn
sample_02549.jpg,0.4060500646173195,SRC_127,-35.0,47.507974,N-autumn
sample_02550.jpg,0.3898059309032504,SRC_075,-90.0,65.329336,N-winter
sample_02551.jpg,0.38757477179851246,SRC_027,35.0,41.369436,N-spring
sample_02552.jpg,0.40607157156580376,SRC_102,-10.0,52.255853,N-spring
sample_02553.jpg,0.5145574564003305,SRC_084,-10.0,58.957849,N-summer
sample_02554.jpg,0.4296562288423492,SRC_168,90.0,64.709631,N-summer
sample_02555.jpg,0.39541011522209224,SRC_168,90.0,64.709631,N-summer
sample_02556.jpg,0.39014194330838864,SRC_041,15.0,46.712049,N-summer
sample_02557.jpg,0.3898011939730142,SRC_108,-40.0,68.856247,N-summer
sample_02558.jpg,0.3993369542673465,SRC_067,-15.0,64.724247,N-spring
sample_02559.jpg,0.39243418152889264,SRC_035,0.0,56.990187,N-autumn
sample_02560.jpg,0.40642334021497656,SRC_123,0.0,54.598149,N-autumn
sample_02561.jpg,0.4399756553849431,SRC_108,-40.0,68.856247,N-summer
sample_02562.jpg,0.42185410748699076,SRC_059,15.0,48.046698,N-summer
sample_02563.jpg,0.4577685549437832,SRC_111,-35.0,79.069883,N-spring
sample_02564.jpg,0.39310668654154335,SRC_040,90.0,57.651744,N-spring
sample_02565.jpg,0.49727233820936145,SRC_118,35.0,49.493581,N-summer
sample_02566.jpg,0.43617315159969144,SRC_159,20.0,67.076816,N-autumn
sample_02567.jpg,0.3934983579677207,SRC_103,-35.0,57.090396,N-autumn
sample_02568.jpg,0.39559353771683015,SRC_125,-5.0,52.428603,N-spring
sample_02569.jpg,0.489347307439241,SRC_167,90.0,58.639078,N-summer
sample_02570.jpg,0.48199213478735975,SRC_058,30.0,69.060883,N-autumn
sample_02571.jpg,0.4273528362482395,SRC_108,-40.0,68.856247,N-summer
sample_02572.jpg,0.41394287759166826,SRC_097,0.0,35.318175,N-winter
sample_02573.jpg,0.5072310928404111,SRC_147,50.0,51.835813,N-summer
sample_02574.jpg,0.38522175787082746,SRC_066,-10.0,61.81065,N-summer
sample_02575.jpg,0.3920335000798144,SRC_087,0.0,54.65824,N-summer
sample_02576.jpg,0.3916593884485566,SRC_051,20.0,63.609319,N-autumn
sample_02577.jpg,0.39577483342746517,SRC_103,-35.0,57.090396,N-autumn
sample_02578.jpg,0.39199778348919867,SRC_171,-35.0,63.65778,N-spring
sample_02579.jpg,0.41247068426537153,SRC_115,25.0,41.8845,N-spring
sample_02580.jpg,0.4137905794106427,SRC_111,-35.0,79.069883,N-spring
sample_02581.jpg,0.4010306506290111,SRC_014,-40.0,38.480327,N-winter
sample_02582.jpg,0.41956418485344926,SRC_043,10.0,50.433279,N-summer
sample_02583.jpg,0.39142562468882014,SRC_009,-25.0,73.827745,N-spring
sample_02584.jpg,0.3702764255038288,SRC_099,15.0,42.024472,N-spring
sample_02585.jpg,0.49301788725021095,SRC_097,0.0,35.318175,N-winter
sample_02586.jpg,0.3936978182849019,SRC_008,25.0,61.005891,N-autumn
sample_02587.jpg,0.4318440585102216,SRC_013,50.0,54.051464,N-spring
sample_02588.jpg,0.4143590719857865,SRC_134,-30.0,69.607895,N-spring
sample_02589.jpg,0.40120502636268157,SRC_053,-90.0,74.406575,N-winter
sample_02590.jpg,0.4680364159567453,SRC_092,5.0,57.429528,N-autumn
sample_02591.jpg,0.47030080851999767,SRC_071,20.0,40.070501,N-spring
sample_02592.jpg,0.4624165315071675,SRC_075,-90.0,65.329336,N-winter
sample_02593.jpg,0.38091342301414854,SRC_073,45.0,41.537171,N-spring
sample_02594.jpg,0.40320021027307973,SRC_144,-35.0,76.731052,N-spring
sample_02595.jpg,0.49022148995344467,SRC_130,25.0,37.507656,N-spring
sample_02596.jpg,0.4098443132987006,SRC_092,5.0,57.429528,N-autumn
sample_02597.jpg,0.39705819379662294,SRC_014,-40.0,38.480327,N-winter
sample_02598.jpg,0.5057524206994107,SRC_146,10.0,58.0428,N-summer
sample_02599.jpg,0.4217908295248657,SRC_115,25.0,41.8845,N-spring
sample_02600.jpg,0.39322135630475674,SRC_093,-25.0,43.343655,N-autumn
sample_02601.jpg,0.39046456763668613,SRC_153,-40.0,43.960452,N-autumn
sample_02602.jpg,0.3898607289349446,SRC_076,25.0,63.632584,N-autumn
sample_02603.jpg,0.39819724664366396,SRC_009,-25.0,73.827745,N-spring
sample_02604.jpg,0.4855096043354517,SRC_067,-15.0,64.724247,N-spring
sample_02605.jpg,0.46392858377417967,SRC_142,-30.0,34.276784,N-winter
sample_02606.jpg,0.4106832100485903,SRC_145,-5.0,52.15166,N-spring
sample_02607.jpg,0.5019528465523317,SRC_011,-20.0,70.371153,N-summer
sample_02608.jpg,0.3879652629707889,SRC_087,0.0,54.65824,N-summer
sample_02609.jpg,0.43515768497149077,SRC_113,-35.0,36.668707,N-winter
sample_02610.jpg,0.3854406637153982,SRC_005,0.0,55.846781,N-summer
sample_02611.jpg,0.393165079684277,SRC_067,-15.0,64.724247,N-spring
sample_02612.jpg,0.41143724285849964,SRC_112,-30.0,67.516648,N-spring
sample_02613.jpg,0.42088402579844286,SRC_108,-40.0,68.856247,N-summer
sample_02614.jpg,0.37272873711124677,SRC_106,25.0,40.638999,N-spring
sample_02615.jpg,0.40830281638401084,SRC_124,0.0,51.928413,N-summer
sample_02616.jpg,0.39128334506232,SRC_100,20.0,41.506528,N-spring
sample_02617.jpg,0.5054346994924188,SRC_112,-30.0,67.516648,N-spring
sample_02618.jpg,0.46549388008757414,SRC_104,25.0,45.102036,N-summer
sample_02619.jpg,0.42625229972411277,SRC_116,5.0,41.203028,N-spring
sample_02620.jpg,0.39321050431886384,SRC_085,0.0,39.187341,N-spring
sample_02621.jpg,0.373487926829308,SRC_002,40.0,45.868768,N-summer
sample_02622.jpg,0.40308974666136893,SRC_062,45.0,81.508965,N-autumn
sample_02623.jpg,0.41101608593775313,SRC_102,-10.0,52.255853,N-spring
sample_02624.jpg,0.41603815943231154,SRC_156,10.0,48.737382,N-summer
sample_02625.jpg,0.5405952294860783,SRC_168,90.0,64.709631,N-summer
sample_02626.jpg,0.39309763465058306,SRC_150,10.0,50.798821,N-summer
sample_02627.jpg,0.37531761743785197,SRC_041,15.0,46.712049,N-summer
sample_02628.jpg,0.4915649006548278,SRC_103,-35.0,57.090396,N-autumn
sample_02629.jpg,0.4885488907986719,SRC_005,0.0,55.846781,N-summer
sample_02630.jpg,0.47291676339204064,SRC_009,-25.0,73.827745,N-spring
sample_02631.jpg,0.5234100963659261,SRC_148,-15.0,49.227137,N-autumn
sample_02632.jpg,0.5185690864832777,SRC_027,35.0,41.369436,N-spring
sample_02633.jpg,0.4853409162170559,SRC_050,0.0,53.680047,N-summer
sample_02634.jpg,0.4200112517458602,SRC_168,90.0,64.709631,N-summer
sample_02635.jpg,0.4043483184551868,SRC_058,30.0,69.060883,N-autumn
sample_02636.jpg,0.39941836253954194,SRC_020,35.0,42.075965,N-summer
sample_02637.jpg,0.37812251778524564,SRC_114,-10.0,58.176498,N-autumn
sample_02638.jpg,0.49763391109687777,SRC_069,25.0,48.120522,N-summer
sample_02639.jpg,0.3889236939095999,SRC_084,-10.0,58.957849,N-summer
sample_02640.jpg,0.38284278565777496,SRC_030,-25.0,67.936804,N-spring
sample_02641.jpg,0.3914493552282575,SRC_116,5.0,41.203028,N-spring
sample_02642.jpg,0.42899101376336846,SRC_113,-35.0,36.668707,N-winter
sample_02643.jpg,0.4187656917611,SRC_088,0.0,53.004483,N-summer
sample_02644.jpg,0.39163534653089144,SRC_020,35.0,42.075965,N-summer
sample_02645.jpg,0.405865554255019,SRC_071,20.0,40.070501,N-spring
sample_02646.jpg,0.4123907656015927,SRC_115,25.0,41.8845,N-spring
sample_02647.jpg,0.45165606893700294,SRC_148,-15.0,49.227137,N-autumn
sample_02648.jpg,0.5198243231194496,SRC_015,20.0,46.484204,N-summer
sample_02649.jpg,0.4595735926079943,SRC_122,-5.0,57.310506,N-summer
sample_02650.jpg,0.3938847852564076,SRC_027,35.0,41.369436,N-spring
sample_02651.jpg,0.42134885204358163,SRC_142,-30.0,34.276784,N-winter
sample_02652.jpg,0.4129584559905398,SRC_062,45.0,81.508965,N-autumn
sample_02653.jpg,0.4053676743056166,SRC_067,-15.0,64.724247,N-spring
sample_02654.jpg,0.4392851007835194,SRC_026,90.0,57.238404,N-spring
sample_02655.jpg,0.47872773698528687,SRC_004,30.0,61.107468,N-autumn
sample_02656.jpg,0.4287049531260709,SRC_074,0.0,50.25459,N-spring
sample_02657.jpg,0.49187534980561354,SRC_072,15.0,46.966801,N-winter
sample_02658.jpg,0.4220333373559365,SRC_042,10.0,36.92431,N-spring
sample_02659.jpg,0.4003871872520618,SRC_014,-40.0,38.480327,N-winter
sample_02660.jpg,0.40379983993892876,SRC_152,30.0,40.69576,N-spring
sample_02661.jpg,0.4881075099257292,SRC_067,-15.0,64.724247,N-spring
sample_02662.jpg,0.41483927535233633,SRC_071,20.0,40.070501,N-spring
sample_02663.jpg,0.4976100579461916,SRC_034,40.0,46.055099,N-summer
sample_02664.jpg,0.4207407430551219,SRC_126,-20.0,68.779144,N-summer
sample_02665.jpg,0.44454078110564355,SRC_057,-5.0,57.599617,N-summer
sample_02666.jpg,0.4292750801150538,SRC_115,25.0,41.8845,N-spring
sample_02667.jpg,0.39078421797137913,SRC_022,20.0,41.513642,N-spring
sample_02668.jpg,0.5114577231792391,SRC_081,-90.0,74.772433,N-autumn
sample_02669.jpg,0.4083682821631525,SRC_125,-5.0,52.428603,N-spring
sample_02670.jpg,0.3950632275287409,SRC_009,-25.0,73.827745,N-spring
sample_02671.jpg,0.39385200223642125,SRC_103,-35.0,57.090396,N-autumn
sample_02672.jpg,0.3976095612555247,SRC_046,0.0,58.061031,N-autumn
sample_02673.jpg,0.49739358818663304,SRC_170,-20.0,56.332579,N-autumn
sample_02674.jpg,0.49073584291876093,SRC_061,50.0,43.110277,N-spring
sample_02675.jpg,0.41612852626997016,SRC_011,-20.0,70.371153,N-summer
sample_02676.jpg,0.4074583582251788,SRC_078,15.0,40.437008,N-spring
sample_02677.jpg,0.4140626083407934,SRC_078,15.0,40.437008,N-spring
sample_02678.jpg,0.3933583897604736,SRC_126,-20.0,68.779144,N-summer
sample_02679.jpg,0.5138275290952072,SRC_011,-20.0,70.371153,N-summer
sample_02680.jpg,0.3935122370884624,SRC_080,-25.0,69.726065,N-summer
sample_02681.jpg,0.39500272429448124,SRC_020,35.0,42.075965,N-summer
sample_02682.jpg,0.40659895370426635,SRC_062,45.0,81.508965,N-autumn
sample_02683.jpg,0.3906326218763946,SRC_084,-10.0,58.957849,N-summer
sample_02684.jpg,0.4459491655847899,SRC_111,-35.0,79.069883,N-spring
sample_02685.jpg,0.49760601223405787,SRC_111,-35.0,79.069883,N-spring
sample_02686.jpg,0.4337889745195042,SRC_052,5.0,51.705435,N-summer
sample_02687.jpg,0.3843484280158839,SRC_051,20.0,63.609319,N-autumn
sample_02688.jpg,0.4477465353980352,SRC_061,50.0,43.110277,N-spring
sample_02689.jpg,0.4638972492974028,SRC_059,15.0,48.046698,N-summer
sample_02690.jpg,0.3874328376358058,SRC_151,-15.0,63.408071,N-summer
sample_02691.jpg,0.5352389405226033,SRC_168,90.0,64.709631,N-summer
sample_02692.jpg,0.5113211150019736,SRC_094,20.0,66.934532,N-autumn
sample_02693.jpg,0.39704460078982634,SRC_058,30.0,69.060883,N-autumn
sample_02694.jpg,0.3912063627475283,SRC_013,50.0,54.051464,N-spring
sample_02695.jpg,0.3800930231196328,SRC_005,0.0,55.846781,N-summer
sample_02696.jpg,0.4022558237855328,SRC_136,-35.0,76.922409,N-spring
sample_02697.jpg,0.38156000029179216,SRC_086,15.0,43.648742,N-summer
sample_02698.jpg,0.46912474359409106,SRC_010,90.0,74.440619,N-summer
sample_02699.jpg,0.40221297284415947,SRC_126,-20.0,68.779144,N-summer
sample_02700.jpg,0.4149419343691302,SRC_080,-25.0,69.726065,N-summer
sample_02701.jpg,0.4267377967434228,SRC_165,10.0,42.451267,N-winter
sample_02702.jpg,0.38779834293933835,SRC_043,10.0,50.433279,N-summer
sample_02703.jpg,0.3957999494397883,SRC_005,0.0,55.846781,N-summer
sample_02704.jpg,0.402054827825014,SRC_094,20.0,66.934532,N-autumn
sample_02705.jpg,0.4066637331589204,SRC_006,-15.0,65.638079,N-spring
sample_02706.jpg,0.4038226342413755,SRC_040,90.0,57.651744,N-spring
sample_02707.jpg,0.39377825908259406,SRC_114,-10.0,58.176498,N-autumn
sample_02708.jpg,0.4121885729354018,SRC_088,0.0,53.004483,N-summer
sample_02709.jpg,0.3934127120681129,SRC_103,-35.0,57.090396,N-autumn
sample_02710.jpg,0.42529967511283295,SRC_051,20.0,63.609319,N-autumn
sample_02711.jpg,0.4881009647706369,SRC_165,10.0,42.451267,N-winter
sample_02712.jpg,0.41683696835471445,SRC_133,-10.0,48.887369,N-spring
sample_02713.jpg,0.40784296336748493,SRC_115,25.0,41.8845,N-spring
sample_02714.jpg,0.39777102147844534,SRC_040,90.0,57.651744,N-spring
sample_02715.jpg,0.3988670968753902,SRC_171,-35.0,63.65778,N-spring
sample_02716.jpg,0.3898606720524597,SRC_109,50.0,54.137665,N-summer
sample_02717.jpg,0.39333497292140407,SRC_037,15.0,44.468297,N-spring
sample_02718.jpg,0.38693671702005583,SRC_123,0.0,54.598149,N-autumn
sample_02719.jpg,0.38029642831522464,SRC_099,15.0,42.024472,N-spring
sample_02720.jpg,0.4407663520626374,SRC_026,90.0,57.238404,N-spring
sample_02721.jpg,0.38899992165613895,SRC_091,-40.0,72.511342,N-summer
sample_02722.jpg,0.3852011433166941,SRC_121,25.0,67.446292,N-autumn
sample_02723.jpg,0.3885239985140014,SRC_015,20.0,46.484204,N-summer
sample_02724.jpg,0.399993271247571,SRC_103,-35.0,57.090396,N-autumn
sample_02725.jpg,0.4472687637049194,SRC_006,-15.0,65.638079,N-spring
sample_02726.jpg,0.4492418447846759,SRC_148,-15.0,49.227137,N-autumn
sample_02727.jpg,0.4722393930532142,SRC_150,10.0,50.798821,N-summer
sample_02728.jpg,0.45590193361313586,SRC_148,-15.0,49.227137,N-autumn
sample_02729.jpg,0.41349503726523257,SRC_094,20.0,66.934532,N-autumn
sample_02730.jpg,0.3919698253899237,SRC_076,25.0,63.632584,N-autumn
sample_02731.jpg,0.3801748284474831,SRC_004,30.0,61.107468,N-autumn
sample_02732.jpg,0.3755650265353041,SRC_063,25.0,41.329237,N-spring
sample_02733.jpg,0.44698781766774565,SRC_051,20.0,63.609319,N-autumn
sample_02734.jpg,0.38606212397401446,SRC_092,5.0,57.429528,N-autumn
sample_02735.jpg,0.5218526925555594,SRC_131,10.0,60.540464,N-autumn
sample_02736.jpg,0.3883733189659279,SRC_154,0.0,54.770875,N-summer
sample_02737.jpg,0.44207325912389833,SRC_111,-35.0,79.069883,N-spring
sample_02738.jpg,0.4577717765397785,SRC_055,-5.0,57.335076,N-spring
sample_02739.jpg,0.4197137664920563,SRC_067,-15.0,64.724247,N-spring
sample_02740.jpg,0.49463885502491844,SRC_022,20.0,41.513642,N-spring
sample_02741.jpg,0.4150308206073297,SRC_065,30.0,68.700871,N-winter
sample_02742.jpg,0.3938069781460808,SRC_030,-25.0,67.936804,N-spring
sample_02743.jpg,0.4277565149109826,SRC_165,10.0,42.451267,N-winter
sample_02744.jpg,0.39043312740045355,SRC_115,25.0,41.8845,N-spring
sample_02745.jpg,0.41469329398043675,SRC_062,45.0,81.508965,N-autumn
sample_02746.jpg,0.42773034996634457,SRC_145,-5.0,52.15166,N-spring
sample_02747.jpg,0.5117432808739695,SRC_081,-90.0,74.772433,N-autumn
sample_02748.jpg,0.4214915970503312,SRC_043,10.0,50.433279,N-summer
sample_02749.jpg,0.47771408325792086,SRC_040,90.0,57.651744,N-spring
sample_02750.jpg,0.4736012174977328,SRC_111,-35.0,79.069883,N-spring
sample_02751.jpg,0.4115842574581654,SRC_103,-35.0,57.090396,N-autumn
sample_02752.jpg,0.39733841098244027,SRC_123,0.0,54.598149,N-autumn
sample_02753.jpg,0.38549970753255913,SRC_030,-25.0,67.936804,N-spring
sample_02754.jpg,0.39668975146485497,SRC_124,0.0,51.928413,N-summer
sample_02755.jpg,0.3887218554431867,SRC_030,-25.0,67.936804,N-spring
sample_02756.jpg,0.41691924788393325,SRC_124,0.0,51.928413,N-summer
sample_02757.jpg,0.49846562021703517,SRC_111,-35.0,79.069883,N-spring
sample_02758.jpg,0.4916276143469447,SRC_006,-15.0,65.638079,N-spring
sample_02759.jpg,0.3813794489066197,SRC_114,-10.0,58.176498,N-autumn
sample_02760.jpg,0.5053751102717466,SRC_052,5.0,51.705435,N-summer
sample_02761.jpg,0.3840554509183779,SRC_082,-10.0,60.444036,N-spring
sample_02762.jpg,0.3991810685046153,SRC_036,5.0,52.749586,N-summer
sample_02763.jpg,0.3965870847352656,SRC_165,10.0,42.451267,N-winter
sample_02764.jpg,0.40235567987521803,SRC_040,90.0,57.651744,N-spring
sample_02765.jpg,0.4329042560349121,SRC_111,-35.0,79.069883,N-spring
sample_02766.jpg,0.39531890092760946,SRC_092,5.0,57.429528,N-autumn
sample_02767.jpg,0.3867635933472734,SRC_171,-35.0,63.65778,N-spring
sample_02768.jpg,0.43134039515516137,SRC_067,-15.0,64.724247,N-spring
sample_02769.jpg,0.39770570437937286,SRC_153,-40.0,43.960452,N-autumn
sample_02770.jpg,0.3996322245140957,SRC_078,15.0,40.437008,N-spring
sample_02771.jpg,0.46819349871022614,SRC_069,25.0,48.120522,N-summer
sample_02772.jpg,0.48432681440865305,SRC_069,25.0,48.120522,N-summer
sample_02773.jpg,0.4448994895724482,SRC_047,0.0,48.028677,N-spring
sample_02774.jpg,0.4001682800289371,SRC_009,-25.0,73.827745,N-spring
sample_02775.jpg,0.4852243789357883,SRC_034,40.0,46.055099,N-summer
sample_02776.jpg,0.4603627372613036,SRC_106,25.0,40.638999,N-spring
sample_02777.jpg,0.39127368034056376,SRC_009,-25.0,73.827745,N-spring
sample_02778.jpg,0.38628563606834454,SRC_013,50.0,54.051464,N-spring
sample_02779.jpg,0.38691643947699345,SRC_004,30.0,61.107468,N-autumn
sample_02780.jpg,0.4230950253394026,SRC_148,-15.0,49.227137,N-autumn
sample_02781.jpg,0.4128413290091791,SRC_076,25.0,63.632584,N-autumn
sample_02782.jpg,0.4115804812174183,SRC_076,25.0,63.632584,N-autumn
sample_02783.jpg,0.3893130172367164,SRC_140,35.0,44.85556,N-spring
sample_02784.jpg,0.5047783059036556,SRC_169,40.0,48.615664,N-summer
sample_02785.jpg,0.3926830388304922,SRC_156,10.0,48.737382,N-summer
sample_02786.jpg,0.480543606859165,SRC_124,0.0,51.928413,N-summer
sample_02787.jpg,0.4762111041788387,SRC_069,25.0,48.120522,N-summer
sample_02788.jpg,0.4365162291232926,SRC_162,-90.0,77.7898,N-winter
sample_02789.jpg,0.38710372105899926,SRC_004,30.0,61.107468,N-autumn
sample_02790.jpg,0.5101336626112666,SRC_101,5.0,48.479381,N-winter
sample_02791.jpg,0.39615664809060575,SRC_088,0.0,53.004483,N-summer
sample_02792.jpg,0.39759629070272084,SRC_027,35.0,41.369436,N-spring
sample_02793.jpg,0.37243286153289323,SRC_090,50.0,47.196626,N-summer
sample_02794.jpg,0.41084401601426174,SRC_161,5.0,52.294471,N-summer
sample_02795.jpg,0.38946807563507047,SRC_126,-20.0,68.779144,N-summer
sample_02796.jpg,0.5052858776312572,SRC_009,-25.0,73.827745,N-spring
sample_02797.jpg,0.3886524189575718,SRC_058,30.0,69.060883,N-autumn
sample_02798.jpg,0.5183649537118196,SRC_131,10.0,60.540464,N-autumn
sample_02799.jpg,0.4965625425608707,SRC_165,10.0,42.451267,N-winter
sample_02800.jpg,0.419186533653728,SRC_052,5.0,51.705435,N-summer
sample_02801.jpg,0.3893695770188891,SRC_066,-10.0,61.81065,N-summer
sample_02802.jpg,0.4999633928336397,SRC_013,50.0,54.051464,N-spring
sample_02803.jpg,0.3826434132826818,SRC_042,10.0,36.92431,N-spring
sample_02804.jpg,0.4888672720818475,SRC_166,90.0,60.094207,N-spring
sample_02805.jpg,0.41606547830146046,SRC_144,-35.0,76.731052,N-spring
sample_02806.jpg,0.37517721743840704,SRC_157,40.0,44.22455,N-summer
sample_02807.jpg,0.3967648290529453,SRC_108,-40.0,68.856247,N-summer
sample_02808.jpg,0.4001658557614557,SRC_009,-25.0,73.827745,N-spring
sample_02809.jpg,0.43357985701346385,SRC_042,10.0,36.92431,N-spring
sample_02810.jpg,0.3874908493430868,SRC_158,-5.0,35.954137,N-winter
sample_02811.jpg,0.38891728323358105,SRC_021,-90.0,68.040851,N-autumn
sample_02812.jpg,0.49381805158441044,SRC_169,40.0,48.615664,N-summer
sample_02813.jpg,0.386266331226285,SRC_030,-25.0,67.936804,N-spring
sample_02814.jpg,0.382273177697213,SRC_104,25.0,45.102036,N-summer
sample_02815.jpg,0.5189959367707143,SRC_011,-20.0,70.371153,N-summer
sample_02816.jpg,0.37445052289210734,SRC_006,-15.0,65.638079,N-spring
sample_02817.jpg,0.4254487202724898,SRC_114,-10.0,58.176498,N-autumn
sample_02818.jpg,0.4013658470458517,SRC_085,0.0,39.187341,N-spring
sample_02819.jpg,0.4418939853613069,SRC_067,-15.0,64.724247,N-spring
sample_02820.jpg,0.38544074614457985,SRC_151,-15.0,63.408071,N-summer
sample_02821.jpg,0.48165400428163296,SRC_109,50.0,54.137665,N-summer
sample_02822.jpg,0.38967608445526103,SRC_121,25.0,67.446292,N-autumn
sample_02823.jpg,0.5120473584041745,SRC_094,20.0,66.934532,N-autumn
sample_02824.jpg,0.39166258940564946,SRC_134,-30.0,69.607895,N-spring
sample_02825.jpg,0.3975912696208462,SRC_030,-25.0,67.936804,N-spring
sample_02826.jpg,0.39839410810553666,SRC_004,30.0,61.107468,N-autumn
sample_02827.jpg,0.4027641567772265,SRC_107,20.0,65.68027,N-autumn
sample_02828.jpg,0.3945087351490152,SRC_014,-40.0,38.480327,N-winter
sample_02829.jpg,0.39251589296389094,SRC_099,15.0,42.024472,N-spring
sample_02830.jpg,0.4701706799818418,SRC_143,90.0,68.916652,N-spring
sample_02831.jpg,0.43450020799348865,SRC_097,0.0,35.318175,N-winter
sample_02832.jpg,0.39282433556205476,SRC_067,-15.0,64.724247,N-spring
sample_02833.jpg,0.46257304029583696,SRC_116,5.0,41.203028,N-spring
sample_02834.jpg,0.41463042537609984,SRC_095,-20.0,56.495654,N-spring
sample_02835.jpg,0.387581603634573,SRC_037,15.0,44.468297,N-spring
sample_02836.jpg,0.3901171767652907,SRC_021,-90.0,68.040851,N-autumn
sample_02837.jpg,0.45109644898943896,SRC_108,-40.0,68.856247,N-summer
sample_02838.jpg,0.404945044823611,SRC_100,20.0,41.506528,N-spring
sample_02839.jpg,0.4889469747276318,SRC_006,-15.0,65.638079,N-spring
sample_02840.jpg,0.3885975850265087,SRC_151,-15.0,63.408071,N-summer
sample_02841.jpg,0.44749511636461026,SRC_115,25.0,41.8845,N-spring
sample_02842.jpg,0.408538347473361,SRC_139,40.0,53.533251,N-winter
sample_02843.jpg,0.40050993225077003,SRC_131,10.0,60.540464,N-autumn
sample_02844.jpg,0.5073817752534906,SRC_051,20.0,63.609319,N-autumn
sample_02845.jpg,0.5163455360281143,SRC_111,-35.0,79.069883,N-spring
sample_02846.jpg,0.46282560386206056,SRC_123,0.0,54.598149,N-autumn
sample_02847.jpg,0.3836186794467871,SRC_063,25.0,41.329237,N-spring
sample_02848.jpg,0.3964904380321751,SRC_153,-40.0,43.960452,N-autumn
sample_02849.jpg,0.3939927909715776,SRC_121,25.0,67.446292,N-autumn
sample_02850.jpg,0.38774855679861375,SRC_157,40.0,44.22455,N-summer
sample_02851.jpg,0.3896475335811763,SRC_086,15.0,43.648742,N-summer
sample_02852.jpg,0.4076661081838579,SRC_036,5.0,52.749586,N-summer
sample_02853.jpg,0.41083005438670145,SRC_115,25.0,41.8845,N-spring
sample_02854.jpg,0.5201812846357439,SRC_088,0.0,53.004483,N-summer
sample_02855.jpg,0.37907886036670463,SRC_121,25.0,67.446292,N-autumn
sample_02856.jpg,0.3956396909621084,SRC_158,-5.0,35.954137,N-winter
sample_02857.jpg,0.39486715063063726,SRC_159,20.0,67.076816,N-autumn
sample_02858.jpg,0.4123937931780396,SRC_075,-90.0,65.329336,N-winter
sample_02859.jpg,0.4531198215937963,SRC_150,10.0,50.798821,N-summer
sample_02860.jpg,0.4135652233526459,SRC_051,20.0,63.609319,N-autumn
sample_02861.jpg,0.40823573006125463,SRC_097,0.0,35.318175,N-winter
sample_02862.jpg,0.40708649081433335,SRC_074,0.0,50.25459,N-spring
sample_02863.jpg,0.4101949151840518,SRC_020,35.0,42.075965,N-summer
sample_02864.jpg,0.38325622427007094,SRC_082,-10.0,60.444036,N-spring
sample_02865.jpg,0.4111569804474457,SRC_059,15.0,48.046698,N-summer
sample_02866.jpg,0.433194614081588,SRC_120,90.0,69.983669,N-summer
sample_02867.jpg,0.4052798703067618,SRC_158,-5.0,35.954137,N-winter
sample_02868.jpg,0.3889117589810034,SRC_037,15.0,44.468297,N-spring
sample_02869.jpg,0.38833351051001064,SRC_076,25.0,63.632584,N-autumn
sample_02870.jpg,0.49972311054805296,SRC_071,20.0,40.070501,N-spring
sample_02871.jpg,0.4091165725935567,SRC_158,-5.0,35.954137,N-winter
sample_02872.jpg,0.41284607837329573,SRC_011,-20.0,70.371153,N-summer
sample_02873.jpg,0.4729393824229913,SRC_015,20.0,46.484204,N-summer
sample_02874.jpg,0.38270160508222967,SRC_169,40.0,48.615664,N-summer
sample_02875.jpg,0.38401316559932563,SRC_037,15.0,44.468297,N-spring
sample_02876.jpg,0.39848284381308996,SRC_016,10.0,55.552023,N-winter
sample_02877.jpg,0.4026403971982713,SRC_153,-40.0,43.960452,N-autumn
sample_02878.jpg,0.4895856612676915,SRC_095,-20.0,56.495654,N-spring
sample_02879.jpg,0.5036404008214653,SRC_159,20.0,67.076816,N-autumn
sample_02880.jpg,0.41363781806330674,SRC_103,-35.0,57.090396,N-autumn
sample_02881.jpg,0.39549326631039505,SRC_092,5.0,57.429528,N-autumn
sample_02882.jpg,0.3818011247724316,SRC_091,-40.0,72.511342,N-summer
sample_02883.jpg,0.3789497374269925,SRC_099,15.0,42.024472,N-spring
sample_02884.jpg,0.40286535488243114,SRC_048,-25.0,61.920556,N-autumn
sample_02885.jpg,0.48268402819189726,SRC_027,35.0,41.369436,N-spring
sample_02886.jpg,0.3948098524499545,SRC_027,35.0,41.369436,N-spring
sample_02887.jpg,0.40468967408589185,SRC_112,-30.0,67.516648,N-spring
sample_02888.jpg,0.38960064803648076,SRC_037,15.0,44.468297,N-spring
sample_02889.jpg,0.3902831800805274,SRC_012,-90.0,85.677016,N-autumn
sample_02890.jpg,0.38778221157887016,SRC_139,40.0,53.533251,N-winter
sample_02891.jpg,0.4687927218040467,SRC_099,15.0,42.024472,N-spring
sample_02892.jpg,0.4347083340156077,SRC_131,10.0,60.540464,N-autumn
sample_02893.jpg,0.39409799595338285,SRC_030,-25.0,67.936804,N-spring
sample_02894.jpg,0.3917069323620935,SRC_121,25.0,67.446292,N-autumn
sample_02895.jpg,0.425273966843944,SRC_158,-5.0,35.954137,N-winter
sample_02896.jpg,0.3854818069096806,SRC_004,30.0,61.107468,N-autumn
sample_02897.jpg,0.3900770232650654,SRC_115,25.0,41.8845,N-spring
sample_02898.jpg,0.40821408294711803,SRC_040,90.0,57.651744,N-spring
sample_02899.jpg,0.39659325636416476,SRC_014,-40.0,38.480327,N-winter
sample_02900.jpg,0.4631173847165478,SRC_047,0.0,48.028677,N-spring
sample_02901.jpg,0.4133721365675789,SRC_146,10.0,58.0428,N-summer
sample_02902.jpg,0.4086984684774043,SRC_091,-40.0,72.511342,N-summer
sample_02903.jpg,0.4021175745343393,SRC_037,15.0,44.468297,N-spring
sample_02904.jpg,0.4697047210973174,SRC_142,-30.0,34.276784,N-winter
sample_02905.jpg,0.43514181767163657,SRC_115,25.0,41.8845,N-spring
sample_02906.jpg,0.510494436628781,SRC_081,-90.0,74.772433,N-autumn
sample_02907.jpg,0.41333525386990216,SRC_115,25.0,41.8845,N-spring
sample_02908.jpg,0.39976443509485426,SRC_121,25.0,67.446292,N-autumn
sample_02909.jpg,0.37737177548923584,SRC_063,25.0,41.329237,N-spring
sample_02910.jpg,0.37574336651651863,SRC_086,15.0,43.648742,N-summer
sample_02911.jpg,0.498402999434669,SRC_169,40.0,48.615664,N-summer
sample_02912.jpg,0.40500367910792195,SRC_092,5.0,57.429528,N-autumn
sample_02913.jpg,0.48158819093421573,SRC_126,-20.0,68.779144,N-summer
sample_02914.jpg,0.4259089087582738,SRC_112,-30.0,67.516648,N-spring
sample_02915.jpg,0.43029232601788064,SRC_095,-20.0,56.495654,N-spring
sample_02916.jpg,0.43573825073742567,SRC_142,-30.0,34.276784,N-winter
sample_02917.jpg,0.38980359456368363,SRC_015,20.0,46.484204,N-summer
sample_02918.jpg,0.37968514084297705,SRC_037,15.0,44.468297,N-spring
sample_02919.jpg,0.4154424894224033,SRC_084,-10.0,58.957849,N-summer
sample_02920.jpg,0.3857348839003326,SRC_108,-40.0,68.856247,N-summer
sample_02921.jpg,0.40369262506809134,SRC_139,40.0,53.533251,N-winter
sample_02922.jpg,0.49319925308929397,SRC_109,50.0,54.137665,N-summer
sample_02923.jpg,0.46152247145805525,SRC_145,-5.0,52.15166,N-spring
sample_02924.jpg,0.4077033086497492,SRC_103,-35.0,57.090396,N-autumn
sample_02925.jpg,0.4142812222018348,SRC_088,0.0,53.004483,N-summer
sample_02926.jpg,0.3896228031526602,SRC_074,0.0,50.25459,N-spring
sample_02927.jpg,0.3937702439487635,SRC_030,-25.0,67.936804,N-spring
sample_02928.jpg,0.4260001992094816,SRC_102,-10.0,52.255853,N-spring
sample_02929.jpg,0.3912387368728173,SRC_030,-25.0,67.936804,N-spring
sample_02930.jpg,0.385811091132088,SRC_091,-40.0,72.511342,N-summer
sample_02931.jpg,0.3964694568240834,SRC_021,-90.0,68.040851,N-autumn
sample_02932.jpg,0.4167575920011279,SRC_095,-20.0,56.495654,N-spring
sample_02933.jpg,0.38844798489096993,SRC_013,50.0,54.051464,N-spring
sample_02934.jpg,0.41346134702534665,SRC_046,0.0,58.061031,N-autumn
sample_02935.jpg,0.4146509659474497,SRC_111,-35.0,79.069883,N-spring
sample_02936.jpg,0.4034630045656632,SRC_126,-20.0,68.779144,N-summer
sample_02937.jpg,0.4120645312919846,SRC_009,-25.0,73.827745,N-spring
sample_02938.jpg,0.4312692026683746,SRC_055,-5.0,57.335076,N-spring
sample_02939.jpg,0.4176501761739516,SRC_108,-40.0,68.856247,N-summer
sample_02940.jpg,0.39592015283864984,SRC_046,0.0,58.061031,N-autumn
sample_02941.jpg,0.5229594627612671,SRC_043,10.0,50.433279,N-summer
sample_02942.jpg,0.4346989100892875,SRC_070,60.0,58.788969,N-summer
sample_02943.jpg,0.5239989915014838,SRC_063,25.0,41.329237,N-spring
sample_02944.jpg,0.4981832326512133,SRC_124,0.0,51.928413,N-summer
sample_02945.jpg,0.43732556002785233,SRC_153,-40.0,43.960452,N-autumn
sample_02946.jpg,0.485919899978159,SRC_161,5.0,52.294471,N-summer
sample_02947.jpg,0.41809317163255544,SRC_003,0.0,38.090051,N-spring
sample_02948.jpg,0.38363182658788875,SRC_013,50.0,54.051464,N-spring
sample_02949.jpg,0.3775706701953664,SRC_140,35.0,44.85556,N-spring
sample_02950.jpg,0.40197838788212525,SRC_145,-5.0,52.15166,N-spring
sample_02951.jpg,0.4889975834546772,SRC_165,10.0,42.451267,N-winter
sample_02952.jpg,0.5185894702940831,SRC_047,0.0,48.028677,N-spring
sample_02953.jpg,0.417084190526666,SRC_059,15.0,48.046698,N-summer
sample_02954.jpg,0.4210741230847894,SRC_171,-35.0,63.65778,N-spring
sample_02955.jpg,0.3913667221425718,SRC_030,-25.0,67.936804,N-spring
sample_02956.jpg,0.44269615278399055,SRC_106,25.0,40.638999,N-spring
sample_02957.jpg,0.4347818005966845,SRC_165,10.0,42.451267,N-winter
sample_02958.jpg,0.5059855948501933,SRC_130,25.0,37.507656,N-spring
sample_02959.jpg,0.3949115375539607,SRC_108,-40.0,68.856247,N-summer
sample_02960.jpg,0.4143328144808659,SRC_112,-30.0,67.516648,N-spring
sample_02961.jpg,0.44790041832954214,SRC_026,90.0,57.238404,N-spring
sample_02962.jpg,0.5027271405738037,SRC_107,20.0,65.68027,N-autumn
sample_02963.jpg,0.49710177313793685,SRC_051,20.0,63.609319,N-autumn
sample_02964.jpg,0.5106389404622219,SRC_119,90.0,58.642683,N-spring
sample_02965.jpg,0.43154418163432345,SRC_047,0.0,48.028677,N-spring
sample_02966.jpg,0.4057444806549245,SRC_062,45.0,81.508965,N-autumn
sample_02967.jpg,0.3856675070617865,SRC_027,35.0,41.369436,N-spring
sample_02968.jpg,0.5450207170596348,SRC_058,30.0,69.060883,N-autumn
sample_02969.jpg,0.3869332675981254,SRC_027,35.0,41.369436,N-spring
sample_02970.jpg,0.5119798195769948,SRC_026,90.0,57.238404,N-spring
sample_02971.jpg,0.3840539103129671,SRC_171,-35.0,63.65778,N-spring
sample_02972.jpg,0.38567054663249506,SRC_040,90.0,57.651744,N-spring
sample_02973.jpg,0.412378629950247,SRC_078,15.0,40.437008,N-spring
sample_02974.jpg,0.4770843919186108,SRC_043,10.0,50.433279,N-summer
sample_02975.jpg,0.4178553098417274,SRC_016,10.0,55.552023,N-winter
sample_02976.jpg,0.3955793142164129,SRC_114,-10.0,58.176498,N-autumn
sample_02977.jpg,0.42680432903915316,SRC_038,-15.0,32.097448,N-winter
sample_02978.jpg,0.4926126232949904,SRC_139,40.0,53.533251,N-winter
sample_02979.jpg,0.4561401752483478,SRC_146,10.0,58.0428,N-summer
sample_02980.jpg,0.39884269927626226,SRC_164,20.0,59.226879,N-autumn
sample_02981.jpg,0.3770339145222593,SRC_140,35.0,44.85556,N-spring
sample_02982.jpg,0.3912368662599318,SRC_004,30.0,61.107468,N-autumn
sample_02983.jpg,0.5089818084384122,SRC_104,25.0,45.102036,N-summer
sample_02984.jpg,0.434047822081459,SRC_091,-40.0,72.511342,N-summer
sample_02985.jpg,0.4255481328524079,SRC_103,-35.0,57.090396,N-autumn
sample_02986.jpg,0.40564005918162066,SRC_069,25.0,48.120522,N-summer
sample_02987.jpg,0.3921792970971846,SRC_022,20.0,41.513642,N-spring
sample_02988.jpg,0.38537199684998324,SRC_030,-25.0,67.936804,N-spring
sample_02989.jpg,0.3911754560809766,SRC_150,10.0,50.798821,N-summer
sample_02990.jpg,0.3686576732897999,SRC_123,0.0,54.598149,N-autumn
sample_02991.jpg,0.3873890577356697,SRC_043,10.0,50.433279,N-summer
sample_02992.jpg,0.3919913804369714,SRC_158,-5.0,35.954137,N-winter
sample_02993.jpg,0.4850152845115354,SRC_075,-90.0,65.329336,N-winter
sample_02994.jpg,0.37710082718175986,SRC_108,-40.0,68.856247,N-summer
sample_02995.jpg,0.4004302621818372,SRC_056,-40.0,74.660587,N-summer
sample_02996.jpg,0.39550554582280906,SRC_037,15.0,44.468297,N-spring
sample_02997.jpg,0.4192688920512266,SRC_019,90.0,60.00919,N-summer
sample_02998.jpg,0.4141080384769459,SRC_058,30.0,69.060883,N-autumn
sample_02999.jpg,0.4838640538132621,SRC_011,-20.0,70.371153,N-summer
sample_03000.jpg,0.37864827683379465,SRC_092,5.0,57.429528,N-autumn
sample_03001.jpg,0.4177040307539851,SRC_085,0.0,39.187341,N-spring
sample_03002.jpg,0.5028319254288995,SRC_063,25.0,41.329237,N-spring
sample_03003.jpg,0.40380020444969944,SRC_108,-40.0,68.856247,N-summer
sample_03004.jpg,0.43602150634873327,SRC_142,-30.0,34.276784,N-winter
sample_03005.jpg,0.39100439220716826,SRC_109,50.0,54.137665,N-summer
sample_03006.jpg,0.3832700581015478,SRC_043,10.0,50.433279,N-summer
sample_03007.jpg,0.38504426272802206,SRC_159,20.0,67.076816,N-autumn
sample_03008.jpg,0.4442103868213739,SRC_049,5.0,42.94902,N-spring
sample_03009.jpg,0.3808888534185463,SRC_136,-35.0,76.922409,N-spring
sample_03010.jpg,0.44504623504220564,SRC_104,25.0,45.102036,N-summer
sample_03011.jpg,0.4709940901930928,SRC_168,90.0,64.709631,N-summer
sample_03012.jpg,0.5030232071233265,SRC_148,-15.0,49.227137,N-autumn
sample_03013.jpg,0.4647045609835582,SRC_131,10.0,60.540464,N-autumn
sample_03014.jpg,0.41622372920401124,SRC_098,-45.0,70.730178,N-summer
sample_03015.jpg,0.3918712581283322,SRC_095,-20.0,56.495654,N-spring
sample_03016.jpg,0.3708171158583834,SRC_118,35.0,49.493581,N-summer
sample_03017.jpg,0.39695611756424054,SRC_091,-40.0,72.511342,N-summer
sample_03018.jpg,0.39620929230186885,SRC_121,25.0,67.446292,N-autumn
sample_03019.jpg,0.3810777013340708,SRC_114,-10.0,58.176498,N-autumn
sample_03020.jpg,0.5059522040679253,SRC_132,5.0,51.83727,N-summer
sample_03021.jpg,0.42008151790436765,SRC_063,25.0,41.329237,N-spring
sample_03022.jpg,0.3781753384442275,SRC_056,-40.0,74.660587,N-summer
sample_03023.jpg,0.5259191459184734,SRC_107,20.0,65.68027,N-autumn
sample_03024.jpg,0.4073763314763286,SRC_091,-40.0,72.511342,N-summer
sample_03025.jpg,0.3892630904181247,SRC_030,-25.0,67.936804,N-spring
sample_03026.jpg,0.39520806888398674,SRC_158,-5.0,35.954137,N-winter
sample_03027.jpg,0.3980747319448669,SRC_099,15.0,42.024472,N-spring
sample_03028.jpg,0.40561231718282825,SRC_009,-25.0,73.827745,N-spring
sample_03029.jpg,0.40145685960567157,SRC_124,0.0,51.928413,N-summer
sample_03030.jpg,0.4868163606884618,SRC_091,-40.0,72.511342,N-summer
sample_03031.jpg,0.39988943440058977,SRC_121,25.0,67.446292,N-autumn
sample_03032.jpg,0.3865254679329281,SRC_092,5.0,57.429528,N-autumn
sample_03033.jpg,0.4313742906986838,SRC_144,-35.0,76.731052,N-spring
sample_03034.jpg,0.3706872938791337,SRC_041,15.0,46.712049,N-summer
sample_03035.jpg,0.46332831271400055,SRC_111,-35.0,79.069883,N-spring
sample_03036.jpg,0.416793150147457,SRC_023,-10.0,50.837437,N-spring
sample_03037.jpg,0.39015160604090404,SRC_009,-25.0,73.827745,N-spring
sample_03038.jpg,0.5190656873875346,SRC_118,35.0,49.493581,N-summer
sample_03039.jpg,0.3825305658734925,SRC_126,-20.0,68.779144,N-summer
sample_03040.jpg,0.4156344482302736,SRC_089,10.0,48.442522,N-winter
sample_03041.jpg,0.3881990412596115,SRC_086,15.0,43.648742,N-summer
sample_03042.jpg,0.5128725275356991,SRC_158,-5.0,35.954137,N-winter
sample_03043.jpg,0.40428370423218796,SRC_103,-35.0,57.090396,N-autumn
sample_03044.jpg,0.48338106532843883,SRC_130,25.0,37.507656,N-spring
sample_03045.jpg,0.40206604489067177,SRC_067,-15.0,64.724247,N-spring
sample_03046.jpg,0.3961427911382067,SRC_009,-25.0,73.827745,N-spring
sample_03047.jpg,0.3962541790274007,SRC_059,15.0,48.046698,N-summer
sample_03048.jpg,0.5118233876806362,SRC_126,-20.0,68.779144,N-summer
sample_03049.jpg,0.4076556169907254,SRC_022,20.0,41.513642,N-spring
sample_03050.jpg,0.3862909414106579,SRC_066,-10.0,61.81065,N-summer
sample_03051.jpg,0.45842131583126183,SRC_005,0.0,55.846781,N-summer
sample_03052.jpg,0.41233617573237974,SRC_158,-5.0,35.954137,N-winter
sample_03053.jpg,0.4070783814472576,SRC_009,-25.0,73.827745,N-spring
sample_03054.jpg,0.39319271615410245,SRC_131,10.0,60.540464,N-autumn
sample_03055.jpg,0.3998851174215125,SRC_093,-25.0,43.343655,N-autumn
sample_03056.jpg,0.41123565731791495,SRC_087,0.0,54.65824,N-summer
sample_03057.jpg,0.46165531475785115,SRC_154,0.0,54.770875,N-summer
sample_03058.jpg,0.5202870489601443,SRC_047,0.0,48.028677,N-spring
sample_03059.jpg,0.5149826467055483,SRC_081,-90.0,74.772433,N-autumn
sample_03060.jpg,0.43668099465923016,SRC_168,90.0,64.709631,N-summer
sample_03061.jpg,0.3884248966262843,SRC_141,-10.0,55.206291,N-spring
sample_03062.jpg,0.48814530022876906,SRC_111,-35.0,79.069883,N-spring
sample_03063.jpg,0.4000551436332908,SRC_144,-35.0,76.731052,N-spring
sample_03064.jpg,0.3908346718297303,SRC_009,-25.0,73.827745,N-spring
sample_03065.jpg,0.4888597066322484,SRC_146,10.0,58.0428,N-summer
sample_03066.jpg,0.3913195304497293,SRC_100,20.0,41.506528,N-spring
sample_03067.jpg,0.44015076799642594,SRC_133,-10.0,48.887369,N-spring
sample_03068.jpg,0.4010438026017608,SRC_092,5.0,57.429528,N-autumn
sample_03069.jpg,0.39476848406128806,SRC_021,-90.0,68.040851,N-autumn
sample_03070.jpg,0.43590046839659263,SRC_115,25.0,41.8845,N-spring
sample_03071.jpg,0.415488555197802,SRC_123,0.0,54.598149,N-autumn
sample_03072.jpg,0.37915709056286545,SRC_157,40.0,44.22455,N-summer
sample_03073.jpg,0.38781202071678755,SRC_012,-90.0,85.677016,N-autumn
sample_03074.jpg,0.41516448588396615,SRC_040,90.0,57.651744,N-spring
sample_03075.jpg,0.3936944478411071,SRC_103,-35.0,57.090396,N-autumn
sample_03076.jpg,0.47858828640963547,SRC_110,90.0,59.038071,N-summer
sample_03077.jpg,0.3953657843429366,SRC_085,0.0,39.187341,N-spring
sample_03078.jpg,0.428416667815242,SRC_027,35.0,41.369436,N-spring
sample_03079.jpg,0.4917036713340052,SRC_071,20.0,40.070501,N-spring
sample_03080.jpg,0.4772933144169582,SRC_094,20.0,66.934532,N-autumn
sample_03081.jpg,0.392209144819349,SRC_005,0.0,55.846781,N-summer
sample_03082.jpg,0.38695657506558356,SRC_096,25.0,40.422288,N-spring
sample_03083.jpg,0.3964805759505338,SRC_016,10.0,55.552023,N-winter
sample_03084.jpg,0.38110489821578997,SRC_030,-25.0,67.936804,N-spring
sample_03085.jpg,0.38095188660921375,SRC_134,-30.0,69.607895,N-spring
sample_03086.jpg,0.4225346376347444,SRC_148,-15.0,49.227137,N-autumn
sample_03087.jpg,0.4244911258213605,SRC_067,-15.0,64.724247,N-spring
sample_03088.jpg,0.3843442039669812,SRC_041,15.0,46.712049,N-summer
sample_03089.jpg,0.38877952615641237,SRC_103,-35.0,57.090396,N-autumn
sample_03090.jpg,0.5235968536520816,SRC_094,20.0,66.934532,N-autumn
sample_03091.jpg,0.4631437834498667,SRC_055,-5.0,57.335076,N-spring
sample_03092.jpg,0.39672728805115487,SRC_065,30.0,68.700871,N-winter
sample_03093.jpg,0.3795975871791334,SRC_159,20.0,67.076816,N-autumn
sample_03094.jpg,0.507333376570393,SRC_101,5.0,48.479381,N-winter
sample_03095.jpg,0.45305637029426543,SRC_026,90.0,57.238404,N-spring
sample_03096.jpg,0.394988800289273,SRC_006,-15.0,65.638079,N-spring
sample_03097.jpg,0.44796321292032487,SRC_061,50.0,43.110277,N-spring
sample_03098.jpg,0.3941908102563262,SRC_013,50.0,54.051464,N-spring
sample_03099.jpg,0.3734672947383516,SRC_042,10.0,36.92431,N-spring
sample_03100.jpg,0.4036617399038551,SRC_051,20.0,63.609319,N-autumn
sample_03101.jpg,0.39650564148453593,SRC_011,-20.0,70.371153,N-summer
sample_03102.jpg,0.4124587318258407,SRC_009,-25.0,73.827745,N-spring
sample_03103.jpg,0.4184059384478626,SRC_042,10.0,36.92431,N-spring
sample_03104.jpg,0.4685042709332329,SRC_061,50.0,43.110277,N-spring
sample_03105.jpg,0.42086630007006426,SRC_123,0.0,54.598149,N-autumn
sample_03106.jpg,0.5284402924866116,SRC_135,5.0,41.328761,N-winter
sample_03107.jpg,0.4126295578933097,SRC_168,90.0,64.709631,N-summer
sample_03108.jpg,0.4281477796143718,SRC_088,0.0,53.004483,N-summer
sample_03109.jpg,0.4516842508504377,SRC_063,25.0,41.329237,N-spring
sample_03110.jpg,0.3982882473078375,SRC_014,-40.0,38.480327,N-winter
sample_03111.jpg,0.4814098701499231,SRC_004,30.0,61.107468,N-autumn
sample_03112.jpg,0.5238958319784803,SRC_108,-40.0,68.856247,N-summer
sample_03113.jpg,0.4572604089143698,SRC_047,0.0,48.028677,N-spring
sample_03114.jpg,0.37955012413009265,SRC_063,25.0,41.329237,N-spring
sample_03115.jpg,0.4029147019018038,SRC_052,5.0,51.705435,N-summer
sample_03116.jpg,0.47794275405370357,SRC_023,-10.0,50.837437,N-spring
sample_03117.jpg,0.39856448926349286,SRC_076,25.0,63.632584,N-autumn
sample_03118.jpg,0.5021373198014089,SRC_155,-5.0,59.117539,N-summer
sample_03119.jpg,0.40363456331483427,SRC_091,-40.0,72.511342,N-summer
sample_03120.jpg,0.4282003372991432,SRC_051,20.0,63.609319,N-autumn
sample_03121.jpg,0.4377178660360331,SRC_116,5.0,41.203028,N-spring
sample_03122.jpg,0.41722127147945975,SRC_115,25.0,41.8845,N-spring
sample_03123.jpg,0.40720587952018594,SRC_108,-40.0,68.856247,N-summer
sample_03124.jpg,0.3861435967256835,SRC_108,-40.0,68.856247,N-summer
sample_03125.jpg,0.4907352576661374,SRC_112,-30.0,67.516648,N-spring
sample_03126.jpg,0.46183153704764407,SRC_065,30.0,68.700871,N-winter
sample_03127.jpg,0.5101467449544907,SRC_066,-10.0,61.81065,N-summer
sample_03128.jpg,0.39764230283786095,SRC_103,-35.0,57.090396,N-autumn
sample_03129.jpg,0.38757468548537277,SRC_093,-25.0,43.343655,N-autumn
sample_03130.jpg,0.38743140541328025,SRC_029,-5.0,45.485648,N-autumn
sample_03131.jpg,0.4738422662644294,SRC_133,-10.0,48.887369,N-spring
sample_03132.jpg,0.407867433190334,SRC_144,-35.0,76.731052,N-spring
sample_03133.jpg,0.442261556121802,SRC_151,-15.0,63.408071,N-summer
sample_03134.jpg,0.37061068598559366,SRC_063,25.0,41.329237,N-spring
sample_03135.jpg,0.46601130050173756,SRC_027,35.0,41.369436,N-spring
sample_03136.jpg,0.513687671631329,SRC_028,10.0,42.894848,N-spring
sample_03137.jpg,0.5146216272220828,SRC_168,90.0,64.709631,N-summer
sample_03138.jpg,0.45541216147228425,SRC_168,90.0,64.709631,N-summer
sample_03139.jpg,0.4400209020690726,SRC_111,-35.0,79.069883,N-spring
sample_03140.jpg,0.3884000066215381,SRC_108,-40.0,68.856247,N-summer
sample_03141.jpg,0.40013555846515975,SRC_096,25.0,40.422288,N-spring
sample_03142.jpg,0.395752940452788,SRC_037,15.0,44.468297,N-spring
sample_03143.jpg,0.39920652627058134,SRC_063,25.0,41.329237,N-spring
sample_03144.jpg,0.39379061224918516,SRC_103,-35.0,57.090396,N-autumn
sample_03145.jpg,0.3770922562308868,SRC_057,-5.0,57.599617,N-summer
sample_03146.jpg,0.492899786062137,SRC_035,0.0,56.990187,N-autumn
sample_03147.jpg,0.5207577561991185,SRC_058,30.0,69.060883,N-autumn
sample_03148.jpg,0.3888030901146932,SRC_009,-25.0,73.827745,N-spring
sample_03149.jpg,0.3781936380285355,SRC_056,-40.0,74.660587,N-summer
sample_03150.jpg,0.41541896248726584,SRC_102,-10.0,52.255853,N-spring
sample_03151.jpg,0.3931091289460932,SRC_149,90.0,55.701783,N-summer
sample_03152.jpg,0.4080410475976527,SRC_021,-90.0,68.040851,N-autumn
sample_03153.jpg,0.43133264729442855,SRC_148,-15.0,49.227137,N-autumn
sample_03154.jpg,0.3990907960626978,SRC_063,25.0,41.329237,N-spring
sample_03155.jpg,0.37833028012031694,SRC_034,40.0,46.055099,N-summer
sample_03156.jpg,0.40832674460298624,SRC_020,35.0,42.075965,N-summer
sample_03157.jpg,0.4926544754775441,SRC_013,50.0,54.051464,N-spring
sample_03158.jpg,0.4407759997538759,SRC_168,90.0,64.709631,N-summer
sample_03159.jpg,0.4140129203040379,SRC_108,-40.0,68.856247,N-summer
sample_03160.jpg,0.3804092507554797,SRC_084,-10.0,58.957849,N-summer
sample_03161.jpg,0.4237936823094482,SRC_095,-20.0,56.495654,N-spring
sample_03162.jpg,0.46876111836032014,SRC_070,60.0,58.788969,N-summer
sample_03163.jpg,0.3985130315816645,SRC_018,-90.0,67.882485,N-winter
sample_03164.jpg,0.40681449202855247,SRC_108,-40.0,68.856247,N-summer
sample_03165.jpg,0.4176757645042025,SRC_091,-40.0,72.511342,N-summer
sample_03166.jpg,0.4399970955358484,SRC_078,15.0,40.437008,N-spring
sample_03167.jpg,0.4825874822986943,SRC_011,-20.0,70.371153,N-summer
sample_03168.jpg,0.41802395018801886,SRC_040,90.0,57.651744,N-spring
sample_03169.jpg,0.4037865664176115,SRC_042,10.0,36.92431,N-spring
sample_03170.jpg,0.38854603879569816,SRC_085,0.0,39.187341,N-spring
sample_03171.jpg,0.5001722389412593,SRC_010,90.0,74.440619,N-summer
sample_03172.jpg,0.39222034443269427,SRC_108,-40.0,68.856247,N-summer
sample_03173.jpg,0.5181415643174667,SRC_131,10.0,60.540464,N-autumn
sample_03174.jpg,0.5006834888045395,SRC_014,-40.0,38.480327,N-winter
sample_03175.jpg,0.4014491563945313,SRC_112,-30.0,67.516648,N-spring
sample_03176.jpg,0.3934571715871741,SRC_121,25.0,67.446292,N-autumn
sample_03177.jpg,0.48317777651555405,SRC_134,-30.0,69.607895,N-spring
sample_03178.jpg,0.509552103998448,SRC_165,10.0,42.451267,N-winter
sample_03179.jpg,0.3881319452209091,SRC_084,-10.0,58.957849,N-summer
sample_03180.jpg,0.3928175627044262,SRC_096,25.0,40.422288,N-spring
sample_03181.jpg,0.37347838134899825,SRC_037,15.0,44.468297,N-spring
sample_03182.jpg,0.39524341287444564,SRC_158,-5.0,35.954137,N-winter
sample_03183.jpg,0.45879574336268003,SRC_101,5.0,48.479381,N-winter
sample_03184.jpg,0.4959282757589688,SRC_013,50.0,54.051464,N-spring
sample_03185.jpg,0.4209851566589985,SRC_148,-15.0,49.227137,N-autumn
sample_03186.jpg,0.38293756446006455,SRC_011,-20.0,70.371153,N-summer
sample_03187.jpg,0.3953021842374803,SRC_115,25.0,41.8845,N-spring
sample_03188.jpg,0.4192400559723672,SRC_112,-30.0,67.516648,N-spring
sample_03189.jpg,0.515481265781143,SRC_146,10.0,58.0428,N-summer
sample_03190.jpg,0.40142616086907434,SRC_139,40.0,53.533251,N-winter
sample_03191.jpg,0.3754864726676279,SRC_140,35.0,44.85556,N-spring
sample_03192.jpg,0.37570317970974615,SRC_108,-40.0,68.856247,N-summer
sample_03193.jpg,0.524826990119617,SRC_094,20.0,66.934532,N-autumn
sample_03194.jpg,0.43679104785676504,SRC_077,-5.0,34.299081,N-winter
sample_03195.jpg,0.5105583304129684,SRC_126,-20.0,68.779144,N-summer
sample_03196.jpg,0.4017492551304135,SRC_164,20.0,59.226879,N-autumn
sample_03197.jpg,0.3712710652926515,SRC_063,25.0,41.329237,N-spring
sample_03198.jpg,0.44642665307934426,SRC_153,-40.0,43.960452,N-autumn
sample_03199.jpg,0.40025032080785683,SRC_082,-10.0,60.444036,N-spring
sample_03200.jpg,0.4540718605987812,SRC_083,0.0,55.378885,N-spring
sample_03201.jpg,0.3981523420249979,SRC_094,20.0,66.934532,N-autumn
sample_03202.jpg,0.48000193934148755,SRC_121,25.0,67.446292,N-autumn
sample_03203.jpg,0.3866525685593179,SRC_030,-25.0,67.936804,N-spring
sample_03204.jpg,0.39713445904214795,SRC_063,25.0,41.329237,N-spring
sample_03205.jpg,0.37899533933747037,SRC_140,35.0,44.85556,N-spring
sample_03206.jpg,0.5012496640053965,SRC_096,25.0,40.422288,N-spring
sample_03207.jpg,0.39226576153239356,SRC_121,25.0,67.446292,N-autumn
sample_03208.jpg,0.4206561033126241,SRC_126,-20.0,68.779144,N-summer
sample_03209.jpg,0.39310903755166693,SRC_030,-25.0,67.936804,N-spring
sample_03210.jpg,0.3831634476482312,SRC_169,40.0,48.615664,N-summer
sample_03211.jpg,0.38033147223216746,SRC_013,50.0,54.051464,N-spring
sample_03212.jpg,0.39810603166531255,SRC_104,25.0,45.102036,N-summer
sample_03213.jpg,0.4058231027153081,SRC_114,-10.0,58.176498,N-autumn
sample_03214.jpg,0.3985075906731011,SRC_121,25.0,67.446292,N-autumn
sample_03215.jpg,0.42127831597272997,SRC_026,90.0,57.238404,N-spring
sample_03216.jpg,0.39973724349073597,SRC_027,35.0,41.369436,N-spring
sample_03217.jpg,0.4131767274719883,SRC_007,20.0,49.485932,N-winter
sample_03218.jpg,0.4840307117579263,SRC_061,50.0,43.110277,N-spring
sample_03219.jpg,0.4132752040526551,SRC_006,-15.0,65.638079,N-spring
sample_03220.jpg,0.3945672418641412,SRC_109,50.0,54.137665,N-summer
sample_03221.jpg,0.4248538198112592,SRC_063,25.0,41.329237,N-spring
sample_03222.jpg,0.41404065349289143,SRC_058,30.0,69.060883,N-autumn
sample_03223.jpg,0.3817391798988035,SRC_157,40.0,44.22455,N-summer
sample_03224.jpg,0.3987713856020778,SRC_097,0.0,35.318175,N-winter
sample_03225.jpg,0.5234164512289797,SRC_039,90.0,70.63275,N-summer
sample_03226.jpg,0.5209359949755603,SRC_074,0.0,50.25459,N-spring
sample_03227.jpg,0.41134682394524835,SRC_124,0.0,51.928413,N-summer
sample_03228.jpg,0.41047372096121915,SRC_010,90.0,74.440619,N-summer
sample_03229.jpg,0.4327911790367384,SRC_058,30.0,69.060883,N-autumn
sample_03230.jpg,0.4599360379421851,SRC_071,20.0,40.070501,N-spring
sample_03231.jpg,0.4851732362802833,SRC_059,15.0,48.046698,N-summer
sample_03232.jpg,0.3932433047529066,SRC_153,-40.0,43.960452,N-autumn
sample_03233.jpg,0.4533663885367384,SRC_075,-90.0,65.329336,N-winter
sample_03234.jpg,0.38883379170793597,SRC_052,5.0,51.705435,N-summer
sample_03235.jpg,0.3757428520040071,SRC_004,30.0,61.107468,N-autumn
sample_03236.jpg,0.49399347972710694,SRC_169,40.0,48.615664,N-summer
sample_03237.jpg,0.4355805287585796,SRC_026,90.0,57.238404,N-spring
sample_03238.jpg,0.42360023995387924,SRC_115,25.0,41.8845,N-spring
sample_03239.jpg,0.38809619301100906,SRC_146,10.0,58.0428,N-summer
sample_03240.jpg,0.4217773124311483,SRC_144,-35.0,76.731052,N-spring
sample_03241.jpg,0.39481402124559845,SRC_091,-40.0,72.511342,N-summer
sample_03242.jpg,0.4213946473013941,SRC_087,0.0,54.65824,N-summer
sample_03243.jpg,0.40436014594765285,SRC_024,10.0,53.725813,N-summer
sample_03244.jpg,0.4010624864379883,SRC_121,25.0,67.446292,N-autumn
sample_03245.jpg,0.4145694253299016,SRC_089,10.0,48.442522,N-winter
sample_03246.jpg,0.39162848907479864,SRC_171,-35.0,63.65778,N-spring
sample_03247.jpg,0.4155650813418184,SRC_046,0.0,58.061031,N-autumn
sample_03248.jpg,0.5247391385956244,SRC_011,-20.0,70.371153,N-summer
sample_03249.jpg,0.39089277612112217,SRC_052,5.0,51.705435,N-summer
sample_03250.jpg,0.37667063954316876,SRC_114,-10.0,58.176498,N-autumn
sample_03251.jpg,0.3889915002475809,SRC_014,-40.0,38.480327,N-winter
sample_03252.jpg,0.42635663643748345,SRC_115,25.0,41.8845,N-spring
sample_03253.jpg,0.386109941308982,SRC_093,-25.0,43.343655,N-autumn
sample_03254.jpg,0.46534300946267493,SRC_135,5.0,41.328761,N-winter
sample_03255.jpg,0.4823700193811552,SRC_098,-45.0,70.730178,N-summer
sample_03256.jpg,0.4736234308399645,SRC_126,-20.0,68.779144,N-summer
sample_03257.jpg,0.39557744293234876,SRC_042,10.0,36.92431,N-spring
sample_03258.jpg,0.388711455739836,SRC_041,15.0,46.712049,N-summer
sample_03259.jpg,0.377701443700706,SRC_171,-35.0,63.65778,N-spring
sample_03260.jpg,0.38553385371579896,SRC_113,-35.0,36.668707,N-winter
sample_03261.jpg,0.40710608829261147,SRC_076,25.0,63.632584,N-autumn
sample_03262.jpg,0.4328965144036111,SRC_047,0.0,48.028677,N-spring
sample_03263.jpg,0.4187936997701035,SRC_104,25.0,45.102036,N-summer
sample_03264.jpg,0.4977173537233492,SRC_051,20.0,63.609319,N-autumn
sample_03265.jpg,0.4984698358784369,SRC_104,25.0,45.102036,N-summer
sample_03266.jpg,0.39828545415625244,SRC_076,25.0,63.632584,N-autumn
sample_03267.jpg,0.39390804564193216,SRC_133,-10.0,48.887369,N-spring
sample_03268.jpg,0.5103820510671454,SRC_098,-45.0,70.730178,N-summer
sample_03269.jpg,0.39471672593352625,SRC_004,30.0,61.107468,N-autumn
sample_03270.jpg,0.42959560093910054,SRC_145,-5.0,52.15166,N-spring
sample_03271.jpg,0.39826344889986176,SRC_102,-10.0,52.255853,N-spring
sample_03272.jpg,0.3980348662846792,SRC_152,30.0,40.69576,N-spring
sample_03273.jpg,0.3902784240416629,SRC_171,-35.0,63.65778,N-spring
sample_03274.jpg,0.38558754281778257,SRC_083,0.0,55.378885,N-spring
sample_03275.jpg,0.43342974147232016,SRC_126,-20.0,68.779144,N-summer
sample_03276.jpg,0.4372219518218105,SRC_142,-30.0,34.276784,N-winter
sample_03277.jpg,0.4592018353017335,SRC_072,15.0,46.966801,N-winter
sample_03278.jpg,0.41697207684664656,SRC_111,-35.0,79.069883,N-spring
sample_03279.jpg,0.3870203123662018,SRC_124,0.0,51.928413,N-summer
sample_03280.jpg,0.36610740390144897,SRC_099,15.0,42.024472,N-spring
sample_03281.jpg,0.39662502829067786,SRC_066,-10.0,61.81065,N-summer
sample_03282.jpg,0.372342961639654,SRC_037,15.0,44.468297,N-spring
sample_03283.jpg,0.41883707743633447,SRC_066,-10.0,61.81065,N-summer
sample_03284.jpg,0.3855098428869758,SRC_076,25.0,63.632584,N-autumn
sample_03285.jpg,0.41172202437499,SRC_038,-15.0,32.097448,N-winter
sample_03286.jpg,0.4354624993117149,SRC_115,25.0,41.8845,N-spring
sample_03287.jpg,0.4510977341955248,SRC_013,50.0,54.051464,N-spring
sample_03288.jpg,0.4463062165703393,SRC_106,25.0,40.638999,N-spring
sample_03289.jpg,0.38642798918704885,SRC_091,-40.0,72.511342,N-summer
sample_03290.jpg,0.3900950172505714,SRC_159,20.0,67.076816,N-autumn
sample_03291.jpg,0.39875858258390406,SRC_097,0.0,35.318175,N-winter
sample_03292.jpg,0.4021657246044447,SRC_040,90.0,57.651744,N-spring
sample_03293.jpg,0.40053071268288865,SRC_070,60.0,58.788969,N-summer
sample_03294.jpg,0.3825159120350562,SRC_140,35.0,44.85556,N-spring
sample_03295.jpg,0.3889553666076047,SRC_158,-5.0,35.954137,N-winter
sample_03296.jpg,0.47940953292232524,SRC_081,-90.0,74.772433,N-autumn
sample_03297.jpg,0.47910602825001913,SRC_121,25.0,67.446292,N-autumn
sample_03298.jpg,0.39446453043734053,SRC_027,35.0,41.369436,N-spring
sample_03299.jpg,0.4111364180795958,SRC_040,90.0,57.651744,N-spring
sample_03300.jpg,0.37539576733406094,SRC_123,0.0,54.598149,N-autumn
sample_03301.jpg,0.43148514376280145,SRC_142,-30.0,34.276784,N-winter
sample_03302.jpg,0.42275745702435,SRC_017,-90.0,64.6979,N-winter
sample_03303.jpg,0.4303315240834268,SRC_131,10.0,60.540464,N-autumn
sample_03304.jpg,0.42945888904638474,SRC_116,5.0,41.203028,N-spring
sample_03305.jpg,0.3928820914801134,SRC_041,15.0,46.712049,N-summer
sample_03306.jpg,0.5111459307117756,SRC_139,40.0,53.533251,N-winter
sample_03307.jpg,0.4686627055730062,SRC_101,5.0,48.479381,N-winter
sample_03308.jpg,0.4005986340864724,SRC_102,-10.0,52.255853,N-spring
sample_03309.jpg,0.3923869806115604,SRC_009,-25.0,73.827745,N-spring
sample_03310.jpg,0.3848034829509614,SRC_094,20.0,66.934532,N-autumn
sample_03311.jpg,0.5338169785779268,SRC_032,-5.0,52.490186,N-spring
sample_03312.jpg,0.3787712108770794,SRC_124,0.0,51.928413,N-summer
sample_03313.jpg,0.40298143036713396,SRC_040,90.0,57.651744,N-spring
sample_03314.jpg,0.4176404386404141,SRC_059,15.0,48.046698,N-summer
sample_03315.jpg,0.5150011465198494,SRC_131,10.0,60.540464,N-autumn
sample_03316.jpg,0.41037300001883403,SRC_170,-20.0,56.332579,N-autumn
sample_03317.jpg,0.39386638256379397,SRC_009,-25.0,73.827745,N-spring
sample_03318.jpg,0.40352797979863037,SRC_115,25.0,41.8845,N-spring
sample_03319.jpg,0.48321194240999316,SRC_092,5.0,57.429528,N-autumn
sample_03320.jpg,0.44632054608978355,SRC_129,20.0,41.057252,N-spring
sample_03321.jpg,0.42119493926072726,SRC_133,-10.0,48.887369,N-spring
sample_03322.jpg,0.37831175996707656,SRC_023,-10.0,50.837437,N-spring
sample_03323.jpg,0.40381087809379873,SRC_055,-5.0,57.335076,N-spring
sample_03324.jpg,0.5049231727972749,SRC_088,0.0,53.004483,N-summer
sample_03325.jpg,0.39316678213249456,SRC_139,40.0,53.533251,N-winter
sample_03326.jpg,0.3675046590009464,SRC_140,35.0,44.85556,N-spring
sample_03327.jpg,0.5256685302228602,SRC_146,10.0,58.0428,N-summer
sample_03328.jpg,0.42072607005697316,SRC_061,50.0,43.110277,N-spring
sample_03329.jpg,0.4180400061278461,SRC_146,10.0,58.0428,N-summer
sample_03330.jpg,0.39194204602160343,SRC_096,25.0,40.422288,N-spring
sample_03331.jpg,0.5209891521627299,SRC_072,15.0,46.966801,N-winter
sample_03332.jpg,0.39236594611303444,SRC_073,45.0,41.537171,N-spring
sample_03333.jpg,0.5261260113546705,SRC_135,5.0,41.328761,N-winter
sample_03334.jpg,0.3978864317529302,SRC_116,5.0,41.203028,N-spring
sample_03335.jpg,0.38507875385343937,SRC_030,-25.0,67.936804,N-spring
sample_03336.jpg,0.39913458214969266,SRC_076,25.0,63.632584,N-autumn
sample_03337.jpg,0.38722000553557234,SRC_072,15.0,46.966801,N-winter
sample_03338.jpg,0.39294931921894116,SRC_124,0.0,51.928413,N-summer
sample_03339.jpg,0.3878644061652274,SRC_124,0.0,51.928413,N-summer
sample_03340.jpg,0.4128942104866223,SRC_103,-35.0,57.090396,N-autumn
sample_03341.jpg,0.3910762146706953,SRC_121,25.0,67.446292,N-autumn
sample_03342.jpg,0.4878991383254367,SRC_063,25.0,41.329237,N-spring
sample_03343.jpg,0.38314444041041223,SRC_013,50.0,54.051464,N-spring
sample_03344.jpg,0.5315390438088563,SRC_048,-25.0,61.920556,N-autumn
sample_03345.jpg,0.517866067927425,SRC_071,20.0,40.070501,N-spring
sample_03346.jpg,0.4122590543295108,SRC_076,25.0,63.632584,N-autumn
sample_03347.jpg,0.4569698197031819,SRC_111,-35.0,79.069883,N-spring
sample_03348.jpg,0.39238854813050006,SRC_011,-20.0,70.371153,N-summer
sample_03349.jpg,0.38620256548390075,SRC_037,15.0,44.468297,N-spring
sample_03350.jpg,0.4411270560792854,SRC_153,-40.0,43.960452,N-autumn
sample_03351.jpg,0.39041607500825043,SRC_041,15.0,46.712049,N-summer
sample_03352.jpg,0.3832901497414964,SRC_169,40.0,48.615664,N-summer
sample_03353.jpg,0.43937103689691676,SRC_135,5.0,41.328761,N-winter
sample_03354.jpg,0.4352062262838877,SRC_065,30.0,68.700871,N-winter
sample_03355.jpg,0.4134134597320127,SRC_151,-15.0,63.408071,N-summer
sample_03356.jpg,0.3819982809053829,SRC_051,20.0,63.609319,N-autumn
sample_03357.jpg,0.4523375468541714,SRC_066,-10.0,61.81065,N-summer
sample_03358.jpg,0.42144519776871475,SRC_022,20.0,41.513642,N-spring
sample_03359.jpg,0.4435725586135243,SRC_146,10.0,58.0428,N-summer
sample_03360.jpg,0.42704590572882434,SRC_144,-35.0,76.731052,N-spring
sample_03361.jpg,0.38920977163961257,SRC_084,-10.0,58.957849,N-summer
sample_03362.jpg,0.4238707419846599,SRC_097,0.0,35.318175,N-winter
sample_03363.jpg,0.4070180375563712,SRC_042,10.0,36.92431,N-spring
sample_03364.jpg,0.409007760937736,SRC_137,-5.0,45.053172,N-spring
sample_03365.jpg,0.41599224996310935,SRC_052,5.0,51.705435,N-summer
sample_03366.jpg,0.47136876190252497,SRC_085,0.0,39.187341,N-spring
sample_03367.jpg,0.39002939269008213,SRC_037,15.0,44.468297,N-spring
sample_03368.jpg,0.401523100792131,SRC_006,-15.0,65.638079,N-spring
sample_03369.jpg,0.38278403434242436,SRC_041,15.0,46.712049,N-summer
sample_03370.jpg,0.3805056635512904,SRC_082,-10.0,60.444036,N-spring
sample_03371.jpg,0.49723733783088403,SRC_148,-15.0,49.227137,N-autumn
sample_03372.jpg,0.42791736991078694,SRC_143,90.0,68.916652,N-spring
sample_03373.jpg,0.43115385778300874,SRC_142,-30.0,34.276784,N-winter
sample_03374.jpg,0.386298582480239,SRC_165,10.0,42.451267,N-winter
sample_03375.jpg,0.38455635795613097,SRC_084,-10.0,58.957849,N-summer
sample_03376.jpg,0.3871363304593264,SRC_086,15.0,43.648742,N-summer
sample_03377.jpg,0.43182813110532425,SRC_047,0.0,48.028677,N-spring
sample_03378.jpg,0.4122146703688928,SRC_009,-25.0,73.827745,N-spring
sample_03379.jpg,0.4132623698546796,SRC_148,-15.0,49.227137,N-autumn
sample_03380.jpg,0.40166003231046715,SRC_108,-40.0,68.856247,N-summer
sample_03381.jpg,0.46406231095193207,SRC_142,-30.0,34.276784,N-winter
sample_03382.jpg,0.40377820088544947,SRC_109,50.0,54.137665,N-summer
sample_03383.jpg,0.5153231207966482,SRC_067,-15.0,64.724247,N-spring
sample_03384.jpg,0.37229084644196425,SRC_042,10.0,36.92431,N-spring
sample_03385.jpg,0.3840362335113513,SRC_037,15.0,44.468297,N-spring
sample_03386.jpg,0.5075552365995987,SRC_148,-15.0,49.227137,N-autumn
sample_03387.jpg,0.4179147558347518,SRC_050,0.0,53.680047,N-summer
sample_03388.jpg,0.39728717139240527,SRC_076,25.0,63.632584,N-autumn
sample_03389.jpg,0.3956058582692985,SRC_004,30.0,61.107468,N-autumn
sample_03390.jpg,0.4057164238738632,SRC_152,30.0,40.69576,N-spring
sample_03391.jpg,0.4912461811418223,SRC_038,-15.0,32.097448,N-winter
sample_03392.jpg,0.3903067167701533,SRC_074,0.0,50.25459,N-spring
sample_03393.jpg,0.40770660915497947,SRC_042,10.0,36.92431,N-spring
sample_03394.jpg,0.47036179763870123,SRC_047,0.0,48.028677,N-spring
sample_03395.jpg,0.4065479930634375,SRC_153,-40.0,43.960452,N-autumn
sample_03396.jpg,0.4117053041931401,SRC_151,-15.0,63.408071,N-summer
sample_03397.jpg,0.47562186766710035,SRC_027,35.0,41.369436,N-spring
sample_03398.jpg,0.5216702807846509,SRC_156,10.0,48.737382,N-summer
sample_03399.jpg,0.4358754225298457,SRC_115,25.0,41.8845,N-spring
sample_03400.jpg,0.4176542713546061,SRC_102,-10.0,52.255853,N-spring
sample_03401.jpg,0.40052220623349477,SRC_121,25.0,67.446292,N-autumn
sample_03402.jpg,0.5120496181904513,SRC_069,25.0,48.120522,N-summer
sample_03403.jpg,0.4214700669904543,SRC_036,5.0,52.749586,N-summer
sample_03404.jpg,0.4502163676554078,SRC_168,90.0,64.709631,N-summer
sample_03405.jpg,0.37287563579149585,SRC_063,25.0,41.329237,N-spring
sample_03406.jpg,0.3874707183373234,SRC_124,0.0,51.928413,N-summer
sample_03407.jpg,0.4311314193605198,SRC_148,-15.0,49.227137,N-autumn
sample_03408.jpg,0.37824965839801555,SRC_099,15.0,42.024472,N-spring
sample_03409.jpg,0.41296475835105123,SRC_028,10.0,42.894848,N-spring
sample_03410.jpg,0.45891190113418423,SRC_107,20.0,65.68027,N-autumn
sample_03411.jpg,0.4029522220883724,SRC_089,10.0,48.442522,N-winter
sample_03412.jpg,0.5186558296980713,SRC_129,20.0,41.057252,N-spring
sample_03413.jpg,0.45312402993798573,SRC_126,-20.0,68.779144,N-summer
sample_03414.jpg,0.39193705102770965,SRC_093,-25.0,43.343655,N-autumn
sample_03415.jpg,0.48228173459353424,SRC_068,0.0,56.216196,N-summer
sample_03416.jpg,0.4171314352324183,SRC_144,-35.0,76.731052,N-spring
sample_03417.jpg,0.5001191544718496,SRC_026,90.0,57.238404,N-spring
sample_03418.jpg,0.4495820056436333,SRC_119,90.0,58.642683,N-spring
sample_03419.jpg,0.3970554168121133,SRC_013,50.0,54.051464,N-spring
sample_03420.jpg,0.4959774258980656,SRC_069,25.0,48.120522,N-summer
sample_03421.jpg,0.402225424557978,SRC_043,10.0,50.433279,N-summer
sample_03422.jpg,0.4324904587160062,SRC_163,0.0,39.987447,N-winter
sample_03423.jpg,0.5216121680524962,SRC_128,90.0,56.634817,N-spring
sample_03424.jpg,0.471222607455071,SRC_171,-35.0,63.65778,N-spring
sample_03425.jpg,0.5196328190533333,SRC_108,-40.0,68.856247,N-summer
sample_03426.jpg,0.3956040479555878,SRC_076,25.0,63.632584,N-autumn
sample_03427.jpg,0.45760936086932713,SRC_029,-5.0,45.485648,N-autumn
sample_03428.jpg,0.48299183696283227,SRC_013,50.0,54.051464,N-spring
sample_03429.jpg,0.4073444922568722,SRC_040,90.0,57.651744,N-spring
sample_03430.jpg,0.39497497050181146,SRC_158,-5.0,35.954137,N-winter
sample_03431.jpg,0.39102291642289655,SRC_108,-40.0,68.856247,N-summer
sample_03432.jpg,0.3827450930289091,SRC_057,-5.0,57.599617,N-summer
sample_03433.jpg,0.4355414285816087,SRC_146,10.0,58.0428,N-summer
sample_03434.jpg,0.504428379671482,SRC_047,0.0,48.028677,N-spring
sample_03435.jpg,0.48535019059225276,SRC_107,20.0,65.68027,N-autumn
sample_03436.jpg,0.46104304254213246,SRC_170,-20.0,56.332579,N-autumn
sample_03437.jpg,0.3834932525440702,SRC_028,10.0,42.894848,N-spring
sample_03438.jpg,0.49011764366233807,SRC_040,90.0,57.651744,N-spring
sample_03439.jpg,0.39381206437901356,SRC_084,-10.0,58.957849,N-summer
sample_03440.jpg,0.41668079956299653,SRC_111,-35.0,79.069883,N-spring
sample_03441.jpg,0.4786308430904741,SRC_127,-35.0,47.507974,N-autumn
sample_03442.jpg,0.4895751325183159,SRC_103,-35.0,57.090396,N-autumn
sample_03443.jpg,0.47346801575433706,SRC_016,10.0,55.552023,N-winter
sample_03444.jpg,0.37464289969106523,SRC_099,15.0,42.024472,N-spring
sample_03445.jpg,0.41157181722722286,SRC_139,40.0,53.533251,N-winter
sample_03446.jpg,0.4820279308234169,SRC_009,-25.0,73.827745,N-spring
sample_03447.jpg,0.5297328195865365,SRC_106,25.0,40.638999,N-spring
sample_03448.jpg,0.4173147141768191,SRC_029,-5.0,45.485648,N-autumn
sample_03449.jpg,0.38415159531140974,SRC_126,-20.0,68.779144,N-summer
sample_03450.jpg,0.42879444279403084,SRC_108,-40.0,68.856247,N-summer
sample_03451.jpg,0.38191058960747537,SRC_041,15.0,46.712049,N-summer
sample_03452.jpg,0.38198399631670316,SRC_036,5.0,52.749586,N-summer
sample_03453.jpg,0.3765683017671285,SRC_042,10.0,36.92431,N-spring
sample_03454.jpg,0.37489389230591225,SRC_004,30.0,61.107468,N-autumn
sample_03455.jpg,0.4930229978500221,SRC_087,0.0,54.65824,N-summer
sample_03456.jpg,0.3688275946248913,SRC_146,10.0,58.0428,N-summer
sample_03457.jpg,0.40445159409816506,SRC_092,5.0,57.429528,N-autumn
sample_03458.jpg,0.4313966869365318,SRC_032,-5.0,52.490186,N-spring
sample_03459.jpg,0.4916795207266215,SRC_151,-15.0,63.408071,N-summer
sample_03460.jpg,0.4158324453242739,SRC_074,0.0,50.25459,N-spring
sample_03461.jpg,0.3909039996699085,SRC_009,-25.0,73.827745,N-spring
sample_03462.jpg,0.42149260522755316,SRC_013,50.0,54.051464,N-spring
sample_03463.jpg,0.430447652548333,SRC_148,-15.0,49.227137,N-autumn
sample_03464.jpg,0.4946327493135385,SRC_129,20.0,41.057252,N-spring
sample_03465.jpg,0.41269648196571423,SRC_062,45.0,81.508965,N-autumn
sample_03466.jpg,0.40072346331719516,SRC_134,-30.0,69.607895,N-spring
sample_03467.jpg,0.3984916743839594,SRC_021,-90.0,68.040851,N-autumn
sample_03468.jpg,0.40301645508823364,SRC_073,45.0,41.537171,N-spring
sample_03469.jpg,0.41702160864201304,SRC_148,-15.0,49.227137,N-autumn
sample_03470.jpg,0.4632604984530633,SRC_009,-25.0,73.827745,N-spring
sample_03471.jpg,0.5053864667341419,SRC_026,90.0,57.238404,N-spring
sample_03472.jpg,0.49030824986127824,SRC_066,-10.0,61.81065,N-summer
sample_03473.jpg,0.41483341642739224,SRC_133,-10.0,48.887369,N-spring
sample_03474.jpg,0.38436110219392317,SRC_120,90.0,69.983669,N-summer
sample_03475.jpg,0.5209033721188774,SRC_106,25.0,40.638999,N-spring
sample_03476.jpg,0.385790006983021,SRC_108,-40.0,68.856247,N-summer
sample_03477.jpg,0.3994512419131813,SRC_112,-30.0,67.516648,N-spring
sample_03478.jpg,0.3879087163855056,SRC_004,30.0,61.107468,N-autumn
sample_03479.jpg,0.4034048295527584,SRC_102,-10.0,52.255853,N-spring
sample_03480.jpg,0.46760353160046364,SRC_045,-90.0,70.559818,N-autumn
sample_03481.jpg,0.39179714093018025,SRC_092,5.0,57.429528,N-autumn
sample_03482.jpg,0.3868640688316066,SRC_085,0.0,39.187341,N-spring
sample_03483.jpg,0.37807652914780643,SRC_042,10.0,36.92431,N-spring
sample_03484.jpg,0.45041839477882795,SRC_133,-10.0,48.887369,N-spring
sample_03485.jpg,0.38946715061665704,SRC_030,-25.0,67.936804,N-spring
sample_03486.jpg,0.38637556061503936,SRC_027,35.0,41.369436,N-spring
sample_03487.jpg,0.3994637625282623,SRC_153,-40.0,43.960452,N-autumn
sample_03488.jpg,0.49437016562591285,SRC_172,55.0,47.744159,N-summer
sample_03489.jpg,0.3831570613011205,SRC_086,15.0,43.648742,N-summer
sample_03490.jpg,0.3924486756998513,SRC_121,25.0,67.446292,N-autumn
sample_03491.jpg,0.3765107972287093,SRC_140,35.0,44.85556,N-spring
sample_03492.jpg,0.49906831939893104,SRC_006,-15.0,65.638079,N-spring
sample_03493.jpg,0.40294483661804553,SRC_006,-15.0,65.638079,N-spring
sample_03494.jpg,0.4436933006445833,SRC_119,90.0,58.642683,N-spring
sample_03495.jpg,0.402460793292144,SRC_006,-15.0,65.638079,N-spring
sample_03496.jpg,0.5051600072562727,SRC_155,-5.0,59.117539,N-summer
sample_03497.jpg,0.3896568480671139,SRC_004,30.0,61.107468,N-autumn
sample_03498.jpg,0.368038517429789,SRC_002,40.0,45.868768,N-summer
sample_03499.jpg,0.39931981824801854,SRC_027,35.0,41.369436,N-spring
sample_03500.jpg,0.4836609617761855,SRC_043,10.0,50.433279,N-summer
sample_03501.jpg,0.39031359211203426,SRC_048,-25.0,61.920556,N-autumn
sample_03502.jpg,0.43070049075513966,SRC_144,-35.0,76.731052,N-spring
sample_03503.jpg,0.4057986038823399,SRC_091,-40.0,72.511342,N-summer
sample_03504.jpg,0.4760032807649461,SRC_157,40.0,44.22455,N-summer
sample_03505.jpg,0.47951843863495974,SRC_094,20.0,66.934532,N-autumn
sample_03506.jpg,0.4931211001312155,SRC_144,-35.0,76.731052,N-spring
sample_03507.jpg,0.5130176272854335,SRC_095,-20.0,56.495654,N-spring
sample_03508.jpg,0.3805281562235726,SRC_030,-25.0,67.936804,N-spring
sample_03509.jpg,0.42915584908567556,SRC_106,25.0,40.638999,N-spring
sample_03510.jpg,0.42903700902390157,SRC_139,40.0,53.533251,N-winter
sample_03511.jpg,0.4301596867532571,SRC_006,-15.0,65.638079,N-spring
sample_03512.jpg,0.3986606911764163,SRC_078,15.0,40.437008,N-spring
sample_03513.jpg,0.39941604419962806,SRC_030,-25.0,67.936804,N-spring
sample_03514.jpg,0.37516980954551454,SRC_093,-25.0,43.343655,N-autumn
sample_03515.jpg,0.5061240557215099,SRC_131,10.0,60.540464,N-autumn
sample_03516.jpg,0.39474231426877454,SRC_027,35.0,41.369436,N-spring
sample_03517.jpg,0.4755612817844564,SRC_081,-90.0,74.772433,N-autumn
sample_03518.jpg,0.3984980708601167,SRC_109,50.0,54.137665,N-summer
sample_03519.jpg,0.3950918936072792,SRC_084,-10.0,58.957849,N-summer
sample_03520.jpg,0.385734081485874,SRC_065,30.0,68.700871,N-winter
sample_03521.jpg,0.40728515015955963,SRC_056,-40.0,74.660587,N-summer
sample_03522.jpg,0.49900100665904584,SRC_119,90.0,58.642683,N-spring
sample_03523.jpg,0.4117004515142938,SRC_008,25.0,61.005891,N-autumn
sample_03524.jpg,0.48434461537787266,SRC_121,25.0,67.446292,N-autumn
sample_03525.jpg,0.512286087769173,SRC_101,5.0,48.479381,N-winter
sample_03526.jpg,0.3967515465780639,SRC_114,-10.0,58.176498,N-autumn
sample_03527.jpg,0.44031425651974265,SRC_013,50.0,54.051464,N-spring
sample_03528.jpg,0.5346705640807137,SRC_107,20.0,65.68027,N-autumn
sample_03529.jpg,0.4133228582054385,SRC_006,-15.0,65.638079,N-spring
sample_03530.jpg,0.4062746555547278,SRC_103,-35.0,57.090396,N-autumn
sample_03531.jpg,0.3988971928152743,SRC_109,50.0,54.137665,N-summer
sample_03532.jpg,0.38976120120193286,SRC_124,0.0,51.928413,N-summer
sample_03533.jpg,0.40087122225264976,SRC_134,-30.0,69.607895,N-spring
sample_03534.jpg,0.3985327130467809,SRC_093,-25.0,43.343655,N-autumn
sample_03535.jpg,0.4068021709864838,SRC_170,-20.0,56.332579,N-autumn
sample_03536.jpg,0.4225587382338767,SRC_051,20.0,63.609319,N-autumn
sample_03537.jpg,0.38849754387299373,SRC_099,15.0,42.024472,N-spring
sample_03538.jpg,0.4548473857491223,SRC_095,-20.0,56.495654,N-spring
sample_03539.jpg,0.38887862159951886,SRC_134,-30.0,69.607895,N-spring
sample_03540.jpg,0.41062615677204156,SRC_146,10.0,58.0428,N-summer
sample_03541.jpg,0.3921999590848794,SRC_005,0.0,55.846781,N-summer
sample_03542.jpg,0.3910486681185072,SRC_046,0.0,58.061031,N-autumn
sample_03543.jpg,0.4247704457253123,SRC_111,-35.0,79.069883,N-spring
sample_03544.jpg,0.4054479367384441,SRC_124,0.0,51.928413,N-summer
sample_03545.jpg,0.3764911703952055,SRC_169,40.0,48.615664,N-summer
sample_03546.jpg,0.4246983619421501,SRC_109,50.0,54.137665,N-summer
sample_03547.jpg,0.47804728834908194,SRC_092,5.0,57.429528,N-autumn
sample_03548.jpg,0.5145773581854958,SRC_087,0.0,54.65824,N-summer
sample_03549.jpg,0.38979540560128395,SRC_082,-10.0,60.444036,N-spring
sample_03550.jpg,0.4104835157235723,SRC_035,0.0,56.990187,N-autumn
sample_03551.jpg,0.3959389929125102,SRC_158,-5.0,35.954137,N-winter
sample_03552.jpg,0.3939043930944469,SRC_043,10.0,50.433279,N-summer
sample_03553.jpg,0.3900497435731003,SRC_088,0.0,53.004483,N-summer
sample_03554.jpg,0.4201304168940789,SRC_107,20.0,65.68027,N-autumn
sample_03555.jpg,0.3794659015882643,SRC_030,-25.0,67.936804,N-spring
sample_03556.jpg,0.5182466484233871,SRC_096,25.0,40.422288,N-spring
sample_03557.jpg,0.4781677826160705,SRC_081,-90.0,74.772433,N-autumn
sample_03558.jpg,0.5247894745703062,SRC_066,-10.0,61.81065,N-summer
sample_03559.jpg,0.3981373156913822,SRC_065,30.0,68.700871,N-winter
sample_03560.jpg,0.41766756842195685,SRC_001,-5.0,51.987197,N-spring
sample_03561.jpg,0.5238213639383231,SRC_098,-45.0,70.730178,N-summer
sample_03562.jpg,0.4112516441419102,SRC_170,-20.0,56.332579,N-autumn
sample_03563.jpg,0.38646924034941427,SRC_113,-35.0,36.668707,N-winter
sample_03564.jpg,0.3895902711418109,SRC_092,5.0,57.429528,N-autumn
sample_03565.jpg,0.3787448821172365,SRC_013,50.0,54.051464,N-spring
sample_03566.jpg,0.4113236826239805,SRC_054,5.0,37.41608,N-winter
sample_03567.jpg,0.3967128171834865,SRC_134,-30.0,69.607895,N-spring
sample_03568.jpg,0.37905989236006776,SRC_157,40.0,44.22455,N-summer
sample_03569.jpg,0.4039437747283716,SRC_111,-35.0,79.069883,N-spring
sample_03570.jpg,0.421130801264071,SRC_107,20.0,65.68027,N-autumn
sample_03571.jpg,0.39061977030335077,SRC_071,20.0,40.070501,N-spring
sample_03572.jpg,0.3782639258909477,SRC_041,15.0,46.712049,N-summer
sample_03573.jpg,0.42965636114460065,SRC_120,90.0,69.983669,N-summer
sample_03574.jpg,0.44638623210842887,SRC_131,10.0,60.540464,N-autumn
sample_03575.jpg,0.41307910263484826,SRC_158,-5.0,35.954137,N-winter
sample_03576.jpg,0.43485461897199834,SRC_112,-30.0,67.516648,N-spring
sample_03577.jpg,0.3892219776600708,SRC_097,0.0,35.318175,N-winter
sample_03578.jpg,0.38261038125673086,SRC_066,-10.0,61.81065,N-summer
sample_03579.jpg,0.498111576175077,SRC_130,25.0,37.507656,N-spring
sample_03580.jpg,0.38672981470992196,SRC_041,15.0,46.712049,N-summer
sample_03581.jpg,0.4040845862901376,SRC_125,-5.0,52.428603,N-spring
sample_03582.jpg,0.4765276676077116,SRC_026,90.0,57.238404,N-spring
sample_03583.jpg,0.5194736829808588,SRC_155,-5.0,59.117539,N-summer
sample_03584.jpg,0.3863950005696656,SRC_051,20.0,63.609319,N-autumn
sample_03585.jpg,0.43152520128247146,SRC_151,-15.0,63.408071,N-summer
sample_03586.jpg,0.40967377270588273,SRC_151,-15.0,63.408071,N-summer
sample_03587.jpg,0.4958032327771189,SRC_006,-15.0,65.638079,N-spring
sample_03588.jpg,0.41578938027439555,SRC_011,-20.0,70.371153,N-summer
sample_03589.jpg,0.3929556929069306,SRC_037,15.0,44.468297,N-spring
sample_03590.jpg,0.49678115309574106,SRC_115,25.0,41.8845,N-spring
sample_03591.jpg,0.49444211597652477,SRC_067,-15.0,64.724247,N-spring
sample_03592.jpg,0.49994910241880053,SRC_139,40.0,53.533251,N-winter
sample_03593.jpg,0.4132998444547823,SRC_020,35.0,42.075965,N-summer
sample_03594.jpg,0.48453600622564774,SRC_099,15.0,42.024472,N-spring
sample_03595.jpg,0.38893761379738995,SRC_027,35.0,41.369436,N-spring
sample_03596.jpg,0.49966971340508765,SRC_134,-30.0,69.607895,N-spring
sample_03597.jpg,0.38930816828992365,SRC_172,55.0,47.744159,N-summer
sample_03598.jpg,0.5027030464381133,SRC_040,90.0,57.651744,N-spring
sample_03599.jpg,0.49703858513212174,SRC_004,30.0,61.107468,N-autumn
sample_03600.jpg,0.48104392956665887,SRC_070,60.0,58.788969,N-summer
sample_03601.jpg,0.41408204907035717,SRC_042,10.0,36.92431,N-spring
sample_03602.jpg,0.3949226719405966,SRC_145,-5.0,52.15166,N-spring
sample_03603.jpg,0.39868984718230666,SRC_085,0.0,39.187341,N-spring
sample_03604.jpg,0.40847225284260363,SRC_048,-25.0,61.920556,N-autumn
sample_03605.jpg,0.3796069931313636,SRC_157,40.0,44.22455,N-summer
sample_03606.jpg,0.3957890007919289,SRC_091,-40.0,72.511342,N-summer
sample_03607.jpg,0.43080333384778335,SRC_134,-30.0,69.607895,N-spring
sample_03608.jpg,0.5189777360647294,SRC_111,-35.0,79.069883,N-spring
sample_03609.jpg,0.38821056111603613,SRC_091,-40.0,72.511342,N-summer
sample_03610.jpg,0.39432931222548523,SRC_158,-5.0,35.954137,N-winter
sample_03611.jpg,0.3975439348065164,SRC_087,0.0,54.65824,N-summer
sample_03612.jpg,0.40932436468551814,SRC_092,5.0,57.429528,N-autumn
sample_03613.jpg,0.39261503402885517,SRC_040,90.0,57.651744,N-spring
sample_03614.jpg,0.3871633161655942,SRC_042,10.0,36.92431,N-spring
sample_03615.jpg,0.4867218249571099,SRC_009,-25.0,73.827745,N-spring
sample_03616.jpg,0.4290943586134336,SRC_133,-10.0,48.887369,N-spring
sample_03617.jpg,0.3985662680470837,SRC_099,15.0,42.024472,N-spring
sample_03618.jpg,0.3942993222492067,SRC_015,20.0,46.484204,N-summer
sample_03619.jpg,0.39990114635607316,SRC_009,-25.0,73.827745,N-spring
sample_03620.jpg,0.38960500720354113,SRC_121,25.0,67.446292,N-autumn
sample_03621.jpg,0.43473565328076164,SRC_058,30.0,69.060883,N-autumn
sample_03622.jpg,0.3792038492090183,SRC_114,-10.0,58.176498,N-autumn
sample_03623.jpg,0.3779657510075407,SRC_014,-40.0,38.480327,N-winter
sample_03624.jpg,0.3964732525814894,SRC_121,25.0,67.446292,N-autumn
sample_03625.jpg,0.3823072296581374,SRC_042,10.0,36.92431,N-spring
sample_03626.jpg,0.45716896564857096,SRC_065,30.0,68.700871,N-winter
sample_03627.jpg,0.38385264428640686,SRC_004,30.0,61.107468,N-autumn
sample_03628.jpg,0.3867154912609546,SRC_004,30.0,61.107468,N-autumn
sample_03629.jpg,0.43207960436451875,SRC_108,-40.0,68.856247,N-summer
sample_03630.jpg,0.3974019171579961,SRC_123,0.0,54.598149,N-autumn
sample_03631.jpg,0.46778638029214764,SRC_106,25.0,40.638999,N-spring
sample_03632.jpg,0.39565141327209724,SRC_151,-15.0,63.408071,N-summer
sample_03633.jpg,0.4017911227402607,SRC_103,-35.0,57.090396,N-autumn
sample_03634.jpg,0.3901213902659811,SRC_088,0.0,53.004483,N-summer
sample_03635.jpg,0.3937306044844171,SRC_092,5.0,57.429528,N-autumn
sample_03636.jpg,0.3774757092093073,SRC_066,-10.0,61.81065,N-summer
sample_03637.jpg,0.5238756925676459,SRC_076,25.0,63.632584,N-autumn
sample_03638.jpg,0.41573667018350696,SRC_133,-10.0,48.887369,N-spring
sample_03639.jpg,0.3965635883016555,SRC_067,-15.0,64.724247,N-spring
sample_03640.jpg,0.3839418545658878,SRC_051,20.0,63.609319,N-autumn
sample_03641.jpg,0.4258233190642017,SRC_111,-35.0,79.069883,N-spring
sample_03642.jpg,0.39118027004914896,SRC_006,-15.0,65.638079,N-spring
sample_03643.jpg,0.4914894677439784,SRC_170,-20.0,56.332579,N-autumn
sample_03644.jpg,0.4158383023902902,SRC_115,25.0,41.8845,N-spring
sample_03645.jpg,0.38411296251395355,SRC_096,25.0,40.422288,N-spring
sample_03646.jpg,0.4799059114645705,SRC_015,20.0,46.484204,N-summer
sample_03647.jpg,0.40739382626044335,SRC_115,25.0,41.8845,N-spring
sample_03648.jpg,0.41864618273683585,SRC_144,-35.0,76.731052,N-spring
sample_03649.jpg,0.4845783828392814,SRC_004,30.0,61.107468,N-autumn
sample_03650.jpg,0.4408695519819097,SRC_142,-30.0,34.276784,N-winter
sample_03651.jpg,0.5091909864981125,SRC_069,25.0,48.120522,N-summer
sample_03652.jpg,0.4967079482412225,SRC_058,30.0,69.060883,N-autumn
sample_03653.jpg,0.5007925588378865,SRC_156,10.0,48.737382,N-summer
sample_03654.jpg,0.4034799541724432,SRC_005,0.0,55.846781,N-summer
sample_03655.jpg,0.3951082437199707,SRC_095,-20.0,56.495654,N-spring
sample_03656.jpg,0.38420779905699604,SRC_091,-40.0,72.511342,N-summer
sample_03657.jpg,0.38871796077252274,SRC_169,40.0,48.615664,N-summer
sample_03658.jpg,0.3791359657347682,SRC_099,15.0,42.024472,N-spring
sample_03659.jpg,0.5235387853976344,SRC_063,25.0,41.329237,N-spring
sample_03660.jpg,0.4611632745181919,SRC_024,10.0,53.725813,N-summer
sample_03661.jpg,0.36979742192509873,SRC_041,15.0,46.712049,N-summer
sample_03662.jpg,0.39234265036050464,SRC_009,-25.0,73.827745,N-spring
sample_03663.jpg,0.43849341996646507,SRC_122,-5.0,57.310506,N-summer
sample_03664.jpg,0.47591551992311115,SRC_024,10.0,53.725813,N-summer
sample_03665.jpg,0.3816082777470361,SRC_108,-40.0,68.856247,N-summer
sample_03666.jpg,0.40261113399688125,SRC_094,20.0,66.934532,N-autumn
sample_03667.jpg,0.39579329530889223,SRC_095,-20.0,56.495654,N-spring
sample_03668.jpg,0.4123071336719518,SRC_115,25.0,41.8845,N-spring
sample_03669.jpg,0.476338036644831,SRC_171,-35.0,63.65778,N-spring
sample_03670.jpg,0.37003134578059677,SRC_169,40.0,48.615664,N-summer
sample_03671.jpg,0.3937151767353857,SRC_156,10.0,48.737382,N-summer
sample_03672.jpg,0.3851134404064028,SRC_030,-25.0,67.936804,N-spring
sample_03673.jpg,0.43692556803308413,SRC_148,-15.0,49.227137,N-autumn
sample_03674.jpg,0.408750210937456,SRC_076,25.0,63.632584,N-autumn
sample_03675.jpg,0.4012234767758544,SRC_085,0.0,39.187341,N-spring
sample_03676.jpg,0.4159196875126415,SRC_107,20.0,65.68027,N-autumn
sample_03677.jpg,0.41738851922285897,SRC_165,10.0,42.451267,N-winter
sample_03678.jpg,0.46707090279440966,SRC_005,0.0,55.846781,N-summer
sample_03679.jpg,0.38478240726304636,SRC_168,90.0,64.709631,N-summer
sample_03680.jpg,0.408964213199721,SRC_066,-10.0,61.81065,N-summer
sample_03681.jpg,0.3763136027389383,SRC_063,25.0,41.329237,N-spring
sample_03682.jpg,0.38023649196823456,SRC_042,10.0,36.92431,N-spring
sample_03683.jpg,0.4036085300342097,SRC_013,50.0,54.051464,N-spring
sample_03684.jpg,0.4716157138476261,SRC_061,50.0,43.110277,N-spring
sample_03685.jpg,0.38388727988649557,SRC_157,40.0,44.22455,N-summer
sample_03686.jpg,0.38989788532330766,SRC_030,-25.0,67.936804,N-spring
sample_03687.jpg,0.4160678450750114,SRC_144,-35.0,76.731052,N-spring
sample_03688.jpg,0.4497966646163247,SRC_038,-15.0,32.097448,N-winter
sample_03689.jpg,0.4063288886260469,SRC_097,0.0,35.318175,N-winter
sample_03690.jpg,0.45459542232042194,SRC_160,-10.0,50.604377,N-autumn
sample_03691.jpg,0.38447078612232477,SRC_159,20.0,67.076816,N-autumn
sample_03692.jpg,0.414379176870492,SRC_137,-5.0,45.053172,N-spring
sample_03693.jpg,0.42780355110314633,SRC_124,0.0,51.928413,N-summer
sample_03694.jpg,0.49601243315873617,SRC_061,50.0,43.110277,N-spring
sample_03695.jpg,0.4664915808146447,SRC_013,50.0,54.051464,N-spring
sample_03696.jpg,0.41029832660648313,SRC_142,-30.0,34.276784,N-winter
sample_03697.jpg,0.39980313141249735,SRC_009,-25.0,73.827745,N-spring
sample_03698.jpg,0.39884068346943774,SRC_088,0.0,53.004483,N-summer
sample_03699.jpg,0.38936257143990294,SRC_037,15.0,44.468297,N-spring
sample_03700.jpg,0.41358229812434055,SRC_115,25.0,41.8845,N-spring
sample_03701.jpg,0.5064819654339114,SRC_126,-20.0,68.779144,N-summer
sample_03702.jpg,0.4955097147860462,SRC_013,50.0,54.051464,N-spring
sample_03703.jpg,0.3973804798530706,SRC_140,35.0,44.85556,N-spring
sample_03704.jpg,0.4802788444147666,SRC_127,-35.0,47.507974,N-autumn
sample_03705.jpg,0.4432532782990773,SRC_047,0.0,48.028677,N-spring
sample_03706.jpg,0.4610450618761928,SRC_103,-35.0,57.090396,N-autumn
sample_03707.jpg,0.3903576986784817,SRC_108,-40.0,68.856247,N-summer
sample_03708.jpg,0.4904801890524859,SRC_039,90.0,70.63275,N-summer
sample_03709.jpg,0.3852140035608113,SRC_084,-10.0,58.957849,N-summer
sample_03710.jpg,0.4086790393426479,SRC_062,45.0,81.508965,N-autumn
sample_03711.jpg,0.41111603344484243,SRC_097,0.0,35.318175,N-winter
sample_03712.jpg,0.38974753356851094,SRC_027,35.0,41.369436,N-spring
sample_03713.jpg,0.3918828150557139,SRC_005,0.0,55.846781,N-summer
sample_03714.jpg,0.38814878983929496,SRC_004,30.0,61.107468,N-autumn
sample_03715.jpg,0.4341760032357474,SRC_067,-15.0,64.724247,N-spring
sample_03716.jpg,0.48464310867082183,SRC_013,50.0,54.051464,N-spring
sample_03717.jpg,0.47568555966152254,SRC_087,0.0,54.65824,N-summer
sample_03718.jpg,0.5460094220782913,SRC_022,20.0,41.513642,N-spring
sample_03719.jpg,0.4241161036113706,SRC_115,25.0,41.8845,N-spring
sample_03720.jpg,0.44455118786727105,SRC_115,25.0,41.8845,N-spring
sample_03721.jpg,0.3890167220097153,SRC_171,-35.0,63.65778,N-spring
sample_03722.jpg,0.4707812576022243,SRC_038,-15.0,32.097448,N-winter
sample_03723.jpg,0.4817611001128306,SRC_154,0.0,54.770875,N-summer
sample_03724.jpg,0.4943103602287328,SRC_089,10.0,48.442522,N-winter
sample_03725.jpg,0.39477735520399404,SRC_071,20.0,40.070501,N-spring
sample_03726.jpg,0.4732339990927093,SRC_061,50.0,43.110277,N-spring
sample_03727.jpg,0.4179183999807966,SRC_108,-40.0,68.856247,N-summer
sample_03728.jpg,0.4120034297694722,SRC_069,25.0,48.120522,N-summer
sample_03729.jpg,0.370496811936982,SRC_063,25.0,41.329237,N-spring
sample_03730.jpg,0.3859882847177548,SRC_134,-30.0,69.607895,N-spring
sample_03731.jpg,0.49610550114545005,SRC_142,-30.0,34.276784,N-winter
sample_03732.jpg,0.4586349142638544,SRC_055,-5.0,57.335076,N-spring
sample_03733.jpg,0.3862654197514464,SRC_099,15.0,42.024472,N-spring
sample_03734.jpg,0.4383309000099169,SRC_163,0.0,39.987447,N-winter
sample_03735.jpg,0.4280362743561996,SRC_013,50.0,54.051464,N-spring
sample_03736.jpg,0.47098223748444557,SRC_106,25.0,40.638999,N-spring
sample_03737.jpg,0.5021012538395746,SRC_100,20.0,41.506528,N-spring
sample_03738.jpg,0.42307222854266613,SRC_022,20.0,41.513642,N-spring
sample_03739.jpg,0.410565144898715,SRC_022,20.0,41.513642,N-spring
sample_03740.jpg,0.4458037112621954,SRC_082,-10.0,60.444036,N-spring
sample_03741.jpg,0.42576206234239444,SRC_139,40.0,53.533251,N-winter
sample_03742.jpg,0.3982638559602399,SRC_065,30.0,68.700871,N-winter
sample_03743.jpg,0.441792189979391,SRC_091,-40.0,72.511342,N-summer
sample_03744.jpg,0.3970314522063783,SRC_091,-40.0,72.511342,N-summer
sample_03745.jpg,0.37062761254926024,SRC_108,-40.0,68.856247,N-summer
sample_03746.jpg,0.40069877819191346,SRC_171,-35.0,63.65778,N-spring
sample_03747.jpg,0.41549255650902045,SRC_091,-40.0,72.511342,N-summer
sample_03748.jpg,0.38801985074750056,SRC_068,0.0,56.216196,N-summer
sample_03749.jpg,0.4205021810674062,SRC_111,-35.0,79.069883,N-spring
sample_03750.jpg,0.3846633765857537,SRC_099,15.0,42.024472,N-spring
sample_03751.jpg,0.3933938453982656,SRC_013,50.0,54.051464,N-spring
sample_03752.jpg,0.39389429569928686,SRC_076,25.0,63.632584,N-autumn
sample_03753.jpg,0.4353724366636782,SRC_115,25.0,41.8845,N-spring
sample_03754.jpg,0.4006700315908763,SRC_109,50.0,54.137665,N-summer
sample_03755.jpg,0.39230588724859095,SRC_171,-35.0,63.65778,N-spring
sample_03756.jpg,0.4766349179877989,SRC_126,-20.0,68.779144,N-summer
sample_03757.jpg,0.4080513372945262,SRC_095,-20.0,56.495654,N-spring
sample_03758.jpg,0.44621606795008384,SRC_107,20.0,65.68027,N-autumn
sample_03759.jpg,0.4050607987619217,SRC_022,20.0,41.513642,N-spring
sample_03760.jpg,0.5313866574228746,SRC_098,-45.0,70.730178,N-summer
sample_03761.jpg,0.380136152608222,SRC_004,30.0,61.107468,N-autumn
sample_03762.jpg,0.39490616420803304,SRC_108,-40.0,68.856247,N-summer
sample_03763.jpg,0.5200968648972453,SRC_148,-15.0,49.227137,N-autumn
sample_03764.jpg,0.503587078792739,SRC_101,5.0,48.479381,N-winter
sample_03765.jpg,0.47083679625172287,SRC_006,-15.0,65.638079,N-spring
sample_03766.jpg,0.3874341165428139,SRC_134,-30.0,69.607895,N-spring
sample_03767.jpg,0.48256889866886166,SRC_091,-40.0,72.511342,N-summer
sample_03768.jpg,0.38783054662646654,SRC_109,50.0,54.137665,N-summer
sample_03769.jpg,0.396263841605139,SRC_014,-40.0,38.480327,N-winter
sample_03770.jpg,0.44119337897030764,SRC_013,50.0,54.051464,N-spring
sample_03771.jpg,0.42000901888226333,SRC_050,0.0,53.680047,N-summer
sample_03772.jpg,0.3990706061249905,SRC_117,-90.0,60.317034,N-winter
sample_03773.jpg,0.3981776430094174,SRC_124,0.0,51.928413,N-summer
sample_03774.jpg,0.40352736710379256,SRC_112,-30.0,67.516648,N-spring
sample_03775.jpg,0.4291236078653421,SRC_052,5.0,51.705435,N-summer
sample_03776.jpg,0.4025081348257783,SRC_009,-25.0,73.827745,N-spring
sample_03777.jpg,0.4742362314243091,SRC_131,10.0,60.540464,N-autumn
sample_03778.jpg,0.41084527392485687,SRC_050,0.0,53.680047,N-summer
sample_03779.jpg,0.43249322967888404,SRC_133,-10.0,48.887369,N-spring
sample_03780.jpg,0.4375771861236629,SRC_107,20.0,65.68027,N-autumn
sample_03781.jpg,0.4100165477024801,SRC_080,-25.0,69.726065,N-summer
sample_03782.jpg,0.37984971802491907,SRC_090,50.0,47.196626,N-summer
sample_03783.jpg,0.43508809383416436,SRC_097,0.0,35.318175,N-winter
sample_03784.jpg,0.42810798754872204,SRC_139,40.0,53.533251,N-winter
sample_03785.jpg,0.49043843234304585,SRC_037,15.0,44.468297,N-spring
sample_03786.jpg,0.5118201546495873,SRC_121,25.0,67.446292,N-autumn
sample_03787.jpg,0.4990523967473477,SRC_158,-5.0,35.954137,N-winter
sample_03788.jpg,0.4175654450475803,SRC_078,15.0,40.437008,N-spring
sample_03789.jpg,0.41559707819222946,SRC_148,-15.0,49.227137,N-autumn
sample_03790.jpg,0.38390930100600695,SRC_156,10.0,48.737382,N-summer
sample_03791.jpg,0.41686611620370384,SRC_040,90.0,57.651744,N-spring
sample_03792.jpg,0.38711465375381987,SRC_072,15.0,46.966801,N-winter
sample_03793.jpg,0.3915342056136143,SRC_139,40.0,53.533251,N-winter
sample_03794.jpg,0.49459694111421515,SRC_071,20.0,40.070501,N-spring
sample_03795.jpg,0.4986496529600692,SRC_106,25.0,40.638999,N-spring
sample_03796.jpg,0.3892460623281545,SRC_109,50.0,54.137665,N-summer
sample_03797.jpg,0.4007894060381383,SRC_008,25.0,61.005891,N-autumn
sample_03798.jpg,0.38469713170580266,SRC_151,-15.0,63.408071,N-summer
sample_03799.jpg,0.47430203639538604,SRC_124,0.0,51.928413,N-summer
sample_03800.jpg,0.4332669432885239,SRC_030,-25.0,67.936804,N-spring
sample_03801.jpg,0.4777005899741632,SRC_038,-15.0,32.097448,N-winter
sample_03802.jpg,0.43026144547755163,SRC_133,-10.0,48.887369,N-spring
sample_03803.jpg,0.3844230881198807,SRC_041,15.0,46.712049,N-summer
sample_03804.jpg,0.490700468553666,SRC_040,90.0,57.651744,N-spring
sample_03805.jpg,0.4447318207355906,SRC_071,20.0,40.070501,N-spring
sample_03806.jpg,0.48907423623930113,SRC_134,-30.0,69.607895,N-spring
sample_03807.jpg,0.41490166039111126,SRC_170,-20.0,56.332579,N-autumn
sample_03808.jpg,0.49190611636429604,SRC_146,10.0,58.0428,N-summer
sample_03809.jpg,0.39049084124408145,SRC_171,-35.0,63.65778,N-spring
sample_03810.jpg,0.4334902629818826,SRC_091,-40.0,72.511342,N-summer
sample_03811.jpg,0.3713434009644172,SRC_141,-10.0,55.206291,N-spring
sample_03812.jpg,0.5018171713337229,SRC_126,-20.0,68.779144,N-summer
sample_03813.jpg,0.4105233501853968,SRC_051,20.0,63.609319,N-autumn
sample_03814.jpg,0.38087540332987535,SRC_027,35.0,41.369436,N-spring
sample_03815.jpg,0.3962250742159439,SRC_121,25.0,67.446292,N-autumn
sample_03816.jpg,0.4754465429544191,SRC_009,-25.0,73.827745,N-spring
sample_03817.jpg,0.4203465942902051,SRC_156,10.0,48.737382,N-summer
sample_03818.jpg,0.4966097086486238,SRC_011,-20.0,70.371153,N-summer
sample_03819.jpg,0.4676078459965297,SRC_078,15.0,40.437008,N-spring
sample_03820.jpg,0.39144423212437396,SRC_103,-35.0,57.090396,N-autumn
sample_03821.jpg,0.39976891435385875,SRC_107,20.0,65.68027,N-autumn
sample_03822.jpg,0.42459323395621995,SRC_091,-40.0,72.511342,N-summer
sample_03823.jpg,0.5126686415580314,SRC_049,5.0,42.94902,N-spring
sample_03824.jpg,0.43253972313452954,SRC_071,20.0,40.070501,N-spring
sample_03825.jpg,0.4769273525161677,SRC_131,10.0,60.540464,N-autumn
sample_03826.jpg,0.392736439869042,SRC_103,-35.0,57.090396,N-autumn
sample_03827.jpg,0.4127214992876011,SRC_096,25.0,40.422288,N-spring
sample_03828.jpg,0.39638472902797073,SRC_021,-90.0,68.040851,N-autumn
sample_03829.jpg,0.49062198122860823,SRC_006,-15.0,65.638079,N-spring
sample_03830.jpg,0.388202498470564,SRC_037,15.0,44.468297,N-spring
sample_03831.jpg,0.40279175885233115,SRC_067,-15.0,64.724247,N-spring
sample_03832.jpg,0.4145150057427564,SRC_038,-15.0,32.097448,N-winter
sample_03833.jpg,0.41267263963369566,SRC_170,-20.0,56.332579,N-autumn
sample_03834.jpg,0.3948210341547157,SRC_058,30.0,69.060883,N-autumn
sample_03835.jpg,0.4093538823860552,SRC_015,20.0,46.484204,N-summer
sample_03836.jpg,0.38359186958799796,SRC_097,0.0,35.318175,N-winter
sample_03837.jpg,0.3861032393672555,SRC_030,-25.0,67.936804,N-spring
sample_03838.jpg,0.43597617302561337,SRC_006,-15.0,65.638079,N-spring
sample_03839.jpg,0.39406374233739233,SRC_160,-10.0,50.604377,N-autumn
sample_03840.jpg,0.504016743685989,SRC_076,25.0,63.632584,N-autumn
sample_03841.jpg,0.3957824145373607,SRC_009,-25.0,73.827745,N-spring
sample_03842.jpg,0.3938004320193033,SRC_127,-35.0,47.507974,N-autumn
sample_03843.jpg,0.4112395023122014,SRC_103,-35.0,57.090396,N-autumn
sample_03844.jpg,0.4230051598633048,SRC_052,5.0,51.705435,N-summer
sample_03845.jpg,0.37186223280780395,SRC_063,25.0,41.329237,N-spring
sample_03846.jpg,0.46822933884579043,SRC_164,20.0,59.226879,N-autumn
sample_03847.jpg,0.4289537855780961,SRC_142,-30.0,34.276784,N-winter
sample_03848.jpg,0.5059379876236754,SRC_106,25.0,40.638999,N-spring
sample_03849.jpg,0.4113838335216105,SRC_092,5.0,57.429528,N-autumn
sample_03850.jpg,0.38704210670839273,SRC_092,5.0,57.429528,N-autumn
sample_03851.jpg,0.44617265273872686,SRC_108,-40.0,68.856247,N-summer
sample_03852.jpg,0.44808867262245966,SRC_102,-10.0,52.255853,N-spring
sample_03853.jpg,0.4830795491215266,SRC_004,30.0,61.107468,N-autumn
sample_03854.jpg,0.39972242928644575,SRC_134,-30.0,69.607895,N-spring
sample_03855.jpg,0.43717527983251775,SRC_054,5.0,37.41608,N-winter
sample_03856.jpg,0.47450845139773906,SRC_127,-35.0,47.507974,N-autumn
sample_03857.jpg,0.39784980490367994,SRC_042,10.0,36.92431,N-spring
sample_03858.jpg,0.4334789249247981,SRC_049,5.0,42.94902,N-spring
sample_03859.jpg,0.3937393753149578,SRC_091,-40.0,72.511342,N-summer
sample_03860.jpg,0.4047332292372299,SRC_124,0.0,51.928413,N-summer
sample_03861.jpg,0.5062101345524747,SRC_053,-90.0,74.406575,N-winter
sample_03862.jpg,0.4160903693085444,SRC_008,25.0,61.005891,N-autumn
sample_03863.jpg,0.3900156346240585,SRC_084,-10.0,58.957849,N-summer
sample_03864.jpg,0.39183238536557924,SRC_091,-40.0,72.511342,N-summer
sample_03865.jpg,0.3855669837707749,SRC_004,30.0,61.107468,N-autumn
sample_03866.jpg,0.38797917487106304,SRC_169,40.0,48.615664,N-summer
sample_03867.jpg,0.3861848338284961,SRC_009,-25.0,73.827745,N-spring
sample_03868.jpg,0.474752506951583,SRC_030,-25.0,67.936804,N-spring
sample_03869.jpg,0.4431624158445106,SRC_148,-15.0,49.227137,N-autumn
sample_03870.jpg,0.38948052120475224,SRC_041,15.0,46.712049,N-summer
sample_03871.jpg,0.39864551249386143,SRC_125,-5.0,52.428603,N-spring
sample_03872.jpg,0.4858704102291739,SRC_084,-10.0,58.957849,N-summer
sample_03873.jpg,0.499938474582535,SRC_111,-35.0,79.069883,N-spring
sample_03874.jpg,0.4336392364983285,SRC_167,90.0,58.639078,N-summer
sample_03875.jpg,0.38500282984563194,SRC_037,15.0,44.468297,N-spring
sample_03876.jpg,0.5211934304662746,SRC_069,25.0,48.120522,N-summer
sample_03877.jpg,0.41241964539384435,SRC_165,10.0,42.451267,N-winter
sample_03878.jpg,0.4924037351251487,SRC_080,-25.0,69.726065,N-summer
sample_03879.jpg,0.42742850155787177,SRC_121,25.0,67.446292,N-autumn
sample_03880.jpg,0.38139719793648397,SRC_009,-25.0,73.827745,N-spring
sample_03881.jpg,0.44111148142805473,SRC_067,-15.0,64.724247,N-spring
sample_03882.jpg,0.4691377962219162,SRC_119,90.0,58.642683,N-spring
sample_03883.jpg,0.48225106705795734,SRC_035,0.0,56.990187,N-autumn
sample_03884.jpg,0.3950871890890627,SRC_070,60.0,58.788969,N-summer
sample_03885.jpg,0.432850695445827,SRC_106,25.0,40.638999,N-spring
sample_03886.jpg,0.4152445586713192,SRC_088,0.0,53.004483,N-summer
sample_03887.jpg,0.4973026127722199,SRC_074,0.0,50.25459,N-spring
sample_03888.jpg,0.42480955093846784,SRC_085,0.0,39.187341,N-spring
sample_03889.jpg,0.38973892798713405,SRC_099,15.0,42.024472,N-spring
sample_03890.jpg,0.38198270662584444,SRC_030,-25.0,67.936804,N-spring
sample_03891.jpg,0.39869043353986505,SRC_094,20.0,66.934532,N-autumn
sample_03892.jpg,0.3959169613919803,SRC_062,45.0,81.508965,N-autumn
sample_03893.jpg,0.38977025883610206,SRC_108,-40.0,68.856247,N-summer
sample_03894.jpg,0.3931509148390684,SRC_063,25.0,41.329237,N-spring
sample_03895.jpg,0.4455034205854405,SRC_111,-35.0,79.069883,N-spring
sample_03896.jpg,0.4047297540564432,SRC_074,0.0,50.25459,N-spring
sample_03897.jpg,0.40864531528759357,SRC_159,20.0,67.076816,N-autumn
sample_03898.jpg,0.4541424260413228,SRC_142,-30.0,34.276784,N-winter
sample_03899.jpg,0.38452517483873094,SRC_099,15.0,42.024472,N-spring
sample_03900.jpg,0.4828994799082847,SRC_098,-45.0,70.730178,N-summer
sample_03901.jpg,0.529209271499337,SRC_154,0.0,54.770875,N-summer
sample_03902.jpg,0.4241914013621434,SRC_073,45.0,41.537171,N-spring
sample_03903.jpg,0.4170385957977736,SRC_022,20.0,41.513642,N-spring
sample_03904.jpg,0.39231762271813486,SRC_076,25.0,63.632584,N-autumn
sample_03905.jpg,0.4038246888272221,SRC_042,10.0,36.92431,N-spring
sample_03906.jpg,0.3958268883800642,SRC_009,-25.0,73.827745,N-spring
sample_03907.jpg,0.3823445142250902,SRC_108,-40.0,68.856247,N-summer
sample_03908.jpg,0.3880156158399937,SRC_127,-35.0,47.507974,N-autumn
sample_03909.jpg,0.45720640957425224,SRC_131,10.0,60.540464,N-autumn
sample_03910.jpg,0.5003721446928788,SRC_010,90.0,74.440619,N-summer
sample_03911.jpg,0.502801141213946,SRC_101,5.0,48.479381,N-winter
sample_03912.jpg,0.38315621128815397,SRC_076,25.0,63.632584,N-autumn
sample_03913.jpg,0.3805647677893774,SRC_014,-40.0,38.480327,N-winter
sample_03914.jpg,0.3886552575164526,SRC_009,-25.0,73.827745,N-spring
sample_03915.jpg,0.3843683160791628,SRC_004,30.0,61.107468,N-autumn
sample_03916.jpg,0.38720976092760595,SRC_114,-10.0,58.176498,N-autumn
sample_03917.jpg,0.37700201952639506,SRC_169,40.0,48.615664,N-summer
sample_03918.jpg,0.5161049425290983,SRC_108,-40.0,68.856247,N-summer
sample_03919.jpg,0.39151512823464163,SRC_126,-20.0,68.779144,N-summer
sample_03920.jpg,0.40117977274255123,SRC_146,10.0,58.0428,N-summer
sample_03921.jpg,0.4996607826708802,SRC_052,5.0,51.705435,N-summer
sample_03922.jpg,0.49728971993597765,SRC_099,15.0,42.024472,N-spring
sample_03923.jpg,0.4287619418655189,SRC_115,25.0,41.8845,N-spring
sample_03924.jpg,0.46857611854258663,SRC_141,-10.0,55.206291,N-spring
sample_03925.jpg,0.43520595679235435,SRC_042,10.0,36.92431,N-spring
sample_03926.jpg,0.42655272475533756,SRC_145,-5.0,52.15166,N-spring
sample_03927.jpg,0.3946013450110461,SRC_091,-40.0,72.511342,N-summer
sample_03928.jpg,0.43668164592419584,SRC_108,-40.0,68.856247,N-summer
sample_03929.jpg,0.38576922796909235,SRC_030,-25.0,67.936804,N-spring
sample_03930.jpg,0.4555767020388456,SRC_099,15.0,42.024472,N-spring
sample_03931.jpg,0.3817489240429807,SRC_126,-20.0,68.779144,N-summer
sample_03932.jpg,0.41344893183478454,SRC_088,0.0,53.004483,N-summer
sample_03933.jpg,0.42167288223777566,SRC_074,0.0,50.25459,N-spring
sample_03934.jpg,0.3871065903978021,SRC_027,35.0,41.369436,N-spring
sample_03935.jpg,0.39563484025754847,SRC_103,-35.0,57.090396,N-autumn
sample_03936.jpg,0.41509261222582594,SRC_097,0.0,35.318175,N-winter
sample_03937.jpg,0.39358350370034756,SRC_100,20.0,41.506528,N-spring
sample_03938.jpg,0.39843490116127356,SRC_030,-25.0,67.936804,N-spring
sample_03939.jpg,0.37146313627861866,SRC_063,25.0,41.329237,N-spring
sample_03940.jpg,0.39448016136013786,SRC_115,25.0,41.8845,N-spring
sample_03941.jpg,0.4763967733082379,SRC_134,-30.0,69.607895,N-spring
sample_03942.jpg,0.38573834177250027,SRC_157,40.0,44.22455,N-summer
sample_03943.jpg,0.3877606259552512,SRC_169,40.0,48.615664,N-summer
sample_03944.jpg,0.42719651041801115,SRC_111,-35.0,79.069883,N-spring
sample_03945.jpg,0.3820040258131991,SRC_114,-10.0,58.176498,N-autumn
sample_03946.jpg,0.3835744126617511,SRC_156,10.0,48.737382,N-summer
sample_03947.jpg,0.47931653676679503,SRC_082,-10.0,60.444036,N-spring
sample_03948.jpg,0.4492709616310707,SRC_052,5.0,51.705435,N-summer
sample_03949.jpg,0.39878850132482,SRC_139,40.0,53.533251,N-winter
sample_03950.jpg,0.4755096709325489,SRC_047,0.0,48.028677,N-spring
sample_03951.jpg,0.386376349978363,SRC_030,-25.0,67.936804,N-spring
sample_03952.jpg,0.46052267650102136,SRC_056,-40.0,74.660587,N-summer
sample_03953.jpg,0.4277941646223999,SRC_022,20.0,41.513642,N-spring
sample_03954.jpg,0.5074938690030348,SRC_074,0.0,50.25459,N-spring
sample_03955.jpg,0.3931767054907103,SRC_046,0.0,58.061031,N-autumn
sample_03956.jpg,0.39499915151034165,SRC_029,-5.0,45.485648,N-autumn
sample_03957.jpg,0.3914713850998957,SRC_093,-25.0,43.343655,N-autumn
sample_03958.jpg,0.4118371551313129,SRC_052,5.0,51.705435,N-summer
sample_03959.jpg,0.3951816720433795,SRC_158,-5.0,35.954137,N-winter
sample_03960.jpg,0.39316480334810117,SRC_124,0.0,51.928413,N-summer
sample_03961.jpg,0.41712863024521907,SRC_144,-35.0,76.731052,N-spring
sample_03962.jpg,0.4143967238336323,SRC_050,0.0,53.680047,N-summer
sample_03963.jpg,0.3945512568178964,SRC_158,-5.0,35.954137,N-winter
sample_03964.jpg,0.4166583297120211,SRC_009,-25.0,73.827745,N-spring
sample_03965.jpg,0.5011602725411098,SRC_074,0.0,50.25459,N-spring
sample_03966.jpg,0.43138571465732556,SRC_013,50.0,54.051464,N-spring
sample_03967.jpg,0.5190247636786801,SRC_071,20.0,40.070501,N-spring
sample_03968.jpg,0.43906758279684394,SRC_049,5.0,42.94902,N-spring
sample_03969.jpg,0.4045072252697012,SRC_006,-15.0,65.638079,N-spring
sample_03970.jpg,0.41910347844871654,SRC_103,-35.0,57.090396,N-autumn
sample_03971.jpg,0.3951355240625585,SRC_125,-5.0,52.428603,N-spring
sample_03972.jpg,0.4140163619307883,SRC_096,25.0,40.422288,N-spring
sample_03973.jpg,0.446866643066765,SRC_128,90.0,56.634817,N-spring
sample_03974.jpg,0.3722349296054956,SRC_041,15.0,46.712049,N-summer
sample_03975.jpg,0.4509044902388305,SRC_051,20.0,63.609319,N-autumn
sample_03976.jpg,0.46797886315237464,SRC_067,-15.0,64.724247,N-spring
sample_03977.jpg,0.37857737657673735,SRC_076,25.0,63.632584,N-autumn
sample_03978.jpg,0.3761318432406081,SRC_108,-40.0,68.856247,N-summer
sample_03979.jpg,0.39586550769599,SRC_011,-20.0,70.371153,N-summer
sample_03980.jpg,0.4256759156620375,SRC_148,-15.0,49.227137,N-autumn
sample_03981.jpg,0.4700685015829599,SRC_101,5.0,48.479381,N-winter
sample_03982.jpg,0.4561834890342902,SRC_047,0.0,48.028677,N-spring
sample_03983.jpg,0.3863386611845882,SRC_074,0.0,50.25459,N-spring
sample_03984.jpg,0.4272771576155949,SRC_133,-10.0,48.887369,N-spring
sample_03985.jpg,0.3859450859582415,SRC_004,30.0,61.107468,N-autumn
sample_03986.jpg,0.4295991010224448,SRC_145,-5.0,52.15166,N-spring
sample_03987.jpg,0.38874865628817484,SRC_121,25.0,67.446292,N-autumn
sample_03988.jpg,0.49862472411991854,SRC_044,-90.0,81.862162,N-autumn
sample_03989.jpg,0.40059290660329927,SRC_076,25.0,63.632584,N-autumn
sample_03990.jpg,0.3876808717072915,SRC_037,15.0,44.468297,N-spring
sample_03991.jpg,0.41579106308617914,SRC_133,-10.0,48.887369,N-spring
sample_03992.jpg,0.39381566806594887,SRC_096,25.0,40.422288,N-spring
sample_03993.jpg,0.5126002774499748,SRC_154,0.0,54.770875,N-summer
sample_03994.jpg,0.4128993716042948,SRC_006,-15.0,65.638079,N-spring
sample_03995.jpg,0.5018700969823421,SRC_114,-10.0,58.176498,N-autumn
sample_03996.jpg,0.42953330338057477,SRC_091,-40.0,72.511342,N-summer
sample_03997.jpg,0.40552554424138654,SRC_121,25.0,67.446292,N-autumn
sample_03998.jpg,0.4196021686976417,SRC_017,-90.0,64.6979,N-winter
sample_03999.jpg,0.3838619061655853,SRC_157,40.0,44.22455,N-summer
sample_04000.jpg,0.4175712871752223,SRC_030,-25.0,67.936804,N-spring
sample_04001.jpg,0.3964553330967472,SRC_013,50.0,54.051464,N-spring
sample_04002.jpg,0.46154401391539546,SRC_022,20.0,41.513642,N-spring
sample_04003.jpg,0.387473179719613,SRC_109,50.0,54.137665,N-summer
sample_04004.jpg,0.39021037511702084,SRC_124,0.0,51.928413,N-summer
sample_04005.jpg,0.3903495199661361,SRC_007,20.0,49.485932,N-winter
sample_04006.jpg,0.39119932613410413,SRC_099,15.0,42.024472,N-spring
sample_04007.jpg,0.378684741014403,SRC_013,50.0,54.051464,N-spring
sample_04008.jpg,0.5152893713525828,SRC_092,5.0,57.429528,N-autumn
sample_04009.jpg,0.398781693847712,SRC_158,-5.0,35.954137,N-winter
sample_04010.jpg,0.3860504590617831,SRC_114,-10.0,58.176498,N-autumn
sample_04011.jpg,0.46978397576729725,SRC_073,45.0,41.537171,N-spring
sample_04012.jpg,0.45472496724515066,SRC_142,-30.0,34.276784,N-winter
sample_04013.jpg,0.43548649603966727,SRC_136,-35.0,76.922409,N-spring
sample_04014.jpg,0.3794820014831015,SRC_108,-40.0,68.856247,N-summer
sample_04015.jpg,0.3988484175651451,SRC_140,35.0,44.85556,N-spring
sample_04016.jpg,0.4285310989595696,SRC_107,20.0,65.68027,N-autumn
sample_04017.jpg,0.5125145474605584,SRC_083,0.0,55.378885,N-spring
sample_04018.jpg,0.38575166433797303,SRC_030,-25.0,67.936804,N-spring
sample_04019.jpg,0.5024851712451799,SRC_074,0.0,50.25459,N-spring
sample_04020.jpg,0.39704553936499637,SRC_146,10.0,58.0428,N-summer
sample_04021.jpg,0.3859116781234741,SRC_046,0.0,58.061031,N-autumn
sample_04022.jpg,0.39407701378593724,SRC_013,50.0,54.051464,N-spring
sample_04023.jpg,0.4040878051937189,SRC_059,15.0,48.046698,N-summer
sample_04024.jpg,0.4665859430851197,SRC_129,20.0,41.057252,N-spring
sample_04025.jpg,0.48160792915877426,SRC_083,0.0,55.378885,N-spring
sample_04026.jpg,0.437098388943754,SRC_058,30.0,69.060883,N-autumn
sample_04027.jpg,0.42178840149526486,SRC_130,25.0,37.507656,N-spring
sample_04028.jpg,0.3916866453405817,SRC_069,25.0,48.120522,N-summer
sample_04029.jpg,0.4962104444361538,SRC_082,-10.0,60.444036,N-spring
sample_04030.jpg,0.461322925805643,SRC_170,-20.0,56.332579,N-autumn
sample_04031.jpg,0.36506248489247406,SRC_118,35.0,49.493581,N-summer
sample_04032.jpg,0.3921926087088826,SRC_112,-30.0,67.516648,N-spring
sample_04033.jpg,0.41853863958583154,SRC_009,-25.0,73.827745,N-spring
sample_04034.jpg,0.460272191355066,SRC_170,-20.0,56.332579,N-autumn
sample_04035.jpg,0.5179624502338018,SRC_154,0.0,54.770875,N-summer
sample_04036.jpg,0.3993837830368875,SRC_004,30.0,61.107468,N-autumn
sample_04037.jpg,0.38089016546019366,SRC_075,-90.0,65.329336,N-winter
sample_04038.jpg,0.3862127460495409,SRC_094,20.0,66.934532,N-autumn
sample_04039.jpg,0.393937673423865,SRC_108,-40.0,68.856247,N-summer
sample_04040.jpg,0.3822200243787006,SRC_004,30.0,61.107468,N-autumn
sample_04041.jpg,0.4171428655635694,SRC_087,0.0,54.65824,N-summer
sample_04042.jpg,0.4296365479655022,SRC_111,-35.0,79.069883,N-spring
sample_04043.jpg,0.48637662780608437,SRC_056,-40.0,74.660587,N-summer
sample_04044.jpg,0.43318356950648,SRC_125,-5.0,52.428603,N-spring
sample_04045.jpg,0.4675947963751749,SRC_117,-90.0,60.317034,N-winter
sample_04046.jpg,0.5158896352738175,SRC_054,5.0,37.41608,N-winter
sample_04047.jpg,0.48629971605675165,SRC_052,5.0,51.705435,N-summer
sample_04048.jpg,0.49260045535119146,SRC_084,-10.0,58.957849,N-summer
sample_04049.jpg,0.39624483014580925,SRC_124,0.0,51.928413,N-summer
sample_04050.jpg,0.43384853013318575,SRC_135,5.0,41.328761,N-winter
sample_04051.jpg,0.4111598585165594,SRC_061,50.0,43.110277,N-spring
sample_04052.jpg,0.3971089810286178,SRC_077,-5.0,34.299081,N-winter
sample_04053.jpg,0.4883350388777288,SRC_067,-15.0,64.724247,N-spring
sample_04054.jpg,0.42781652080610566,SRC_103,-35.0,57.090396,N-autumn
sample_04055.jpg,0.3980072767509383,SRC_085,0.0,39.187341,N-spring
sample_04056.jpg,0.3993409615453949,SRC_013,50.0,54.051464,N-spring
sample_04057.jpg,0.3900486879848061,SRC_022,20.0,41.513642,N-spring
sample_04058.jpg,0.3795150991586515,SRC_057,-5.0,57.599617,N-summer
sample_04059.jpg,0.512275114015041,SRC_081,-90.0,74.772433,N-autumn
sample_04060.jpg,0.5306929338477449,SRC_032,-5.0,52.490186,N-spring
sample_04061.jpg,0.39491312646609367,SRC_040,90.0,57.651744,N-spring
sample_04062.jpg,0.40412928710154683,SRC_159,20.0,67.076816,N-autumn
sample_04063.jpg,0.40964755657083585,SRC_070,60.0,58.788969,N-summer
sample_04064.jpg,0.4879181570520859,SRC_010,90.0,74.440619,N-summer
sample_04065.jpg,0.40282281278433596,SRC_092,5.0,57.429528,N-autumn
sample_04066.jpg,0.3969178223854752,SRC_065,30.0,68.700871,N-winter
sample_04067.jpg,0.39690955832970537,SRC_121,25.0,67.446292,N-autumn
sample_04068.jpg,0.5115398494674359,SRC_085,0.0,39.187341,N-spring
sample_04069.jpg,0.3892576768519434,SRC_004,30.0,61.107468,N-autumn
sample_04070.jpg,0.3940524900915626,SRC_004,30.0,61.107468,N-autumn
sample_04071.jpg,0.39022180458638733,SRC_038,-15.0,32.097448,N-winter
sample_04072.jpg,0.40304726833232885,SRC_009,-25.0,73.827745,N-spring
sample_04073.jpg,0.399413486396804,SRC_133,-10.0,48.887369,N-spring
sample_04074.jpg,0.5506573082328443,SRC_065,30.0,68.700871,N-winter
sample_04075.jpg,0.5054598561232213,SRC_099,15.0,42.024472,N-spring
sample_04076.jpg,0.3886894848789674,SRC_046,0.0,58.061031,N-autumn
sample_04077.jpg,0.38545038790233466,SRC_092,5.0,57.429528,N-autumn
sample_04078.jpg,0.3886470598088068,SRC_027,35.0,41.369436,N-spring
sample_04079.jpg,0.47410982842957894,SRC_058,30.0,69.060883,N-autumn
sample_04080.jpg,0.4024498224744472,SRC_103,-35.0,57.090396,N-autumn
sample_04081.jpg,0.4788881674843809,SRC_135,5.0,41.328761,N-winter
sample_04082.jpg,0.4354581256185971,SRC_144,-35.0,76.731052,N-spring
sample_04083.jpg,0.40905677941858193,SRC_102,-10.0,52.255853,N-spring
sample_04084.jpg,0.4379735428641828,SRC_046,0.0,58.061031,N-autumn
sample_04085.jpg,0.3861038451015504,SRC_075,-90.0,65.329336,N-winter
sample_04086.jpg,0.39590307444311995,SRC_004,30.0,61.107468,N-autumn
sample_04087.jpg,0.39107508731813967,SRC_100,20.0,41.506528,N-spring
sample_04088.jpg,0.40659696606919116,SRC_055,-5.0,57.335076,N-spring
sample_04089.jpg,0.47983032627449473,SRC_076,25.0,63.632584,N-autumn
sample_04090.jpg,0.3908798826437106,SRC_062,45.0,81.508965,N-autumn
sample_04091.jpg,0.4941607244027032,SRC_126,-20.0,68.779144,N-summer
sample_04092.jpg,0.37580540939144325,SRC_141,-10.0,55.206291,N-spring
sample_04093.jpg,0.42882504461089077,SRC_157,40.0,44.22455,N-summer
sample_04094.jpg,0.3946488634327377,SRC_145,-5.0,52.15166,N-spring
sample_04095.jpg,0.515563288125209,SRC_168,90.0,64.709631,N-summer
sample_04096.jpg,0.39382695766675274,SRC_108,-40.0,68.856247,N-summer
sample_04097.jpg,0.4411494374321189,SRC_101,5.0,48.479381,N-winter
sample_04098.jpg,0.3923910068589711,SRC_018,-90.0,67.882485,N-winter
sample_04099.jpg,0.39812709391199297,SRC_168,90.0,64.709631,N-summer
sample_04100.jpg,0.38907312916070447,SRC_028,10.0,42.894848,N-spring
sample_04101.jpg,0.3829584235785274,SRC_096,25.0,40.422288,N-spring
sample_04102.jpg,0.37461728799187194,SRC_063,25.0,41.329237,N-spring
sample_04103.jpg,0.4535034139981258,SRC_047,0.0,48.028677,N-spring
sample_04104.jpg,0.39334618640194485,SRC_158,-5.0,35.954137,N-winter
sample_04105.jpg,0.3943860177734269,SRC_127,-35.0,47.507974,N-autumn
sample_04106.jpg,0.41134601341070837,SRC_115,25.0,41.8845,N-spring
sample_04107.jpg,0.38361411105208204,SRC_004,30.0,61.107468,N-autumn
sample_04108.jpg,0.39082272645628974,SRC_151,-15.0,63.408071,N-summer
sample_04109.jpg,0.48270584021690793,SRC_092,5.0,57.429528,N-autumn
sample_04110.jpg,0.3956467329749166,SRC_126,-20.0,68.779144,N-summer
sample_04111.jpg,0.472957345065202,SRC_083,0.0,55.378885,N-spring
sample_04112.jpg,0.39134270407045607,SRC_157,40.0,44.22455,N-summer
sample_04113.jpg,0.5235295117788387,SRC_164,20.0,59.226879,N-autumn
sample_04114.jpg,0.5024678465026661,SRC_069,25.0,48.120522,N-summer
sample_04115.jpg,0.42831968969675394,SRC_022,20.0,41.513642,N-spring
sample_04116.jpg,0.3985496944717584,SRC_073,45.0,41.537171,N-spring
sample_04117.jpg,0.3916319046860986,SRC_158,-5.0,35.954137,N-winter
sample_04118.jpg,0.38155609748852126,SRC_171,-35.0,63.65778,N-spring
sample_04119.jpg,0.41796278225669037,SRC_170,-20.0,56.332579,N-autumn
sample_04120.jpg,0.41326144993277936,SRC_038,-15.0,32.097448,N-winter
sample_04121.jpg,0.4057819177804137,SRC_092,5.0,57.429528,N-autumn
sample_04122.jpg,0.40037577799683016,SRC_020,35.0,42.075965,N-summer
sample_04123.jpg,0.41656881362866993,SRC_130,25.0,37.507656,N-spring
sample_04124.jpg,0.396658366447458,SRC_059,15.0,48.046698,N-summer
sample_04125.jpg,0.39209415333304803,SRC_009,-25.0,73.827745,N-spring
sample_04126.jpg,0.4655488152939692,SRC_064,90.0,60.573524,N-spring
sample_04127.jpg,0.4987504618829316,SRC_134,-30.0,69.607895,N-spring
sample_04128.jpg,0.389839304812034,SRC_084,-10.0,58.957849,N-summer
sample_04129.jpg,0.3838902381526402,SRC_113,-35.0,36.668707,N-winter
sample_04130.jpg,0.48309004571940484,SRC_006,-15.0,65.638079,N-spring
sample_04131.jpg,0.44089872376138806,SRC_028,10.0,42.894848,N-spring
sample_04132.jpg,0.4137441671379067,SRC_048,-25.0,61.920556,N-autumn
sample_04133.jpg,0.37785236906161906,SRC_141,-10.0,55.206291,N-spring
sample_04134.jpg,0.46720417081625704,SRC_168,90.0,64.709631,N-summer
sample_04135.jpg,0.38632953272836745,SRC_048,-25.0,61.920556,N-autumn
sample_04136.jpg,0.39080965010368457,SRC_009,-25.0,73.827745,N-spring
sample_04137.jpg,0.385539196949826,SRC_114,-10.0,58.176498,N-autumn
sample_04138.jpg,0.4846246690583814,SRC_051,20.0,63.609319,N-autumn
sample_04139.jpg,0.386443432661666,SRC_108,-40.0,68.856247,N-summer
sample_04140.jpg,0.45427813430581765,SRC_038,-15.0,32.097448,N-winter
sample_04141.jpg,0.43960291543014735,SRC_047,0.0,48.028677,N-spring
sample_04142.jpg,0.4635499684842392,SRC_072,15.0,46.966801,N-winter
sample_04143.jpg,0.4248510153901928,SRC_055,-5.0,57.335076,N-spring
sample_04144.jpg,0.5088141678228163,SRC_066,-10.0,61.81065,N-summer
sample_04145.jpg,0.3907192967426951,SRC_034,40.0,46.055099,N-summer
sample_04146.jpg,0.3817671011754335,SRC_169,40.0,48.615664,N-summer
sample_04147.jpg,0.37771108029378253,SRC_030,-25.0,67.936804,N-spring
sample_04148.jpg,0.40261407730575344,SRC_124,0.0,51.928413,N-summer
sample_04149.jpg,0.46499490943817146,SRC_044,-90.0,81.862162,N-autumn
sample_04150.jpg,0.4482915999642686,SRC_111,-35.0,79.069883,N-spring
sample_04151.jpg,0.3953340159262399,SRC_065,30.0,68.700871,N-winter
sample_04152.jpg,0.3909070106312029,SRC_068,0.0,56.216196,N-summer
sample_04153.jpg,0.4603528556783205,SRC_074,0.0,50.25459,N-spring
sample_04154.jpg,0.39702610812831474,SRC_115,25.0,41.8845,N-spring
sample_04155.jpg,0.4480399122182188,SRC_047,0.0,48.028677,N-spring
sample_04156.jpg,0.37567434628686325,SRC_066,-10.0,61.81065,N-summer
sample_04157.jpg,0.43365040013267586,SRC_111,-35.0,79.069883,N-spring
sample_04158.jpg,0.49371042371219964,SRC_047,0.0,48.028677,N-spring
sample_04159.jpg,0.39824316316332853,SRC_042,10.0,36.92431,N-spring
sample_04160.jpg,0.3802703946320921,SRC_003,0.0,38.090051,N-spring
sample_04161.jpg,0.46603807073648784,SRC_055,-5.0,57.335076,N-spring
sample_04162.jpg,0.3874410427498095,SRC_158,-5.0,35.954137,N-winter
sample_04163.jpg,0.40882646349217683,SRC_069,25.0,48.120522,N-summer
sample_04164.jpg,0.4022258814841081,SRC_022,20.0,41.513642,N-spring
sample_04165.jpg,0.3713022400868401,SRC_027,35.0,41.369436,N-spring
sample_04166.jpg,0.3846849203406647,SRC_099,15.0,42.024472,N-spring
sample_04167.jpg,0.4915904214004434,SRC_014,-40.0,38.480327,N-winter
sample_04168.jpg,0.4779253612776621,SRC_081,-90.0,74.772433,N-autumn
sample_04169.jpg,0.4435924449050265,SRC_047,0.0,48.028677,N-spring
sample_04170.jpg,0.491473143148352,SRC_095,-20.0,56.495654,N-spring
sample_04171.jpg,0.42046293559104075,SRC_112,-30.0,67.516648,N-spring
sample_04172.jpg,0.3893844239586837,SRC_020,35.0,42.075965,N-summer
sample_04173.jpg,0.39394209269415026,SRC_065,30.0,68.700871,N-winter
sample_04174.jpg,0.46471133408735116,SRC_049,5.0,42.94902,N-spring
sample_04175.jpg,0.5172012673941846,SRC_027,35.0,41.369436,N-spring
sample_04176.jpg,0.5000641991394233,SRC_074,0.0,50.25459,N-spring
sample_04177.jpg,0.3898352759926208,SRC_109,50.0,54.137665,N-summer
sample_04178.jpg,0.4108343162551121,SRC_100,20.0,41.506528,N-spring
sample_04179.jpg,0.44354928842799357,SRC_133,-10.0,48.887369,N-spring
sample_04180.jpg,0.48358073897240883,SRC_098,-45.0,70.730178,N-summer
sample_04181.jpg,0.4383985581387245,SRC_107,20.0,65.68027,N-autumn
sample_04182.jpg,0.38221518281892897,SRC_095,-20.0,56.495654,N-spring
sample_04183.jpg,0.3812503528186914,SRC_004,30.0,61.107468,N-autumn
sample_04184.jpg,0.43013611052319256,SRC_107,20.0,65.68027,N-autumn
sample_04185.jpg,0.39338379375451377,SRC_067,-15.0,64.724247,N-spring
sample_04186.jpg,0.43319064089160275,SRC_133,-10.0,48.887369,N-spring
sample_04187.jpg,0.46599990846285966,SRC_069,25.0,48.120522,N-summer
sample_04188.jpg,0.49941547643406176,SRC_051,20.0,63.609319,N-autumn
sample_04189.jpg,0.4028068232720866,SRC_009,-25.0,73.827745,N-spring
sample_04190.jpg,0.4331442247598917,SRC_022,20.0,41.513642,N-spring
sample_04191.jpg,0.49831207996792193,SRC_119,90.0,58.642683,N-spring
sample_04192.jpg,0.3896829478815209,SRC_066,-10.0,61.81065,N-summer
sample_04193.jpg,0.4280877189210699,SRC_115,25.0,41.8845,N-spring
sample_04194.jpg,0.4793517627729237,SRC_102,-10.0,52.255853,N-spring
sample_04195.jpg,0.516332317365144,SRC_168,90.0,64.709631,N-summer
sample_04196.jpg,0.49108018620903476,SRC_014,-40.0,38.480327,N-winter
sample_04197.jpg,0.3957032233581276,SRC_003,0.0,38.090051,N-spring
sample_04198.jpg,0.44882194693100697,SRC_091,-40.0,72.511342,N-summer
sample_04199.jpg,0.4905362659249291,SRC_002,40.0,45.868768,N-summer
sample_04200.jpg,0.44098865310782953,SRC_108,-40.0,68.856247,N-summer
sample_04201.jpg,0.5268029976658779,SRC_085,0.0,39.187341,N-spring
sample_04202.jpg,0.3939270891205015,SRC_084,-10.0,58.957849,N-summer
sample_04203.jpg,0.38060970567461994,SRC_073,45.0,41.537171,N-spring
sample_04204.jpg,0.4811986662441046,SRC_170,-20.0,56.332579,N-autumn
sample_04205.jpg,0.3899308526820544,SRC_043,10.0,50.433279,N-summer
sample_04206.jpg,0.3985738988232087,SRC_008,25.0,61.005891,N-autumn
sample_04207.jpg,0.52483271827586,SRC_065,30.0,68.700871,N-winter
sample_04208.jpg,0.38921334966213333,SRC_042,10.0,36.92431,N-spring
sample_04209.jpg,0.3871132692137986,SRC_041,15.0,46.712049,N-summer
sample_04210.jpg,0.3960583271103381,SRC_016,10.0,55.552023,N-winter
sample_04211.jpg,0.4975331722743924,SRC_087,0.0,54.65824,N-summer
sample_04212.jpg,0.5051861357848841,SRC_158,-5.0,35.954137,N-winter
sample_04213.jpg,0.3864438599389727,SRC_015,20.0,46.484204,N-summer
sample_04214.jpg,0.3875952527246124,SRC_084,-10.0,58.957849,N-summer
sample_04215.jpg,0.4088749877706211,SRC_065,30.0,68.700871,N-winter
sample_04216.jpg,0.4621476382395368,SRC_047,0.0,48.028677,N-spring
sample_04217.jpg,0.39149163550979665,SRC_153,-40.0,43.960452,N-autumn
sample_04218.jpg,0.48174619008054653,SRC_049,5.0,42.94902,N-spring
sample_04219.jpg,0.3849949552322662,SRC_041,15.0,46.712049,N-summer
sample_04220.jpg,0.5234952441073656,SRC_010,90.0,74.440619,N-summer
sample_04221.jpg,0.46394684376296896,SRC_061,50.0,43.110277,N-spring
sample_04222.jpg,0.5240268237028095,SRC_030,-25.0,67.936804,N-spring
sample_04223.jpg,0.4462306752953965,SRC_123,0.0,54.598149,N-autumn
sample_04224.jpg,0.3984501512432841,SRC_158,-5.0,35.954137,N-winter
sample_04225.jpg,0.4937672629478014,SRC_076,25.0,63.632584,N-autumn
sample_04226.jpg,0.39703012477310434,SRC_169,40.0,48.615664,N-summer
sample_04227.jpg,0.42918315844639504,SRC_151,-15.0,63.408071,N-summer
sample_04228.jpg,0.38847224110951145,SRC_037,15.0,44.468297,N-spring
sample_04229.jpg,0.3843449816340765,SRC_109,50.0,54.137665,N-summer
sample_04230.jpg,0.3893640533878643,SRC_157,40.0,44.22455,N-summer
sample_04231.jpg,0.5111800911105677,SRC_170,-20.0,56.332579,N-autumn
sample_04232.jpg,0.4905707480177002,SRC_065,30.0,68.700871,N-winter
sample_04233.jpg,0.48547320536321337,SRC_157,40.0,44.22455,N-summer
sample_04234.jpg,0.39629724780535897,SRC_169,40.0,48.615664,N-summer
sample_04235.jpg,0.40316182509149084,SRC_038,-15.0,32.097448,N-winter
sample_04236.jpg,0.5016470413991977,SRC_157,40.0,44.22455,N-summer
sample_04237.jpg,0.4727522560132531,SRC_136,-35.0,76.922409,N-spring
sample_04238.jpg,0.4841358125342641,SRC_154,0.0,54.770875,N-summer
sample_04239.jpg,0.5081657998409811,SRC_161,5.0,52.294471,N-summer
sample_04240.jpg,0.389388492932373,SRC_082,-10.0,60.444036,N-spring
sample_04241.jpg,0.38747170012777166,SRC_106,25.0,40.638999,N-spring
sample_04242.jpg,0.4896658396534379,SRC_051,20.0,63.609319,N-autumn
sample_04243.jpg,0.4076010110491559,SRC_071,20.0,40.070501,N-spring
sample_04244.jpg,0.4081458505720429,SRC_074,0.0,50.25459,N-spring
sample_04245.jpg,0.5185084107419113,SRC_030,-25.0,67.936804,N-spring
sample_04246.jpg,0.3922645919532302,SRC_150,10.0,50.798821,N-summer
sample_04247.jpg,0.3868230860480156,SRC_070,60.0,58.788969,N-summer
sample_04248.jpg,0.4969178779774981,SRC_009,-25.0,73.827745,N-spring
sample_04249.jpg,0.4178772100670165,SRC_103,-35.0,57.090396,N-autumn
sample_04250.jpg,0.37606332551791494,SRC_099,15.0,42.024472,N-spring
sample_04251.jpg,0.509034803411114,SRC_032,-5.0,52.490186,N-spring
sample_04252.jpg,0.380601956704424,SRC_159,20.0,67.076816,N-autumn
sample_04253.jpg,0.5069156026411883,SRC_106,25.0,40.638999,N-spring
sample_04254.jpg,0.41445414523233015,SRC_102,-10.0,52.255853,N-spring
sample_04255.jpg,0.39786502481616526,SRC_121,25.0,67.446292,N-autumn
sample_04256.jpg,0.44509465102630646,SRC_115,25.0,41.8845,N-spring
sample_04257.jpg,0.4504564441812544,SRC_170,-20.0,56.332579,N-autumn
sample_04258.jpg,0.3675991501252408,SRC_002,40.0,45.868768,N-summer
sample_04259.jpg,0.4461751911262378,SRC_049,5.0,42.94902,N-spring
sample_04260.jpg,0.4868007702239078,SRC_139,40.0,53.533251,N-winter
sample_04261.jpg,0.41347068764938405,SRC_016,10.0,55.552023,N-winter
sample_04262.jpg,0.4279361000810913,SRC_097,0.0,35.318175,N-winter
sample_04263.jpg,0.38072357622223,SRC_169,40.0,48.615664,N-summer
sample_04264.jpg,0.49897306782888273,SRC_077,-5.0,34.299081,N-winter
sample_04265.jpg,0.4126811302918261,SRC_154,0.0,54.770875,N-summer
sample_04266.jpg,0.40282617448575114,SRC_150,10.0,50.798821,N-summer
sample_04267.jpg,0.399427802407415,SRC_030,-25.0,67.936804,N-spring
sample_04268.jpg,0.409208446665298,SRC_036,5.0,52.749586,N-summer
sample_04269.jpg,0.39057387243482367,SRC_043,10.0,50.433279,N-summer
sample_04270.jpg,0.39603010668273864,SRC_095,-20.0,56.495654,N-spring
sample_04271.jpg,0.3882900989145903,SRC_159,20.0,67.076816,N-autumn
sample_04272.jpg,0.4376226768578289,SRC_115,25.0,41.8845,N-spring
sample_04273.jpg,0.41851784293858235,SRC_043,10.0,50.433279,N-summer
sample_04274.jpg,0.4310877835362442,SRC_096,25.0,40.422288,N-spring
sample_04275.jpg,0.4008131784573406,SRC_170,-20.0,56.332579,N-autumn
sample_04276.jpg,0.44467433134353407,SRC_030,-25.0,67.936804,N-spring
sample_04277.jpg,0.38599973876086047,SRC_051,20.0,63.609319,N-autumn
sample_04278.jpg,0.38836966127837924,SRC_089,10.0,48.442522,N-winter
sample_04279.jpg,0.38128764648689273,SRC_084,-10.0,58.957849,N-summer
sample_04280.jpg,0.4043135249041085,SRC_114,-10.0,58.176498,N-autumn
sample_04281.jpg,0.4176483602649327,SRC_132,5.0,51.83727,N-summer
sample_04282.jpg,0.4272161045596146,SRC_148,-15.0,49.227137,N-autumn
sample_04283.jpg,0.3910011571282408,SRC_084,-10.0,58.957849,N-summer
sample_04284.jpg,0.4238550823928753,SRC_120,90.0,69.983669,N-summer
sample_04285.jpg,0.506814007140678,SRC_065,30.0,68.700871,N-winter
sample_04286.jpg,0.41080110679767856,SRC_146,10.0,58.0428,N-summer
sample_04287.jpg,0.39399825012263906,SRC_158,-5.0,35.954137,N-winter
sample_04288.jpg,0.384557940463378,SRC_121,25.0,67.446292,N-autumn
sample_04289.jpg,0.40050558294447314,SRC_004,30.0,61.107468,N-autumn
sample_04290.jpg,0.40874534130802226,SRC_141,-10.0,55.206291,N-spring
sample_04291.jpg,0.40987257142292266,SRC_042,10.0,36.92431,N-spring
sample_04292.jpg,0.4075338021047473,SRC_142,-30.0,34.276784,N-winter
sample_04293.jpg,0.39813951078953214,SRC_134,-30.0,69.607895,N-spring
sample_04294.jpg,0.3866061148160216,SRC_121,25.0,67.446292,N-autumn
sample_04295.jpg,0.4974617986007009,SRC_111,-35.0,79.069883,N-spring
sample_04296.jpg,0.419780594753899,SRC_009,-25.0,73.827745,N-spring
sample_04297.jpg,0.48238249973834557,SRC_070,60.0,58.788969,N-summer
sample_04298.jpg,0.43158055557171326,SRC_124,0.0,51.928413,N-summer
sample_04299.jpg,0.4392865237058404,SRC_055,-5.0,57.335076,N-spring
sample_04300.jpg,0.5261744408111062,SRC_051,20.0,63.609319,N-autumn
sample_04301.jpg,0.3835023149903566,SRC_015,20.0,46.484204,N-summer
sample_04302.jpg,0.38597332309895666,SRC_043,10.0,50.433279,N-summer
sample_04303.jpg,0.48422972032686556,SRC_055,-5.0,57.335076,N-spring
sample_04304.jpg,0.511578044586795,SRC_059,15.0,48.046698,N-summer
sample_04305.jpg,0.4202367132274801,SRC_030,-25.0,67.936804,N-spring
sample_04306.jpg,0.38304093526877003,SRC_074,0.0,50.25459,N-spring
sample_04307.jpg,0.49169625843962284,SRC_087,0.0,54.65824,N-summer
sample_04308.jpg,0.40123812142115745,SRC_108,-40.0,68.856247,N-summer
sample_04309.jpg,0.39993867587107423,SRC_005,0.0,55.846781,N-summer
sample_04310.jpg,0.38789022132744855,SRC_052,5.0,51.705435,N-summer
sample_04311.jpg,0.5184432717699411,SRC_054,5.0,37.41608,N-winter
sample_04312.jpg,0.5111604550105708,SRC_041,15.0,46.712049,N-summer
sample_04313.jpg,0.4339592854836479,SRC_047,0.0,48.028677,N-spring
sample_04314.jpg,0.41603077875746974,SRC_138,25.0,44.714676,N-summer
sample_04315.jpg,0.39550680108940806,SRC_124,0.0,51.928413,N-summer
sample_04316.jpg,0.38087637257873025,SRC_041,15.0,46.712049,N-summer
sample_04317.jpg,0.4057412156629027,SRC_092,5.0,57.429528,N-autumn
sample_04318.jpg,0.5277255869472164,SRC_168,90.0,64.709631,N-summer
sample_04319.jpg,0.39102330757412995,SRC_030,-25.0,67.936804,N-spring
sample_04320.jpg,0.41014701081487315,SRC_059,15.0,48.046698,N-summer
sample_04321.jpg,0.39208740469286524,SRC_100,20.0,41.506528,N-spring
sample_04322.jpg,0.3952134528698149,SRC_009,-25.0,73.827745,N-spring
sample_04323.jpg,0.4121094524231367,SRC_133,-10.0,48.887369,N-spring
sample_04324.jpg,0.48107407687961545,SRC_145,-5.0,52.15166,N-spring
sample_04325.jpg,0.39877160235411047,SRC_084,-10.0,58.957849,N-summer
sample_04326.jpg,0.4350076275801107,SRC_092,5.0,57.429528,N-autumn
sample_04327.jpg,0.38307123792402364,SRC_004,30.0,61.107468,N-autumn
sample_04328.jpg,0.41164158304303433,SRC_144,-35.0,76.731052,N-spring
sample_04329.jpg,0.4950392018718569,SRC_009,-25.0,73.827745,N-spring
sample_04330.jpg,0.38145083281813585,SRC_013,50.0,54.051464,N-spring
sample_04331.jpg,0.39165154971429694,SRC_035,0.0,56.990187,N-autumn
sample_04332.jpg,0.39386457104677747,SRC_114,-10.0,58.176498,N-autumn
sample_04333.jpg,0.5039481833601277,SRC_142,-30.0,34.276784,N-winter
sample_04334.jpg,0.38048604001954567,SRC_108,-40.0,68.856247,N-summer
sample_04335.jpg,0.4013837854821343,SRC_009,-25.0,73.827745,N-spring
sample_04336.jpg,0.41769707412689155,SRC_038,-15.0,32.097448,N-winter
sample_04337.jpg,0.3885834794509325,SRC_004,30.0,61.107468,N-autumn
sample_04338.jpg,0.4023701108726674,SRC_120,90.0,69.983669,N-summer
sample_04339.jpg,0.38849671535737895,SRC_005,0.0,55.846781,N-summer
sample_04340.jpg,0.4344633520719595,SRC_047,0.0,48.028677,N-spring
sample_04341.jpg,0.5208683371630551,SRC_071,20.0,40.070501,N-spring
sample_04342.jpg,0.38400587223560334,SRC_030,-25.0,67.936804,N-spring
sample_04343.jpg,0.4432653425135591,SRC_042,10.0,36.92431,N-spring
sample_04344.jpg,0.5272496924185249,SRC_046,0.0,58.061031,N-autumn
sample_04345.jpg,0.47215046306943426,SRC_094,20.0,66.934532,N-autumn
sample_04346.jpg,0.4763348427477402,SRC_095,-20.0,56.495654,N-spring
sample_04347.jpg,0.47962229158811465,SRC_005,0.0,55.846781,N-summer
sample_04348.jpg,0.45766523136959025,SRC_071,20.0,40.070501,N-spring
sample_04349.jpg,0.3923192535608432,SRC_004,30.0,61.107468,N-autumn
sample_04350.jpg,0.3924985412777825,SRC_076,25.0,63.632584,N-autumn
sample_04351.jpg,0.38935620919263514,SRC_108,-40.0,68.856247,N-summer
sample_04352.jpg,0.4267123097591571,SRC_028,10.0,42.894848,N-spring
sample_04353.jpg,0.39986307624335893,SRC_006,-15.0,65.638079,N-spring
sample_04354.jpg,0.39876227727747093,SRC_108,-40.0,68.856247,N-summer
sample_04355.jpg,0.41133368985214436,SRC_020,35.0,42.075965,N-summer
sample_04356.jpg,0.38865380608390904,SRC_046,0.0,58.061031,N-autumn
sample_04357.jpg,0.3870406866680251,SRC_126,-20.0,68.779144,N-summer
sample_04358.jpg,0.48196721993329306,SRC_100,20.0,41.506528,N-spring
sample_04359.jpg,0.4174988643052117,SRC_022,20.0,41.513642,N-spring
sample_04360.jpg,0.4126147509310945,SRC_151,-15.0,63.408071,N-summer
sample_04361.jpg,0.4689284432627721,SRC_071,20.0,40.070501,N-spring
sample_04362.jpg,0.3763796437222913,SRC_063,25.0,41.329237,N-spring
sample_04363.jpg,0.38342720205909275,SRC_041,15.0,46.712049,N-summer
sample_04364.jpg,0.401962500668086,SRC_151,-15.0,63.408071,N-summer
sample_04365.jpg,0.3977030408228746,SRC_134,-30.0,69.607895,N-spring
sample_04366.jpg,0.4302881695477664,SRC_115,25.0,41.8845,N-spring
sample_04367.jpg,0.4047419826444109,SRC_009,-25.0,73.827745,N-spring
sample_04368.jpg,0.39871559968838693,SRC_059,15.0,48.046698,N-summer
sample_04369.jpg,0.392797406896958,SRC_021,-90.0,68.040851,N-autumn
sample_04370.jpg,0.38561217695240113,SRC_057,-5.0,57.599617,N-summer
sample_04371.jpg,0.38458380613762555,SRC_099,15.0,42.024472,N-spring
sample_04372.jpg,0.4931540390952825,SRC_124,0.0,51.928413,N-summer
sample_04373.jpg,0.3944250847552712,SRC_108,-40.0,68.856247,N-summer
sample_04374.jpg,0.46811491259333815,SRC_168,90.0,64.709631,N-summer
sample_04375.jpg,0.3949903498459125,SRC_084,-10.0,58.957849,N-summer
sample_04376.jpg,0.4968134307221736,SRC_051,20.0,63.609319,N-autumn
sample_04377.jpg,0.39631779972768716,SRC_121,25.0,67.446292,N-autumn
sample_04378.jpg,0.3824025552816481,SRC_006,-15.0,65.638079,N-spring
sample_04379.jpg,0.5373838211490829,SRC_128,90.0,56.634817,N-spring
sample_04380.jpg,0.48547741270660405,SRC_022,20.0,41.513642,N-spring
sample_04381.jpg,0.39608284290912593,SRC_013,50.0,54.051464,N-spring
sample_04382.jpg,0.393124420302202,SRC_136,-35.0,76.922409,N-spring
sample_04383.jpg,0.40066095680187425,SRC_009,-25.0,73.827745,N-spring
sample_04384.jpg,0.41552952028327866,SRC_089,10.0,48.442522,N-winter
sample_04385.jpg,0.4901343519741855,SRC_131,10.0,60.540464,N-autumn
sample_04386.jpg,0.3874473484529304,SRC_056,-40.0,74.660587,N-summer
sample_04387.jpg,0.48662139672393884,SRC_071,20.0,40.070501,N-spring
sample_04388.jpg,0.394031987304938,SRC_055,-5.0,57.335076,N-spring
sample_04389.jpg,0.47537999765705585,SRC_023,-10.0,50.837437,N-spring
sample_04390.jpg,0.3992024536385491,SRC_015,20.0,46.484204,N-summer
sample_04391.jpg,0.3818696740852624,SRC_108,-40.0,68.856247,N-summer
sample_04392.jpg,0.3869513421021223,SRC_030,-25.0,67.936804,N-spring
sample_04393.jpg,0.4366613261516724,SRC_101,5.0,48.479381,N-winter
sample_04394.jpg,0.41345993541521253,SRC_020,35.0,42.075965,N-summer
sample_04395.jpg,0.37440811862828866,SRC_169,40.0,48.615664,N-summer
sample_04396.jpg,0.38601360290051084,SRC_001,-5.0,51.987197,N-spring
sample_04397.jpg,0.3807431838863435,SRC_146,10.0,58.0428,N-summer
sample_04398.jpg,0.38049214982075397,SRC_022,20.0,41.513642,N-spring
sample_04399.jpg,0.3902078198014317,SRC_114,-10.0,58.176498,N-autumn
sample_04400.jpg,0.4998581759961242,SRC_143,90.0,68.916652,N-spring
sample_04401.jpg,0.4376071252541839,SRC_142,-30.0,34.276784,N-winter
sample_04402.jpg,0.41134072721271797,SRC_115,25.0,41.8845,N-spring
sample_04403.jpg,0.40765417841618845,SRC_112,-30.0,67.516648,N-spring
sample_04404.jpg,0.40650595885313,SRC_096,25.0,40.422288,N-spring
sample_04405.jpg,0.3923303203585976,SRC_032,-5.0,52.490186,N-spring
sample_04406.jpg,0.4833422225854093,SRC_027,35.0,41.369436,N-spring
sample_04407.jpg,0.4352057142113407,SRC_016,10.0,55.552023,N-winter
sample_04408.jpg,0.39414681207474395,SRC_067,-15.0,64.724247,N-spring
sample_04409.jpg,0.4969279345366909,SRC_119,90.0,58.642683,N-spring
sample_04410.jpg,0.4032210762032925,SRC_109,50.0,54.137665,N-summer
sample_04411.jpg,0.3971442269990755,SRC_112,-30.0,67.516648,N-spring
sample_04412.jpg,0.4253345448963146,SRC_001,-5.0,51.987197,N-spring
sample_04413.jpg,0.4218317360888877,SRC_122,-5.0,57.310506,N-summer
sample_04414.jpg,0.3781436850038137,SRC_168,90.0,64.709631,N-summer
sample_04415.jpg,0.40700717095380207,SRC_134,-30.0,69.607895,N-spring
sample_04416.jpg,0.49402287490719976,SRC_149,90.0,55.701783,N-summer
sample_04417.jpg,0.4560408558013373,SRC_050,0.0,53.680047,N-summer
sample_04418.jpg,0.38846757170381474,SRC_109,50.0,54.137665,N-summer
sample_04419.jpg,0.38515639404914503,SRC_121,25.0,67.446292,N-autumn
sample_04420.jpg,0.39980008140351153,SRC_153,-40.0,43.960452,N-autumn
sample_04421.jpg,0.39325453677244715,SRC_040,90.0,57.651744,N-spring
sample_04422.jpg,0.3998330964960773,SRC_052,5.0,51.705435,N-summer
sample_04423.jpg,0.3771312862738074,SRC_169,40.0,48.615664,N-summer
sample_04424.jpg,0.44798015586185247,SRC_050,0.0,53.680047,N-summer
sample_04425.jpg,0.3979499507470957,SRC_165,10.0,42.451267,N-winter
sample_04426.jpg,0.4001382694540454,SRC_027,35.0,41.369436,N-spring
sample_04427.jpg,0.3859255872079525,SRC_158,-5.0,35.954137,N-winter
sample_04428.jpg,0.37526567036109115,SRC_042,10.0,36.92431,N-spring
sample_04429.jpg,0.38543655616100897,SRC_153,-40.0,43.960452,N-autumn
sample_04430.jpg,0.4186891113960119,SRC_115,25.0,41.8845,N-spring
sample_04431.jpg,0.46896453335868954,SRC_108,-40.0,68.856247,N-summer
sample_04432.jpg,0.39036333600147277,SRC_095,-20.0,56.495654,N-spring
sample_04433.jpg,0.38855306271374757,SRC_012,-90.0,85.677016,N-autumn
sample_04434.jpg,0.4076323837383515,SRC_042,10.0,36.92431,N-spring
sample_04435.jpg,0.37023278410175975,SRC_141,-10.0,55.206291,N-spring
sample_04436.jpg,0.485654132744571,SRC_095,-20.0,56.495654,N-spring
sample_04437.jpg,0.47802786913725726,SRC_084,-10.0,58.957849,N-summer
sample_04438.jpg,0.4061892926514218,SRC_088,0.0,53.004483,N-summer
sample_04439.jpg,0.483009462148306,SRC_112,-30.0,67.516648,N-spring
sample_04440.jpg,0.4233731671853655,SRC_112,-30.0,67.516648,N-spring
sample_04441.jpg,0.3879801638798531,SRC_056,-40.0,74.660587,N-summer
sample_04442.jpg,0.37746803181543653,SRC_108,-40.0,68.856247,N-summer
sample_04443.jpg,0.38554401520113946,SRC_037,15.0,44.468297,N-spring
sample_04444.jpg,0.5092666304469533,SRC_138,25.0,44.714676,N-summer
sample_04445.jpg,0.38522163549739397,SRC_093,-25.0,43.343655,N-autumn
sample_04446.jpg,0.38066490509801154,SRC_169,40.0,48.615664,N-summer
sample_04447.jpg,0.42795662389223627,SRC_095,-20.0,56.495654,N-spring
sample_04448.jpg,0.39160179327186867,SRC_096,25.0,40.422288,N-spring
sample_04449.jpg,0.47987354695273376,SRC_043,10.0,50.433279,N-summer
sample_04450.jpg,0.49706962177613556,SRC_156,10.0,48.737382,N-summer
sample_04451.jpg,0.40033868957846375,SRC_146,10.0,58.0428,N-summer
sample_04452.jpg,0.38569693405829486,SRC_108,-40.0,68.856247,N-summer
sample_04453.jpg,0.47965840741589566,SRC_006,-15.0,65.638079,N-spring
sample_04454.jpg,0.3766361828109214,SRC_169,40.0,48.615664,N-summer
sample_04455.jpg,0.412295719564771,SRC_103,-35.0,57.090396,N-autumn
sample_04456.jpg,0.4148814873618266,SRC_011,-20.0,70.371153,N-summer
sample_04457.jpg,0.5190326830973145,SRC_076,25.0,63.632584,N-autumn
sample_04458.jpg,0.42056401671524063,SRC_024,10.0,53.725813,N-summer
sample_04459.jpg,0.396165848962471,SRC_066,-10.0,61.81065,N-summer
sample_04460.jpg,0.3975174461862962,SRC_095,-20.0,56.495654,N-spring
sample_04461.jpg,0.41443097154037634,SRC_021,-90.0,68.040851,N-autumn
sample_04462.jpg,0.5001193293020034,SRC_070,60.0,58.788969,N-summer
sample_04463.jpg,0.3888281788743271,SRC_027,35.0,41.369436,N-spring
sample_04464.jpg,0.38082444834606227,SRC_109,50.0,54.137665,N-summer
sample_04465.jpg,0.5103644116919808,SRC_030,-25.0,67.936804,N-spring
sample_04466.jpg,0.3842345366613544,SRC_014,-40.0,38.480327,N-winter
sample_04467.jpg,0.4656060548887641,SRC_074,0.0,50.25459,N-spring
sample_04468.jpg,0.5318310623927103,SRC_111,-35.0,79.069883,N-spring
sample_04469.jpg,0.3779643033869243,SRC_030,-25.0,67.936804,N-spring
sample_04470.jpg,0.4456601940923791,SRC_055,-5.0,57.335076,N-spring
sample_04471.jpg,0.37950021922382016,SRC_165,10.0,42.451267,N-winter
sample_04472.jpg,0.3949445074295704,SRC_171,-35.0,63.65778,N-spring
sample_04473.jpg,0.37668772635828185,SRC_141,-10.0,55.206291,N-spring
sample_04474.jpg,0.3891228276064908,SRC_085,0.0,39.187341,N-spring
sample_04475.jpg,0.4103487184708577,SRC_074,0.0,50.25459,N-spring
sample_04476.jpg,0.40430127385252534,SRC_108,-40.0,68.856247,N-summer
sample_04477.jpg,0.40441329236963935,SRC_151,-15.0,63.408071,N-summer
sample_04478.jpg,0.3936976697286262,SRC_170,-20.0,56.332579,N-autumn
sample_04479.jpg,0.4778235523937395,SRC_087,0.0,54.65824,N-summer
sample_04480.jpg,0.4220457965799424,SRC_106,25.0,40.638999,N-spring
sample_04481.jpg,0.45490443729742613,SRC_130,25.0,37.507656,N-spring
sample_04482.jpg,0.39048553908180905,SRC_158,-5.0,35.954137,N-winter
sample_04483.jpg,0.47307809108462856,SRC_113,-35.0,36.668707,N-winter
sample_04484.jpg,0.38301349123864076,SRC_121,25.0,67.446292,N-autumn
sample_04485.jpg,0.46553181618526673,SRC_116,5.0,41.203028,N-spring
sample_04486.jpg,0.47489213959619747,SRC_045,-90.0,70.559818,N-autumn
sample_04487.jpg,0.4318604063691785,SRC_080,-25.0,69.726065,N-summer
sample_04488.jpg,0.40262877020924775,SRC_092,5.0,57.429528,N-autumn
sample_04489.jpg,0.4418010058220679,SRC_047,0.0,48.028677,N-spring
sample_04490.jpg,0.41763608575285993,SRC_115,25.0,41.8845,N-spring
sample_04491.jpg,0.48049567643540697,SRC_135,5.0,41.328761,N-winter
sample_04492.jpg,0.381663810166952,SRC_121,25.0,67.446292,N-autumn
sample_04493.jpg,0.402977586947573,SRC_160,-10.0,50.604377,N-autumn
sample_04494.jpg,0.3942351714039992,SRC_164,20.0,59.226879,N-autumn
sample_04495.jpg,0.48471117108878464,SRC_093,-25.0,43.343655,N-autumn
sample_04496.jpg,0.45881286490136725,SRC_133,-10.0,48.887369,N-spring
sample_04497.jpg,0.3917133839783966,SRC_091,-40.0,72.511342,N-summer
sample_04498.jpg,0.4379737850921736,SRC_145,-5.0,52.15166,N-spring
sample_04499.jpg,0.4178569413510921,SRC_020,35.0,42.075965,N-summer
sample_04500.jpg,0.386552704457904,SRC_004,30.0,61.107468,N-autumn
sample_04501.jpg,0.4793771011569836,SRC_088,0.0,53.004483,N-summer
sample_04502.jpg,0.39223035211579604,SRC_112,-30.0,67.516648,N-spring
sample_04503.jpg,0.43581684445064395,SRC_051,20.0,63.609319,N-autumn
sample_04504.jpg,0.4005209508258633,SRC_013,50.0,54.051464,N-spring
sample_04505.jpg,0.5082272842904271,SRC_049,5.0,42.94902,N-spring
sample_04506.jpg,0.44055378611764884,SRC_111,-35.0,79.069883,N-spring
sample_04507.jpg,0.406323563167328,SRC_145,-5.0,52.15166,N-spring
sample_04508.jpg,0.5014404548803288,SRC_003,0.0,38.090051,N-spring
sample_04509.jpg,0.38618201069725744,SRC_009,-25.0,73.827745,N-spring
sample_04510.jpg,0.4005357199625961,SRC_133,-10.0,48.887369,N-spring
sample_04511.jpg,0.49270406892853147,SRC_148,-15.0,49.227137,N-autumn
sample_04512.jpg,0.39303285582410796,SRC_030,-25.0,67.936804,N-spring
sample_04513.jpg,0.41226910628578184,SRC_144,-35.0,76.731052,N-spring
sample_04514.jpg,0.4511032062212026,SRC_018,-90.0,67.882485,N-winter
sample_04515.jpg,0.40204523601701936,SRC_030,-25.0,67.936804,N-spring
sample_04516.jpg,0.5289650598274991,SRC_067,-15.0,64.724247,N-spring
sample_04517.jpg,0.4161803393465678,SRC_104,25.0,45.102036,N-summer
sample_04518.jpg,0.4022500876317256,SRC_015,20.0,46.484204,N-summer
sample_04519.jpg,0.5001518144694757,SRC_142,-30.0,34.276784,N-winter
sample_04520.jpg,0.41062258673174795,SRC_124,0.0,51.928413,N-summer
sample_04521.jpg,0.3810319803201313,SRC_108,-40.0,68.856247,N-summer
sample_04522.jpg,0.46656201922029483,SRC_168,90.0,64.709631,N-summer
sample_04523.jpg,0.5084786583462764,SRC_131,10.0,60.540464,N-autumn
sample_04524.jpg,0.47442762679048,SRC_151,-15.0,63.408071,N-summer
sample_04525.jpg,0.47351561315656693,SRC_066,-10.0,61.81065,N-summer
sample_04526.jpg,0.39517931539871354,SRC_103,-35.0,57.090396,N-autumn
sample_04527.jpg,0.3848189226453692,SRC_096,25.0,40.422288,N-spring
sample_04528.jpg,0.45034536182350626,SRC_039,90.0,70.63275,N-summer
sample_04529.jpg,0.4390392335968608,SRC_150,10.0,50.798821,N-summer
sample_04530.jpg,0.48721835337391123,SRC_036,5.0,52.749586,N-summer
sample_04531.jpg,0.3894769856139685,SRC_145,-5.0,52.15166,N-spring
sample_04532.jpg,0.4897952684416289,SRC_001,-5.0,51.987197,N-spring
sample_04533.jpg,0.40346380770672174,SRC_091,-40.0,72.511342,N-summer
sample_04534.jpg,0.5071129585239067,SRC_074,0.0,50.25459,N-spring
sample_04535.jpg,0.41934796385470896,SRC_058,30.0,69.060883,N-autumn
sample_04536.jpg,0.38263978274101235,SRC_013,50.0,54.051464,N-spring
sample_04537.jpg,0.4844508110529411,SRC_059,15.0,48.046698,N-summer
sample_04538.jpg,0.39900062569976746,SRC_021,-90.0,68.040851,N-autumn
sample_04539.jpg,0.4055840227747603,SRC_092,5.0,57.429528,N-autumn
sample_04540.jpg,0.4859756224328393,SRC_140,35.0,44.85556,N-spring
sample_04541.jpg,0.4736203941687247,SRC_140,35.0,44.85556,N-spring
sample_04542.jpg,0.4734657816623657,SRC_115,25.0,41.8845,N-spring
sample_04543.jpg,0.4306493174805584,SRC_036,5.0,52.749586,N-summer
sample_04544.jpg,0.41193658049835935,SRC_103,-35.0,57.090396,N-autumn
sample_04545.jpg,0.41011974092526843,SRC_124,0.0,51.928413,N-summer
sample_04546.jpg,0.39709358358179275,SRC_171,-35.0,63.65778,N-spring
sample_04547.jpg,0.3876090874135083,SRC_008,25.0,61.005891,N-autumn
sample_04548.jpg,0.40200989368655904,SRC_027,35.0,41.369436,N-spring
sample_04549.jpg,0.48865521080683044,SRC_056,-40.0,74.660587,N-summer
sample_04550.jpg,0.39561185077007466,SRC_067,-15.0,64.724247,N-spring
sample_04551.jpg,0.4906315186759196,SRC_010,90.0,74.440619,N-summer
sample_04552.jpg,0.40028691651827353,SRC_040,90.0,57.651744,N-spring
sample_04553.jpg,0.3885681319116533,SRC_051,20.0,63.609319,N-autumn
sample_04554.jpg,0.3848181196859383,SRC_041,15.0,46.712049,N-summer
sample_04555.jpg,0.4018321400938235,SRC_114,-10.0,58.176498,N-autumn
sample_04556.jpg,0.48572369914364677,SRC_092,5.0,57.429528,N-autumn
sample_04557.jpg,0.4012848499041679,SRC_151,-15.0,63.408071,N-summer
sample_04558.jpg,0.4060748572086633,SRC_006,-15.0,65.638079,N-spring
sample_04559.jpg,0.42628440626267555,SRC_091,-40.0,72.511342,N-summer
sample_04560.jpg,0.48932237659250266,SRC_008,25.0,61.005891,N-autumn
sample_04561.jpg,0.3750342010250871,SRC_013,50.0,54.051464,N-spring
sample_04562.jpg,0.3956205224284816,SRC_084,-10.0,58.957849,N-summer
sample_04563.jpg,0.4938001529784676,SRC_047,0.0,48.028677,N-spring
sample_04564.jpg,0.5125183970288673,SRC_156,10.0,48.737382,N-summer
sample_04565.jpg,0.5258816682216156,SRC_168,90.0,64.709631,N-summer
sample_04566.jpg,0.39768514391654874,SRC_106,25.0,40.638999,N-spring
sample_04567.jpg,0.3923062802075547,SRC_005,0.0,55.846781,N-summer
sample_04568.jpg,0.38032760153376516,SRC_140,35.0,44.85556,N-spring
sample_04569.jpg,0.4017990373126093,SRC_014,-40.0,38.480327,N-winter
sample_04570.jpg,0.5187159581432231,SRC_035,0.0,56.990187,N-autumn
sample_04571.jpg,0.39626629510475275,SRC_114,-10.0,58.176498,N-autumn
sample_04572.jpg,0.385345612488463,SRC_076,25.0,63.632584,N-autumn
sample_04573.jpg,0.40053770903240193,SRC_009,-25.0,73.827745,N-spring
sample_04574.jpg,0.3866238695904033,SRC_087,0.0,54.65824,N-summer
sample_04575.jpg,0.48391685275611496,SRC_040,90.0,57.651744,N-spring
sample_04576.jpg,0.4403657756458405,SRC_115,25.0,41.8845,N-spring
sample_04577.jpg,0.4744415117845877,SRC_062,45.0,81.508965,N-autumn
sample_04578.jpg,0.39625596405225627,SRC_109,50.0,54.137665,N-summer
sample_04579.jpg,0.3905803872903863,SRC_004,30.0,61.107468,N-autumn
sample_04580.jpg,0.5137408910131793,SRC_127,-35.0,47.507974,N-autumn
sample_04581.jpg,0.3885444099209284,SRC_062,45.0,81.508965,N-autumn
sample_04582.jpg,0.36921150375772877,SRC_169,40.0,48.615664,N-summer
sample_04583.jpg,0.37640453256133305,SRC_034,40.0,46.055099,N-summer
sample_04584.jpg,0.49724141631869107,SRC_065,30.0,68.700871,N-winter
sample_04585.jpg,0.39255089597011944,SRC_076,25.0,63.632584,N-autumn
sample_04586.jpg,0.5096015544591994,SRC_022,20.0,41.513642,N-spring
sample_04587.jpg,0.4228491855380277,SRC_026,90.0,57.238404,N-spring
sample_04588.jpg,0.4386035741650368,SRC_133,-10.0,48.887369,N-spring
sample_04589.jpg,0.414326205112982,SRC_089,10.0,48.442522,N-winter
sample_04590.jpg,0.4018575132528664,SRC_095,-20.0,56.495654,N-spring
sample_04591.jpg,0.4503923170474633,SRC_056,-40.0,74.660587,N-summer
sample_04592.jpg,0.4720281867482973,SRC_135,5.0,41.328761,N-winter
sample_04593.jpg,0.40528649667707706,SRC_061,50.0,43.110277,N-spring
sample_04594.jpg,0.3646213824259043,SRC_083,0.0,55.378885,N-spring
sample_04595.jpg,0.3750947261446881,SRC_042,10.0,36.92431,N-spring
sample_04596.jpg,0.3688442728335195,SRC_037,15.0,44.468297,N-spring
sample_04597.jpg,0.3952196226206898,SRC_092,5.0,57.429528,N-autumn
sample_04598.jpg,0.43059121363490965,SRC_072,15.0,46.966801,N-winter
sample_04599.jpg,0.3830945802722129,SRC_140,35.0,44.85556,N-spring
sample_04600.jpg,0.4031745381289116,SRC_040,90.0,57.651744,N-spring
sample_04601.jpg,0.4819984846759726,SRC_043,10.0,50.433279,N-summer
sample_04602.jpg,0.3797879621567342,SRC_030,-25.0,67.936804,N-spring
sample_04603.jpg,0.4011946518196522,SRC_124,0.0,51.928413,N-summer
sample_04604.jpg,0.3898113957294541,SRC_134,-30.0,69.607895,N-spring
sample_04605.jpg,0.3919327183676481,SRC_030,-25.0,67.936804,N-spring
sample_04606.jpg,0.37432682958839464,SRC_076,25.0,63.632584,N-autumn
sample_04607.jpg,0.40504562990691123,SRC_124,0.0,51.928413,N-summer
sample_04608.jpg,0.45088504203773344,SRC_144,-35.0,76.731052,N-spring
sample_04609.jpg,0.5151268137932169,SRC_131,10.0,60.540464,N-autumn
sample_04610.jpg,0.4664659400919572,SRC_049,5.0,42.94902,N-spring
sample_04611.jpg,0.391234073552039,SRC_091,-40.0,72.511342,N-summer
sample_04612.jpg,0.4450172177362983,SRC_047,0.0,48.028677,N-spring
sample_04613.jpg,0.40815326497356735,SRC_121,25.0,67.446292,N-autumn
sample_04614.jpg,0.3897689827794354,SRC_030,-25.0,67.936804,N-spring
sample_04615.jpg,0.38754543931082497,SRC_114,-10.0,58.176498,N-autumn
sample_04616.jpg,0.4781235082742808,SRC_004,30.0,61.107468,N-autumn
sample_04617.jpg,0.39652179508480706,SRC_151,-15.0,63.408071,N-summer
sample_04618.jpg,0.3834858313051926,SRC_076,25.0,63.632584,N-autumn
sample_04619.jpg,0.41339436346984576,SRC_013,50.0,54.051464,N-spring
sample_04620.jpg,0.3840135133232994,SRC_030,-25.0,67.936804,N-spring
sample_04621.jpg,0.3962699746570939,SRC_092,5.0,57.429528,N-autumn
sample_04622.jpg,0.4721611456008469,SRC_044,-90.0,81.862162,N-autumn
sample_04623.jpg,0.38601095817539777,SRC_013,50.0,54.051464,N-spring
sample_04624.jpg,0.5119814471028223,SRC_097,0.0,35.318175,N-winter
sample_04625.jpg,0.4005625330251569,SRC_103,-35.0,57.090396,N-autumn
sample_04626.jpg,0.41875358228159765,SRC_115,25.0,41.8845,N-spring
sample_04627.jpg,0.39822207900578704,SRC_084,-10.0,58.957849,N-summer
sample_04628.jpg,0.3901796048738047,SRC_043,10.0,50.433279,N-summer
sample_04629.jpg,0.47267885197428383,SRC_039,90.0,70.63275,N-summer
sample_04630.jpg,0.4426757652605546,SRC_098,-45.0,70.730178,N-summer
sample_04631.jpg,0.4002812593466868,SRC_011,-20.0,70.371153,N-summer
sample_04632.jpg,0.4736238659164055,SRC_022,20.0,41.513642,N-spring
sample_04633.jpg,0.3719162981736456,SRC_004,30.0,61.107468,N-autumn
sample_04634.jpg,0.39845247747436974,SRC_108,-40.0,68.856247,N-summer
sample_04635.jpg,0.49093461453893567,SRC_141,-10.0,55.206291,N-spring
sample_04636.jpg,0.42539278535564246,SRC_066,-10.0,61.81065,N-summer
sample_04637.jpg,0.3917590305111494,SRC_121,25.0,67.446292,N-autumn
sample_04638.jpg,0.42262804131878917,SRC_108,-40.0,68.856247,N-summer
sample_04639.jpg,0.49075329874399165,SRC_133,-10.0,48.887369,N-spring
sample_04640.jpg,0.46281124145654406,SRC_095,-20.0,56.495654,N-spring
sample_04641.jpg,0.41506187247360404,SRC_124,0.0,51.928413,N-summer
sample_04642.jpg,0.4135521546715216,SRC_108,-40.0,68.856247,N-summer
sample_04643.jpg,0.39510870919047425,SRC_091,-40.0,72.511342,N-summer
sample_04644.jpg,0.3774667311163967,SRC_108,-40.0,68.856247,N-summer
sample_04645.jpg,0.37777062583636906,SRC_003,0.0,38.090051,N-spring
sample_04646.jpg,0.5155350297899337,SRC_123,0.0,54.598149,N-autumn
sample_04647.jpg,0.4161237711188369,SRC_069,25.0,48.120522,N-summer
sample_04648.jpg,0.41050738293014355,SRC_022,20.0,41.513642,N-spring
sample_04649.jpg,0.43098367432560514,SRC_112,-30.0,67.516648,N-spring
sample_04650.jpg,0.48205776729739885,SRC_069,25.0,48.120522,N-summer
sample_04651.jpg,0.41331621560966914,SRC_112,-30.0,67.516648,N-spring
sample_04652.jpg,0.4401593909391336,SRC_065,30.0,68.700871,N-winter
sample_04653.jpg,0.39487542157210465,SRC_009,-25.0,73.827745,N-spring
sample_04654.jpg,0.49048381679646536,SRC_005,0.0,55.846781,N-summer
sample_04655.jpg,0.4833290019548482,SRC_008,25.0,61.005891,N-autumn
sample_04656.jpg,0.39310733662125574,SRC_037,15.0,44.468297,N-spring
sample_04657.jpg,0.3799708622763994,SRC_123,0.0,54.598149,N-autumn
sample_04658.jpg,0.389083351278893,SRC_124,0.0,51.928413,N-summer
sample_04659.jpg,0.38195449752305105,SRC_013,50.0,54.051464,N-spring
sample_04660.jpg,0.4693388505988757,SRC_170,-20.0,56.332579,N-autumn
sample_04661.jpg,0.4389315734018851,SRC_113,-35.0,36.668707,N-winter
sample_04662.jpg,0.4093705210348107,SRC_062,45.0,81.508965,N-autumn
sample_04663.jpg,0.3910341630448039,SRC_005,0.0,55.846781,N-summer
sample_04664.jpg,0.39065543946416453,SRC_004,30.0,61.107468,N-autumn
sample_04665.jpg,0.4266342909724803,SRC_071,20.0,40.070501,N-spring
sample_04666.jpg,0.3872309791977648,SRC_030,-25.0,67.936804,N-spring
sample_04667.jpg,0.3725222572466343,SRC_108,-40.0,68.856247,N-summer
sample_04668.jpg,0.38480402444097944,SRC_006,-15.0,65.638079,N-spring
sample_04669.jpg,0.4013159392237835,SRC_027,35.0,41.369436,N-spring
sample_04670.jpg,0.42447283944233527,SRC_144,-35.0,76.731052,N-spring
sample_04671.jpg,0.44736139742650555,SRC_051,20.0,63.609319,N-autumn
sample_04672.jpg,0.5211195835262797,SRC_067,-15.0,64.724247,N-spring
sample_04673.jpg,0.40949925038429474,SRC_030,-25.0,67.936804,N-spring
sample_04674.jpg,0.4900116772442084,SRC_154,0.0,54.770875,N-summer
sample_04675.jpg,0.43905954336708825,SRC_142,-30.0,34.276784,N-winter
sample_04676.jpg,0.3888349476962105,SRC_092,5.0,57.429528,N-autumn
sample_04677.jpg,0.4845428166519201,SRC_109,50.0,54.137665,N-summer
sample_04678.jpg,0.49722420013495794,SRC_166,90.0,60.094207,N-spring
sample_04679.jpg,0.42533112937189477,SRC_038,-15.0,32.097448,N-winter
sample_04680.jpg,0.46549473050921114,SRC_168,90.0,64.709631,N-summer
sample_04681.jpg,0.4115299518751761,SRC_096,25.0,40.422288,N-spring
sample_04682.jpg,0.4101193502656132,SRC_151,-15.0,63.408071,N-summer
sample_04683.jpg,0.41231747809503777,SRC_170,-20.0,56.332579,N-autumn
sample_04684.jpg,0.5213516990631176,SRC_146,10.0,58.0428,N-summer
sample_04685.jpg,0.4111312733358042,SRC_133,-10.0,48.887369,N-spring
sample_04686.jpg,0.39871411723410477,SRC_121,25.0,67.446292,N-autumn
sample_04687.jpg,0.4589471558544435,SRC_111,-35.0,79.069883,N-spring
sample_04688.jpg,0.45467338399569923,SRC_115,25.0,41.8845,N-spring
sample_04689.jpg,0.39389556214538424,SRC_109,50.0,54.137665,N-summer
sample_04690.jpg,0.4905567512373077,SRC_111,-35.0,79.069883,N-spring
sample_04691.jpg,0.4027105144713018,SRC_115,25.0,41.8845,N-spring
sample_04692.jpg,0.38905895508304844,SRC_037,15.0,44.468297,N-spring
sample_04693.jpg,0.38118775089226287,SRC_006,-15.0,65.638079,N-spring
sample_04694.jpg,0.411612723266749,SRC_134,-30.0,69.607895,N-spring
sample_04695.jpg,0.42159514045804924,SRC_009,-25.0,73.827745,N-spring
sample_04696.jpg,0.4903130858833561,SRC_039,90.0,70.63275,N-summer
sample_04697.jpg,0.40905404078394225,SRC_112,-30.0,67.516648,N-spring
sample_04698.jpg,0.38912886829542065,SRC_084,-10.0,58.957849,N-summer
sample_04699.jpg,0.41122054845202705,SRC_122,-5.0,57.310506,N-summer
sample_04700.jpg,0.4104884067311662,SRC_108,-40.0,68.856247,N-summer
sample_04701.jpg,0.5195849842887543,SRC_108,-40.0,68.856247,N-summer
sample_04702.jpg,0.3916650221256265,SRC_003,0.0,38.090051,N-spring
sample_04703.jpg,0.3950037134390948,SRC_013,50.0,54.051464,N-spring
sample_04704.jpg,0.4208694446599,SRC_148,-15.0,49.227137,N-autumn
sample_04705.jpg,0.4123326040174162,SRC_003,0.0,38.090051,N-spring
sample_04706.jpg,0.3716447420771762,SRC_004,30.0,61.107468,N-autumn
sample_04707.jpg,0.43841880947978956,SRC_098,-45.0,70.730178,N-summer
sample_04708.jpg,0.5210750050875117,SRC_112,-30.0,67.516648,N-spring
sample_04709.jpg,0.5041904220538969,SRC_126,-20.0,68.779144,N-summer
sample_04710.jpg,0.48713835135840056,SRC_051,20.0,63.609319,N-autumn
sample_04711.jpg,0.5015786632744772,SRC_106,25.0,40.638999,N-spring
sample_04712.jpg,0.38111170719564746,SRC_118,35.0,49.493581,N-summer
sample_04713.jpg,0.40294100878796735,SRC_076,25.0,63.632584,N-autumn
sample_04714.jpg,0.4428679337736042,SRC_106,25.0,40.638999,N-spring
sample_04715.jpg,0.4705398286967471,SRC_056,-40.0,74.660587,N-summer
sample_04716.jpg,0.43906542514827107,SRC_015,20.0,46.484204,N-summer
sample_04717.jpg,0.40762110200285423,SRC_053,-90.0,74.406575,N-winter
sample_04718.jpg,0.4787547139278008,SRC_071,20.0,40.070501,N-spring
sample_04719.jpg,0.39326481164849736,SRC_036,5.0,52.749586,N-summer
sample_04720.jpg,0.38759015484620546,SRC_056,-40.0,74.660587,N-summer
sample_04721.jpg,0.4897272208525065,SRC_058,30.0,69.060883,N-autumn
sample_04722.jpg,0.42564372509689863,SRC_165,10.0,42.451267,N-winter
sample_04723.jpg,0.4116024729178062,SRC_115,25.0,41.8845,N-spring
sample_04724.jpg,0.4272741998843285,SRC_051,20.0,63.609319,N-autumn
sample_04725.jpg,0.5225966018260877,SRC_006,-15.0,65.638079,N-spring
sample_04726.jpg,0.4233369846839799,SRC_108,-40.0,68.856247,N-summer
sample_04727.jpg,0.3854237763708833,SRC_158,-5.0,35.954137,N-winter
sample_04728.jpg,0.4582568760293113,SRC_074,0.0,50.25459,N-spring
sample_04729.jpg,0.4669544583634139,SRC_095,-20.0,56.495654,N-spring
sample_04730.jpg,0.40719268291348376,SRC_148,-15.0,49.227137,N-autumn
sample_04731.jpg,0.49360726018244927,SRC_141,-10.0,55.206291,N-spring
sample_04732.jpg,0.49424640352088217,SRC_065,30.0,68.700871,N-winter
sample_04733.jpg,0.4307278791987327,SRC_124,0.0,51.928413,N-summer
sample_04734.jpg,0.3937655579850886,SRC_124,0.0,51.928413,N-summer
sample_04735.jpg,0.38461214589583337,SRC_169,40.0,48.615664,N-summer
sample_04736.jpg,0.40653585167366746,SRC_115,25.0,41.8845,N-spring
sample_04737.jpg,0.4859891160816237,SRC_123,0.0,54.598149,N-autumn
sample_04738.jpg,0.38989045651881177,SRC_140,35.0,44.85556,N-spring
sample_04739.jpg,0.3914819825921757,SRC_171,-35.0,63.65778,N-spring
sample_04740.jpg,0.44779845655263417,SRC_101,5.0,48.479381,N-winter
sample_04741.jpg,0.49270328642493333,SRC_166,90.0,60.094207,N-spring
sample_04742.jpg,0.39911101600212423,SRC_103,-35.0,57.090396,N-autumn
sample_04743.jpg,0.39564409303057263,SRC_158,-5.0,35.954137,N-winter
sample_04744.jpg,0.4379996608045471,SRC_169,40.0,48.615664,N-summer
sample_04745.jpg,0.40660617168889973,SRC_124,0.0,51.928413,N-summer
sample_04746.jpg,0.40525039722542955,SRC_042,10.0,36.92431,N-spring
sample_04747.jpg,0.38780629482476653,SRC_063,25.0,41.329237,N-spring
sample_04748.jpg,0.41013335731715134,SRC_151,-15.0,63.408071,N-summer
sample_04749.jpg,0.4008328294485911,SRC_159,20.0,67.076816,N-autumn
sample_04750.jpg,0.39366164338329795,SRC_150,10.0,50.798821,N-summer
sample_04751.jpg,0.38662385780763076,SRC_037,15.0,44.468297,N-spring
sample_04752.jpg,0.42801379753632096,SRC_091,-40.0,72.511342,N-summer
sample_04753.jpg,0.4951307202762708,SRC_061,50.0,43.110277,N-spring
sample_04754.jpg,0.4053575616974019,SRC_158,-5.0,35.954137,N-winter
sample_04755.jpg,0.3926897059255106,SRC_158,-5.0,35.954137,N-winter
sample_04756.jpg,0.42439059491725806,SRC_112,-30.0,67.516648,N-spring
sample_04757.jpg,0.4267431873240467,SRC_050,0.0,53.680047,N-summer
sample_04758.jpg,0.39745356137980903,SRC_006,-15.0,65.638079,N-spring
sample_04759.jpg,0.39229922514139365,SRC_004,30.0,61.107468,N-autumn
sample_04760.jpg,0.3925907970978116,SRC_103,-35.0,57.090396,N-autumn
sample_04761.jpg,0.39265077975687546,SRC_171,-35.0,63.65778,N-spring
sample_04762.jpg,0.39755376766752093,SRC_009,-25.0,73.827745,N-spring
sample_04763.jpg,0.45274246055336304,SRC_076,25.0,63.632584,N-autumn
sample_04764.jpg,0.486969941775949,SRC_111,-35.0,79.069883,N-spring
sample_04765.jpg,0.4305695988530284,SRC_022,20.0,41.513642,N-spring
sample_04766.jpg,0.4024202531430974,SRC_035,0.0,56.990187,N-autumn
sample_04767.jpg,0.3937021357163145,SRC_114,-10.0,58.176498,N-autumn
sample_04768.jpg,0.46172108028192005,SRC_014,-40.0,38.480327,N-winter
sample_04769.jpg,0.4182113650751331,SRC_095,-20.0,56.495654,N-spring
sample_04770.jpg,0.46481694326452816,SRC_069,25.0,48.120522,N-summer
sample_04771.jpg,0.48407525252561606,SRC_100,20.0,41.506528,N-spring
sample_04772.jpg,0.4066339034423262,SRC_001,-5.0,51.987197,N-spring
sample_04773.jpg,0.4750517488475663,SRC_057,-5.0,57.599617,N-summer
sample_04774.jpg,0.5093901032152426,SRC_006,-15.0,65.638079,N-spring
sample_04775.jpg,0.4874210479155544,SRC_074,0.0,50.25459,N-spring
sample_04776.jpg,0.45001525291228883,SRC_111,-35.0,79.069883,N-spring
sample_04777.jpg,0.4883092997545283,SRC_139,40.0,53.533251,N-winter
sample_04778.jpg,0.48957357877979646,SRC_093,-25.0,43.343655,N-autumn
sample_04779.jpg,0.4031342955439136,SRC_109,50.0,54.137665,N-summer
sample_04780.jpg,0.45595544413844175,SRC_071,20.0,40.070501,N-spring
sample_04781.jpg,0.5159686398659458,SRC_111,-35.0,79.069883,N-spring
sample_04782.jpg,0.41344564887071716,SRC_022,20.0,41.513642,N-spring
sample_04783.jpg,0.5247169989023833,SRC_070,60.0,58.788969,N-summer
sample_04784.jpg,0.4402492998958284,SRC_087,0.0,54.65824,N-summer
sample_04785.jpg,0.41339002937313474,SRC_009,-25.0,73.827745,N-spring
sample_04786.jpg,0.40924301225041687,SRC_077,-5.0,34.299081,N-winter
sample_04787.jpg,0.3834996577999475,SRC_075,-90.0,65.329336,N-winter
sample_04788.jpg,0.3913874287875808,SRC_006,-15.0,65.638079,N-spring
sample_04789.jpg,0.3892604984677071,SRC_093,-25.0,43.343655,N-autumn
sample_04790.jpg,0.507505534652281,SRC_133,-10.0,48.887369,N-spring
sample_04791.jpg,0.3933456060300308,SRC_097,0.0,35.318175,N-winter
sample_04792.jpg,0.4029899318015285,SRC_009,-25.0,73.827745,N-spring
sample_04793.jpg,0.388715883490957,SRC_020,35.0,42.075965,N-summer
sample_04794.jpg,0.3877084021964644,SRC_030,-25.0,67.936804,N-spring
sample_04795.jpg,0.4755231083238387,SRC_108,-40.0,68.856247,N-summer
sample_04796.jpg,0.38708652052238013,SRC_037,15.0,44.468297,N-spring
sample_04797.jpg,0.5008383300531725,SRC_065,30.0,68.700871,N-winter
sample_04798.jpg,0.3830287263563548,SRC_169,40.0,48.615664,N-summer
sample_04799.jpg,0.4168003285532557,SRC_096,25.0,40.422288,N-spring
sample_04800.jpg,0.43347852484551136,SRC_146,10.0,58.0428,N-summer
sample_04801.jpg,0.39014974362147975,SRC_037,15.0,44.468297,N-spring
sample_04802.jpg,0.40694228754020917,SRC_103,-35.0,57.090396,N-autumn
sample_04803.jpg,0.406727853814962,SRC_133,-10.0,48.887369,N-spring
sample_04804.jpg,0.4723373221644655,SRC_067,-15.0,64.724247,N-spring
sample_04805.jpg,0.479506369775478,SRC_095,-20.0,56.495654,N-spring
sample_04806.jpg,0.3969941479996889,SRC_051,20.0,63.609319,N-autumn
sample_04807.jpg,0.3789740514973397,SRC_041,15.0,46.712049,N-summer
sample_04808.jpg,0.44516329309746777,SRC_107,20.0,65.68027,N-autumn
sample_04809.jpg,0.48227930632565863,SRC_076,25.0,63.632584,N-autumn
sample_04810.jpg,0.5005650108008091,SRC_130,25.0,37.507656,N-spring
sample_04811.jpg,0.3876692299617166,SRC_027,35.0,41.369436,N-spring
sample_04812.jpg,0.3916294437018231,SRC_113,-35.0,36.668707,N-winter
sample_04813.jpg,0.39112768877732096,SRC_027,35.0,41.369436,N-spring
sample_04814.jpg,0.3981784261382402,SRC_046,0.0,58.061031,N-autumn
sample_04815.jpg,0.45773125233426326,SRC_049,5.0,42.94902,N-spring
sample_04816.jpg,0.4873879785767551,SRC_051,20.0,63.609319,N-autumn
sample_04817.jpg,0.37531265219270604,SRC_169,40.0,48.615664,N-summer
sample_04818.jpg,0.4466259842113958,SRC_069,25.0,48.120522,N-summer
sample_04819.jpg,0.4004436203440972,SRC_145,-5.0,52.15166,N-spring
sample_04820.jpg,0.5161784407740153,SRC_101,5.0,48.479381,N-winter
sample_04821.jpg,0.38757075472252467,SRC_013,50.0,54.051464,N-spring
sample_04822.jpg,0.4788099667287473,SRC_106,25.0,40.638999,N-spring
sample_04823.jpg,0.4338563333767416,SRC_017,-90.0,64.6979,N-winter
sample_04824.jpg,0.4508041502773271,SRC_047,0.0,48.028677,N-spring
sample_04825.jpg,0.5066695151719599,SRC_022,20.0,41.513642,N-spring
sample_04826.jpg,0.3857372066567552,SRC_043,10.0,50.433279,N-summer
sample_04827.jpg,0.43385015058366416,SRC_063,25.0,41.329237,N-spring
sample_04828.jpg,0.40496211192098147,SRC_027,35.0,41.369436,N-spring
sample_04829.jpg,0.462443650287452,SRC_049,5.0,42.94902,N-spring
sample_04830.jpg,0.40371408725846375,SRC_067,-15.0,64.724247,N-spring
sample_04831.jpg,0.3844645237590265,SRC_156,10.0,48.737382,N-summer
sample_04832.jpg,0.399140301330346,SRC_103,-35.0,57.090396,N-autumn
sample_04833.jpg,0.5036573889771805,SRC_099,15.0,42.024472,N-spring
sample_04834.jpg,0.4656992400477916,SRC_049,5.0,42.94902,N-spring
sample_04835.jpg,0.3924991240530438,SRC_114,-10.0,58.176498,N-autumn
sample_04836.jpg,0.46596196079576463,SRC_098,-45.0,70.730178,N-summer
sample_04837.jpg,0.3957008650407242,SRC_171,-35.0,63.65778,N-spring
sample_04838.jpg,0.4131373259713674,SRC_097,0.0,35.318175,N-winter
sample_04839.jpg,0.5154268654129289,SRC_076,25.0,63.632584,N-autumn
sample_04840.jpg,0.5196778766073578,SRC_059,15.0,48.046698,N-summer
sample_04841.jpg,0.41905178414342653,SRC_030,-25.0,67.936804,N-spring
sample_04842.jpg,0.40250170833943466,SRC_103,-35.0,57.090396,N-autumn
sample_04843.jpg,0.41217791663845127,SRC_103,-35.0,57.090396,N-autumn
sample_04844.jpg,0.471080341334989,SRC_006,-15.0,65.638079,N-spring
sample_04845.jpg,0.3879382577278595,SRC_093,-25.0,43.343655,N-autumn
sample_04846.jpg,0.3969495846776202,SRC_052,5.0,51.705435,N-summer
sample_04847.jpg,0.43683317461429205,SRC_051,20.0,63.609319,N-autumn
sample_04848.jpg,0.391139015119239,SRC_009,-25.0,73.827745,N-spring
sample_04849.jpg,0.39744159640053894,SRC_150,10.0,50.798821,N-summer
sample_04850.jpg,0.4326030236983498,SRC_109,50.0,54.137665,N-summer
sample_04851.jpg,0.41105709261106205,SRC_108,-40.0,68.856247,N-summer
sample_04852.jpg,0.4287567544192181,SRC_097,0.0,35.318175,N-winter
sample_04853.jpg,0.5078695748520994,SRC_154,0.0,54.770875,N-summer
sample_04854.jpg,0.5206731870567878,SRC_098,-45.0,70.730178,N-summer
sample_04855.jpg,0.42654856652273115,SRC_047,0.0,48.028677,N-spring
sample_04856.jpg,0.41428826211106407,SRC_108,-40.0,68.856247,N-summer
sample_04857.jpg,0.5113298010622073,SRC_047,0.0,48.028677,N-spring
sample_04858.jpg,0.48854865851207696,SRC_142,-30.0,34.276784,N-winter
sample_04859.jpg,0.3959926152717423,SRC_124,0.0,51.928413,N-summer
sample_04860.jpg,0.4326728249698683,SRC_046,0.0,58.061031,N-autumn
sample_04861.jpg,0.3827856630568586,SRC_114,-10.0,58.176498,N-autumn
sample_04862.jpg,0.5127476121799154,SRC_043,10.0,50.433279,N-summer
sample_04863.jpg,0.3841688354927685,SRC_109,50.0,54.137665,N-summer
sample_04864.jpg,0.3807763050626362,SRC_153,-40.0,43.960452,N-autumn
sample_04865.jpg,0.40816967644015956,SRC_009,-25.0,73.827745,N-spring
sample_04866.jpg,0.3775053266372891,SRC_027,35.0,41.369436,N-spring
sample_04867.jpg,0.39401218418547435,SRC_094,20.0,66.934532,N-autumn
sample_04868.jpg,0.3976718287670506,SRC_087,0.0,54.65824,N-summer
sample_04869.jpg,0.4136834034812308,SRC_088,0.0,53.004483,N-summer
sample_04870.jpg,0.3825411129924149,SRC_096,25.0,40.422288,N-spring
sample_04871.jpg,0.49795669778931606,SRC_168,90.0,64.709631,N-summer
sample_04872.jpg,0.4190426938888384,SRC_082,-10.0,60.444036,N-spring
sample_04873.jpg,0.4243416918447968,SRC_001,-5.0,51.987197,N-spring
sample_04874.jpg,0.3750530518784675,SRC_037,15.0,44.468297,N-spring
sample_04875.jpg,0.5292059507877602,SRC_027,35.0,41.369436,N-spring
sample_04876.jpg,0.40619187049048033,SRC_043,10.0,50.433279,N-summer
sample_04877.jpg,0.39730988375881787,SRC_124,0.0,51.928413,N-summer
sample_04878.jpg,0.3949385815805975,SRC_092,5.0,57.429528,N-autumn
sample_04879.jpg,0.38572203326820464,SRC_161,5.0,52.294471,N-summer
sample_04880.jpg,0.382938424147116,SRC_056,-40.0,74.660587,N-summer
sample_04881.jpg,0.5283250443323754,SRC_165,10.0,42.451267,N-winter
sample_04882.jpg,0.4264957565909648,SRC_112,-30.0,67.516648,N-spring
sample_04883.jpg,0.39363472865881577,SRC_051,20.0,63.609319,N-autumn
sample_04884.jpg,0.3914702740575092,SRC_077,-5.0,34.299081,N-winter
sample_04885.jpg,0.3992572838397891,SRC_021,-90.0,68.040851,N-autumn
sample_04886.jpg,0.455690289788899,SRC_106,25.0,40.638999,N-spring
sample_04887.jpg,0.490038831648961,SRC_131,10.0,60.540464,N-autumn
sample_04888.jpg,0.3761809053925119,SRC_099,15.0,42.024472,N-spring
sample_04889.jpg,0.4615157811175624,SRC_102,-10.0,52.255853,N-spring
sample_04890.jpg,0.40374862498957187,SRC_114,-10.0,58.176498,N-autumn
sample_04891.jpg,0.44679001943634933,SRC_050,0.0,53.680047,N-summer
sample_04892.jpg,0.40829664716733366,SRC_068,0.0,56.216196,N-summer
sample_04893.jpg,0.384188581338316,SRC_030,-25.0,67.936804,N-spring
sample_04894.jpg,0.40053995584357605,SRC_153,-40.0,43.960452,N-autumn
sample_04895.jpg,0.4200472557279272,SRC_151,-15.0,63.408071,N-summer
sample_04896.jpg,0.3813362263785756,SRC_171,-35.0,63.65778,N-spring
sample_04897.jpg,0.39557018815360934,SRC_011,-20.0,70.371153,N-summer
sample_04898.jpg,0.39874824710948154,SRC_042,10.0,36.92431,N-spring
sample_04899.jpg,0.4018581110961117,SRC_057,-5.0,57.599617,N-summer
sample_04900.jpg,0.38784960347279906,SRC_091,-40.0,72.511342,N-summer
sample_04901.jpg,0.39605890188700393,SRC_008,25.0,61.005891,N-autumn
sample_04902.jpg,0.40118084479298766,SRC_123,0.0,54.598149,N-autumn
sample_04903.jpg,0.39386131456260826,SRC_134,-30.0,69.607895,N-spring
sample_04904.jpg,0.3997675484745059,SRC_043,10.0,50.433279,N-summer
sample_04905.jpg,0.4959674113343843,SRC_058,30.0,69.060883,N-autumn
sample_04906.jpg,0.41793386532046134,SRC_133,-10.0,48.887369,N-spring
sample_04907.jpg,0.4810380120333658,SRC_074,0.0,50.25459,N-spring
sample_04908.jpg,0.3720278804546169,SRC_063,25.0,41.329237,N-spring
sample_04909.jpg,0.3826759175971425,SRC_124,0.0,51.928413,N-summer
sample_04910.jpg,0.3878926229967917,SRC_037,15.0,44.468297,N-spring
sample_04911.jpg,0.3976553472427741,SRC_103,-35.0,57.090396,N-autumn
sample_04912.jpg,0.4019962353482461,SRC_126,-20.0,68.779144,N-summer
sample_04913.jpg,0.4924555065898292,SRC_114,-10.0,58.176498,N-autumn
sample_04914.jpg,0.4449801687054225,SRC_115,25.0,41.8845,N-spring
sample_04915.jpg,0.43882064550463634,SRC_094,20.0,66.934532,N-autumn
sample_04916.jpg,0.40080161050887914,SRC_134,-30.0,69.607895,N-spring
sample_04917.jpg,0.40480201836977664,SRC_088,0.0,53.004483,N-summer
sample_04918.jpg,0.3870268088270033,SRC_124,0.0,51.928413,N-summer
sample_04919.jpg,0.39310301516793367,SRC_091,-40.0,72.511342,N-summer
sample_04920.jpg,0.3969361441463307,SRC_121,25.0,67.446292,N-autumn
sample_04921.jpg,0.4861458127823271,SRC_009,-25.0,73.827745,N-spring
sample_04922.jpg,0.3912961229405264,SRC_093,-25.0,43.343655,N-autumn
sample_04923.jpg,0.49613573287947316,SRC_144,-35.0,76.731052,N-spring
sample_04924.jpg,0.3891100607150453,SRC_009,-25.0,73.827745,N-spring
sample_04925.jpg,0.48371455712953554,SRC_135,5.0,41.328761,N-winter
sample_04926.jpg,0.47977216053597865,SRC_037,15.0,44.468297,N-spring
sample_04927.jpg,0.5116674583733992,SRC_108,-40.0,68.856247,N-summer
sample_04928.jpg,0.48375880519977993,SRC_081,-90.0,74.772433,N-autumn
sample_04929.jpg,0.41495573061841434,SRC_050,0.0,53.680047,N-summer
sample_04930.jpg,0.39338595519165964,SRC_150,10.0,50.798821,N-summer
sample_04931.jpg,0.4006018787854228,SRC_096,25.0,40.422288,N-spring
sample_04932.jpg,0.40339255122361883,SRC_048,-25.0,61.920556,N-autumn
sample_04933.jpg,0.45967762794411443,SRC_069,25.0,48.120522,N-summer
sample_04934.jpg,0.41584517939125787,SRC_049,5.0,42.94902,N-spring
sample_04935.jpg,0.5081516908838942,SRC_166,90.0,60.094207,N-spring
sample_04936.jpg,0.43262948908857746,SRC_004,30.0,61.107468,N-autumn
sample_04937.jpg,0.439404414736415,SRC_085,0.0,39.187341,N-spring
sample_04938.jpg,0.5132248946779085,SRC_049,5.0,42.94902,N-spring
sample_04939.jpg,0.40333297783570643,SRC_103,-35.0,57.090396,N-autumn
sample_04940.jpg,0.4170206881838238,SRC_009,-25.0,73.827745,N-spring
sample_04941.jpg,0.38076911974180183,SRC_157,40.0,44.22455,N-summer
sample_04942.jpg,0.44311287534498883,SRC_165,10.0,42.451267,N-winter
sample_04943.jpg,0.400817643953706,SRC_015,20.0,46.484204,N-summer
sample_04944.jpg,0.3709827023753104,SRC_140,35.0,44.85556,N-spring
sample_04945.jpg,0.4211475713990702,SRC_032,-5.0,52.490186,N-spring
sample_04946.jpg,0.4762040858647,SRC_098,-45.0,70.730178,N-summer
sample_04947.jpg,0.472870523961081,SRC_154,0.0,54.770875,N-summer
sample_04948.jpg,0.47515100597900056,SRC_051,20.0,63.609319,N-autumn
sample_04949.jpg,0.42507086069624594,SRC_140,35.0,44.85556,N-spring
sample_04950.jpg,0.5082890269637284,SRC_081,-90.0,74.772433,N-autumn
sample_04951.jpg,0.4008631688296095,SRC_151,-15.0,63.408071,N-summer
sample_04952.jpg,0.38573890150557644,SRC_075,-90.0,65.329336,N-winter
sample_04953.jpg,0.3716908059379203,SRC_169,40.0,48.615664,N-summer
sample_04954.jpg,0.42781662426392336,SRC_029,-5.0,45.485648,N-autumn
sample_04955.jpg,0.5108073886896051,SRC_108,-40.0,68.856247,N-summer
sample_04956.jpg,0.3938311311890973,SRC_158,-5.0,35.954137,N-winter
sample_04957.jpg,0.44602566388913145,SRC_061,50.0,43.110277,N-spring
sample_04958.jpg,0.37566845866617626,SRC_090,50.0,47.196626,N-summer
sample_04959.jpg,0.5051354900114073,SRC_115,25.0,41.8845,N-spring
sample_04960.jpg,0.44297270844344033,SRC_115,25.0,41.8845,N-spring
sample_04961.jpg,0.4835670329781804,SRC_100,20.0,41.506528,N-spring
sample_04962.jpg,0.4588087365235669,SRC_047,0.0,48.028677,N-spring
sample_04963.jpg,0.42168390260212807,SRC_013,50.0,54.051464,N-spring
sample_04964.jpg,0.4011058268362467,SRC_107,20.0,65.68027,N-autumn
sample_04965.jpg,0.4106618555273059,SRC_089,10.0,48.442522,N-winter
sample_04966.jpg,0.40203275342479616,SRC_004,30.0,61.107468,N-autumn
sample_04967.jpg,0.4502108211418694,SRC_071,20.0,40.070501,N-spring
sample_04968.jpg,0.4394162912314347,SRC_071,20.0,40.070501,N-spring
sample_04969.jpg,0.4063805990912456,SRC_108,-40.0,68.856247,N-summer
sample_04970.jpg,0.41466584499038905,SRC_103,-35.0,57.090396,N-autumn
sample_04971.jpg,0.40167221958912513,SRC_011,-20.0,70.371153,N-summer
sample_04972.jpg,0.48462117288178447,SRC_055,-5.0,57.335076,N-spring
sample_04973.jpg,0.5209733848579384,SRC_151,-15.0,63.408071,N-summer
sample_04974.jpg,0.5022649640823432,SRC_115,25.0,41.8845,N-spring
sample_04975.jpg,0.44825045380865447,SRC_052,5.0,51.705435,N-summer
sample_04976.jpg,0.3866795478903059,SRC_169,40.0,48.615664,N-summer
sample_04977.jpg,0.41170983044729964,SRC_052,5.0,51.705435,N-summer
sample_04978.jpg,0.4174055732163643,SRC_165,10.0,42.451267,N-winter
sample_04979.jpg,0.3976337012027496,SRC_070,60.0,58.788969,N-summer
sample_04980.jpg,0.4126086415035548,SRC_163,0.0,39.987447,N-winter
sample_04981.jpg,0.3887825312473371,SRC_093,-25.0,43.343655,N-autumn
sample_04982.jpg,0.45418840649903724,SRC_106,25.0,40.638999,N-spring
sample_04983.jpg,0.40046160699446975,SRC_009,-25.0,73.827745,N-spring
sample_04984.jpg,0.41466952794438755,SRC_071,20.0,40.070501,N-spring
sample_04985.jpg,0.4563374116834787,SRC_133,-10.0,48.887369,N-spring
sample_04986.jpg,0.3879887589281495,SRC_107,20.0,65.68027,N-autumn
sample_04987.jpg,0.4506192726210269,SRC_148,-15.0,49.227137,N-autumn
sample_04988.jpg,0.38959227355853254,SRC_097,0.0,35.318175,N-winter
sample_04989.jpg,0.43568336004505703,SRC_047,0.0,48.028677,N-spring
sample_04990.jpg,0.40486742886211247,SRC_056,-40.0,74.660587,N-summer
sample_04991.jpg,0.43045017476049596,SRC_073,45.0,41.537171,N-spring
sample_04992.jpg,0.5066054465406833,SRC_104,25.0,45.102036,N-summer
sample_04993.jpg,0.4032803453007017,SRC_099,15.0,42.024472,N-spring
sample_04994.jpg,0.38249673500687986,SRC_121,25.0,67.446292,N-autumn
sample_04995.jpg,0.428434327102903,SRC_062,45.0,81.508965,N-autumn
sample_04996.jpg,0.38296135335724046,SRC_121,25.0,67.446292,N-autumn
sample_04997.jpg,0.42578945370669813,SRC_052,5.0,51.705435,N-summer
sample_04998.jpg,0.40490647691194537,SRC_042,10.0,36.92431,N-spring
sample_04999.jpg,0.3921716234732566,SRC_007,20.0,49.485932,N-winter
sample_05000.jpg,0.3953271355675893,SRC_134,-30.0,69.607895,N-spring
sample_05001.jpg,0.4191356196091234,SRC_134,-30.0,69.607895,N-spring
sample_05002.jpg,0.3811216224851302,SRC_151,-15.0,63.408071,N-summer
sample_05003.jpg,0.4249075823650229,SRC_094,20.0,66.934532,N-autumn
sample_05004.jpg,0.46247978642736676,SRC_091,-40.0,72.511342,N-summer
sample_05005.jpg,0.41337321266352395,SRC_074,0.0,50.25459,N-spring
sample_05006.jpg,0.44803692622816865,SRC_019,90.0,60.00919,N-summer
sample_05007.jpg,0.45503187873124523,SRC_085,0.0,39.187341,N-spring
sample_05008.jpg,0.3845807873629198,SRC_005,0.0,55.846781,N-summer
sample_05009.jpg,0.40211894628466893,SRC_100,20.0,41.506528,N-spring
sample_05010.jpg,0.3973726541954605,SRC_065,30.0,68.700871,N-winter
sample_05011.jpg,0.47858275762664365,SRC_059,15.0,48.046698,N-summer
sample_05012.jpg,0.3994310990080061,SRC_157,40.0,44.22455,N-summer
sample_05013.jpg,0.5315322505379402,SRC_067,-15.0,64.724247,N-spring
sample_05014.jpg,0.49961782296268326,SRC_010,90.0,74.440619,N-summer
sample_05015.jpg,0.4070330541567825,SRC_097,0.0,35.318175,N-winter
sample_05016.jpg,0.47671333853032694,SRC_135,5.0,41.328761,N-winter
sample_05017.jpg,0.4576629381394649,SRC_091,-40.0,72.511342,N-summer
sample_05018.jpg,0.5079069446314244,SRC_142,-30.0,34.276784,N-winter
sample_05019.jpg,0.4447534513180571,SRC_056,-40.0,74.660587,N-summer
sample_05020.jpg,0.5120044345275018,SRC_029,-5.0,45.485648,N-autumn
sample_05021.jpg,0.45887595801007774,SRC_014,-40.0,38.480327,N-winter
sample_05022.jpg,0.3900676962912167,SRC_136,-35.0,76.922409,N-spring
sample_05023.jpg,0.40908078646844653,SRC_151,-15.0,63.408071,N-summer
sample_05024.jpg,0.4763272633912159,SRC_023,-10.0,50.837437,N-spring
sample_05025.jpg,0.3915983361951395,SRC_153,-40.0,43.960452,N-autumn
sample_05026.jpg,0.50401405109496,SRC_081,-90.0,74.772433,N-autumn
sample_05027.jpg,0.42518549182650034,SRC_091,-40.0,72.511342,N-summer
sample_05028.jpg,0.4624751915901116,SRC_049,5.0,42.94902,N-spring
sample_05029.jpg,0.4248978247073835,SRC_024,10.0,53.725813,N-summer
sample_05030.jpg,0.39562783031674914,SRC_134,-30.0,69.607895,N-spring
sample_05031.jpg,0.4542619426889881,SRC_071,20.0,40.070501,N-spring
sample_05032.jpg,0.5063831505028034,SRC_011,-20.0,70.371153,N-summer
sample_05033.jpg,0.3900972301757148,SRC_158,-5.0,35.954137,N-winter
sample_05034.jpg,0.4088894777376404,SRC_108,-40.0,68.856247,N-summer
sample_05035.jpg,0.4309389257158406,SRC_138,25.0,44.714676,N-summer
sample_05036.jpg,0.5011925626545082,SRC_104,25.0,45.102036,N-summer
sample_05037.jpg,0.40542655767344515,SRC_107,20.0,65.68027,N-autumn
sample_05038.jpg,0.5053213563816544,SRC_069,25.0,48.120522,N-summer
sample_05039.jpg,0.39994868724141436,SRC_133,-10.0,48.887369,N-spring
sample_05040.jpg,0.3975508231128314,SRC_109,50.0,54.137665,N-summer
sample_05041.jpg,0.48456585779840944,SRC_156,10.0,48.737382,N-summer
sample_05042.jpg,0.44033848271387005,SRC_131,10.0,60.540464,N-autumn
sample_05043.jpg,0.4244772981040363,SRC_109,50.0,54.137665,N-summer
sample_05044.jpg,0.3805735022118408,SRC_004,30.0,61.107468,N-autumn
sample_05045.jpg,0.3810750495099941,SRC_100,20.0,41.506528,N-spring
sample_05046.jpg,0.5379186787019512,SRC_134,-30.0,69.607895,N-spring
sample_05047.jpg,0.4947146170725752,SRC_074,0.0,50.25459,N-spring
sample_05048.jpg,0.39317565469956034,SRC_093,-25.0,43.343655,N-autumn
sample_05049.jpg,0.42474149399600536,SRC_133,-10.0,48.887369,N-spring
sample_05050.jpg,0.49769702225796664,SRC_103,-35.0,57.090396,N-autumn
sample_05051.jpg,0.44638562324030706,SRC_104,25.0,45.102036,N-summer
sample_05052.jpg,0.3949810816112326,SRC_108,-40.0,68.856247,N-summer
sample_05053.jpg,0.3768747274457408,SRC_100,20.0,41.506528,N-spring
sample_05054.jpg,0.4837946340881256,SRC_087,0.0,54.65824,N-summer
sample_05055.jpg,0.3927940949576603,SRC_159,20.0,67.076816,N-autumn
sample_05056.jpg,0.39630956798125844,SRC_084,-10.0,58.957849,N-summer
sample_05057.jpg,0.5390392192647921,SRC_146,10.0,58.0428,N-summer
sample_05058.jpg,0.4020493353782676,SRC_045,-90.0,70.559818,N-autumn
sample_05059.jpg,0.4377807902767178,SRC_069,25.0,48.120522,N-summer
sample_05060.jpg,0.4102943694397113,SRC_080,-25.0,69.726065,N-summer
sample_05061.jpg,0.47752229627821574,SRC_106,25.0,40.638999,N-spring
sample_05062.jpg,0.41334181383279905,SRC_052,5.0,51.705435,N-summer
sample_05063.jpg,0.4273306178590223,SRC_107,20.0,65.68027,N-autumn
sample_05064.jpg,0.4033986672671597,SRC_158,-5.0,35.954137,N-winter
sample_05065.jpg,0.3765986211265885,SRC_003,0.0,38.090051,N-spring
sample_05066.jpg,0.48189766360457076,SRC_136,-35.0,76.922409,N-spring
sample_05067.jpg,0.4324797182456089,SRC_003,0.0,38.090051,N-spring
sample_05068.jpg,0.4149490162884743,SRC_011,-20.0,70.371153,N-summer
sample_05069.jpg,0.39390162827451225,SRC_171,-35.0,63.65778,N-spring
sample_05070.jpg,0.3972957043198527,SRC_100,20.0,41.506528,N-spring
sample_05071.jpg,0.3884316686666729,SRC_006,-15.0,65.638079,N-spring
sample_05072.jpg,0.4244600237316204,SRC_111,-35.0,79.069883,N-spring
sample_05073.jpg,0.39539336610010706,SRC_171,-35.0,63.65778,N-spring
sample_05074.jpg,0.4956746492110817,SRC_102,-10.0,52.255853,N-spring
sample_05075.jpg,0.44772636399875465,SRC_129,20.0,41.057252,N-spring
sample_05076.jpg,0.505612726099069,SRC_049,5.0,42.94902,N-spring
sample_05077.jpg,0.39509101954982634,SRC_158,-5.0,35.954137,N-winter
sample_05078.jpg,0.38564785592125866,SRC_091,-40.0,72.511342,N-summer
sample_05079.jpg,0.4344095029799389,SRC_091,-40.0,72.511342,N-summer
sample_05080.jpg,0.4717952034596508,SRC_111,-35.0,79.069883,N-spring
sample_05081.jpg,0.37868932822809676,SRC_013,50.0,54.051464,N-spring
sample_05082.jpg,0.5177040677200908,SRC_108,-40.0,68.856247,N-summer
sample_05083.jpg,0.4465576190771651,SRC_144,-35.0,76.731052,N-spring
sample_05084.jpg,0.4152745648274106,SRC_040,90.0,57.651744,N-spring
sample_05085.jpg,0.38566132676869763,SRC_124,0.0,51.928413,N-summer
sample_05086.jpg,0.519644038830452,SRC_133,-10.0,48.887369,N-spring
sample_05087.jpg,0.43209895092069717,SRC_151,-15.0,63.408071,N-summer
sample_05088.jpg,0.4379520455192777,SRC_148,-15.0,49.227137,N-autumn
sample_05089.jpg,0.48362850277650093,SRC_048,-25.0,61.920556,N-autumn
sample_05090.jpg,0.3994280480612691,SRC_121,25.0,67.446292,N-autumn
sample_05091.jpg,0.49135678999612875,SRC_114,-10.0,58.176498,N-autumn
sample_05092.jpg,0.4225687764493304,SRC_112,-30.0,67.516648,N-spring
sample_05093.jpg,0.40409495276848306,SRC_141,-10.0,55.206291,N-spring
sample_05094.jpg,0.3947608281472058,SRC_096,25.0,40.422288,N-spring
sample_05095.jpg,0.4978231471613289,SRC_045,-90.0,70.559818,N-autumn
sample_05096.jpg,0.4357794083866769,SRC_119,90.0,58.642683,N-spring
sample_05097.jpg,0.3899543191948401,SRC_107,20.0,65.68027,N-autumn
sample_05098.jpg,0.3996209999046102,SRC_145,-5.0,52.15166,N-spring
sample_05099.jpg,0.5026990715546715,SRC_009,-25.0,73.827745,N-spring
sample_05100.jpg,0.3857650465462482,SRC_084,-10.0,58.957849,N-summer
sample_05101.jpg,0.3939490118585793,SRC_061,50.0,43.110277,N-spring
sample_05102.jpg,0.4014995633104417,SRC_150,10.0,50.798821,N-summer
sample_05103.jpg,0.4827522530328623,SRC_158,-5.0,35.954137,N-winter
sample_05104.jpg,0.38381224017936716,SRC_169,40.0,48.615664,N-summer
sample_05105.jpg,0.39725281007206925,SRC_103,-35.0,57.090396,N-autumn
sample_05106.jpg,0.3919796641967094,SRC_134,-30.0,69.607895,N-spring
sample_05107.jpg,0.4082332310039861,SRC_133,-10.0,48.887369,N-spring
sample_05108.jpg,0.39373858554490937,SRC_075,-90.0,65.329336,N-winter
sample_05109.jpg,0.5243008547528104,SRC_054,5.0,37.41608,N-winter
sample_05110.jpg,0.4889279972163424,SRC_029,-5.0,45.485648,N-autumn
sample_05111.jpg,0.4757063925908923,SRC_103,-35.0,57.090396,N-autumn
sample_05112.jpg,0.4381780215455008,SRC_055,-5.0,57.335076,N-spring
sample_05113.jpg,0.4293774636519589,SRC_067,-15.0,64.724247,N-spring
sample_05114.jpg,0.40222498747762314,SRC_095,-20.0,56.495654,N-spring
sample_05115.jpg,0.3977567068688895,SRC_009,-25.0,73.827745,N-spring
sample_05116.jpg,0.49139774589432034,SRC_135,5.0,41.328761,N-winter
sample_05117.jpg,0.48113180640074527,SRC_029,-5.0,45.485648,N-autumn
sample_05118.jpg,0.4242264559413737,SRC_107,20.0,65.68027,N-autumn
sample_05119.jpg,0.3982047817759217,SRC_085,0.0,39.187341,N-spring
sample_05120.jpg,0.4039268378778454,SRC_126,-20.0,68.779144,N-summer
sample_05121.jpg,0.4867468531286615,SRC_075,-90.0,65.329336,N-winter
sample_05122.jpg,0.42386272372971445,SRC_084,-10.0,58.957849,N-summer
sample_05123.jpg,0.38246279411600553,SRC_156,10.0,48.737382,N-summer
sample_05124.jpg,0.3873831689446924,SRC_146,10.0,58.0428,N-summer
sample_05125.jpg,0.5202921338583677,SRC_094,20.0,66.934532,N-autumn
sample_05126.jpg,0.3922412715837841,SRC_085,0.0,39.187341,N-spring
sample_05127.jpg,0.4122226978521845,SRC_115,25.0,41.8845,N-spring
sample_05128.jpg,0.40135698786632334,SRC_042,10.0,36.92431,N-spring
sample_05129.jpg,0.3949960333171741,SRC_030,-25.0,67.936804,N-spring
sample_05130.jpg,0.4452355257984812,SRC_047,0.0,48.028677,N-spring
sample_05131.jpg,0.3935642924868487,SRC_074,0.0,50.25459,N-spring
sample_05132.jpg,0.3755879910657979,SRC_013,50.0,54.051464,N-spring
sample_05133.jpg,0.42796780104962834,SRC_026,90.0,57.238404,N-spring
sample_05134.jpg,0.40534953178548117,SRC_084,-10.0,58.957849,N-summer
sample_05135.jpg,0.5082696170481065,SRC_028,10.0,42.894848,N-spring
sample_05136.jpg,0.44316092283877834,SRC_148,-15.0,49.227137,N-autumn
sample_05137.jpg,0.3875713636332955,SRC_157,40.0,44.22455,N-summer
sample_05138.jpg,0.5294189799591693,SRC_085,0.0,39.187341,N-spring
sample_05139.jpg,0.38807287673359697,SRC_095,-20.0,56.495654,N-spring
sample_05140.jpg,0.4806282985493322,SRC_085,0.0,39.187341,N-spring
sample_05141.jpg,0.39862670575109443,SRC_072,15.0,46.966801,N-winter
sample_05142.jpg,0.3946176510013012,SRC_074,0.0,50.25459,N-spring
sample_05143.jpg,0.40229315950346295,SRC_092,5.0,57.429528,N-autumn
sample_05144.jpg,0.38510587354531944,SRC_084,-10.0,58.957849,N-summer
sample_05145.jpg,0.40697251012015184,SRC_124,0.0,51.928413,N-summer
sample_05146.jpg,0.4785435777735422,SRC_004,30.0,61.107468,N-autumn
sample_05147.jpg,0.43081029081953803,SRC_093,-25.0,43.343655,N-autumn
sample_05148.jpg,0.402917338687912,SRC_058,30.0,69.060883,N-autumn
sample_05149.jpg,0.3960612392247813,SRC_021,-90.0,68.040851,N-autumn
sample_05150.jpg,0.49943074010207,SRC_111,-35.0,79.069883,N-spring
sample_05151.jpg,0.49667647488109734,SRC_146,10.0,58.0428,N-summer
sample_05152.jpg,0.39990557528718096,SRC_091,-40.0,72.511342,N-summer
sample_05153.jpg,0.40565966822175514,SRC_144,-35.0,76.731052,N-spring
sample_05154.jpg,0.3890217854531454,SRC_030,-25.0,67.936804,N-spring
sample_05155.jpg,0.42070773471672746,SRC_096,25.0,40.422288,N-spring
sample_05156.jpg,0.445713255799138,SRC_115,25.0,41.8845,N-spring
sample_05157.jpg,0.38636187014360346,SRC_168,90.0,64.709631,N-summer
sample_05158.jpg,0.4272196930941461,SRC_148,-15.0,49.227137,N-autumn
sample_05159.jpg,0.49842497266973435,SRC_129,20.0,41.057252,N-spring
sample_05160.jpg,0.38672817753490923,SRC_020,35.0,42.075965,N-summer
sample_05161.jpg,0.40416225743338624,SRC_027,35.0,41.369436,N-spring
sample_05162.jpg,0.38583922371489543,SRC_121,25.0,67.446292,N-autumn
sample_05163.jpg,0.39367718952142694,SRC_074,0.0,50.25459,N-spring
sample_05164.jpg,0.47219234019371237,SRC_133,-10.0,48.887369,N-spring
sample_05165.jpg,0.4885868901919618,SRC_070,60.0,58.788969,N-summer
sample_05166.jpg,0.5147185238338177,SRC_155,-5.0,59.117539,N-summer
sample_05167.jpg,0.3943204153713807,SRC_004,30.0,61.107468,N-autumn
sample_05168.jpg,0.44450614533523325,SRC_148,-15.0,49.227137,N-autumn
sample_05169.jpg,0.4934093042068399,SRC_074,0.0,50.25459,N-spring
sample_05170.jpg,0.4318804153881083,SRC_151,-15.0,63.408071,N-summer
sample_05171.jpg,0.4481256279017634,SRC_026,90.0,57.238404,N-spring
sample_05172.jpg,0.4264303322894662,SRC_074,0.0,50.25459,N-spring
sample_05173.jpg,0.3823366508574716,SRC_108,-40.0,68.856247,N-summer
sample_05174.jpg,0.49852697693247777,SRC_047,0.0,48.028677,N-spring
sample_05175.jpg,0.38713987746874445,SRC_095,-20.0,56.495654,N-spring
sample_05176.jpg,0.4863382526594135,SRC_066,-10.0,61.81065,N-summer
sample_05177.jpg,0.38746853079873206,SRC_067,-15.0,64.724247,N-spring
sample_05178.jpg,0.39461417871003635,SRC_005,0.0,55.846781,N-summer
sample_05179.jpg,0.5225309059190216,SRC_126,-20.0,68.779144,N-summer
sample_05180.jpg,0.39948974244428725,SRC_139,40.0,53.533251,N-winter
sample_05181.jpg,0.3932480619697025,SRC_158,-5.0,35.954137,N-winter
sample_05182.jpg,0.3932146331969634,SRC_061,50.0,43.110277,N-spring
sample_05183.jpg,0.4014861807602008,SRC_077,-5.0,34.299081,N-winter
sample_05184.jpg,0.49771470554927905,SRC_124,0.0,51.928413,N-summer
sample_05185.jpg,0.39734316044710294,SRC_009,-25.0,73.827745,N-spring
sample_05186.jpg,0.40998986518906283,SRC_091,-40.0,72.511342,N-summer
sample_05187.jpg,0.3874789136412098,SRC_015,20.0,46.484204,N-summer
sample_05188.jpg,0.398457991032876,SRC_158,-5.0,35.954137,N-winter
sample_05189.jpg,0.4973199643260169,SRC_149,90.0,55.701783,N-summer
sample_05190.jpg,0.3901254817980845,SRC_015,20.0,46.484204,N-summer
sample_05191.jpg,0.466494498839275,SRC_106,25.0,40.638999,N-spring
sample_05192.jpg,0.38824835990319684,SRC_108,-40.0,68.856247,N-summer
sample_05193.jpg,0.48279014712335167,SRC_095,-20.0,56.495654,N-spring
sample_05194.jpg,0.389966177707345,SRC_113,-35.0,36.668707,N-winter
sample_05195.jpg,0.3938232291120462,SRC_158,-5.0,35.954137,N-winter
sample_05196.jpg,0.5007877071253125,SRC_069,25.0,48.120522,N-summer
sample_05197.jpg,0.40558098707069934,SRC_037,15.0,44.468297,N-spring
sample_05198.jpg,0.4077446805753036,SRC_001,-5.0,51.987197,N-spring
sample_05199.jpg,0.4389800398181423,SRC_058,30.0,69.060883,N-autumn
sample_05200.jpg,0.3923189652205005,SRC_150,10.0,50.798821,N-summer
sample_05201.jpg,0.4265991501468528,SRC_009,-25.0,73.827745,N-spring
sample_05202.jpg,0.41002205769124095,SRC_108,-40.0,68.856247,N-summer
sample_05203.jpg,0.41821572097304494,SRC_073,45.0,41.537171,N-spring
sample_05204.jpg,0.39795583756738484,SRC_076,25.0,63.632584,N-autumn
sample_05205.jpg,0.38897456284060417,SRC_020,35.0,42.075965,N-summer
sample_05206.jpg,0.500709622395686,SRC_114,-10.0,58.176498,N-autumn
sample_05207.jpg,0.377459096354676,SRC_004,30.0,61.107468,N-autumn
sample_05208.jpg,0.38093277852664276,SRC_030,-25.0,67.936804,N-spring
sample_05209.jpg,0.3903485091571769,SRC_041,15.0,46.712049,N-summer
sample_05210.jpg,0.38577982191078847,SRC_013,50.0,54.051464,N-spring
sample_05211.jpg,0.38756705406385,SRC_041,15.0,46.712049,N-summer
sample_05212.jpg,0.3970231233901212,SRC_125,-5.0,52.428603,N-spring
sample_05213.jpg,0.47064602238659986,SRC_168,90.0,64.709631,N-summer
sample_05214.jpg,0.4620443769630394,SRC_155,-5.0,59.117539,N-summer
sample_05215.jpg,0.3989489015755288,SRC_076,25.0,63.632584,N-autumn
sample_05216.jpg,0.414212598988117,SRC_001,-5.0,51.987197,N-spring
sample_05217.jpg,0.3842281511677892,SRC_013,50.0,54.051464,N-spring
sample_05218.jpg,0.39230639450135146,SRC_009,-25.0,73.827745,N-spring
sample_05219.jpg,0.4930142979344252,SRC_090,50.0,47.196626,N-summer
sample_05220.jpg,0.4550193468168199,SRC_049,5.0,42.94902,N-spring
sample_05221.jpg,0.5044285374669937,SRC_104,25.0,45.102036,N-summer
sample_05222.jpg,0.39945432749173027,SRC_009,-25.0,73.827745,N-spring
sample_05223.jpg,0.40318976423807407,SRC_150,10.0,50.798821,N-summer
sample_05224.jpg,0.5317617515655666,SRC_168,90.0,64.709631,N-summer
sample_05225.jpg,0.39261613428062037,SRC_087,0.0,54.65824,N-summer
sample_05226.jpg,0.390217564145179,SRC_087,0.0,54.65824,N-summer
sample_05227.jpg,0.39898940849239384,SRC_158,-5.0,35.954137,N-winter
sample_05228.jpg,0.44397629318769755,SRC_071,20.0,40.070501,N-spring
sample_05229.jpg,0.3868896072057971,SRC_127,-35.0,47.507974,N-autumn
sample_05230.jpg,0.4083384931817225,SRC_096,25.0,40.422288,N-spring
sample_05231.jpg,0.4157313293519286,SRC_069,25.0,48.120522,N-summer
sample_05232.jpg,0.395097714304624,SRC_005,0.0,55.846781,N-summer
sample_05233.jpg,0.38323208704699185,SRC_027,35.0,41.369436,N-spring
sample_05234.jpg,0.4171032389538391,SRC_126,-20.0,68.779144,N-summer
sample_05235.jpg,0.37363855831361015,SRC_114,-10.0,58.176498,N-autumn
sample_05236.jpg,0.4653810723078779,SRC_038,-15.0,32.097448,N-winter
sample_05237.jpg,0.40931088667466237,SRC_134,-30.0,69.607895,N-spring
sample_05238.jpg,0.37801379493364917,SRC_099,15.0,42.024472,N-spring
sample_05239.jpg,0.5021767779029084,SRC_130,25.0,37.507656,N-spring
sample_05240.jpg,0.38690432426075494,SRC_125,-5.0,52.428603,N-spring
sample_05241.jpg,0.4024564953137646,SRC_103,-35.0,57.090396,N-autumn
sample_05242.jpg,0.39842869750902726,SRC_043,10.0,50.433279,N-summer
sample_05243.jpg,0.5058127040878365,SRC_020,35.0,42.075965,N-summer
sample_05244.jpg,0.4218403648885247,SRC_075,-90.0,65.329336,N-winter
sample_05245.jpg,0.4447552395726283,SRC_131,10.0,60.540464,N-autumn
sample_05246.jpg,0.4161178768076656,SRC_071,20.0,40.070501,N-spring
sample_05247.jpg,0.411747336962441,SRC_089,10.0,48.442522,N-winter
sample_05248.jpg,0.3931529063662172,SRC_056,-40.0,74.660587,N-summer
sample_05249.jpg,0.4426957683994418,SRC_055,-5.0,57.335076,N-spring
sample_05250.jpg,0.39136874201480815,SRC_006,-15.0,65.638079,N-spring
sample_05251.jpg,0.3937844159408302,SRC_099,15.0,42.024472,N-spring
sample_05252.jpg,0.4595727695788502,SRC_037,15.0,44.468297,N-spring
sample_05253.jpg,0.38840485516114737,SRC_171,-35.0,63.65778,N-spring
sample_05254.jpg,0.37679253681755914,SRC_004,30.0,61.107468,N-autumn
sample_05255.jpg,0.4106514055617308,SRC_061,50.0,43.110277,N-spring
sample_05256.jpg,0.39920709634002666,SRC_013,50.0,54.051464,N-spring
sample_05257.jpg,0.4198158988967034,SRC_016,10.0,55.552023,N-winter
sample_05258.jpg,0.4535601166687879,SRC_106,25.0,40.638999,N-spring
sample_05259.jpg,0.40490254069402126,SRC_056,-40.0,74.660587,N-summer
sample_05260.jpg,0.38616425603519605,SRC_109,50.0,54.137665,N-summer
sample_05261.jpg,0.36882208449208853,SRC_099,15.0,42.024472,N-spring
sample_05262.jpg,0.3878957852938537,SRC_093,-25.0,43.343655,N-autumn
sample_05263.jpg,0.512419552723385,SRC_144,-35.0,76.731052,N-spring
sample_05264.jpg,0.3899626155962609,SRC_066,-10.0,61.81065,N-summer
sample_05265.jpg,0.3976257568629388,SRC_037,15.0,44.468297,N-spring
sample_05266.jpg,0.3946954405801219,SRC_121,25.0,67.446292,N-autumn
sample_05267.jpg,0.424359038306685,SRC_139,40.0,53.533251,N-winter
sample_05268.jpg,0.3996702145219414,SRC_071,20.0,40.070501,N-spring
sample_05269.jpg,0.41299392380031874,SRC_115,25.0,41.8845,N-spring
sample_05270.jpg,0.36931057125215216,SRC_090,50.0,47.196626,N-summer
sample_05271.jpg,0.4220810718622408,SRC_126,-20.0,68.779144,N-summer
sample_05272.jpg,0.41614241278282416,SRC_096,25.0,40.422288,N-spring
sample_05273.jpg,0.44889008237124484,SRC_052,5.0,51.705435,N-summer
sample_05274.jpg,0.42612747191405764,SRC_146,10.0,58.0428,N-summer
sample_05275.jpg,0.5131835361807711,SRC_130,25.0,37.507656,N-spring
sample_05276.jpg,0.3958354109627627,SRC_131,10.0,60.540464,N-autumn
sample_05277.jpg,0.3702487714048054,SRC_099,15.0,42.024472,N-spring
sample_05278.jpg,0.4336042238154912,SRC_170,-20.0,56.332579,N-autumn
sample_05279.jpg,0.3780311082808238,SRC_106,25.0,40.638999,N-spring
sample_05280.jpg,0.3841700817460293,SRC_158,-5.0,35.954137,N-winter
sample_05281.jpg,0.39754897046331844,SRC_171,-35.0,63.65778,N-spring
sample_05282.jpg,0.3887928991239128,SRC_041,15.0,46.712049,N-summer
sample_05283.jpg,0.48000552294639176,SRC_050,0.0,53.680047,N-summer
sample_05284.jpg,0.49181549669126967,SRC_166,90.0,60.094207,N-spring
sample_05285.jpg,0.4274287884328974,SRC_014,-40.0,38.480327,N-winter
sample_05286.jpg,0.48412251723554345,SRC_001,-5.0,51.987197,N-spring
sample_05287.jpg,0.40361075654887424,SRC_016,10.0,55.552023,N-winter
sample_05288.jpg,0.49468449337863696,SRC_104,25.0,45.102036,N-summer
sample_05289.jpg,0.48981841555101735,SRC_066,-10.0,61.81065,N-summer
sample_05290.jpg,0.38204128645267954,SRC_114,-10.0,58.176498,N-autumn
sample_05291.jpg,0.3816291982597163,SRC_041,15.0,46.712049,N-summer
sample_05292.jpg,0.38870689304733835,SRC_009,-25.0,73.827745,N-spring
sample_05293.jpg,0.4045462124945699,SRC_001,-5.0,51.987197,N-spring
sample_05294.jpg,0.396819091503695,SRC_171,-35.0,63.65778,N-spring
sample_05295.jpg,0.4521672498243346,SRC_142,-30.0,34.276784,N-winter
sample_05296.jpg,0.4776281002464004,SRC_029,-5.0,45.485648,N-autumn
sample_05297.jpg,0.3794066530590571,SRC_030,-25.0,67.936804,N-spring
sample_05298.jpg,0.4146234124462689,SRC_001,-5.0,51.987197,N-spring
sample_05299.jpg,0.38957833893298055,SRC_014,-40.0,38.480327,N-winter
sample_05300.jpg,0.4070092336445998,SRC_153,-40.0,43.960452,N-autumn
sample_05301.jpg,0.401186633768169,SRC_158,-5.0,35.954137,N-winter
sample_05302.jpg,0.45704349921780996,SRC_069,25.0,48.120522,N-summer
sample_05303.jpg,0.39384081726822373,SRC_171,-35.0,63.65778,N-spring
sample_05304.jpg,0.41758461557409304,SRC_115,25.0,41.8845,N-spring
sample_05305.jpg,0.4640833676307798,SRC_049,5.0,42.94902,N-spring
sample_05306.jpg,0.4638328454640833,SRC_049,5.0,42.94902,N-spring
sample_05307.jpg,0.38455758407324125,SRC_027,35.0,41.369436,N-spring
sample_05308.jpg,0.49079585036770607,SRC_061,50.0,43.110277,N-spring
sample_05309.jpg,0.3940830821307326,SRC_006,-15.0,65.638079,N-spring
sample_05310.jpg,0.44236951853516854,SRC_164,20.0,59.226879,N-autumn
sample_05311.jpg,0.4603942950253287,SRC_071,20.0,40.070501,N-spring
sample_05312.jpg,0.38594665525325295,SRC_056,-40.0,74.660587,N-summer
sample_05313.jpg,0.38479870963660756,SRC_108,-40.0,68.856247,N-summer
sample_05314.jpg,0.42633546383629894,SRC_065,30.0,68.700871,N-winter
sample_05315.jpg,0.44710847994755565,SRC_051,20.0,63.609319,N-autumn
sample_05316.jpg,0.41876931671677087,SRC_170,-20.0,56.332579,N-autumn
sample_05317.jpg,0.40008292396769257,SRC_124,0.0,51.928413,N-summer
sample_05318.jpg,0.4209298459950472,SRC_148,-15.0,49.227137,N-autumn
sample_05319.jpg,0.3688720557163929,SRC_030,-25.0,67.936804,N-spring
sample_05320.jpg,0.41603239478356463,SRC_091,-40.0,72.511342,N-summer
sample_05321.jpg,0.4339312009373749,SRC_054,5.0,37.41608,N-winter
sample_05322.jpg,0.4857745143230739,SRC_091,-40.0,72.511342,N-summer
sample_05323.jpg,0.495907017711185,SRC_058,30.0,69.060883,N-autumn
sample_05324.jpg,0.4679208867241817,SRC_054,5.0,37.41608,N-winter
sample_05325.jpg,0.3904769461752966,SRC_156,10.0,48.737382,N-summer
sample_05326.jpg,0.4895598573299507,SRC_131,10.0,60.540464,N-autumn
sample_05327.jpg,0.4950444611402097,SRC_074,0.0,50.25459,N-spring
sample_05328.jpg,0.41092613939476486,SRC_088,0.0,53.004483,N-summer
sample_05329.jpg,0.39482267136213134,SRC_121,25.0,67.446292,N-autumn
sample_05330.jpg,0.5026034456023183,SRC_036,5.0,52.749586,N-summer
sample_05331.jpg,0.41405254259351426,SRC_046,0.0,58.061031,N-autumn
sample_05332.jpg,0.38370638500531834,SRC_058,30.0,69.060883,N-autumn
sample_05333.jpg,0.4437416931788515,SRC_115,25.0,41.8845,N-spring
sample_05334.jpg,0.403361181083738,SRC_080,-25.0,69.726065,N-summer
sample_05335.jpg,0.37533747256915906,SRC_068,0.0,56.216196,N-summer
sample_05336.jpg,0.4057858299146725,SRC_092,5.0,57.429528,N-autumn
sample_05337.jpg,0.39240347308185874,SRC_156,10.0,48.737382,N-summer
sample_05338.jpg,0.3828675744879538,SRC_063,25.0,41.329237,N-spring
sample_05339.jpg,0.3997226849266311,SRC_125,-5.0,52.428603,N-spring
sample_05340.jpg,0.44680366634835267,SRC_142,-30.0,34.276784,N-winter
sample_05341.jpg,0.3852885569863829,SRC_109,50.0,54.137665,N-summer
sample_05342.jpg,0.37635139843893245,SRC_063,25.0,41.329237,N-spring
sample_05343.jpg,0.41842584036502367,SRC_088,0.0,53.004483,N-summer
sample_05344.jpg,0.41579832284986784,SRC_092,5.0,57.429528,N-autumn
sample_05345.jpg,0.5215587237140286,SRC_059,15.0,48.046698,N-summer
sample_05346.jpg,0.48782475595459707,SRC_170,-20.0,56.332579,N-autumn
sample_05347.jpg,0.4988151961750263,SRC_116,5.0,41.203028,N-spring
sample_05348.jpg,0.39485375736511197,SRC_121,25.0,67.446292,N-autumn
sample_05349.jpg,0.40265692545971027,SRC_144,-35.0,76.731052,N-spring
sample_05350.jpg,0.4025350179250958,SRC_024,10.0,53.725813,N-summer
sample_05351.jpg,0.4252379762704437,SRC_097,0.0,35.318175,N-winter
sample_05352.jpg,0.3877957732545062,SRC_004,30.0,61.107468,N-autumn
sample_05353.jpg,0.5442315874317725,SRC_126,-20.0,68.779144,N-summer
sample_05354.jpg,0.4927113448649834,SRC_049,5.0,42.94902,N-spring
sample_05355.jpg,0.4852727435845311,SRC_056,-40.0,74.660587,N-summer
sample_05356.jpg,0.48033158264283105,SRC_156,10.0,48.737382,N-summer
sample_05357.jpg,0.3992663122511647,SRC_073,45.0,41.537171,N-spring
sample_05358.jpg,0.4079328640145986,SRC_009,-25.0,73.827745,N-spring
sample_05359.jpg,0.38646984167746756,SRC_099,15.0,42.024472,N-spring
sample_05360.jpg,0.48691455378110626,SRC_067,-15.0,64.724247,N-spring
sample_05361.jpg,0.3931023047352974,SRC_030,-25.0,67.936804,N-spring
sample_05362.jpg,0.489951259285682,SRC_061,50.0,43.110277,N-spring
sample_05363.jpg,0.4841627180090704,SRC_076,25.0,63.632584,N-autumn
sample_05364.jpg,0.5104214483746713,SRC_113,-35.0,36.668707,N-winter
sample_05365.jpg,0.4142418898602494,SRC_111,-35.0,79.069883,N-spring
sample_05366.jpg,0.520258127124754,SRC_031,-90.0,62.684336,N-winter
sample_05367.jpg,0.41611423464509806,SRC_134,-30.0,69.607895,N-spring
sample_05368.jpg,0.5165609774874379,SRC_140,35.0,44.85556,N-spring
sample_05369.jpg,0.5103696106249307,SRC_067,-15.0,64.724247,N-spring
sample_05370.jpg,0.5134214152425856,SRC_154,0.0,54.770875,N-summer
sample_05371.jpg,0.41512417019570086,SRC_140,35.0,44.85556,N-spring
sample_05372.jpg,0.4888252411950309,SRC_051,20.0,63.609319,N-autumn
sample_05373.jpg,0.4808412492293125,SRC_151,-15.0,63.408071,N-summer
sample_05374.jpg,0.4068323673450223,SRC_148,-15.0,49.227137,N-autumn
sample_05375.jpg,0.4085846188064874,SRC_042,10.0,36.92431,N-spring
sample_05376.jpg,0.3810992884000309,SRC_114,-10.0,58.176498,N-autumn
sample_05377.jpg,0.38299483359356046,SRC_057,-5.0,57.599617,N-summer
sample_05378.jpg,0.4337514694518266,SRC_006,-15.0,65.638079,N-spring
sample_05379.jpg,0.5346671057468171,SRC_081,-90.0,74.772433,N-autumn
sample_05380.jpg,0.3819356906932456,SRC_108,-40.0,68.856247,N-summer
sample_05381.jpg,0.4543610332195541,SRC_124,0.0,51.928413,N-summer
sample_05382.jpg,0.4954332788502203,SRC_098,-45.0,70.730178,N-summer
sample_05383.jpg,0.47330829819178477,SRC_111,-35.0,79.069883,N-spring
sample_05384.jpg,0.389592276662381,SRC_158,-5.0,35.954137,N-winter
sample_05385.jpg,0.4498984344132915,SRC_049,5.0,42.94902,N-spring
sample_05386.jpg,0.38626758854377424,SRC_109,50.0,54.137665,N-summer
sample_05387.jpg,0.5108889224221276,SRC_029,-5.0,45.485648,N-autumn
sample_05388.jpg,0.43301912262557973,SRC_071,20.0,40.070501,N-spring
sample_05389.jpg,0.3954234334892953,SRC_037,15.0,44.468297,N-spring
sample_05390.jpg,0.5070935741194137,SRC_049,5.0,42.94902,N-spring
sample_05391.jpg,0.5279419512159043,SRC_154,0.0,54.770875,N-summer
sample_05392.jpg,0.48117762691114735,SRC_081,-90.0,74.772433,N-autumn
sample_05393.jpg,0.39440017599766714,SRC_009,-25.0,73.827745,N-spring
sample_05394.jpg,0.3805362693367429,SRC_068,0.0,56.216196,N-summer
sample_05395.jpg,0.5115883344424227,SRC_024,10.0,53.725813,N-summer
sample_05396.jpg,0.4282891450414287,SRC_106,25.0,40.638999,N-spring
sample_05397.jpg,0.38354542178217826,SRC_114,-10.0,58.176498,N-autumn
sample_05398.jpg,0.39933377846213486,SRC_151,-15.0,63.408071,N-summer
sample_05399.jpg,0.39278643596296897,SRC_006,-15.0,65.638079,N-spring
sample_05400.jpg,0.516166111889845,SRC_127,-35.0,47.507974,N-autumn
sample_05401.jpg,0.3853577807576104,SRC_070,60.0,58.788969,N-summer
sample_05402.jpg,0.39165517012445783,SRC_103,-35.0,57.090396,N-autumn
sample_05403.jpg,0.41495066383749635,SRC_077,-5.0,34.299081,N-winter
sample_05404.jpg,0.4813449489209812,SRC_058,30.0,69.060883,N-autumn
sample_05405.jpg,0.39421809068709984,SRC_096,25.0,40.422288,N-spring
sample_05406.jpg,0.38406123315345153,SRC_004,30.0,61.107468,N-autumn
sample_05407.jpg,0.4952908695948439,SRC_091,-40.0,72.511342,N-summer
sample_05408.jpg,0.5418443726009939,SRC_067,-15.0,64.724247,N-spring
sample_05409.jpg,0.4016875115072165,SRC_133,-10.0,48.887369,N-spring
sample_05410.jpg,0.5087417791081952,SRC_121,25.0,67.446292,N-autumn
sample_05411.jpg,0.38828472372493045,SRC_016,10.0,55.552023,N-winter
sample_05412.jpg,0.45100919462693795,SRC_131,10.0,60.540464,N-autumn
sample_05413.jpg,0.3848603533915625,SRC_037,15.0,44.468297,N-spring
sample_05414.jpg,0.40004219184852047,SRC_011,-20.0,70.371153,N-summer
sample_05415.jpg,0.4366884925247415,SRC_111,-35.0,79.069883,N-spring
sample_05416.jpg,0.3836637368487078,SRC_006,-15.0,65.638079,N-spring
sample_05417.jpg,0.38347284935863357,SRC_004,30.0,61.107468,N-autumn
sample_05418.jpg,0.4650681145656465,SRC_061,50.0,43.110277,N-spring
sample_05419.jpg,0.39212599689506245,SRC_069,25.0,48.120522,N-summer
sample_05420.jpg,0.372836071948147,SRC_063,25.0,41.329237,N-spring
sample_05421.jpg,0.5098552819945321,SRC_146,10.0,58.0428,N-summer
sample_05422.jpg,0.4224897164890759,SRC_125,-5.0,52.428603,N-spring
sample_05423.jpg,0.4087382369165892,SRC_066,-10.0,61.81065,N-summer
sample_05424.jpg,0.42283801739703886,SRC_072,15.0,46.966801,N-winter
sample_05425.jpg,0.41739401393015835,SRC_150,10.0,50.798821,N-summer
sample_05426.jpg,0.39591517304546753,SRC_150,10.0,50.798821,N-summer
sample_05427.jpg,0.4925666687977106,SRC_104,25.0,45.102036,N-summer
sample_05428.jpg,0.4410972780550397,SRC_063,25.0,41.329237,N-spring
sample_05429.jpg,0.5199636461602024,SRC_123,0.0,54.598149,N-autumn
sample_05430.jpg,0.40978686826025496,SRC_151,-15.0,63.408071,N-summer
sample_05431.jpg,0.4085319268152804,SRC_089,10.0,48.442522,N-winter
sample_05432.jpg,0.529531273481593,SRC_011,-20.0,70.371153,N-summer
sample_05433.jpg,0.3755153970398496,SRC_157,40.0,44.22455,N-summer
sample_05434.jpg,0.5010879869077645,SRC_156,10.0,48.737382,N-summer
sample_05435.jpg,0.39423942438225534,SRC_091,-40.0,72.511342,N-summer
sample_05436.jpg,0.4588591732270877,SRC_051,20.0,63.609319,N-autumn
sample_05437.jpg,0.5074864232718785,SRC_165,10.0,42.451267,N-winter
sample_05438.jpg,0.3960041713270979,SRC_042,10.0,36.92431,N-spring
sample_05439.jpg,0.45375502266621337,SRC_059,15.0,48.046698,N-summer
sample_05440.jpg,0.40461068789313037,SRC_126,-20.0,68.779144,N-summer
sample_05441.jpg,0.4213072609490979,SRC_095,-20.0,56.495654,N-spring
sample_05442.jpg,0.41138608673647525,SRC_115,25.0,41.8845,N-spring
sample_05443.jpg,0.45879652578878993,SRC_095,-20.0,56.495654,N-spring
sample_05444.jpg,0.4155755164695103,SRC_111,-35.0,79.069883,N-spring
sample_05445.jpg,0.41767220607314404,SRC_051,20.0,63.609319,N-autumn
sample_05446.jpg,0.4963683254755053,SRC_082,-10.0,60.444036,N-spring
sample_05447.jpg,0.45904936418780995,SRC_089,10.0,48.442522,N-winter
sample_05448.jpg,0.5208620041611348,SRC_027,35.0,41.369436,N-spring
sample_05449.jpg,0.4276741667210365,SRC_104,25.0,45.102036,N-summer
sample_05450.jpg,0.3853449225771349,SRC_055,-5.0,57.335076,N-spring
sample_05451.jpg,0.43080669760359863,SRC_038,-15.0,32.097448,N-winter
sample_05452.jpg,0.3983458780001966,SRC_158,-5.0,35.954137,N-winter
sample_05453.jpg,0.4112364280134907,SRC_062,45.0,81.508965,N-autumn
sample_05454.jpg,0.3921858204689289,SRC_085,0.0,39.187341,N-spring
sample_05455.jpg,0.4285224091140387,SRC_030,-25.0,67.936804,N-spring
sample_05456.jpg,0.39017664204145597,SRC_096,25.0,40.422288,N-spring
sample_05457.jpg,0.4097818820758981,SRC_103,-35.0,57.090396,N-autumn
sample_05458.jpg,0.42483745130563877,SRC_097,0.0,35.318175,N-winter
sample_05459.jpg,0.4315760325896214,SRC_102,-10.0,52.255853,N-spring
sample_05460.jpg,0.4390071093848005,SRC_055,-5.0,57.335076,N-spring
sample_05461.jpg,0.38641742393868905,SRC_091,-40.0,72.511342,N-summer
sample_05462.jpg,0.42734020153609353,SRC_061,50.0,43.110277,N-spring
sample_05463.jpg,0.5006649461329987,SRC_058,30.0,69.060883,N-autumn
sample_05464.jpg,0.38404913438139926,SRC_108,-40.0,68.856247,N-summer
sample_05465.jpg,0.38084668120774834,SRC_028,10.0,42.894848,N-spring
sample_05466.jpg,0.39785561207190695,SRC_067,-15.0,64.724247,N-spring
sample_05467.jpg,0.410189790521026,SRC_071,20.0,40.070501,N-spring
sample_05468.jpg,0.5101736684376101,SRC_049,5.0,42.94902,N-spring
sample_05469.jpg,0.3838441789804537,SRC_141,-10.0,55.206291,N-spring
sample_05470.jpg,0.3894883091045399,SRC_066,-10.0,61.81065,N-summer
sample_05471.jpg,0.3956635658404508,SRC_170,-20.0,56.332579,N-autumn
sample_05472.jpg,0.405946136911591,SRC_014,-40.0,38.480327,N-winter
sample_05473.jpg,0.421137055212401,SRC_088,0.0,53.004483,N-summer
sample_05474.jpg,0.4266128056663934,SRC_058,30.0,69.060883,N-autumn
sample_05475.jpg,0.4002826527878631,SRC_103,-35.0,57.090396,N-autumn
sample_05476.jpg,0.4202489821603764,SRC_115,25.0,41.8845,N-spring
sample_05477.jpg,0.3877980717116816,SRC_109,50.0,54.137665,N-summer
sample_05478.jpg,0.4863541503753342,SRC_098,-45.0,70.730178,N-summer
sample_05479.jpg,0.38296809501953344,SRC_099,15.0,42.024472,N-spring
sample_05480.jpg,0.45672949020744735,SRC_037,15.0,44.468297,N-spring
sample_05481.jpg,0.4758876137984709,SRC_051,20.0,63.609319,N-autumn
sample_05482.jpg,0.5091940748258829,SRC_045,-90.0,70.559818,N-autumn
sample_05483.jpg,0.39602073544962446,SRC_121,25.0,67.446292,N-autumn
sample_05484.jpg,0.38700616281605954,SRC_056,-40.0,74.660587,N-summer
sample_05485.jpg,0.39883060354090516,SRC_124,0.0,51.928413,N-summer
sample_05486.jpg,0.39487521450756435,SRC_076,25.0,63.632584,N-autumn
sample_05487.jpg,0.39352160343438825,SRC_009,-25.0,73.827745,N-spring
sample_05488.jpg,0.4886051664077802,SRC_077,-5.0,34.299081,N-winter
sample_05489.jpg,0.4130721035360832,SRC_115,25.0,41.8845,N-spring
sample_05490.jpg,0.39165208252425027,SRC_030,-25.0,67.936804,N-spring
sample_05491.jpg,0.5228500133196808,SRC_064,90.0,60.573524,N-spring
sample_05492.jpg,0.4582261308776844,SRC_096,25.0,40.422288,N-spring
sample_05493.jpg,0.3909109904341218,SRC_046,0.0,58.061031,N-autumn
sample_05494.jpg,0.38693282590984,SRC_030,-25.0,67.936804,N-spring
sample_05495.jpg,0.41400849663629613,SRC_170,-20.0,56.332579,N-autumn
sample_05496.jpg,0.39434739172148925,SRC_156,10.0,48.737382,N-summer
sample_05497.jpg,0.3949671596661527,SRC_158,-5.0,35.954137,N-winter
sample_05498.jpg,0.3888259465499192,SRC_014,-40.0,38.480327,N-winter
sample_05499.jpg,0.3799420770378801,SRC_042,10.0,36.92431,N-spring
sample_05500.jpg,0.3652940709914176,SRC_083,0.0,55.378885,N-spring
sample_05501.jpg,0.43149182112735857,SRC_046,0.0,58.061031,N-autumn
sample_05502.jpg,0.42251104771232023,SRC_072,15.0,46.966801,N-winter
sample_05503.jpg,0.4157943906956391,SRC_129,20.0,41.057252,N-spring
sample_05504.jpg,0.3908289157017774,SRC_158,-5.0,35.954137,N-winter
sample_05505.jpg,0.40196580084497063,SRC_097,0.0,35.318175,N-winter
sample_05506.jpg,0.5294086704554574,SRC_146,10.0,58.0428,N-summer
sample_05507.jpg,0.409115818620973,SRC_102,-10.0,52.255853,N-spring
sample_05508.jpg,0.4483411888514016,SRC_006,-15.0,65.638079,N-spring
sample_05509.jpg,0.43794273131653555,SRC_051,20.0,63.609319,N-autumn
sample_05510.jpg,0.41819874611976643,SRC_051,20.0,63.609319,N-autumn
sample_05511.jpg,0.44683860012200755,SRC_026,90.0,57.238404,N-spring
sample_05512.jpg,0.41078365678448653,SRC_133,-10.0,48.887369,N-spring
sample_05513.jpg,0.40773121068246143,SRC_148,-15.0,49.227137,N-autumn
sample_05514.jpg,0.4651036493129923,SRC_061,50.0,43.110277,N-spring
sample_05515.jpg,0.4542649528308891,SRC_018,-90.0,67.882485,N-winter
sample_05516.jpg,0.4461304459687593,SRC_071,20.0,40.070501,N-spring
sample_05517.jpg,0.49416512077705343,SRC_061,50.0,43.110277,N-spring
sample_05518.jpg,0.40663917434887703,SRC_009,-25.0,73.827745,N-spring
sample_05519.jpg,0.44909931771806316,SRC_061,50.0,43.110277,N-spring
sample_05520.jpg,0.3928649798490797,SRC_015,20.0,46.484204,N-summer
sample_05521.jpg,0.40168630525681015,SRC_009,-25.0,73.827745,N-spring
sample_05522.jpg,0.46461227213190776,SRC_071,20.0,40.070501,N-spring
sample_05523.jpg,0.3768446457909068,SRC_041,15.0,46.712049,N-summer
sample_05524.jpg,0.4033870148921747,SRC_036,5.0,52.749586,N-summer
sample_05525.jpg,0.39797162910235084,SRC_103,-35.0,57.090396,N-autumn
sample_05526.jpg,0.40516474496055943,SRC_041,15.0,46.712049,N-summer
sample_05527.jpg,0.4311924229592414,SRC_047,0.0,48.028677,N-spring
sample_05528.jpg,0.47852884109750116,SRC_076,25.0,63.632584,N-autumn
sample_05529.jpg,0.424523816597208,SRC_052,5.0,51.705435,N-summer
sample_05530.jpg,0.3971420530965944,SRC_037,15.0,44.468297,N-spring
sample_05531.jpg,0.3873831126971382,SRC_070,60.0,58.788969,N-summer
sample_05532.jpg,0.38028771660877514,SRC_063,25.0,41.329237,N-spring
sample_05533.jpg,0.3858922184248847,SRC_004,30.0,61.107468,N-autumn
sample_05534.jpg,0.38872234482278584,SRC_073,45.0,41.537171,N-spring
sample_05535.jpg,0.406745253614467,SRC_108,-40.0,68.856247,N-summer
sample_05536.jpg,0.39654152653679064,SRC_108,-40.0,68.856247,N-summer
sample_05537.jpg,0.4067798650984581,SRC_070,60.0,58.788969,N-summer
sample_05538.jpg,0.3817374256365885,SRC_156,10.0,48.737382,N-summer
sample_05539.jpg,0.4020338238070929,SRC_077,-5.0,34.299081,N-winter
sample_05540.jpg,0.4898085319757387,SRC_026,90.0,57.238404,N-spring
sample_05541.jpg,0.40380222367383267,SRC_024,10.0,53.725813,N-summer
sample_05542.jpg,0.3882740249632306,SRC_005,0.0,55.846781,N-summer
sample_05543.jpg,0.4019287499558624,SRC_131,10.0,60.540464,N-autumn
sample_05544.jpg,0.49051062098579984,SRC_084,-10.0,58.957849,N-summer
sample_05545.jpg,0.38950505814430236,SRC_109,50.0,54.137665,N-summer
sample_05546.jpg,0.3935721611545797,SRC_104,25.0,45.102036,N-summer
sample_05547.jpg,0.3960603829853738,SRC_062,45.0,81.508965,N-autumn
sample_05548.jpg,0.3989413558566361,SRC_066,-10.0,61.81065,N-summer
sample_05549.jpg,0.504418174411416,SRC_106,25.0,40.638999,N-spring
sample_05550.jpg,0.3997371839566346,SRC_061,50.0,43.110277,N-spring
sample_05551.jpg,0.41713485422505936,SRC_112,-30.0,67.516648,N-spring
sample_05552.jpg,0.4089829145004497,SRC_013,50.0,54.051464,N-spring
sample_05553.jpg,0.40775340867799326,SRC_091,-40.0,72.511342,N-summer
sample_05554.jpg,0.3919944291304218,SRC_042,10.0,36.92431,N-spring
sample_05555.jpg,0.40555087864980255,SRC_072,15.0,46.966801,N-winter
sample_05556.jpg,0.404187621533457,SRC_109,50.0,54.137665,N-summer
sample_05557.jpg,0.42981834740613695,SRC_148,-15.0,49.227137,N-autumn
sample_05558.jpg,0.38080316133549746,SRC_086,15.0,43.648742,N-summer
sample_05559.jpg,0.45186589739161587,SRC_060,90.0,64.124177,N-summer
sample_05560.jpg,0.3920025572372331,SRC_015,20.0,46.484204,N-summer
sample_05561.jpg,0.3986821784806419,SRC_145,-5.0,52.15166,N-spring
sample_05562.jpg,0.3912048140749943,SRC_096,25.0,40.422288,N-spring
sample_05563.jpg,0.39139459012502203,SRC_169,40.0,48.615664,N-summer
sample_05564.jpg,0.4073774330316661,SRC_040,90.0,57.651744,N-spring
sample_05565.jpg,0.4700429745800325,SRC_114,-10.0,58.176498,N-autumn
sample_05566.jpg,0.48778525178746096,SRC_090,50.0,47.196626,N-summer
sample_05567.jpg,0.4089506995883593,SRC_103,-35.0,57.090396,N-autumn
sample_05568.jpg,0.4442175267796237,SRC_030,-25.0,67.936804,N-spring
sample_05569.jpg,0.44008446489476166,SRC_126,-20.0,68.779144,N-summer
sample_05570.jpg,0.40591629094671655,SRC_091,-40.0,72.511342,N-summer
sample_05571.jpg,0.41135168888871726,SRC_150,10.0,50.798821,N-summer
sample_05572.jpg,0.3911934855660279,SRC_158,-5.0,35.954137,N-winter
sample_05573.jpg,0.416220589400893,SRC_153,-40.0,43.960452,N-autumn
sample_05574.jpg,0.4495576324594584,SRC_051,20.0,63.609319,N-autumn
sample_05575.jpg,0.3917340340330681,SRC_042,10.0,36.92431,N-spring
sample_05576.jpg,0.4015294922788919,SRC_096,25.0,40.422288,N-spring
sample_05577.jpg,0.3809620240383854,SRC_156,10.0,48.737382,N-summer
sample_05578.jpg,0.3829337109128274,SRC_014,-40.0,38.480327,N-winter
sample_05579.jpg,0.3932692305500997,SRC_099,15.0,42.024472,N-spring
sample_05580.jpg,0.3997906782436486,SRC_077,-5.0,34.299081,N-winter
sample_05581.jpg,0.49357654754619923,SRC_114,-10.0,58.176498,N-autumn
sample_05582.jpg,0.5155013672720364,SRC_166,90.0,60.094207,N-spring
sample_05583.jpg,0.3916817318405489,SRC_087,0.0,54.65824,N-summer
sample_05584.jpg,0.47701112434856635,SRC_039,90.0,70.63275,N-summer
sample_05585.jpg,0.4825345445792439,SRC_139,40.0,53.533251,N-winter
sample_05586.jpg,0.41599610691399924,SRC_112,-30.0,67.516648,N-spring
sample_05587.jpg,0.40423608927529353,SRC_121,25.0,67.446292,N-autumn
sample_05588.jpg,0.48997004314195697,SRC_136,-35.0,76.922409,N-spring
sample_05589.jpg,0.47743402210079006,SRC_013,50.0,54.051464,N-spring
sample_05590.jpg,0.38542656463877206,SRC_087,0.0,54.65824,N-summer
sample_05591.jpg,0.4055377535793676,SRC_022,20.0,41.513642,N-spring
sample_05592.jpg,0.38908934241146115,SRC_153,-40.0,43.960452,N-autumn
sample_05593.jpg,0.3815482971814225,SRC_114,-10.0,58.176498,N-autumn
sample_05594.jpg,0.39373000599329344,SRC_099,15.0,42.024472,N-spring
sample_05595.jpg,0.3731225182486341,SRC_004,30.0,61.107468,N-autumn
sample_05596.jpg,0.42812655299401026,SRC_115,25.0,41.8845,N-spring
sample_05597.jpg,0.38383284583861166,SRC_171,-35.0,63.65778,N-spring
sample_05598.jpg,0.39599635086685037,SRC_120,90.0,69.983669,N-summer
sample_05599.jpg,0.47308741672049026,SRC_106,25.0,40.638999,N-spring
sample_05600.jpg,0.5373599345988571,SRC_081,-90.0,74.772433,N-autumn
sample_05601.jpg,0.479505599876508,SRC_071,20.0,40.070501,N-spring
sample_05602.jpg,0.38788145018085995,SRC_086,15.0,43.648742,N-summer
sample_05603.jpg,0.5136867529423204,SRC_042,10.0,36.92431,N-spring
sample_05604.jpg,0.3933848737575514,SRC_067,-15.0,64.724247,N-spring
sample_05605.jpg,0.42210540036244987,SRC_092,5.0,57.429528,N-autumn
sample_05606.jpg,0.431462584357629,SRC_133,-10.0,48.887369,N-spring
sample_05607.jpg,0.394928643229077,SRC_027,35.0,41.369436,N-spring
sample_05608.jpg,0.4328043001594016,SRC_038,-15.0,32.097448,N-winter
sample_05609.jpg,0.42753402293467396,SRC_045,-90.0,70.559818,N-autumn
sample_05610.jpg,0.39363647210857305,SRC_043,10.0,50.433279,N-summer
sample_05611.jpg,0.3938383244672557,SRC_146,10.0,58.0428,N-summer
sample_05612.jpg,0.4676976971462207,SRC_116,5.0,41.203028,N-spring
sample_05613.jpg,0.45592060805236717,SRC_071,20.0,40.070501,N-spring
sample_05614.jpg,0.4159155322996357,SRC_112,-30.0,67.516648,N-spring
sample_05615.jpg,0.3803514275116205,SRC_108,-40.0,68.856247,N-summer
sample_05616.jpg,0.3935101841652241,SRC_159,20.0,67.076816,N-autumn
sample_05617.jpg,0.4676170530301332,SRC_130,25.0,37.507656,N-spring
sample_05618.jpg,0.3997833791992381,SRC_165,10.0,42.451267,N-winter
sample_05619.jpg,0.4183210256537603,SRC_144,-35.0,76.731052,N-spring
sample_05620.jpg,0.39398201808575345,SRC_121,25.0,67.446292,N-autumn
sample_05621.jpg,0.4090398868724966,SRC_165,10.0,42.451267,N-winter
sample_05622.jpg,0.42027687643920003,SRC_144,-35.0,76.731052,N-spring
sample_05623.jpg,0.45866104173302524,SRC_061,50.0,43.110277,N-spring
sample_05624.jpg,0.3851778283241442,SRC_028,10.0,42.894848,N-spring
sample_05625.jpg,0.4654807455328844,SRC_026,90.0,57.238404,N-spring
sample_05626.jpg,0.5087726968174108,SRC_154,0.0,54.770875,N-summer
sample_05627.jpg,0.4052560625680168,SRC_108,-40.0,68.856247,N-summer
sample_05628.jpg,0.525358645894278,SRC_087,0.0,54.65824,N-summer
sample_05629.jpg,0.3994517929327928,SRC_103,-35.0,57.090396,N-autumn
sample_05630.jpg,0.38153893623755886,SRC_006,-15.0,65.638079,N-spring
sample_05631.jpg,0.4022841401570908,SRC_123,0.0,54.598149,N-autumn
sample_05632.jpg,0.3911699185904539,SRC_021,-90.0,68.040851,N-autumn
sample_05633.jpg,0.42873097596425536,SRC_009,-25.0,73.827745,N-spring
sample_05634.jpg,0.3915951377744481,SRC_127,-35.0,47.507974,N-autumn
sample_05635.jpg,0.4541813544534823,SRC_097,0.0,35.318175,N-winter
sample_05636.jpg,0.5206400380801334,SRC_001,-5.0,51.987197,N-spring
sample_05637.jpg,0.4858157306674856,SRC_099,15.0,42.024472,N-spring
sample_05638.jpg,0.5037584455699757,SRC_089,10.0,48.442522,N-winter
sample_05639.jpg,0.5144295369854625,SRC_052,5.0,51.705435,N-summer
sample_05640.jpg,0.5050805524850656,SRC_018,-90.0,67.882485,N-winter
sample_05641.jpg,0.3814343191597661,SRC_140,35.0,44.85556,N-spring
sample_05642.jpg,0.41933984751010167,SRC_013,50.0,54.051464,N-spring
sample_05643.jpg,0.49772904797945944,SRC_069,25.0,48.120522,N-summer
sample_05644.jpg,0.4077045030119987,SRC_092,5.0,57.429528,N-autumn
sample_05645.jpg,0.4736888158888851,SRC_151,-15.0,63.408071,N-summer
sample_05646.jpg,0.42164284271864305,SRC_138,25.0,44.714676,N-summer
sample_05647.jpg,0.48411801737359683,SRC_051,20.0,63.609319,N-autumn
sample_05648.jpg,0.45394260940152764,SRC_069,25.0,48.120522,N-summer
sample_05649.jpg,0.521638974305276,SRC_090,50.0,47.196626,N-summer
sample_05650.jpg,0.3933252090072121,SRC_021,-90.0,68.040851,N-autumn
sample_05651.jpg,0.5025135849462783,SRC_111,-35.0,79.069883,N-spring
sample_05652.jpg,0.3917173193735539,SRC_004,30.0,61.107468,N-autumn
sample_05653.jpg,0.4781779964073004,SRC_154,0.0,54.770875,N-summer
sample_05654.jpg,0.38788277845193075,SRC_013,50.0,54.051464,N-spring
sample_05655.jpg,0.41111978495708223,SRC_139,40.0,53.533251,N-winter
sample_05656.jpg,0.42699218581958875,SRC_148,-15.0,49.227137,N-autumn
sample_05657.jpg,0.3833158883852835,SRC_146,10.0,58.0428,N-summer
sample_05658.jpg,0.5006555273738915,SRC_136,-35.0,76.922409,N-spring
sample_05659.jpg,0.4535443827757941,SRC_026,90.0,57.238404,N-spring
sample_05660.jpg,0.38597750023371413,SRC_030,-25.0,67.936804,N-spring
sample_05661.jpg,0.49784473256454503,SRC_149,90.0,55.701783,N-summer
sample_05662.jpg,0.493754249162519,SRC_153,-40.0,43.960452,N-autumn
sample_05663.jpg,0.4541011120765258,SRC_119,90.0,58.642683,N-spring
sample_05664.jpg,0.48149385190995425,SRC_055,-5.0,57.335076,N-spring
sample_05665.jpg,0.4678829679855066,SRC_096,25.0,40.422288,N-spring
sample_05666.jpg,0.3817696032573953,SRC_113,-35.0,36.668707,N-winter
sample_05667.jpg,0.399691367457218,SRC_103,-35.0,57.090396,N-autumn
sample_05668.jpg,0.4882425644421372,SRC_106,25.0,40.638999,N-spring
sample_05669.jpg,0.39477538862670986,SRC_038,-15.0,32.097448,N-winter
sample_05670.jpg,0.3984296384945922,SRC_009,-25.0,73.827745,N-spring
sample_05671.jpg,0.4594017054516203,SRC_153,-40.0,43.960452,N-autumn
sample_05672.jpg,0.43618666019223146,SRC_131,10.0,60.540464,N-autumn
sample_05673.jpg,0.4068103281514256,SRC_103,-35.0,57.090396,N-autumn
sample_05674.jpg,0.4198680352761765,SRC_055,-5.0,57.335076,N-spring
sample_05675.jpg,0.496985757516228,SRC_018,-90.0,67.882485,N-winter
sample_05676.jpg,0.3931677887440259,SRC_103,-35.0,57.090396,N-autumn
sample_05677.jpg,0.41604637608593364,SRC_067,-15.0,64.724247,N-spring
sample_05678.jpg,0.41428846867002767,SRC_115,25.0,41.8845,N-spring
sample_05679.jpg,0.38787755173359767,SRC_058,30.0,69.060883,N-autumn
sample_05680.jpg,0.3915890531646755,SRC_021,-90.0,68.040851,N-autumn
sample_05681.jpg,0.49336879458675575,SRC_011,-20.0,70.371153,N-summer
sample_05682.jpg,0.37950854071318235,SRC_041,15.0,46.712049,N-summer
sample_05683.jpg,0.4005559053832449,SRC_040,90.0,57.651744,N-spring
sample_05684.jpg,0.4059323542136236,SRC_108,-40.0,68.856247,N-summer
sample_05685.jpg,0.4068798764680593,SRC_087,0.0,54.65824,N-summer
sample_05686.jpg,0.39050887207137686,SRC_121,25.0,67.446292,N-autumn
sample_05687.jpg,0.3988896110277381,SRC_158,-5.0,35.954137,N-winter
sample_05688.jpg,0.43005092436781284,SRC_133,-10.0,48.887369,N-spring
sample_05689.jpg,0.3800042096649336,SRC_100,20.0,41.506528,N-spring
sample_05690.jpg,0.42177795453897843,SRC_150,10.0,50.798821,N-summer
sample_05691.jpg,0.4779355435341876,SRC_124,0.0,51.928413,N-summer
sample_05692.jpg,0.4589314074154059,SRC_047,0.0,48.028677,N-spring
sample_05693.jpg,0.44690140909408155,SRC_015,20.0,46.484204,N-summer
sample_05694.jpg,0.49854306236273327,SRC_069,25.0,48.120522,N-summer
sample_05695.jpg,0.524898666589966,SRC_081,-90.0,74.772433,N-autumn
sample_05696.jpg,0.48774835960806034,SRC_101,5.0,48.479381,N-winter
sample_05697.jpg,0.3784728874134336,SRC_063,25.0,41.329237,N-spring
sample_05698.jpg,0.4210396238837416,SRC_014,-40.0,38.480327,N-winter
sample_05699.jpg,0.3962998046730744,SRC_121,25.0,67.446292,N-autumn
sample_05700.jpg,0.48221406661820454,SRC_109,50.0,54.137665,N-summer
sample_05701.jpg,0.49943550363468,SRC_058,30.0,69.060883,N-autumn
sample_05702.jpg,0.4072512228563787,SRC_103,-35.0,57.090396,N-autumn
sample_05703.jpg,0.45711225834974706,SRC_126,-20.0,68.779144,N-summer
sample_05704.jpg,0.3905463351895967,SRC_140,35.0,44.85556,N-spring
sample_05705.jpg,0.400223943507812,SRC_134,-30.0,69.607895,N-spring
sample_05706.jpg,0.434149233548645,SRC_124,0.0,51.928413,N-summer
sample_05707.jpg,0.4002234495819076,SRC_008,25.0,61.005891,N-autumn
sample_05708.jpg,0.37569964162392544,SRC_063,25.0,41.329237,N-spring
sample_05709.jpg,0.38433762648569886,SRC_037,15.0,44.468297,N-spring
sample_05710.jpg,0.396161170296715,SRC_171,-35.0,63.65778,N-spring
sample_05711.jpg,0.4209051330779257,SRC_076,25.0,63.632584,N-autumn
sample_05712.jpg,0.3929918660051403,SRC_020,35.0,42.075965,N-summer
sample_05713.jpg,0.40883837674585066,SRC_150,10.0,50.798821,N-summer
sample_05714.jpg,0.43259264432473793,SRC_018,-90.0,67.882485,N-winter
sample_05715.jpg,0.3846941688210174,SRC_099,15.0,42.024472,N-spring
sample_05716.jpg,0.38246611202653086,SRC_004,30.0,61.107468,N-autumn
sample_05717.jpg,0.4385416957452916,SRC_091,-40.0,72.511342,N-summer
sample_05718.jpg,0.3951976672833939,SRC_170,-20.0,56.332579,N-autumn
sample_05719.jpg,0.38991045441717676,SRC_076,25.0,63.632584,N-autumn
sample_05720.jpg,0.38602632197135744,SRC_108,-40.0,68.856247,N-summer
sample_05721.jpg,0.3813582970439279,SRC_013,50.0,54.051464,N-spring
sample_05722.jpg,0.4072158166278429,SRC_088,0.0,53.004483,N-summer
sample_05723.jpg,0.3915169035402739,SRC_020,35.0,42.075965,N-summer
sample_05724.jpg,0.4148499400002664,SRC_150,10.0,50.798821,N-summer
sample_05725.jpg,0.4642360797275133,SRC_164,20.0,59.226879,N-autumn
sample_05726.jpg,0.43842760856952445,SRC_006,-15.0,65.638079,N-spring
sample_05727.jpg,0.39526577015475056,SRC_037,15.0,44.468297,N-spring
sample_05728.jpg,0.3857174433729223,SRC_109,50.0,54.137665,N-summer
sample_05729.jpg,0.39755306460656115,SRC_094,20.0,66.934532,N-autumn
sample_05730.jpg,0.4725029656880807,SRC_085,0.0,39.187341,N-spring
sample_05731.jpg,0.3985970132498833,SRC_056,-40.0,74.660587,N-summer
sample_05732.jpg,0.4099533193794803,SRC_013,50.0,54.051464,N-spring
sample_05733.jpg,0.49342795843198817,SRC_039,90.0,70.63275,N-summer
sample_05734.jpg,0.4097466004417328,SRC_040,90.0,57.651744,N-spring
sample_05735.jpg,0.44715169622456397,SRC_123,0.0,54.598149,N-autumn
sample_05736.jpg,0.4009486890456091,SRC_022,20.0,41.513642,N-spring
sample_05737.jpg,0.472419605575945,SRC_114,-10.0,58.176498,N-autumn
sample_05738.jpg,0.388580549229305,SRC_004,30.0,61.107468,N-autumn
sample_05739.jpg,0.3952952760649928,SRC_048,-25.0,61.920556,N-autumn
sample_05740.jpg,0.41583225771514876,SRC_124,0.0,51.928413,N-summer
sample_05741.jpg,0.3811502282295562,SRC_066,-10.0,61.81065,N-summer
sample_05742.jpg,0.3852288786734916,SRC_109,50.0,54.137665,N-summer
sample_05743.jpg,0.4077303421629851,SRC_115,25.0,41.8845,N-spring
sample_05744.jpg,0.38786049492567504,SRC_004,30.0,61.107468,N-autumn
sample_05745.jpg,0.5102582142676158,SRC_050,0.0,53.680047,N-summer
sample_05746.jpg,0.3875337932322604,SRC_108,-40.0,68.856247,N-summer
sample_05747.jpg,0.38895883861032166,SRC_086,15.0,43.648742,N-summer
sample_05748.jpg,0.3945307452714154,SRC_011,-20.0,70.371153,N-summer
sample_05749.jpg,0.43803364049655524,SRC_047,0.0,48.028677,N-spring
sample_05750.jpg,0.3924599121747121,SRC_043,10.0,50.433279,N-summer
sample_05751.jpg,0.39613975151264896,SRC_095,-20.0,56.495654,N-spring
sample_05752.jpg,0.3966825016403307,SRC_089,10.0,48.442522,N-winter
sample_05753.jpg,0.3987193299571271,SRC_134,-30.0,69.607895,N-spring
sample_05754.jpg,0.5170714340148619,SRC_106,25.0,40.638999,N-spring
sample_05755.jpg,0.39058352783017486,SRC_040,90.0,57.651744,N-spring
sample_05756.jpg,0.4257394967238981,SRC_049,5.0,42.94902,N-spring
sample_05757.jpg,0.4122526012753437,SRC_089,10.0,48.442522,N-winter
sample_05758.jpg,0.43735189715726436,SRC_028,10.0,42.894848,N-spring
sample_05759.jpg,0.40584015450794164,SRC_151,-15.0,63.408071,N-summer
sample_05760.jpg,0.40543472265606423,SRC_042,10.0,36.92431,N-spring
sample_05761.jpg,0.38720744169306537,SRC_158,-5.0,35.954137,N-winter
sample_05762.jpg,0.4418488493311045,SRC_009,-25.0,73.827745,N-spring
sample_05763.jpg,0.4013202562930779,SRC_040,90.0,57.651744,N-spring
sample_05764.jpg,0.40916943329630595,SRC_011,-20.0,70.371153,N-summer
sample_05765.jpg,0.3981161225949274,SRC_121,25.0,67.446292,N-autumn
sample_05766.jpg,0.518911123063838,SRC_041,15.0,46.712049,N-summer
sample_05767.jpg,0.4216027496821321,SRC_085,0.0,39.187341,N-spring
sample_05768.jpg,0.380941519967802,SRC_092,5.0,57.429528,N-autumn
sample_05769.jpg,0.42442722566158747,SRC_009,-25.0,73.827745,N-spring
sample_05770.jpg,0.45825693246834864,SRC_066,-10.0,61.81065,N-summer
sample_05771.jpg,0.3995075461030315,SRC_121,25.0,67.446292,N-autumn
sample_05772.jpg,0.3863822592819155,SRC_073,45.0,41.537171,N-spring
sample_05773.jpg,0.39445117437538724,SRC_076,25.0,63.632584,N-autumn
sample_05774.jpg,0.44859681091552295,SRC_071,20.0,40.070501,N-spring
sample_05775.jpg,0.4275077875943995,SRC_111,-35.0,79.069883,N-spring
sample_05776.jpg,0.49764701650840604,SRC_154,0.0,54.770875,N-summer
sample_05777.jpg,0.44069548084434046,SRC_104,25.0,45.102036,N-summer
sample_05778.jpg,0.3738351096630183,SRC_140,35.0,44.85556,N-spring
sample_05779.jpg,0.3892380696993514,SRC_159,20.0,67.076816,N-autumn
sample_05780.jpg,0.48662533112155276,SRC_134,-30.0,69.607895,N-spring
sample_05781.jpg,0.43278442424255575,SRC_148,-15.0,49.227137,N-autumn
sample_05782.jpg,0.3932978754939374,SRC_020,35.0,42.075965,N-summer
sample_05783.jpg,0.41585114723859995,SRC_072,15.0,46.966801,N-winter
sample_05784.jpg,0.39684238781452225,SRC_004,30.0,61.107468,N-autumn
sample_05785.jpg,0.39260425711304,SRC_076,25.0,63.632584,N-autumn
sample_05786.jpg,0.42761007011369545,SRC_055,-5.0,57.335076,N-spring
sample_05787.jpg,0.5215189445953073,SRC_024,10.0,53.725813,N-summer
sample_05788.jpg,0.47695988801752043,SRC_099,15.0,42.024472,N-spring
sample_05789.jpg,0.5021372289361213,SRC_084,-10.0,58.957849,N-summer
sample_05790.jpg,0.37518891611442,SRC_082,-10.0,60.444036,N-spring
sample_05791.jpg,0.374302423337839,SRC_086,15.0,43.648742,N-summer
sample_05792.jpg,0.46741094702011876,SRC_092,5.0,57.429528,N-autumn
sample_05793.jpg,0.39179420707615614,SRC_157,40.0,44.22455,N-summer
sample_05794.jpg,0.4289149390555476,SRC_112,-30.0,67.516648,N-spring
sample_05795.jpg,0.39298388907682175,SRC_030,-25.0,67.936804,N-spring
sample_05796.jpg,0.3969126348557746,SRC_103,-35.0,57.090396,N-autumn
sample_05797.jpg,0.3939202435648899,SRC_051,20.0,63.609319,N-autumn
sample_05798.jpg,0.4078522808638249,SRC_150,10.0,50.798821,N-summer
sample_05799.jpg,0.3934804841834256,SRC_009,-25.0,73.827745,N-spring
sample_05800.jpg,0.366377356240808,SRC_023,-10.0,50.837437,N-spring
sample_05801.jpg,0.39130701492942094,SRC_165,10.0,42.451267,N-winter
sample_05802.jpg,0.42185143227575395,SRC_030,-25.0,67.936804,N-spring
sample_05803.jpg,0.38751005954132256,SRC_015,20.0,46.484204,N-summer
sample_05804.jpg,0.3994259939293825,SRC_158,-5.0,35.954137,N-winter
sample_05805.jpg,0.5142555076691925,SRC_001,-5.0,51.987197,N-spring
sample_05806.jpg,0.3870171444019824,SRC_159,20.0,67.076816,N-autumn
sample_05807.jpg,0.3907381631246125,SRC_150,10.0,50.798821,N-summer
sample_05808.jpg,0.40919728172938025,SRC_027,35.0,41.369436,N-spring
sample_05809.jpg,0.4086909041381336,SRC_114,-10.0,58.176498,N-autumn
sample_05810.jpg,0.3772059710025362,SRC_013,50.0,54.051464,N-spring
sample_05811.jpg,0.3983520011978614,SRC_096,25.0,40.422288,N-spring
sample_05812.jpg,0.3930750336032514,SRC_099,15.0,42.024472,N-spring
sample_05813.jpg,0.38781535689614793,SRC_012,-90.0,85.677016,N-autumn
sample_05814.jpg,0.4820127676897158,SRC_090,50.0,47.196626,N-summer
sample_05815.jpg,0.3875975816878199,SRC_024,10.0,53.725813,N-summer
sample_05816.jpg,0.40661713145975426,SRC_124,0.0,51.928413,N-summer
sample_05817.jpg,0.39457852121540077,SRC_159,20.0,67.076816,N-autumn
sample_05818.jpg,0.38440776765160073,SRC_109,50.0,54.137665,N-summer
sample_05819.jpg,0.40377576623194866,SRC_094,20.0,66.934532,N-autumn
sample_05820.jpg,0.45137366727917777,SRC_099,15.0,42.024472,N-spring
sample_05821.jpg,0.5044798578807723,SRC_067,-15.0,64.724247,N-spring
sample_05822.jpg,0.3906600871350755,SRC_073,45.0,41.537171,N-spring
sample_05823.jpg,0.39399174364200346,SRC_004,30.0,61.107468,N-autumn
sample_05824.jpg,0.540118986195661,SRC_012,-90.0,85.677016,N-autumn
sample_05825.jpg,0.40541799281523716,SRC_029,-5.0,45.485648,N-autumn
sample_05826.jpg,0.5149314518613688,SRC_091,-40.0,72.511342,N-summer
sample_05827.jpg,0.41232184719804954,SRC_134,-30.0,69.607895,N-spring
sample_05828.jpg,0.4336279264176045,SRC_006,-15.0,65.638079,N-spring
sample_05829.jpg,0.3862855064367495,SRC_066,-10.0,61.81065,N-summer
sample_05830.jpg,0.44901169078692516,SRC_129,20.0,41.057252,N-spring
sample_05831.jpg,0.518778210102682,SRC_106,25.0,40.638999,N-spring
sample_05832.jpg,0.4289169245023273,SRC_066,-10.0,61.81065,N-summer
sample_05833.jpg,0.3890960109584624,SRC_153,-40.0,43.960452,N-autumn
sample_05834.jpg,0.3913078407205486,SRC_006,-15.0,65.638079,N-spring
sample_05835.jpg,0.38127617727941365,SRC_084,-10.0,58.957849,N-summer
sample_05836.jpg,0.416542160510368,SRC_040,90.0,57.651744,N-spring
sample_05837.jpg,0.43602557545900655,SRC_165,10.0,42.451267,N-winter
sample_05838.jpg,0.4956293895659817,SRC_104,25.0,45.102036,N-summer
sample_05839.jpg,0.3826918279339905,SRC_004,30.0,61.107468,N-autumn
sample_05840.jpg,0.3891006498872686,SRC_158,-5.0,35.954137,N-winter
sample_05841.jpg,0.4106135729399016,SRC_113,-35.0,36.668707,N-winter
sample_05842.jpg,0.5003881003923467,SRC_007,20.0,49.485932,N-winter
sample_05843.jpg,0.4877115530472909,SRC_008,25.0,61.005891,N-autumn
sample_05844.jpg,0.4829334633821464,SRC_059,15.0,48.046698,N-summer
sample_05845.jpg,0.39942924580404393,SRC_103,-35.0,57.090396,N-autumn
sample_05846.jpg,0.45877845445502674,SRC_069,25.0,48.120522,N-summer
sample_05847.jpg,0.48933485814253413,SRC_070,60.0,58.788969,N-summer
sample_05848.jpg,0.4848988388631931,SRC_142,-30.0,34.276784,N-winter
sample_05849.jpg,0.49139819953787817,SRC_008,25.0,61.005891,N-autumn
sample_05850.jpg,0.49052928902838844,SRC_063,25.0,41.329237,N-spring
sample_05851.jpg,0.3877711672901237,SRC_066,-10.0,61.81065,N-summer
sample_05852.jpg,0.3881720857372609,SRC_009,-25.0,73.827745,N-spring
sample_05853.jpg,0.5150813511017617,SRC_112,-30.0,67.516648,N-spring
sample_05854.jpg,0.383930896984494,SRC_114,-10.0,58.176498,N-autumn
sample_05855.jpg,0.38377534840984917,SRC_156,10.0,48.737382,N-summer
sample_05856.jpg,0.4696358384919015,SRC_074,0.0,50.25459,N-spring
sample_05857.jpg,0.5088236522025136,SRC_051,20.0,63.609319,N-autumn
sample_05858.jpg,0.3800811654677257,SRC_041,15.0,46.712049,N-summer
sample_05859.jpg,0.4972253567326742,SRC_151,-15.0,63.408071,N-summer
sample_05860.jpg,0.3860496245532056,SRC_076,25.0,63.632584,N-autumn
sample_05861.jpg,0.3791521499665801,SRC_093,-25.0,43.343655,N-autumn
sample_05862.jpg,0.3913809185379738,SRC_121,25.0,67.446292,N-autumn
sample_05863.jpg,0.4741856084734052,SRC_069,25.0,48.120522,N-summer
sample_05864.jpg,0.42045554414806513,SRC_115,25.0,41.8845,N-spring
sample_05865.jpg,0.5033883717622888,SRC_037,15.0,44.468297,N-spring
sample_05866.jpg,0.38782077100049617,SRC_121,25.0,67.446292,N-autumn
sample_05867.jpg,0.5038643208450267,SRC_165,10.0,42.451267,N-winter
sample_05868.jpg,0.37454751725613805,SRC_027,35.0,41.369436,N-spring
sample_05869.jpg,0.3785310677430154,SRC_037,15.0,44.468297,N-spring
sample_05870.jpg,0.487343721811734,SRC_051,20.0,63.609319,N-autumn
sample_05871.jpg,0.48011912433210835,SRC_049,5.0,42.94902,N-spring
sample_05872.jpg,0.3841149411378777,SRC_156,10.0,48.737382,N-summer
sample_05873.jpg,0.42199407004090883,SRC_144,-35.0,76.731052,N-spring
sample_05874.jpg,0.5160976786749842,SRC_171,-35.0,63.65778,N-spring
sample_05875.jpg,0.47841733538453984,SRC_042,10.0,36.92431,N-spring
sample_05876.jpg,0.44108163963175234,SRC_071,20.0,40.070501,N-spring
sample_05877.jpg,0.38132202212823946,SRC_127,-35.0,47.507974,N-autumn
sample_05878.jpg,0.49334809647792416,SRC_062,45.0,81.508965,N-autumn
sample_05879.jpg,0.4843456868692197,SRC_166,90.0,60.094207,N-spring
sample_05880.jpg,0.4273607338137708,SRC_074,0.0,50.25459,N-spring
sample_05881.jpg,0.4796519644216953,SRC_112,-30.0,67.516648,N-spring
sample_05882.jpg,0.4826003068856111,SRC_004,30.0,61.107468,N-autumn
sample_05883.jpg,0.3825630896174837,SRC_030,-25.0,67.936804,N-spring
sample_05884.jpg,0.37983680252064234,SRC_114,-10.0,58.176498,N-autumn
sample_05885.jpg,0.4069461202018809,SRC_006,-15.0,65.638079,N-spring
sample_05886.jpg,0.44274708841752874,SRC_091,-40.0,72.511342,N-summer
sample_05887.jpg,0.47914609036538724,SRC_086,15.0,43.648742,N-summer
sample_05888.jpg,0.4094506400683596,SRC_080,-25.0,69.726065,N-summer
sample_05889.jpg,0.39710043697465724,SRC_076,25.0,63.632584,N-autumn
sample_05890.jpg,0.4043528424149729,SRC_148,-15.0,49.227137,N-autumn
sample_05891.jpg,0.39489257392288984,SRC_021,-90.0,68.040851,N-autumn
sample_05892.jpg,0.43444432158527563,SRC_095,-20.0,56.495654,N-spring
sample_05893.jpg,0.5012761772860286,SRC_076,25.0,63.632584,N-autumn
sample_05894.jpg,0.39478491175988245,SRC_004,30.0,61.107468,N-autumn
sample_05895.jpg,0.4022457171982209,SRC_139,40.0,53.533251,N-winter
sample_05896.jpg,0.478631596579907,SRC_154,0.0,54.770875,N-summer
sample_05897.jpg,0.43425387275160005,SRC_150,10.0,50.798821,N-summer
sample_05898.jpg,0.4036297494952633,SRC_061,50.0,43.110277,N-spring
sample_05899.jpg,0.39166661553138005,SRC_076,25.0,63.632584,N-autumn
sample_05900.jpg,0.47023755682297635,SRC_066,-10.0,61.81065,N-summer
sample_05901.jpg,0.40254935663176683,SRC_150,10.0,50.798821,N-summer
sample_05902.jpg,0.4213368838224875,SRC_142,-30.0,34.276784,N-winter
sample_05903.jpg,0.4453994413699528,SRC_047,0.0,48.028677,N-spring
sample_05904.jpg,0.4906055631978824,SRC_051,20.0,63.609319,N-autumn
sample_05905.jpg,0.49648543088698227,SRC_133,-10.0,48.887369,N-spring
sample_05906.jpg,0.36608186222479033,SRC_134,-30.0,69.607895,N-spring
sample_05907.jpg,0.41812966480254177,SRC_115,25.0,41.8845,N-spring
sample_05908.jpg,0.40739003703475446,SRC_126,-20.0,68.779144,N-summer
sample_05909.jpg,0.4010258035908613,SRC_004,30.0,61.107468,N-autumn
sample_05910.jpg,0.4168376645597484,SRC_043,10.0,50.433279,N-summer
sample_05911.jpg,0.3781514241200213,SRC_151,-15.0,63.408071,N-summer
sample_05912.jpg,0.4053867119979472,SRC_021,-90.0,68.040851,N-autumn
sample_05913.jpg,0.38368788735853654,SRC_063,25.0,41.329237,N-spring
sample_05914.jpg,0.40386241894720387,SRC_134,-30.0,69.607895,N-spring
sample_05915.jpg,0.38837133007371155,SRC_013,50.0,54.051464,N-spring
sample_05916.jpg,0.40215170172649717,SRC_158,-5.0,35.954137,N-winter
sample_05917.jpg,0.38812806603019395,SRC_099,15.0,42.024472,N-spring
sample_05918.jpg,0.4030945500561776,SRC_061,50.0,43.110277,N-spring
sample_05919.jpg,0.3850769184209527,SRC_169,40.0,48.615664,N-summer
sample_05920.jpg,0.45535410088263983,SRC_103,-35.0,57.090396,N-autumn
sample_05921.jpg,0.4210688755065977,SRC_061,50.0,43.110277,N-spring
sample_05922.jpg,0.49883552732875086,SRC_055,-5.0,57.335076,N-spring
sample_05923.jpg,0.3883302951371996,SRC_121,25.0,67.446292,N-autumn
sample_05924.jpg,0.5181263086471495,SRC_165,10.0,42.451267,N-winter
sample_05925.jpg,0.39745232314025014,SRC_058,30.0,69.060883,N-autumn
sample_05926.jpg,0.42503589033810546,SRC_108,-40.0,68.856247,N-summer
sample_05927.jpg,0.4319412468792462,SRC_142,-30.0,34.276784,N-winter
sample_05928.jpg,0.3828739666124696,SRC_030,-25.0,67.936804,N-spring
sample_05929.jpg,0.49125127033939353,SRC_095,-20.0,56.495654,N-spring
sample_05930.jpg,0.38603681444887783,SRC_014,-40.0,38.480327,N-winter
sample_05931.jpg,0.47411449653914045,SRC_094,20.0,66.934532,N-autumn
sample_05932.jpg,0.43963174745597167,SRC_052,5.0,51.705435,N-summer
sample_05933.jpg,0.40921543122257686,SRC_024,10.0,53.725813,N-summer
sample_05934.jpg,0.40718142733766394,SRC_040,90.0,57.651744,N-spring
sample_05935.jpg,0.3948000290994723,SRC_094,20.0,66.934532,N-autumn
sample_05936.jpg,0.52031505074003,SRC_159,20.0,67.076816,N-autumn
sample_05937.jpg,0.3892078704842815,SRC_030,-25.0,67.936804,N-spring
sample_05938.jpg,0.39490158744552,SRC_126,-20.0,68.779144,N-summer
sample_05939.jpg,0.45174992048200047,SRC_050,0.0,53.680047,N-summer
sample_05940.jpg,0.4135203465662861,SRC_011,-20.0,70.371153,N-summer
sample_05941.jpg,0.4174884904209516,SRC_094,20.0,66.934532,N-autumn
sample_05942.jpg,0.39786709351961935,SRC_011,-20.0,70.371153,N-summer
sample_05943.jpg,0.44057015189929594,SRC_104,25.0,45.102036,N-summer
sample_05944.jpg,0.36880118896728015,SRC_063,25.0,41.329237,N-spring
sample_05945.jpg,0.39277008384814055,SRC_052,5.0,51.705435,N-summer
sample_05946.jpg,0.3960374471809932,SRC_140,35.0,44.85556,N-spring
sample_05947.jpg,0.48263106098945474,SRC_009,-25.0,73.827745,N-spring
sample_05948.jpg,0.4364632861465007,SRC_150,10.0,50.798821,N-summer
sample_05949.jpg,0.5066851310106255,SRC_142,-30.0,34.276784,N-winter
sample_05950.jpg,0.4170861702108003,SRC_150,10.0,50.798821,N-summer
sample_05951.jpg,0.39519199272656624,SRC_092,5.0,57.429528,N-autumn
sample_05952.jpg,0.4954667736323867,SRC_035,0.0,56.990187,N-autumn
sample_05953.jpg,0.4301293545511534,SRC_106,25.0,40.638999,N-spring
sample_05954.jpg,0.3815962908912718,SRC_021,-90.0,68.040851,N-autumn
sample_05955.jpg,0.3923686475479201,SRC_094,20.0,66.934532,N-autumn
sample_05956.jpg,0.5168703511449078,SRC_159,20.0,67.076816,N-autumn
sample_05957.jpg,0.3918090448058663,SRC_103,-35.0,57.090396,N-autumn
sample_05958.jpg,0.38320033093411854,SRC_056,-40.0,74.660587,N-summer
sample_05959.jpg,0.38613753444823373,SRC_156,10.0,48.737382,N-summer
sample_05960.jpg,0.38320800215149653,SRC_004,30.0,61.107468,N-autumn
sample_05961.jpg,0.3841249645294198,SRC_082,-10.0,60.444036,N-spring
sample_05962.jpg,0.38487775647321587,SRC_004,30.0,61.107468,N-autumn
sample_05963.jpg,0.3931026102558699,SRC_029,-5.0,45.485648,N-autumn
sample_05964.jpg,0.47193283783958584,SRC_045,-90.0,70.559818,N-autumn
sample_05965.jpg,0.3955377478483664,SRC_017,-90.0,64.6979,N-winter
sample_05966.jpg,0.496106183908312,SRC_095,-20.0,56.495654,N-spring
sample_05967.jpg,0.3931180447191659,SRC_040,90.0,57.651744,N-spring
sample_05968.jpg,0.37888815216034916,SRC_027,35.0,41.369436,N-spring
sample_05969.jpg,0.4887642600007173,SRC_158,-5.0,35.954137,N-winter
sample_05970.jpg,0.38892398938351175,SRC_014,-40.0,38.480327,N-winter
sample_05971.jpg,0.534493112290551,SRC_036,5.0,52.749586,N-summer
sample_05972.jpg,0.4915672528479475,SRC_022,20.0,41.513642,N-spring
sample_05973.jpg,0.40081912670963354,SRC_007,20.0,49.485932,N-winter
sample_05974.jpg,0.3815804662976485,SRC_058,30.0,69.060883,N-autumn
sample_05975.jpg,0.48500934193716894,SRC_127,-35.0,47.507974,N-autumn
sample_05976.jpg,0.3852943840102574,SRC_127,-35.0,47.507974,N-autumn
sample_05977.jpg,0.39578842623873023,SRC_043,10.0,50.433279,N-summer
sample_05978.jpg,0.4045489848904594,SRC_142,-30.0,34.276784,N-winter
sample_05979.jpg,0.4287156769561703,SRC_097,0.0,35.318175,N-winter
sample_05980.jpg,0.4166080568437948,SRC_084,-10.0,58.957849,N-summer
sample_05981.jpg,0.43710528533784504,SRC_111,-35.0,79.069883,N-spring
sample_05982.jpg,0.40214930746823896,SRC_093,-25.0,43.343655,N-autumn
sample_05983.jpg,0.40336214564830736,SRC_074,0.0,50.25459,N-spring
sample_05984.jpg,0.49146914903551614,SRC_044,-90.0,81.862162,N-autumn
sample_05985.jpg,0.42050087953837834,SRC_063,25.0,41.329237,N-spring
sample_05986.jpg,0.41583957789687054,SRC_017,-90.0,64.6979,N-winter
sample_05987.jpg,0.40891586297774635,SRC_148,-15.0,49.227137,N-autumn
sample_05988.jpg,0.40159194735080134,SRC_121,25.0,67.446292,N-autumn
sample_05989.jpg,0.38934080057466625,SRC_109,50.0,54.137665,N-summer
sample_05990.jpg,0.37471101159056486,SRC_063,25.0,41.329237,N-spring
sample_05991.jpg,0.48504132073374695,SRC_027,35.0,41.369436,N-spring
sample_05992.jpg,0.3906406414096363,SRC_078,15.0,40.437008,N-spring
sample_05993.jpg,0.4851444734125079,SRC_050,0.0,53.680047,N-summer
sample_05994.jpg,0.5199925128350619,SRC_072,15.0,46.966801,N-winter
sample_05995.jpg,0.3874861547472925,SRC_169,40.0,48.615664,N-summer
sample_05996.jpg,0.48477405483608704,SRC_168,90.0,64.709631,N-summer
sample_05997.jpg,0.4700364146543211,SRC_047,0.0,48.028677,N-spring
sample_05998.jpg,0.4244955454174092,SRC_163,0.0,39.987447,N-winter
sample_05999.jpg,0.39028346501217104,SRC_011,-20.0,70.371153,N-summer
sample_06000.jpg,0.40664184317835533,SRC_095,-20.0,56.495654,N-spring
sample_06001.jpg,0.3978177595591935,SRC_009,-25.0,73.827745,N-spring
sample_06002.jpg,0.39347381789659774,SRC_169,40.0,48.615664,N-summer
sample_06003.jpg,0.39610986649564994,SRC_158,-5.0,35.954137,N-winter
sample_06004.jpg,0.38758537815312827,SRC_156,10.0,48.737382,N-summer
sample_06005.jpg,0.40232698145570794,SRC_121,25.0,67.446292,N-autumn
sample_06006.jpg,0.4194029011946652,SRC_154,0.0,54.770875,N-summer
sample_06007.jpg,0.38836805898130056,SRC_099,15.0,42.024472,N-spring
sample_06008.jpg,0.38679181169776583,SRC_092,5.0,57.429528,N-autumn
sample_06009.jpg,0.3889295742273099,SRC_015,20.0,46.484204,N-summer
sample_06010.jpg,0.40310945146840177,SRC_009,-25.0,73.827745,N-spring
sample_06011.jpg,0.4255611254483277,SRC_111,-35.0,79.069883,N-spring
sample_06012.jpg,0.48513632668922435,SRC_080,-25.0,69.726065,N-summer
sample_06013.jpg,0.38285732939024164,SRC_157,40.0,44.22455,N-summer
sample_06014.jpg,0.4278545362030027,SRC_164,20.0,59.226879,N-autumn
sample_06015.jpg,0.3928623284710778,SRC_109,50.0,54.137665,N-summer
sample_06016.jpg,0.49359604039720517,SRC_151,-15.0,63.408071,N-summer
sample_06017.jpg,0.3818914703801414,SRC_013,50.0,54.051464,N-spring
sample_06018.jpg,0.5197622061407754,SRC_106,25.0,40.638999,N-spring
sample_06019.jpg,0.3949116347115518,SRC_146,10.0,58.0428,N-summer
sample_06020.jpg,0.5154361116851273,SRC_064,90.0,60.573524,N-spring
sample_06021.jpg,0.4191433564923258,SRC_151,-15.0,63.408071,N-summer
sample_06022.jpg,0.4769052093503248,SRC_102,-10.0,52.255853,N-spring
sample_06023.jpg,0.4014113808541689,SRC_089,10.0,48.442522,N-winter
sample_06024.jpg,0.5036342743117286,SRC_055,-5.0,57.335076,N-spring
sample_06025.jpg,0.39306133627881923,SRC_013,50.0,54.051464,N-spring
sample_06026.jpg,0.44856611003849906,SRC_067,-15.0,64.724247,N-spring
sample_06027.jpg,0.3951524335871112,SRC_046,0.0,58.061031,N-autumn
sample_06028.jpg,0.45925120417125936,SRC_058,30.0,69.060883,N-autumn
sample_06029.jpg,0.3790161274381727,SRC_030,-25.0,67.936804,N-spring
sample_06030.jpg,0.4352808787471359,SRC_144,-35.0,76.731052,N-spring
sample_06031.jpg,0.4577136698793578,SRC_038,-15.0,32.097448,N-winter
sample_06032.jpg,0.38989852555194704,SRC_004,30.0,61.107468,N-autumn
sample_06033.jpg,0.4080014886788358,SRC_088,0.0,53.004483,N-summer
sample_06034.jpg,0.47024984816215787,SRC_037,15.0,44.468297,N-spring
sample_06035.jpg,0.4909215158438963,SRC_009,-25.0,73.827745,N-spring
sample_06036.jpg,0.4792307050092079,SRC_046,0.0,58.061031,N-autumn
sample_06037.jpg,0.3833555244663912,SRC_095,-20.0,56.495654,N-spring
sample_06038.jpg,0.41603844129113643,SRC_072,15.0,46.966801,N-winter
sample_06039.jpg,0.43532841480040885,SRC_013,50.0,54.051464,N-spring
sample_06040.jpg,0.43026627385637334,SRC_116,5.0,41.203028,N-spring
sample_06041.jpg,0.499305513516875,SRC_042,10.0,36.92431,N-spring
sample_06042.jpg,0.3826530383151304,SRC_074,0.0,50.25459,N-spring
sample_06043.jpg,0.3832678120232802,SRC_096,25.0,40.422288,N-spring
sample_06044.jpg,0.4532150958896984,SRC_108,-40.0,68.856247,N-summer
sample_06045.jpg,0.38643026042004075,SRC_057,-5.0,57.599617,N-summer
sample_06046.jpg,0.41763259193714497,SRC_144,-35.0,76.731052,N-spring
sample_06047.jpg,0.5028553563355176,SRC_102,-10.0,52.255853,N-spring
sample_06048.jpg,0.4777631082401285,SRC_013,50.0,54.051464,N-spring
sample_06049.jpg,0.4443839486456924,SRC_113,-35.0,36.668707,N-winter
sample_06050.jpg,0.4670358528483877,SRC_168,90.0,64.709631,N-summer
sample_06051.jpg,0.40455853682513593,SRC_066,-10.0,61.81065,N-summer
sample_06052.jpg,0.3891823986261508,SRC_004,30.0,61.107468,N-autumn
sample_06053.jpg,0.38689303051804896,SRC_062,45.0,81.508965,N-autumn
sample_06054.jpg,0.3955475755472784,SRC_068,0.0,56.216196,N-summer
sample_06055.jpg,0.44853750994930647,SRC_047,0.0,48.028677,N-spring
sample_06056.jpg,0.38709929801757936,SRC_091,-40.0,72.511342,N-summer
sample_06057.jpg,0.415557931283084,SRC_088,0.0,53.004483,N-summer
sample_06058.jpg,0.42881665470105795,SRC_122,-5.0,57.310506,N-summer
sample_06059.jpg,0.4869326742419543,SRC_091,-40.0,72.511342,N-summer
sample_06060.jpg,0.4163047675609392,SRC_088,0.0,53.004483,N-summer
sample_06061.jpg,0.5140598939751346,SRC_151,-15.0,63.408071,N-summer
sample_06062.jpg,0.3912203347416655,SRC_038,-15.0,32.097448,N-winter
sample_06063.jpg,0.4725220444615886,SRC_124,0.0,51.928413,N-summer
sample_06064.jpg,0.4912140954868575,SRC_111,-35.0,79.069883,N-spring
sample_06065.jpg,0.44449750312252956,SRC_052,5.0,51.705435,N-summer
sample_06066.jpg,0.4181326508995903,SRC_062,45.0,81.508965,N-autumn
sample_06067.jpg,0.3882489187708925,SRC_125,-5.0,52.428603,N-spring
sample_06068.jpg,0.4019761015184294,SRC_092,5.0,57.429528,N-autumn
sample_06069.jpg,0.40495015297267906,SRC_092,5.0,57.429528,N-autumn
sample_06070.jpg,0.4339650133745385,SRC_095,-20.0,56.495654,N-spring
sample_06071.jpg,0.509620255463842,SRC_126,-20.0,68.779144,N-summer
sample_06072.jpg,0.3863968356595392,SRC_152,30.0,40.69576,N-spring
sample_06073.jpg,0.39348998709123484,SRC_005,0.0,55.846781,N-summer
sample_06074.jpg,0.39634495077623305,SRC_008,25.0,61.005891,N-autumn
sample_06075.jpg,0.3917110669436795,SRC_063,25.0,41.329237,N-spring
sample_06076.jpg,0.397867895196317,SRC_103,-35.0,57.090396,N-autumn
sample_06077.jpg,0.4297907134023385,SRC_013,50.0,54.051464,N-spring
sample_06078.jpg,0.48856478437825557,SRC_103,-35.0,57.090396,N-autumn
sample_06079.jpg,0.3988144814593183,SRC_009,-25.0,73.827745,N-spring
sample_06080.jpg,0.41892858978878983,SRC_103,-35.0,57.090396,N-autumn
sample_06081.jpg,0.3968462551561194,SRC_013,50.0,54.051464,N-spring
sample_06082.jpg,0.5240031779087568,SRC_058,30.0,69.060883,N-autumn
sample_06083.jpg,0.4272533363181541,SRC_148,-15.0,49.227137,N-autumn
sample_06084.jpg,0.39965654823041274,SRC_009,-25.0,73.827745,N-spring
sample_06085.jpg,0.38688343398236863,SRC_051,20.0,63.609319,N-autumn
sample_06086.jpg,0.4811656267652379,SRC_146,10.0,58.0428,N-summer
sample_06087.jpg,0.4906780861989931,SRC_020,35.0,42.075965,N-summer
sample_06088.jpg,0.3848973174235561,SRC_108,-40.0,68.856247,N-summer
sample_06089.jpg,0.4050404291301423,SRC_015,20.0,46.484204,N-summer
sample_06090.jpg,0.3818468714849426,SRC_141,-10.0,55.206291,N-spring
sample_06091.jpg,0.3972142268239488,SRC_067,-15.0,64.724247,N-spring
sample_06092.jpg,0.38029445114333116,SRC_018,-90.0,67.882485,N-winter
sample_06093.jpg,0.392586189432119,SRC_009,-25.0,73.827745,N-spring
sample_06094.jpg,0.41948028960853956,SRC_112,-30.0,67.516648,N-spring
sample_06095.jpg,0.4149475659065195,SRC_066,-10.0,61.81065,N-summer
sample_06096.jpg,0.3904357393202413,SRC_036,5.0,52.749586,N-summer
sample_06097.jpg,0.4944720083523599,SRC_087,0.0,54.65824,N-summer
sample_06098.jpg,0.40753770120791977,SRC_151,-15.0,63.408071,N-summer
sample_06099.jpg,0.38590897374234995,SRC_014,-40.0,38.480327,N-winter
sample_06100.jpg,0.4543515827799724,SRC_038,-15.0,32.097448,N-winter
sample_06101.jpg,0.3958936802008165,SRC_074,0.0,50.25459,N-spring
sample_06102.jpg,0.3903833960718985,SRC_080,-25.0,69.726065,N-summer
sample_06103.jpg,0.38473987255296366,SRC_158,-5.0,35.954137,N-winter
sample_06104.jpg,0.40867177019066314,SRC_084,-10.0,58.957849,N-summer
sample_06105.jpg,0.3846932070879965,SRC_042,10.0,36.92431,N-spring
sample_06106.jpg,0.48378991887468664,SRC_126,-20.0,68.779144,N-summer
sample_06107.jpg,0.44126658861706264,SRC_143,90.0,68.916652,N-spring
sample_06108.jpg,0.4005664001265418,SRC_085,0.0,39.187341,N-spring
sample_06109.jpg,0.4093215896039357,SRC_133,-10.0,48.887369,N-spring
sample_06110.jpg,0.39083036602940247,SRC_004,30.0,61.107468,N-autumn
sample_06111.jpg,0.3898084936675098,SRC_058,30.0,69.060883,N-autumn
sample_06112.jpg,0.4083510325078842,SRC_112,-30.0,67.516648,N-spring
sample_06113.jpg,0.4728413647786148,SRC_037,15.0,44.468297,N-spring
sample_06114.jpg,0.5219612546440704,SRC_111,-35.0,79.069883,N-spring
sample_06115.jpg,0.3980598690833312,SRC_112,-30.0,67.516648,N-spring
sample_06116.jpg,0.45055334815973913,SRC_049,5.0,42.94902,N-spring
sample_06117.jpg,0.45535649805226247,SRC_049,5.0,42.94902,N-spring
sample_06118.jpg,0.40894723176916487,SRC_103,-35.0,57.090396,N-autumn
sample_06119.jpg,0.4922580452324697,SRC_144,-35.0,76.731052,N-spring
sample_06120.jpg,0.42384846760876227,SRC_062,45.0,81.508965,N-autumn
sample_06121.jpg,0.4222847676924905,SRC_115,25.0,41.8845,N-spring
sample_06122.jpg,0.43209106674363584,SRC_026,90.0,57.238404,N-spring
sample_06123.jpg,0.38105028202642155,SRC_134,-30.0,69.607895,N-spring
sample_06124.jpg,0.5106066577485912,SRC_100,20.0,41.506528,N-spring
sample_06125.jpg,0.4678262173750925,SRC_101,5.0,48.479381,N-winter
sample_06126.jpg,0.47404326196239116,SRC_029,-5.0,45.485648,N-autumn
sample_06127.jpg,0.39690123855062276,SRC_076,25.0,63.632584,N-autumn
sample_06128.jpg,0.369960651538603,SRC_063,25.0,41.329237,N-spring
sample_06129.jpg,0.37501769068674456,SRC_058,30.0,69.060883,N-autumn
sample_06130.jpg,0.3972080052517083,SRC_127,-35.0,47.507974,N-autumn
sample_06131.jpg,0.38152979626237765,SRC_092,5.0,57.429528,N-autumn
sample_06132.jpg,0.38759365397940504,SRC_013,50.0,54.051464,N-spring
sample_06133.jpg,0.5157801116918677,SRC_096,25.0,40.422288,N-spring
sample_06134.jpg,0.3957626356858107,SRC_112,-30.0,67.516648,N-spring
sample_06135.jpg,0.4014965363764407,SRC_112,-30.0,67.516648,N-spring
sample_06136.jpg,0.3911243742367859,SRC_020,35.0,42.075965,N-summer
sample_06137.jpg,0.47621621353496757,SRC_168,90.0,64.709631,N-summer
sample_06138.jpg,0.388647109994642,SRC_126,-20.0,68.779144,N-summer
sample_06139.jpg,0.42513324921996515,SRC_150,10.0,50.798821,N-summer
sample_06140.jpg,0.4003156885344582,SRC_066,-10.0,61.81065,N-summer
sample_06141.jpg,0.49088812902977486,SRC_170,-20.0,56.332579,N-autumn
sample_06142.jpg,0.5262358370607312,SRC_137,-5.0,45.053172,N-spring
sample_06143.jpg,0.4750641658206047,SRC_069,25.0,48.120522,N-summer
sample_06144.jpg,0.39492736836110753,SRC_020,35.0,42.075965,N-summer
sample_06145.jpg,0.3961649025324465,SRC_109,50.0,54.137665,N-summer
sample_06146.jpg,0.3941945861024199,SRC_094,20.0,66.934532,N-autumn
sample_06147.jpg,0.39524624393577007,SRC_121,25.0,67.446292,N-autumn
sample_06148.jpg,0.4851102864326126,SRC_073,45.0,41.537171,N-spring
sample_06149.jpg,0.5075934089381947,SRC_067,-15.0,64.724247,N-spring
sample_06150.jpg,0.40825152569680795,SRC_095,-20.0,56.495654,N-spring
sample_06151.jpg,0.39135831925797404,SRC_082,-10.0,60.444036,N-spring
sample_06152.jpg,0.4053576168848655,SRC_108,-40.0,68.856247,N-summer
sample_06153.jpg,0.39619303579492277,SRC_030,-25.0,67.936804,N-spring
sample_06154.jpg,0.389414868805987,SRC_018,-90.0,67.882485,N-winter
sample_06155.jpg,0.3994534929813697,SRC_109,50.0,54.137665,N-summer
sample_06156.jpg,0.47815241165046024,SRC_171,-35.0,63.65778,N-spring
sample_06157.jpg,0.3876943596539871,SRC_014,-40.0,38.480327,N-winter
sample_06158.jpg,0.43914338568314293,SRC_098,-45.0,70.730178,N-summer
sample_06159.jpg,0.4332071229705175,SRC_142,-30.0,34.276784,N-winter
sample_06160.jpg,0.5203147198635897,SRC_109,50.0,54.137665,N-summer
sample_06161.jpg,0.39637064369550357,SRC_125,-5.0,52.428603,N-spring
sample_06162.jpg,0.41153498228504076,SRC_124,0.0,51.928413,N-summer
sample_06163.jpg,0.42657559527010297,SRC_086,15.0,43.648742,N-summer
sample_06164.jpg,0.47851409571162973,SRC_097,0.0,35.318175,N-winter
sample_06165.jpg,0.39875351365894823,SRC_004,30.0,61.107468,N-autumn
sample_06166.jpg,0.4605284178542736,SRC_066,-10.0,61.81065,N-summer
sample_06167.jpg,0.40408100037651273,SRC_007,20.0,49.485932,N-winter
sample_06168.jpg,0.3967660130844674,SRC_051,20.0,63.609319,N-autumn
sample_06169.jpg,0.49061611950620093,SRC_108,-40.0,68.856247,N-summer
sample_06170.jpg,0.39565887771747094,SRC_089,10.0,48.442522,N-winter
sample_06171.jpg,0.4064598082681372,SRC_009,-25.0,73.827745,N-spring
sample_06172.jpg,0.4083117414733139,SRC_069,25.0,48.120522,N-summer
sample_06173.jpg,0.39160957527030593,SRC_107,20.0,65.68027,N-autumn
sample_06174.jpg,0.3971915684159286,SRC_067,-15.0,64.724247,N-spring
sample_06175.jpg,0.387196334750742,SRC_030,-25.0,67.936804,N-spring
sample_06176.jpg,0.3972155936837176,SRC_127,-35.0,47.507974,N-autumn
sample_06177.jpg,0.3936391451126379,SRC_121,25.0,67.446292,N-autumn
sample_06178.jpg,0.5193374040308258,SRC_148,-15.0,49.227137,N-autumn
sample_06179.jpg,0.3875688527254363,SRC_169,40.0,48.615664,N-summer
sample_06180.jpg,0.411092344167718,SRC_112,-30.0,67.516648,N-spring
sample_06181.jpg,0.49968267319726134,SRC_072,15.0,46.966801,N-winter
sample_06182.jpg,0.40623510826180864,SRC_158,-5.0,35.954137,N-winter
sample_06183.jpg,0.3912155816993931,SRC_051,20.0,63.609319,N-autumn
sample_06184.jpg,0.5135593828716896,SRC_080,-25.0,69.726065,N-summer
sample_06185.jpg,0.446326156852303,SRC_013,50.0,54.051464,N-spring
sample_06186.jpg,0.42250042789043485,SRC_126,-20.0,68.779144,N-summer
sample_06187.jpg,0.39335691595318445,SRC_066,-10.0,61.81065,N-summer
sample_06188.jpg,0.43323815612254923,SRC_061,50.0,43.110277,N-spring
sample_06189.jpg,0.4911565434506325,SRC_142,-30.0,34.276784,N-winter
sample_06190.jpg,0.381895811220969,SRC_084,-10.0,58.957849,N-summer
sample_06191.jpg,0.3900319830189429,SRC_140,35.0,44.85556,N-spring
sample_06192.jpg,0.4085066246340542,SRC_131,10.0,60.540464,N-autumn
sample_06193.jpg,0.3827110866228251,SRC_004,30.0,61.107468,N-autumn
sample_06194.jpg,0.42433585892221765,SRC_097,0.0,35.318175,N-winter
sample_06195.jpg,0.4431147101598832,SRC_094,20.0,66.934532,N-autumn
sample_06196.jpg,0.4830085390423264,SRC_103,-35.0,57.090396,N-autumn
sample_06197.jpg,0.4203003533357976,SRC_067,-15.0,64.724247,N-spring
sample_06198.jpg,0.40141611640756486,SRC_157,40.0,44.22455,N-summer
sample_06199.jpg,0.49161496438845054,SRC_100,20.0,41.506528,N-spring
sample_06200.jpg,0.4995161429412816,SRC_071,20.0,40.070501,N-spring
sample_06201.jpg,0.4114413245765527,SRC_011,-20.0,70.371153,N-summer
sample_06202.jpg,0.44593132525384493,SRC_102,-10.0,52.255853,N-spring
sample_06203.jpg,0.39473620675116294,SRC_114,-10.0,58.176498,N-autumn
sample_06204.jpg,0.4668569800016555,SRC_170,-20.0,56.332579,N-autumn
sample_06205.jpg,0.4087049666323404,SRC_054,5.0,37.41608,N-winter
sample_06206.jpg,0.38956433894615383,SRC_006,-15.0,65.638079,N-spring
sample_06207.jpg,0.5200635903839153,SRC_127,-35.0,47.507974,N-autumn
sample_06208.jpg,0.38582859623169774,SRC_153,-40.0,43.960452,N-autumn
sample_06209.jpg,0.3895819744763166,SRC_127,-35.0,47.507974,N-autumn
sample_06210.jpg,0.39774715294917595,SRC_030,-25.0,67.936804,N-spring
sample_06211.jpg,0.4342767127817142,SRC_146,10.0,58.0428,N-summer
sample_06212.jpg,0.490258579051257,SRC_134,-30.0,69.607895,N-spring
sample_06213.jpg,0.4005028098626873,SRC_121,25.0,67.446292,N-autumn
sample_06214.jpg,0.5026800880569849,SRC_129,20.0,41.057252,N-spring
sample_06215.jpg,0.4538240090086302,SRC_022,20.0,41.513642,N-spring
sample_06216.jpg,0.46830062749060086,SRC_043,10.0,50.433279,N-summer
sample_06217.jpg,0.4302349032170472,SRC_052,5.0,51.705435,N-summer
sample_06218.jpg,0.3933225573359252,SRC_020,35.0,42.075965,N-summer
sample_06219.jpg,0.4126756050866418,SRC_061,50.0,43.110277,N-spring
sample_06220.jpg,0.4944911138445052,SRC_166,90.0,60.094207,N-spring
sample_06221.jpg,0.4293960266964795,SRC_009,-25.0,73.827745,N-spring
sample_06222.jpg,0.386996470241962,SRC_113,-35.0,36.668707,N-winter
sample_06223.jpg,0.398734104940603,SRC_051,20.0,63.609319,N-autumn
sample_06224.jpg,0.3999832550831998,SRC_009,-25.0,73.827745,N-spring
sample_06225.jpg,0.4801545882722597,SRC_153,-40.0,43.960452,N-autumn
sample_06226.jpg,0.4287796558666175,SRC_084,-10.0,58.957849,N-summer
sample_06227.jpg,0.4661902452606482,SRC_059,15.0,48.046698,N-summer
sample_06228.jpg,0.4320577850140629,SRC_170,-20.0,56.332579,N-autumn
sample_06229.jpg,0.38375118940253605,SRC_037,15.0,44.468297,N-spring
sample_06230.jpg,0.503576645218536,SRC_063,25.0,41.329237,N-spring
sample_06231.jpg,0.4084710373737436,SRC_040,90.0,57.651744,N-spring
sample_06232.jpg,0.4438609503905148,SRC_059,15.0,48.046698,N-summer
sample_06233.jpg,0.5021101584236578,SRC_130,25.0,37.507656,N-spring
sample_06234.jpg,0.38251606334132277,SRC_157,40.0,44.22455,N-summer
sample_06235.jpg,0.3989153305169997,SRC_126,-20.0,68.779144,N-summer
sample_06236.jpg,0.37982252985559983,SRC_156,10.0,48.737382,N-summer
sample_06237.jpg,0.39772229746180654,SRC_009,-25.0,73.827745,N-spring
sample_06238.jpg,0.4045740210341212,SRC_103,-35.0,57.090396,N-autumn
sample_06239.jpg,0.4001412129808924,SRC_051,20.0,63.609319,N-autumn
sample_06240.jpg,0.39018544641597525,SRC_112,-30.0,67.516648,N-spring
sample_06241.jpg,0.40755997241908454,SRC_095,-20.0,56.495654,N-spring
sample_06242.jpg,0.41943065137941427,SRC_085,0.0,39.187341,N-spring
sample_06243.jpg,0.41332632130556635,SRC_146,10.0,58.0428,N-summer
sample_06244.jpg,0.5142754583186427,SRC_104,25.0,45.102036,N-summer
sample_06245.jpg,0.4984563504821328,SRC_059,15.0,48.046698,N-summer
sample_06246.jpg,0.4179414231970773,SRC_135,5.0,41.328761,N-winter
sample_06247.jpg,0.5115735199725655,SRC_096,25.0,40.422288,N-spring
sample_06248.jpg,0.4664214227176921,SRC_011,-20.0,70.371153,N-summer
sample_06249.jpg,0.42793684634887147,SRC_148,-15.0,49.227137,N-autumn
sample_06250.jpg,0.49434334248419426,SRC_031,-90.0,62.684336,N-winter
sample_06251.jpg,0.4230283418328636,SRC_115,25.0,41.8845,N-spring
sample_06252.jpg,0.424533330188216,SRC_133,-10.0,48.887369,N-spring
sample_06253.jpg,0.4045020270503775,SRC_021,-90.0,68.040851,N-autumn
sample_06254.jpg,0.4031899415022104,SRC_009,-25.0,73.827745,N-spring
sample_06255.jpg,0.4524663984548213,SRC_054,5.0,37.41608,N-winter
sample_06256.jpg,0.40314186408724934,SRC_071,20.0,40.070501,N-spring
sample_06257.jpg,0.38133957877037145,SRC_099,15.0,42.024472,N-spring
sample_06258.jpg,0.39910085786075966,SRC_009,-25.0,73.827745,N-spring
sample_06259.jpg,0.3977595648342815,SRC_059,15.0,48.046698,N-summer
sample_06260.jpg,0.3962089709331834,SRC_040,90.0,57.651744,N-spring
sample_06261.jpg,0.38649016145729487,SRC_141,-10.0,55.206291,N-spring
sample_06262.jpg,0.3695644466719493,SRC_063,25.0,41.329237,N-spring
sample_06263.jpg,0.42985773727849336,SRC_125,-5.0,52.428603,N-spring
sample_06264.jpg,0.39375074880610883,SRC_103,-35.0,57.090396,N-autumn
sample_06265.jpg,0.4011034189427917,SRC_103,-35.0,57.090396,N-autumn
sample_06266.jpg,0.4166634880861227,SRC_040,90.0,57.651744,N-spring
sample_06267.jpg,0.5272360609739939,SRC_154,0.0,54.770875,N-summer
sample_06268.jpg,0.500114917682427,SRC_049,5.0,42.94902,N-spring
sample_06269.jpg,0.4033775971365487,SRC_127,-35.0,47.507974,N-autumn
sample_06270.jpg,0.39689392927600387,SRC_013,50.0,54.051464,N-spring
sample_06271.jpg,0.4066562587488082,SRC_170,-20.0,56.332579,N-autumn
sample_06272.jpg,0.49010941237314387,SRC_040,90.0,57.651744,N-spring
sample_06273.jpg,0.3950723324382686,SRC_030,-25.0,67.936804,N-spring
sample_06274.jpg,0.47759936563020255,SRC_134,-30.0,69.607895,N-spring
sample_06275.jpg,0.379271310038972,SRC_169,40.0,48.615664,N-summer
sample_06276.jpg,0.3896563373149097,SRC_030,-25.0,67.936804,N-spring
sample_06277.jpg,0.41000851681416844,SRC_030,-25.0,67.936804,N-spring
sample_06278.jpg,0.38902637265038587,SRC_121,25.0,67.446292,N-autumn
sample_06279.jpg,0.4300746997675874,SRC_095,-20.0,56.495654,N-spring
sample_06280.jpg,0.3695701340040741,SRC_090,50.0,47.196626,N-summer
sample_06281.jpg,0.4595244663491348,SRC_047,0.0,48.028677,N-spring
sample_06282.jpg,0.3879440469704102,SRC_159,20.0,67.076816,N-autumn
sample_06283.jpg,0.47718123900274795,SRC_134,-30.0,69.607895,N-spring
sample_06284.jpg,0.40700544222484825,SRC_076,25.0,63.632584,N-autumn
sample_06285.jpg,0.3916073568254524,SRC_091,-40.0,72.511342,N-summer
sample_06286.jpg,0.39371548327530725,SRC_073,45.0,41.537171,N-spring
sample_06287.jpg,0.424225806917489,SRC_026,90.0,57.238404,N-spring
sample_06288.jpg,0.38472003515717296,SRC_009,-25.0,73.827745,N-spring
sample_06289.jpg,0.4348275853322601,SRC_172,55.0,47.744159,N-summer
sample_06290.jpg,0.3830236987283148,SRC_075,-90.0,65.329336,N-winter
sample_06291.jpg,0.43095906304760784,SRC_097,0.0,35.318175,N-winter
sample_06292.jpg,0.3868522127489783,SRC_156,10.0,48.737382,N-summer
sample_06293.jpg,0.526349869106636,SRC_151,-15.0,63.408071,N-summer
sample_06294.jpg,0.47544644826766475,SRC_040,90.0,57.651744,N-spring
sample_06295.jpg,0.5188502728865245,SRC_042,10.0,36.92431,N-spring
sample_06296.jpg,0.3934692661838696,SRC_040,90.0,57.651744,N-spring
sample_06297.jpg,0.4944237751699516,SRC_112,-30.0,67.516648,N-spring
sample_06298.jpg,0.4696966761635988,SRC_026,90.0,57.238404,N-spring
sample_06299.jpg,0.5174585981424926,SRC_020,35.0,42.075965,N-summer
sample_06300.jpg,0.5143556929860426,SRC_076,25.0,63.632584,N-autumn
sample_06301.jpg,0.38343527666555616,SRC_037,15.0,44.468297,N-spring
sample_06302.jpg,0.39054321958833915,SRC_036,5.0,52.749586,N-summer
sample_06303.jpg,0.39284641063877335,SRC_011,-20.0,70.371153,N-summer
sample_06304.jpg,0.46141381205554055,SRC_049,5.0,42.94902,N-spring
sample_06305.jpg,0.39626781596459776,SRC_170,-20.0,56.332579,N-autumn
sample_06306.jpg,0.3953634865924708,SRC_112,-30.0,67.516648,N-spring
sample_06307.jpg,0.3901373986569179,SRC_030,-25.0,67.936804,N-spring
sample_06308.jpg,0.39056021175657973,SRC_157,40.0,44.22455,N-summer
sample_06309.jpg,0.3968673362031467,SRC_095,-20.0,56.495654,N-spring
sample_06310.jpg,0.47898397887847405,SRC_098,-45.0,70.730178,N-summer
sample_06311.jpg,0.3880028457833748,SRC_073,45.0,41.537171,N-spring
sample_06312.jpg,0.4297700530791159,SRC_052,5.0,51.705435,N-summer
sample_06313.jpg,0.3811019277221229,SRC_169,40.0,48.615664,N-summer
sample_06314.jpg,0.46750557550437966,SRC_051,20.0,63.609319,N-autumn
sample_06315.jpg,0.3903119281847645,SRC_005,0.0,55.846781,N-summer
sample_06316.jpg,0.4895985838988331,SRC_126,-20.0,68.779144,N-summer
sample_06317.jpg,0.44134227213570065,SRC_146,10.0,58.0428,N-summer
sample_06318.jpg,0.3949237602739484,SRC_093,-25.0,43.343655,N-autumn
sample_06319.jpg,0.38889660251339775,SRC_100,20.0,41.506528,N-spring
sample_06320.jpg,0.510186408237925,SRC_106,25.0,40.638999,N-spring
sample_06321.jpg,0.42807186259431607,SRC_115,25.0,41.8845,N-spring
sample_06322.jpg,0.37659344028851355,SRC_159,20.0,67.076816,N-autumn
sample_06323.jpg,0.38028794654019116,SRC_159,20.0,67.076816,N-autumn
sample_06324.jpg,0.47415096362777087,SRC_082,-10.0,60.444036,N-spring
sample_06325.jpg,0.42294573905662053,SRC_091,-40.0,72.511342,N-summer
sample_06326.jpg,0.4348064483814339,SRC_029,-5.0,45.485648,N-autumn
sample_06327.jpg,0.42270855428268594,SRC_111,-35.0,79.069883,N-spring
sample_06328.jpg,0.40254461025829247,SRC_013,50.0,54.051464,N-spring
sample_06329.jpg,0.4747750263978692,SRC_074,0.0,50.25459,N-spring
sample_06330.jpg,0.5045202370982634,SRC_146,10.0,58.0428,N-summer
sample_06331.jpg,0.3967405778749739,SRC_076,25.0,63.632584,N-autumn
sample_06332.jpg,0.36824976383937885,SRC_090,50.0,47.196626,N-summer
sample_06333.jpg,0.4843648197080291,SRC_095,-20.0,56.495654,N-spring
sample_06334.jpg,0.38719138949684584,SRC_094,20.0,66.934532,N-autumn
sample_06335.jpg,0.5249030926509307,SRC_052,5.0,51.705435,N-summer
sample_06336.jpg,0.3924691409754283,SRC_099,15.0,42.024472,N-spring
sample_06337.jpg,0.4867351192329684,SRC_104,25.0,45.102036,N-summer
sample_06338.jpg,0.4080502944126997,SRC_151,-15.0,63.408071,N-summer
sample_06339.jpg,0.5129405903950259,SRC_056,-40.0,74.660587,N-summer
sample_06340.jpg,0.4112001058104715,SRC_016,10.0,55.552023,N-winter
sample_06341.jpg,0.3832331325853141,SRC_139,40.0,53.533251,N-winter
sample_06342.jpg,0.38791060565791236,SRC_082,-10.0,60.444036,N-spring
sample_06343.jpg,0.48167981074109745,SRC_114,-10.0,58.176498,N-autumn
sample_06344.jpg,0.4123370688332523,SRC_123,0.0,54.598149,N-autumn
sample_06345.jpg,0.40244348731986557,SRC_133,-10.0,48.887369,N-spring
sample_06346.jpg,0.40062009034569696,SRC_074,0.0,50.25459,N-spring
sample_06347.jpg,0.4337738216119999,SRC_145,-5.0,52.15166,N-spring
sample_06348.jpg,0.5072123771996512,SRC_081,-90.0,74.772433,N-autumn
sample_06349.jpg,0.4465496270247854,SRC_153,-40.0,43.960452,N-autumn
sample_06350.jpg,0.39182763377390883,SRC_125,-5.0,52.428603,N-spring
sample_06351.jpg,0.488733914321463,SRC_106,25.0,40.638999,N-spring
sample_06352.jpg,0.43435337782395544,SRC_026,90.0,57.238404,N-spring
sample_06353.jpg,0.3880180919148801,SRC_005,0.0,55.846781,N-summer
sample_06354.jpg,0.4057047979331553,SRC_112,-30.0,67.516648,N-spring
sample_06355.jpg,0.5114945187769605,SRC_005,0.0,55.846781,N-summer
sample_06356.jpg,0.39555771123869526,SRC_022,20.0,41.513642,N-spring
sample_06357.jpg,0.5084414474577329,SRC_070,60.0,58.788969,N-summer
sample_06358.jpg,0.37853358974787465,SRC_108,-40.0,68.856247,N-summer
sample_06359.jpg,0.5169974863576334,SRC_067,-15.0,64.724247,N-spring
sample_06360.jpg,0.5208114909930326,SRC_069,25.0,48.120522,N-summer
sample_06361.jpg,0.5330236177470484,SRC_051,20.0,63.609319,N-autumn
sample_06362.jpg,0.4153571182340564,SRC_061,50.0,43.110277,N-spring
sample_06363.jpg,0.3799609374072936,SRC_030,-25.0,67.936804,N-spring
sample_06364.jpg,0.39718640896519847,SRC_121,25.0,67.446292,N-autumn
sample_06365.jpg,0.39911800213927995,SRC_113,-35.0,36.668707,N-winter
sample_06366.jpg,0.42025361805192274,SRC_126,-20.0,68.779144,N-summer
sample_06367.jpg,0.4800614765239811,SRC_156,10.0,48.737382,N-summer
sample_06368.jpg,0.4833223936023736,SRC_035,0.0,56.990187,N-autumn
sample_06369.jpg,0.4416289860338005,SRC_059,15.0,48.046698,N-summer
sample_06370.jpg,0.40544455394146917,SRC_009,-25.0,73.827745,N-spring
sample_06371.jpg,0.48903305950640685,SRC_107,20.0,65.68027,N-autumn
sample_06372.jpg,0.4013215353443444,SRC_072,15.0,46.966801,N-winter
sample_06373.jpg,0.4215702360793035,SRC_169,40.0,48.615664,N-summer
sample_06374.jpg,0.4678217294627688,SRC_102,-10.0,52.255853,N-spring
sample_06375.jpg,0.45359185248516376,SRC_145,-5.0,52.15166,N-spring
sample_06376.jpg,0.4432873675002013,SRC_108,-40.0,68.856247,N-summer
sample_06377.jpg,0.38222355765363947,SRC_006,-15.0,65.638079,N-spring
sample_06378.jpg,0.39820878258681475,SRC_158,-5.0,35.954137,N-winter
sample_06379.jpg,0.4031190192030154,SRC_115,25.0,41.8845,N-spring
sample_06380.jpg,0.4943988137862238,SRC_111,-35.0,79.069883,N-spring
sample_06381.jpg,0.4036768674531287,SRC_021,-90.0,68.040851,N-autumn
sample_06382.jpg,0.3858930375306372,SRC_108,-40.0,68.856247,N-summer
sample_06383.jpg,0.3848054765884738,SRC_099,15.0,42.024472,N-spring
sample_06384.jpg,0.4598205097192455,SRC_047,0.0,48.028677,N-spring
sample_06385.jpg,0.38287446096198624,SRC_004,30.0,61.107468,N-autumn
sample_06386.jpg,0.4042122280688766,SRC_096,25.0,40.422288,N-spring
sample_06387.jpg,0.41513327895596985,SRC_148,-15.0,49.227137,N-autumn
sample_06388.jpg,0.49119635703205156,SRC_099,15.0,42.024472,N-spring
sample_06389.jpg,0.5037758856334424,SRC_148,-15.0,49.227137,N-autumn
sample_06390.jpg,0.47150877179553535,SRC_012,-90.0,85.677016,N-autumn
sample_06391.jpg,0.4974214737702655,SRC_133,-10.0,48.887369,N-spring
sample_06392.jpg,0.3937567018507045,SRC_009,-25.0,73.827745,N-spring
sample_06393.jpg,0.44820278297016347,SRC_091,-40.0,72.511342,N-summer
sample_06394.jpg,0.4292054899564909,SRC_108,-40.0,68.856247,N-summer
sample_06395.jpg,0.39453119536070735,SRC_146,10.0,58.0428,N-summer
sample_06396.jpg,0.43384961677934586,SRC_085,0.0,39.187341,N-spring
sample_06397.jpg,0.40457299417593234,SRC_157,40.0,44.22455,N-summer
sample_06398.jpg,0.3846721614261268,SRC_153,-40.0,43.960452,N-autumn
sample_06399.jpg,0.4835994928506624,SRC_151,-15.0,63.408071,N-summer
sample_06400.jpg,0.38818245222218073,SRC_013,50.0,54.051464,N-spring
sample_06401.jpg,0.5052565487091107,SRC_114,-10.0,58.176498,N-autumn
sample_06402.jpg,0.4170181335192482,SRC_100,20.0,41.506528,N-spring
sample_06403.jpg,0.404393225573751,SRC_009,-25.0,73.827745,N-spring
sample_06404.jpg,0.45041423009709974,SRC_129,20.0,41.057252,N-spring
sample_06405.jpg,0.4542051562709856,SRC_049,5.0,42.94902,N-spring
sample_06406.jpg,0.41443933299811153,SRC_106,25.0,40.638999,N-spring
sample_06407.jpg,0.4124823700980703,SRC_052,5.0,51.705435,N-summer
sample_06408.jpg,0.38645802552772096,SRC_006,-15.0,65.638079,N-spring
sample_06409.jpg,0.3855525935738185,SRC_027,35.0,41.369436,N-spring
sample_06410.jpg,0.5003540541889446,SRC_074,0.0,50.25459,N-spring
sample_06411.jpg,0.3895857695430662,SRC_091,-40.0,72.511342,N-summer
sample_06412.jpg,0.42277451378671127,SRC_111,-35.0,79.069883,N-spring
sample_06413.jpg,0.3984816872832198,SRC_137,-5.0,45.053172,N-spring
sample_06414.jpg,0.415389147935149,SRC_054,5.0,37.41608,N-winter
sample_06415.jpg,0.4021489233388948,SRC_146,10.0,58.0428,N-summer
sample_06416.jpg,0.39249887801827515,SRC_112,-30.0,67.516648,N-spring
sample_06417.jpg,0.5072213337367386,SRC_171,-35.0,63.65778,N-spring
sample_06418.jpg,0.41586485183147914,SRC_050,0.0,53.680047,N-summer
sample_06419.jpg,0.3779075714736065,SRC_041,15.0,46.712049,N-summer
sample_06420.jpg,0.4789553654297002,SRC_139,40.0,53.533251,N-winter
sample_06421.jpg,0.4187165207246307,SRC_055,-5.0,57.335076,N-spring
sample_06422.jpg,0.3965680437478386,SRC_010,90.0,74.440619,N-summer
sample_06423.jpg,0.38246884213797405,SRC_169,40.0,48.615664,N-summer
sample_06424.jpg,0.5256718995594026,SRC_039,90.0,70.63275,N-summer
sample_06425.jpg,0.4202006165104262,SRC_059,15.0,48.046698,N-summer
sample_06426.jpg,0.44525915821435696,SRC_111,-35.0,79.069883,N-spring
sample_06427.jpg,0.48273053329690274,SRC_063,25.0,41.329237,N-spring
sample_06428.jpg,0.4860467857857283,SRC_039,90.0,70.63275,N-summer
sample_06429.jpg,0.3800441849770756,SRC_108,-40.0,68.856247,N-summer
sample_06430.jpg,0.39217460854936326,SRC_034,40.0,46.055099,N-summer
sample_06431.jpg,0.3850467927019519,SRC_005,0.0,55.846781,N-summer
sample_06432.jpg,0.37806796894896855,SRC_141,-10.0,55.206291,N-spring
sample_06433.jpg,0.40466170369408283,SRC_141,-10.0,55.206291,N-spring
sample_06434.jpg,0.5289021066453954,SRC_168,90.0,64.709631,N-summer
sample_06435.jpg,0.39334795476037654,SRC_008,25.0,61.005891,N-autumn
sample_06436.jpg,0.4709593443816743,SRC_052,5.0,51.705435,N-summer
sample_06437.jpg,0.39282869432501766,SRC_007,20.0,49.485932,N-winter
sample_06438.jpg,0.38451052436138056,SRC_030,-25.0,67.936804,N-spring
sample_06439.jpg,0.44289413198764616,SRC_108,-40.0,68.856247,N-summer
sample_06440.jpg,0.3917367909576701,SRC_030,-25.0,67.936804,N-spring
sample_06441.jpg,0.39249471872069824,SRC_139,40.0,53.533251,N-winter
sample_06442.jpg,0.4799699171478231,SRC_019,90.0,60.00919,N-summer
sample_06443.jpg,0.3927415727804057,SRC_109,50.0,54.137665,N-summer
sample_06444.jpg,0.4226353981257705,SRC_115,25.0,41.8845,N-spring
sample_06445.jpg,0.3894281316461235,SRC_027,35.0,41.369436,N-spring
sample_06446.jpg,0.41052517039420955,SRC_055,-5.0,57.335076,N-spring
sample_06447.jpg,0.42277123409365747,SRC_148,-15.0,49.227137,N-autumn
sample_06448.jpg,0.40975981178278653,SRC_091,-40.0,72.511342,N-summer
sample_06449.jpg,0.43832964974907745,SRC_055,-5.0,57.335076,N-spring
sample_06450.jpg,0.42643998725474785,SRC_134,-30.0,69.607895,N-spring
sample_06451.jpg,0.3895999945784413,SRC_091,-40.0,72.511342,N-summer
sample_06452.jpg,0.3871535744317284,SRC_041,15.0,46.712049,N-summer
sample_06453.jpg,0.5116422999657023,SRC_052,5.0,51.705435,N-summer
sample_06454.jpg,0.41107951597512854,SRC_069,25.0,48.120522,N-summer
sample_06455.jpg,0.3666358650405298,SRC_037,15.0,44.468297,N-spring
sample_06456.jpg,0.3913911459655419,SRC_093,-25.0,43.343655,N-autumn
sample_06457.jpg,0.4566982305401098,SRC_058,30.0,69.060883,N-autumn
sample_06458.jpg,0.4961034279193354,SRC_133,-10.0,48.887369,N-spring
sample_06459.jpg,0.3874153790458168,SRC_121,25.0,67.446292,N-autumn
sample_06460.jpg,0.40173194670128726,SRC_121,25.0,67.446292,N-autumn
sample_06461.jpg,0.41362808909337,SRC_030,-25.0,67.936804,N-spring
sample_06462.jpg,0.5260079599295573,SRC_104,25.0,45.102036,N-summer
sample_06463.jpg,0.3678562638655413,SRC_063,25.0,41.329237,N-spring
sample_06464.jpg,0.457809101298397,SRC_139,40.0,53.533251,N-winter
sample_06465.jpg,0.3907937567256511,SRC_013,50.0,54.051464,N-spring
sample_06466.jpg,0.39501120555094665,SRC_099,15.0,42.024472,N-spring
sample_06467.jpg,0.39277734789625957,SRC_037,15.0,44.468297,N-spring
sample_06468.jpg,0.41109241832941146,SRC_139,40.0,53.533251,N-winter
sample_06469.jpg,0.4930493943541022,SRC_144,-35.0,76.731052,N-spring
sample_06470.jpg,0.4622928587444237,SRC_144,-35.0,76.731052,N-spring
sample_06471.jpg,0.3909808069906556,SRC_121,25.0,67.446292,N-autumn
sample_06472.jpg,0.3869395124797961,SRC_096,25.0,40.422288,N-spring
sample_06473.jpg,0.40363524399582273,SRC_121,25.0,67.446292,N-autumn
sample_06474.jpg,0.38352241779559926,SRC_169,40.0,48.615664,N-summer
sample_06475.jpg,0.51823517075267,SRC_130,25.0,37.507656,N-spring
sample_06476.jpg,0.3785184780274146,SRC_158,-5.0,35.954137,N-winter
sample_06477.jpg,0.38350449544023457,SRC_158,-5.0,35.954137,N-winter
sample_06478.jpg,0.40556089974230203,SRC_021,-90.0,68.040851,N-autumn
sample_06479.jpg,0.5078215029983089,SRC_010,90.0,74.440619,N-summer
sample_06480.jpg,0.39027009129251344,SRC_080,-25.0,69.726065,N-summer
sample_06481.jpg,0.3866938159654979,SRC_004,30.0,61.107468,N-autumn
sample_06482.jpg,0.46893178424546084,SRC_095,-20.0,56.495654,N-spring
sample_06483.jpg,0.40419793426417316,SRC_112,-30.0,67.516648,N-spring
sample_06484.jpg,0.5241664868532362,SRC_168,90.0,64.709631,N-summer
sample_06485.jpg,0.39984374117624544,SRC_013,50.0,54.051464,N-spring
sample_06486.jpg,0.38010954822023507,SRC_108,-40.0,68.856247,N-summer
sample_06487.jpg,0.41066965265589256,SRC_055,-5.0,57.335076,N-spring
sample_06488.jpg,0.433477133009388,SRC_050,0.0,53.680047,N-summer
sample_06489.jpg,0.45642524645451593,SRC_112,-30.0,67.516648,N-spring
sample_06490.jpg,0.39438592448099585,SRC_042,10.0,36.92431,N-spring
sample_06491.jpg,0.3882465189860193,SRC_011,-20.0,70.371153,N-summer
sample_06492.jpg,0.37641530347460994,SRC_100,20.0,41.506528,N-spring
sample_06493.jpg,0.39642368592453825,SRC_020,35.0,42.075965,N-summer
sample_06494.jpg,0.3862840306236525,SRC_109,50.0,54.137665,N-summer
sample_06495.jpg,0.5000392727450373,SRC_012,-90.0,85.677016,N-autumn
sample_06496.jpg,0.3959072918109619,SRC_037,15.0,44.468297,N-spring
sample_06497.jpg,0.4164960500065537,SRC_097,0.0,35.318175,N-winter
sample_06498.jpg,0.48785753712592317,SRC_006,-15.0,65.638079,N-spring
sample_06499.jpg,0.3969489183027348,SRC_164,20.0,59.226879,N-autumn
sample_06500.jpg,0.46648197908443906,SRC_064,90.0,60.573524,N-spring
sample_06501.jpg,0.3824541091934527,SRC_156,10.0,48.737382,N-summer
sample_06502.jpg,0.38137418000129786,SRC_136,-35.0,76.922409,N-spring
sample_06503.jpg,0.49600539714433733,SRC_006,-15.0,65.638079,N-spring
sample_06504.jpg,0.4318357110414312,SRC_142,-30.0,34.276784,N-winter
sample_06505.jpg,0.39283597781724405,SRC_021,-90.0,68.040851,N-autumn
sample_06506.jpg,0.3898679311285855,SRC_009,-25.0,73.827745,N-spring
sample_06507.jpg,0.4227478390822804,SRC_022,20.0,41.513642,N-spring
sample_06508.jpg,0.40447256783957075,SRC_158,-5.0,35.954137,N-winter
sample_06509.jpg,0.3762656019081815,SRC_004,30.0,61.107468,N-autumn
sample_06510.jpg,0.4115591269781981,SRC_040,90.0,57.651744,N-spring
sample_06511.jpg,0.3959653010477874,SRC_171,-35.0,63.65778,N-spring
sample_06512.jpg,0.398873592197406,SRC_168,90.0,64.709631,N-summer
sample_06513.jpg,0.37635587612053223,SRC_171,-35.0,63.65778,N-spring
sample_06514.jpg,0.49115874817135674,SRC_154,0.0,54.770875,N-summer
sample_06515.jpg,0.437887229666594,SRC_006,-15.0,65.638079,N-spring
sample_06516.jpg,0.3932340239313857,SRC_067,-15.0,64.724247,N-spring
sample_06517.jpg,0.3935909043644389,SRC_006,-15.0,65.638079,N-spring
sample_06518.jpg,0.4028661730756718,SRC_018,-90.0,67.882485,N-winter
sample_06519.jpg,0.3829989174611904,SRC_041,15.0,46.712049,N-summer
sample_06520.jpg,0.4003713956672731,SRC_009,-25.0,73.827745,N-spring
sample_06521.jpg,0.3900152517543643,SRC_001,-5.0,51.987197,N-spring
sample_06522.jpg,0.5267212080258793,SRC_168,90.0,64.709631,N-summer
sample_06523.jpg,0.5110380430412171,SRC_081,-90.0,74.772433,N-autumn
sample_06524.jpg,0.3906602409688117,SRC_171,-35.0,63.65778,N-spring
sample_06525.jpg,0.4089611751539291,SRC_134,-30.0,69.607895,N-spring
sample_06526.jpg,0.36949836461814656,SRC_002,40.0,45.868768,N-summer
sample_06527.jpg,0.4711416082651648,SRC_135,5.0,41.328761,N-winter
sample_06528.jpg,0.3935755787269124,SRC_107,20.0,65.68027,N-autumn
sample_06529.jpg,0.4920360176658062,SRC_065,30.0,68.700871,N-winter
sample_06530.jpg,0.45498700906073547,SRC_115,25.0,41.8845,N-spring
sample_06531.jpg,0.42523210273779516,SRC_116,5.0,41.203028,N-spring
sample_06532.jpg,0.4094177662808135,SRC_051,20.0,63.609319,N-autumn
sample_06533.jpg,0.40613557940948397,SRC_100,20.0,41.506528,N-spring
sample_06534.jpg,0.38582948694078845,SRC_108,-40.0,68.856247,N-summer
sample_06535.jpg,0.4218853290520565,SRC_133,-10.0,48.887369,N-spring
sample_06536.jpg,0.4585006360643029,SRC_051,20.0,63.609319,N-autumn
sample_06537.jpg,0.404524300566323,SRC_071,20.0,40.070501,N-spring
sample_06538.jpg,0.40751737010429734,SRC_115,25.0,41.8845,N-spring
sample_06539.jpg,0.4963174940016655,SRC_168,90.0,64.709631,N-summer
sample_06540.jpg,0.48677880335424345,SRC_059,15.0,48.046698,N-summer
sample_06541.jpg,0.3808878313955567,SRC_056,-40.0,74.660587,N-summer
sample_06542.jpg,0.4041067692065382,SRC_148,-15.0,49.227137,N-autumn
sample_06543.jpg,0.38822014029891844,SRC_103,-35.0,57.090396,N-autumn
sample_06544.jpg,0.4421581489342753,SRC_042,10.0,36.92431,N-spring
sample_06545.jpg,0.40593024869512606,SRC_062,45.0,81.508965,N-autumn
sample_06546.jpg,0.5021210175369568,SRC_013,50.0,54.051464,N-spring
sample_06547.jpg,0.40960367358175864,SRC_089,10.0,48.442522,N-winter
sample_06548.jpg,0.39125224024582594,SRC_013,50.0,54.051464,N-spring
sample_06549.jpg,0.5174071822272055,SRC_074,0.0,50.25459,N-spring
sample_06550.jpg,0.397210504724581,SRC_134,-30.0,69.607895,N-spring
sample_06551.jpg,0.4013419780336139,SRC_124,0.0,51.928413,N-summer
sample_06552.jpg,0.4260766252432734,SRC_022,20.0,41.513642,N-spring
sample_06553.jpg,0.3829120382353598,SRC_084,-10.0,58.957849,N-summer
sample_06554.jpg,0.4700067586832441,SRC_131,10.0,60.540464,N-autumn
sample_06555.jpg,0.39414073086180623,SRC_013,50.0,54.051464,N-spring
sample_06556.jpg,0.384511607069566,SRC_012,-90.0,85.677016,N-autumn
sample_06557.jpg,0.39326834984998416,SRC_043,10.0,50.433279,N-summer
sample_06558.jpg,0.3951958627967184,SRC_036,5.0,52.749586,N-summer
sample_06559.jpg,0.4665454053370933,SRC_170,-20.0,56.332579,N-autumn
sample_06560.jpg,0.3948352911584606,SRC_030,-25.0,67.936804,N-spring
sample_06561.jpg,0.39344896435319254,SRC_006,-15.0,65.638079,N-spring
sample_06562.jpg,0.48531529217289593,SRC_076,25.0,63.632584,N-autumn
sample_06563.jpg,0.4054932080971348,SRC_009,-25.0,73.827745,N-spring
sample_06564.jpg,0.38391510390650707,SRC_004,30.0,61.107468,N-autumn
sample_06565.jpg,0.3918032915189538,SRC_056,-40.0,74.660587,N-summer
sample_06566.jpg,0.3983666122435336,SRC_114,-10.0,58.176498,N-autumn
sample_06567.jpg,0.4816307773720296,SRC_040,90.0,57.651744,N-spring
sample_06568.jpg,0.424299742898663,SRC_052,5.0,51.705435,N-summer
sample_06569.jpg,0.42614748361024546,SRC_006,-15.0,65.638079,N-spring
sample_06570.jpg,0.39129691612062023,SRC_075,-90.0,65.329336,N-winter
sample_06571.jpg,0.38656522437730123,SRC_009,-25.0,73.827745,N-spring
sample_06572.jpg,0.4375476782153509,SRC_146,10.0,58.0428,N-summer
sample_06573.jpg,0.4044052055250796,SRC_112,-30.0,67.516648,N-spring
sample_06574.jpg,0.39219943940840685,SRC_153,-40.0,43.960452,N-autumn
sample_06575.jpg,0.3957761953612071,SRC_161,5.0,52.294471,N-summer
sample_06576.jpg,0.41334802430437884,SRC_061,50.0,43.110277,N-spring
sample_06577.jpg,0.49087685472257625,SRC_056,-40.0,74.660587,N-summer
sample_06578.jpg,0.4637744974980243,SRC_085,0.0,39.187341,N-spring
sample_06579.jpg,0.3946579286857941,SRC_006,-15.0,65.638079,N-spring
sample_06580.jpg,0.5309872496723644,SRC_130,25.0,37.507656,N-spring
sample_06581.jpg,0.4158594390208129,SRC_036,5.0,52.749586,N-summer
sample_06582.jpg,0.4174568059364285,SRC_069,25.0,48.120522,N-summer
sample_06583.jpg,0.42873097451853337,SRC_013,50.0,54.051464,N-spring
sample_06584.jpg,0.3927416948939391,SRC_127,-35.0,47.507974,N-autumn
sample_06585.jpg,0.4160251255432498,SRC_059,15.0,48.046698,N-summer
sample_06586.jpg,0.3870111114216504,SRC_108,-40.0,68.856247,N-summer
sample_06587.jpg,0.4124977370857416,SRC_042,10.0,36.92431,N-spring
sample_06588.jpg,0.44738586474484326,SRC_026,90.0,57.238404,N-spring
sample_06589.jpg,0.3965839600729587,SRC_009,-25.0,73.827745,N-spring
sample_06590.jpg,0.4026538083673241,SRC_040,90.0,57.651744,N-spring
sample_06591.jpg,0.3912987390151703,SRC_011,-20.0,70.371153,N-summer
sample_06592.jpg,0.4244894490741222,SRC_069,25.0,48.120522,N-summer
sample_06593.jpg,0.5051932635597973,SRC_115,25.0,41.8845,N-spring
sample_06594.jpg,0.39074696254029834,SRC_168,90.0,64.709631,N-summer
sample_06595.jpg,0.5090331156682122,SRC_070,60.0,58.788969,N-summer
sample_06596.jpg,0.4908282653480162,SRC_013,50.0,54.051464,N-spring
sample_06597.jpg,0.4099825428660875,SRC_156,10.0,48.737382,N-summer
sample_06598.jpg,0.41229678217247023,SRC_040,90.0,57.651744,N-spring
sample_06599.jpg,0.3854989220804638,SRC_121,25.0,67.446292,N-autumn
sample_06600.jpg,0.43991191460128753,SRC_145,-5.0,52.15166,N-spring
sample_06601.jpg,0.40618290772866716,SRC_124,0.0,51.928413,N-summer
sample_06602.jpg,0.48714627109884656,SRC_051,20.0,63.609319,N-autumn
sample_06603.jpg,0.4294408964481611,SRC_097,0.0,35.318175,N-winter
sample_06604.jpg,0.3887666619084662,SRC_091,-40.0,72.511342,N-summer
sample_06605.jpg,0.4077017606818586,SRC_144,-35.0,76.731052,N-spring
sample_06606.jpg,0.510800706736706,SRC_108,-40.0,68.856247,N-summer
sample_06607.jpg,0.3872447105424535,SRC_158,-5.0,35.954137,N-winter
sample_06608.jpg,0.37433678106707136,SRC_063,25.0,41.329237,N-spring
sample_06609.jpg,0.3930716553712929,SRC_041,15.0,46.712049,N-summer
sample_06610.jpg,0.3994534776030112,SRC_085,0.0,39.187341,N-spring
sample_06611.jpg,0.41275338698844716,SRC_102,-10.0,52.255853,N-spring
sample_06612.jpg,0.47577748155275756,SRC_013,50.0,54.051464,N-spring
sample_06613.jpg,0.5154298148621378,SRC_126,-20.0,68.779144,N-summer
sample_06614.jpg,0.47370424252335147,SRC_102,-10.0,52.255853,N-spring
sample_06615.jpg,0.3901473703026818,SRC_125,-5.0,52.428603,N-spring
sample_06616.jpg,0.4062469821953617,SRC_121,25.0,67.446292,N-autumn
sample_06617.jpg,0.5091876112921737,SRC_074,0.0,50.25459,N-spring
sample_06618.jpg,0.49766021003048594,SRC_129,20.0,41.057252,N-spring
sample_06619.jpg,0.40112307610885223,SRC_100,20.0,41.506528,N-spring
sample_06620.jpg,0.4754036879930986,SRC_099,15.0,42.024472,N-spring
sample_06621.jpg,0.4210439993748919,SRC_094,20.0,66.934532,N-autumn
sample_06622.jpg,0.39764823038256975,SRC_084,-10.0,58.957849,N-summer
sample_06623.jpg,0.41561358526520253,SRC_131,10.0,60.540464,N-autumn
sample_06624.jpg,0.44149722735162567,SRC_093,-25.0,43.343655,N-autumn
sample_06625.jpg,0.4279950084674614,SRC_014,-40.0,38.480327,N-winter
sample_06626.jpg,0.4070203850360986,SRC_115,25.0,41.8845,N-spring
sample_06627.jpg,0.4182223498837452,SRC_066,-10.0,61.81065,N-summer
sample_06628.jpg,0.4158862345227921,SRC_103,-35.0,57.090396,N-autumn
sample_06629.jpg,0.3788871729758876,SRC_056,-40.0,74.660587,N-summer
sample_06630.jpg,0.3897454112945672,SRC_156,10.0,48.737382,N-summer
sample_06631.jpg,0.43343721504749533,SRC_071,20.0,40.070501,N-spring
sample_06632.jpg,0.41449493805553816,SRC_114,-10.0,58.176498,N-autumn
sample_06633.jpg,0.40419937544229284,SRC_112,-30.0,67.516648,N-spring
sample_06634.jpg,0.3899818763075187,SRC_108,-40.0,68.856247,N-summer
sample_06635.jpg,0.3831017966166909,SRC_013,50.0,54.051464,N-spring
sample_06636.jpg,0.40245447180582933,SRC_009,-25.0,73.827745,N-spring
sample_06637.jpg,0.43730186421240697,SRC_007,20.0,49.485932,N-winter
sample_06638.jpg,0.390516704027549,SRC_051,20.0,63.609319,N-autumn
sample_06639.jpg,0.3909420481437557,SRC_150,10.0,50.798821,N-summer
sample_06640.jpg,0.4885350929534411,SRC_059,15.0,48.046698,N-summer
sample_06641.jpg,0.41075707801577377,SRC_087,0.0,54.65824,N-summer
sample_06642.jpg,0.414058547130198,SRC_048,-25.0,61.920556,N-autumn
sample_06643.jpg,0.3985928670439349,SRC_150,10.0,50.798821,N-summer
sample_06644.jpg,0.3905076307146734,SRC_041,15.0,46.712049,N-summer
sample_06645.jpg,0.3963535682592464,SRC_084,-10.0,58.957849,N-summer
sample_06646.jpg,0.3846664746571462,SRC_004,30.0,61.107468,N-autumn
sample_06647.jpg,0.3825151125010876,SRC_153,-40.0,43.960452,N-autumn
sample_06648.jpg,0.4199686436777868,SRC_112,-30.0,67.516648,N-spring
sample_06649.jpg,0.3999566359512223,SRC_030,-25.0,67.936804,N-spring
sample_06650.jpg,0.38961172827226886,SRC_011,-20.0,70.371153,N-summer
sample_06651.jpg,0.3984336831922718,SRC_158,-5.0,35.954137,N-winter
sample_06652.jpg,0.41537447606897926,SRC_103,-35.0,57.090396,N-autumn
sample_06653.jpg,0.3903188531201094,SRC_040,90.0,57.651744,N-spring
sample_06654.jpg,0.5091618976878309,SRC_104,25.0,45.102036,N-summer
sample_06655.jpg,0.4054854553594211,SRC_091,-40.0,72.511342,N-summer
sample_06656.jpg,0.3986701788862179,SRC_073,45.0,41.537171,N-spring
sample_06657.jpg,0.4251711340618017,SRC_133,-10.0,48.887369,N-spring
sample_06658.jpg,0.3920722893697991,SRC_084,-10.0,58.957849,N-summer
sample_06659.jpg,0.39169903251264376,SRC_037,15.0,44.468297,N-spring
sample_06660.jpg,0.43108953175253906,SRC_069,25.0,48.120522,N-summer
sample_06661.jpg,0.48522512638086057,SRC_013,50.0,54.051464,N-spring
sample_06662.jpg,0.3944925328767004,SRC_040,90.0,57.651744,N-spring
sample_06663.jpg,0.3821106759954166,SRC_093,-25.0,43.343655,N-autumn
sample_06664.jpg,0.3865712327005551,SRC_075,-90.0,65.329336,N-winter
sample_06665.jpg,0.41240289887771037,SRC_115,25.0,41.8845,N-spring
sample_06666.jpg,0.3972431977337478,SRC_112,-30.0,67.516648,N-spring
sample_06667.jpg,0.3901774553180495,SRC_159,20.0,67.076816,N-autumn
sample_06668.jpg,0.385849161715532,SRC_108,-40.0,68.856247,N-summer
sample_06669.jpg,0.39353769416611745,SRC_021,-90.0,68.040851,N-autumn
sample_06670.jpg,0.4089847539450243,SRC_088,0.0,53.004483,N-summer
sample_06671.jpg,0.47243458084831413,SRC_171,-35.0,63.65778,N-spring
sample_06672.jpg,0.4895657559305781,SRC_165,10.0,42.451267,N-winter
sample_06673.jpg,0.49541858757993784,SRC_070,60.0,58.788969,N-summer
sample_06674.jpg,0.47305499104252735,SRC_056,-40.0,74.660587,N-summer
sample_06675.jpg,0.45473354921106923,SRC_140,35.0,44.85556,N-spring
sample_06676.jpg,0.38891949909833745,SRC_092,5.0,57.429528,N-autumn
sample_06677.jpg,0.38796959380287355,SRC_056,-40.0,74.660587,N-summer
sample_06678.jpg,0.3963974258799202,SRC_034,40.0,46.055099,N-summer
sample_06679.jpg,0.37939147045168653,SRC_041,15.0,46.712049,N-summer
sample_06680.jpg,0.4898418976406986,SRC_001,-5.0,51.987197,N-spring
sample_06681.jpg,0.4036101311321053,SRC_089,10.0,48.442522,N-winter
sample_06682.jpg,0.5035449046099165,SRC_129,20.0,41.057252,N-spring
sample_06683.jpg,0.4195466708007154,SRC_022,20.0,41.513642,N-spring
sample_06684.jpg,0.38806296455586287,SRC_134,-30.0,69.607895,N-spring
sample_06685.jpg,0.44943279445395967,SRC_027,35.0,41.369436,N-spring
sample_06686.jpg,0.4758162101613476,SRC_153,-40.0,43.960452,N-autumn
sample_06687.jpg,0.43578764603935644,SRC_106,25.0,40.638999,N-spring
sample_06688.jpg,0.441657635941083,SRC_129,20.0,41.057252,N-spring
sample_06689.jpg,0.4374244090061268,SRC_009,-25.0,73.827745,N-spring
sample_06690.jpg,0.3859581795646462,SRC_051,20.0,63.609319,N-autumn
sample_06691.jpg,0.5008267741587692,SRC_059,15.0,48.046698,N-summer
sample_06692.jpg,0.5046031087477232,SRC_070,60.0,58.788969,N-summer
sample_06693.jpg,0.4014691674653791,SRC_043,10.0,50.433279,N-summer
sample_06694.jpg,0.4118611243850386,SRC_104,25.0,45.102036,N-summer
sample_06695.jpg,0.42825077252462895,SRC_111,-35.0,79.069883,N-spring
sample_06696.jpg,0.3918116960922569,SRC_095,-20.0,56.495654,N-spring
sample_06697.jpg,0.4507105498844711,SRC_142,-30.0,34.276784,N-winter
sample_06698.jpg,0.40093490987391184,SRC_158,-5.0,35.954137,N-winter
sample_06699.jpg,0.4039347773491612,SRC_109,50.0,54.137665,N-summer
sample_06700.jpg,0.4789731807960561,SRC_099,15.0,42.024472,N-spring
sample_06701.jpg,0.4229341218361989,SRC_059,15.0,48.046698,N-summer
sample_06702.jpg,0.3812306099103157,SRC_141,-10.0,55.206291,N-spring
sample_06703.jpg,0.3860760850720083,SRC_116,5.0,41.203028,N-spring
sample_06704.jpg,0.3884364577347868,SRC_021,-90.0,68.040851,N-autumn
sample_06705.jpg,0.3882010496003449,SRC_092,5.0,57.429528,N-autumn
sample_06706.jpg,0.42019373688749007,SRC_165,10.0,42.451267,N-winter
sample_06707.jpg,0.4024826794161915,SRC_056,-40.0,74.660587,N-summer
sample_06708.jpg,0.3877221979690212,SRC_096,25.0,40.422288,N-spring
sample_06709.jpg,0.47558513963040666,SRC_171,-35.0,63.65778,N-spring
sample_06710.jpg,0.4800864237948039,SRC_089,10.0,48.442522,N-winter
sample_06711.jpg,0.4759694158347278,SRC_111,-35.0,79.069883,N-spring
sample_06712.jpg,0.4382759216969315,SRC_148,-15.0,49.227137,N-autumn
sample_06713.jpg,0.38586090395629774,SRC_004,30.0,61.107468,N-autumn
sample_06714.jpg,0.38879087153270986,SRC_040,90.0,57.651744,N-spring
sample_06715.jpg,0.4572702957776434,SRC_108,-40.0,68.856247,N-summer
sample_06716.jpg,0.42160985318911115,SRC_040,90.0,57.651744,N-spring
sample_06717.jpg,0.41430120879758975,SRC_051,20.0,63.609319,N-autumn
sample_06718.jpg,0.38093580633028445,SRC_157,40.0,44.22455,N-summer
sample_06719.jpg,0.5124446368256692,SRC_038,-15.0,32.097448,N-winter
sample_06720.jpg,0.3739765943701287,SRC_169,40.0,48.615664,N-summer
sample_06721.jpg,0.3986062341494262,SRC_154,0.0,54.770875,N-summer
sample_06722.jpg,0.4220753712503873,SRC_169,40.0,48.615664,N-summer
sample_06723.jpg,0.5099958176111932,SRC_151,-15.0,63.408071,N-summer
sample_06724.jpg,0.4714989885104526,SRC_142,-30.0,34.276784,N-winter
sample_06725.jpg,0.5377801993320228,SRC_059,15.0,48.046698,N-summer
sample_06726.jpg,0.39333581542266194,SRC_157,40.0,44.22455,N-summer
sample_06727.jpg,0.46299402770891707,SRC_106,25.0,40.638999,N-spring
sample_06728.jpg,0.4793016541300096,SRC_006,-15.0,65.638079,N-spring
sample_06729.jpg,0.47777109729729456,SRC_099,15.0,42.024472,N-spring
sample_06730.jpg,0.5012493342160897,SRC_071,20.0,40.070501,N-spring
sample_06731.jpg,0.4360606685829844,SRC_144,-35.0,76.731052,N-spring
sample_06732.jpg,0.5280303504481696,SRC_006,-15.0,65.638079,N-spring
sample_06733.jpg,0.4414015151017744,SRC_022,20.0,41.513642,N-spring
sample_06734.jpg,0.5055570860464772,SRC_052,5.0,51.705435,N-summer
sample_06735.jpg,0.3907513132015782,SRC_009,-25.0,73.827745,N-spring
sample_06736.jpg,0.381900309158016,SRC_150,10.0,50.798821,N-summer
sample_06737.jpg,0.392426562924054,SRC_020,35.0,42.075965,N-summer
sample_06738.jpg,0.40953793920458503,SRC_005,0.0,55.846781,N-summer
sample_06739.jpg,0.4829641640253063,SRC_087,0.0,54.65824,N-summer
sample_06740.jpg,0.4281265178297969,SRC_153,-40.0,43.960452,N-autumn
sample_06741.jpg,0.5000681573422457,SRC_008,25.0,61.005891,N-autumn
sample_06742.jpg,0.42622556502038406,SRC_150,10.0,50.798821,N-summer
sample_06743.jpg,0.40790682762162245,SRC_115,25.0,41.8845,N-spring
sample_06744.jpg,0.48065348891288,SRC_168,90.0,64.709631,N-summer
sample_06745.jpg,0.4748218265705778,SRC_064,90.0,60.573524,N-spring
sample_06746.jpg,0.41969165453250723,SRC_145,-5.0,52.15166,N-spring
sample_06747.jpg,0.397148330914505,SRC_095,-20.0,56.495654,N-spring
sample_06748.jpg,0.4319123303118019,SRC_073,45.0,41.537171,N-spring
sample_06749.jpg,0.4362792473737496,SRC_119,90.0,58.642683,N-spring
sample_06750.jpg,0.46012089257701405,SRC_101,5.0,48.479381,N-winter
sample_06751.jpg,0.39281034218753885,SRC_092,5.0,57.429528,N-autumn
sample_06752.jpg,0.41160658125892474,SRC_027,35.0,41.369436,N-spring
sample_06753.jpg,0.4038208338867736,SRC_048,-25.0,61.920556,N-autumn
sample_06754.jpg,0.47797129773924024,SRC_143,90.0,68.916652,N-spring
sample_06755.jpg,0.3819509117435523,SRC_041,15.0,46.712049,N-summer
sample_06756.jpg,0.40379942906799915,SRC_047,0.0,48.028677,N-spring
sample_06757.jpg,0.3907812233117586,SRC_153,-40.0,43.960452,N-autumn
sample_06758.jpg,0.39183876705521997,SRC_030,-25.0,67.936804,N-spring
sample_06759.jpg,0.38807447749157,SRC_067,-15.0,64.724247,N-spring
sample_06760.jpg,0.37961515021241427,SRC_158,-5.0,35.954137,N-winter
sample_06761.jpg,0.4940326700040668,SRC_126,-20.0,68.779144,N-summer
sample_06762.jpg,0.39533276948770857,SRC_073,45.0,41.537171,N-spring
sample_06763.jpg,0.39300358837970895,SRC_073,45.0,41.537171,N-spring
sample_06764.jpg,0.4701022039773335,SRC_059,15.0,48.046698,N-summer
sample_06765.jpg,0.4261203633643101,SRC_091,-40.0,72.511342,N-summer
sample_06766.jpg,0.408287400418328,SRC_124,0.0,51.928413,N-summer
sample_06767.jpg,0.3886130852947911,SRC_020,35.0,42.075965,N-summer
sample_06768.jpg,0.44155464550436274,SRC_116,5.0,41.203028,N-spring
sample_06769.jpg,0.39877929532578305,SRC_103,-35.0,57.090396,N-autumn
sample_06770.jpg,0.4080453940701716,SRC_115,25.0,41.8845,N-spring
sample_06771.jpg,0.4025884832083806,SRC_076,25.0,63.632584,N-autumn
sample_06772.jpg,0.3983032370943545,SRC_158,-5.0,35.954137,N-winter
sample_06773.jpg,0.3944962092643249,SRC_096,25.0,40.422288,N-spring
sample_06774.jpg,0.4101127632401635,SRC_074,0.0,50.25459,N-spring
sample_06775.jpg,0.5126472917967417,SRC_091,-40.0,72.511342,N-summer
sample_06776.jpg,0.39070448349168696,SRC_005,0.0,55.846781,N-summer
sample_06777.jpg,0.4627805954409685,SRC_114,-10.0,58.176498,N-autumn
sample_06778.jpg,0.38637965688127285,SRC_076,25.0,63.632584,N-autumn
sample_06779.jpg,0.41622790492615475,SRC_106,25.0,40.638999,N-spring
sample_06780.jpg,0.4190196270453237,SRC_148,-15.0,49.227137,N-autumn
sample_06781.jpg,0.4786258744829843,SRC_006,-15.0,65.638079,N-spring
sample_06782.jpg,0.4081983250291767,SRC_080,-25.0,69.726065,N-summer
sample_06783.jpg,0.415820155663101,SRC_040,90.0,57.651744,N-spring
sample_06784.jpg,0.49858771386721285,SRC_013,50.0,54.051464,N-spring
sample_06785.jpg,0.3914418922295183,SRC_126,-20.0,68.779144,N-summer
sample_06786.jpg,0.40507325031360786,SRC_137,-5.0,45.053172,N-spring
sample_06787.jpg,0.43910879771807726,SRC_061,50.0,43.110277,N-spring
sample_06788.jpg,0.3908633938317419,SRC_091,-40.0,72.511342,N-summer
sample_06789.jpg,0.49526628875846707,SRC_006,-15.0,65.638079,N-spring
sample_06790.jpg,0.39166597772102607,SRC_071,20.0,40.070501,N-spring
sample_06791.jpg,0.4848174378564469,SRC_092,5.0,57.429528,N-autumn
sample_06792.jpg,0.3881610814211526,SRC_076,25.0,63.632584,N-autumn
sample_06793.jpg,0.39440961475231723,SRC_163,0.0,39.987447,N-winter
sample_06794.jpg,0.4815128228399117,SRC_006,-15.0,65.638079,N-spring
sample_06795.jpg,0.39451707429987687,SRC_096,25.0,40.422288,N-spring
sample_06796.jpg,0.49430634630836234,SRC_063,25.0,41.329237,N-spring
sample_06797.jpg,0.5065042109330886,SRC_115,25.0,41.8845,N-spring
sample_06798.jpg,0.4107772455922561,SRC_146,10.0,58.0428,N-summer
sample_06799.jpg,0.4062127512136472,SRC_042,10.0,36.92431,N-spring
sample_06800.jpg,0.46355441791286883,SRC_117,-90.0,60.317034,N-winter
sample_06801.jpg,0.45262287475351093,SRC_061,50.0,43.110277,N-spring
sample_06802.jpg,0.38472490995039754,SRC_121,25.0,67.446292,N-autumn
sample_06803.jpg,0.39734359691318055,SRC_040,90.0,57.651744,N-spring
sample_06804.jpg,0.38481732447688055,SRC_109,50.0,54.137665,N-summer
sample_06805.jpg,0.398764753854033,SRC_127,-35.0,47.507974,N-autumn
sample_06806.jpg,0.38829432330845653,SRC_005,0.0,55.846781,N-summer
sample_06807.jpg,0.508116606273374,SRC_094,20.0,66.934532,N-autumn
sample_06808.jpg,0.4000058166847567,SRC_153,-40.0,43.960452,N-autumn
sample_06809.jpg,0.40653540638920366,SRC_124,0.0,51.928413,N-summer
sample_06810.jpg,0.452922927245066,SRC_111,-35.0,79.069883,N-spring
sample_06811.jpg,0.39168210921252133,SRC_095,-20.0,56.495654,N-spring
sample_06812.jpg,0.5135155836722226,SRC_036,5.0,52.749586,N-summer
sample_06813.jpg,0.40527609011443355,SRC_062,45.0,81.508965,N-autumn
sample_06814.jpg,0.42346700584875163,SRC_148,-15.0,49.227137,N-autumn
sample_06815.jpg,0.48417595892215937,SRC_009,-25.0,73.827745,N-spring
sample_06816.jpg,0.48819536941093045,SRC_111,-35.0,79.069883,N-spring
sample_06817.jpg,0.4565118270302899,SRC_104,25.0,45.102036,N-summer
sample_06818.jpg,0.3968555403199644,SRC_038,-15.0,32.097448,N-winter
sample_06819.jpg,0.4858906692528954,SRC_061,50.0,43.110277,N-spring
sample_06820.jpg,0.5259731455612661,SRC_106,25.0,40.638999,N-spring
sample_06821.jpg,0.391787441640533,SRC_103,-35.0,57.090396,N-autumn
sample_06822.jpg,0.3822991973275012,SRC_169,40.0,48.615664,N-summer
sample_06823.jpg,0.41930657172595465,SRC_126,-20.0,68.779144,N-summer
sample_06824.jpg,0.39211303247951096,SRC_140,35.0,44.85556,N-spring
sample_06825.jpg,0.4281091485558073,SRC_151,-15.0,63.408071,N-summer
sample_06826.jpg,0.493348122911097,SRC_114,-10.0,58.176498,N-autumn
sample_06827.jpg,0.4101896757996992,SRC_097,0.0,35.318175,N-winter
sample_06828.jpg,0.38664445974003603,SRC_092,5.0,57.429528,N-autumn
sample_06829.jpg,0.481078181349051,SRC_093,-25.0,43.343655,N-autumn
sample_06830.jpg,0.4003117981170985,SRC_009,-25.0,73.827745,N-spring
sample_06831.jpg,0.446225238520128,SRC_037,15.0,44.468297,N-spring
sample_06832.jpg,0.3805993235689832,SRC_169,40.0,48.615664,N-summer
sample_06833.jpg,0.4321387890200031,SRC_153,-40.0,43.960452,N-autumn
sample_06834.jpg,0.3830497414892259,SRC_114,-10.0,58.176498,N-autumn
sample_06835.jpg,0.5317918704675475,SRC_168,90.0,64.709631,N-summer
sample_06836.jpg,0.40655248899342533,SRC_009,-25.0,73.827745,N-spring
sample_06837.jpg,0.5057169226191436,SRC_114,-10.0,58.176498,N-autumn
sample_06838.jpg,0.40957586232475807,SRC_170,-20.0,56.332579,N-autumn
sample_06839.jpg,0.4767773863813833,SRC_049,5.0,42.94902,N-spring
sample_06840.jpg,0.39393612473294454,SRC_124,0.0,51.928413,N-summer
sample_06841.jpg,0.4245363867114733,SRC_009,-25.0,73.827745,N-spring
sample_06842.jpg,0.39022938013774466,SRC_124,0.0,51.928413,N-summer
sample_06843.jpg,0.3858393330293334,SRC_030,-25.0,67.936804,N-spring
sample_06844.jpg,0.3892983502742119,SRC_108,-40.0,68.856247,N-summer
sample_06845.jpg,0.4026339367680675,SRC_134,-30.0,69.607895,N-spring
sample_06846.jpg,0.39596317736816933,SRC_107,20.0,65.68027,N-autumn
sample_06847.jpg,0.3886912758495299,SRC_127,-35.0,47.507974,N-autumn
sample_06848.jpg,0.40117849840272457,SRC_103,-35.0,57.090396,N-autumn
sample_06849.jpg,0.41505283143454347,SRC_123,0.0,54.598149,N-autumn
sample_06850.jpg,0.470158633032643,SRC_067,-15.0,64.724247,N-spring
sample_06851.jpg,0.4963761366761023,SRC_108,-40.0,68.856247,N-summer
sample_06852.jpg,0.4237127435464668,SRC_096,25.0,40.422288,N-spring
sample_06853.jpg,0.390543847346772,SRC_051,20.0,63.609319,N-autumn
sample_06854.jpg,0.48878637688483906,SRC_157,40.0,44.22455,N-summer
sample_06855.jpg,0.38585700595693795,SRC_012,-90.0,85.677016,N-autumn
sample_06856.jpg,0.4974942700996946,SRC_130,25.0,37.507656,N-spring
sample_06857.jpg,0.4433568288741621,SRC_075,-90.0,65.329336,N-winter
sample_06858.jpg,0.3919388107392502,SRC_095,-20.0,56.495654,N-spring
sample_06859.jpg,0.41480603797714427,SRC_115,25.0,41.8845,N-spring
sample_06860.jpg,0.4161354216615895,SRC_145,-5.0,52.15166,N-spring
sample_06861.jpg,0.4445480499153698,SRC_026,90.0,57.238404,N-spring
sample_06862.jpg,0.43616629050906724,SRC_024,10.0,53.725813,N-summer
sample_06863.jpg,0.4803614434987685,SRC_110,90.0,59.038071,N-summer
sample_06864.jpg,0.3792141820775215,SRC_004,30.0,61.107468,N-autumn
sample_06865.jpg,0.3846908208988845,SRC_004,30.0,61.107468,N-autumn
sample_06866.jpg,0.4272719112653555,SRC_116,5.0,41.203028,N-spring
sample_06867.jpg,0.38781250033271997,SRC_043,10.0,50.433279,N-summer
sample_06868.jpg,0.3831700537789391,SRC_027,35.0,41.369436,N-spring
sample_06869.jpg,0.4025835346855188,SRC_121,25.0,67.446292,N-autumn
sample_06870.jpg,0.37877460230352494,SRC_034,40.0,46.055099,N-summer
sample_06871.jpg,0.4398224945244257,SRC_148,-15.0,49.227137,N-autumn
sample_06872.jpg,0.39617900026252795,SRC_108,-40.0,68.856247,N-summer
sample_06873.jpg,0.3891166592410031,SRC_073,45.0,41.537171,N-spring
sample_06874.jpg,0.40240336349226913,SRC_088,0.0,53.004483,N-summer
sample_06875.jpg,0.3849199784937641,SRC_015,20.0,46.484204,N-summer
sample_06876.jpg,0.38875744885270896,SRC_027,35.0,41.369436,N-spring
sample_06877.jpg,0.3790707381105552,SRC_013,50.0,54.051464,N-spring
sample_06878.jpg,0.3827794934750774,SRC_015,20.0,46.484204,N-summer
sample_06879.jpg,0.39804253943365364,SRC_103,-35.0,57.090396,N-autumn
sample_06880.jpg,0.45662960539403985,SRC_148,-15.0,49.227137,N-autumn
sample_06881.jpg,0.3920028495623694,SRC_036,5.0,52.749586,N-summer
sample_06882.jpg,0.4043441906938524,SRC_005,0.0,55.846781,N-summer
sample_06883.jpg,0.47489902444525606,SRC_095,-20.0,56.495654,N-spring
sample_06884.jpg,0.4145095813907786,SRC_057,-5.0,57.599617,N-summer
sample_06885.jpg,0.39629777413956624,SRC_009,-25.0,73.827745,N-spring
sample_06886.jpg,0.48653495358913634,SRC_009,-25.0,73.827745,N-spring
sample_06887.jpg,0.5233894807516345,SRC_130,25.0,37.507656,N-spring
sample_06888.jpg,0.39899543221432127,SRC_100,20.0,41.506528,N-spring
sample_06889.jpg,0.3898338595226495,SRC_030,-25.0,67.936804,N-spring
sample_06890.jpg,0.38486308907680533,SRC_030,-25.0,67.936804,N-spring
sample_06891.jpg,0.4025017517125441,SRC_088,0.0,53.004483,N-summer
sample_06892.jpg,0.4678668564152468,SRC_054,5.0,37.41608,N-winter
sample_06893.jpg,0.41160032049287104,SRC_124,0.0,51.928413,N-summer
sample_06894.jpg,0.3871505744835346,SRC_066,-10.0,61.81065,N-summer
sample_06895.jpg,0.40773019794116416,SRC_106,25.0,40.638999,N-spring
sample_06896.jpg,0.4636263477932296,SRC_047,0.0,48.028677,N-spring
sample_06897.jpg,0.3946224846716243,SRC_093,-25.0,43.343655,N-autumn
sample_06898.jpg,0.39048768540089723,SRC_121,25.0,67.446292,N-autumn
sample_06899.jpg,0.3896293816274926,SRC_076,25.0,63.632584,N-autumn
sample_06900.jpg,0.3881939687667745,SRC_030,-25.0,67.936804,N-spring
sample_06901.jpg,0.5295910211709409,SRC_126,-20.0,68.779144,N-summer
sample_06902.jpg,0.4415479790496031,SRC_146,10.0,58.0428,N-summer
sample_06903.jpg,0.390987599938353,SRC_097,0.0,35.318175,N-winter
sample_06904.jpg,0.38874541863254025,SRC_004,30.0,61.107468,N-autumn
sample_06905.jpg,0.4488218928679311,SRC_047,0.0,48.028677,N-spring
sample_06906.jpg,0.37562657143803596,SRC_169,40.0,48.615664,N-summer
sample_06907.jpg,0.39380721511502004,SRC_108,-40.0,68.856247,N-summer
sample_06908.jpg,0.40139224048587,SRC_170,-20.0,56.332579,N-autumn
sample_06909.jpg,0.39705567368633526,SRC_093,-25.0,43.343655,N-autumn
sample_06910.jpg,0.40202362764858357,SRC_139,40.0,53.533251,N-winter
sample_06911.jpg,0.3793199507604343,SRC_108,-40.0,68.856247,N-summer
sample_06912.jpg,0.4009638672183334,SRC_171,-35.0,63.65778,N-spring
sample_06913.jpg,0.3824234683468615,SRC_013,50.0,54.051464,N-spring
sample_06914.jpg,0.5215204288839228,SRC_170,-20.0,56.332579,N-autumn
sample_06915.jpg,0.4008716184842598,SRC_089,10.0,48.442522,N-winter
sample_06916.jpg,0.40465828885544486,SRC_092,5.0,57.429528,N-autumn
sample_06917.jpg,0.5115115530210298,SRC_122,-5.0,57.310506,N-summer
sample_06918.jpg,0.404441449386072,SRC_006,-15.0,65.638079,N-spring
sample_06919.jpg,0.37054458050829603,SRC_013,50.0,54.051464,N-spring
sample_06920.jpg,0.40571913445390856,SRC_093,-25.0,43.343655,N-autumn
sample_06921.jpg,0.39822984211773094,SRC_108,-40.0,68.856247,N-summer
sample_06922.jpg,0.38603642801486904,SRC_003,0.0,38.090051,N-spring
sample_06923.jpg,0.4439682969511332,SRC_172,55.0,47.744159,N-summer
sample_06924.jpg,0.4779166467723554,SRC_014,-40.0,38.480327,N-winter
sample_06925.jpg,0.4740599527782322,SRC_107,20.0,65.68027,N-autumn
sample_06926.jpg,0.4759778482717552,SRC_101,5.0,48.479381,N-winter
sample_06927.jpg,0.3907880267687039,SRC_029,-5.0,45.485648,N-autumn
sample_06928.jpg,0.4772781190770883,SRC_143,90.0,68.916652,N-spring
sample_06929.jpg,0.4096956345749197,SRC_133,-10.0,48.887369,N-spring
sample_06930.jpg,0.3852101345123685,SRC_028,10.0,42.894848,N-spring
sample_06931.jpg,0.4769466258651914,SRC_036,5.0,52.749586,N-summer
sample_06932.jpg,0.5072160111166817,SRC_052,5.0,51.705435,N-summer
sample_06933.jpg,0.4764008763522443,SRC_099,15.0,42.024472,N-spring
sample_06934.jpg,0.39502093205008154,SRC_171,-35.0,63.65778,N-spring
sample_06935.jpg,0.4068382897677146,SRC_112,-30.0,67.516648,N-spring
sample_06936.jpg,0.40224672991480614,SRC_127,-35.0,47.507974,N-autumn
sample_06937.jpg,0.39277714069182595,SRC_084,-10.0,58.957849,N-summer
sample_06938.jpg,0.42430758518726075,SRC_032,-5.0,52.490186,N-spring
sample_06939.jpg,0.392093008286911,SRC_015,20.0,46.484204,N-summer
sample_06940.jpg,0.47662034482712146,SRC_049,5.0,42.94902,N-spring
sample_06941.jpg,0.4714817525985575,SRC_056,-40.0,74.660587,N-summer
sample_06942.jpg,0.44056784452624365,SRC_148,-15.0,49.227137,N-autumn
sample_06943.jpg,0.4347073958023918,SRC_148,-15.0,49.227137,N-autumn
sample_06944.jpg,0.5300484243154817,SRC_022,20.0,41.513642,N-spring
sample_06945.jpg,0.38923001161658644,SRC_157,40.0,44.22455,N-summer
sample_06946.jpg,0.4299279826829919,SRC_026,90.0,57.238404,N-spring
sample_06947.jpg,0.38907013455239764,SRC_037,15.0,44.468297,N-spring
sample_06948.jpg,0.40675486375809367,SRC_170,-20.0,56.332579,N-autumn
sample_06949.jpg,0.401438973491302,SRC_006,-15.0,65.638079,N-spring
sample_06950.jpg,0.40744331581032595,SRC_073,45.0,41.537171,N-spring
sample_06951.jpg,0.48990003996902287,SRC_115,25.0,41.8845,N-spring
sample_06952.jpg,0.41610014927560773,SRC_124,0.0,51.928413,N-summer
sample_06953.jpg,0.4615949244311688,SRC_051,20.0,63.609319,N-autumn
sample_06954.jpg,0.4328786073503412,SRC_104,25.0,45.102036,N-summer
sample_06955.jpg,0.3835000414378241,SRC_073,45.0,41.537171,N-spring
sample_06956.jpg,0.4068058524817045,SRC_076,25.0,63.632584,N-autumn
sample_06957.jpg,0.47978767462862226,SRC_027,35.0,41.369436,N-spring
sample_06958.jpg,0.4868316317860262,SRC_140,35.0,44.85556,N-spring
sample_06959.jpg,0.3903297587029751,SRC_074,0.0,50.25459,N-spring
sample_06960.jpg,0.40718327555814166,SRC_006,-15.0,65.638079,N-spring
sample_06961.jpg,0.3860147091137597,SRC_084,-10.0,58.957849,N-summer
sample_06962.jpg,0.4061024386467474,SRC_058,30.0,69.060883,N-autumn
sample_06963.jpg,0.48709589084448196,SRC_166,90.0,60.094207,N-spring
sample_06964.jpg,0.42691560847702625,SRC_162,-90.0,77.7898,N-winter
sample_06965.jpg,0.3946296931281716,SRC_091,-40.0,72.511342,N-summer
sample_06966.jpg,0.38732036957857907,SRC_013,50.0,54.051464,N-spring
sample_06967.jpg,0.38296402521971706,SRC_042,10.0,36.92431,N-spring
sample_06968.jpg,0.3989275269862823,SRC_082,-10.0,60.444036,N-spring
sample_06969.jpg,0.45709619172118965,SRC_026,90.0,57.238404,N-spring
sample_06970.jpg,0.43473077372025315,SRC_047,0.0,48.028677,N-spring
sample_06971.jpg,0.4354417360441901,SRC_144,-35.0,76.731052,N-spring
sample_06972.jpg,0.3989596802460028,SRC_009,-25.0,73.827745,N-spring
sample_06973.jpg,0.4784860812527925,SRC_133,-10.0,48.887369,N-spring
sample_06974.jpg,0.5063865711564315,SRC_081,-90.0,74.772433,N-autumn
sample_06975.jpg,0.473819132529491,SRC_156,10.0,48.737382,N-summer
sample_06976.jpg,0.4927624336259583,SRC_142,-30.0,34.276784,N-winter
sample_06977.jpg,0.42878504321689803,SRC_144,-35.0,76.731052,N-spring
sample_06978.jpg,0.5073039871190388,SRC_129,20.0,41.057252,N-spring
sample_06979.jpg,0.46399324537715875,SRC_051,20.0,63.609319,N-autumn
sample_06980.jpg,0.3885047258572871,SRC_103,-35.0,57.090396,N-autumn
sample_06981.jpg,0.47805904813186456,SRC_081,-90.0,74.772433,N-autumn
sample_06982.jpg,0.4262886297366535,SRC_148,-15.0,49.227137,N-autumn
sample_06983.jpg,0.3976512258502346,SRC_091,-40.0,72.511342,N-summer
sample_06984.jpg,0.4233403146040861,SRC_114,-10.0,58.176498,N-autumn
sample_06985.jpg,0.3963650893224942,SRC_076,25.0,63.632584,N-autumn
sample_06986.jpg,0.4134753389218365,SRC_040,90.0,57.651744,N-spring
sample_06987.jpg,0.47163106247114533,SRC_130,25.0,37.507656,N-spring
sample_06988.jpg,0.41601405485685616,SRC_131,10.0,60.540464,N-autumn
sample_06989.jpg,0.3991470818385905,SRC_062,45.0,81.508965,N-autumn
sample_06990.jpg,0.38859651244161164,SRC_007,20.0,49.485932,N-winter
sample_06991.jpg,0.41217848193395107,SRC_111,-35.0,79.069883,N-spring
sample_06992.jpg,0.4221846458623809,SRC_115,25.0,41.8845,N-spring
sample_06993.jpg,0.4171815002551475,SRC_131,10.0,60.540464,N-autumn
sample_06994.jpg,0.523010813368324,SRC_142,-30.0,34.276784,N-winter
sample_06995.jpg,0.3863639424529432,SRC_014,-40.0,38.480327,N-winter
sample_06996.jpg,0.5228535021614837,SRC_081,-90.0,74.772433,N-autumn
sample_06997.jpg,0.44883737707224,SRC_116,5.0,41.203028,N-spring
sample_06998.jpg,0.5183260018683722,SRC_070,60.0,58.788969,N-summer
sample_06999.jpg,0.3970527407540181,SRC_134,-30.0,69.607895,N-spring
sample_07000.jpg,0.38647486459251584,SRC_004,30.0,61.107468,N-autumn
sample_07001.jpg,0.39024499559703285,SRC_015,20.0,46.484204,N-summer
sample_07002.jpg,0.40453435813194316,SRC_091,-40.0,72.511342,N-summer
sample_07003.jpg,0.5243588198142067,SRC_054,5.0,37.41608,N-winter
sample_07004.jpg,0.45222105762218623,SRC_050,0.0,53.680047,N-summer
sample_07005.jpg,0.3961489952863504,SRC_103,-35.0,57.090396,N-autumn
sample_07006.jpg,0.3927497220889033,SRC_091,-40.0,72.511342,N-summer
sample_07007.jpg,0.49184014546726873,SRC_050,0.0,53.680047,N-summer
sample_07008.jpg,0.3991371768624553,SRC_014,-40.0,38.480327,N-winter
sample_07009.jpg,0.3966069465644789,SRC_150,10.0,50.798821,N-summer
sample_07010.jpg,0.49483560318127173,SRC_030,-25.0,67.936804,N-spring
sample_07011.jpg,0.48258101651331176,SRC_067,-15.0,64.724247,N-spring
sample_07012.jpg,0.521729081605703,SRC_074,0.0,50.25459,N-spring
sample_07013.jpg,0.39004681497846116,SRC_159,20.0,67.076816,N-autumn
sample_07014.jpg,0.45304108148740097,SRC_145,-5.0,52.15166,N-spring
sample_07015.jpg,0.39535016646894017,SRC_040,90.0,57.651744,N-spring
sample_07016.jpg,0.4102319502090991,SRC_025,-35.0,74.862823,N-summer
sample_07017.jpg,0.38413891011083345,SRC_099,15.0,42.024472,N-spring
sample_07018.jpg,0.3973265293315814,SRC_158,-5.0,35.954137,N-winter
sample_07019.jpg,0.4439914102429053,SRC_047,0.0,48.028677,N-spring
sample_07020.jpg,0.38459730158212085,SRC_042,10.0,36.92431,N-spring
sample_07021.jpg,0.40652129995358777,SRC_092,5.0,57.429528,N-autumn
sample_07022.jpg,0.4641334043776504,SRC_107,20.0,65.68027,N-autumn
sample_07023.jpg,0.47402073581290083,SRC_059,15.0,48.046698,N-summer
sample_07024.jpg,0.3984091338128987,SRC_112,-30.0,67.516648,N-spring
sample_07025.jpg,0.3951542278578814,SRC_030,-25.0,67.936804,N-spring
sample_07026.jpg,0.4101136478886936,SRC_115,25.0,41.8845,N-spring
sample_07027.jpg,0.38945533780224534,SRC_041,15.0,46.712049,N-summer
sample_07028.jpg,0.49112794010544103,SRC_069,25.0,48.120522,N-summer
sample_07029.jpg,0.39093902666206265,SRC_092,5.0,57.429528,N-autumn
sample_07030.jpg,0.3968526780608202,SRC_087,0.0,54.65824,N-summer
sample_07031.jpg,0.41342654482234203,SRC_148,-15.0,49.227137,N-autumn
sample_07032.jpg,0.3885478048825845,SRC_082,-10.0,60.444036,N-spring
sample_07033.jpg,0.4204266656088757,SRC_063,25.0,41.329237,N-spring
sample_07034.jpg,0.5212011977509625,SRC_083,0.0,55.378885,N-spring
sample_07035.jpg,0.3954644188892044,SRC_027,35.0,41.369436,N-spring
sample_07036.jpg,0.40183328023424636,SRC_066,-10.0,61.81065,N-summer
sample_07037.jpg,0.4560428310485215,SRC_142,-30.0,34.276784,N-winter
sample_07038.jpg,0.4723741837406673,SRC_080,-25.0,69.726065,N-summer
sample_07039.jpg,0.43051003550401284,SRC_108,-40.0,68.856247,N-summer
sample_07040.jpg,0.4859301232955039,SRC_100,20.0,41.506528,N-spring
sample_07041.jpg,0.4259305365537712,SRC_047,0.0,48.028677,N-spring
sample_07042.jpg,0.3836278048638409,SRC_005,0.0,55.846781,N-summer
sample_07043.jpg,0.48726417340362255,SRC_029,-5.0,45.485648,N-autumn
sample_07044.jpg,0.3986004400383605,SRC_005,0.0,55.846781,N-summer
sample_07045.jpg,0.41130920830575207,SRC_097,0.0,35.318175,N-winter
sample_07046.jpg,0.40030908503755197,SRC_009,-25.0,73.827745,N-spring
sample_07047.jpg,0.4944721056189351,SRC_023,-10.0,50.837437,N-spring
sample_07048.jpg,0.43819621459482117,SRC_028,10.0,42.894848,N-spring
sample_07049.jpg,0.39387037621650334,SRC_121,25.0,67.446292,N-autumn
sample_07050.jpg,0.4050946994449635,SRC_144,-35.0,76.731052,N-spring
sample_07051.jpg,0.47789986225653075,SRC_069,25.0,48.120522,N-summer
sample_07052.jpg,0.49720265712360223,SRC_070,60.0,58.788969,N-summer
sample_07053.jpg,0.434666224132902,SRC_144,-35.0,76.731052,N-spring
sample_07054.jpg,0.4638646356512604,SRC_140,35.0,44.85556,N-spring
sample_07055.jpg,0.42705091200752954,SRC_111,-35.0,79.069883,N-spring
sample_07056.jpg,0.37459807085381425,SRC_108,-40.0,68.856247,N-summer
sample_07057.jpg,0.38704663128853267,SRC_126,-20.0,68.779144,N-summer
sample_07058.jpg,0.47499344473300475,SRC_146,10.0,58.0428,N-summer
sample_07059.jpg,0.4384956545781362,SRC_099,15.0,42.024472,N-spring
sample_07060.jpg,0.4224189153592488,SRC_115,25.0,41.8845,N-spring
sample_07061.jpg,0.4560373017618623,SRC_135,5.0,41.328761,N-winter
sample_07062.jpg,0.4402877196100888,SRC_091,-40.0,72.511342,N-summer
sample_07063.jpg,0.4428730517779823,SRC_144,-35.0,76.731052,N-spring
sample_07064.jpg,0.43851761657207955,SRC_032,-5.0,52.490186,N-spring
sample_07065.jpg,0.40943037702654284,SRC_112,-30.0,67.516648,N-spring
sample_07066.jpg,0.37379072629467425,SRC_023,-10.0,50.837437,N-spring
sample_07067.jpg,0.5112115645925254,SRC_158,-5.0,35.954137,N-winter
sample_07068.jpg,0.5012315972483542,SRC_127,-35.0,47.507974,N-autumn
sample_07069.jpg,0.3949312243473777,SRC_108,-40.0,68.856247,N-summer
sample_07070.jpg,0.4725035223686815,SRC_124,0.0,51.928413,N-summer
sample_07071.jpg,0.43075489811557127,SRC_009,-25.0,73.827745,N-spring
sample_07072.jpg,0.491333888381018,SRC_112,-30.0,67.516648,N-spring
sample_07073.jpg,0.4085272108767331,SRC_091,-40.0,72.511342,N-summer
sample_07074.jpg,0.3801608742055202,SRC_127,-35.0,47.507974,N-autumn
sample_07075.jpg,0.3859514147113846,SRC_063,25.0,41.329237,N-spring
sample_07076.jpg,0.5177897352267601,SRC_168,90.0,64.709631,N-summer
sample_07077.jpg,0.38696913042488257,SRC_035,0.0,56.990187,N-autumn
sample_07078.jpg,0.38922674408321944,SRC_109,50.0,54.137665,N-summer
sample_07079.jpg,0.416017518854479,SRC_089,10.0,48.442522,N-winter
sample_07080.jpg,0.4414371495818992,SRC_030,-25.0,67.936804,N-spring
sample_07081.jpg,0.39488085311938576,SRC_121,25.0,67.446292,N-autumn
sample_07082.jpg,0.5137958080491931,SRC_126,-20.0,68.779144,N-summer
sample_07083.jpg,0.3907645250677762,SRC_030,-25.0,67.936804,N-spring
sample_07084.jpg,0.5201972667410161,SRC_168,90.0,64.709631,N-summer
sample_07085.jpg,0.3902615276534406,SRC_091,-40.0,72.511342,N-summer
sample_07086.jpg,0.42114627389229725,SRC_046,0.0,58.061031,N-autumn
sample_07087.jpg,0.4038554812972894,SRC_143,90.0,68.916652,N-spring
sample_07088.jpg,0.38112589079566356,SRC_099,15.0,42.024472,N-spring
sample_07089.jpg,0.4528960645165941,SRC_168,90.0,64.709631,N-summer
sample_07090.jpg,0.40201784556344017,SRC_165,10.0,42.451267,N-winter
sample_07091.jpg,0.39696261663041943,SRC_153,-40.0,43.960452,N-autumn
sample_07092.jpg,0.45610792100262765,SRC_047,0.0,48.028677,N-spring
sample_07093.jpg,0.4168195300249815,SRC_122,-5.0,57.310506,N-summer
sample_07094.jpg,0.482140710868042,SRC_126,-20.0,68.779144,N-summer
sample_07095.jpg,0.4062914564841046,SRC_076,25.0,63.632584,N-autumn
sample_07096.jpg,0.39179575204384803,SRC_009,-25.0,73.827745,N-spring
sample_07097.jpg,0.416765651277858,SRC_139,40.0,53.533251,N-winter
sample_07098.jpg,0.4184041884924268,SRC_146,10.0,58.0428,N-summer
sample_07099.jpg,0.39282743665934106,SRC_108,-40.0,68.856247,N-summer
sample_07100.jpg,0.40614265279898865,SRC_146,10.0,58.0428,N-summer
sample_07101.jpg,0.3833087890650433,SRC_091,-40.0,72.511342,N-summer
sample_07102.jpg,0.521740731480433,SRC_027,35.0,41.369436,N-spring
sample_07103.jpg,0.4333070406800232,SRC_148,-15.0,49.227137,N-autumn
sample_07104.jpg,0.390120652482998,SRC_171,-35.0,63.65778,N-spring
sample_07105.jpg,0.4091139250319139,SRC_022,20.0,41.513642,N-spring
sample_07106.jpg,0.38891779191818615,SRC_037,15.0,44.468297,N-spring
sample_07107.jpg,0.3977380488076154,SRC_009,-25.0,73.827745,N-spring
sample_07108.jpg,0.3936217493331558,SRC_053,-90.0,74.406575,N-winter
sample_07109.jpg,0.38742630774337056,SRC_009,-25.0,73.827745,N-spring
sample_07110.jpg,0.5027017985421798,SRC_096,25.0,40.422288,N-spring
sample_07111.jpg,0.4064763236693903,SRC_030,-25.0,67.936804,N-spring
sample_07112.jpg,0.39011679806796956,SRC_158,-5.0,35.954137,N-winter
sample_07113.jpg,0.4128635767430149,SRC_153,-40.0,43.960452,N-autumn
sample_07114.jpg,0.3996852625368972,SRC_085,0.0,39.187341,N-spring
sample_07115.jpg,0.45368162395928957,SRC_061,50.0,43.110277,N-spring
sample_07116.jpg,0.4128207745801319,SRC_040,90.0,57.651744,N-spring
sample_07117.jpg,0.447050703322844,SRC_145,-5.0,52.15166,N-spring
sample_07118.jpg,0.3900757643982226,SRC_082,-10.0,60.444036,N-spring
sample_07119.jpg,0.41486067414294653,SRC_013,50.0,54.051464,N-spring
sample_07120.jpg,0.3824148304138309,SRC_004,30.0,61.107468,N-autumn
sample_07121.jpg,0.4392230135937166,SRC_144,-35.0,76.731052,N-spring
sample_07122.jpg,0.3813709981979817,SRC_013,50.0,54.051464,N-spring
sample_07123.jpg,0.40140143712757786,SRC_009,-25.0,73.827745,N-spring
sample_07124.jpg,0.40465711419373773,SRC_048,-25.0,61.920556,N-autumn
sample_07125.jpg,0.4359010166983482,SRC_011,-20.0,70.371153,N-summer
sample_07126.jpg,0.4070570296799052,SRC_103,-35.0,57.090396,N-autumn
sample_07127.jpg,0.38562256914691917,SRC_042,10.0,36.92431,N-spring
sample_07128.jpg,0.42641287195688615,SRC_076,25.0,63.632584,N-autumn
sample_07129.jpg,0.4013430689447472,SRC_040,90.0,57.651744,N-spring
sample_07130.jpg,0.40704452768558685,SRC_042,10.0,36.92431,N-spring
sample_07131.jpg,0.3806826424815818,SRC_004,30.0,61.107468,N-autumn
sample_07132.jpg,0.38471283622610797,SRC_140,35.0,44.85556,N-spring
sample_07133.jpg,0.3876116492104492,SRC_051,20.0,63.609319,N-autumn
sample_07134.jpg,0.3999893264364376,SRC_011,-20.0,70.371153,N-summer
sample_07135.jpg,0.4211425995587084,SRC_146,10.0,58.0428,N-summer
sample_07136.jpg,0.3788228336411772,SRC_099,15.0,42.024472,N-spring
sample_07137.jpg,0.5079716063891573,SRC_075,-90.0,65.329336,N-winter
sample_07138.jpg,0.4255286014555607,SRC_115,25.0,41.8845,N-spring
sample_07139.jpg,0.4007178232341405,SRC_103,-35.0,57.090396,N-autumn
sample_07140.jpg,0.4365289178374402,SRC_013,50.0,54.051464,N-spring
sample_07141.jpg,0.40706542623924297,SRC_108,-40.0,68.856247,N-summer
sample_07142.jpg,0.41151586391722333,SRC_121,25.0,67.446292,N-autumn
sample_07143.jpg,0.4130739633474523,SRC_115,25.0,41.8845,N-spring
sample_07144.jpg,0.387004407669375,SRC_009,-25.0,73.827745,N-spring
sample_07145.jpg,0.5077415946581665,SRC_102,-10.0,52.255853,N-spring
sample_07146.jpg,0.3915363231705305,SRC_093,-25.0,43.343655,N-autumn
sample_07147.jpg,0.4974903869697468,SRC_130,25.0,37.507656,N-spring
sample_07148.jpg,0.41103086989108056,SRC_074,0.0,50.25459,N-spring
sample_07149.jpg,0.39797360040547264,SRC_163,0.0,39.987447,N-winter
sample_07150.jpg,0.48237661709788215,SRC_028,10.0,42.894848,N-spring
sample_07151.jpg,0.4002110265725377,SRC_104,25.0,45.102036,N-summer
sample_07152.jpg,0.39863180758248296,SRC_100,20.0,41.506528,N-spring
sample_07153.jpg,0.4225515543607242,SRC_067,-15.0,64.724247,N-spring
sample_07154.jpg,0.43296842319669704,SRC_106,25.0,40.638999,N-spring
sample_07155.jpg,0.39849202090658364,SRC_103,-35.0,57.090396,N-autumn
sample_07156.jpg,0.49365764475677854,SRC_108,-40.0,68.856247,N-summer
sample_07157.jpg,0.3950399050538536,SRC_150,10.0,50.798821,N-summer
sample_07158.jpg,0.4026148304389091,SRC_042,10.0,36.92431,N-spring
sample_07159.jpg,0.38556324734613845,SRC_006,-15.0,65.638079,N-spring
sample_07160.jpg,0.3946505097343363,SRC_171,-35.0,63.65778,N-spring
sample_07161.jpg,0.39903864373087644,SRC_139,40.0,53.533251,N-winter
sample_07162.jpg,0.4248531327945303,SRC_047,0.0,48.028677,N-spring
sample_07163.jpg,0.395854553669763,SRC_062,45.0,81.508965,N-autumn
sample_07164.jpg,0.43188365036589343,SRC_125,-5.0,52.428603,N-spring
sample_07165.jpg,0.4588872810902048,SRC_051,20.0,63.609319,N-autumn
sample_07166.jpg,0.3813896083406962,SRC_093,-25.0,43.343655,N-autumn
sample_07167.jpg,0.507942346914807,SRC_049,5.0,42.94902,N-spring
sample_07168.jpg,0.5283686068481301,SRC_106,25.0,40.638999,N-spring
sample_07169.jpg,0.441105230981871,SRC_050,0.0,53.680047,N-summer
sample_07170.jpg,0.4715742821100771,SRC_039,90.0,70.63275,N-summer
sample_07171.jpg,0.4321768855829363,SRC_020,35.0,42.075965,N-summer
sample_07172.jpg,0.5191412149585867,SRC_104,25.0,45.102036,N-summer
sample_07173.jpg,0.3835205863839648,SRC_082,-10.0,60.444036,N-spring
sample_07174.jpg,0.3893676158542504,SRC_113,-35.0,36.668707,N-winter
sample_07175.jpg,0.40103583881270977,SRC_170,-20.0,56.332579,N-autumn
sample_07176.jpg,0.3775741798503748,SRC_146,10.0,58.0428,N-summer
sample_07177.jpg,0.4341738998564056,SRC_115,25.0,41.8845,N-spring
sample_07178.jpg,0.3866862146229567,SRC_087,0.0,54.65824,N-summer
sample_07179.jpg,0.5283547908554006,SRC_050,0.0,53.680047,N-summer
sample_07180.jpg,0.45986241994815097,SRC_022,20.0,41.513642,N-spring
sample_07181.jpg,0.40440541504463273,SRC_092,5.0,57.429528,N-autumn
sample_07182.jpg,0.38960340061812315,SRC_004,30.0,61.107468,N-autumn
sample_07183.jpg,0.3948244078862985,SRC_068,0.0,56.216196,N-summer
sample_07184.jpg,0.47314163231523726,SRC_041,15.0,46.712049,N-summer
sample_07185.jpg,0.43729616817029493,SRC_013,50.0,54.051464,N-spring
sample_07186.jpg,0.4094126866588249,SRC_017,-90.0,64.6979,N-winter
sample_07187.jpg,0.4038610691250488,SRC_061,50.0,43.110277,N-spring
sample_07188.jpg,0.4232411544990005,SRC_050,0.0,53.680047,N-summer
sample_07189.jpg,0.4973763358118498,SRC_011,-20.0,70.371153,N-summer
sample_07190.jpg,0.37896906986504797,SRC_153,-40.0,43.960452,N-autumn
sample_07191.jpg,0.48899710004881713,SRC_040,90.0,57.651744,N-spring
sample_07192.jpg,0.40301629826176155,SRC_003,0.0,38.090051,N-spring
sample_07193.jpg,0.3883167883858416,SRC_100,20.0,41.506528,N-spring
sample_07194.jpg,0.5094589191349828,SRC_007,20.0,49.485932,N-winter
sample_07195.jpg,0.5037934598229583,SRC_021,-90.0,68.040851,N-autumn
sample_07196.jpg,0.39532965689116156,SRC_146,10.0,58.0428,N-summer
sample_07197.jpg,0.5181567909436395,SRC_084,-10.0,58.957849,N-summer
sample_07198.jpg,0.3928574719147066,SRC_134,-30.0,69.607895,N-spring
sample_07199.jpg,0.39081690761704657,SRC_109,50.0,54.137665,N-summer
sample_07200.jpg,0.44174966713001834,SRC_091,-40.0,72.511342,N-summer
sample_07201.jpg,0.4017614218424292,SRC_066,-10.0,61.81065,N-summer
sample_07202.jpg,0.37964755566363106,SRC_100,20.0,41.506528,N-spring
sample_07203.jpg,0.4035398618973488,SRC_036,5.0,52.749586,N-summer
sample_07204.jpg,0.41022344362332924,SRC_115,25.0,41.8845,N-spring
sample_07205.jpg,0.49914338320189466,SRC_131,10.0,60.540464,N-autumn
sample_07206.jpg,0.3983248057638005,SRC_051,20.0,63.609319,N-autumn
sample_07207.jpg,0.4282359196500223,SRC_052,5.0,51.705435,N-summer
sample_07208.jpg,0.4792187234258002,SRC_027,35.0,41.369436,N-spring
sample_07209.jpg,0.38514622265001897,SRC_046,0.0,58.061031,N-autumn
sample_07210.jpg,0.47718299771677586,SRC_111,-35.0,79.069883,N-spring
sample_07211.jpg,0.46822874827681876,SRC_111,-35.0,79.069883,N-spring
sample_07212.jpg,0.44670265621455324,SRC_115,25.0,41.8845,N-spring
sample_07213.jpg,0.42175517411818547,SRC_165,10.0,42.451267,N-winter
sample_07214.jpg,0.39574667106822153,SRC_076,25.0,63.632584,N-autumn
sample_07215.jpg,0.4297284423267905,SRC_063,25.0,41.329237,N-spring
sample_07216.jpg,0.4733816671543531,SRC_168,90.0,64.709631,N-summer
sample_07217.jpg,0.39385464591325825,SRC_096,25.0,40.422288,N-spring
sample_07218.jpg,0.43966038294740273,SRC_088,0.0,53.004483,N-summer
sample_07219.jpg,0.39549513074218395,SRC_040,90.0,57.651744,N-spring
sample_07220.jpg,0.408541242960235,SRC_115,25.0,41.8845,N-spring
sample_07221.jpg,0.40555037651530784,SRC_103,-35.0,57.090396,N-autumn
sample_07222.jpg,0.47760656366463483,SRC_093,-25.0,43.343655,N-autumn
sample_07223.jpg,0.4726439457549837,SRC_111,-35.0,79.069883,N-spring
sample_07224.jpg,0.39955820783450335,SRC_103,-35.0,57.090396,N-autumn
sample_07225.jpg,0.4024426742345192,SRC_040,90.0,57.651744,N-spring
sample_07226.jpg,0.38733946932465535,SRC_027,35.0,41.369436,N-spring
sample_07227.jpg,0.39486260571871556,SRC_006,-15.0,65.638079,N-spring
sample_07228.jpg,0.5214078085652758,SRC_093,-25.0,43.343655,N-autumn
sample_07229.jpg,0.4835991712733773,SRC_006,-15.0,65.638079,N-spring
sample_07230.jpg,0.41206617992256145,SRC_095,-20.0,56.495654,N-spring
sample_07231.jpg,0.5158183038425584,SRC_106,25.0,40.638999,N-spring
sample_07232.jpg,0.3910091742305215,SRC_108,-40.0,68.856247,N-summer
sample_07233.jpg,0.3845920637013933,SRC_091,-40.0,72.511342,N-summer
sample_07234.jpg,0.4540562625849807,SRC_106,25.0,40.638999,N-spring
sample_07235.jpg,0.3807172492533408,SRC_114,-10.0,58.176498,N-autumn
sample_07236.jpg,0.39114077924485546,SRC_069,25.0,48.120522,N-summer
sample_07237.jpg,0.4230400418114847,SRC_071,20.0,40.070501,N-spring
sample_07238.jpg,0.41536361040510517,SRC_108,-40.0,68.856247,N-summer
sample_07239.jpg,0.40929894024311303,SRC_158,-5.0,35.954137,N-winter
sample_07240.jpg,0.44433417876929926,SRC_097,0.0,35.318175,N-winter
sample_07241.jpg,0.42695875180956905,SRC_115,25.0,41.8845,N-spring
sample_07242.jpg,0.49222947107018145,SRC_082,-10.0,60.444036,N-spring
sample_07243.jpg,0.4044589446188317,SRC_124,0.0,51.928413,N-summer
sample_07244.jpg,0.4003447072519461,SRC_018,-90.0,67.882485,N-winter
sample_07245.jpg,0.40097315071589906,SRC_009,-25.0,73.827745,N-spring
sample_07246.jpg,0.4592347755249939,SRC_065,30.0,68.700871,N-winter
sample_07247.jpg,0.3814118202643507,SRC_041,15.0,46.712049,N-summer
sample_07248.jpg,0.422441986745626,SRC_170,-20.0,56.332579,N-autumn
sample_07249.jpg,0.38177855757991075,SRC_037,15.0,44.468297,N-spring
sample_07250.jpg,0.4213219054272222,SRC_102,-10.0,52.255853,N-spring
sample_07251.jpg,0.39805368860240564,SRC_112,-30.0,67.516648,N-spring
sample_07252.jpg,0.4274503282626451,SRC_150,10.0,50.798821,N-summer
sample_07253.jpg,0.39199241364105636,SRC_011,-20.0,70.371153,N-summer
sample_07254.jpg,0.4459084674129186,SRC_070,60.0,58.788969,N-summer
sample_07255.jpg,0.501922392090708,SRC_115,25.0,41.8845,N-spring
sample_07256.jpg,0.5077493903270787,SRC_058,30.0,69.060883,N-autumn
sample_07257.jpg,0.5080211072136953,SRC_075,-90.0,65.329336,N-winter
sample_07258.jpg,0.38494049994260476,SRC_103,-35.0,57.090396,N-autumn
sample_07259.jpg,0.47082595823722045,SRC_126,-20.0,68.779144,N-summer
sample_07260.jpg,0.3967910628190489,SRC_121,25.0,67.446292,N-autumn
sample_07261.jpg,0.5012837447740001,SRC_011,-20.0,70.371153,N-summer
sample_07262.jpg,0.3880052086325473,SRC_030,-25.0,67.936804,N-spring
sample_07263.jpg,0.4392856300434446,SRC_139,40.0,53.533251,N-winter
sample_07264.jpg,0.3718199445509986,SRC_140,35.0,44.85556,N-spring
sample_07265.jpg,0.39377739623912356,SRC_109,50.0,54.137665,N-summer
sample_07266.jpg,0.48912154797538915,SRC_076,25.0,63.632584,N-autumn
sample_07267.jpg,0.4816718026338232,SRC_013,50.0,54.051464,N-spring
sample_07268.jpg,0.4005955225692227,SRC_112,-30.0,67.516648,N-spring
sample_07269.jpg,0.39885073177195085,SRC_011,-20.0,70.371153,N-summer
sample_07270.jpg,0.39685479958222586,SRC_150,10.0,50.798821,N-summer
sample_07271.jpg,0.4236277324920133,SRC_037,15.0,44.468297,N-spring
sample_07272.jpg,0.39344652055723367,SRC_091,-40.0,72.511342,N-summer
sample_07273.jpg,0.4835950346191996,SRC_139,40.0,53.533251,N-winter
sample_07274.jpg,0.3907967061099884,SRC_041,15.0,46.712049,N-summer
sample_07275.jpg,0.40320360837663294,SRC_042,10.0,36.92431,N-spring
sample_07276.jpg,0.5236432440859614,SRC_076,25.0,63.632584,N-autumn
sample_07277.jpg,0.3814748069027533,SRC_013,50.0,54.051464,N-spring
sample_07278.jpg,0.4572875669240757,SRC_074,0.0,50.25459,N-spring
sample_07279.jpg,0.3925488847176891,SRC_106,25.0,40.638999,N-spring
sample_07280.jpg,0.4042740624976037,SRC_052,5.0,51.705435,N-summer
sample_07281.jpg,0.4004414158954449,SRC_103,-35.0,57.090396,N-autumn
sample_07282.jpg,0.3757281253201482,SRC_041,15.0,46.712049,N-summer
sample_07283.jpg,0.38045452712458405,SRC_108,-40.0,68.856247,N-summer
sample_07284.jpg,0.4870791384650106,SRC_061,50.0,43.110277,N-spring
sample_07285.jpg,0.39582322414868987,SRC_021,-90.0,68.040851,N-autumn
sample_07286.jpg,0.38611400208928737,SRC_015,20.0,46.484204,N-summer
sample_07287.jpg,0.4682372320028899,SRC_140,35.0,44.85556,N-spring
sample_07288.jpg,0.45443348848056386,SRC_101,5.0,48.479381,N-winter
sample_07289.jpg,0.4112034199327491,SRC_056,-40.0,74.660587,N-summer
sample_07290.jpg,0.38317412848060695,SRC_157,40.0,44.22455,N-summer
sample_07291.jpg,0.4347348362573113,SRC_026,90.0,57.238404,N-spring
sample_07292.jpg,0.4494590969009069,SRC_091,-40.0,72.511342,N-summer
sample_07293.jpg,0.42539858347313003,SRC_012,-90.0,85.677016,N-autumn
sample_07294.jpg,0.511891045781755,SRC_035,0.0,56.990187,N-autumn
sample_07295.jpg,0.3828326450435773,SRC_006,-15.0,65.638079,N-spring
sample_07296.jpg,0.39272102508682155,SRC_093,-25.0,43.343655,N-autumn
sample_07297.jpg,0.42198352180969423,SRC_097,0.0,35.318175,N-winter
sample_07298.jpg,0.48997692242698915,SRC_103,-35.0,57.090396,N-autumn
sample_07299.jpg,0.48834295560595553,SRC_094,20.0,66.934532,N-autumn
sample_07300.jpg,0.5015214894689534,SRC_051,20.0,63.609319,N-autumn
sample_07301.jpg,0.4701801070214711,SRC_051,20.0,63.609319,N-autumn
sample_07302.jpg,0.3938085572480741,SRC_005,0.0,55.846781,N-summer
sample_07303.jpg,0.3991745499703912,SRC_150,10.0,50.798821,N-summer
sample_07304.jpg,0.4478539530666394,SRC_108,-40.0,68.856247,N-summer
sample_07305.jpg,0.42650794958027316,SRC_115,25.0,41.8845,N-spring
sample_07306.jpg,0.38817475497755916,SRC_099,15.0,42.024472,N-spring
sample_07307.jpg,0.421978074587497,SRC_023,-10.0,50.837437,N-spring
sample_07308.jpg,0.39171517092991326,SRC_126,-20.0,68.779144,N-summer
sample_07309.jpg,0.41872257863625106,SRC_133,-10.0,48.887369,N-spring
sample_07310.jpg,0.39118678058588396,SRC_093,-25.0,43.343655,N-autumn
sample_07311.jpg,0.3899408528981961,SRC_043,10.0,50.433279,N-summer
sample_07312.jpg,0.5009194934024539,SRC_091,-40.0,72.511342,N-summer
sample_07313.jpg,0.41750362613253333,SRC_164,20.0,59.226879,N-autumn
sample_07314.jpg,0.3843433849790713,SRC_011,-20.0,70.371153,N-summer
sample_07315.jpg,0.3853028031762758,SRC_121,25.0,67.446292,N-autumn
sample_07316.jpg,0.5062250910839767,SRC_037,15.0,44.468297,N-spring
sample_07317.jpg,0.3828955476579903,SRC_074,0.0,50.25459,N-spring
sample_07318.jpg,0.42793226484657565,SRC_101,5.0,48.479381,N-winter
sample_07319.jpg,0.48835621020360065,SRC_114,-10.0,58.176498,N-autumn
sample_07320.jpg,0.4742223461250158,SRC_086,15.0,43.648742,N-summer
sample_07321.jpg,0.38230802036715766,SRC_091,-40.0,72.511342,N-summer
sample_07322.jpg,0.39603721179129014,SRC_109,50.0,54.137665,N-summer
sample_07323.jpg,0.42978752527905445,SRC_097,0.0,35.318175,N-winter
sample_07324.jpg,0.3799711130070651,SRC_083,0.0,55.378885,N-spring
sample_07325.jpg,0.4302860384045351,SRC_026,90.0,57.238404,N-spring
sample_07326.jpg,0.43524704196832814,SRC_114,-10.0,58.176498,N-autumn
sample_07327.jpg,0.4438242450732856,SRC_103,-35.0,57.090396,N-autumn
sample_07328.jpg,0.4656122481684589,SRC_168,90.0,64.709631,N-summer
sample_07329.jpg,0.40656961780979567,SRC_009,-25.0,73.827745,N-spring
sample_07330.jpg,0.3970016794452868,SRC_151,-15.0,63.408071,N-summer
sample_07331.jpg,0.40066430399150105,SRC_067,-15.0,64.724247,N-spring
sample_07332.jpg,0.482741339427814,SRC_097,0.0,35.318175,N-winter
sample_07333.jpg,0.47023707120343516,SRC_106,25.0,40.638999,N-spring
sample_07334.jpg,0.403467066680588,SRC_092,5.0,57.429528,N-autumn
sample_07335.jpg,0.3937841139733922,SRC_041,15.0,46.712049,N-summer
sample_07336.jpg,0.40875523400066677,SRC_020,35.0,42.075965,N-summer
sample_07337.jpg,0.43528345748088365,SRC_116,5.0,41.203028,N-spring
sample_07338.jpg,0.4507886512488347,SRC_049,5.0,42.94902,N-spring
sample_07339.jpg,0.39176552893880445,SRC_014,-40.0,38.480327,N-winter
sample_07340.jpg,0.4608924281952622,SRC_125,-5.0,52.428603,N-spring
sample_07341.jpg,0.44942147750834727,SRC_006,-15.0,65.638079,N-spring
sample_07342.jpg,0.4132376928350149,SRC_123,0.0,54.598149,N-autumn
sample_07343.jpg,0.3871642549856172,SRC_109,50.0,54.137665,N-summer
sample_07344.jpg,0.4084738051602943,SRC_061,50.0,43.110277,N-spring
sample_07345.jpg,0.37586191175933453,SRC_042,10.0,36.92431,N-spring
sample_07346.jpg,0.38638975714671187,SRC_021,-90.0,68.040851,N-autumn
sample_07347.jpg,0.38434779942969144,SRC_009,-25.0,73.827745,N-spring
sample_07348.jpg,0.4111413230355236,SRC_145,-5.0,52.15166,N-spring
sample_07349.jpg,0.4032921601441359,SRC_042,10.0,36.92431,N-spring
sample_07350.jpg,0.4231440954386258,SRC_103,-35.0,57.090396,N-autumn
sample_07351.jpg,0.403473383835001,SRC_088,0.0,53.004483,N-summer
sample_07352.jpg,0.41872939535249837,SRC_067,-15.0,64.724247,N-spring
sample_07353.jpg,0.38756786905380397,SRC_108,-40.0,68.856247,N-summer
sample_07354.jpg,0.4683795279264853,SRC_069,25.0,48.120522,N-summer
sample_07355.jpg,0.4630059285265055,SRC_119,90.0,58.642683,N-spring
sample_07356.jpg,0.511252851894213,SRC_038,-15.0,32.097448,N-winter
sample_07357.jpg,0.40536933645926077,SRC_009,-25.0,73.827745,N-spring
sample_07358.jpg,0.4022596515920124,SRC_108,-40.0,68.856247,N-summer
sample_07359.jpg,0.4106844280382206,SRC_067,-15.0,64.724247,N-spring
sample_07360.jpg,0.3948604947774149,SRC_158,-5.0,35.954137,N-winter
sample_07361.jpg,0.5023507740588392,SRC_064,90.0,60.573524,N-spring
sample_07362.jpg,0.40426354685490773,SRC_133,-10.0,48.887369,N-spring
sample_07363.jpg,0.48176337318536644,SRC_108,-40.0,68.856247,N-summer
sample_07364.jpg,0.39563738141990085,SRC_096,25.0,40.422288,N-spring
sample_07365.jpg,0.38259190497729584,SRC_041,15.0,46.712049,N-summer
sample_07366.jpg,0.39255852556612847,SRC_171,-35.0,63.65778,N-spring
sample_07367.jpg,0.43118059059370617,SRC_144,-35.0,76.731052,N-spring
sample_07368.jpg,0.44048271539041883,SRC_091,-40.0,72.511342,N-summer
sample_07369.jpg,0.37171133659387745,SRC_090,50.0,47.196626,N-summer
sample_07370.jpg,0.3916003895891934,SRC_091,-40.0,72.511342,N-summer
sample_07371.jpg,0.4251281652164778,SRC_059,15.0,48.046698,N-summer
sample_07372.jpg,0.3938375788147173,SRC_011,-20.0,70.371153,N-summer
sample_07373.jpg,0.4800511888051056,SRC_169,40.0,48.615664,N-summer
sample_07374.jpg,0.5281929124171756,SRC_129,20.0,41.057252,N-spring
sample_07375.jpg,0.4742958409733178,SRC_028,10.0,42.894848,N-spring
sample_07376.jpg,0.49729420594947704,SRC_022,20.0,41.513642,N-spring
sample_07377.jpg,0.38295414500798597,SRC_124,0.0,51.928413,N-summer
sample_07378.jpg,0.3820294258659448,SRC_030,-25.0,67.936804,N-spring
sample_07379.jpg,0.40043973648243547,SRC_158,-5.0,35.954137,N-winter
sample_07380.jpg,0.38592863138920785,SRC_041,15.0,46.712049,N-summer
sample_07381.jpg,0.4879789057261358,SRC_045,-90.0,70.559818,N-autumn
sample_07382.jpg,0.37795287575484976,SRC_030,-25.0,67.936804,N-spring
sample_07383.jpg,0.3796647716886731,SRC_082,-10.0,60.444036,N-spring
sample_07384.jpg,0.3869553950598941,SRC_094,20.0,66.934532,N-autumn
sample_07385.jpg,0.37897574637602155,SRC_004,30.0,61.107468,N-autumn
sample_07386.jpg,0.3907744119036399,SRC_159,20.0,67.076816,N-autumn
sample_07387.jpg,0.3932914558128643,SRC_014,-40.0,38.480327,N-winter
sample_07388.jpg,0.3951176769653867,SRC_040,90.0,57.651744,N-spring
sample_07389.jpg,0.3971356739016151,SRC_040,90.0,57.651744,N-spring
sample_07390.jpg,0.39418565150371376,SRC_171,-35.0,63.65778,N-spring
sample_07391.jpg,0.5087061237076316,SRC_038,-15.0,32.097448,N-winter
sample_07392.jpg,0.45618332253327304,SRC_095,-20.0,56.495654,N-spring
sample_07393.jpg,0.3936327689186358,SRC_096,25.0,40.422288,N-spring
sample_07394.jpg,0.3904666561670981,SRC_158,-5.0,35.954137,N-winter
sample_07395.jpg,0.47852649649115175,SRC_131,10.0,60.540464,N-autumn
sample_07396.jpg,0.4382242685848568,SRC_126,-20.0,68.779144,N-summer
sample_07397.jpg,0.4926499806933598,SRC_157,40.0,44.22455,N-summer
sample_07398.jpg,0.3978860741835185,SRC_084,-10.0,58.957849,N-summer
sample_07399.jpg,0.3891782244078152,SRC_041,15.0,46.712049,N-summer
sample_07400.jpg,0.38710289307981105,SRC_157,40.0,44.22455,N-summer
sample_07401.jpg,0.38232105090822344,SRC_098,-45.0,70.730178,N-summer
sample_07402.jpg,0.43502103272331727,SRC_142,-30.0,34.276784,N-winter
sample_07403.jpg,0.4597631408366582,SRC_111,-35.0,79.069883,N-spring
sample_07404.jpg,0.404031826831755,SRC_013,50.0,54.051464,N-spring
sample_07405.jpg,0.3943277051008859,SRC_013,50.0,54.051464,N-spring
sample_07406.jpg,0.39812073570054635,SRC_034,40.0,46.055099,N-summer
sample_07407.jpg,0.5074458622042494,SRC_011,-20.0,70.371153,N-summer
sample_07408.jpg,0.390142700761186,SRC_056,-40.0,74.660587,N-summer
sample_07409.jpg,0.46756086368712396,SRC_168,90.0,64.709631,N-summer
sample_07410.jpg,0.37923003830021146,SRC_140,35.0,44.85556,N-spring
sample_07411.jpg,0.39910292719556106,SRC_121,25.0,67.446292,N-autumn
sample_07412.jpg,0.38059921759003135,SRC_016,10.0,55.552023,N-winter
sample_07413.jpg,0.5112636824434069,SRC_049,5.0,42.94902,N-spring
sample_07414.jpg,0.4951713996777375,SRC_112,-30.0,67.516648,N-spring
sample_07415.jpg,0.42234935246854344,SRC_005,0.0,55.846781,N-summer
sample_07416.jpg,0.5043307199176864,SRC_065,30.0,68.700871,N-winter
sample_07417.jpg,0.3845277802119198,SRC_121,25.0,67.446292,N-autumn
sample_07418.jpg,0.49657155093368666,SRC_038,-15.0,32.097448,N-winter
sample_07419.jpg,0.3869579718708285,SRC_076,25.0,63.632584,N-autumn
sample_07420.jpg,0.48307383607337906,SRC_142,-30.0,34.276784,N-winter
sample_07421.jpg,0.4058948472419952,SRC_005,0.0,55.846781,N-summer
sample_07422.jpg,0.43651575638298945,SRC_105,90.0,71.333916,N-summer
sample_07423.jpg,0.5142182664238895,SRC_041,15.0,46.712049,N-summer
sample_07424.jpg,0.4799793775535523,SRC_077,-5.0,34.299081,N-winter
sample_07425.jpg,0.382100822821204,SRC_051,20.0,63.609319,N-autumn
sample_07426.jpg,0.39563759664028664,SRC_089,10.0,48.442522,N-winter
sample_07427.jpg,0.390088440813029,SRC_037,15.0,44.468297,N-spring
sample_07428.jpg,0.48519972462948147,SRC_166,90.0,60.094207,N-spring
sample_07429.jpg,0.3849436382307543,SRC_121,25.0,67.446292,N-autumn
sample_07430.jpg,0.5252834979360947,SRC_027,35.0,41.369436,N-spring
sample_07431.jpg,0.4877817129331813,SRC_114,-10.0,58.176498,N-autumn
sample_07432.jpg,0.41490137707159674,SRC_123,0.0,54.598149,N-autumn
sample_07433.jpg,0.4974787337248273,SRC_076,25.0,63.632584,N-autumn
sample_07434.jpg,0.3971531178646047,SRC_126,-20.0,68.779144,N-summer
sample_07435.jpg,0.5162855117645793,SRC_156,10.0,48.737382,N-summer
sample_07436.jpg,0.43360942232405186,SRC_111,-35.0,79.069883,N-spring
sample_07437.jpg,0.39615129370070123,SRC_099,15.0,42.024472,N-spring
sample_07438.jpg,0.38107954522454984,SRC_030,-25.0,67.936804,N-spring
sample_07439.jpg,0.38905651106571504,SRC_018,-90.0,67.882485,N-winter
sample_07440.jpg,0.4123449278576133,SRC_071,20.0,40.070501,N-spring
sample_07441.jpg,0.40715014297533286,SRC_170,-20.0,56.332579,N-autumn
sample_07442.jpg,0.5057906844977742,SRC_069,25.0,48.120522,N-summer
sample_07443.jpg,0.37626268529287027,SRC_157,40.0,44.22455,N-summer
sample_07444.jpg,0.41482536207250875,SRC_091,-40.0,72.511342,N-summer
sample_07445.jpg,0.422384810990875,SRC_069,25.0,48.120522,N-summer
sample_07446.jpg,0.3994385343750403,SRC_158,-5.0,35.954137,N-winter
sample_07447.jpg,0.39081473658279464,SRC_108,-40.0,68.856247,N-summer
sample_07448.jpg,0.3972092831039705,SRC_134,-30.0,69.607895,N-spring
sample_07449.jpg,0.40295496808903064,SRC_158,-5.0,35.954137,N-winter
sample_07450.jpg,0.3983106115874425,SRC_158,-5.0,35.954137,N-winter
sample_07451.jpg,0.3996095877329492,SRC_056,-40.0,74.660587,N-summer
sample_07452.jpg,0.4595540208985539,SRC_095,-20.0,56.495654,N-spring
sample_07453.jpg,0.39574979812967825,SRC_058,30.0,69.060883,N-autumn
sample_07454.jpg,0.46980969105982656,SRC_170,-20.0,56.332579,N-autumn
sample_07455.jpg,0.38117699849999753,SRC_041,15.0,46.712049,N-summer
sample_07456.jpg,0.3798671359672852,SRC_156,10.0,48.737382,N-summer
sample_07457.jpg,0.3926865230565037,SRC_087,0.0,54.65824,N-summer
sample_07458.jpg,0.3834417949672024,SRC_091,-40.0,72.511342,N-summer
sample_07459.jpg,0.5129462778653601,SRC_112,-30.0,67.516648,N-spring
sample_07460.jpg,0.4881737215897977,SRC_050,0.0,53.680047,N-summer
sample_07461.jpg,0.41730811456336303,SRC_009,-25.0,73.827745,N-spring
sample_07462.jpg,0.4096432598029077,SRC_112,-30.0,67.516648,N-spring
sample_07463.jpg,0.37529908000852324,SRC_152,30.0,40.69576,N-spring
sample_07464.jpg,0.5316348793249567,SRC_036,5.0,52.749586,N-summer
sample_07465.jpg,0.43027230162564445,SRC_091,-40.0,72.511342,N-summer
sample_07466.jpg,0.3801975082748308,SRC_084,-10.0,58.957849,N-summer
sample_07467.jpg,0.4434398506440302,SRC_116,5.0,41.203028,N-spring
sample_07468.jpg,0.5147207503119278,SRC_037,15.0,44.468297,N-spring
sample_07469.jpg,0.5059298765385819,SRC_062,45.0,81.508965,N-autumn
sample_07470.jpg,0.39579925495186574,SRC_112,-30.0,67.516648,N-spring
sample_07471.jpg,0.4414505498892331,SRC_170,-20.0,56.332579,N-autumn
sample_07472.jpg,0.39968424897630783,SRC_011,-20.0,70.371153,N-summer
sample_07473.jpg,0.38653694376636405,SRC_112,-30.0,67.516648,N-spring
sample_07474.jpg,0.5174692456677346,SRC_041,15.0,46.712049,N-summer
sample_07475.jpg,0.39744001293102277,SRC_109,50.0,54.137665,N-summer
sample_07476.jpg,0.3973706419518142,SRC_040,90.0,57.651744,N-spring
sample_07477.jpg,0.3842896035236759,SRC_004,30.0,61.107468,N-autumn
sample_07478.jpg,0.5356972244649899,SRC_111,-35.0,79.069883,N-spring
sample_07479.jpg,0.5260546846194428,SRC_130,25.0,37.507656,N-spring
sample_07480.jpg,0.42434086969179746,SRC_108,-40.0,68.856247,N-summer
sample_07481.jpg,0.4878689717314808,SRC_080,-25.0,69.726065,N-summer
sample_07482.jpg,0.3806938503012006,SRC_092,5.0,57.429528,N-autumn
sample_07483.jpg,0.38125183521089595,SRC_058,30.0,69.060883,N-autumn
sample_07484.jpg,0.5030630651266836,SRC_042,10.0,36.92431,N-spring
sample_07485.jpg,0.39340994662496415,SRC_091,-40.0,72.511342,N-summer
sample_07486.jpg,0.3966678667281992,SRC_006,-15.0,65.638079,N-spring
sample_07487.jpg,0.391313820170576,SRC_152,30.0,40.69576,N-spring
sample_07488.jpg,0.3913703009063005,SRC_041,15.0,46.712049,N-summer
sample_07489.jpg,0.41281281360480315,SRC_145,-5.0,52.15166,N-spring
sample_07490.jpg,0.4877289975575856,SRC_124,0.0,51.928413,N-summer
sample_07491.jpg,0.40162180256226626,SRC_094,20.0,66.934532,N-autumn
sample_07492.jpg,0.3786781943242123,SRC_099,15.0,42.024472,N-spring
sample_07493.jpg,0.5023509730969437,SRC_148,-15.0,49.227137,N-autumn
sample_07494.jpg,0.39627606895042494,SRC_107,20.0,65.68027,N-autumn
sample_07495.jpg,0.385804955776565,SRC_140,35.0,44.85556,N-spring
sample_07496.jpg,0.4952001349909015,SRC_058,30.0,69.060883,N-autumn
sample_07497.jpg,0.38699742741348414,SRC_171,-35.0,63.65778,N-spring
sample_07498.jpg,0.39497221073914135,SRC_015,20.0,46.484204,N-summer
sample_07499.jpg,0.4008374253037809,SRC_015,20.0,46.484204,N-summer
sample_07500.jpg,0.5112890867895687,SRC_037,15.0,44.468297,N-spring
sample_07501.jpg,0.39329403404128394,SRC_096,25.0,40.422288,N-spring
sample_07502.jpg,0.38003805218833714,SRC_037,15.0,44.468297,N-spring
sample_07503.jpg,0.4256249875677983,SRC_061,50.0,43.110277,N-spring
sample_07504.jpg,0.3969902856345452,SRC_037,15.0,44.468297,N-spring
sample_07505.jpg,0.3942643281395423,SRC_171,-35.0,63.65778,N-spring
sample_07506.jpg,0.4077100426900218,SRC_139,40.0,53.533251,N-winter
sample_07507.jpg,0.4866492334200725,SRC_157,40.0,44.22455,N-summer
sample_07508.jpg,0.39185763356654973,SRC_013,50.0,54.051464,N-spring
sample_07509.jpg,0.40759979675292046,SRC_111,-35.0,79.069883,N-spring
sample_07510.jpg,0.3799916481835843,SRC_042,10.0,36.92431,N-spring
sample_07511.jpg,0.39136606213313074,SRC_076,25.0,63.632584,N-autumn
sample_07512.jpg,0.3809139062548644,SRC_001,-5.0,51.987197,N-spring
sample_07513.jpg,0.40977142724307064,SRC_040,90.0,57.651744,N-spring
sample_07514.jpg,0.39586606254609535,SRC_029,-5.0,45.485648,N-autumn
sample_07515.jpg,0.4685795960016711,SRC_104,25.0,45.102036,N-summer
sample_07516.jpg,0.4091780136248427,SRC_088,0.0,53.004483,N-summer
sample_07517.jpg,0.38650936918980355,SRC_158,-5.0,35.954137,N-winter
sample_07518.jpg,0.4228167764613272,SRC_050,0.0,53.680047,N-summer
sample_07519.jpg,0.384624661634977,SRC_091,-40.0,72.511342,N-summer
sample_07520.jpg,0.452323763357236,SRC_135,5.0,41.328761,N-winter
sample_07521.jpg,0.3968873633175317,SRC_088,0.0,53.004483,N-summer
sample_07522.jpg,0.46262326903417633,SRC_106,25.0,40.638999,N-spring
sample_07523.jpg,0.3938007295310443,SRC_070,60.0,58.788969,N-summer
sample_07524.jpg,0.4196797051621351,SRC_112,-30.0,67.516648,N-spring
sample_07525.jpg,0.38805266169701635,SRC_021,-90.0,68.040851,N-autumn
sample_07526.jpg,0.5027840269727145,SRC_069,25.0,48.120522,N-summer
sample_07527.jpg,0.49119263915020744,SRC_009,-25.0,73.827745,N-spring
sample_07528.jpg,0.38831048664959,SRC_030,-25.0,67.936804,N-spring
sample_07529.jpg,0.3837702035120818,SRC_108,-40.0,68.856247,N-summer
sample_07530.jpg,0.5055706576741038,SRC_013,50.0,54.051464,N-spring
sample_07531.jpg,0.3883170683797303,SRC_171,-35.0,63.65778,N-spring
sample_07532.jpg,0.4258118408298038,SRC_067,-15.0,64.724247,N-spring
sample_07533.jpg,0.5342785104027709,SRC_067,-15.0,64.724247,N-spring
sample_07534.jpg,0.4030967675172425,SRC_009,-25.0,73.827745,N-spring
sample_07535.jpg,0.46517234039375965,SRC_009,-25.0,73.827745,N-spring
sample_07536.jpg,0.5145699197196786,SRC_080,-25.0,69.726065,N-summer
sample_07537.jpg,0.5086917760248953,SRC_111,-35.0,79.069883,N-spring
sample_07538.jpg,0.39509027171364713,SRC_021,-90.0,68.040851,N-autumn
sample_07539.jpg,0.39134499776240633,SRC_109,50.0,54.137665,N-summer
sample_07540.jpg,0.4520069652642017,SRC_148,-15.0,49.227137,N-autumn
sample_07541.jpg,0.43054194089092623,SRC_139,40.0,53.533251,N-winter
sample_07542.jpg,0.39248643745422607,SRC_171,-35.0,63.65778,N-spring
sample_07543.jpg,0.429039986519408,SRC_066,-10.0,61.81065,N-summer
sample_07544.jpg,0.5051504740219454,SRC_075,-90.0,65.329336,N-winter
sample_07545.jpg,0.3844399796314898,SRC_067,-15.0,64.724247,N-spring
sample_07546.jpg,0.38404348747963535,SRC_015,20.0,46.484204,N-summer
sample_07547.jpg,0.4286787230043518,SRC_055,-5.0,57.335076,N-spring
sample_07548.jpg,0.3853386520028216,SRC_169,40.0,48.615664,N-summer
sample_07549.jpg,0.46723795908153215,SRC_101,5.0,48.479381,N-winter
sample_07550.jpg,0.4074001983561365,SRC_091,-40.0,72.511342,N-summer
sample_07551.jpg,0.3894858134344234,SRC_024,10.0,53.725813,N-summer
sample_07552.jpg,0.4942240601033999,SRC_008,25.0,61.005891,N-autumn
sample_07553.jpg,0.4025625380273641,SRC_009,-25.0,73.827745,N-spring
sample_07554.jpg,0.4332006797131481,SRC_001,-5.0,51.987197,N-spring
sample_07555.jpg,0.3971229324759973,SRC_014,-40.0,38.480327,N-winter
sample_07556.jpg,0.3946654014375708,SRC_011,-20.0,70.371153,N-summer
sample_07557.jpg,0.4840190470828617,SRC_001,-5.0,51.987197,N-spring
sample_07558.jpg,0.4171766809665732,SRC_145,-5.0,52.15166,N-spring
sample_07559.jpg,0.38773850454805714,SRC_095,-20.0,56.495654,N-spring
sample_07560.jpg,0.4196470878647406,SRC_112,-30.0,67.516648,N-spring
sample_07561.jpg,0.39543606275183873,SRC_097,0.0,35.318175,N-winter
sample_07562.jpg,0.39327651767510935,SRC_042,10.0,36.92431,N-spring
sample_07563.jpg,0.4023242732548753,SRC_029,-5.0,45.485648,N-autumn
sample_07564.jpg,0.40478586847444786,SRC_158,-5.0,35.954137,N-winter
sample_07565.jpg,0.3790053070188249,SRC_093,-25.0,43.343655,N-autumn
sample_07566.jpg,0.508823555000037,SRC_111,-35.0,79.069883,N-spring
sample_07567.jpg,0.40752883096901327,SRC_027,35.0,41.369436,N-spring
sample_07568.jpg,0.5066721703874711,SRC_084,-10.0,58.957849,N-summer
sample_07569.jpg,0.48152844831509684,SRC_042,10.0,36.92431,N-spring
sample_07570.jpg,0.4149587155564146,SRC_145,-5.0,52.15166,N-spring
sample_07571.jpg,0.3938214260109456,SRC_124,0.0,51.928413,N-summer
sample_07572.jpg,0.40231663331518225,SRC_131,10.0,60.540464,N-autumn
sample_07573.jpg,0.3941417159167292,SRC_037,15.0,44.468297,N-spring
sample_07574.jpg,0.48724377528214174,SRC_075,-90.0,65.329336,N-winter
sample_07575.jpg,0.4121035613704785,SRC_003,0.0,38.090051,N-spring
sample_07576.jpg,0.3812510261408997,SRC_063,25.0,41.329237,N-spring
sample_07577.jpg,0.3719793253707051,SRC_001,-5.0,51.987197,N-spring
sample_07578.jpg,0.37841145424660405,SRC_013,50.0,54.051464,N-spring
sample_07579.jpg,0.3951433232720275,SRC_092,5.0,57.429528,N-autumn
sample_07580.jpg,0.389960371828745,SRC_037,15.0,44.468297,N-spring
sample_07581.jpg,0.3908894529704017,SRC_158,-5.0,35.954137,N-winter
sample_07582.jpg,0.4056010476572977,SRC_169,40.0,48.615664,N-summer
sample_07583.jpg,0.45533684456205903,SRC_012,-90.0,85.677016,N-autumn
sample_07584.jpg,0.3789519776909305,SRC_140,35.0,44.85556,N-spring
sample_07585.jpg,0.4301613189007343,SRC_024,10.0,53.725813,N-summer
sample_07586.jpg,0.3998871843258323,SRC_154,0.0,54.770875,N-summer
sample_07587.jpg,0.43491020227906707,SRC_026,90.0,57.238404,N-spring
sample_07588.jpg,0.5033298163186768,SRC_022,20.0,41.513642,N-spring
sample_07589.jpg,0.47501640467256906,SRC_129,20.0,41.057252,N-spring
sample_07590.jpg,0.3843038074211897,SRC_113,-35.0,36.668707,N-winter
sample_07591.jpg,0.4254211783654169,SRC_102,-10.0,52.255853,N-spring
sample_07592.jpg,0.523760631170014,SRC_081,-90.0,74.772433,N-autumn
sample_07593.jpg,0.4987722901483873,SRC_121,25.0,67.446292,N-autumn
sample_07594.jpg,0.3946296705508871,SRC_076,25.0,63.632584,N-autumn
sample_07595.jpg,0.4026990592589973,SRC_076,25.0,63.632584,N-autumn
sample_07596.jpg,0.40505685211597414,SRC_124,0.0,51.928413,N-summer
sample_07597.jpg,0.4110322221535503,SRC_161,5.0,52.294471,N-summer
sample_07598.jpg,0.4247658555571284,SRC_036,5.0,52.749586,N-summer
sample_07599.jpg,0.3946495695512687,SRC_018,-90.0,67.882485,N-winter
sample_07600.jpg,0.4198390746863193,SRC_040,90.0,57.651744,N-spring
sample_07601.jpg,0.39794130527386357,SRC_080,-25.0,69.726065,N-summer
sample_07602.jpg,0.5416066791181056,SRC_038,-15.0,32.097448,N-winter
sample_07603.jpg,0.38265580944735533,SRC_086,15.0,43.648742,N-summer
sample_07604.jpg,0.36710147639200585,SRC_063,25.0,41.329237,N-spring
sample_07605.jpg,0.37750999225959747,SRC_096,25.0,40.422288,N-spring
sample_07606.jpg,0.4520193292450115,SRC_112,-30.0,67.516648,N-spring
sample_07607.jpg,0.4027863001281079,SRC_161,5.0,52.294471,N-summer
sample_07608.jpg,0.39895160567166793,SRC_124,0.0,51.928413,N-summer
sample_07609.jpg,0.5045445381158361,SRC_129,20.0,41.057252,N-spring
sample_07610.jpg,0.4237770536609601,SRC_102,-10.0,52.255853,N-spring
sample_07611.jpg,0.38398606908911115,SRC_034,40.0,46.055099,N-summer
sample_07612.jpg,0.43219125421481197,SRC_103,-35.0,57.090396,N-autumn
sample_07613.jpg,0.45655019918859996,SRC_020,35.0,42.075965,N-summer
sample_07614.jpg,0.49605759091177826,SRC_109,50.0,54.137665,N-summer
sample_07615.jpg,0.3941941415427254,SRC_005,0.0,55.846781,N-summer
sample_07616.jpg,0.46209217486429877,SRC_123,0.0,54.598149,N-autumn
sample_07617.jpg,0.38356569752183123,SRC_134,-30.0,69.607895,N-spring
sample_07618.jpg,0.38915094187422744,SRC_014,-40.0,38.480327,N-winter
sample_07619.jpg,0.37584348825149194,SRC_004,30.0,61.107468,N-autumn
sample_07620.jpg,0.39295414835413506,SRC_156,10.0,48.737382,N-summer
sample_07621.jpg,0.3811857073535569,SRC_041,15.0,46.712049,N-summer
sample_07622.jpg,0.4250675424827858,SRC_112,-30.0,67.516648,N-spring
sample_07623.jpg,0.39935047309655036,SRC_103,-35.0,57.090396,N-autumn
sample_07624.jpg,0.39726761001572813,SRC_115,25.0,41.8845,N-spring
sample_07625.jpg,0.3836202340985297,SRC_091,-40.0,72.511342,N-summer
sample_07626.jpg,0.39809077410050697,SRC_084,-10.0,58.957849,N-summer
sample_07627.jpg,0.3814602117684645,SRC_027,35.0,41.369436,N-spring
sample_07628.jpg,0.5200638219800885,SRC_059,15.0,48.046698,N-summer
sample_07629.jpg,0.4923690370125806,SRC_154,0.0,54.770875,N-summer
sample_07630.jpg,0.39709386147047715,SRC_084,-10.0,58.957849,N-summer
sample_07631.jpg,0.4011170636253887,SRC_009,-25.0,73.827745,N-spring
sample_07632.jpg,0.4262939924391208,SRC_059,15.0,48.046698,N-summer
sample_07633.jpg,0.38336001796599084,SRC_042,10.0,36.92431,N-spring
sample_07634.jpg,0.4275647605246398,SRC_144,-35.0,76.731052,N-spring
sample_07635.jpg,0.5035892490541787,SRC_002,40.0,45.868768,N-summer
sample_07636.jpg,0.4982267940142961,SRC_171,-35.0,63.65778,N-spring
sample_07637.jpg,0.4496369199359876,SRC_150,10.0,50.798821,N-summer
sample_07638.jpg,0.42554450941949956,SRC_142,-30.0,34.276784,N-winter
sample_07639.jpg,0.3854988421853075,SRC_157,40.0,44.22455,N-summer
sample_07640.jpg,0.4835866484109353,SRC_036,5.0,52.749586,N-summer
sample_07641.jpg,0.49689344054555606,SRC_106,25.0,40.638999,N-spring
sample_07642.jpg,0.3889474871012494,SRC_041,15.0,46.712049,N-summer
sample_07643.jpg,0.3948221845263532,SRC_037,15.0,44.468297,N-spring
sample_07644.jpg,0.4929971042294783,SRC_135,5.0,41.328761,N-winter
sample_07645.jpg,0.4823029870766652,SRC_148,-15.0,49.227137,N-autumn
sample_07646.jpg,0.38922569345786034,SRC_009,-25.0,73.827745,N-spring
sample_07647.jpg,0.3843081015985973,SRC_157,40.0,44.22455,N-summer
sample_07648.jpg,0.43349859005150515,SRC_169,40.0,48.615664,N-summer
sample_07649.jpg,0.4047323109182231,SRC_104,25.0,45.102036,N-summer
sample_07650.jpg,0.41865803271080554,SRC_038,-15.0,32.097448,N-winter
sample_07651.jpg,0.48696488790764514,SRC_066,-10.0,61.81065,N-summer
sample_07652.jpg,0.48499968047891595,SRC_114,-10.0,58.176498,N-autumn
sample_07653.jpg,0.3932484940257651,SRC_091,-40.0,72.511342,N-summer
sample_07654.jpg,0.38182631980247717,SRC_086,15.0,43.648742,N-summer
sample_07655.jpg,0.3858190849422162,SRC_103,-35.0,57.090396,N-autumn
sample_07656.jpg,0.39368736471665716,SRC_051,20.0,63.609319,N-autumn
sample_07657.jpg,0.4019773310200394,SRC_024,10.0,53.725813,N-summer
sample_07658.jpg,0.4870342704127791,SRC_050,0.0,53.680047,N-summer
sample_07659.jpg,0.38560377937728296,SRC_076,25.0,63.632584,N-autumn
sample_07660.jpg,0.3821334513672626,SRC_009,-25.0,73.827745,N-spring
sample_07661.jpg,0.38842107075708,SRC_140,35.0,44.85556,N-spring
sample_07662.jpg,0.41981398048108637,SRC_015,20.0,46.484204,N-summer
sample_07663.jpg,0.49182262428460277,SRC_039,90.0,70.63275,N-summer
sample_07664.jpg,0.5044877623090102,SRC_109,50.0,54.137665,N-summer
sample_07665.jpg,0.4112426822254097,SRC_150,10.0,50.798821,N-summer
sample_07666.jpg,0.38794928836174936,SRC_057,-5.0,57.599617,N-summer
sample_07667.jpg,0.3930908606113988,SRC_046,0.0,58.061031,N-autumn
sample_07668.jpg,0.4364684661671607,SRC_142,-30.0,34.276784,N-winter
sample_07669.jpg,0.384043749434718,SRC_099,15.0,42.024472,N-spring
sample_07670.jpg,0.4367898524194428,SRC_104,25.0,45.102036,N-summer
sample_07671.jpg,0.3908935497373787,SRC_027,35.0,41.369436,N-spring
sample_07672.jpg,0.4104621415396771,SRC_022,20.0,41.513642,N-spring
sample_07673.jpg,0.468243771607623,SRC_065,30.0,68.700871,N-winter
sample_07674.jpg,0.3989870493001013,SRC_165,10.0,42.451267,N-winter
sample_07675.jpg,0.47961889425476467,SRC_009,-25.0,73.827745,N-spring
sample_07676.jpg,0.41095665555162875,SRC_038,-15.0,32.097448,N-winter
sample_07677.jpg,0.41428837797249773,SRC_111,-35.0,79.069883,N-spring
sample_07678.jpg,0.415243461771918,SRC_067,-15.0,64.724247,N-spring
sample_07679.jpg,0.41019652326228834,SRC_103,-35.0,57.090396,N-autumn
sample_07680.jpg,0.4565198613073803,SRC_060,90.0,64.124177,N-summer
sample_07681.jpg,0.40896059576950294,SRC_001,-5.0,51.987197,N-spring
sample_07682.jpg,0.503502143220917,SRC_074,0.0,50.25459,N-spring
sample_07683.jpg,0.43069574495839086,SRC_122,-5.0,57.310506,N-summer
sample_07684.jpg,0.39016620837916827,SRC_067,-15.0,64.724247,N-spring
sample_07685.jpg,0.3864439442026104,SRC_004,30.0,61.107468,N-autumn
sample_07686.jpg,0.4706883160124705,SRC_119,90.0,58.642683,N-spring
sample_07687.jpg,0.38005190746133355,SRC_041,15.0,46.712049,N-summer
sample_07688.jpg,0.3839813975394336,SRC_027,35.0,41.369436,N-spring
sample_07689.jpg,0.4278410391283498,SRC_133,-10.0,48.887369,N-spring
sample_07690.jpg,0.3940216707601986,SRC_005,0.0,55.846781,N-summer
sample_07691.jpg,0.46116856561366476,SRC_119,90.0,58.642683,N-spring
sample_07692.jpg,0.38850958801290475,SRC_084,-10.0,58.957849,N-summer
sample_07693.jpg,0.38409801590079584,SRC_013,50.0,54.051464,N-spring
sample_07694.jpg,0.4248256732394456,SRC_076,25.0,63.632584,N-autumn
sample_07695.jpg,0.3851054113017554,SRC_091,-40.0,72.511342,N-summer
sample_07696.jpg,0.39903061995135636,SRC_070,60.0,58.788969,N-summer
sample_07697.jpg,0.4590071343051897,SRC_026,90.0,57.238404,N-spring
sample_07698.jpg,0.37369008705032963,SRC_021,-90.0,68.040851,N-autumn
sample_07699.jpg,0.3993630754057139,SRC_156,10.0,48.737382,N-summer
sample_07700.jpg,0.4216637419869297,SRC_145,-5.0,52.15166,N-spring
sample_07701.jpg,0.4745466808018201,SRC_136,-35.0,76.922409,N-spring
sample_07702.jpg,0.5281488828168645,SRC_130,25.0,37.507656,N-spring
sample_07703.jpg,0.3943616425066255,SRC_124,0.0,51.928413,N-summer
sample_07704.jpg,0.44603782210309284,SRC_013,50.0,54.051464,N-spring
sample_07705.jpg,0.39895590240487466,SRC_059,15.0,48.046698,N-summer
sample_07706.jpg,0.4524433575700403,SRC_144,-35.0,76.731052,N-spring
sample_07707.jpg,0.37820454025960665,SRC_169,40.0,48.615664,N-summer
sample_07708.jpg,0.3928041803422418,SRC_108,-40.0,68.856247,N-summer
sample_07709.jpg,0.40221303620420734,SRC_009,-25.0,73.827745,N-spring
sample_07710.jpg,0.4180846768646975,SRC_112,-30.0,67.516648,N-spring
sample_07711.jpg,0.5225139072332122,SRC_166,90.0,60.094207,N-spring
sample_07712.jpg,0.3769040403339611,SRC_157,40.0,44.22455,N-summer
sample_07713.jpg,0.4061359370114294,SRC_097,0.0,35.318175,N-winter
sample_07714.jpg,0.40439173121738986,SRC_021,-90.0,68.040851,N-autumn
sample_07715.jpg,0.4214529793983915,SRC_109,50.0,54.137665,N-summer
sample_07716.jpg,0.3946422163342311,SRC_014,-40.0,38.480327,N-winter
sample_07717.jpg,0.458497981034576,SRC_168,90.0,64.709631,N-summer
sample_07718.jpg,0.3905348377877959,SRC_091,-40.0,72.511342,N-summer
sample_07719.jpg,0.40289205480955914,SRC_158,-5.0,35.954137,N-winter
sample_07720.jpg,0.3816064911693291,SRC_063,25.0,41.329237,N-spring
sample_07721.jpg,0.42760361583709267,SRC_022,20.0,41.513642,N-spring
sample_07722.jpg,0.463966122778902,SRC_106,25.0,40.638999,N-spring
sample_07723.jpg,0.3867002597976264,SRC_084,-10.0,58.957849,N-summer
sample_07724.jpg,0.38171701640550937,SRC_109,50.0,54.137665,N-summer
sample_07725.jpg,0.3824949174110602,SRC_006,-15.0,65.638079,N-spring
sample_07726.jpg,0.3857239859989045,SRC_151,-15.0,63.408071,N-summer
sample_07727.jpg,0.38740944418683015,SRC_159,20.0,67.076816,N-autumn
sample_07728.jpg,0.4254583796949617,SRC_144,-35.0,76.731052,N-spring
sample_07729.jpg,0.3921771377459883,SRC_037,15.0,44.468297,N-spring
sample_07730.jpg,0.3952845522110627,SRC_091,-40.0,72.511342,N-summer
sample_07731.jpg,0.42148273832043487,SRC_096,25.0,40.422288,N-spring
sample_07732.jpg,0.38273690050861353,SRC_030,-25.0,67.936804,N-spring
sample_07733.jpg,0.5070402237225855,SRC_013,50.0,54.051464,N-spring
sample_07734.jpg,0.46628361057395606,SRC_049,5.0,42.94902,N-spring
sample_07735.jpg,0.39938568786230866,SRC_009,-25.0,73.827745,N-spring
sample_07736.jpg,0.5035045589045853,SRC_050,0.0,53.680047,N-summer
sample_07737.jpg,0.3943939591164963,SRC_091,-40.0,72.511342,N-summer
sample_07738.jpg,0.4867692039295832,SRC_011,-20.0,70.371153,N-summer
sample_07739.jpg,0.39311666419047697,SRC_084,-10.0,58.957849,N-summer
sample_07740.jpg,0.43107367771406047,SRC_085,0.0,39.187341,N-spring
sample_07741.jpg,0.38796062773956147,SRC_052,5.0,51.705435,N-summer
sample_07742.jpg,0.4032067646876927,SRC_073,45.0,41.537171,N-spring
sample_07743.jpg,0.379992890518766,SRC_076,25.0,63.632584,N-autumn
sample_07744.jpg,0.49149293833505564,SRC_078,15.0,40.437008,N-spring
sample_07745.jpg,0.4715402775519923,SRC_101,5.0,48.479381,N-winter
sample_07746.jpg,0.4917710279631585,SRC_141,-10.0,55.206291,N-spring
sample_07747.jpg,0.37787789287551754,SRC_063,25.0,41.329237,N-spring
sample_07748.jpg,0.5024230672469637,SRC_074,0.0,50.25459,N-spring
sample_07749.jpg,0.47145626471266766,SRC_009,-25.0,73.827745,N-spring
sample_07750.jpg,0.43860207486674563,SRC_111,-35.0,79.069883,N-spring
sample_07751.jpg,0.38738067466125686,SRC_004,30.0,61.107468,N-autumn
sample_07752.jpg,0.37571546437640696,SRC_099,15.0,42.024472,N-spring
sample_07753.jpg,0.46605853248363005,SRC_049,5.0,42.94902,N-spring
sample_07754.jpg,0.39555539740504125,SRC_109,50.0,54.137665,N-summer
sample_07755.jpg,0.40343333348819055,SRC_027,35.0,41.369436,N-spring
sample_07756.jpg,0.3906826286172144,SRC_037,15.0,44.468297,N-spring
sample_07757.jpg,0.380938683875109,SRC_169,40.0,48.615664,N-summer
sample_07758.jpg,0.414008348171936,SRC_125,-5.0,52.428603,N-spring
sample_07759.jpg,0.3729489648138761,SRC_063,25.0,41.329237,N-spring
sample_07760.jpg,0.411953799251559,SRC_020,35.0,42.075965,N-summer
sample_07761.jpg,0.5179719547021845,SRC_022,20.0,41.513642,N-spring
sample_07762.jpg,0.5039325562686532,SRC_126,-20.0,68.779144,N-summer
sample_07763.jpg,0.3937227108172398,SRC_009,-25.0,73.827745,N-spring
sample_07764.jpg,0.3960862453955934,SRC_004,30.0,61.107468,N-autumn
sample_07765.jpg,0.4002371999440735,SRC_014,-40.0,38.480327,N-winter
sample_07766.jpg,0.48301256943923754,SRC_042,10.0,36.92431,N-spring
sample_07767.jpg,0.38397371185751167,SRC_171,-35.0,63.65778,N-spring
sample_07768.jpg,0.38302803358211246,SRC_013,50.0,54.051464,N-spring
sample_07769.jpg,0.5176842949843597,SRC_069,25.0,48.120522,N-summer
sample_07770.jpg,0.4101046543665591,SRC_144,-35.0,76.731052,N-spring
sample_07771.jpg,0.4458127723267403,SRC_049,5.0,42.94902,N-spring
sample_07772.jpg,0.4026850795466722,SRC_040,90.0,57.651744,N-spring
sample_07773.jpg,0.48753337724709,SRC_108,-40.0,68.856247,N-summer
sample_07774.jpg,0.4101432478551879,SRC_011,-20.0,70.371153,N-summer
sample_07775.jpg,0.4192840084112361,SRC_006,-15.0,65.638079,N-spring
sample_07776.jpg,0.4783426305615704,SRC_142,-30.0,34.276784,N-winter
sample_07777.jpg,0.4140580120508255,SRC_088,0.0,53.004483,N-summer
sample_07778.jpg,0.39250594391853066,SRC_158,-5.0,35.954137,N-winter
sample_07779.jpg,0.3945220948732338,SRC_088,0.0,53.004483,N-summer
sample_07780.jpg,0.4858496138434121,SRC_144,-35.0,76.731052,N-spring
sample_07781.jpg,0.4867866218913829,SRC_016,10.0,55.552023,N-winter
sample_07782.jpg,0.5376633667241484,SRC_059,15.0,48.046698,N-summer
sample_07783.jpg,0.38445297898090147,SRC_157,40.0,44.22455,N-summer
sample_07784.jpg,0.38728863247402645,SRC_091,-40.0,72.511342,N-summer
sample_07785.jpg,0.43465720910155836,SRC_026,90.0,57.238404,N-spring
sample_07786.jpg,0.3810985892401352,SRC_013,50.0,54.051464,N-spring
sample_07787.jpg,0.3757853414306531,SRC_086,15.0,43.648742,N-summer
sample_07788.jpg,0.38681022250378305,SRC_124,0.0,51.928413,N-summer
sample_07789.jpg,0.40657638076279934,SRC_120,90.0,69.983669,N-summer
sample_07790.jpg,0.3926661371689765,SRC_058,30.0,69.060883,N-autumn
sample_07791.jpg,0.3786566896357615,SRC_114,-10.0,58.176498,N-autumn
sample_07792.jpg,0.44510487565700324,SRC_074,0.0,50.25459,N-spring
sample_07793.jpg,0.3990113250142179,SRC_030,-25.0,67.936804,N-spring
sample_07794.jpg,0.4327598975398984,SRC_144,-35.0,76.731052,N-spring
sample_07795.jpg,0.4304948991941779,SRC_013,50.0,54.051464,N-spring
sample_07796.jpg,0.3847593713762115,SRC_021,-90.0,68.040851,N-autumn
sample_07797.jpg,0.40642948289777703,SRC_059,15.0,48.046698,N-summer
sample_07798.jpg,0.5378892611334412,SRC_128,90.0,56.634817,N-spring
sample_07799.jpg,0.38199962037527024,SRC_013,50.0,54.051464,N-spring
sample_07800.jpg,0.3901395186434026,SRC_084,-10.0,58.957849,N-summer
sample_07801.jpg,0.39272678615798257,SRC_073,45.0,41.537171,N-spring
sample_07802.jpg,0.3980702300472205,SRC_042,10.0,36.92431,N-spring
sample_07803.jpg,0.3801007234877741,SRC_013,50.0,54.051464,N-spring
sample_07804.jpg,0.3791974346099411,SRC_156,10.0,48.737382,N-summer
sample_07805.jpg,0.4200920795538857,SRC_159,20.0,67.076816,N-autumn
sample_07806.jpg,0.39784907971687755,SRC_103,-35.0,57.090396,N-autumn
sample_07807.jpg,0.40644132548383033,SRC_078,15.0,40.437008,N-spring
sample_07808.jpg,0.4821879960406701,SRC_129,20.0,41.057252,N-spring
sample_07809.jpg,0.4960651286526444,SRC_115,25.0,41.8845,N-spring
sample_07810.jpg,0.3758301577502863,SRC_063,25.0,41.329237,N-spring
sample_07811.jpg,0.38201189425546905,SRC_004,30.0,61.107468,N-autumn
sample_07812.jpg,0.41303721324926934,SRC_011,-20.0,70.371153,N-summer
sample_07813.jpg,0.3912190931235199,SRC_134,-30.0,69.607895,N-spring
sample_07814.jpg,0.42055903108944903,SRC_006,-15.0,65.638079,N-spring
sample_07815.jpg,0.4835866856385097,SRC_004,30.0,61.107468,N-autumn
sample_07816.jpg,0.3860535785983196,SRC_159,20.0,67.076816,N-autumn
sample_07817.jpg,0.3909495405455742,SRC_063,25.0,41.329237,N-spring
sample_07818.jpg,0.4798784886418173,SRC_157,40.0,44.22455,N-summer
sample_07819.jpg,0.40188544810204785,SRC_091,-40.0,72.511342,N-summer
sample_07820.jpg,0.4967512022152011,SRC_031,-90.0,62.684336,N-winter
sample_07821.jpg,0.5102763953082252,SRC_086,15.0,43.648742,N-summer
sample_07822.jpg,0.471634473912247,SRC_005,0.0,55.846781,N-summer
sample_07823.jpg,0.5190581640586776,SRC_127,-35.0,47.507974,N-autumn
sample_07824.jpg,0.4447950956424015,SRC_075,-90.0,65.329336,N-winter
sample_07825.jpg,0.4018388877304976,SRC_103,-35.0,57.090396,N-autumn
sample_07826.jpg,0.3874324006123979,SRC_051,20.0,63.609319,N-autumn
sample_07827.jpg,0.38069070491368134,SRC_114,-10.0,58.176498,N-autumn
sample_07828.jpg,0.4115685961881755,SRC_137,-5.0,45.053172,N-spring
sample_07829.jpg,0.38742149434755635,SRC_058,30.0,69.060883,N-autumn
sample_07830.jpg,0.4044181804753374,SRC_092,5.0,57.429528,N-autumn
sample_07831.jpg,0.41461141624194997,SRC_003,0.0,38.090051,N-spring
sample_07832.jpg,0.4038209013729004,SRC_124,0.0,51.928413,N-summer
sample_07833.jpg,0.40101894723668574,SRC_066,-10.0,61.81065,N-summer
sample_07834.jpg,0.4408215097747399,SRC_111,-35.0,79.069883,N-spring
sample_07835.jpg,0.4036944020999725,SRC_020,35.0,42.075965,N-summer
sample_07836.jpg,0.41215303558581573,SRC_111,-35.0,79.069883,N-spring
sample_07837.jpg,0.4064693683991024,SRC_071,20.0,40.070501,N-spring
sample_07838.jpg,0.39098054594440695,SRC_021,-90.0,68.040851,N-autumn
sample_07839.jpg,0.48970177432662343,SRC_149,90.0,55.701783,N-summer
sample_07840.jpg,0.5175979548582962,SRC_135,5.0,41.328761,N-winter
sample_07841.jpg,0.39762605260043216,SRC_129,20.0,41.057252,N-spring
sample_07842.jpg,0.5239207049901744,SRC_149,90.0,55.701783,N-summer
sample_07843.jpg,0.48985287975509156,SRC_093,-25.0,43.343655,N-autumn
sample_07844.jpg,0.3827686361089152,SRC_056,-40.0,74.660587,N-summer
sample_07845.jpg,0.41677992545948594,SRC_051,20.0,63.609319,N-autumn
sample_07846.jpg,0.4317397513603325,SRC_115,25.0,41.8845,N-spring
sample_07847.jpg,0.40663843001862354,SRC_029,-5.0,45.485648,N-autumn
sample_07848.jpg,0.39546793894043797,SRC_112,-30.0,67.516648,N-spring
sample_07849.jpg,0.4379799560554982,SRC_047,0.0,48.028677,N-spring
sample_07850.jpg,0.3769498566254999,SRC_086,15.0,43.648742,N-summer
sample_07851.jpg,0.41209687287905467,SRC_099,15.0,42.024472,N-spring
sample_07852.jpg,0.3852554012402348,SRC_027,35.0,41.369436,N-spring
sample_07853.jpg,0.4377589667752413,SRC_047,0.0,48.028677,N-spring
sample_07854.jpg,0.4292807604243335,SRC_066,-10.0,61.81065,N-summer
sample_07855.jpg,0.40819268208040044,SRC_065,30.0,68.700871,N-winter
sample_07856.jpg,0.37509395687707214,SRC_004,30.0,61.107468,N-autumn
sample_07857.jpg,0.3909633251814728,SRC_086,15.0,43.648742,N-summer
sample_07858.jpg,0.3719504297599938,SRC_021,-90.0,68.040851,N-autumn
sample_07859.jpg,0.5189725020710014,SRC_168,90.0,64.709631,N-summer
sample_07860.jpg,0.4894316587282952,SRC_051,20.0,63.609319,N-autumn
sample_07861.jpg,0.40516590937076585,SRC_050,0.0,53.680047,N-summer
sample_07862.jpg,0.3909492405531148,SRC_013,50.0,54.051464,N-spring
sample_07863.jpg,0.5177502151259729,SRC_069,25.0,48.120522,N-summer
sample_07864.jpg,0.39056432850749545,SRC_004,30.0,61.107468,N-autumn
sample_07865.jpg,0.38931413874936205,SRC_037,15.0,44.468297,N-spring
sample_07866.jpg,0.4342702232709043,SRC_112,-30.0,67.516648,N-spring
sample_07867.jpg,0.50938804250024,SRC_111,-35.0,79.069883,N-spring
sample_07868.jpg,0.42008245967539065,SRC_131,10.0,60.540464,N-autumn
sample_07869.jpg,0.39621273960886716,SRC_009,-25.0,73.827745,N-spring
sample_07870.jpg,0.3894392707420464,SRC_163,0.0,39.987447,N-winter
sample_07871.jpg,0.47353830875882846,SRC_074,0.0,50.25459,N-spring
sample_07872.jpg,0.39744434515501015,SRC_091,-40.0,72.511342,N-summer
sample_07873.jpg,0.3877471800257127,SRC_020,35.0,42.075965,N-summer
sample_07874.jpg,0.5014507514115693,SRC_148,-15.0,49.227137,N-autumn
sample_07875.jpg,0.5198911893708786,SRC_140,35.0,44.85556,N-spring
sample_07876.jpg,0.38828594208937944,SRC_126,-20.0,68.779144,N-summer
sample_07877.jpg,0.4385440512593945,SRC_009,-25.0,73.827745,N-spring
sample_07878.jpg,0.38014075616938026,SRC_084,-10.0,58.957849,N-summer
sample_07879.jpg,0.38341685318390095,SRC_114,-10.0,58.176498,N-autumn
sample_07880.jpg,0.4717906548103823,SRC_140,35.0,44.85556,N-spring
sample_07881.jpg,0.38623879211813844,SRC_021,-90.0,68.040851,N-autumn
sample_07882.jpg,0.44068543209136235,SRC_133,-10.0,48.887369,N-spring
sample_07883.jpg,0.4191635777175627,SRC_020,35.0,42.075965,N-summer
sample_07884.jpg,0.4600280770550203,SRC_085,0.0,39.187341,N-spring
sample_07885.jpg,0.45625448399378826,SRC_039,90.0,70.63275,N-summer
sample_07886.jpg,0.4015845944515767,SRC_164,20.0,59.226879,N-autumn
sample_07887.jpg,0.3944358000763616,SRC_113,-35.0,36.668707,N-winter
sample_07888.jpg,0.4107758268551788,SRC_102,-10.0,52.255853,N-spring
sample_07889.jpg,0.4208882342402401,SRC_089,10.0,48.442522,N-winter
sample_07890.jpg,0.3936570110842256,SRC_158,-5.0,35.954137,N-winter
sample_07891.jpg,0.520677298176457,SRC_061,50.0,43.110277,N-spring
sample_07892.jpg,0.3872575547171675,SRC_121,25.0,67.446292,N-autumn
sample_07893.jpg,0.4069822090929723,SRC_046,0.0,58.061031,N-autumn
sample_07894.jpg,0.4097951177677734,SRC_065,30.0,68.700871,N-winter
sample_07895.jpg,0.39037757382072624,SRC_094,20.0,66.934532,N-autumn
sample_07896.jpg,0.38779722390306326,SRC_157,40.0,44.22455,N-summer
sample_07897.jpg,0.48265130638298875,SRC_164,20.0,59.226879,N-autumn
sample_07898.jpg,0.43762297831920083,SRC_004,30.0,61.107468,N-autumn
sample_07899.jpg,0.5164130891794746,SRC_128,90.0,56.634817,N-spring
sample_07900.jpg,0.36918798530136143,SRC_002,40.0,45.868768,N-summer
sample_07901.jpg,0.41716695923690655,SRC_048,-25.0,61.920556,N-autumn
sample_07902.jpg,0.5208633682476799,SRC_121,25.0,67.446292,N-autumn
sample_07903.jpg,0.4217300939132924,SRC_052,5.0,51.705435,N-summer
sample_07904.jpg,0.36628574137111086,SRC_002,40.0,45.868768,N-summer
sample_07905.jpg,0.3780932116619291,SRC_124,0.0,51.928413,N-summer
sample_07906.jpg,0.3937634566788951,SRC_009,-25.0,73.827745,N-spring
sample_07907.jpg,0.39237067777793017,SRC_037,15.0,44.468297,N-spring
sample_07908.jpg,0.39482767254700796,SRC_158,-5.0,35.954137,N-winter
sample_07909.jpg,0.4226119585791433,SRC_008,25.0,61.005891,N-autumn
sample_07910.jpg,0.387687471863156,SRC_076,25.0,63.632584,N-autumn
sample_07911.jpg,0.43206804142364186,SRC_134,-30.0,69.607895,N-spring
sample_07912.jpg,0.5097770916209441,SRC_126,-20.0,68.779144,N-summer
sample_07913.jpg,0.39234451119495983,SRC_004,30.0,61.107468,N-autumn
sample_07914.jpg,0.4897082321378674,SRC_127,-35.0,47.507974,N-autumn
sample_07915.jpg,0.4122362876044545,SRC_055,-5.0,57.335076,N-spring
sample_07916.jpg,0.3777274349512655,SRC_030,-25.0,67.936804,N-spring
sample_07917.jpg,0.4820924913136513,SRC_135,5.0,41.328761,N-winter
sample_07918.jpg,0.4943164259155499,SRC_018,-90.0,67.882485,N-winter
sample_07919.jpg,0.5070301669092571,SRC_168,90.0,64.709631,N-summer
sample_07920.jpg,0.42050210090968676,SRC_150,10.0,50.798821,N-summer
sample_07921.jpg,0.39172260744301546,SRC_043,10.0,50.433279,N-summer
sample_07922.jpg,0.3775569495725634,SRC_099,15.0,42.024472,N-spring
sample_07923.jpg,0.47907429186656236,SRC_106,25.0,40.638999,N-spring
sample_07924.jpg,0.38714201980563817,SRC_092,5.0,57.429528,N-autumn
sample_07925.jpg,0.39831259595685203,SRC_091,-40.0,72.511342,N-summer
sample_07926.jpg,0.3833582341171353,SRC_127,-35.0,47.507974,N-autumn
sample_07927.jpg,0.481798092206399,SRC_009,-25.0,73.827745,N-spring
sample_07928.jpg,0.4160389376774523,SRC_021,-90.0,68.040851,N-autumn
sample_07929.jpg,0.3904416811496561,SRC_041,15.0,46.712049,N-summer
sample_07930.jpg,0.5119734693798612,SRC_059,15.0,48.046698,N-summer
sample_07931.jpg,0.4290169234830131,SRC_097,0.0,35.318175,N-winter
sample_07932.jpg,0.42872652316687504,SRC_050,0.0,53.680047,N-summer
sample_07933.jpg,0.41690362396784203,SRC_133,-10.0,48.887369,N-spring
sample_07934.jpg,0.38016933688216287,SRC_168,90.0,64.709631,N-summer
sample_07935.jpg,0.3856836643673721,SRC_121,25.0,67.446292,N-autumn
sample_07936.jpg,0.47129495916733727,SRC_170,-20.0,56.332579,N-autumn
sample_07937.jpg,0.4988060589407139,SRC_093,-25.0,43.343655,N-autumn
sample_07938.jpg,0.435524670023967,SRC_073,45.0,41.537171,N-spring
sample_07939.jpg,0.3966432052092739,SRC_076,25.0,63.632584,N-autumn
sample_07940.jpg,0.42858643367898513,SRC_124,0.0,51.928413,N-summer
sample_07941.jpg,0.38889081530352443,SRC_014,-40.0,38.480327,N-winter
sample_07942.jpg,0.5013778245866434,SRC_126,-20.0,68.779144,N-summer
sample_07943.jpg,0.396313689983817,SRC_004,30.0,61.107468,N-autumn
sample_07944.jpg,0.5327046999648141,SRC_168,90.0,64.709631,N-summer
sample_07945.jpg,0.4083776618113335,SRC_078,15.0,40.437008,N-spring
sample_07946.jpg,0.40513387197453454,SRC_040,90.0,57.651744,N-spring
sample_07947.jpg,0.3979331346693745,SRC_040,90.0,57.651744,N-spring
sample_07948.jpg,0.3845231875207473,SRC_108,-40.0,68.856247,N-summer
sample_07949.jpg,0.38830240719037457,SRC_082,-10.0,60.444036,N-spring
sample_07950.jpg,0.48162239171020066,SRC_076,25.0,63.632584,N-autumn
sample_07951.jpg,0.3852106735737613,SRC_004,30.0,61.107468,N-autumn
sample_07952.jpg,0.4258546916096958,SRC_142,-30.0,34.276784,N-winter
sample_07953.jpg,0.42428577043575366,SRC_112,-30.0,67.516648,N-spring
sample_07954.jpg,0.48973761206609695,SRC_115,25.0,41.8845,N-spring
sample_07955.jpg,0.4232647753276201,SRC_157,40.0,44.22455,N-summer
sample_07956.jpg,0.4642608234473847,SRC_042,10.0,36.92431,N-spring
sample_07957.jpg,0.39881833018335977,SRC_084,-10.0,58.957849,N-summer
sample_07958.jpg,0.414054156476663,SRC_145,-5.0,52.15166,N-spring
sample_07959.jpg,0.3933230316049328,SRC_131,10.0,60.540464,N-autumn
sample_07960.jpg,0.39891655939306964,SRC_048,-25.0,61.920556,N-autumn
sample_07961.jpg,0.4211592786069661,SRC_001,-5.0,51.987197,N-spring
sample_07962.jpg,0.48222895135733507,SRC_095,-20.0,56.495654,N-spring
sample_07963.jpg,0.43506407269117126,SRC_145,-5.0,52.15166,N-spring
sample_07964.jpg,0.393836894543914,SRC_095,-20.0,56.495654,N-spring
sample_07965.jpg,0.39310444399820044,SRC_084,-10.0,58.957849,N-summer
sample_07966.jpg,0.4095838311639725,SRC_112,-30.0,67.516648,N-spring
sample_07967.jpg,0.41230777604621105,SRC_059,15.0,48.046698,N-summer
sample_07968.jpg,0.4099243950912215,SRC_126,-20.0,68.779144,N-summer
sample_07969.jpg,0.3914732038790277,SRC_159,20.0,67.076816,N-autumn
sample_07970.jpg,0.38818794667460227,SRC_068,0.0,56.216196,N-summer
sample_07971.jpg,0.392367893667584,SRC_078,15.0,40.437008,N-spring
sample_07972.jpg,0.38226208212167423,SRC_099,15.0,42.024472,N-spring
sample_07973.jpg,0.4452817529255192,SRC_144,-35.0,76.731052,N-spring
sample_07974.jpg,0.3952408537369928,SRC_114,-10.0,58.176498,N-autumn
sample_07975.jpg,0.39817163321237536,SRC_124,0.0,51.928413,N-summer
sample_07976.jpg,0.39207629493459695,SRC_014,-40.0,38.480327,N-winter
sample_07977.jpg,0.4248246223723717,SRC_015,20.0,46.484204,N-summer
sample_07978.jpg,0.4898422819142624,SRC_146,10.0,58.0428,N-summer
sample_07979.jpg,0.3860135809110782,SRC_035,0.0,56.990187,N-autumn
sample_07980.jpg,0.5121535217871804,SRC_021,-90.0,68.040851,N-autumn
sample_07981.jpg,0.37994572154542267,SRC_063,25.0,41.329237,N-spring
sample_07982.jpg,0.4002097008615479,SRC_076,25.0,63.632584,N-autumn
sample_07983.jpg,0.38865287744913457,SRC_141,-10.0,55.206291,N-spring
sample_07984.jpg,0.4118252396605017,SRC_104,25.0,45.102036,N-summer
sample_07985.jpg,0.4146452824033616,SRC_133,-10.0,48.887369,N-spring
sample_07986.jpg,0.4205422171224372,SRC_052,5.0,51.705435,N-summer
sample_07987.jpg,0.4051666099216337,SRC_009,-25.0,73.827745,N-spring
sample_07988.jpg,0.44304859983543654,SRC_121,25.0,67.446292,N-autumn
sample_07989.jpg,0.494264074824548,SRC_104,25.0,45.102036,N-summer
sample_07990.jpg,0.39111510714245035,SRC_008,25.0,61.005891,N-autumn
sample_07991.jpg,0.398392197609666,SRC_035,0.0,56.990187,N-autumn
sample_07992.jpg,0.4248680468021514,SRC_051,20.0,63.609319,N-autumn
sample_07993.jpg,0.4771255393797792,SRC_146,10.0,58.0428,N-summer
sample_07994.jpg,0.4803086508011563,SRC_003,0.0,38.090051,N-spring
sample_07995.jpg,0.393043542629425,SRC_037,15.0,44.468297,N-spring
sample_07996.jpg,0.4970100122933231,SRC_047,0.0,48.028677,N-spring
sample_07997.jpg,0.3852677740202409,SRC_082,-10.0,60.444036,N-spring
sample_07998.jpg,0.3995704414064203,SRC_009,-25.0,73.827745,N-spring
sample_07999.jpg,0.42809485217879495,SRC_145,-5.0,52.15166,N-spring
sample_08000.jpg,0.4045015438528365,SRC_078,15.0,40.437008,N-spring
sample_08001.jpg,0.49947823634569744,SRC_139,40.0,53.533251,N-winter
sample_08002.jpg,0.4022876424235083,SRC_097,0.0,35.318175,N-winter
sample_08003.jpg,0.37767476151524343,SRC_157,40.0,44.22455,N-summer
sample_08004.jpg,0.4782331440226783,SRC_049,5.0,42.94902,N-spring
sample_08005.jpg,0.39112465692239856,SRC_067,-15.0,64.724247,N-spring
sample_08006.jpg,0.5228921940393707,SRC_037,15.0,44.468297,N-spring
sample_08007.jpg,0.4033969858819291,SRC_144,-35.0,76.731052,N-spring
sample_08008.jpg,0.39183929878275825,SRC_076,25.0,63.632584,N-autumn
sample_08009.jpg,0.41300866058962765,SRC_041,15.0,46.712049,N-summer
sample_08010.jpg,0.44237887790040087,SRC_108,-40.0,68.856247,N-summer
sample_08011.jpg,0.3833990408732391,SRC_041,15.0,46.712049,N-summer
sample_08012.jpg,0.49498260158062674,SRC_168,90.0,64.709631,N-summer
sample_08013.jpg,0.4007164091024563,SRC_133,-10.0,48.887369,N-spring
sample_08014.jpg,0.5068610154519935,SRC_052,5.0,51.705435,N-summer
sample_08015.jpg,0.3844332299156749,SRC_106,25.0,40.638999,N-spring
sample_08016.jpg,0.5025076584490449,SRC_013,50.0,54.051464,N-spring
sample_08017.jpg,0.43776775384658306,SRC_071,20.0,40.070501,N-spring
sample_08018.jpg,0.5052953578837249,SRC_009,-25.0,73.827745,N-spring
sample_08019.jpg,0.5162507971786287,SRC_027,35.0,41.369436,N-spring
sample_08020.jpg,0.37056055916035946,SRC_042,10.0,36.92431,N-spring
sample_08021.jpg,0.4001040664029964,SRC_009,-25.0,73.827745,N-spring
sample_08022.jpg,0.38734938511265693,SRC_169,40.0,48.615664,N-summer
sample_08023.jpg,0.3868967899224901,SRC_113,-35.0,36.668707,N-winter
sample_08024.jpg,0.47090471192080285,SRC_157,40.0,44.22455,N-summer
sample_08025.jpg,0.38047568817549476,SRC_082,-10.0,60.444036,N-spring
sample_08026.jpg,0.4347846421973901,SRC_055,-5.0,57.335076,N-spring
sample_08027.jpg,0.3912314012443526,SRC_126,-20.0,68.779144,N-summer
sample_08028.jpg,0.4863858246522472,SRC_030,-25.0,67.936804,N-spring
sample_08029.jpg,0.4146871388404872,SRC_046,0.0,58.061031,N-autumn
sample_08030.jpg,0.41582932092608293,SRC_069,25.0,48.120522,N-summer
sample_08031.jpg,0.39842853254485233,SRC_099,15.0,42.024472,N-spring
sample_08032.jpg,0.41608742596752074,SRC_006,-15.0,65.638079,N-spring
sample_08033.jpg,0.384076616068204,SRC_114,-10.0,58.176498,N-autumn
sample_08034.jpg,0.42724817958004574,SRC_111,-35.0,79.069883,N-spring
sample_08035.jpg,0.4003227954124468,SRC_161,5.0,52.294471,N-summer
sample_08036.jpg,0.3971344693527243,SRC_121,25.0,67.446292,N-autumn
sample_08037.jpg,0.3920697567353906,SRC_051,20.0,63.609319,N-autumn
sample_08038.jpg,0.39662467241334426,SRC_082,-10.0,60.444036,N-spring
sample_08039.jpg,0.3894139900840595,SRC_030,-25.0,67.936804,N-spring
sample_08040.jpg,0.4821704876322806,SRC_150,10.0,50.798821,N-summer
sample_08041.jpg,0.4128275639208613,SRC_126,-20.0,68.779144,N-summer
sample_08042.jpg,0.4169388712588944,SRC_152,30.0,40.69576,N-spring
sample_08043.jpg,0.4874803054534199,SRC_099,15.0,42.024472,N-spring
sample_08044.jpg,0.4934159669855277,SRC_154,0.0,54.770875,N-summer
sample_08045.jpg,0.3935882622110444,SRC_036,5.0,52.749586,N-summer
sample_08046.jpg,0.37949441746121265,SRC_153,-40.0,43.960452,N-autumn
sample_08047.jpg,0.3973688992786126,SRC_124,0.0,51.928413,N-summer
sample_08048.jpg,0.3778571137973762,SRC_157,40.0,44.22455,N-summer
sample_08049.jpg,0.41635026712590745,SRC_026,90.0,57.238404,N-spring
sample_08050.jpg,0.4206686204128542,SRC_151,-15.0,63.408071,N-summer
sample_08051.jpg,0.5154885061638296,SRC_116,5.0,41.203028,N-spring
sample_08052.jpg,0.4944436825565958,SRC_095,-20.0,56.495654,N-spring
sample_08053.jpg,0.4958005474381575,SRC_095,-20.0,56.495654,N-spring
sample_08054.jpg,0.4013371070948339,SRC_095,-20.0,56.495654,N-spring
sample_08055.jpg,0.3803009599628959,SRC_004,30.0,61.107468,N-autumn
sample_08056.jpg,0.3959050558081072,SRC_131,10.0,60.540464,N-autumn
sample_08057.jpg,0.38794699176165887,SRC_058,30.0,69.060883,N-autumn
sample_08058.jpg,0.40075674191334354,SRC_062,45.0,81.508965,N-autumn
sample_08059.jpg,0.3853505836533732,SRC_140,35.0,44.85556,N-spring
sample_08060.jpg,0.3959308154503569,SRC_006,-15.0,65.638079,N-spring
sample_08061.jpg,0.40017591235314914,SRC_103,-35.0,57.090396,N-autumn
sample_08062.jpg,0.38905241369822496,SRC_005,0.0,55.846781,N-summer
sample_08063.jpg,0.4454802105507497,SRC_142,-30.0,34.276784,N-winter
sample_08064.jpg,0.4111173982186845,SRC_112,-30.0,67.516648,N-spring
sample_08065.jpg,0.49152908106752474,SRC_111,-35.0,79.069883,N-spring
sample_08066.jpg,0.4909716486419583,SRC_144,-35.0,76.731052,N-spring
sample_08067.jpg,0.3722179236476881,SRC_063,25.0,41.329237,N-spring
sample_08068.jpg,0.38698883989991295,SRC_127,-35.0,47.507974,N-autumn
sample_08069.jpg,0.414269135811314,SRC_013,50.0,54.051464,N-spring
sample_08070.jpg,0.41634069582443745,SRC_071,20.0,40.070501,N-spring
sample_08071.jpg,0.4126189417687656,SRC_100,20.0,41.506528,N-spring
sample_08072.jpg,0.3914032618958879,SRC_014,-40.0,38.480327,N-winter
sample_08073.jpg,0.47267379397512954,SRC_103,-35.0,57.090396,N-autumn
sample_08074.jpg,0.4142895762104346,SRC_089,10.0,48.442522,N-winter
sample_08075.jpg,0.48769739073145485,SRC_069,25.0,48.120522,N-summer
sample_08076.jpg,0.3938211700873504,SRC_169,40.0,48.615664,N-summer
sample_08077.jpg,0.38843104370242787,SRC_027,35.0,41.369436,N-spring
sample_08078.jpg,0.43225304477132004,SRC_150,10.0,50.798821,N-summer
sample_08079.jpg,0.3770524958432201,SRC_030,-25.0,67.936804,N-spring
sample_08080.jpg,0.3957726329054697,SRC_072,15.0,46.966801,N-winter
sample_08081.jpg,0.4491001654151196,SRC_104,25.0,45.102036,N-summer
sample_08082.jpg,0.3853760102214825,SRC_091,-40.0,72.511342,N-summer
sample_08083.jpg,0.3972895266426824,SRC_157,40.0,44.22455,N-summer
sample_08084.jpg,0.39295585169802977,SRC_158,-5.0,35.954137,N-winter
sample_08085.jpg,0.4087107762428329,SRC_134,-30.0,69.607895,N-spring
sample_08086.jpg,0.46704749294302167,SRC_083,0.0,55.378885,N-spring
sample_08087.jpg,0.39178908507118954,SRC_055,-5.0,57.335076,N-spring
sample_08088.jpg,0.40502895833016395,SRC_027,35.0,41.369436,N-spring
sample_08089.jpg,0.4011170965092739,SRC_042,10.0,36.92431,N-spring
sample_08090.jpg,0.46846204459774043,SRC_045,-90.0,70.559818,N-autumn
sample_08091.jpg,0.4980475869493263,SRC_070,60.0,58.788969,N-summer
sample_08092.jpg,0.40091206219730646,SRC_115,25.0,41.8845,N-spring
sample_08093.jpg,0.476070217349843,SRC_169,40.0,48.615664,N-summer
sample_08094.jpg,0.39934118627211257,SRC_168,90.0,64.709631,N-summer
sample_08095.jpg,0.4084373955883035,SRC_009,-25.0,73.827745,N-spring
sample_08096.jpg,0.4918204108719889,SRC_119,90.0,58.642683,N-spring
sample_08097.jpg,0.48569611903804627,SRC_104,25.0,45.102036,N-summer
sample_08098.jpg,0.48723244907669,SRC_038,-15.0,32.097448,N-winter
sample_08099.jpg,0.540667244732366,SRC_111,-35.0,79.069883,N-spring
sample_08100.jpg,0.40932934443430335,SRC_009,-25.0,73.827745,N-spring
sample_08101.jpg,0.3755643310897137,SRC_063,25.0,41.329237,N-spring
sample_08102.jpg,0.4813343256529114,SRC_112,-30.0,67.516648,N-spring
sample_08103.jpg,0.4514682057413477,SRC_106,25.0,40.638999,N-spring
sample_08104.jpg,0.5276506900883537,SRC_154,0.0,54.770875,N-summer
sample_08105.jpg,0.43637104809748584,SRC_013,50.0,54.051464,N-spring
sample_08106.jpg,0.39205847447373,SRC_037,15.0,44.468297,N-spring
sample_08107.jpg,0.38975887499259854,SRC_024,10.0,53.725813,N-summer
sample_08108.jpg,0.41658133791962576,SRC_085,0.0,39.187341,N-spring
sample_08109.jpg,0.47810015358056035,SRC_106,25.0,40.638999,N-spring
sample_08110.jpg,0.49137519626150583,SRC_106,25.0,40.638999,N-spring
sample_08111.jpg,0.3867020274233098,SRC_036,5.0,52.749586,N-summer
sample_08112.jpg,0.3756114618001775,SRC_140,35.0,44.85556,N-spring
sample_08113.jpg,0.3767018147542044,SRC_140,35.0,44.85556,N-spring
sample_08114.jpg,0.39801912649702853,SRC_099,15.0,42.024472,N-spring
sample_08115.jpg,0.43123559371922104,SRC_148,-15.0,49.227137,N-autumn
sample_08116.jpg,0.418995445585712,SRC_055,-5.0,57.335076,N-spring
sample_08117.jpg,0.39218899461511814,SRC_041,15.0,46.712049,N-summer
sample_08118.jpg,0.46989223772981215,SRC_171,-35.0,63.65778,N-spring
sample_08119.jpg,0.42098257654554166,SRC_021,-90.0,68.040851,N-autumn
sample_08120.jpg,0.5065248968929585,SRC_086,15.0,43.648742,N-summer
sample_08121.jpg,0.41230749411728757,SRC_136,-35.0,76.922409,N-spring
sample_08122.jpg,0.3878491903391941,SRC_051,20.0,63.609319,N-autumn
sample_08123.jpg,0.4081453029365808,SRC_009,-25.0,73.827745,N-spring
sample_08124.jpg,0.4199045065566855,SRC_052,5.0,51.705435,N-summer
sample_08125.jpg,0.49011695963435964,SRC_115,25.0,41.8845,N-spring
sample_08126.jpg,0.4063867843316852,SRC_107,20.0,65.68027,N-autumn
sample_08127.jpg,0.4075742170640824,SRC_095,-20.0,56.495654,N-spring
sample_08128.jpg,0.3950930474609936,SRC_066,-10.0,61.81065,N-summer
sample_08129.jpg,0.48667691630596793,SRC_014,-40.0,38.480327,N-winter
sample_08130.jpg,0.40226101373780326,SRC_124,0.0,51.928413,N-summer
sample_08131.jpg,0.38185213504530535,SRC_157,40.0,44.22455,N-summer
sample_08132.jpg,0.48674495696265935,SRC_042,10.0,36.92431,N-spring
sample_08133.jpg,0.42386271975800005,SRC_142,-30.0,34.276784,N-winter
sample_08134.jpg,0.48393449431745755,SRC_171,-35.0,63.65778,N-spring
sample_08135.jpg,0.39384476520132355,SRC_027,35.0,41.369436,N-spring
sample_08136.jpg,0.39262191255698387,SRC_171,-35.0,63.65778,N-spring
sample_08137.jpg,0.4134507426787016,SRC_092,5.0,57.429528,N-autumn
sample_08138.jpg,0.519229008269163,SRC_028,10.0,42.894848,N-spring
sample_08139.jpg,0.3864748364935215,SRC_015,20.0,46.484204,N-summer
sample_08140.jpg,0.39855789916311035,SRC_107,20.0,65.68027,N-autumn
sample_08141.jpg,0.41769539581472676,SRC_056,-40.0,74.660587,N-summer
sample_08142.jpg,0.3856954935073512,SRC_066,-10.0,61.81065,N-summer
sample_08143.jpg,0.4492651359033667,SRC_047,0.0,48.028677,N-spring
sample_08144.jpg,0.4779204902595107,SRC_151,-15.0,63.408071,N-summer
sample_08145.jpg,0.38180832374621404,SRC_042,10.0,36.92431,N-spring
sample_08146.jpg,0.38676768440486436,SRC_092,5.0,57.429528,N-autumn
sample_08147.jpg,0.39544303176638024,SRC_027,35.0,41.369436,N-spring
sample_08148.jpg,0.3932369029570576,SRC_091,-40.0,72.511342,N-summer
sample_08149.jpg,0.3904319642753345,SRC_067,-15.0,64.724247,N-spring
sample_08150.jpg,0.3825211377563881,SRC_004,30.0,61.107468,N-autumn
sample_08151.jpg,0.43629852184128887,SRC_133,-10.0,48.887369,N-spring
sample_08152.jpg,0.5159029010761053,SRC_131,10.0,60.540464,N-autumn
sample_08153.jpg,0.4023592647902765,SRC_103,-35.0,57.090396,N-autumn
sample_08154.jpg,0.43505338117432774,SRC_107,20.0,65.68027,N-autumn
sample_08155.jpg,0.3772731143588528,SRC_013,50.0,54.051464,N-spring
sample_08156.jpg,0.5017434970590973,SRC_106,25.0,40.638999,N-spring
sample_08157.jpg,0.39155518266888273,SRC_094,20.0,66.934532,N-autumn
sample_08158.jpg,0.4171716272499871,SRC_030,-25.0,67.936804,N-spring
sample_08159.jpg,0.49255616372109606,SRC_088,0.0,53.004483,N-summer
sample_08160.jpg,0.3888650477795541,SRC_084,-10.0,58.957849,N-summer
sample_08161.jpg,0.38979851365767804,SRC_027,35.0,41.369436,N-spring
sample_08162.jpg,0.46677922753941586,SRC_146,10.0,58.0428,N-summer
sample_08163.jpg,0.3809888688894173,SRC_040,90.0,57.651744,N-spring
sample_08164.jpg,0.5129755905903409,SRC_146,10.0,58.0428,N-summer
sample_08165.jpg,0.4035294632319085,SRC_009,-25.0,73.827745,N-spring
sample_08166.jpg,0.39808878371007167,SRC_011,-20.0,70.371153,N-summer
sample_08167.jpg,0.38875359482792843,SRC_021,-90.0,68.040851,N-autumn
sample_08168.jpg,0.3768717470355219,SRC_041,15.0,46.712049,N-summer
sample_08169.jpg,0.39428683751617016,SRC_007,20.0,49.485932,N-winter
sample_08170.jpg,0.39459756922090666,SRC_008,25.0,61.005891,N-autumn
sample_08171.jpg,0.40505633578236167,SRC_092,5.0,57.429528,N-autumn
sample_08172.jpg,0.40594369755603443,SRC_124,0.0,51.928413,N-summer
sample_08173.jpg,0.49511042067991085,SRC_133,-10.0,48.887369,N-spring
sample_08174.jpg,0.40796294291213836,SRC_009,-25.0,73.827745,N-spring
sample_08175.jpg,0.397915711998024,SRC_073,45.0,41.537171,N-spring
sample_08176.jpg,0.4906235816238545,SRC_104,25.0,45.102036,N-summer
sample_08177.jpg,0.4950767489308749,SRC_158,-5.0,35.954137,N-winter
sample_08178.jpg,0.39671998283648086,SRC_009,-25.0,73.827745,N-spring
sample_08179.jpg,0.405822956781244,SRC_009,-25.0,73.827745,N-spring
sample_08180.jpg,0.3858720088267723,SRC_121,25.0,67.446292,N-autumn
sample_08181.jpg,0.3868088649651169,SRC_168,90.0,64.709631,N-summer
sample_08182.jpg,0.40062998628360835,SRC_084,-10.0,58.957849,N-summer
sample_08183.jpg,0.5028326822750782,SRC_074,0.0,50.25459,N-spring
sample_08184.jpg,0.3895978871993878,SRC_126,-20.0,68.779144,N-summer
sample_08185.jpg,0.404709193952521,SRC_164,20.0,59.226879,N-autumn
sample_08186.jpg,0.4572310854107668,SRC_047,0.0,48.028677,N-spring
sample_08187.jpg,0.3958981442705666,SRC_103,-35.0,57.090396,N-autumn
sample_08188.jpg,0.39138660143851267,SRC_021,-90.0,68.040851,N-autumn
sample_08189.jpg,0.4657390757836577,SRC_065,30.0,68.700871,N-winter
sample_08190.jpg,0.5301084036729968,SRC_065,30.0,68.700871,N-winter
sample_08191.jpg,0.44570564697483706,SRC_038,-15.0,32.097448,N-winter
sample_08192.jpg,0.41243079183195686,SRC_092,5.0,57.429528,N-autumn
sample_08193.jpg,0.3834276492228061,SRC_021,-90.0,68.040851,N-autumn
sample_08194.jpg,0.5093644967637989,SRC_102,-10.0,52.255853,N-spring
sample_08195.jpg,0.4455189425891106,SRC_108,-40.0,68.856247,N-summer
sample_08196.jpg,0.43266932634492167,SRC_139,40.0,53.533251,N-winter
sample_08197.jpg,0.4154942216447388,SRC_146,10.0,58.0428,N-summer
sample_08198.jpg,0.42270990093805405,SRC_143,90.0,68.916652,N-spring
sample_08199.jpg,0.3857443410025517,SRC_030,-25.0,67.936804,N-spring
sample_08200.jpg,0.5124126950303663,SRC_140,35.0,44.85556,N-spring
sample_08201.jpg,0.433252111460817,SRC_115,25.0,41.8845,N-spring
sample_08202.jpg,0.38525250664652755,SRC_156,10.0,48.737382,N-summer
sample_08203.jpg,0.37825224619471437,SRC_159,20.0,67.076816,N-autumn
sample_08204.jpg,0.4502461895806912,SRC_047,0.0,48.028677,N-spring
sample_08205.jpg,0.4676675521850423,SRC_047,0.0,48.028677,N-spring
sample_08206.jpg,0.4040835789586195,SRC_087,0.0,54.65824,N-summer
sample_08207.jpg,0.5017670995725092,SRC_130,25.0,37.507656,N-spring
sample_08208.jpg,0.5147729950400627,SRC_059,15.0,48.046698,N-summer
sample_08209.jpg,0.4985008109982747,SRC_106,25.0,40.638999,N-spring
sample_08210.jpg,0.4876083882486217,SRC_136,-35.0,76.922409,N-spring
sample_08211.jpg,0.4130151953353143,SRC_062,45.0,81.508965,N-autumn
sample_08212.jpg,0.3995279922109419,SRC_004,30.0,61.107468,N-autumn
sample_08213.jpg,0.43019911315501586,SRC_148,-15.0,49.227137,N-autumn
sample_08214.jpg,0.393440585497855,SRC_109,50.0,54.137665,N-summer
sample_08215.jpg,0.48904794252669914,SRC_126,-20.0,68.779144,N-summer
sample_08216.jpg,0.386164141568428,SRC_091,-40.0,72.511342,N-summer
sample_08217.jpg,0.47952207432609145,SRC_121,25.0,67.446292,N-autumn
sample_08218.jpg,0.42119973091171425,SRC_009,-25.0,73.827745,N-spring
sample_08219.jpg,0.38611863645202943,SRC_151,-15.0,63.408071,N-summer
sample_08220.jpg,0.3899902596178036,SRC_018,-90.0,67.882485,N-winter
sample_08221.jpg,0.38239950125445105,SRC_058,30.0,69.060883,N-autumn
sample_08222.jpg,0.4800172346813703,SRC_069,25.0,48.120522,N-summer
sample_08223.jpg,0.38605336170143756,SRC_134,-30.0,69.607895,N-spring
sample_08224.jpg,0.39371651729189194,SRC_171,-35.0,63.65778,N-spring
sample_08225.jpg,0.38797161287027404,SRC_030,-25.0,67.936804,N-spring
sample_08226.jpg,0.48772051361675073,SRC_063,25.0,41.329237,N-spring
sample_08227.jpg,0.3894047146532268,SRC_136,-35.0,76.922409,N-spring
sample_08228.jpg,0.4833166331380324,SRC_009,-25.0,73.827745,N-spring
sample_08229.jpg,0.487179554164773,SRC_099,15.0,42.024472,N-spring
sample_08230.jpg,0.4100240116768054,SRC_097,0.0,35.318175,N-winter
sample_08231.jpg,0.3994487509961421,SRC_007,20.0,49.485932,N-winter
sample_08232.jpg,0.3961509889661474,SRC_116,5.0,41.203028,N-spring
sample_08233.jpg,0.376248643571597,SRC_063,25.0,41.329237,N-spring
sample_08234.jpg,0.4876552776797715,SRC_094,20.0,66.934532,N-autumn
sample_08235.jpg,0.42455401662145953,SRC_111,-35.0,79.069883,N-spring
sample_08236.jpg,0.402278276896712,SRC_115,25.0,41.8845,N-spring
sample_08237.jpg,0.4045242334114688,SRC_006,-15.0,65.638079,N-spring
sample_08238.jpg,0.41710104297741946,SRC_133,-10.0,48.887369,N-spring
sample_08239.jpg,0.4790936662071962,SRC_051,20.0,63.609319,N-autumn
sample_08240.jpg,0.41422784584746325,SRC_095,-20.0,56.495654,N-spring
sample_08241.jpg,0.3823257448372453,SRC_037,15.0,44.468297,N-spring
sample_08242.jpg,0.39032678885231703,SRC_004,30.0,61.107468,N-autumn
sample_08243.jpg,0.4027492812393798,SRC_006,-15.0,65.638079,N-spring
sample_08244.jpg,0.38141518886613496,SRC_042,10.0,36.92431,N-spring
sample_08245.jpg,0.4701358399302219,SRC_168,90.0,64.709631,N-summer
sample_08246.jpg,0.3857168265941983,SRC_091,-40.0,72.511342,N-summer
sample_08247.jpg,0.4101159736296179,SRC_009,-25.0,73.827745,N-spring
sample_08248.jpg,0.3775018953997762,SRC_013,50.0,54.051464,N-spring
sample_08249.jpg,0.3885508275185159,SRC_027,35.0,41.369436,N-spring
sample_08250.jpg,0.4156116939606799,SRC_001,-5.0,51.987197,N-spring
sample_08251.jpg,0.3717463413455322,SRC_090,50.0,47.196626,N-summer
sample_08252.jpg,0.4169112179218398,SRC_092,5.0,57.429528,N-autumn
sample_08253.jpg,0.43105180046567015,SRC_011,-20.0,70.371153,N-summer
sample_08254.jpg,0.49915470045492444,SRC_161,5.0,52.294471,N-summer
sample_08255.jpg,0.5249764815605202,SRC_002,40.0,45.868768,N-summer
sample_08256.jpg,0.4956185017424877,SRC_131,10.0,60.540464,N-autumn
sample_08257.jpg,0.4232382694873248,SRC_111,-35.0,79.069883,N-spring
sample_08258.jpg,0.48184312555014336,SRC_027,35.0,41.369436,N-spring
sample_08259.jpg,0.4814443120683586,SRC_014,-40.0,38.480327,N-winter
sample_08260.jpg,0.47394332018772023,SRC_027,35.0,41.369436,N-spring
sample_08261.jpg,0.5150210767119192,SRC_036,5.0,52.749586,N-summer
sample_08262.jpg,0.43292311638544956,SRC_148,-15.0,49.227137,N-autumn
sample_08263.jpg,0.41491349827142654,SRC_068,0.0,56.216196,N-summer
sample_08264.jpg,0.5078689911831685,SRC_098,-45.0,70.730178,N-summer
sample_08265.jpg,0.5064892286358972,SRC_130,25.0,37.507656,N-spring
sample_08266.jpg,0.4162602402243515,SRC_061,50.0,43.110277,N-spring
sample_08267.jpg,0.40006729687923137,SRC_103,-35.0,57.090396,N-autumn
sample_08268.jpg,0.39615261671441954,SRC_027,35.0,41.369436,N-spring
sample_08269.jpg,0.48078231057392096,SRC_004,30.0,61.107468,N-autumn
sample_08270.jpg,0.4909039636270549,SRC_106,25.0,40.638999,N-spring
sample_08271.jpg,0.38176001544184657,SRC_108,-40.0,68.856247,N-summer
sample_08272.jpg,0.4030643356959914,SRC_009,-25.0,73.827745,N-spring
sample_08273.jpg,0.4945386373228541,SRC_059,15.0,48.046698,N-summer
sample_08274.jpg,0.37308504875877935,SRC_041,15.0,46.712049,N-summer
sample_08275.jpg,0.3993628985403563,SRC_103,-35.0,57.090396,N-autumn
sample_08276.jpg,0.3965411342963051,SRC_108,-40.0,68.856247,N-summer
sample_08277.jpg,0.4874195673252687,SRC_026,90.0,57.238404,N-spring
sample_08278.jpg,0.3836703430002336,SRC_021,-90.0,68.040851,N-autumn
sample_08279.jpg,0.3756810476232876,SRC_157,40.0,44.22455,N-summer
sample_08280.jpg,0.402645551100974,SRC_126,-20.0,68.779144,N-summer
sample_08281.jpg,0.3861257285566647,SRC_156,10.0,48.737382,N-summer
sample_08282.jpg,0.38223695545604097,SRC_075,-90.0,65.329336,N-winter
sample_08283.jpg,0.37487334886647944,SRC_013,50.0,54.051464,N-spring
sample_08284.jpg,0.454594092648834,SRC_101,5.0,48.479381,N-winter
sample_08285.jpg,0.3835529439468454,SRC_108,-40.0,68.856247,N-summer
sample_08286.jpg,0.3976840442530852,SRC_051,20.0,63.609319,N-autumn
sample_08287.jpg,0.40062720499373317,SRC_040,90.0,57.651744,N-spring
sample_08288.jpg,0.5288044656978144,SRC_154,0.0,54.770875,N-summer
sample_08289.jpg,0.4213803206650981,SRC_097,0.0,35.318175,N-winter
sample_08290.jpg,0.40818065176606844,SRC_055,-5.0,57.335076,N-spring
sample_08291.jpg,0.4837861899231914,SRC_114,-10.0,58.176498,N-autumn
sample_08292.jpg,0.3955372857031809,SRC_158,-5.0,35.954137,N-winter
sample_08293.jpg,0.3977736201481322,SRC_165,10.0,42.451267,N-winter
sample_08294.jpg,0.42329069194742547,SRC_023,-10.0,50.837437,N-spring
sample_08295.jpg,0.44955298196108584,SRC_047,0.0,48.028677,N-spring
sample_08296.jpg,0.3919642475655888,SRC_108,-40.0,68.856247,N-summer
sample_08297.jpg,0.5105811082170426,SRC_078,15.0,40.437008,N-spring
sample_08298.jpg,0.3792057995550233,SRC_004,30.0,61.107468,N-autumn
sample_08299.jpg,0.38934888078527297,SRC_076,25.0,63.632584,N-autumn
sample_08300.jpg,0.44032815392348146,SRC_080,-25.0,69.726065,N-summer
sample_08301.jpg,0.3820116275337572,SRC_169,40.0,48.615664,N-summer
sample_08302.jpg,0.39064301206930196,SRC_014,-40.0,38.480327,N-winter
sample_08303.jpg,0.47581176271232434,SRC_143,90.0,68.916652,N-spring
sample_08304.jpg,0.3922171096403907,SRC_134,-30.0,69.607895,N-spring
sample_08305.jpg,0.41402943786153107,SRC_122,-5.0,57.310506,N-summer
sample_08306.jpg,0.44171521455816104,SRC_050,0.0,53.680047,N-summer
sample_08307.jpg,0.4332392285566929,SRC_013,50.0,54.051464,N-spring
sample_08308.jpg,0.3932924029925711,SRC_144,-35.0,76.731052,N-spring
sample_08309.jpg,0.5155811266723674,SRC_108,-40.0,68.856247,N-summer
sample_08310.jpg,0.4036280615727049,SRC_006,-15.0,65.638079,N-spring
sample_08311.jpg,0.40274363713854555,SRC_089,10.0,48.442522,N-winter
sample_08312.jpg,0.3883406820891536,SRC_109,50.0,54.137665,N-summer
sample_08313.jpg,0.4473133387265191,SRC_111,-35.0,79.069883,N-spring
sample_08314.jpg,0.4220424308974916,SRC_124,0.0,51.928413,N-summer
sample_08315.jpg,0.4147286506198122,SRC_145,-5.0,52.15166,N-spring
sample_08316.jpg,0.38119156958211614,SRC_171,-35.0,63.65778,N-spring
sample_08317.jpg,0.5190608639384949,SRC_125,-5.0,52.428603,N-spring
sample_08318.jpg,0.44150605547354005,SRC_126,-20.0,68.779144,N-summer
sample_08319.jpg,0.5064691634557773,SRC_099,15.0,42.024472,N-spring
sample_08320.jpg,0.3837573310620141,SRC_114,-10.0,58.176498,N-autumn
sample_08321.jpg,0.3967406245218336,SRC_134,-30.0,69.607895,N-spring
sample_08322.jpg,0.46299782325850014,SRC_069,25.0,48.120522,N-summer
sample_08323.jpg,0.4401313545250501,SRC_080,-25.0,69.726065,N-summer
sample_08324.jpg,0.37839082864885737,SRC_108,-40.0,68.856247,N-summer
sample_08325.jpg,0.3893805736498613,SRC_034,40.0,46.055099,N-summer
sample_08326.jpg,0.40306927430447265,SRC_131,10.0,60.540464,N-autumn
sample_08327.jpg,0.5031726401668992,SRC_081,-90.0,74.772433,N-autumn
sample_08328.jpg,0.4058412209765746,SRC_103,-35.0,57.090396,N-autumn
sample_08329.jpg,0.422968880955069,SRC_106,25.0,40.638999,N-spring
sample_08330.jpg,0.4062398080732943,SRC_100,20.0,41.506528,N-spring
sample_08331.jpg,0.5133889974378267,SRC_141,-10.0,55.206291,N-spring
sample_08332.jpg,0.4108685902963445,SRC_121,25.0,67.446292,N-autumn
sample_08333.jpg,0.4204989974398224,SRC_050,0.0,53.680047,N-summer
sample_08334.jpg,0.3936894247919801,SRC_027,35.0,41.369436,N-spring
sample_08335.jpg,0.39126065555345063,SRC_096,25.0,40.422288,N-spring
sample_08336.jpg,0.3960133433839424,SRC_004,30.0,61.107468,N-autumn
sample_08337.jpg,0.420337586594661,SRC_070,60.0,58.788969,N-summer
sample_08338.jpg,0.3935066838521261,SRC_134,-30.0,69.607895,N-spring
sample_08339.jpg,0.39372080114663993,SRC_030,-25.0,67.936804,N-spring
sample_08340.jpg,0.5017363631987865,SRC_118,35.0,49.493581,N-summer
sample_08341.jpg,0.39303954409250597,SRC_084,-10.0,58.957849,N-summer
sample_08342.jpg,0.39439651137652304,SRC_158,-5.0,35.954137,N-winter
sample_08343.jpg,0.43989904460245405,SRC_133,-10.0,48.887369,N-spring
sample_08344.jpg,0.39096947644897007,SRC_091,-40.0,72.511342,N-summer
sample_08345.jpg,0.4034223080020916,SRC_009,-25.0,73.827745,N-spring
sample_08346.jpg,0.4042290946347495,SRC_088,0.0,53.004483,N-summer
sample_08347.jpg,0.4008627155278477,SRC_107,20.0,65.68027,N-autumn
sample_08348.jpg,0.40197571128544973,SRC_153,-40.0,43.960452,N-autumn
sample_08349.jpg,0.4991633008418665,SRC_026,90.0,57.238404,N-spring
sample_08350.jpg,0.39024298213561337,SRC_004,30.0,61.107468,N-autumn
sample_08351.jpg,0.38066061789018574,SRC_063,25.0,41.329237,N-spring
sample_08352.jpg,0.3789382037237732,SRC_121,25.0,67.446292,N-autumn
sample_08353.jpg,0.3765829947106055,SRC_042,10.0,36.92431,N-spring
sample_08354.jpg,0.40943638190147347,SRC_121,25.0,67.446292,N-autumn
sample_08355.jpg,0.39743254919561066,SRC_053,-90.0,74.406575,N-winter
sample_08356.jpg,0.40869520233796724,SRC_129,20.0,41.057252,N-spring
sample_08357.jpg,0.38876857196167636,SRC_063,25.0,41.329237,N-spring
sample_08358.jpg,0.38907698670997226,SRC_066,-10.0,61.81065,N-summer
sample_08359.jpg,0.3987994062037184,SRC_170,-20.0,56.332579,N-autumn
sample_08360.jpg,0.4193636206488246,SRC_111,-35.0,79.069883,N-spring
sample_08361.jpg,0.3808332103454787,SRC_141,-10.0,55.206291,N-spring
sample_08362.jpg,0.4778157517401751,SRC_106,25.0,40.638999,N-spring
sample_08363.jpg,0.39450223749514957,SRC_059,15.0,48.046698,N-summer
sample_08364.jpg,0.4060550096001997,SRC_063,25.0,41.329237,N-spring
sample_08365.jpg,0.5090658730544637,SRC_027,35.0,41.369436,N-spring
sample_08366.jpg,0.3780805604237084,SRC_013,50.0,54.051464,N-spring
sample_08367.jpg,0.3839855539727285,SRC_073,45.0,41.537171,N-spring
sample_08368.jpg,0.3916151693954443,SRC_082,-10.0,60.444036,N-spring
sample_08369.jpg,0.39077307718829657,SRC_121,25.0,67.446292,N-autumn
sample_08370.jpg,0.38515699073093906,SRC_066,-10.0,61.81065,N-summer
sample_08371.jpg,0.45346723689645485,SRC_029,-5.0,45.485648,N-autumn
sample_08372.jpg,0.4482472729784715,SRC_142,-30.0,34.276784,N-winter
sample_08373.jpg,0.38732712595288193,SRC_076,25.0,63.632584,N-autumn
sample_08374.jpg,0.47873856780698887,SRC_001,-5.0,51.987197,N-spring
sample_08375.jpg,0.4258891574425648,SRC_097,0.0,35.318175,N-winter
sample_08376.jpg,0.39763895811094846,SRC_009,-25.0,73.827745,N-spring
sample_08377.jpg,0.42195591896194307,SRC_074,0.0,50.25459,N-spring
sample_08378.jpg,0.4854018460800691,SRC_004,30.0,61.107468,N-autumn
sample_08379.jpg,0.5154105216806018,SRC_091,-40.0,72.511342,N-summer
sample_08380.jpg,0.4039763759181584,SRC_021,-90.0,68.040851,N-autumn
sample_08381.jpg,0.3846485495955623,SRC_021,-90.0,68.040851,N-autumn
sample_08382.jpg,0.38689864074015723,SRC_056,-40.0,74.660587,N-summer
sample_08383.jpg,0.4706255097254237,SRC_096,25.0,40.422288,N-spring
sample_08384.jpg,0.4900413724242128,SRC_087,0.0,54.65824,N-summer
sample_08385.jpg,0.36605430510354037,SRC_028,10.0,42.894848,N-spring
sample_08386.jpg,0.3960911359425975,SRC_127,-35.0,47.507974,N-autumn
sample_08387.jpg,0.4099261727138558,SRC_095,-20.0,56.495654,N-spring
sample_08388.jpg,0.3881131644506291,SRC_077,-5.0,34.299081,N-winter
sample_08389.jpg,0.40143481543088055,SRC_048,-25.0,61.920556,N-autumn
sample_08390.jpg,0.4045308505717934,SRC_111,-35.0,79.069883,N-spring
sample_08391.jpg,0.38207388861261193,SRC_095,-20.0,56.495654,N-spring
sample_08392.jpg,0.5256275687818068,SRC_070,60.0,58.788969,N-summer
sample_08393.jpg,0.5322986400960172,SRC_065,30.0,68.700871,N-winter
sample_08394.jpg,0.39836000122877546,SRC_040,90.0,57.651744,N-spring
sample_08395.jpg,0.3719433956857311,SRC_003,0.0,38.090051,N-spring
sample_08396.jpg,0.5016212331358352,SRC_006,-15.0,65.638079,N-spring
sample_08397.jpg,0.41454048308184016,SRC_095,-20.0,56.495654,N-spring
sample_08398.jpg,0.3806999584647479,SRC_108,-40.0,68.856247,N-summer
sample_08399.jpg,0.40158891448598943,SRC_089,10.0,48.442522,N-winter
sample_08400.jpg,0.40565591986255145,SRC_121,25.0,67.446292,N-autumn
sample_08401.jpg,0.3899873815142135,SRC_021,-90.0,68.040851,N-autumn
sample_08402.jpg,0.49157871552671784,SRC_005,0.0,55.846781,N-summer
sample_08403.jpg,0.39176990539832096,SRC_030,-25.0,67.936804,N-spring
sample_08404.jpg,0.39630649007654306,SRC_108,-40.0,68.856247,N-summer
sample_08405.jpg,0.39444922409602823,SRC_103,-35.0,57.090396,N-autumn
sample_08406.jpg,0.3858882840184884,SRC_030,-25.0,67.936804,N-spring
sample_08407.jpg,0.3961153195827684,SRC_171,-35.0,63.65778,N-spring
sample_08408.jpg,0.4606473852882342,SRC_146,10.0,58.0428,N-summer
sample_08409.jpg,0.4953520852956278,SRC_148,-15.0,49.227137,N-autumn
sample_08410.jpg,0.40178185868689126,SRC_153,-40.0,43.960452,N-autumn
sample_08411.jpg,0.3898396671928914,SRC_021,-90.0,68.040851,N-autumn
sample_08412.jpg,0.3856275645862454,SRC_056,-40.0,74.660587,N-summer
sample_08413.jpg,0.4236175558088565,SRC_055,-5.0,57.335076,N-spring
sample_08414.jpg,0.3952466520497032,SRC_085,0.0,39.187341,N-spring
sample_08415.jpg,0.3767505627089229,SRC_108,-40.0,68.856247,N-summer
sample_08416.jpg,0.39146920913448413,SRC_009,-25.0,73.827745,N-spring
sample_08417.jpg,0.47663845463735893,SRC_152,30.0,40.69576,N-spring
sample_08418.jpg,0.4247219452196063,SRC_056,-40.0,74.660587,N-summer
sample_08419.jpg,0.3896107052601105,SRC_006,-15.0,65.638079,N-spring
sample_08420.jpg,0.48826516977350065,SRC_006,-15.0,65.638079,N-spring
sample_08421.jpg,0.4083847757402652,SRC_145,-5.0,52.15166,N-spring
sample_08422.jpg,0.44863456473444396,SRC_077,-5.0,34.299081,N-winter
sample_08423.jpg,0.5001019493796941,SRC_038,-15.0,32.097448,N-winter
sample_08424.jpg,0.39092219422353436,SRC_041,15.0,46.712049,N-summer
sample_08425.jpg,0.39077228415332,SRC_092,5.0,57.429528,N-autumn
sample_08426.jpg,0.4075954163237007,SRC_085,0.0,39.187341,N-spring
sample_08427.jpg,0.39599605895776885,SRC_165,10.0,42.451267,N-winter
sample_08428.jpg,0.46453030437527143,SRC_069,25.0,48.120522,N-summer
sample_08429.jpg,0.40949767271623916,SRC_040,90.0,57.651744,N-spring
sample_08430.jpg,0.3785759545382862,SRC_030,-25.0,67.936804,N-spring
sample_08431.jpg,0.45954867110859887,SRC_119,90.0,58.642683,N-spring
sample_08432.jpg,0.4017763109671111,SRC_063,25.0,41.329237,N-spring
sample_08433.jpg,0.49435470606046855,SRC_066,-10.0,61.81065,N-summer
sample_08434.jpg,0.39843728950519064,SRC_013,50.0,54.051464,N-spring
sample_08435.jpg,0.38286039161384056,SRC_004,30.0,61.107468,N-autumn
sample_08436.jpg,0.4719278404059861,SRC_140,35.0,44.85556,N-spring
sample_08437.jpg,0.41891818266901043,SRC_048,-25.0,61.920556,N-autumn
sample_08438.jpg,0.41833622333896203,SRC_042,10.0,36.92431,N-spring
sample_08439.jpg,0.39689960938629315,SRC_121,25.0,67.446292,N-autumn
sample_08440.jpg,0.49039883719110444,SRC_069,25.0,48.120522,N-summer
sample_08441.jpg,0.41860561424162546,SRC_103,-35.0,57.090396,N-autumn
sample_08442.jpg,0.3970389016415464,SRC_040,90.0,57.651744,N-spring
sample_08443.jpg,0.3783283852028698,SRC_099,15.0,42.024472,N-spring
sample_08444.jpg,0.3753122047873054,SRC_009,-25.0,73.827745,N-spring
sample_08445.jpg,0.3873324562728996,SRC_030,-25.0,67.936804,N-spring
sample_08446.jpg,0.4639314857595263,SRC_006,-15.0,65.638079,N-spring
sample_08447.jpg,0.4411678934372031,SRC_115,25.0,41.8845,N-spring
sample_08448.jpg,0.3944892301500421,SRC_112,-30.0,67.516648,N-spring
sample_08449.jpg,0.4338870431741282,SRC_131,10.0,60.540464,N-autumn
sample_08450.jpg,0.48452177105007754,SRC_101,5.0,48.479381,N-winter
sample_08451.jpg,0.4077637189190805,SRC_078,15.0,40.437008,N-spring
sample_08452.jpg,0.4048879142324885,SRC_048,-25.0,61.920556,N-autumn
sample_08453.jpg,0.40965859907566166,SRC_047,0.0,48.028677,N-spring
sample_08454.jpg,0.4020646967847047,SRC_009,-25.0,73.827745,N-spring
sample_08455.jpg,0.5191620052084183,SRC_108,-40.0,68.856247,N-summer
sample_08456.jpg,0.3987600386112548,SRC_076,25.0,63.632584,N-autumn
sample_08457.jpg,0.3965444269424657,SRC_013,50.0,54.051464,N-spring
sample_08458.jpg,0.3897456898778239,SRC_014,-40.0,38.480327,N-winter
sample_08459.jpg,0.5046401495284346,SRC_111,-35.0,79.069883,N-spring
sample_08460.jpg,0.4994359173637924,SRC_026,90.0,57.238404,N-spring
sample_08461.jpg,0.4835171372524739,SRC_112,-30.0,67.516648,N-spring
sample_08462.jpg,0.3933647405654632,SRC_121,25.0,67.446292,N-autumn
sample_08463.jpg,0.3827185776951885,SRC_126,-20.0,68.779144,N-summer
sample_08464.jpg,0.38848274794343857,SRC_014,-40.0,38.480327,N-winter
sample_08465.jpg,0.41267569323185693,SRC_127,-35.0,47.507974,N-autumn
sample_08466.jpg,0.48096097271712895,SRC_037,15.0,44.468297,N-spring
sample_08467.jpg,0.47960625327052586,SRC_018,-90.0,67.882485,N-winter
sample_08468.jpg,0.4858544454551308,SRC_069,25.0,48.120522,N-summer
sample_08469.jpg,0.40375964148611787,SRC_097,0.0,35.318175,N-winter
sample_08470.jpg,0.3899043224573421,SRC_021,-90.0,68.040851,N-autumn
sample_08471.jpg,0.4162763423493785,SRC_030,-25.0,67.936804,N-spring
sample_08472.jpg,0.38809272714015186,SRC_098,-45.0,70.730178,N-summer
sample_08473.jpg,0.4027776167126119,SRC_109,50.0,54.137665,N-summer
sample_08474.jpg,0.3985661267131179,SRC_004,30.0,61.107468,N-autumn
sample_08475.jpg,0.44025210186415425,SRC_123,0.0,54.598149,N-autumn
sample_08476.jpg,0.4030723969245405,SRC_139,40.0,53.533251,N-winter
sample_08477.jpg,0.45000238014899424,SRC_054,5.0,37.41608,N-winter
sample_08478.jpg,0.3941611659519882,SRC_100,20.0,41.506528,N-spring
sample_08479.jpg,0.41699486949322273,SRC_133,-10.0,48.887369,N-spring
sample_08480.jpg,0.42085202263317134,SRC_144,-35.0,76.731052,N-spring
sample_08481.jpg,0.4401962498981461,SRC_049,5.0,42.94902,N-spring
sample_08482.jpg,0.4786553339636178,SRC_122,-5.0,57.310506,N-summer
sample_08483.jpg,0.48061973153005744,SRC_113,-35.0,36.668707,N-winter
sample_08484.jpg,0.3975407097159943,SRC_092,5.0,57.429528,N-autumn
sample_08485.jpg,0.4349544104313624,SRC_113,-35.0,36.668707,N-winter
sample_08486.jpg,0.38557569317134516,SRC_114,-10.0,58.176498,N-autumn
sample_08487.jpg,0.46088767801167074,SRC_131,10.0,60.540464,N-autumn
sample_08488.jpg,0.38325373807418683,SRC_116,5.0,41.203028,N-spring
sample_08489.jpg,0.4699974468631097,SRC_111,-35.0,79.069883,N-spring
sample_08490.jpg,0.4404462453588103,SRC_148,-15.0,49.227137,N-autumn
sample_08491.jpg,0.3905203676604762,SRC_027,35.0,41.369436,N-spring
sample_08492.jpg,0.46097354050274253,SRC_114,-10.0,58.176498,N-autumn
sample_08493.jpg,0.4651911674100604,SRC_148,-15.0,49.227137,N-autumn
sample_08494.jpg,0.37715476827713756,SRC_041,15.0,46.712049,N-summer
sample_08495.jpg,0.3818526191741893,SRC_004,30.0,61.107468,N-autumn
sample_08496.jpg,0.3782644982231155,SRC_140,35.0,44.85556,N-spring
sample_08497.jpg,0.3750605810261185,SRC_013,50.0,54.051464,N-spring
sample_08498.jpg,0.39401768200308274,SRC_171,-35.0,63.65778,N-spring
sample_08499.jpg,0.3881063541289683,SRC_139,40.0,53.533251,N-winter
sample_08500.jpg,0.4733761254197367,SRC_058,30.0,69.060883,N-autumn
sample_08501.jpg,0.3871176197885794,SRC_108,-40.0,68.856247,N-summer
sample_08502.jpg,0.4756334846983389,SRC_135,5.0,41.328761,N-winter
sample_08503.jpg,0.4086873592267099,SRC_006,-15.0,65.638079,N-spring
sample_08504.jpg,0.5082991422569461,SRC_106,25.0,40.638999,N-spring
sample_08505.jpg,0.3873922919924734,SRC_108,-40.0,68.856247,N-summer
sample_08506.jpg,0.4855287128771647,SRC_114,-10.0,58.176498,N-autumn
sample_08507.jpg,0.42240056778612944,SRC_013,50.0,54.051464,N-spring
sample_08508.jpg,0.4266134138826426,SRC_112,-30.0,67.516648,N-spring
sample_08509.jpg,0.3975919761113061,SRC_084,-10.0,58.957849,N-summer
sample_08510.jpg,0.5013594762331562,SRC_153,-40.0,43.960452,N-autumn
sample_08511.jpg,0.5109901173920889,SRC_103,-35.0,57.090396,N-autumn
sample_08512.jpg,0.4063108441902023,SRC_095,-20.0,56.495654,N-spring
sample_08513.jpg,0.5132395517714065,SRC_001,-5.0,51.987197,N-spring
sample_08514.jpg,0.44217594777236896,SRC_148,-15.0,49.227137,N-autumn
sample_08515.jpg,0.38926398061697287,SRC_151,-15.0,63.408071,N-summer
sample_08516.jpg,0.38384054179499694,SRC_013,50.0,54.051464,N-spring
sample_08517.jpg,0.39720277571218693,SRC_021,-90.0,68.040851,N-autumn
sample_08518.jpg,0.5274156598296071,SRC_028,10.0,42.894848,N-spring
sample_08519.jpg,0.38598094727798166,SRC_065,30.0,68.700871,N-winter
sample_08520.jpg,0.3917710116862334,SRC_093,-25.0,43.343655,N-autumn
sample_08521.jpg,0.39200945261092557,SRC_131,10.0,60.540464,N-autumn
sample_08522.jpg,0.39196113923832354,SRC_091,-40.0,72.511342,N-summer
sample_08523.jpg,0.5055019493024376,SRC_052,5.0,51.705435,N-summer
sample_08524.jpg,0.39684499433285486,SRC_121,25.0,67.446292,N-autumn
sample_08525.jpg,0.4806920563341076,SRC_040,90.0,57.651744,N-spring
sample_08526.jpg,0.51681614370988,SRC_103,-35.0,57.090396,N-autumn
sample_08527.jpg,0.45397691833984793,SRC_103,-35.0,57.090396,N-autumn
sample_08528.jpg,0.4670621286112544,SRC_066,-10.0,61.81065,N-summer
sample_08529.jpg,0.387690567618718,SRC_171,-35.0,63.65778,N-spring
sample_08530.jpg,0.4047235019058718,SRC_153,-40.0,43.960452,N-autumn
sample_08531.jpg,0.3924524004966906,SRC_038,-15.0,32.097448,N-winter
sample_08532.jpg,0.518321661659546,SRC_158,-5.0,35.954137,N-winter
sample_08533.jpg,0.4830693384186726,SRC_057,-5.0,57.599617,N-summer
sample_08534.jpg,0.42822198884582063,SRC_061,50.0,43.110277,N-spring
sample_08535.jpg,0.37023823402734,SRC_041,15.0,46.712049,N-summer
sample_08536.jpg,0.40001845556260845,SRC_139,40.0,53.533251,N-winter
sample_08537.jpg,0.42848095758310356,SRC_013,50.0,54.051464,N-spring
sample_08538.jpg,0.4981094726413343,SRC_040,90.0,57.651744,N-spring
sample_08539.jpg,0.4033330379109552,SRC_115,25.0,41.8845,N-spring
sample_08540.jpg,0.38879046626764174,SRC_037,15.0,44.468297,N-spring
sample_08541.jpg,0.42624844155112845,SRC_059,15.0,48.046698,N-summer
sample_08542.jpg,0.38506456689744695,SRC_159,20.0,67.076816,N-autumn
sample_08543.jpg,0.5043378033937056,SRC_071,20.0,40.070501,N-spring
sample_08544.jpg,0.5354528943186536,SRC_059,15.0,48.046698,N-summer
sample_08545.jpg,0.4430703165727713,SRC_107,20.0,65.68027,N-autumn
sample_08546.jpg,0.39739495822143855,SRC_124,0.0,51.928413,N-summer
sample_08547.jpg,0.4845296303692182,SRC_166,90.0,60.094207,N-spring
sample_08548.jpg,0.3997470360330099,SRC_087,0.0,54.65824,N-summer
sample_08549.jpg,0.49726948159005185,SRC_081,-90.0,74.772433,N-autumn
sample_08550.jpg,0.4071571512180542,SRC_160,-10.0,50.604377,N-autumn
sample_08551.jpg,0.4551373659368599,SRC_038,-15.0,32.097448,N-winter
sample_08552.jpg,0.48714536217449805,SRC_134,-30.0,69.607895,N-spring
sample_08553.jpg,0.50616598741363,SRC_112,-30.0,67.516648,N-spring
sample_08554.jpg,0.3824881979206304,SRC_141,-10.0,55.206291,N-spring
sample_08555.jpg,0.4254723354822735,SRC_009,-25.0,73.827745,N-spring
sample_08556.jpg,0.5044974812578522,SRC_013,50.0,54.051464,N-spring
sample_08557.jpg,0.3999553929797561,SRC_158,-5.0,35.954137,N-winter
sample_08558.jpg,0.40982791698193977,SRC_029,-5.0,45.485648,N-autumn
sample_08559.jpg,0.4962736356290144,SRC_095,-20.0,56.495654,N-spring
sample_08560.jpg,0.4003276122182579,SRC_094,20.0,66.934532,N-autumn
sample_08561.jpg,0.4044702293795611,SRC_014,-40.0,38.480327,N-winter
sample_08562.jpg,0.38048311997888035,SRC_099,15.0,42.024472,N-spring
sample_08563.jpg,0.3740955290284716,SRC_063,25.0,41.329237,N-spring
sample_08564.jpg,0.4662312314462918,SRC_119,90.0,58.642683,N-spring
sample_08565.jpg,0.46538844507392463,SRC_108,-40.0,68.856247,N-summer
sample_08566.jpg,0.4570766095708077,SRC_026,90.0,57.238404,N-spring
sample_08567.jpg,0.388430913051412,SRC_013,50.0,54.051464,N-spring
sample_08568.jpg,0.4055792960846617,SRC_051,20.0,63.609319,N-autumn
sample_08569.jpg,0.3939547262227197,SRC_158,-5.0,35.954137,N-winter
sample_08570.jpg,0.48745170036630653,SRC_151,-15.0,63.408071,N-summer
sample_08571.jpg,0.3879735832535578,SRC_169,40.0,48.615664,N-summer
sample_08572.jpg,0.3952223467707,SRC_076,25.0,63.632584,N-autumn
sample_08573.jpg,0.4098033121010899,SRC_048,-25.0,61.920556,N-autumn
sample_08574.jpg,0.3768637085465847,SRC_063,25.0,41.329237,N-spring
sample_08575.jpg,0.38887481875568497,SRC_083,0.0,55.378885,N-spring
sample_08576.jpg,0.3803133197319387,SRC_030,-25.0,67.936804,N-spring
sample_08577.jpg,0.38655114851431555,SRC_133,-10.0,48.887369,N-spring
sample_08578.jpg,0.41432226915071385,SRC_106,25.0,40.638999,N-spring
sample_08579.jpg,0.38926512469271246,SRC_125,-5.0,52.428603,N-spring
sample_08580.jpg,0.48134257527225177,SRC_071,20.0,40.070501,N-spring
sample_08581.jpg,0.49341852095942845,SRC_170,-20.0,56.332579,N-autumn
sample_08582.jpg,0.4859761712318198,SRC_149,90.0,55.701783,N-summer
sample_08583.jpg,0.3911889044473432,SRC_124,0.0,51.928413,N-summer
sample_08584.jpg,0.43193895331873244,SRC_115,25.0,41.8845,N-spring
sample_08585.jpg,0.39943848122496084,SRC_073,45.0,41.537171,N-spring
sample_08586.jpg,0.45062384544329515,SRC_065,30.0,68.700871,N-winter
sample_08587.jpg,0.41109122025547873,SRC_021,-90.0,68.040851,N-autumn
sample_08588.jpg,0.3942257927037206,SRC_157,40.0,44.22455,N-summer
sample_08589.jpg,0.3888734239965742,SRC_112,-30.0,67.516648,N-spring
sample_08590.jpg,0.4707853695220886,SRC_049,5.0,42.94902,N-spring
sample_08591.jpg,0.39099701647803525,SRC_158,-5.0,35.954137,N-winter
sample_08592.jpg,0.5171779015266664,SRC_032,-5.0,52.490186,N-spring
sample_08593.jpg,0.42585047962894507,SRC_047,0.0,48.028677,N-spring
sample_08594.jpg,0.5183749152761699,SRC_074,0.0,50.25459,N-spring
sample_08595.jpg,0.3959286273127174,SRC_057,-5.0,57.599617,N-summer
sample_08596.jpg,0.4674308722343417,SRC_076,25.0,63.632584,N-autumn
sample_08597.jpg,0.48675969929913626,SRC_067,-15.0,64.724247,N-spring
sample_08598.jpg,0.5058392925744971,SRC_098,-45.0,70.730178,N-summer
sample_08599.jpg,0.394311627347263,SRC_140,35.0,44.85556,N-spring
sample_08600.jpg,0.48534332105204453,SRC_169,40.0,48.615664,N-summer
sample_08601.jpg,0.38143703947400825,SRC_140,35.0,44.85556,N-spring
sample_08602.jpg,0.40952023604511556,SRC_030,-25.0,67.936804,N-spring
sample_08603.jpg,0.46078589634715816,SRC_158,-5.0,35.954137,N-winter
sample_08604.jpg,0.3964640463715451,SRC_009,-25.0,73.827745,N-spring
sample_08605.jpg,0.3989577441321946,SRC_095,-20.0,56.495654,N-spring
sample_08606.jpg,0.4787157932847948,SRC_071,20.0,40.070501,N-spring
sample_08607.jpg,0.4018757318111933,SRC_004,30.0,61.107468,N-autumn
sample_08608.jpg,0.3839762929339376,SRC_030,-25.0,67.936804,N-spring
sample_08609.jpg,0.4845919422972906,SRC_011,-20.0,70.371153,N-summer
sample_08610.jpg,0.41583331363396986,SRC_165,10.0,42.451267,N-winter
sample_08611.jpg,0.4412269055735303,SRC_112,-30.0,67.516648,N-spring
sample_08612.jpg,0.39431996124335145,SRC_029,-5.0,45.485648,N-autumn
sample_08613.jpg,0.3990063661681479,SRC_016,10.0,55.552023,N-winter
sample_08614.jpg,0.4067488108127679,SRC_020,35.0,42.075965,N-summer
sample_08615.jpg,0.3824602322016063,SRC_034,40.0,46.055099,N-summer
sample_08616.jpg,0.38290713822123285,SRC_169,40.0,48.615664,N-summer
sample_08617.jpg,0.4122120009894584,SRC_107,20.0,65.68027,N-autumn
sample_08618.jpg,0.4002879384709179,SRC_103,-35.0,57.090396,N-autumn
sample_08619.jpg,0.38632420371324766,SRC_169,40.0,48.615664,N-summer
sample_08620.jpg,0.3907626272773803,SRC_151,-15.0,63.408071,N-summer
sample_08621.jpg,0.49648564913290516,SRC_039,90.0,70.63275,N-summer
sample_08622.jpg,0.4923813895086645,SRC_052,5.0,51.705435,N-summer
sample_08623.jpg,0.5186394618921426,SRC_108,-40.0,68.856247,N-summer
sample_08624.jpg,0.4540259926146244,SRC_094,20.0,66.934532,N-autumn
sample_08625.jpg,0.39566899630967284,SRC_140,35.0,44.85556,N-spring
sample_08626.jpg,0.39090576100661834,SRC_021,-90.0,68.040851,N-autumn
sample_08627.jpg,0.38405008703695015,SRC_087,0.0,54.65824,N-summer
sample_08628.jpg,0.46703656286945716,SRC_085,0.0,39.187341,N-spring
sample_08629.jpg,0.41875543548067345,SRC_097,0.0,35.318175,N-winter
sample_08630.jpg,0.37962507232598997,SRC_006,-15.0,65.638079,N-spring
sample_08631.jpg,0.38403251268143135,SRC_108,-40.0,68.856247,N-summer
sample_08632.jpg,0.3916202575399502,SRC_158,-5.0,35.954137,N-winter
sample_08633.jpg,0.391651665190785,SRC_087,0.0,54.65824,N-summer
sample_08634.jpg,0.3894706831613145,SRC_030,-25.0,67.936804,N-spring
sample_08635.jpg,0.38328702689821126,SRC_037,15.0,44.468297,N-spring
sample_08636.jpg,0.4113131197708594,SRC_144,-35.0,76.731052,N-spring
sample_08637.jpg,0.4137605959743994,SRC_140,35.0,44.85556,N-spring
sample_08638.jpg,0.5144110920005496,SRC_123,0.0,54.598149,N-autumn
sample_08639.jpg,0.4096367928902219,SRC_134,-30.0,69.607895,N-spring
sample_08640.jpg,0.46399924759384525,SRC_097,0.0,35.318175,N-winter
sample_08641.jpg,0.37044988578953275,SRC_002,40.0,45.868768,N-summer
sample_08642.jpg,0.39761314557997,SRC_109,50.0,54.137665,N-summer
sample_08643.jpg,0.4829321632414138,SRC_104,25.0,45.102036,N-summer
sample_08644.jpg,0.3839390449275196,SRC_015,20.0,46.484204,N-summer
sample_08645.jpg,0.4999173239792542,SRC_074,0.0,50.25459,N-spring
sample_08646.jpg,0.396113270617786,SRC_109,50.0,54.137665,N-summer
sample_08647.jpg,0.39914635753408256,SRC_112,-30.0,67.516648,N-spring
sample_08648.jpg,0.4092919034628186,SRC_088,0.0,53.004483,N-summer
sample_08649.jpg,0.39452339794182434,SRC_171,-35.0,63.65778,N-spring
sample_08650.jpg,0.3934783293640841,SRC_103,-35.0,57.090396,N-autumn
sample_08651.jpg,0.5017391629263457,SRC_104,25.0,45.102036,N-summer
sample_08652.jpg,0.43654634306444196,SRC_069,25.0,48.120522,N-summer
sample_08653.jpg,0.5079348137479801,SRC_074,0.0,50.25459,N-spring
sample_08654.jpg,0.43925080447496556,SRC_061,50.0,43.110277,N-spring
sample_08655.jpg,0.40126260592106383,SRC_089,10.0,48.442522,N-winter
sample_08656.jpg,0.3758139278025274,SRC_041,15.0,46.712049,N-summer
sample_08657.jpg,0.4033931858679013,SRC_108,-40.0,68.856247,N-summer
sample_08658.jpg,0.48130016397388875,SRC_045,-90.0,70.559818,N-autumn
sample_08659.jpg,0.39301582440958316,SRC_013,50.0,54.051464,N-spring
sample_08660.jpg,0.4998612563624178,SRC_111,-35.0,79.069883,N-spring
sample_08661.jpg,0.4299471195311506,SRC_111,-35.0,79.069883,N-spring
sample_08662.jpg,0.4244211199035168,SRC_108,-40.0,68.856247,N-summer
sample_08663.jpg,0.5286870097700915,SRC_097,0.0,35.318175,N-winter
sample_08664.jpg,0.4830505532466747,SRC_108,-40.0,68.856247,N-summer
sample_08665.jpg,0.47641713331816327,SRC_031,-90.0,62.684336,N-winter
sample_08666.jpg,0.5374922955124593,SRC_098,-45.0,70.730178,N-summer
sample_08667.jpg,0.38607813697637344,SRC_126,-20.0,68.779144,N-summer
sample_08668.jpg,0.4175394717503777,SRC_067,-15.0,64.724247,N-spring
sample_08669.jpg,0.3830352864517697,SRC_030,-25.0,67.936804,N-spring
sample_08670.jpg,0.3910925744232975,SRC_092,5.0,57.429528,N-autumn
sample_08671.jpg,0.5266240022975129,SRC_061,50.0,43.110277,N-spring
sample_08672.jpg,0.3944393494379627,SRC_158,-5.0,35.954137,N-winter
sample_08673.jpg,0.4076341774774167,SRC_021,-90.0,68.040851,N-autumn
sample_08674.jpg,0.46115632579889293,SRC_004,30.0,61.107468,N-autumn
sample_08675.jpg,0.3779734549580712,SRC_108,-40.0,68.856247,N-summer
sample_08676.jpg,0.5196798497662335,SRC_099,15.0,42.024472,N-spring
sample_08677.jpg,0.4218327404499007,SRC_165,10.0,42.451267,N-winter
sample_08678.jpg,0.3838280779430375,SRC_077,-5.0,34.299081,N-winter
sample_08679.jpg,0.42609117261852114,SRC_091,-40.0,72.511342,N-summer
sample_08680.jpg,0.39842101725529755,SRC_062,45.0,81.508965,N-autumn
sample_08681.jpg,0.40999883310283963,SRC_009,-25.0,73.827745,N-spring
sample_08682.jpg,0.38477573780100605,SRC_095,-20.0,56.495654,N-spring
sample_08683.jpg,0.46329577166782476,SRC_142,-30.0,34.276784,N-winter
sample_08684.jpg,0.47359299497911095,SRC_067,-15.0,64.724247,N-spring
sample_08685.jpg,0.40495344510318165,SRC_007,20.0,49.485932,N-winter
sample_08686.jpg,0.4842440050329021,SRC_017,-90.0,64.6979,N-winter
sample_08687.jpg,0.4367726168411177,SRC_054,5.0,37.41608,N-winter
sample_08688.jpg,0.3925624202379135,SRC_127,-35.0,47.507974,N-autumn
sample_08689.jpg,0.4071770263799702,SRC_103,-35.0,57.090396,N-autumn
sample_08690.jpg,0.4697655797251712,SRC_144,-35.0,76.731052,N-spring
sample_08691.jpg,0.47908209608826946,SRC_061,50.0,43.110277,N-spring
sample_08692.jpg,0.40334066934289775,SRC_133,-10.0,48.887369,N-spring
sample_08693.jpg,0.38812505035343686,SRC_065,30.0,68.700871,N-winter
sample_08694.jpg,0.4023568418414105,SRC_084,-10.0,58.957849,N-summer
sample_08695.jpg,0.3748416196787982,SRC_013,50.0,54.051464,N-spring
sample_08696.jpg,0.3974310172307519,SRC_103,-35.0,57.090396,N-autumn
sample_08697.jpg,0.39202642500226476,SRC_030,-25.0,67.936804,N-spring
sample_08698.jpg,0.4369976006585484,SRC_106,25.0,40.638999,N-spring
sample_08699.jpg,0.4160051525926155,SRC_142,-30.0,34.276784,N-winter
sample_08700.jpg,0.42535090827774963,SRC_115,25.0,41.8845,N-spring
sample_08701.jpg,0.4020268116286713,SRC_091,-40.0,72.511342,N-summer
sample_08702.jpg,0.3825056082203552,SRC_013,50.0,54.051464,N-spring
sample_08703.jpg,0.38507123453786646,SRC_171,-35.0,63.65778,N-spring
sample_08704.jpg,0.3795007460899112,SRC_126,-20.0,68.779144,N-summer
sample_08705.jpg,0.4260046684231287,SRC_171,-35.0,63.65778,N-spring
sample_08706.jpg,0.5055327503823778,SRC_126,-20.0,68.779144,N-summer
sample_08707.jpg,0.39809783133876886,SRC_006,-15.0,65.638079,N-spring
sample_08708.jpg,0.4268593949703363,SRC_133,-10.0,48.887369,N-spring
sample_08709.jpg,0.42935748338274554,SRC_050,0.0,53.680047,N-summer
sample_08710.jpg,0.5045219193509579,SRC_109,50.0,54.137665,N-summer
sample_08711.jpg,0.41058590216721386,SRC_115,25.0,41.8845,N-spring
sample_08712.jpg,0.3923101969626039,SRC_004,30.0,61.107468,N-autumn
sample_08713.jpg,0.5358510895620344,SRC_032,-5.0,52.490186,N-spring
sample_08714.jpg,0.4047260503199688,SRC_076,25.0,63.632584,N-autumn
sample_08715.jpg,0.4660094082825107,SRC_106,25.0,40.638999,N-spring
sample_08716.jpg,0.37528450006109165,SRC_004,30.0,61.107468,N-autumn
sample_08717.jpg,0.40374381035453366,SRC_068,0.0,56.216196,N-summer
sample_08718.jpg,0.44038895117494015,SRC_061,50.0,43.110277,N-spring
sample_08719.jpg,0.38109902039395777,SRC_004,30.0,61.107468,N-autumn
sample_08720.jpg,0.3957834952633913,SRC_121,25.0,67.446292,N-autumn
sample_08721.jpg,0.3957885492469922,SRC_014,-40.0,38.480327,N-winter
sample_08722.jpg,0.4752947104880402,SRC_054,5.0,37.41608,N-winter
sample_08723.jpg,0.48088824058838975,SRC_121,25.0,67.446292,N-autumn
sample_08724.jpg,0.3823924154896817,SRC_004,30.0,61.107468,N-autumn
sample_08725.jpg,0.45890549068196335,SRC_065,30.0,68.700871,N-winter
sample_08726.jpg,0.39227089628647616,SRC_159,20.0,67.076816,N-autumn
sample_08727.jpg,0.38968708592019646,SRC_006,-15.0,65.638079,N-spring
sample_08728.jpg,0.4814811487057022,SRC_054,5.0,37.41608,N-winter
sample_08729.jpg,0.48574544292305594,SRC_074,0.0,50.25459,N-spring
sample_08730.jpg,0.3975772566229796,SRC_020,35.0,42.075965,N-summer
sample_08731.jpg,0.5219559115613437,SRC_039,90.0,70.63275,N-summer
sample_08732.jpg,0.421502576335952,SRC_116,5.0,41.203028,N-spring
sample_08733.jpg,0.4804192460162108,SRC_021,-90.0,68.040851,N-autumn
sample_08734.jpg,0.436209792934925,SRC_025,-35.0,74.862823,N-summer
sample_08735.jpg,0.3793891503739141,SRC_152,30.0,40.69576,N-spring
sample_08736.jpg,0.3665719205938429,SRC_123,0.0,54.598149,N-autumn
sample_08737.jpg,0.49092102777761176,SRC_085,0.0,39.187341,N-spring
sample_08738.jpg,0.49211187155498726,SRC_146,10.0,58.0428,N-summer
sample_08739.jpg,0.38467944437467017,SRC_152,30.0,40.69576,N-spring
sample_08740.jpg,0.4417429903373349,SRC_047,0.0,48.028677,N-spring
sample_08741.jpg,0.4579000466774207,SRC_052,5.0,51.705435,N-summer
sample_08742.jpg,0.42181360172063176,SRC_142,-30.0,34.276784,N-winter
sample_08743.jpg,0.4639018000742546,SRC_049,5.0,42.94902,N-spring
sample_08744.jpg,0.3820240405396014,SRC_169,40.0,48.615664,N-summer
sample_08745.jpg,0.3753305282050918,SRC_157,40.0,44.22455,N-summer
sample_08746.jpg,0.38451147097567123,SRC_052,5.0,51.705435,N-summer
sample_08747.jpg,0.3915207553246421,SRC_124,0.0,51.928413,N-summer
sample_08748.jpg,0.37829104356362275,SRC_028,10.0,42.894848,N-spring
sample_08749.jpg,0.39840380846103984,SRC_113,-35.0,36.668707,N-winter
sample_08750.jpg,0.4238394539318655,SRC_144,-35.0,76.731052,N-spring
sample_08751.jpg,0.5085014346233689,SRC_101,5.0,48.479381,N-winter
sample_08752.jpg,0.48410719396416957,SRC_027,35.0,41.369436,N-spring
sample_08753.jpg,0.41951305145684453,SRC_051,20.0,63.609319,N-autumn
sample_08754.jpg,0.3844338036145293,SRC_037,15.0,44.468297,N-spring
sample_08755.jpg,0.38445546032362726,SRC_004,30.0,61.107468,N-autumn
sample_08756.jpg,0.448445197046485,SRC_026,90.0,57.238404,N-spring
sample_08757.jpg,0.4160521683897878,SRC_003,0.0,38.090051,N-spring
sample_08758.jpg,0.45033241015551473,SRC_066,-10.0,61.81065,N-summer
sample_08759.jpg,0.39268530725703144,SRC_103,-35.0,57.090396,N-autumn
sample_08760.jpg,0.3927995727942124,SRC_121,25.0,67.446292,N-autumn
sample_08761.jpg,0.42229244103673924,SRC_020,35.0,42.075965,N-summer
sample_08762.jpg,0.4030243238776687,SRC_088,0.0,53.004483,N-summer
sample_08763.jpg,0.41556536882445483,SRC_047,0.0,48.028677,N-spring
sample_08764.jpg,0.40062605331875234,SRC_056,-40.0,74.660587,N-summer
sample_08765.jpg,0.379232947889695,SRC_056,-40.0,74.660587,N-summer
sample_08766.jpg,0.4051431765643243,SRC_087,0.0,54.65824,N-summer
sample_08767.jpg,0.4716846975297816,SRC_150,10.0,50.798821,N-summer
sample_08768.jpg,0.4430893515754312,SRC_104,25.0,45.102036,N-summer
sample_08769.jpg,0.46145678517731714,SRC_065,30.0,68.700871,N-winter
sample_08770.jpg,0.37809103287562457,SRC_014,-40.0,38.480327,N-winter
sample_08771.jpg,0.382108036484878,SRC_114,-10.0,58.176498,N-autumn
sample_08772.jpg,0.5058340801747611,SRC_162,-90.0,77.7898,N-winter
sample_08773.jpg,0.511382074260327,SRC_009,-25.0,73.827745,N-spring
sample_08774.jpg,0.40720335088095927,SRC_013,50.0,54.051464,N-spring
sample_08775.jpg,0.39768007097797764,SRC_123,0.0,54.598149,N-autumn
sample_08776.jpg,0.4060119160717906,SRC_171,-35.0,63.65778,N-spring
sample_08777.jpg,0.38651538010401953,SRC_013,50.0,54.051464,N-spring
sample_08778.jpg,0.4104648590721264,SRC_048,-25.0,61.920556,N-autumn
sample_08779.jpg,0.39796620897277474,SRC_151,-15.0,63.408071,N-summer
sample_08780.jpg,0.40814276438156394,SRC_113,-35.0,36.668707,N-winter
sample_08781.jpg,0.4067067643818338,SRC_134,-30.0,69.607895,N-spring
sample_08782.jpg,0.39954917415480057,SRC_124,0.0,51.928413,N-summer
sample_08783.jpg,0.3821785552068043,SRC_127,-35.0,47.507974,N-autumn
sample_08784.jpg,0.3849854342807993,SRC_034,40.0,46.055099,N-summer
sample_08785.jpg,0.38256870436178747,SRC_013,50.0,54.051464,N-spring
sample_08786.jpg,0.46471872974607836,SRC_010,90.0,74.440619,N-summer
sample_08787.jpg,0.4137811794314401,SRC_109,50.0,54.137665,N-summer
sample_08788.jpg,0.4571103434627652,SRC_148,-15.0,49.227137,N-autumn
sample_08789.jpg,0.3890330289115302,SRC_030,-25.0,67.936804,N-spring
sample_08790.jpg,0.4741376640797423,SRC_013,50.0,54.051464,N-spring
sample_08791.jpg,0.4874364331310619,SRC_090,50.0,47.196626,N-summer
sample_08792.jpg,0.5043291352809794,SRC_094,20.0,66.934532,N-autumn
sample_08793.jpg,0.382236482229841,SRC_063,25.0,41.329237,N-spring
sample_08794.jpg,0.38823187507505696,SRC_013,50.0,54.051464,N-spring
sample_08795.jpg,0.37471081582682897,SRC_157,40.0,44.22455,N-summer
sample_08796.jpg,0.47427536013865446,SRC_022,20.0,41.513642,N-spring
sample_08797.jpg,0.37985141860968474,SRC_006,-15.0,65.638079,N-spring
sample_08798.jpg,0.40508442930217325,SRC_001,-5.0,51.987197,N-spring
sample_08799.jpg,0.5071646015493785,SRC_121,25.0,67.446292,N-autumn
sample_08800.jpg,0.4335564242155622,SRC_047,0.0,48.028677,N-spring
sample_08801.jpg,0.5046449328836154,SRC_127,-35.0,47.507974,N-autumn
sample_08802.jpg,0.3835740511858832,SRC_108,-40.0,68.856247,N-summer
sample_08803.jpg,0.4926732756443662,SRC_060,90.0,64.124177,N-summer
sample_08804.jpg,0.5045988987755189,SRC_041,15.0,46.712049,N-summer
sample_08805.jpg,0.4966221079692332,SRC_051,20.0,63.609319,N-autumn
sample_08806.jpg,0.43281139187671824,SRC_153,-40.0,43.960452,N-autumn
sample_08807.jpg,0.4091750925415744,SRC_103,-35.0,57.090396,N-autumn
sample_08808.jpg,0.5152372883342471,SRC_092,5.0,57.429528,N-autumn
sample_08809.jpg,0.38858984929493773,SRC_045,-90.0,70.559818,N-autumn
sample_08810.jpg,0.45455020817566083,SRC_154,0.0,54.770875,N-summer
sample_08811.jpg,0.3963581549091655,SRC_124,0.0,51.928413,N-summer
sample_08812.jpg,0.48176001965906884,SRC_171,-35.0,63.65778,N-spring
sample_08813.jpg,0.4431930945815358,SRC_008,25.0,61.005891,N-autumn
sample_08814.jpg,0.41546674449077897,SRC_124,0.0,51.928413,N-summer
sample_08815.jpg,0.412114030403058,SRC_084,-10.0,58.957849,N-summer
sample_08816.jpg,0.3835105773849145,SRC_041,15.0,46.712049,N-summer
sample_08817.jpg,0.40586072737651335,SRC_055,-5.0,57.335076,N-spring
sample_08818.jpg,0.4061446140309152,SRC_080,-25.0,69.726065,N-summer
sample_08819.jpg,0.3873918681062445,SRC_109,50.0,54.137665,N-summer
sample_08820.jpg,0.4809887580170142,SRC_069,25.0,48.120522,N-summer
sample_08821.jpg,0.4389364848603994,SRC_133,-10.0,48.887369,N-spring
sample_08822.jpg,0.3901034259752284,SRC_005,0.0,55.846781,N-summer
sample_08823.jpg,0.38628808156349026,SRC_121,25.0,67.446292,N-autumn
sample_08824.jpg,0.39239886112153666,SRC_099,15.0,42.024472,N-spring
sample_08825.jpg,0.4403116628309999,SRC_069,25.0,48.120522,N-summer
sample_08826.jpg,0.4729281846739175,SRC_022,20.0,41.513642,N-spring
sample_08827.jpg,0.3955182354220866,SRC_158,-5.0,35.954137,N-winter
sample_08828.jpg,0.49947099388347027,SRC_087,0.0,54.65824,N-summer
sample_08829.jpg,0.5038549817350718,SRC_082,-10.0,60.444036,N-spring
sample_08830.jpg,0.39292819028744197,SRC_046,0.0,58.061031,N-autumn
sample_08831.jpg,0.4917366093604902,SRC_020,35.0,42.075965,N-summer
sample_08832.jpg,0.3997269722112639,SRC_076,25.0,63.632584,N-autumn
sample_08833.jpg,0.399561167425601,SRC_103,-35.0,57.090396,N-autumn
sample_08834.jpg,0.4908468178545502,SRC_030,-25.0,67.936804,N-spring
sample_08835.jpg,0.4160984361655505,SRC_139,40.0,53.533251,N-winter
sample_08836.jpg,0.40833300207177226,SRC_092,5.0,57.429528,N-autumn
sample_08837.jpg,0.40972258275165796,SRC_022,20.0,41.513642,N-spring
sample_08838.jpg,0.4108096573354946,SRC_146,10.0,58.0428,N-summer
sample_08839.jpg,0.42870338903070254,SRC_061,50.0,43.110277,N-spring
sample_08840.jpg,0.4947510292447184,SRC_143,90.0,68.916652,N-spring
sample_08841.jpg,0.4053020073471624,SRC_078,15.0,40.437008,N-spring
sample_08842.jpg,0.3807783887534521,SRC_136,-35.0,76.922409,N-spring
sample_08843.jpg,0.388082287332859,SRC_046,0.0,58.061031,N-autumn
sample_08844.jpg,0.39112101990575165,SRC_027,35.0,41.369436,N-spring
sample_08845.jpg,0.3903395860463438,SRC_056,-40.0,74.660587,N-summer
sample_08846.jpg,0.43130985953816187,SRC_142,-30.0,34.276784,N-winter
sample_08847.jpg,0.3956587532329915,SRC_040,90.0,57.651744,N-spring
sample_08848.jpg,0.38672195822943845,SRC_084,-10.0,58.957849,N-summer
sample_08849.jpg,0.3934150102460028,SRC_020,35.0,42.075965,N-summer
sample_08850.jpg,0.3854482820857799,SRC_121,25.0,67.446292,N-autumn
sample_08851.jpg,0.5126216254486546,SRC_036,5.0,52.749586,N-summer
sample_08852.jpg,0.4123302679392558,SRC_108,-40.0,68.856247,N-summer
sample_08853.jpg,0.5077656768384978,SRC_135,5.0,41.328761,N-winter
sample_08854.jpg,0.4979053385969217,SRC_104,25.0,45.102036,N-summer
sample_08855.jpg,0.406904918267826,SRC_011,-20.0,70.371153,N-summer
sample_08856.jpg,0.47857100815371545,SRC_079,0.0,48.941622,N-spring
sample_08857.jpg,0.4133699399681867,SRC_133,-10.0,48.887369,N-spring
sample_08858.jpg,0.3904838965605649,SRC_011,-20.0,70.371153,N-summer
sample_08859.jpg,0.40140246694346926,SRC_023,-10.0,50.837437,N-spring
sample_08860.jpg,0.43038133928615085,SRC_148,-15.0,49.227137,N-autumn
sample_08861.jpg,0.4881856756074905,SRC_006,-15.0,65.638079,N-spring
sample_08862.jpg,0.4616939330854616,SRC_104,25.0,45.102036,N-summer
sample_08863.jpg,0.5062134298750625,SRC_066,-10.0,61.81065,N-summer
sample_08864.jpg,0.4249003607444569,SRC_108,-40.0,68.856247,N-summer
sample_08865.jpg,0.4158327023179291,SRC_104,25.0,45.102036,N-summer
sample_08866.jpg,0.38105391474427425,SRC_013,50.0,54.051464,N-spring
sample_08867.jpg,0.40218477355287774,SRC_066,-10.0,61.81065,N-summer
sample_08868.jpg,0.5110709531036909,SRC_093,-25.0,43.343655,N-autumn
sample_08869.jpg,0.42911210495785956,SRC_135,5.0,41.328761,N-winter
sample_08870.jpg,0.49032937619378875,SRC_103,-35.0,57.090396,N-autumn
sample_08871.jpg,0.4061647313699381,SRC_146,10.0,58.0428,N-summer
sample_08872.jpg,0.3977818828705399,SRC_095,-20.0,56.495654,N-spring
sample_08873.jpg,0.38852689585571026,SRC_095,-20.0,56.495654,N-spring
sample_08874.jpg,0.40743034017080176,SRC_113,-35.0,36.668707,N-winter
sample_08875.jpg,0.38448807669365914,SRC_171,-35.0,63.65778,N-spring
sample_08876.jpg,0.3905834146182279,SRC_114,-10.0,58.176498,N-autumn
sample_08877.jpg,0.39759300550713633,SRC_093,-25.0,43.343655,N-autumn
sample_08878.jpg,0.3909306715156521,SRC_140,35.0,44.85556,N-spring
sample_08879.jpg,0.38891464130256626,SRC_126,-20.0,68.779144,N-summer
sample_08880.jpg,0.4449680869798943,SRC_026,90.0,57.238404,N-spring
sample_08881.jpg,0.3928194886430574,SRC_099,15.0,42.024472,N-spring
sample_08882.jpg,0.3890251169596391,SRC_040,90.0,57.651744,N-spring
sample_08883.jpg,0.45275261421868507,SRC_123,0.0,54.598149,N-autumn
sample_08884.jpg,0.387749826898711,SRC_114,-10.0,58.176498,N-autumn
sample_08885.jpg,0.3891786880156346,SRC_003,0.0,38.090051,N-spring
sample_08886.jpg,0.39101273043602924,SRC_011,-20.0,70.371153,N-summer
sample_08887.jpg,0.454086444054303,SRC_096,25.0,40.422288,N-spring
sample_08888.jpg,0.3936610080814912,SRC_121,25.0,67.446292,N-autumn
sample_08889.jpg,0.3855878925688585,SRC_058,30.0,69.060883,N-autumn
sample_08890.jpg,0.37341664430723115,SRC_063,25.0,41.329237,N-spring
sample_08891.jpg,0.40156856997898416,SRC_009,-25.0,73.827745,N-spring
sample_08892.jpg,0.3687572910384915,SRC_002,40.0,45.868768,N-summer
sample_08893.jpg,0.4306523982813415,SRC_148,-15.0,49.227137,N-autumn
sample_08894.jpg,0.39568134209821093,SRC_040,90.0,57.651744,N-spring
sample_08895.jpg,0.3998604128342873,SRC_028,10.0,42.894848,N-spring
sample_08896.jpg,0.3865449801208617,SRC_109,50.0,54.137665,N-summer
sample_08897.jpg,0.41024290424121296,SRC_067,-15.0,64.724247,N-spring
sample_08898.jpg,0.41447361866405463,SRC_050,0.0,53.680047,N-summer
sample_08899.jpg,0.41316304541716137,SRC_112,-30.0,67.516648,N-spring
sample_08900.jpg,0.38827937745235663,SRC_114,-10.0,58.176498,N-autumn
sample_08901.jpg,0.42574919925926513,SRC_170,-20.0,56.332579,N-autumn
sample_08902.jpg,0.5127941198770534,SRC_058,30.0,69.060883,N-autumn
sample_08903.jpg,0.4003803770872912,SRC_009,-25.0,73.827745,N-spring
sample_08904.jpg,0.43252377482933213,SRC_103,-35.0,57.090396,N-autumn
sample_08905.jpg,0.44382632038065034,SRC_047,0.0,48.028677,N-spring
sample_08906.jpg,0.42672150651809815,SRC_052,5.0,51.705435,N-summer
sample_08907.jpg,0.4777933486547675,SRC_100,20.0,41.506528,N-spring
sample_08908.jpg,0.41207585267160474,SRC_124,0.0,51.928413,N-summer
sample_08909.jpg,0.3985466999778002,SRC_156,10.0,48.737382,N-summer
sample_08910.jpg,0.49865725867878946,SRC_066,-10.0,61.81065,N-summer
sample_08911.jpg,0.3896564508011484,SRC_096,25.0,40.422288,N-spring
sample_08912.jpg,0.38256274490559183,SRC_034,40.0,46.055099,N-summer
sample_08913.jpg,0.40564201078724854,SRC_022,20.0,41.513642,N-spring
sample_08914.jpg,0.497082750662206,SRC_084,-10.0,58.957849,N-summer
sample_08915.jpg,0.394801666421346,SRC_131,10.0,60.540464,N-autumn
sample_08916.jpg,0.3950636875329464,SRC_058,30.0,69.060883,N-autumn
sample_08917.jpg,0.3969435741862163,SRC_009,-25.0,73.827745,N-spring
sample_08918.jpg,0.468591882843114,SRC_069,25.0,48.120522,N-summer
sample_08919.jpg,0.4053924552976221,SRC_009,-25.0,73.827745,N-spring
sample_08920.jpg,0.4087692547634343,SRC_115,25.0,41.8845,N-spring
sample_08921.jpg,0.39130268381667466,SRC_091,-40.0,72.511342,N-summer
sample_08922.jpg,0.38253455083316557,SRC_093,-25.0,43.343655,N-autumn
sample_08923.jpg,0.3943269873150622,SRC_021,-90.0,68.040851,N-autumn
sample_08924.jpg,0.42403863867925284,SRC_134,-30.0,69.607895,N-spring
sample_08925.jpg,0.41985090738070185,SRC_151,-15.0,63.408071,N-summer
sample_08926.jpg,0.3769507257909758,SRC_063,25.0,41.329237,N-spring
sample_08927.jpg,0.3933157166246909,SRC_057,-5.0,57.599617,N-summer
sample_08928.jpg,0.42436659891938733,SRC_009,-25.0,73.827745,N-spring
sample_08929.jpg,0.4893249984554958,SRC_084,-10.0,58.957849,N-summer
sample_08930.jpg,0.5015738710579256,SRC_115,25.0,41.8845,N-spring
sample_08931.jpg,0.39770636430407336,SRC_009,-25.0,73.827745,N-spring
sample_08932.jpg,0.41925634739928697,SRC_047,0.0,48.028677,N-spring
sample_08933.jpg,0.38250029523541496,SRC_099,15.0,42.024472,N-spring
sample_08934.jpg,0.41787868990475036,SRC_035,0.0,56.990187,N-autumn
sample_08935.jpg,0.4046471934575592,SRC_008,25.0,61.005891,N-autumn
sample_08936.jpg,0.4135099505676207,SRC_005,0.0,55.846781,N-summer
sample_08937.jpg,0.39730925161292063,SRC_057,-5.0,57.599617,N-summer
sample_08938.jpg,0.3962603026080681,SRC_114,-10.0,58.176498,N-autumn
sample_08939.jpg,0.5179407930630053,SRC_111,-35.0,79.069883,N-spring
sample_08940.jpg,0.40669610544589424,SRC_150,10.0,50.798821,N-summer
sample_08941.jpg,0.40609685279169644,SRC_133,-10.0,48.887369,N-spring
sample_08942.jpg,0.45794756197138425,SRC_077,-5.0,34.299081,N-winter
sample_08943.jpg,0.390025514901843,SRC_109,50.0,54.137665,N-summer
sample_08944.jpg,0.4817060491953459,SRC_004,30.0,61.107468,N-autumn
sample_08945.jpg,0.39211458386567155,SRC_163,0.0,39.987447,N-winter
sample_08946.jpg,0.49869808811612676,SRC_024,10.0,53.725813,N-summer
sample_08947.jpg,0.3899172691872199,SRC_040,90.0,57.651744,N-spring
sample_08948.jpg,0.469368906765518,SRC_153,-40.0,43.960452,N-autumn
sample_08949.jpg,0.5142943180035359,SRC_095,-20.0,56.495654,N-spring
sample_08950.jpg,0.4120758736019214,SRC_095,-20.0,56.495654,N-spring
sample_08951.jpg,0.39557319606222147,SRC_091,-40.0,72.511342,N-summer
sample_08952.jpg,0.3862851322104522,SRC_125,-5.0,52.428603,N-spring
sample_08953.jpg,0.39236027822902086,SRC_109,50.0,54.137665,N-summer
sample_08954.jpg,0.39703083515385956,SRC_156,10.0,48.737382,N-summer
sample_08955.jpg,0.41658548368751014,SRC_013,50.0,54.051464,N-spring
sample_08956.jpg,0.417773464888403,SRC_145,-5.0,52.15166,N-spring
sample_08957.jpg,0.3878075530104442,SRC_082,-10.0,60.444036,N-spring
sample_08958.jpg,0.4876615977718566,SRC_088,0.0,53.004483,N-summer
sample_08959.jpg,0.5025853343878596,SRC_080,-25.0,69.726065,N-summer
sample_08960.jpg,0.5071062751198715,SRC_170,-20.0,56.332579,N-autumn
sample_08961.jpg,0.47472871677598844,SRC_095,-20.0,56.495654,N-spring
sample_08962.jpg,0.3888449324298259,SRC_030,-25.0,67.936804,N-spring
sample_08963.jpg,0.4576066108996427,SRC_037,15.0,44.468297,N-spring
sample_08964.jpg,0.4041968780124222,SRC_103,-35.0,57.090396,N-autumn
sample_08965.jpg,0.41503292432535427,SRC_009,-25.0,73.827745,N-spring
sample_08966.jpg,0.44166314392505673,SRC_150,10.0,50.798821,N-summer
sample_08967.jpg,0.40575958082888314,SRC_091,-40.0,72.511342,N-summer
sample_08968.jpg,0.45128335518135065,SRC_170,-20.0,56.332579,N-autumn
sample_08969.jpg,0.3873488335779135,SRC_004,30.0,61.107468,N-autumn
sample_08970.jpg,0.42648495082354093,SRC_026,90.0,57.238404,N-spring
sample_08971.jpg,0.43852735008240284,SRC_135,5.0,41.328761,N-winter
sample_08972.jpg,0.42512700753542204,SRC_052,5.0,51.705435,N-summer
sample_08973.jpg,0.39434148620395876,SRC_057,-5.0,57.599617,N-summer
sample_08974.jpg,0.39269896053361714,SRC_136,-35.0,76.922409,N-spring
sample_08975.jpg,0.41741386266048164,SRC_022,20.0,41.513642,N-spring
sample_08976.jpg,0.4024135800632343,SRC_009,-25.0,73.827745,N-spring
sample_08977.jpg,0.4245765815120034,SRC_120,90.0,69.983669,N-summer
sample_08978.jpg,0.4134551670162569,SRC_108,-40.0,68.856247,N-summer
sample_08979.jpg,0.3938910146658666,SRC_103,-35.0,57.090396,N-autumn
sample_08980.jpg,0.5013323366156588,SRC_091,-40.0,72.511342,N-summer
sample_08981.jpg,0.40446267978199923,SRC_009,-25.0,73.827745,N-spring
sample_08982.jpg,0.39223799865433034,SRC_109,50.0,54.137665,N-summer
sample_08983.jpg,0.3814337446018694,SRC_014,-40.0,38.480327,N-winter
sample_08984.jpg,0.3794774696783928,SRC_099,15.0,42.024472,N-spring
sample_08985.jpg,0.4269722488381655,SRC_080,-25.0,69.726065,N-summer
sample_08986.jpg,0.4806161300384555,SRC_076,25.0,63.632584,N-autumn
sample_08987.jpg,0.4515566501149614,SRC_113,-35.0,36.668707,N-winter
sample_08988.jpg,0.38975193977641764,SRC_124,0.0,51.928413,N-summer
sample_08989.jpg,0.5144277424954948,SRC_154,0.0,54.770875,N-summer
sample_08990.jpg,0.3838538100473735,SRC_136,-35.0,76.922409,N-spring
sample_08991.jpg,0.38460935051604184,SRC_160,-10.0,50.604377,N-autumn
sample_08992.jpg,0.40776815087927015,SRC_009,-25.0,73.827745,N-spring
sample_08993.jpg,0.4007320701618756,SRC_013,50.0,54.051464,N-spring
sample_08994.jpg,0.3986607825101585,SRC_051,20.0,63.609319,N-autumn
sample_08995.jpg,0.4583223114720908,SRC_104,25.0,45.102036,N-summer
sample_08996.jpg,0.5144563196704367,SRC_014,-40.0,38.480327,N-winter
sample_08997.jpg,0.4082679826568308,SRC_021,-90.0,68.040851,N-autumn
sample_08998.jpg,0.5086483027970947,SRC_056,-40.0,74.660587,N-summer
sample_08999.jpg,0.48521864053409225,SRC_004,30.0,61.107468,N-autumn
sample_09000.jpg,0.39301723553781676,SRC_091,-40.0,72.511342,N-summer
sample_09001.jpg,0.417507978165803,SRC_095,-20.0,56.495654,N-spring
sample_09002.jpg,0.49323394119116737,SRC_001,-5.0,51.987197,N-spring
sample_09003.jpg,0.45839450665497,SRC_026,90.0,57.238404,N-spring
sample_09004.jpg,0.4971840009692651,SRC_112,-30.0,67.516648,N-spring
sample_09005.jpg,0.4896309762426294,SRC_045,-90.0,70.559818,N-autumn
sample_09006.jpg,0.41949426224773545,SRC_040,90.0,57.651744,N-spring
sample_09007.jpg,0.3682524766167931,SRC_002,40.0,45.868768,N-summer
sample_09008.jpg,0.44115777971682907,SRC_115,25.0,41.8845,N-spring
sample_09009.jpg,0.4024380398038009,SRC_009,-25.0,73.827745,N-spring
sample_09010.jpg,0.5199871213091539,SRC_164,20.0,59.226879,N-autumn
sample_09011.jpg,0.48764935577971685,SRC_108,-40.0,68.856247,N-summer
sample_09012.jpg,0.3960992568878869,SRC_058,30.0,69.060883,N-autumn
sample_09013.jpg,0.4194116266260819,SRC_113,-35.0,36.668707,N-winter
sample_09014.jpg,0.5065415399241554,SRC_092,5.0,57.429528,N-autumn
sample_09015.jpg,0.5208276627034165,SRC_087,0.0,54.65824,N-summer
sample_09016.jpg,0.4231766707619128,SRC_146,10.0,58.0428,N-summer
sample_09017.jpg,0.3899939805564427,SRC_009,-25.0,73.827745,N-spring
sample_09018.jpg,0.3926608327188249,SRC_014,-40.0,38.480327,N-winter
sample_09019.jpg,0.40000795016922713,SRC_156,10.0,48.737382,N-summer
sample_09020.jpg,0.39561232469868346,SRC_100,20.0,41.506528,N-spring
sample_09021.jpg,0.4550709837940109,SRC_085,0.0,39.187341,N-spring
sample_09022.jpg,0.398935236524516,SRC_091,-40.0,72.511342,N-summer
sample_09023.jpg,0.3840222336011455,SRC_169,40.0,48.615664,N-summer
sample_09024.jpg,0.3919517137501017,SRC_114,-10.0,58.176498,N-autumn
sample_09025.jpg,0.4051285073047709,SRC_096,25.0,40.422288,N-spring
sample_09026.jpg,0.40592113795405493,SRC_040,90.0,57.651744,N-spring
sample_09027.jpg,0.495560361866918,SRC_076,25.0,63.632584,N-autumn
sample_09028.jpg,0.41878230901866764,SRC_047,0.0,48.028677,N-spring
sample_09029.jpg,0.37832330522414975,SRC_108,-40.0,68.856247,N-summer
sample_09030.jpg,0.4865269989389914,SRC_158,-5.0,35.954137,N-winter
sample_09031.jpg,0.38398092801396233,SRC_051,20.0,63.609319,N-autumn
sample_09032.jpg,0.4865961837538656,SRC_071,20.0,40.070501,N-spring
sample_09033.jpg,0.5028618360661088,SRC_093,-25.0,43.343655,N-autumn
sample_09034.jpg,0.42102445252036036,SRC_137,-5.0,45.053172,N-spring
sample_09035.jpg,0.3944975362362076,SRC_085,0.0,39.187341,N-spring
sample_09036.jpg,0.4341614988886972,SRC_026,90.0,57.238404,N-spring
sample_09037.jpg,0.5289097559811765,SRC_014,-40.0,38.480327,N-winter
sample_09038.jpg,0.48971214768114085,SRC_124,0.0,51.928413,N-summer
sample_09039.jpg,0.41585470719387957,SRC_091,-40.0,72.511342,N-summer
sample_09040.jpg,0.42927349602708986,SRC_038,-15.0,32.097448,N-winter
sample_09041.jpg,0.49903878752586894,SRC_096,25.0,40.422288,N-spring
sample_09042.jpg,0.39597900623491944,SRC_087,0.0,54.65824,N-summer
sample_09043.jpg,0.3852857016721821,SRC_040,90.0,57.651744,N-spring
sample_09044.jpg,0.40145716478231136,SRC_095,-20.0,56.495654,N-spring
sample_09045.jpg,0.48009455418461633,SRC_009,-25.0,73.827745,N-spring
sample_09046.jpg,0.4971262045224133,SRC_030,-25.0,67.936804,N-spring
sample_09047.jpg,0.38831222669802046,SRC_134,-30.0,69.607895,N-spring
sample_09048.jpg,0.39884120796436323,SRC_022,20.0,41.513642,N-spring
sample_09049.jpg,0.43075097475423096,SRC_091,-40.0,72.511342,N-summer
sample_09050.jpg,0.44117448801212716,SRC_115,25.0,41.8845,N-spring
sample_09051.jpg,0.39995144749579536,SRC_046,0.0,58.061031,N-autumn
sample_09052.jpg,0.38010260996698186,SRC_037,15.0,44.468297,N-spring
sample_09053.jpg,0.39160418905645294,SRC_157,40.0,44.22455,N-summer
sample_09054.jpg,0.38854856508857216,SRC_018,-90.0,67.882485,N-winter
sample_09055.jpg,0.3932733945237998,SRC_161,5.0,52.294471,N-summer
sample_09056.jpg,0.43006411695741137,SRC_051,20.0,63.609319,N-autumn
sample_09057.jpg,0.3905583028257397,SRC_055,-5.0,57.335076,N-spring
sample_09058.jpg,0.37121548791259645,SRC_086,15.0,43.648742,N-summer
sample_09059.jpg,0.37434574765814194,SRC_057,-5.0,57.599617,N-summer
sample_09060.jpg,0.4166299586326662,SRC_080,-25.0,69.726065,N-summer
sample_09061.jpg,0.38439588439293193,SRC_030,-25.0,67.936804,N-spring
sample_09062.jpg,0.3831043501857483,SRC_019,90.0,60.00919,N-summer
sample_09063.jpg,0.3942452726668114,SRC_140,35.0,44.85556,N-spring
sample_09064.jpg,0.39290162792198696,SRC_085,0.0,39.187341,N-spring
sample_09065.jpg,0.4768272069079881,SRC_159,20.0,67.076816,N-autumn
sample_09066.jpg,0.39003848396767477,SRC_083,0.0,55.378885,N-spring
sample_09067.jpg,0.481675806520624,SRC_039,90.0,70.63275,N-summer
sample_09068.jpg,0.3923876093759657,SRC_030,-25.0,67.936804,N-spring
sample_09069.jpg,0.4128107456589296,SRC_036,5.0,52.749586,N-summer
sample_09070.jpg,0.41087486526135963,SRC_112,-30.0,67.516648,N-spring
sample_09071.jpg,0.4878045082771302,SRC_115,25.0,41.8845,N-spring
sample_09072.jpg,0.39205063478449714,SRC_017,-90.0,64.6979,N-winter
sample_09073.jpg,0.41765098114630367,SRC_011,-20.0,70.371153,N-summer
sample_09074.jpg,0.39928110370046,SRC_030,-25.0,67.936804,N-spring
sample_09075.jpg,0.38848508744718,SRC_103,-35.0,57.090396,N-autumn
sample_09076.jpg,0.5121825197268961,SRC_016,10.0,55.552023,N-winter
sample_09077.jpg,0.4413658016830069,SRC_026,90.0,57.238404,N-spring
sample_09078.jpg,0.39398020846650506,SRC_104,25.0,45.102036,N-summer
sample_09079.jpg,0.39982856489332586,SRC_009,-25.0,73.827745,N-spring
sample_09080.jpg,0.3910596159752643,SRC_051,20.0,63.609319,N-autumn
sample_09081.jpg,0.5155539613201754,SRC_010,90.0,74.440619,N-summer
sample_09082.jpg,0.516811406428191,SRC_094,20.0,66.934532,N-autumn
sample_09083.jpg,0.45262769057586993,SRC_051,20.0,63.609319,N-autumn
sample_09084.jpg,0.4840396617008846,SRC_077,-5.0,34.299081,N-winter
sample_09085.jpg,0.39067525260147395,SRC_051,20.0,63.609319,N-autumn
sample_09086.jpg,0.37449105851854053,SRC_083,0.0,55.378885,N-spring
sample_09087.jpg,0.39879016517842275,SRC_091,-40.0,72.511342,N-summer
sample_09088.jpg,0.46959184487076866,SRC_071,20.0,40.070501,N-spring
sample_09089.jpg,0.4539803022517551,SRC_111,-35.0,79.069883,N-spring
sample_09090.jpg,0.38534045585586824,SRC_082,-10.0,60.444036,N-spring
sample_09091.jpg,0.3943231765522663,SRC_005,0.0,55.846781,N-summer
sample_09092.jpg,0.3887024872109805,SRC_006,-15.0,65.638079,N-spring
sample_09093.jpg,0.5024718912186443,SRC_169,40.0,48.615664,N-summer
sample_09094.jpg,0.5022079777919195,SRC_051,20.0,63.609319,N-autumn
sample_09095.jpg,0.4000090323660103,SRC_114,-10.0,58.176498,N-autumn
sample_09096.jpg,0.40716600966328775,SRC_148,-15.0,49.227137,N-autumn
sample_09097.jpg,0.4714413462082906,SRC_027,35.0,41.369436,N-spring
sample_09098.jpg,0.40418946807652095,SRC_040,90.0,57.651744,N-spring
sample_09099.jpg,0.39658107160481376,SRC_171,-35.0,63.65778,N-spring
sample_09100.jpg,0.40827378485191607,SRC_109,50.0,54.137665,N-summer
sample_09101.jpg,0.48891342690394834,SRC_107,20.0,65.68027,N-autumn
sample_09102.jpg,0.4964483869235761,SRC_146,10.0,58.0428,N-summer
sample_09103.jpg,0.42813738017777236,SRC_133,-10.0,48.887369,N-spring
sample_09104.jpg,0.3989050313524999,SRC_107,20.0,65.68027,N-autumn
sample_09105.jpg,0.430984849497705,SRC_142,-30.0,34.276784,N-winter
sample_09106.jpg,0.38753259989306527,SRC_006,-15.0,65.638079,N-spring
sample_09107.jpg,0.41273018617419643,SRC_153,-40.0,43.960452,N-autumn
sample_09108.jpg,0.37650897789876786,SRC_063,25.0,41.329237,N-spring
sample_09109.jpg,0.4829471031473117,SRC_097,0.0,35.318175,N-winter
sample_09110.jpg,0.4047265181706651,SRC_074,0.0,50.25459,N-spring
sample_09111.jpg,0.4919132861795144,SRC_169,40.0,48.615664,N-summer
sample_09112.jpg,0.45856846030516163,SRC_142,-30.0,34.276784,N-winter
sample_09113.jpg,0.4237722618205483,SRC_047,0.0,48.028677,N-spring
sample_09114.jpg,0.45578330494678515,SRC_026,90.0,57.238404,N-spring
sample_09115.jpg,0.40964566916789724,SRC_170,-20.0,56.332579,N-autumn
sample_09116.jpg,0.45208058496123,SRC_011,-20.0,70.371153,N-summer
sample_09117.jpg,0.41169261898248344,SRC_062,45.0,81.508965,N-autumn
sample_09118.jpg,0.37979556958964744,SRC_028,10.0,42.894848,N-spring
sample_09119.jpg,0.4039149893919429,SRC_103,-35.0,57.090396,N-autumn
sample_09120.jpg,0.45352308596280366,SRC_135,5.0,41.328761,N-winter
sample_09121.jpg,0.47634556392742955,SRC_096,25.0,40.422288,N-spring
sample_09122.jpg,0.4182937152104854,SRC_085,0.0,39.187341,N-spring
sample_09123.jpg,0.4101923519518581,SRC_088,0.0,53.004483,N-summer
sample_09124.jpg,0.44270936105901476,SRC_047,0.0,48.028677,N-spring
sample_09125.jpg,0.47230668120987895,SRC_129,20.0,41.057252,N-spring
sample_09126.jpg,0.4993932589515288,SRC_027,35.0,41.369436,N-spring
sample_09127.jpg,0.4369430616410234,SRC_157,40.0,44.22455,N-summer
sample_09128.jpg,0.4020729949421368,SRC_121,25.0,67.446292,N-autumn
sample_09129.jpg,0.38610444827779444,SRC_109,50.0,54.137665,N-summer
sample_09130.jpg,0.44970796221759013,SRC_107,20.0,65.68027,N-autumn
sample_09131.jpg,0.39100008104399886,SRC_088,0.0,53.004483,N-summer
sample_09132.jpg,0.40534237403965034,SRC_006,-15.0,65.638079,N-spring
sample_09133.jpg,0.427599737893118,SRC_071,20.0,40.070501,N-spring
sample_09134.jpg,0.4226354127189979,SRC_123,0.0,54.598149,N-autumn
sample_09135.jpg,0.4232187937276447,SRC_143,90.0,68.916652,N-spring
sample_09136.jpg,0.38794948840801313,SRC_158,-5.0,35.954137,N-winter
sample_09137.jpg,0.48907331835699236,SRC_010,90.0,74.440619,N-summer
sample_09138.jpg,0.39089230588990503,SRC_114,-10.0,58.176498,N-autumn
sample_09139.jpg,0.3954726581489034,SRC_009,-25.0,73.827745,N-spring
sample_09140.jpg,0.40354833171564525,SRC_055,-5.0,57.335076,N-spring
sample_09141.jpg,0.41237695008017833,SRC_133,-10.0,48.887369,N-spring
sample_09142.jpg,0.3753997771829378,SRC_138,25.0,44.714676,N-summer
sample_09143.jpg,0.40880431883414275,SRC_040,90.0,57.651744,N-spring
sample_09144.jpg,0.4003070884189194,SRC_050,0.0,53.680047,N-summer
sample_09145.jpg,0.39835471394636496,SRC_066,-10.0,61.81065,N-summer
sample_09146.jpg,0.4066094523861138,SRC_069,25.0,48.120522,N-summer
sample_09147.jpg,0.39983943108745645,SRC_091,-40.0,72.511342,N-summer
sample_09148.jpg,0.38834738653089806,SRC_013,50.0,54.051464,N-spring
sample_09149.jpg,0.4768159397838909,SRC_038,-15.0,32.097448,N-winter
sample_09150.jpg,0.47126599626050936,SRC_050,0.0,53.680047,N-summer
sample_09151.jpg,0.5178903889851345,SRC_100,20.0,41.506528,N-spring
sample_09152.jpg,0.3956832732662055,SRC_153,-40.0,43.960452,N-autumn
sample_09153.jpg,0.3737761828590343,SRC_086,15.0,43.648742,N-summer
sample_09154.jpg,0.37683972366165686,SRC_171,-35.0,63.65778,N-spring
sample_09155.jpg,0.4200771158774318,SRC_029,-5.0,45.485648,N-autumn
sample_09156.jpg,0.40638565825912554,SRC_035,0.0,56.990187,N-autumn
sample_09157.jpg,0.38773073132901636,SRC_013,50.0,54.051464,N-spring
sample_09158.jpg,0.38257885160970534,SRC_108,-40.0,68.856247,N-summer
sample_09159.jpg,0.388985790541678,SRC_030,-25.0,67.936804,N-spring
sample_09160.jpg,0.41979115560212954,SRC_112,-30.0,67.516648,N-spring
sample_09161.jpg,0.4068319803570377,SRC_005,0.0,55.846781,N-summer
sample_09162.jpg,0.4006796055468005,SRC_076,25.0,63.632584,N-autumn
sample_09163.jpg,0.39192044777561297,SRC_156,10.0,48.737382,N-summer
sample_09164.jpg,0.3932997888987958,SRC_121,25.0,67.446292,N-autumn
sample_09165.jpg,0.3943651633204997,SRC_112,-30.0,67.516648,N-spring
sample_09166.jpg,0.4064750011391379,SRC_052,5.0,51.705435,N-summer
sample_09167.jpg,0.4182808585188741,SRC_020,35.0,42.075965,N-summer
sample_09168.jpg,0.47940734914278815,SRC_005,0.0,55.846781,N-summer
sample_09169.jpg,0.3965499969614595,SRC_095,-20.0,56.495654,N-spring
sample_09170.jpg,0.39531770809842837,SRC_057,-5.0,57.599617,N-summer
sample_09171.jpg,0.39302394334871416,SRC_027,35.0,41.369436,N-spring
sample_09172.jpg,0.39938363118281694,SRC_083,0.0,55.378885,N-spring
sample_09173.jpg,0.4601955603384753,SRC_140,35.0,44.85556,N-spring
sample_09174.jpg,0.46844069216524675,SRC_055,-5.0,57.335076,N-spring
sample_09175.jpg,0.4493145007946686,SRC_087,0.0,54.65824,N-summer
sample_09176.jpg,0.41719716320578115,SRC_075,-90.0,65.329336,N-winter
sample_09177.jpg,0.5140005208212379,SRC_004,30.0,61.107468,N-autumn
sample_09178.jpg,0.5227844170141056,SRC_061,50.0,43.110277,N-spring
sample_09179.jpg,0.3907462778474947,SRC_076,25.0,63.632584,N-autumn
sample_09180.jpg,0.41321601615028253,SRC_073,45.0,41.537171,N-spring
sample_09181.jpg,0.4977984604269386,SRC_121,25.0,67.446292,N-autumn
sample_09182.jpg,0.3958195453001295,SRC_109,50.0,54.137665,N-summer
sample_09183.jpg,0.40259541289133516,SRC_171,-35.0,63.65778,N-spring
sample_09184.jpg,0.4068907157225302,SRC_042,10.0,36.92431,N-spring
sample_09185.jpg,0.4218631783305159,SRC_009,-25.0,73.827745,N-spring
sample_09186.jpg,0.39818647932805884,SRC_116,5.0,41.203028,N-spring
sample_09187.jpg,0.5013856111611089,SRC_168,90.0,64.709631,N-summer
sample_09188.jpg,0.5058740462540756,SRC_157,40.0,44.22455,N-summer
sample_09189.jpg,0.3720507643621716,SRC_156,10.0,48.737382,N-summer
sample_09190.jpg,0.47768559490286194,SRC_059,15.0,48.046698,N-summer
sample_09191.jpg,0.39353072508268544,SRC_051,20.0,63.609319,N-autumn
sample_09192.jpg,0.41185101347863845,SRC_020,35.0,42.075965,N-summer
sample_09193.jpg,0.4011099001881,SRC_009,-25.0,73.827745,N-spring
sample_09194.jpg,0.38550046314867237,SRC_028,10.0,42.894848,N-spring
sample_09195.jpg,0.38546453601698116,SRC_124,0.0,51.928413,N-summer
sample_09196.jpg,0.3819374523942304,SRC_027,35.0,41.369436,N-spring
sample_09197.jpg,0.4811311682035053,SRC_158,-5.0,35.954137,N-winter
sample_09198.jpg,0.3918235156073011,SRC_051,20.0,63.609319,N-autumn
sample_09199.jpg,0.38531460644664955,SRC_030,-25.0,67.936804,N-spring
sample_09200.jpg,0.3970914416878017,SRC_096,25.0,40.422288,N-spring
sample_09201.jpg,0.3909017249445546,SRC_041,15.0,46.712049,N-summer
sample_09202.jpg,0.37647064191132945,SRC_003,0.0,38.090051,N-spring
sample_09203.jpg,0.39187057333026043,SRC_092,5.0,57.429528,N-autumn
sample_09204.jpg,0.42215490879088013,SRC_082,-10.0,60.444036,N-spring
sample_09205.jpg,0.40762603387616647,SRC_009,-25.0,73.827745,N-spring
sample_09206.jpg,0.4587298393470681,SRC_055,-5.0,57.335076,N-spring
sample_09207.jpg,0.3859936962674406,SRC_109,50.0,54.137665,N-summer
sample_09208.jpg,0.4885946519718198,SRC_006,-15.0,65.638079,N-spring
sample_09209.jpg,0.3693734979809684,SRC_086,15.0,43.648742,N-summer
sample_09210.jpg,0.510734823965432,SRC_014,-40.0,38.480327,N-winter
sample_09211.jpg,0.3848430315841619,SRC_034,40.0,46.055099,N-summer
sample_09212.jpg,0.44468599768224804,SRC_142,-30.0,34.276784,N-winter
sample_09213.jpg,0.38599616199141484,SRC_121,25.0,67.446292,N-autumn
sample_09214.jpg,0.3896578286931606,SRC_086,15.0,43.648742,N-summer
sample_09215.jpg,0.3939508508595877,SRC_014,-40.0,38.480327,N-winter
sample_09216.jpg,0.3982085955049356,SRC_145,-5.0,52.15166,N-spring
sample_09217.jpg,0.48527351362826837,SRC_042,10.0,36.92431,N-spring
sample_09218.jpg,0.3868945875922809,SRC_121,25.0,67.446292,N-autumn
sample_09219.jpg,0.4804726439771375,SRC_070,60.0,58.788969,N-summer
sample_09220.jpg,0.3863978405302258,SRC_082,-10.0,60.444036,N-spring
sample_09221.jpg,0.4341614163989311,SRC_108,-40.0,68.856247,N-summer
sample_09222.jpg,0.4794458516136362,SRC_127,-35.0,47.507974,N-autumn
sample_09223.jpg,0.4052209935928183,SRC_009,-25.0,73.827745,N-spring
sample_09224.jpg,0.3996165634959383,SRC_133,-10.0,48.887369,N-spring
sample_09225.jpg,0.5032465240251986,SRC_146,10.0,58.0428,N-summer
sample_09226.jpg,0.4155565630974265,SRC_088,0.0,53.004483,N-summer
sample_09227.jpg,0.3941877964669217,SRC_083,0.0,55.378885,N-spring
sample_09228.jpg,0.4587149455955766,SRC_047,0.0,48.028677,N-spring
sample_09229.jpg,0.47319824435114893,SRC_067,-15.0,64.724247,N-spring
sample_09230.jpg,0.388018606795182,SRC_109,50.0,54.137665,N-summer
sample_09231.jpg,0.4240972064517443,SRC_013,50.0,54.051464,N-spring
sample_09232.jpg,0.4062414512384038,SRC_020,35.0,42.075965,N-summer
sample_09233.jpg,0.41268584211530956,SRC_069,25.0,48.120522,N-summer
sample_09234.jpg,0.4527781958430114,SRC_106,25.0,40.638999,N-spring
sample_09235.jpg,0.47290027236128374,SRC_123,0.0,54.598149,N-autumn
sample_09236.jpg,0.48904952769503696,SRC_065,30.0,68.700871,N-winter
sample_09237.jpg,0.43311830055615586,SRC_168,90.0,64.709631,N-summer
sample_09238.jpg,0.4653002410604767,SRC_049,5.0,42.94902,N-spring
sample_09239.jpg,0.396464300218562,SRC_011,-20.0,70.371153,N-summer
sample_09240.jpg,0.4678543272223016,SRC_154,0.0,54.770875,N-summer
sample_09241.jpg,0.4039161791100307,SRC_102,-10.0,52.255853,N-spring
sample_09242.jpg,0.3988646931626595,SRC_073,45.0,41.537171,N-spring
sample_09243.jpg,0.49478518171731556,SRC_074,0.0,50.25459,N-spring
sample_09244.jpg,0.37468968431008703,SRC_169,40.0,48.615664,N-summer
sample_09245.jpg,0.4736398564295398,SRC_157,40.0,44.22455,N-summer
sample_09246.jpg,0.40385998294304193,SRC_111,-35.0,79.069883,N-spring
sample_09247.jpg,0.4860680033937041,SRC_027,35.0,41.369436,N-spring
sample_09248.jpg,0.39265830326617196,SRC_121,25.0,67.446292,N-autumn
sample_09249.jpg,0.4306224770175996,SRC_014,-40.0,38.480327,N-winter
sample_09250.jpg,0.47690660937048035,SRC_108,-40.0,68.856247,N-summer
sample_09251.jpg,0.43156478637073,SRC_075,-90.0,65.329336,N-winter
sample_09252.jpg,0.38981578487473445,SRC_076,25.0,63.632584,N-autumn
sample_09253.jpg,0.38926137159042995,SRC_163,0.0,39.987447,N-winter
sample_09254.jpg,0.3926726681646455,SRC_076,25.0,63.632584,N-autumn
sample_09255.jpg,0.4273704409654508,SRC_145,-5.0,52.15166,N-spring
sample_09256.jpg,0.5161058774718829,SRC_095,-20.0,56.495654,N-spring
sample_09257.jpg,0.4877808134941374,SRC_134,-30.0,69.607895,N-spring
sample_09258.jpg,0.49361393352942073,SRC_074,0.0,50.25459,N-spring
sample_09259.jpg,0.40480726076028517,SRC_092,5.0,57.429528,N-autumn
sample_09260.jpg,0.3869137423398873,SRC_170,-20.0,56.332579,N-autumn
sample_09261.jpg,0.39647876080262706,SRC_047,0.0,48.028677,N-spring
sample_09262.jpg,0.42980320247168063,SRC_058,30.0,69.060883,N-autumn
sample_09263.jpg,0.46974574536719793,SRC_111,-35.0,79.069883,N-spring
sample_09264.jpg,0.4456891655056845,SRC_071,20.0,40.070501,N-spring
sample_09265.jpg,0.5042167168804619,SRC_158,-5.0,35.954137,N-winter
sample_09266.jpg,0.4168806998992487,SRC_126,-20.0,68.779144,N-summer
sample_09267.jpg,0.5334159494588905,SRC_001,-5.0,51.987197,N-spring
sample_09268.jpg,0.5245441404635934,SRC_061,50.0,43.110277,N-spring
sample_09269.jpg,0.3964581939468859,SRC_139,40.0,53.533251,N-winter
sample_09270.jpg,0.39238278130701987,SRC_106,25.0,40.638999,N-spring
sample_09271.jpg,0.41532280112405007,SRC_006,-15.0,65.638079,N-spring
sample_09272.jpg,0.3935146991638901,SRC_009,-25.0,73.827745,N-spring
sample_09273.jpg,0.3709331726050872,SRC_002,40.0,45.868768,N-summer
sample_09274.jpg,0.4169659377789171,SRC_088,0.0,53.004483,N-summer
sample_09275.jpg,0.3823461020319985,SRC_006,-15.0,65.638079,N-spring
sample_09276.jpg,0.4923367604083376,SRC_051,20.0,63.609319,N-autumn
sample_09277.jpg,0.40401082286195844,SRC_126,-20.0,68.779144,N-summer
sample_09278.jpg,0.4055757718635776,SRC_076,25.0,63.632584,N-autumn
sample_09279.jpg,0.4220779313092594,SRC_050,0.0,53.680047,N-summer
sample_09280.jpg,0.4177372750209293,SRC_123,0.0,54.598149,N-autumn
sample_09281.jpg,0.4073822220516935,SRC_048,-25.0,61.920556,N-autumn
sample_09282.jpg,0.38698387297119413,SRC_009,-25.0,73.827745,N-spring
sample_09283.jpg,0.37971818104216354,SRC_171,-35.0,63.65778,N-spring
sample_09284.jpg,0.3976118971301883,SRC_096,25.0,40.422288,N-spring
sample_09285.jpg,0.40089657541517987,SRC_121,25.0,67.446292,N-autumn
sample_09286.jpg,0.39434341359222563,SRC_158,-5.0,35.954137,N-winter
sample_09287.jpg,0.38431530697303085,SRC_108,-40.0,68.856247,N-summer
sample_09288.jpg,0.4142944375280207,SRC_085,0.0,39.187341,N-spring
sample_09289.jpg,0.3951870425856134,SRC_021,-90.0,68.040851,N-autumn
sample_09290.jpg,0.40037640045683426,SRC_124,0.0,51.928413,N-summer
sample_09291.jpg,0.43402784050275683,SRC_115,25.0,41.8845,N-spring
sample_09292.jpg,0.3842995948312035,SRC_014,-40.0,38.480327,N-winter
sample_09293.jpg,0.4053378274366547,SRC_113,-35.0,36.668707,N-winter
sample_09294.jpg,0.47768571917600655,SRC_038,-15.0,32.097448,N-winter
sample_09295.jpg,0.4486202049461948,SRC_167,90.0,58.639078,N-summer
sample_09296.jpg,0.41392864801500284,SRC_011,-20.0,70.371153,N-summer
sample_09297.jpg,0.40997720434884394,SRC_170,-20.0,56.332579,N-autumn
sample_09298.jpg,0.38130257845518634,SRC_169,40.0,48.615664,N-summer
sample_09299.jpg,0.39816007876173504,SRC_086,15.0,43.648742,N-summer
sample_09300.jpg,0.47052827566714744,SRC_094,20.0,66.934532,N-autumn
sample_09301.jpg,0.49284299667910625,SRC_105,90.0,71.333916,N-summer
sample_09302.jpg,0.3844114462513444,SRC_015,20.0,46.484204,N-summer
sample_09303.jpg,0.3822276450786269,SRC_112,-30.0,67.516648,N-spring
sample_09304.jpg,0.5169125720997447,SRC_108,-40.0,68.856247,N-summer
sample_09305.jpg,0.4856800715684111,SRC_170,-20.0,56.332579,N-autumn
sample_09306.jpg,0.41594092240924085,SRC_013,50.0,54.051464,N-spring
sample_09307.jpg,0.3778249707929159,SRC_126,-20.0,68.779144,N-summer
sample_09308.jpg,0.413774826783013,SRC_065,30.0,68.700871,N-winter
sample_09309.jpg,0.39226832207622014,SRC_016,10.0,55.552023,N-winter
sample_09310.jpg,0.5329527083301157,SRC_027,35.0,41.369436,N-spring
sample_09311.jpg,0.4889569640881778,SRC_131,10.0,60.540464,N-autumn
sample_09312.jpg,0.4270870991014017,SRC_009,-25.0,73.827745,N-spring
sample_09313.jpg,0.4144100587341689,SRC_069,25.0,48.120522,N-summer
sample_09314.jpg,0.3929503783060497,SRC_158,-5.0,35.954137,N-winter
sample_09315.jpg,0.3839320550153855,SRC_127,-35.0,47.507974,N-autumn
sample_09316.jpg,0.3910918533989302,SRC_108,-40.0,68.856247,N-summer
sample_09317.jpg,0.4059750382143511,SRC_006,-15.0,65.638079,N-spring
sample_09318.jpg,0.5099991021989483,SRC_006,-15.0,65.638079,N-spring
sample_09319.jpg,0.4209652787373982,SRC_112,-30.0,67.516648,N-spring
sample_09320.jpg,0.41238079900101277,SRC_009,-25.0,73.827745,N-spring
sample_09321.jpg,0.3717513129644482,SRC_159,20.0,67.076816,N-autumn
sample_09322.jpg,0.42855548216370165,SRC_015,20.0,46.484204,N-summer
sample_09323.jpg,0.38493839434056415,SRC_014,-40.0,38.480327,N-winter
sample_09324.jpg,0.3938459041577067,SRC_116,5.0,41.203028,N-spring
sample_09325.jpg,0.4259228109965177,SRC_014,-40.0,38.480327,N-winter
sample_09326.jpg,0.4453814071872685,SRC_113,-35.0,36.668707,N-winter
sample_09327.jpg,0.3907592399799954,SRC_112,-30.0,67.516648,N-spring
sample_09328.jpg,0.39982515058142215,SRC_009,-25.0,73.827745,N-spring
sample_09329.jpg,0.5238850999169608,SRC_096,25.0,40.422288,N-spring
sample_09330.jpg,0.39960074032825543,SRC_112,-30.0,67.516648,N-spring
sample_09331.jpg,0.3744943654537126,SRC_114,-10.0,58.176498,N-autumn
sample_09332.jpg,0.4442279796821681,SRC_144,-35.0,76.731052,N-spring
sample_09333.jpg,0.3977280537750053,SRC_121,25.0,67.446292,N-autumn
sample_09334.jpg,0.437014786344042,SRC_101,5.0,48.479381,N-winter
sample_09335.jpg,0.5072447176624785,SRC_033,45.0,66.067561,N-summer
sample_09336.jpg,0.4423346410095129,SRC_148,-15.0,49.227137,N-autumn
sample_09337.jpg,0.39623528292414334,SRC_124,0.0,51.928413,N-summer
sample_09338.jpg,0.5063420279428339,SRC_027,35.0,41.369436,N-spring
sample_09339.jpg,0.3865621329662544,SRC_013,50.0,54.051464,N-spring
sample_09340.jpg,0.4352302970436325,SRC_111,-35.0,79.069883,N-spring
sample_09341.jpg,0.4923950521463653,SRC_040,90.0,57.651744,N-spring
sample_09342.jpg,0.4587346064080786,SRC_121,25.0,67.446292,N-autumn
sample_09343.jpg,0.4201797188338448,SRC_149,90.0,55.701783,N-summer
sample_09344.jpg,0.48703479678767003,SRC_027,35.0,41.369436,N-spring
sample_09345.jpg,0.38133921184768915,SRC_141,-10.0,55.206291,N-spring
sample_09346.jpg,0.37533850091752224,SRC_041,15.0,46.712049,N-summer
sample_09347.jpg,0.3948471726126118,SRC_009,-25.0,73.827745,N-spring
sample_09348.jpg,0.3848623154582701,SRC_136,-35.0,76.922409,N-spring
sample_09349.jpg,0.39175180262262793,SRC_042,10.0,36.92431,N-spring
sample_09350.jpg,0.46247823964145207,SRC_112,-30.0,67.516648,N-spring
sample_09351.jpg,0.4995587071088271,SRC_081,-90.0,74.772433,N-autumn
sample_09352.jpg,0.48589857735418496,SRC_065,30.0,68.700871,N-winter
sample_09353.jpg,0.4888290277343265,SRC_089,10.0,48.442522,N-winter
sample_09354.jpg,0.3881554690646206,SRC_121,25.0,67.446292,N-autumn
sample_09355.jpg,0.5075209055670614,SRC_103,-35.0,57.090396,N-autumn
sample_09356.jpg,0.44442914634159614,SRC_065,30.0,68.700871,N-winter
sample_09357.jpg,0.5267190586336241,SRC_072,15.0,46.966801,N-winter
sample_09358.jpg,0.5134414155601964,SRC_095,-20.0,56.495654,N-spring
sample_09359.jpg,0.45854960919800486,SRC_076,25.0,63.632584,N-autumn
sample_09360.jpg,0.48430642127565393,SRC_021,-90.0,68.040851,N-autumn
sample_09361.jpg,0.3966935856264747,SRC_018,-90.0,67.882485,N-winter
sample_09362.jpg,0.40086650388487477,SRC_158,-5.0,35.954137,N-winter
sample_09363.jpg,0.48460638361461345,SRC_108,-40.0,68.856247,N-summer
sample_09364.jpg,0.39034211471333424,SRC_097,0.0,35.318175,N-winter
sample_09365.jpg,0.4153510174399262,SRC_109,50.0,54.137665,N-summer
sample_09366.jpg,0.38420053074340893,SRC_169,40.0,48.615664,N-summer
sample_09367.jpg,0.5125737400417959,SRC_091,-40.0,72.511342,N-summer
sample_09368.jpg,0.5020050256596614,SRC_158,-5.0,35.954137,N-winter
sample_09369.jpg,0.4832340064567992,SRC_074,0.0,50.25459,N-spring
sample_09370.jpg,0.48419171744020034,SRC_166,90.0,60.094207,N-spring
sample_09371.jpg,0.4246099938024255,SRC_115,25.0,41.8845,N-spring
sample_09372.jpg,0.4962655953181926,SRC_040,90.0,57.651744,N-spring
sample_09373.jpg,0.47300145062003207,SRC_028,10.0,42.894848,N-spring
sample_09374.jpg,0.400303472358878,SRC_078,15.0,40.437008,N-spring
sample_09375.jpg,0.3889822347296052,SRC_013,50.0,54.051464,N-spring
sample_09376.jpg,0.3726622164616161,SRC_141,-10.0,55.206291,N-spring
sample_09377.jpg,0.3907632944791379,SRC_097,0.0,35.318175,N-winter
sample_09378.jpg,0.4017628527132035,SRC_108,-40.0,68.856247,N-summer
sample_09379.jpg,0.3891383590442741,SRC_027,35.0,41.369436,N-spring
sample_09380.jpg,0.43718855216058533,SRC_078,15.0,40.437008,N-spring
sample_09381.jpg,0.39408943745195407,SRC_159,20.0,67.076816,N-autumn
sample_09382.jpg,0.4065925789482674,SRC_112,-30.0,67.516648,N-spring
sample_09383.jpg,0.5367249920062859,SRC_111,-35.0,79.069883,N-spring
sample_09384.jpg,0.47557696396356075,SRC_158,-5.0,35.954137,N-winter
sample_09385.jpg,0.4424872071238915,SRC_117,-90.0,60.317034,N-winter
sample_09386.jpg,0.3917690233087491,SRC_100,20.0,41.506528,N-spring
sample_09387.jpg,0.3927652035233928,SRC_030,-25.0,67.936804,N-spring
sample_09388.jpg,0.45996746967158453,SRC_161,5.0,52.294471,N-summer
sample_09389.jpg,0.401232311132585,SRC_165,10.0,42.451267,N-winter
sample_09390.jpg,0.3715004782145088,SRC_157,40.0,44.22455,N-summer
sample_09391.jpg,0.39003714043412446,SRC_094,20.0,66.934532,N-autumn
sample_09392.jpg,0.45878435459879785,SRC_048,-25.0,61.920556,N-autumn
sample_09393.jpg,0.47675587750032894,SRC_049,5.0,42.94902,N-spring
sample_09394.jpg,0.47474337773107217,SRC_094,20.0,66.934532,N-autumn
sample_09395.jpg,0.5132423654285267,SRC_156,10.0,48.737382,N-summer
sample_09396.jpg,0.37610356102133696,SRC_030,-25.0,67.936804,N-spring
sample_09397.jpg,0.3727585537254694,SRC_157,40.0,44.22455,N-summer
sample_09398.jpg,0.39833347172504585,SRC_133,-10.0,48.887369,N-spring
sample_09399.jpg,0.5067588504808261,SRC_104,25.0,45.102036,N-summer
sample_09400.jpg,0.41468175682551395,SRC_170,-20.0,56.332579,N-autumn
sample_09401.jpg,0.4815132322557261,SRC_108,-40.0,68.856247,N-summer
sample_09402.jpg,0.4257871498029539,SRC_055,-5.0,57.335076,N-spring
sample_09403.jpg,0.49102626036244457,SRC_151,-15.0,63.408071,N-summer
sample_09404.jpg,0.38990912557775637,SRC_004,30.0,61.107468,N-autumn
sample_09405.jpg,0.4790019381355422,SRC_031,-90.0,62.684336,N-winter
sample_09406.jpg,0.3991519762193667,SRC_003,0.0,38.090051,N-spring
sample_09407.jpg,0.3904483388237705,SRC_074,0.0,50.25459,N-spring
sample_09408.jpg,0.5143300479603038,SRC_159,20.0,67.076816,N-autumn
sample_09409.jpg,0.39591290881399793,SRC_087,0.0,54.65824,N-summer
sample_09410.jpg,0.42424878609664374,SRC_144,-35.0,76.731052,N-spring
sample_09411.jpg,0.42229048093102195,SRC_144,-35.0,76.731052,N-spring
sample_09412.jpg,0.3881703246052698,SRC_004,30.0,61.107468,N-autumn
sample_09413.jpg,0.38990173274706097,SRC_096,25.0,40.422288,N-spring
sample_09414.jpg,0.38797790204898713,SRC_153,-40.0,43.960452,N-autumn
sample_09415.jpg,0.41673341578505274,SRC_020,35.0,42.075965,N-summer
sample_09416.jpg,0.42511499305507083,SRC_140,35.0,44.85556,N-spring
sample_09417.jpg,0.38449328447397035,SRC_099,15.0,42.024472,N-spring
sample_09418.jpg,0.510252736922171,SRC_076,25.0,63.632584,N-autumn
sample_09419.jpg,0.38879355949138217,SRC_030,-25.0,67.936804,N-spring
sample_09420.jpg,0.41340269819731057,SRC_020,35.0,42.075965,N-summer
sample_09421.jpg,0.45400249503114337,SRC_069,25.0,48.120522,N-summer
sample_09422.jpg,0.38051395855935954,SRC_127,-35.0,47.507974,N-autumn
sample_09423.jpg,0.3865332228818808,SRC_169,40.0,48.615664,N-summer
sample_09424.jpg,0.38976076292971895,SRC_006,-15.0,65.638079,N-spring
sample_09425.jpg,0.5003484700561507,SRC_114,-10.0,58.176498,N-autumn
sample_09426.jpg,0.3957219100913393,SRC_009,-25.0,73.827745,N-spring
sample_09427.jpg,0.5041029613306829,SRC_022,20.0,41.513642,N-spring
sample_09428.jpg,0.43012648409457954,SRC_059,15.0,48.046698,N-summer
sample_09429.jpg,0.489173596722196,SRC_063,25.0,41.329237,N-spring
sample_09430.jpg,0.4795455617050802,SRC_092,5.0,57.429528,N-autumn
sample_09431.jpg,0.4593146682740885,SRC_049,5.0,42.94902,N-spring
sample_09432.jpg,0.3850171075874152,SRC_022,20.0,41.513642,N-spring
sample_09433.jpg,0.3984633934641451,SRC_112,-30.0,67.516648,N-spring
sample_09434.jpg,0.40489782868475094,SRC_041,15.0,46.712049,N-summer
sample_09435.jpg,0.4447026848720125,SRC_123,0.0,54.598149,N-autumn
sample_09436.jpg,0.4295859683351151,SRC_124,0.0,51.928413,N-summer
sample_09437.jpg,0.3770887222530123,SRC_006,-15.0,65.638079,N-spring
sample_09438.jpg,0.5234705227322826,SRC_164,20.0,59.226879,N-autumn
sample_09439.jpg,0.5166001037802236,SRC_049,5.0,42.94902,N-spring
sample_09440.jpg,0.4196310166519187,SRC_013,50.0,54.051464,N-spring
sample_09441.jpg,0.4350622014518023,SRC_165,10.0,42.451267,N-winter
sample_09442.jpg,0.3933165482935692,SRC_092,5.0,57.429528,N-autumn
sample_09443.jpg,0.39080818393980227,SRC_127,-35.0,47.507974,N-autumn
sample_09444.jpg,0.42787866206572733,SRC_055,-5.0,57.335076,N-spring
sample_09445.jpg,0.3969497103418624,SRC_103,-35.0,57.090396,N-autumn
sample_09446.jpg,0.4021878473600027,SRC_042,10.0,36.92431,N-spring
sample_09447.jpg,0.4033810365900825,SRC_115,25.0,41.8845,N-spring
sample_09448.jpg,0.4306705222940437,SRC_165,10.0,42.451267,N-winter
sample_09449.jpg,0.4135502312327354,SRC_097,0.0,35.318175,N-winter
sample_09450.jpg,0.38944398345664677,SRC_124,0.0,51.928413,N-summer
sample_09451.jpg,0.4010715916176578,SRC_158,-5.0,35.954137,N-winter
sample_09452.jpg,0.39411270371929985,SRC_040,90.0,57.651744,N-spring
sample_09453.jpg,0.5160668873412042,SRC_032,-5.0,52.490186,N-spring
sample_09454.jpg,0.5054467099534695,SRC_062,45.0,81.508965,N-autumn
sample_09455.jpg,0.49418723314035845,SRC_026,90.0,57.238404,N-spring
sample_09456.jpg,0.39529023905794963,SRC_103,-35.0,57.090396,N-autumn
sample_09457.jpg,0.48520319091192743,SRC_158,-5.0,35.954137,N-winter
sample_09458.jpg,0.4050619062961518,SRC_092,5.0,57.429528,N-autumn
sample_09459.jpg,0.503596958340893,SRC_106,25.0,40.638999,N-spring
sample_09460.jpg,0.40001909031954896,SRC_074,0.0,50.25459,N-spring
sample_09461.jpg,0.38619344084746565,SRC_041,15.0,46.712049,N-summer
sample_09462.jpg,0.41365018456387126,SRC_115,25.0,41.8845,N-spring
sample_09463.jpg,0.5058890299022283,SRC_013,50.0,54.051464,N-spring
sample_09464.jpg,0.41121619598318404,SRC_092,5.0,57.429528,N-autumn
sample_09465.jpg,0.4558411234831226,SRC_065,30.0,68.700871,N-winter
sample_09466.jpg,0.4819039477076337,SRC_015,20.0,46.484204,N-summer
sample_09467.jpg,0.3832774141538643,SRC_169,40.0,48.615664,N-summer
sample_09468.jpg,0.4307537825419477,SRC_027,35.0,41.369436,N-spring
sample_09469.jpg,0.4125461251648187,SRC_022,20.0,41.513642,N-spring
sample_09470.jpg,0.3997009813384807,SRC_156,10.0,48.737382,N-summer
sample_09471.jpg,0.39198917328604815,SRC_016,10.0,55.552023,N-winter
sample_09472.jpg,0.4681796326784549,SRC_040,90.0,57.651744,N-spring
sample_09473.jpg,0.39984974745926116,SRC_121,25.0,67.446292,N-autumn
sample_09474.jpg,0.3951929536384621,SRC_103,-35.0,57.090396,N-autumn
sample_09475.jpg,0.3978997896832469,SRC_089,10.0,48.442522,N-winter
sample_09476.jpg,0.3952490000043781,SRC_021,-90.0,68.040851,N-autumn
sample_09477.jpg,0.378087571041559,SRC_057,-5.0,57.599617,N-summer
sample_09478.jpg,0.3855088579377842,SRC_003,0.0,38.090051,N-spring
sample_09479.jpg,0.3973567599103203,SRC_114,-10.0,58.176498,N-autumn
sample_09480.jpg,0.4413168232096182,SRC_146,10.0,58.0428,N-summer
sample_09481.jpg,0.38464258117328387,SRC_141,-10.0,55.206291,N-spring
sample_09482.jpg,0.47209309048249803,SRC_108,-40.0,68.856247,N-summer
sample_09483.jpg,0.37386605318134036,SRC_169,40.0,48.615664,N-summer
sample_09484.jpg,0.43175751123770445,SRC_036,5.0,52.749586,N-summer
sample_09485.jpg,0.3781727968135191,SRC_093,-25.0,43.343655,N-autumn
sample_09486.jpg,0.3780477269324433,SRC_041,15.0,46.712049,N-summer
sample_09487.jpg,0.39192076903611417,SRC_114,-10.0,58.176498,N-autumn
sample_09488.jpg,0.39522204754264106,SRC_024,10.0,53.725813,N-summer
sample_09489.jpg,0.3722898355778427,SRC_134,-30.0,69.607895,N-spring
sample_09490.jpg,0.39487118227303036,SRC_046,0.0,58.061031,N-autumn
sample_09491.jpg,0.39828219180505653,SRC_095,-20.0,56.495654,N-spring
sample_09492.jpg,0.3842473400532672,SRC_043,10.0,50.433279,N-summer
sample_09493.jpg,0.3919704237619291,SRC_156,10.0,48.737382,N-summer
sample_09494.jpg,0.38411611626397557,SRC_004,30.0,61.107468,N-autumn
sample_09495.jpg,0.40410986305423535,SRC_096,25.0,40.422288,N-spring
sample_09496.jpg,0.3898633825248726,SRC_005,0.0,55.846781,N-summer
sample_09497.jpg,0.508734763432147,SRC_069,25.0,48.120522,N-summer
sample_09498.jpg,0.5002454378926802,SRC_067,-15.0,64.724247,N-spring
sample_09499.jpg,0.39162297399372725,SRC_083,0.0,55.378885,N-spring
sample_09500.jpg,0.4167326402855508,SRC_133,-10.0,48.887369,N-spring
sample_09501.jpg,0.5178377394840965,SRC_037,15.0,44.468297,N-spring
sample_09502.jpg,0.4805514466826664,SRC_021,-90.0,68.040851,N-autumn
sample_09503.jpg,0.4495580368946426,SRC_144,-35.0,76.731052,N-spring
sample_09504.jpg,0.40750714864175624,SRC_040,90.0,57.651744,N-spring
sample_09505.jpg,0.38665091547122155,SRC_066,-10.0,61.81065,N-summer
sample_09506.jpg,0.44870464781384756,SRC_106,25.0,40.638999,N-spring
sample_09507.jpg,0.4081396578560361,SRC_009,-25.0,73.827745,N-spring
sample_09508.jpg,0.45846915386990617,SRC_052,5.0,51.705435,N-summer
sample_09509.jpg,0.48314392584771354,SRC_056,-40.0,74.660587,N-summer
sample_09510.jpg,0.3795008116438649,SRC_004,30.0,61.107468,N-autumn
sample_09511.jpg,0.3724622646112449,SRC_063,25.0,41.329237,N-spring
sample_09512.jpg,0.42094009518208164,SRC_020,35.0,42.075965,N-summer
sample_09513.jpg,0.49868030169971655,SRC_111,-35.0,79.069883,N-spring
sample_09514.jpg,0.500123132207295,SRC_130,25.0,37.507656,N-spring
sample_09515.jpg,0.3951662729907676,SRC_004,30.0,61.107468,N-autumn
sample_09516.jpg,0.449734677892481,SRC_069,25.0,48.120522,N-summer
sample_09517.jpg,0.5241969690067785,SRC_126,-20.0,68.779144,N-summer
sample_09518.jpg,0.4809616741527595,SRC_095,-20.0,56.495654,N-spring
sample_09519.jpg,0.5006558774292141,SRC_112,-30.0,67.516648,N-spring
sample_09520.jpg,0.3789771446359676,SRC_075,-90.0,65.329336,N-winter
sample_09521.jpg,0.4154820609354431,SRC_084,-10.0,58.957849,N-summer
sample_09522.jpg,0.42245681378836475,SRC_103,-35.0,57.090396,N-autumn
sample_09523.jpg,0.4634804190229948,SRC_099,15.0,42.024472,N-spring
sample_09524.jpg,0.5014859392504148,SRC_133,-10.0,48.887369,N-spring
sample_09525.jpg,0.45324542049092587,SRC_052,5.0,51.705435,N-summer
sample_09526.jpg,0.3970778489856331,SRC_007,20.0,49.485932,N-winter
sample_09527.jpg,0.3899942925073787,SRC_084,-10.0,58.957849,N-summer
sample_09528.jpg,0.41657895765609754,SRC_133,-10.0,48.887369,N-spring
sample_09529.jpg,0.41563987281318726,SRC_088,0.0,53.004483,N-summer
sample_09530.jpg,0.4019952492175939,SRC_050,0.0,53.680047,N-summer
sample_09531.jpg,0.39492930904050977,SRC_093,-25.0,43.343655,N-autumn
sample_09532.jpg,0.38898732209865716,SRC_005,0.0,55.846781,N-summer
sample_09533.jpg,0.3738742738887631,SRC_157,40.0,44.22455,N-summer
sample_09534.jpg,0.4950936757070309,SRC_061,50.0,43.110277,N-spring
sample_09535.jpg,0.40093958868427115,SRC_103,-35.0,57.090396,N-autumn
sample_09536.jpg,0.41110364158576607,SRC_133,-10.0,48.887369,N-spring
sample_09537.jpg,0.38436523376837883,SRC_004,30.0,61.107468,N-autumn
sample_09538.jpg,0.39268206089171187,SRC_118,35.0,49.493581,N-summer
sample_09539.jpg,0.40444469019667,SRC_001,-5.0,51.987197,N-spring
sample_09540.jpg,0.4727190435541607,SRC_126,-20.0,68.779144,N-summer
sample_09541.jpg,0.3836306705933029,SRC_127,-35.0,47.507974,N-autumn
sample_09542.jpg,0.3934608329535248,SRC_046,0.0,58.061031,N-autumn
sample_09543.jpg,0.5319585777488763,SRC_094,20.0,66.934532,N-autumn
sample_09544.jpg,0.390838044589794,SRC_008,25.0,61.005891,N-autumn
sample_09545.jpg,0.500064685446657,SRC_030,-25.0,67.936804,N-spring
sample_09546.jpg,0.5018342504177941,SRC_081,-90.0,74.772433,N-autumn
sample_09547.jpg,0.37625412077611353,SRC_030,-25.0,67.936804,N-spring
sample_09548.jpg,0.46455969606581976,SRC_051,20.0,63.609319,N-autumn
sample_09549.jpg,0.40752401753316525,SRC_115,25.0,41.8845,N-spring
sample_09550.jpg,0.5370676004093393,SRC_164,20.0,59.226879,N-autumn
sample_09551.jpg,0.3958430441334407,SRC_014,-40.0,38.480327,N-winter
sample_09552.jpg,0.37219787611515887,SRC_041,15.0,46.712049,N-summer
sample_09553.jpg,0.5048902109303628,SRC_145,-5.0,52.15166,N-spring
sample_09554.jpg,0.4018062711954169,SRC_153,-40.0,43.960452,N-autumn
sample_09555.jpg,0.3831319220293662,SRC_056,-40.0,74.660587,N-summer
sample_09556.jpg,0.5155264600656961,SRC_146,10.0,58.0428,N-summer
sample_09557.jpg,0.3849455069239722,SRC_030,-25.0,67.936804,N-spring
sample_09558.jpg,0.443768159234969,SRC_041,15.0,46.712049,N-summer
sample_09559.jpg,0.40814344280416615,SRC_153,-40.0,43.960452,N-autumn
sample_09560.jpg,0.3787903200935833,SRC_157,40.0,44.22455,N-summer
sample_09561.jpg,0.45660442526395634,SRC_024,10.0,53.725813,N-summer
sample_09562.jpg,0.40715819777787965,SRC_036,5.0,52.749586,N-summer
sample_09563.jpg,0.47354770449733785,SRC_142,-30.0,34.276784,N-winter
sample_09564.jpg,0.3909578217707777,SRC_013,50.0,54.051464,N-spring
sample_09565.jpg,0.47688594410366497,SRC_005,0.0,55.846781,N-summer
sample_09566.jpg,0.5138115773561807,SRC_041,15.0,46.712049,N-summer
sample_09567.jpg,0.39061181202709655,SRC_094,20.0,66.934532,N-autumn
sample_09568.jpg,0.4010502682617806,SRC_055,-5.0,57.335076,N-spring
sample_09569.jpg,0.4051550844348698,SRC_051,20.0,63.609319,N-autumn
sample_09570.jpg,0.5032149375944,SRC_106,25.0,40.638999,N-spring
sample_09571.jpg,0.4022957587321976,SRC_150,10.0,50.798821,N-summer
sample_09572.jpg,0.39118818801259214,SRC_041,15.0,46.712049,N-summer
sample_09573.jpg,0.42124891243238405,SRC_069,25.0,48.120522,N-summer
sample_09574.jpg,0.38647793639547207,SRC_108,-40.0,68.856247,N-summer
sample_09575.jpg,0.37150324504564647,SRC_002,40.0,45.868768,N-summer
sample_09576.jpg,0.38689537140493424,SRC_109,50.0,54.137665,N-summer
sample_09577.jpg,0.3916358732825735,SRC_093,-25.0,43.343655,N-autumn
sample_09578.jpg,0.3748985079628649,SRC_141,-10.0,55.206291,N-spring
sample_09579.jpg,0.39712806605913087,SRC_121,25.0,67.446292,N-autumn
sample_09580.jpg,0.4961288504622221,SRC_135,5.0,41.328761,N-winter
sample_09581.jpg,0.527501066615635,SRC_131,10.0,60.540464,N-autumn
sample_09582.jpg,0.4768123627162565,SRC_064,90.0,60.573524,N-spring
sample_09583.jpg,0.4915866860230335,SRC_104,25.0,45.102036,N-summer
sample_09584.jpg,0.5161645013338833,SRC_126,-20.0,68.779144,N-summer
sample_09585.jpg,0.49116646386596674,SRC_129,20.0,41.057252,N-spring
sample_09586.jpg,0.4952330075452405,SRC_131,10.0,60.540464,N-autumn
sample_09587.jpg,0.39811161722711275,SRC_011,-20.0,70.371153,N-summer
sample_09588.jpg,0.4076743545280907,SRC_089,10.0,48.442522,N-winter
sample_09589.jpg,0.4167674562183147,SRC_108,-40.0,68.856247,N-summer
sample_09590.jpg,0.3976598911491956,SRC_112,-30.0,67.516648,N-spring
sample_09591.jpg,0.42087738895327276,SRC_113,-35.0,36.668707,N-winter
sample_09592.jpg,0.3802717988765076,SRC_068,0.0,56.216196,N-summer
sample_09593.jpg,0.47735650140384955,SRC_005,0.0,55.846781,N-summer
sample_09594.jpg,0.4048472498022707,SRC_127,-35.0,47.507974,N-autumn
sample_09595.jpg,0.42516931657709456,SRC_071,20.0,40.070501,N-spring
sample_09596.jpg,0.5131898902149179,SRC_129,20.0,41.057252,N-spring
sample_09597.jpg,0.44083808304206995,SRC_125,-5.0,52.428603,N-spring
sample_09598.jpg,0.3959300096096868,SRC_158,-5.0,35.954137,N-winter
sample_09599.jpg,0.4067833671588266,SRC_134,-30.0,69.607895,N-spring
sample_09600.jpg,0.495451657637756,SRC_164,20.0,59.226879,N-autumn
sample_09601.jpg,0.5155690044607247,SRC_049,5.0,42.94902,N-spring
sample_09602.jpg,0.4465413882257213,SRC_022,20.0,41.513642,N-spring
sample_09603.jpg,0.42049879312812133,SRC_085,0.0,39.187341,N-spring
sample_09604.jpg,0.4898012494243364,SRC_110,90.0,59.038071,N-summer
sample_09605.jpg,0.40138582426608505,SRC_169,40.0,48.615664,N-summer
sample_09606.jpg,0.38865593634480744,SRC_076,25.0,63.632584,N-autumn
sample_09607.jpg,0.5064332803698834,SRC_052,5.0,51.705435,N-summer
sample_09608.jpg,0.3972913301079002,SRC_009,-25.0,73.827745,N-spring
sample_09609.jpg,0.3800253118578295,SRC_169,40.0,48.615664,N-summer
sample_09610.jpg,0.4414157375787259,SRC_062,45.0,81.508965,N-autumn
sample_09611.jpg,0.3867725456414942,SRC_052,5.0,51.705435,N-summer
sample_09612.jpg,0.42221816569570975,SRC_097,0.0,35.318175,N-winter
sample_09613.jpg,0.3896540334114099,SRC_103,-35.0,57.090396,N-autumn
sample_09614.jpg,0.4824135439515345,SRC_095,-20.0,56.495654,N-spring
sample_09615.jpg,0.39621348221186237,SRC_007,20.0,49.485932,N-winter
sample_09616.jpg,0.3993383321481166,SRC_076,25.0,63.632584,N-autumn
sample_09617.jpg,0.3813617988522938,SRC_020,35.0,42.075965,N-summer
sample_09618.jpg,0.47736806733521614,SRC_049,5.0,42.94902,N-spring
sample_09619.jpg,0.4048238133634367,SRC_015,20.0,46.484204,N-summer
sample_09620.jpg,0.4133460567676625,SRC_170,-20.0,56.332579,N-autumn
sample_09621.jpg,0.43310176218929997,SRC_054,5.0,37.41608,N-winter
sample_09622.jpg,0.4804117789330178,SRC_112,-30.0,67.516648,N-spring
sample_09623.jpg,0.50353516761509,SRC_027,35.0,41.369436,N-spring
sample_09624.jpg,0.4476937086424124,SRC_091,-40.0,72.511342,N-summer
sample_09625.jpg,0.4155700846864893,SRC_103,-35.0,57.090396,N-autumn
sample_09626.jpg,0.48339643021089573,SRC_103,-35.0,57.090396,N-autumn
sample_09627.jpg,0.45513647341926955,SRC_047,0.0,48.028677,N-spring
sample_09628.jpg,0.41099114555330274,SRC_054,5.0,37.41608,N-winter
sample_09629.jpg,0.4942717883875143,SRC_096,25.0,40.422288,N-spring
sample_09630.jpg,0.4615039131968988,SRC_126,-20.0,68.779144,N-summer
sample_09631.jpg,0.5279766568056471,SRC_134,-30.0,69.607895,N-spring
sample_09632.jpg,0.38501051944180487,SRC_108,-40.0,68.856247,N-summer
sample_09633.jpg,0.4065360317965963,SRC_115,25.0,41.8845,N-spring
sample_09634.jpg,0.38875268833215254,SRC_091,-40.0,72.511342,N-summer
sample_09635.jpg,0.40248918074192075,SRC_069,25.0,48.120522,N-summer
sample_09636.jpg,0.38694997554677596,SRC_171,-35.0,63.65778,N-spring
sample_09637.jpg,0.40417574384591803,SRC_051,20.0,63.609319,N-autumn
sample_09638.jpg,0.3930265475402589,SRC_061,50.0,43.110277,N-spring
sample_09639.jpg,0.5011192226425644,SRC_066,-10.0,61.81065,N-summer
sample_09640.jpg,0.3901207698698969,SRC_103,-35.0,57.090396,N-autumn
sample_09641.jpg,0.38974288742492613,SRC_171,-35.0,63.65778,N-spring
sample_09642.jpg,0.38901695248500234,SRC_048,-25.0,61.920556,N-autumn
sample_09643.jpg,0.39442108340569926,SRC_027,35.0,41.369436,N-spring
sample_09644.jpg,0.38793270856274326,SRC_001,-5.0,51.987197,N-spring
sample_09645.jpg,0.41549802413611303,SRC_133,-10.0,48.887369,N-spring
sample_09646.jpg,0.39394468306143393,SRC_121,25.0,67.446292,N-autumn
sample_09647.jpg,0.4167246168754547,SRC_143,90.0,68.916652,N-spring
sample_09648.jpg,0.39539849259182314,SRC_049,5.0,42.94902,N-spring
sample_09649.jpg,0.46424472417790275,SRC_070,60.0,58.788969,N-summer
sample_09650.jpg,0.48195002006576343,SRC_081,-90.0,74.772433,N-autumn
sample_09651.jpg,0.4089609365815449,SRC_161,5.0,52.294471,N-summer
sample_09652.jpg,0.398036826168127,SRC_007,20.0,49.485932,N-winter
sample_09653.jpg,0.3769642705644604,SRC_021,-90.0,68.040851,N-autumn
sample_09654.jpg,0.43450012712183844,SRC_115,25.0,41.8845,N-spring
sample_09655.jpg,0.37671756403879125,SRC_042,10.0,36.92431,N-spring
sample_09656.jpg,0.404459690629302,SRC_133,-10.0,48.887369,N-spring
sample_09657.jpg,0.43517845217458484,SRC_111,-35.0,79.069883,N-spring
sample_09658.jpg,0.3955282358485112,SRC_096,25.0,40.422288,N-spring
sample_09659.jpg,0.3866196537424413,SRC_091,-40.0,72.511342,N-summer
sample_09660.jpg,0.5161056963664646,SRC_028,10.0,42.894848,N-spring
sample_09661.jpg,0.4088750884389197,SRC_030,-25.0,67.936804,N-spring
sample_09662.jpg,0.4557771568084685,SRC_112,-30.0,67.516648,N-spring
sample_09663.jpg,0.3902143949922466,SRC_131,10.0,60.540464,N-autumn
sample_09664.jpg,0.3882197316124752,SRC_013,50.0,54.051464,N-spring
sample_09665.jpg,0.401157751194997,SRC_076,25.0,63.632584,N-autumn
sample_09666.jpg,0.4417447285378536,SRC_101,5.0,48.479381,N-winter
sample_09667.jpg,0.45717894965242134,SRC_069,25.0,48.120522,N-summer
sample_09668.jpg,0.41473120202454583,SRC_138,25.0,44.714676,N-summer
sample_09669.jpg,0.39860242406863594,SRC_158,-5.0,35.954137,N-winter
sample_09670.jpg,0.386030865044747,SRC_028,10.0,42.894848,N-spring
sample_09671.jpg,0.38580157355966427,SRC_027,35.0,41.369436,N-spring
sample_09672.jpg,0.510243199588849,SRC_085,0.0,39.187341,N-spring
sample_09673.jpg,0.4590885451078237,SRC_130,25.0,37.507656,N-spring
sample_09674.jpg,0.4982629591996853,SRC_116,5.0,41.203028,N-spring
sample_09675.jpg,0.3946415080090414,SRC_096,25.0,40.422288,N-spring
sample_09676.jpg,0.40035673160827584,SRC_156,10.0,48.737382,N-summer
sample_09677.jpg,0.38425145356476176,SRC_082,-10.0,60.444036,N-spring
sample_09678.jpg,0.40708247841154677,SRC_088,0.0,53.004483,N-summer
sample_09679.jpg,0.4858739254550863,SRC_050,0.0,53.680047,N-summer
sample_09680.jpg,0.3875579837016122,SRC_158,-5.0,35.954137,N-winter
sample_09681.jpg,0.391145515049414,SRC_127,-35.0,47.507974,N-autumn
sample_09682.jpg,0.4480871156287017,SRC_065,30.0,68.700871,N-winter
sample_09683.jpg,0.38791803979146133,SRC_014,-40.0,38.480327,N-winter
sample_09684.jpg,0.3806300152886986,SRC_095,-20.0,56.495654,N-spring
sample_09685.jpg,0.44108683006062643,SRC_006,-15.0,65.638079,N-spring
sample_09686.jpg,0.3818942504050392,SRC_013,50.0,54.051464,N-spring
sample_09687.jpg,0.377164281763421,SRC_169,40.0,48.615664,N-summer
sample_09688.jpg,0.40912433931928616,SRC_016,10.0,55.552023,N-winter
sample_09689.jpg,0.5038315477711441,SRC_171,-35.0,63.65778,N-spring
sample_09690.jpg,0.4790990108468464,SRC_004,30.0,61.107468,N-autumn
sample_09691.jpg,0.37927958195678574,SRC_036,5.0,52.749586,N-summer
sample_09692.jpg,0.3935983406806113,SRC_146,10.0,58.0428,N-summer
sample_09693.jpg,0.3883863232707644,SRC_009,-25.0,73.827745,N-spring
sample_09694.jpg,0.39745984582875293,SRC_112,-30.0,67.516648,N-spring
sample_09695.jpg,0.4062200200314751,SRC_076,25.0,63.632584,N-autumn
sample_09696.jpg,0.4479748807359674,SRC_111,-35.0,79.069883,N-spring
sample_09697.jpg,0.39259615821370863,SRC_042,10.0,36.92431,N-spring
sample_09698.jpg,0.41787986578706027,SRC_030,-25.0,67.936804,N-spring
sample_09699.jpg,0.4227569916129802,SRC_142,-30.0,34.276784,N-winter
sample_09700.jpg,0.38525219656421483,SRC_084,-10.0,58.957849,N-summer
sample_09701.jpg,0.42674188926162204,SRC_038,-15.0,32.097448,N-winter
sample_09702.jpg,0.4445144758141918,SRC_094,20.0,66.934532,N-autumn
sample_09703.jpg,0.39709094722595434,SRC_059,15.0,48.046698,N-summer
sample_09704.jpg,0.3787562949466776,SRC_096,25.0,40.422288,N-spring
sample_09705.jpg,0.3967891612817403,SRC_004,30.0,61.107468,N-autumn
sample_09706.jpg,0.3930759371950653,SRC_018,-90.0,67.882485,N-winter
sample_09707.jpg,0.4996705496460284,SRC_159,20.0,67.076816,N-autumn
sample_09708.jpg,0.39773196884292294,SRC_145,-5.0,52.15166,N-spring
sample_09709.jpg,0.47488984463951134,SRC_030,-25.0,67.936804,N-spring
sample_09710.jpg,0.5044370333150565,SRC_169,40.0,48.615664,N-summer
sample_09711.jpg,0.39880998944292134,SRC_103,-35.0,57.090396,N-autumn
sample_09712.jpg,0.39553332853240747,SRC_016,10.0,55.552023,N-winter
sample_09713.jpg,0.5330738016307797,SRC_154,0.0,54.770875,N-summer
sample_09714.jpg,0.40354058309778973,SRC_011,-20.0,70.371153,N-summer
sample_09715.jpg,0.49760278949362624,SRC_111,-35.0,79.069883,N-spring
sample_09716.jpg,0.3808756816455149,SRC_037,15.0,44.468297,N-spring
sample_09717.jpg,0.5280257107078752,SRC_038,-15.0,32.097448,N-winter
sample_09718.jpg,0.5036071678457428,SRC_093,-25.0,43.343655,N-autumn
sample_09719.jpg,0.4541643229557601,SRC_047,0.0,48.028677,N-spring
sample_09720.jpg,0.3872039131512003,SRC_046,0.0,58.061031,N-autumn
sample_09721.jpg,0.3985121186313813,SRC_153,-40.0,43.960452,N-autumn
sample_09722.jpg,0.5050836691824598,SRC_027,35.0,41.369436,N-spring
sample_09723.jpg,0.415220289623287,SRC_115,25.0,41.8845,N-spring
sample_09724.jpg,0.516911384316751,SRC_081,-90.0,74.772433,N-autumn
sample_09725.jpg,0.39978472327425085,SRC_016,10.0,55.552023,N-winter
sample_09726.jpg,0.5040597219375241,SRC_091,-40.0,72.511342,N-summer
sample_09727.jpg,0.3981938962239585,SRC_151,-15.0,63.408071,N-summer
sample_09728.jpg,0.3924617168431308,SRC_147,50.0,51.835813,N-summer
sample_09729.jpg,0.48582886905550565,SRC_035,0.0,56.990187,N-autumn
sample_09730.jpg,0.39064822443837505,SRC_070,60.0,58.788969,N-summer
sample_09731.jpg,0.385871822643195,SRC_157,40.0,44.22455,N-summer
sample_09732.jpg,0.4250960797735395,SRC_054,5.0,37.41608,N-winter
sample_09733.jpg,0.3993096566857526,SRC_164,20.0,59.226879,N-autumn
sample_09734.jpg,0.46003207503281257,SRC_153,-40.0,43.960452,N-autumn
sample_09735.jpg,0.48052001406594813,SRC_052,5.0,51.705435,N-summer
sample_09736.jpg,0.412591898275737,SRC_108,-40.0,68.856247,N-summer
sample_09737.jpg,0.37595876107384646,SRC_014,-40.0,38.480327,N-winter
sample_09738.jpg,0.4916510572404329,SRC_119,90.0,58.642683,N-spring
sample_09739.jpg,0.4151711761672379,SRC_115,25.0,41.8845,N-spring
sample_09740.jpg,0.4903719537922188,SRC_116,5.0,41.203028,N-spring
sample_09741.jpg,0.3827286043109523,SRC_108,-40.0,68.856247,N-summer
sample_09742.jpg,0.3734516525064904,SRC_063,25.0,41.329237,N-spring
sample_09743.jpg,0.3978842965679269,SRC_006,-15.0,65.638079,N-spring
sample_09744.jpg,0.5116763064234596,SRC_042,10.0,36.92431,N-spring
sample_09745.jpg,0.3918595900636262,SRC_159,20.0,67.076816,N-autumn
sample_09746.jpg,0.40113420005481276,SRC_043,10.0,50.433279,N-summer
sample_09747.jpg,0.5305331329053428,SRC_016,10.0,55.552023,N-winter
sample_09748.jpg,0.3961510142409925,SRC_058,30.0,69.060883,N-autumn
sample_09749.jpg,0.3956892729855055,SRC_114,-10.0,58.176498,N-autumn
sample_09750.jpg,0.4874660967196068,SRC_108,-40.0,68.856247,N-summer
sample_09751.jpg,0.4191433836854232,SRC_112,-30.0,67.516648,N-spring
sample_09752.jpg,0.4114014890182406,SRC_036,5.0,52.749586,N-summer
sample_09753.jpg,0.48852223797829397,SRC_097,0.0,35.318175,N-winter
sample_09754.jpg,0.4274771598442527,SRC_096,25.0,40.422288,N-spring
sample_09755.jpg,0.5090188689890286,SRC_117,-90.0,60.317034,N-winter
sample_09756.jpg,0.3852842631174996,SRC_100,20.0,41.506528,N-spring
sample_09757.jpg,0.48282719764245285,SRC_029,-5.0,45.485648,N-autumn
sample_09758.jpg,0.4295035835039724,SRC_047,0.0,48.028677,N-spring
sample_09759.jpg,0.3750617246316304,SRC_013,50.0,54.051464,N-spring
sample_09760.jpg,0.5360670992282308,SRC_164,20.0,59.226879,N-autumn
sample_09761.jpg,0.3928195604148093,SRC_103,-35.0,57.090396,N-autumn
sample_09762.jpg,0.4004068425461367,SRC_011,-20.0,70.371153,N-summer
sample_09763.jpg,0.48321331815007806,SRC_035,0.0,56.990187,N-autumn
sample_09764.jpg,0.48850796517833955,SRC_153,-40.0,43.960452,N-autumn
sample_09765.jpg,0.38651179664850355,SRC_112,-30.0,67.516648,N-spring
sample_09766.jpg,0.4064859886437537,SRC_151,-15.0,63.408071,N-summer
sample_09767.jpg,0.38417573541764555,SRC_013,50.0,54.051464,N-spring
sample_09768.jpg,0.39835227450430094,SRC_091,-40.0,72.511342,N-summer
sample_09769.jpg,0.39149961391936794,SRC_091,-40.0,72.511342,N-summer
sample_09770.jpg,0.43029190735170675,SRC_146,10.0,58.0428,N-summer
sample_09771.jpg,0.3696144466516139,SRC_090,50.0,47.196626,N-summer
sample_09772.jpg,0.3855564633972744,SRC_063,25.0,41.329237,N-spring
sample_09773.jpg,0.37143917957039085,SRC_002,40.0,45.868768,N-summer
sample_09774.jpg,0.37549603866540837,SRC_099,15.0,42.024472,N-spring
sample_09775.jpg,0.38089077601986465,SRC_037,15.0,44.468297,N-spring
sample_09776.jpg,0.5145015038323228,SRC_087,0.0,54.65824,N-summer
sample_09777.jpg,0.511935732791047,SRC_070,60.0,58.788969,N-summer
sample_09778.jpg,0.40398074430699094,SRC_067,-15.0,64.724247,N-spring
sample_09779.jpg,0.46910826350552204,SRC_070,60.0,58.788969,N-summer
sample_09780.jpg,0.42478841603875067,SRC_022,20.0,41.513642,N-spring
sample_09781.jpg,0.5174845540880779,SRC_081,-90.0,74.772433,N-autumn
sample_09782.jpg,0.46753594404138876,SRC_029,-5.0,45.485648,N-autumn
sample_09783.jpg,0.47292430064250973,SRC_013,50.0,54.051464,N-spring
sample_09784.jpg,0.49166237624904713,SRC_069,25.0,48.120522,N-summer
sample_09785.jpg,0.42540644954281515,SRC_151,-15.0,63.408071,N-summer
sample_09786.jpg,0.48635108967916685,SRC_069,25.0,48.120522,N-summer
sample_09787.jpg,0.3908894042414993,SRC_008,25.0,61.005891,N-autumn
sample_09788.jpg,0.39586533348765557,SRC_134,-30.0,69.607895,N-spring
sample_09789.jpg,0.3998369847815248,SRC_089,10.0,48.442522,N-winter
sample_09790.jpg,0.38775668213674275,SRC_091,-40.0,72.511342,N-summer
sample_09791.jpg,0.3957001845003701,SRC_042,10.0,36.92431,N-spring
sample_09792.jpg,0.4838678713114142,SRC_145,-5.0,52.15166,N-spring
sample_09793.jpg,0.3992188675702816,SRC_076,25.0,63.632584,N-autumn
sample_09794.jpg,0.4069783822401695,SRC_113,-35.0,36.668707,N-winter
sample_09795.jpg,0.41758982227009334,SRC_156,10.0,48.737382,N-summer
sample_09796.jpg,0.4039386515244406,SRC_040,90.0,57.651744,N-spring
sample_09797.jpg,0.4226905563789332,SRC_070,60.0,58.788969,N-summer
sample_09798.jpg,0.45406882387572656,SRC_144,-35.0,76.731052,N-spring
sample_09799.jpg,0.38725987499555137,SRC_009,-25.0,73.827745,N-spring
sample_09800.jpg,0.3862723876840866,SRC_108,-40.0,68.856247,N-summer
sample_09801.jpg,0.4471081763036655,SRC_010,90.0,74.440619,N-summer
sample_09802.jpg,0.4410154583286635,SRC_061,50.0,43.110277,N-spring
sample_09803.jpg,0.4700100563740424,SRC_164,20.0,59.226879,N-autumn
sample_09804.jpg,0.4063535487303377,SRC_103,-35.0,57.090396,N-autumn
sample_09805.jpg,0.49940701727656106,SRC_009,-25.0,73.827745,N-spring
sample_09806.jpg,0.3914617325537937,SRC_158,-5.0,35.954137,N-winter
sample_09807.jpg,0.4869904704492442,SRC_020,35.0,42.075965,N-summer
sample_09808.jpg,0.4151780474824885,SRC_115,25.0,41.8845,N-spring
sample_09809.jpg,0.5199695264841564,SRC_066,-10.0,61.81065,N-summer
sample_09810.jpg,0.4169865068089386,SRC_058,30.0,69.060883,N-autumn
sample_09811.jpg,0.4027038037922027,SRC_116,5.0,41.203028,N-spring
sample_09812.jpg,0.400943162404935,SRC_114,-10.0,58.176498,N-autumn
sample_09813.jpg,0.5138090347130112,SRC_073,45.0,41.537171,N-spring
sample_09814.jpg,0.3912473236918081,SRC_006,-15.0,65.638079,N-spring
sample_09815.jpg,0.452433707805857,SRC_149,90.0,55.701783,N-summer
sample_09816.jpg,0.4634995163921863,SRC_049,5.0,42.94902,N-spring
sample_09817.jpg,0.4093607663910796,SRC_095,-20.0,56.495654,N-spring
sample_09818.jpg,0.3857365068860918,SRC_126,-20.0,68.779144,N-summer
sample_09819.jpg,0.457022538340161,SRC_100,20.0,41.506528,N-spring
sample_09820.jpg,0.4124278608355447,SRC_022,20.0,41.513642,N-spring
sample_09821.jpg,0.4122996567926814,SRC_151,-15.0,63.408071,N-summer
sample_09822.jpg,0.4382176373192948,SRC_050,0.0,53.680047,N-summer
sample_09823.jpg,0.4865705226375051,SRC_168,90.0,64.709631,N-summer
sample_09824.jpg,0.4210380515720553,SRC_062,45.0,81.508965,N-autumn
sample_09825.jpg,0.3948060619603454,SRC_005,0.0,55.846781,N-summer
sample_09826.jpg,0.41407867967275075,SRC_106,25.0,40.638999,N-spring
sample_09827.jpg,0.509726107814074,SRC_151,-15.0,63.408071,N-summer
sample_09828.jpg,0.4354910319294084,SRC_156,10.0,48.737382,N-summer
sample_09829.jpg,0.3896912961646185,SRC_005,0.0,55.846781,N-summer
sample_09830.jpg,0.39150517865496276,SRC_112,-30.0,67.516648,N-spring
sample_09831.jpg,0.4603915642205457,SRC_047,0.0,48.028677,N-spring
sample_09832.jpg,0.4535360708978849,SRC_111,-35.0,79.069883,N-spring
sample_09833.jpg,0.38585091947053896,SRC_096,25.0,40.422288,N-spring
sample_09834.jpg,0.4017731570565723,SRC_011,-20.0,70.371153,N-summer
sample_09835.jpg,0.3963458046119682,SRC_048,-25.0,61.920556,N-autumn
sample_09836.jpg,0.3911100862570761,SRC_158,-5.0,35.954137,N-winter
sample_09837.jpg,0.5003954669114021,SRC_133,-10.0,48.887369,N-spring
sample_09838.jpg,0.38590132659806853,SRC_086,15.0,43.648742,N-summer
sample_09839.jpg,0.37448531116207057,SRC_041,15.0,46.712049,N-summer
sample_09840.jpg,0.45675743051139384,SRC_049,5.0,42.94902,N-spring
sample_09841.jpg,0.512815648880219,SRC_046,0.0,58.061031,N-autumn
sample_09842.jpg,0.45846832681662075,SRC_036,5.0,52.749586,N-summer
sample_09843.jpg,0.4010933086926606,SRC_006,-15.0,65.638079,N-spring
sample_09844.jpg,0.38054556465932493,SRC_099,15.0,42.024472,N-spring
sample_09845.jpg,0.40417800247461705,SRC_051,20.0,63.609319,N-autumn
sample_09846.jpg,0.3891582085234576,SRC_092,5.0,57.429528,N-autumn
sample_09847.jpg,0.4277833642847956,SRC_029,-5.0,45.485648,N-autumn
sample_09848.jpg,0.3760496546861397,SRC_037,15.0,44.468297,N-spring
sample_09849.jpg,0.3911282149858609,SRC_096,25.0,40.422288,N-spring
sample_09850.jpg,0.39310291149237964,SRC_092,5.0,57.429528,N-autumn
sample_09851.jpg,0.3809026009385091,SRC_013,50.0,54.051464,N-spring
sample_09852.jpg,0.49333152887637793,SRC_066,-10.0,61.81065,N-summer
sample_09853.jpg,0.4239853144133397,SRC_133,-10.0,48.887369,N-spring
sample_09854.jpg,0.3944655949476138,SRC_076,25.0,63.632584,N-autumn
sample_09855.jpg,0.5022082297098597,SRC_099,15.0,42.024472,N-spring
sample_09856.jpg,0.42408633673478435,SRC_069,25.0,48.120522,N-summer
sample_09857.jpg,0.40454748232075916,SRC_100,20.0,41.506528,N-spring
sample_09858.jpg,0.4452816106263141,SRC_026,90.0,57.238404,N-spring
sample_09859.jpg,0.46171279701802825,SRC_142,-30.0,34.276784,N-winter
sample_09860.jpg,0.39077986771012796,SRC_065,30.0,68.700871,N-winter
sample_09861.jpg,0.4523704069390712,SRC_069,25.0,48.120522,N-summer
sample_09862.jpg,0.4267931238112224,SRC_036,5.0,52.749586,N-summer
sample_09863.jpg,0.392836709959464,SRC_084,-10.0,58.957849,N-summer
sample_09864.jpg,0.4144761042207941,SRC_058,30.0,69.060883,N-autumn
sample_09865.jpg,0.5016262026378113,SRC_024,10.0,53.725813,N-summer
sample_09866.jpg,0.4782301682051709,SRC_014,-40.0,38.480327,N-winter
sample_09867.jpg,0.4780376430597976,SRC_114,-10.0,58.176498,N-autumn
sample_09868.jpg,0.38171217244799976,SRC_013,50.0,54.051464,N-spring
sample_09869.jpg,0.5247915733899555,SRC_081,-90.0,74.772433,N-autumn
sample_09870.jpg,0.40059146789445566,SRC_011,-20.0,70.371153,N-summer
sample_09871.jpg,0.39788228452057306,SRC_103,-35.0,57.090396,N-autumn
sample_09872.jpg,0.39144029017024834,SRC_092,5.0,57.429528,N-autumn
sample_09873.jpg,0.404764565237528,SRC_009,-25.0,73.827745,N-spring
sample_09874.jpg,0.4501313111657613,SRC_142,-30.0,34.276784,N-winter
sample_09875.jpg,0.48914702858335685,SRC_126,-20.0,68.779144,N-summer
sample_09876.jpg,0.4628087562721185,SRC_026,90.0,57.238404,N-spring
sample_09877.jpg,0.39790274271885673,SRC_158,-5.0,35.954137,N-winter
sample_09878.jpg,0.5004396080995381,SRC_074,0.0,50.25459,N-spring
sample_09879.jpg,0.38660680030904704,SRC_004,30.0,61.107468,N-autumn
sample_09880.jpg,0.3993237728976907,SRC_049,5.0,42.94902,N-spring
sample_09881.jpg,0.47989561097128686,SRC_014,-40.0,38.480327,N-winter
sample_09882.jpg,0.48047406636864487,SRC_027,35.0,41.369436,N-spring
sample_09883.jpg,0.4240481730457818,SRC_013,50.0,54.051464,N-spring
sample_09884.jpg,0.415057129300513,SRC_143,90.0,68.916652,N-spring
sample_09885.jpg,0.44919052526268866,SRC_047,0.0,48.028677,N-spring
sample_09886.jpg,0.5173278214576085,SRC_154,0.0,54.770875,N-summer
sample_09887.jpg,0.3901941193459487,SRC_158,-5.0,35.954137,N-winter
sample_09888.jpg,0.4042556122377321,SRC_009,-25.0,73.827745,N-spring
sample_09889.jpg,0.3925330883257133,SRC_076,25.0,63.632584,N-autumn
sample_09890.jpg,0.39319602336444703,SRC_153,-40.0,43.960452,N-autumn
sample_09891.jpg,0.5069870522278771,SRC_112,-30.0,67.516648,N-spring
sample_09892.jpg,0.4900209920082446,SRC_112,-30.0,67.516648,N-spring
sample_09893.jpg,0.41606143183998634,SRC_009,-25.0,73.827745,N-spring
sample_09894.jpg,0.4513797379002732,SRC_168,90.0,64.709631,N-summer
sample_09895.jpg,0.38805349412071577,SRC_013,50.0,54.051464,N-spring
sample_09896.jpg,0.44036150919604217,SRC_047,0.0,48.028677,N-spring
sample_09897.jpg,0.39192465809392724,SRC_074,0.0,50.25459,N-spring
sample_09898.jpg,0.45154552302313655,SRC_139,40.0,53.533251,N-winter
sample_09899.jpg,0.46830973497894135,SRC_106,25.0,40.638999,N-spring
sample_09900.jpg,0.48689040975652337,SRC_116,5.0,41.203028,N-spring
sample_09901.jpg,0.48319559353474767,SRC_081,-90.0,74.772433,N-autumn
sample_09902.jpg,0.3991127078697522,SRC_091,-40.0,72.511342,N-summer
sample_09903.jpg,0.48049288455147127,SRC_127,-35.0,47.507974,N-autumn
sample_09904.jpg,0.4109925916115206,SRC_040,90.0,57.651744,N-spring
sample_09905.jpg,0.3944090523195226,SRC_153,-40.0,43.960452,N-autumn
sample_09906.jpg,0.3984378878160552,SRC_158,-5.0,35.954137,N-winter
sample_09907.jpg,0.5053511897554523,SRC_026,90.0,57.238404,N-spring
sample_09908.jpg,0.4105491429390118,SRC_061,50.0,43.110277,N-spring
sample_09909.jpg,0.38539163843944335,SRC_037,15.0,44.468297,N-spring
sample_09910.jpg,0.397366276458074,SRC_158,-5.0,35.954137,N-winter
sample_09911.jpg,0.38568647649094306,SRC_051,20.0,63.609319,N-autumn
sample_09912.jpg,0.40959690144744,SRC_037,15.0,44.468297,N-spring
sample_09913.jpg,0.38357546570148876,SRC_099,15.0,42.024472,N-spring
sample_09914.jpg,0.40020367910615573,SRC_103,-35.0,57.090396,N-autumn
sample_09915.jpg,0.4229344988648792,SRC_042,10.0,36.92431,N-spring
sample_09916.jpg,0.39143329955599404,SRC_103,-35.0,57.090396,N-autumn
sample_09917.jpg,0.42023087684177546,SRC_111,-35.0,79.069883,N-spring
sample_09918.jpg,0.5313473584442928,SRC_041,15.0,46.712049,N-summer
sample_09919.jpg,0.3993930447127535,SRC_076,25.0,63.632584,N-autumn
sample_09920.jpg,0.43726448724432965,SRC_005,0.0,55.846781,N-summer
sample_09921.jpg,0.41043867599059325,SRC_020,35.0,42.075965,N-summer
sample_09922.jpg,0.3952747553932008,SRC_011,-20.0,70.371153,N-summer
sample_09923.jpg,0.4089450468829866,SRC_038,-15.0,32.097448,N-winter
sample_09924.jpg,0.38663514295615836,SRC_109,50.0,54.137665,N-summer
sample_09925.jpg,0.5165872973536315,SRC_104,25.0,45.102036,N-summer
sample_09926.jpg,0.39357065116570383,SRC_108,-40.0,68.856247,N-summer
sample_09927.jpg,0.48149123327301685,SRC_121,25.0,67.446292,N-autumn
sample_09928.jpg,0.3981956879047691,SRC_076,25.0,63.632584,N-autumn
sample_09929.jpg,0.37663375131195675,SRC_056,-40.0,74.660587,N-summer
sample_09930.jpg,0.47537861793896274,SRC_117,-90.0,60.317034,N-winter
sample_09931.jpg,0.42299492515196835,SRC_097,0.0,35.318175,N-winter
sample_09932.jpg,0.40209116266806805,SRC_004,30.0,61.107468,N-autumn
sample_09933.jpg,0.4622347795449787,SRC_047,0.0,48.028677,N-spring
sample_09934.jpg,0.3917606467588038,SRC_015,20.0,46.484204,N-summer
sample_09935.jpg,0.43345699997469983,SRC_094,20.0,66.934532,N-autumn
sample_09936.jpg,0.42353321642594066,SRC_055,-5.0,57.335076,N-spring
sample_09937.jpg,0.3928129506700159,SRC_037,15.0,44.468297,N-spring
sample_09938.jpg,0.4716316692144232,SRC_074,0.0,50.25459,N-spring
sample_09939.jpg,0.41348726523197427,SRC_011,-20.0,70.371153,N-summer
sample_09940.jpg,0.408692830974683,SRC_040,90.0,57.651744,N-spring
sample_09941.jpg,0.3862272634476273,SRC_109,50.0,54.137665,N-summer
sample_09942.jpg,0.38669214827953385,SRC_037,15.0,44.468297,N-spring
sample_09943.jpg,0.5335114420079721,SRC_011,-20.0,70.371153,N-summer
sample_09944.jpg,0.4000732244981706,SRC_020,35.0,42.075965,N-summer
sample_09945.jpg,0.4456741804229688,SRC_154,0.0,54.770875,N-summer
sample_09946.jpg,0.37835353895643375,SRC_009,-25.0,73.827745,N-spring
sample_09947.jpg,0.43531361913263283,SRC_054,5.0,37.41608,N-winter
sample_09948.jpg,0.4019749664612167,SRC_014,-40.0,38.480327,N-winter
sample_09949.jpg,0.40275705379016224,SRC_158,-5.0,35.954137,N-winter
sample_09950.jpg,0.4470555823818089,SRC_165,10.0,42.451267,N-winter
sample_09951.jpg,0.3891809665915276,SRC_084,-10.0,58.957849,N-summer
sample_09952.jpg,0.4685922326521868,SRC_061,50.0,43.110277,N-spring
sample_09953.jpg,0.3868588560852375,SRC_109,50.0,54.137665,N-summer
sample_09954.jpg,0.38211315772016263,SRC_042,10.0,36.92431,N-spring
sample_09955.jpg,0.5066530221828517,SRC_135,5.0,41.328761,N-winter
sample_09956.jpg,0.4331161267173734,SRC_023,-10.0,50.837437,N-spring
sample_09957.jpg,0.39924797577755333,SRC_112,-30.0,67.516648,N-spring
sample_09958.jpg,0.47193400120445494,SRC_027,35.0,41.369436,N-spring
sample_09959.jpg,0.38461347947641034,SRC_004,30.0,61.107468,N-autumn
sample_09960.jpg,0.4412856393902912,SRC_074,0.0,50.25459,N-spring
sample_09961.jpg,0.40141913031351545,SRC_063,25.0,41.329237,N-spring
sample_09962.jpg,0.3940880396151115,SRC_004,30.0,61.107468,N-autumn
sample_09963.jpg,0.4180768119521104,SRC_162,-90.0,77.7898,N-winter
sample_09964.jpg,0.4250991909428289,SRC_112,-30.0,67.516648,N-spring
sample_09965.jpg,0.3909484724370915,SRC_164,20.0,59.226879,N-autumn
sample_09966.jpg,0.3967913334417507,SRC_020,35.0,42.075965,N-summer
sample_09967.jpg,0.39700263202464214,SRC_013,50.0,54.051464,N-spring
sample_09968.jpg,0.4900596031510066,SRC_170,-20.0,56.332579,N-autumn
sample_09969.jpg,0.39783680050470926,SRC_009,-25.0,73.827745,N-spring
sample_09970.jpg,0.3833276680733559,SRC_004,30.0,61.107468,N-autumn
sample_09971.jpg,0.39784194352099045,SRC_084,-10.0,58.957849,N-summer
sample_09972.jpg,0.4669541560924223,SRC_028,10.0,42.894848,N-spring
sample_09973.jpg,0.503546899702435,SRC_158,-5.0,35.954137,N-winter
sample_09974.jpg,0.3889229649709935,SRC_156,10.0,48.737382,N-summer
sample_09975.jpg,0.5374594612375214,SRC_067,-15.0,64.724247,N-spring
sample_09976.jpg,0.4218544089966013,SRC_092,5.0,57.429528,N-autumn
sample_09977.jpg,0.5117769317499249,SRC_158,-5.0,35.954137,N-winter
sample_09978.jpg,0.385655971398028,SRC_096,25.0,40.422288,N-spring
sample_09979.jpg,0.5031551699385653,SRC_142,-30.0,34.276784,N-winter
sample_09980.jpg,0.4508974224844309,SRC_165,10.0,42.451267,N-winter
sample_09981.jpg,0.4978994466606779,SRC_009,-25.0,73.827745,N-spring
sample_09982.jpg,0.3768365600394714,SRC_063,25.0,41.329237,N-spring
sample_09983.jpg,0.3947984133883333,SRC_015,20.0,46.484204,N-summer
sample_09984.jpg,0.3938197143328573,SRC_076,25.0,63.632584,N-autumn
sample_09985.jpg,0.3946846263147648,SRC_159,20.0,67.076816,N-autumn
sample_09986.jpg,0.4484440473354053,SRC_157,40.0,44.22455,N-summer
sample_09987.jpg,0.42584298542233584,SRC_162,-90.0,77.7898,N-winter
sample_09988.jpg,0.43259386224114005,SRC_148,-15.0,49.227137,N-autumn
sample_09989.jpg,0.41261261242344344,SRC_103,-35.0,57.090396,N-autumn
sample_09990.jpg,0.39686944171556326,SRC_108,-40.0,68.856247,N-summer
sample_09991.jpg,0.39514410668317357,SRC_030,-25.0,67.936804,N-spring
sample_09992.jpg,0.3839734213201429,SRC_094,20.0,66.934532,N-autumn
sample_09993.jpg,0.39279103842254154,SRC_109,50.0,54.137665,N-summer
sample_09994.jpg,0.5064513826672508,SRC_076,25.0,63.632584,N-autumn
sample_09995.jpg,0.44533406853852064,SRC_142,-30.0,34.276784,N-winter
sample_09996.jpg,0.39098784041136553,SRC_082,-10.0,60.444036,N-spring
sample_09997.jpg,0.41029743761280846,SRC_080,-25.0,69.726065,N-summer
sample_09998.jpg,0.39968987125589506,SRC_112,-30.0,67.516648,N-spring
sample_09999.jpg,0.49895618016164417,SRC_051,20.0,63.609319,N-autumn
sample_10000.jpg,0.38875299655897283,SRC_005,0.0,55.846781,N-summer
sample_10001.jpg,0.3845966502131401,SRC_070,60.0,58.788969,N-summer
sample_10002.jpg,0.4927595269649129,SRC_010,90.0,74.440619,N-summer
sample_10003.jpg,0.3878543822993332,SRC_009,-25.0,73.827745,N-spring
sample_10004.jpg,0.3817575402363344,SRC_013,50.0,54.051464,N-spring
sample_10005.jpg,0.4110996778209824,SRC_067,-15.0,64.724247,N-spring
sample_10006.jpg,0.4378333694743334,SRC_052,5.0,51.705435,N-summer
sample_10007.jpg,0.49443851922422705,SRC_066,-10.0,61.81065,N-summer
sample_10008.jpg,0.38603052102696095,SRC_108,-40.0,68.856247,N-summer
sample_10009.jpg,0.39498819747901426,SRC_127,-35.0,47.507974,N-autumn
sample_10010.jpg,0.414491019906815,SRC_011,-20.0,70.371153,N-summer
sample_10011.jpg,0.3849528948831352,SRC_093,-25.0,43.343655,N-autumn
sample_10012.jpg,0.4433924454968311,SRC_115,25.0,41.8845,N-spring
sample_10013.jpg,0.4245731109464518,SRC_148,-15.0,49.227137,N-autumn
sample_10014.jpg,0.42410448931066663,SRC_089,10.0,48.442522,N-winter
sample_10015.jpg,0.3992361364387665,SRC_109,50.0,54.137665,N-summer
sample_10016.jpg,0.4130882257054044,SRC_056,-40.0,74.660587,N-summer
sample_10017.jpg,0.4295368002691612,SRC_106,25.0,40.638999,N-spring
sample_10018.jpg,0.40290307802189024,SRC_030,-25.0,67.936804,N-spring
sample_10019.jpg,0.3994979016408561,SRC_127,-35.0,47.507974,N-autumn
sample_10020.jpg,0.4067614165845098,SRC_157,40.0,44.22455,N-summer
sample_10021.jpg,0.37924835018354747,SRC_063,25.0,41.329237,N-spring
sample_10022.jpg,0.4327441941660421,SRC_144,-35.0,76.731052,N-spring
sample_10023.jpg,0.3860769800107729,SRC_067,-15.0,64.724247,N-spring
sample_10024.jpg,0.46156874814862714,SRC_065,30.0,68.700871,N-winter
sample_10025.jpg,0.3959296642634869,SRC_108,-40.0,68.856247,N-summer
sample_10026.jpg,0.4712275479578903,SRC_129,20.0,41.057252,N-spring
sample_10027.jpg,0.38687144463063644,SRC_157,40.0,44.22455,N-summer
sample_10028.jpg,0.5030568994957468,SRC_089,10.0,48.442522,N-winter
sample_10029.jpg,0.4893681605127547,SRC_069,25.0,48.120522,N-summer
sample_10030.jpg,0.4971497691670178,SRC_041,15.0,46.712049,N-summer
sample_10031.jpg,0.47866616951882524,SRC_127,-35.0,47.507974,N-autumn
sample_10032.jpg,0.3922388800833182,SRC_087,0.0,54.65824,N-summer
sample_10033.jpg,0.3915888678245386,SRC_004,30.0,61.107468,N-autumn
sample_10034.jpg,0.38951992556003373,SRC_076,25.0,63.632584,N-autumn
sample_10035.jpg,0.5289813000190999,SRC_106,25.0,40.638999,N-spring
sample_10036.jpg,0.3805379465190156,SRC_075,-90.0,65.329336,N-winter
sample_10037.jpg,0.47547593730104126,SRC_038,-15.0,32.097448,N-winter
sample_10038.jpg,0.3868464371268553,SRC_013,50.0,54.051464,N-spring
sample_10039.jpg,0.41264498483277967,SRC_112,-30.0,67.516648,N-spring
sample_10040.jpg,0.4266681900760846,SRC_050,0.0,53.680047,N-summer
sample_10041.jpg,0.5017703781981686,SRC_104,25.0,45.102036,N-summer
sample_10042.jpg,0.47501459783813954,SRC_099,15.0,42.024472,N-spring
sample_10043.jpg,0.384265061275343,SRC_114,-10.0,58.176498,N-autumn
sample_10044.jpg,0.41898524752040467,SRC_056,-40.0,74.660587,N-summer
sample_10045.jpg,0.4993402913850547,SRC_076,25.0,63.632584,N-autumn
sample_10046.jpg,0.38393250382198635,SRC_048,-25.0,61.920556,N-autumn
sample_10047.jpg,0.511647238406671,SRC_140,35.0,44.85556,N-spring
sample_10048.jpg,0.39079495432324773,SRC_099,15.0,42.024472,N-spring
sample_10049.jpg,0.3775529694515861,SRC_028,10.0,42.894848,N-spring
sample_10050.jpg,0.5137702376262766,SRC_092,5.0,57.429528,N-autumn
sample_10051.jpg,0.4154122928510044,SRC_042,10.0,36.92431,N-spring
sample_10052.jpg,0.3879359388766515,SRC_037,15.0,44.468297,N-spring
sample_10053.jpg,0.3922830199481253,SRC_013,50.0,54.051464,N-spring
sample_10054.jpg,0.4097358117471126,SRC_021,-90.0,68.040851,N-autumn
sample_10055.jpg,0.4105039845138367,SRC_009,-25.0,73.827745,N-spring
sample_10056.jpg,0.4100705260082077,SRC_124,0.0,51.928413,N-summer
sample_10057.jpg,0.4042393876444034,SRC_074,0.0,50.25459,N-spring
sample_10058.jpg,0.5051166291107696,SRC_103,-35.0,57.090396,N-autumn
sample_10059.jpg,0.46505741274815715,SRC_131,10.0,60.540464,N-autumn
sample_10060.jpg,0.4359882464889317,SRC_111,-35.0,79.069883,N-spring
sample_10061.jpg,0.4021631470477284,SRC_115,25.0,41.8845,N-spring
sample_10062.jpg,0.38552295550336463,SRC_150,10.0,50.798821,N-summer
sample_10063.jpg,0.3832661752186798,SRC_127,-35.0,47.507974,N-autumn
sample_10064.jpg,0.43020545092998097,SRC_013,50.0,54.051464,N-spring
sample_10065.jpg,0.3945084377883302,SRC_048,-25.0,61.920556,N-autumn
sample_10066.jpg,0.3800385734120404,SRC_121,25.0,67.446292,N-autumn
sample_10067.jpg,0.4022685300154204,SRC_092,5.0,57.429528,N-autumn
sample_10068.jpg,0.49705315526653154,SRC_154,0.0,54.770875,N-summer
sample_10069.jpg,0.3813568459472897,SRC_056,-40.0,74.660587,N-summer
sample_10070.jpg,0.4033566120858881,SRC_095,-20.0,56.495654,N-spring
sample_10071.jpg,0.4397678074984185,SRC_110,90.0,59.038071,N-summer
sample_10072.jpg,0.40569121933979047,SRC_094,20.0,66.934532,N-autumn
sample_10073.jpg,0.41621859893509916,SRC_112,-30.0,67.516648,N-spring
sample_10074.jpg,0.47981839050931274,SRC_086,15.0,43.648742,N-summer
sample_10075.jpg,0.5082412710022718,SRC_044,-90.0,81.862162,N-autumn
sample_10076.jpg,0.44523861190527486,SRC_042,10.0,36.92431,N-spring
sample_10077.jpg,0.4097475030108931,SRC_089,10.0,48.442522,N-winter
sample_10078.jpg,0.4689436287340705,SRC_081,-90.0,74.772433,N-autumn
sample_10079.jpg,0.38251313551911786,SRC_159,20.0,67.076816,N-autumn
sample_10080.jpg,0.48822690667785507,SRC_040,90.0,57.651744,N-spring
sample_10081.jpg,0.46114731654813335,SRC_157,40.0,44.22455,N-summer
sample_10082.jpg,0.4525134263376465,SRC_168,90.0,64.709631,N-summer
sample_10083.jpg,0.5090129250563815,SRC_107,20.0,65.68027,N-autumn
sample_10084.jpg,0.40473313926090865,SRC_006,-15.0,65.638079,N-spring
sample_10085.jpg,0.3893758446759167,SRC_139,40.0,53.533251,N-winter
sample_10086.jpg,0.3926308919211519,SRC_094,20.0,66.934532,N-autumn
sample_10087.jpg,0.3964271502872081,SRC_074,0.0,50.25459,N-spring
sample_10088.jpg,0.40256862403387395,SRC_124,0.0,51.928413,N-summer
sample_10089.jpg,0.39530953139739483,SRC_037,15.0,44.468297,N-spring
sample_10090.jpg,0.3947494158728181,SRC_075,-90.0,65.329336,N-winter
sample_10091.jpg,0.3943501752691828,SRC_109,50.0,54.137665,N-summer
sample_10092.jpg,0.5294997196488958,SRC_022,20.0,41.513642,N-spring
sample_10093.jpg,0.4547079834386259,SRC_101,5.0,48.479381,N-winter
sample_10094.jpg,0.38895709824940883,SRC_051,20.0,63.609319,N-autumn
sample_10095.jpg,0.5122015355070937,SRC_116,5.0,41.203028,N-spring
sample_10096.jpg,0.3849029870335458,SRC_013,50.0,54.051464,N-spring
sample_10097.jpg,0.5262595042487903,SRC_022,20.0,41.513642,N-spring
sample_10098.jpg,0.45353239473176765,SRC_041,15.0,46.712049,N-summer
sample_10099.jpg,0.4200592521178419,SRC_151,-15.0,63.408071,N-summer
sample_10100.jpg,0.4762735531727918,SRC_127,-35.0,47.507974,N-autumn
sample_10101.jpg,0.3888125737980569,SRC_024,10.0,53.725813,N-summer
sample_10102.jpg,0.41424916744452434,SRC_115,25.0,41.8845,N-spring
sample_10103.jpg,0.3922893241019719,SRC_093,-25.0,43.343655,N-autumn
sample_10104.jpg,0.41723211759275386,SRC_144,-35.0,76.731052,N-spring
sample_10105.jpg,0.437555695296113,SRC_115,25.0,41.8845,N-spring
sample_10106.jpg,0.45438721238021057,SRC_148,-15.0,49.227137,N-autumn
sample_10107.jpg,0.48409075519557765,SRC_123,0.0,54.598149,N-autumn
sample_10108.jpg,0.4802758825557484,SRC_129,20.0,41.057252,N-spring
sample_10109.jpg,0.4019983014814458,SRC_037,15.0,44.468297,N-spring
sample_10110.jpg,0.41272918208932585,SRC_091,-40.0,72.511342,N-summer
sample_10111.jpg,0.532149709680459,SRC_126,-20.0,68.779144,N-summer
sample_10112.jpg,0.40647272165417814,SRC_003,0.0,38.090051,N-spring
sample_10113.jpg,0.3895762443167553,SRC_141,-10.0,55.206291,N-spring
sample_10114.jpg,0.5114840455603344,SRC_144,-35.0,76.731052,N-spring
sample_10115.jpg,0.38948360361852263,SRC_121,25.0,67.446292,N-autumn
sample_10116.jpg,0.4011128833780931,SRC_040,90.0,57.651744,N-spring
sample_10117.jpg,0.48869636131072564,SRC_038,-15.0,32.097448,N-winter
sample_10118.jpg,0.43795983030360963,SRC_133,-10.0,48.887369,N-spring
sample_10119.jpg,0.38081730143590414,SRC_091,-40.0,72.511342,N-summer
sample_10120.jpg,0.39717416416781093,SRC_126,-20.0,68.779144,N-summer
sample_10121.jpg,0.4243739716689835,SRC_103,-35.0,57.090396,N-autumn
sample_10122.jpg,0.3958850652371693,SRC_084,-10.0,58.957849,N-summer
sample_10123.jpg,0.43695324225775656,SRC_006,-15.0,65.638079,N-spring
sample_10124.jpg,0.38966275877330603,SRC_096,25.0,40.422288,N-spring
sample_10125.jpg,0.4902542243591599,SRC_114,-10.0,58.176498,N-autumn
sample_10126.jpg,0.4023292652376946,SRC_045,-90.0,70.559818,N-autumn
sample_10127.jpg,0.494448119194648,SRC_099,15.0,42.024472,N-spring
sample_10128.jpg,0.39751879069098567,SRC_030,-25.0,67.936804,N-spring
sample_10129.jpg,0.38985713472577616,SRC_084,-10.0,58.957849,N-summer
sample_10130.jpg,0.44309244950631,SRC_010,90.0,74.440619,N-summer
sample_10131.jpg,0.5159411533306676,SRC_081,-90.0,74.772433,N-autumn
sample_10132.jpg,0.42837259294311014,SRC_062,45.0,81.508965,N-autumn
sample_10133.jpg,0.3849859305735545,SRC_118,35.0,49.493581,N-summer
sample_10134.jpg,0.3884869984447573,SRC_041,15.0,46.712049,N-summer
sample_10135.jpg,0.40287674770145826,SRC_114,-10.0,58.176498,N-autumn
sample_10136.jpg,0.3781412385518571,SRC_169,40.0,48.615664,N-summer
sample_10137.jpg,0.4259855092598369,SRC_094,20.0,66.934532,N-autumn
sample_10138.jpg,0.3857949494272918,SRC_084,-10.0,58.957849,N-summer
sample_10139.jpg,0.4201360269265044,SRC_133,-10.0,48.887369,N-spring
sample_10140.jpg,0.38747277868571217,SRC_084,-10.0,58.957849,N-summer
sample_10141.jpg,0.4295313821694637,SRC_051,20.0,63.609319,N-autumn
sample_10142.jpg,0.4869373147631803,SRC_108,-40.0,68.856247,N-summer
sample_10143.jpg,0.40008209045194054,SRC_158,-5.0,35.954137,N-winter
sample_10144.jpg,0.43940423531359524,SRC_065,30.0,68.700871,N-winter
sample_10145.jpg,0.4529259301353166,SRC_112,-30.0,67.516648,N-spring
sample_10146.jpg,0.39134680021356616,SRC_084,-10.0,58.957849,N-summer
sample_10147.jpg,0.5137922415397421,SRC_069,25.0,48.120522,N-summer
sample_10148.jpg,0.37526347195323373,SRC_090,50.0,47.196626,N-summer
sample_10149.jpg,0.37896656399619144,SRC_158,-5.0,35.954137,N-winter
sample_10150.jpg,0.49324113491587135,SRC_102,-10.0,52.255853,N-spring
sample_10151.jpg,0.40495027152420937,SRC_042,10.0,36.92431,N-spring
sample_10152.jpg,0.4085793495072001,SRC_009,-25.0,73.827745,N-spring
sample_10153.jpg,0.5127107684199225,SRC_148,-15.0,49.227137,N-autumn
sample_10154.jpg,0.3955076447023213,SRC_005,0.0,55.846781,N-summer
sample_10155.jpg,0.4525792648779478,SRC_029,-5.0,45.485648,N-autumn
sample_10156.jpg,0.4304070643382083,SRC_163,0.0,39.987447,N-winter
sample_10157.jpg,0.38058034136264063,SRC_169,40.0,48.615664,N-summer
sample_10158.jpg,0.4254651626254041,SRC_115,25.0,41.8845,N-spring
sample_10159.jpg,0.42113811710840937,SRC_040,90.0,57.651744,N-spring
sample_10160.jpg,0.3781461083027172,SRC_063,25.0,41.329237,N-spring
sample_10161.jpg,0.3832760410274719,SRC_027,35.0,41.369436,N-spring
sample_10162.jpg,0.40636133851220835,SRC_088,0.0,53.004483,N-summer
sample_10163.jpg,0.4709254867039478,SRC_168,90.0,64.709631,N-summer
sample_10164.jpg,0.481266956410455,SRC_168,90.0,64.709631,N-summer
sample_10165.jpg,0.36963844419626446,SRC_083,0.0,55.378885,N-spring
sample_10166.jpg,0.403647856750344,SRC_027,35.0,41.369436,N-spring
sample_10167.jpg,0.44462776723448216,SRC_050,0.0,53.680047,N-summer
sample_10168.jpg,0.48235832170442583,SRC_027,35.0,41.369436,N-spring
sample_10169.jpg,0.4394668093968421,SRC_111,-35.0,79.069883,N-spring
sample_10170.jpg,0.4391465273859966,SRC_141,-10.0,55.206291,N-spring
sample_10171.jpg,0.3901304183811153,SRC_109,50.0,54.137665,N-summer
sample_10172.jpg,0.4198598149848024,SRC_112,-30.0,67.516648,N-spring
sample_10173.jpg,0.4795244850725714,SRC_093,-25.0,43.343655,N-autumn
sample_10174.jpg,0.38813397250381615,SRC_158,-5.0,35.954137,N-winter
sample_10175.jpg,0.385286280492036,SRC_121,25.0,67.446292,N-autumn
sample_10176.jpg,0.42978038151253745,SRC_148,-15.0,49.227137,N-autumn
sample_10177.jpg,0.4033882011591089,SRC_126,-20.0,68.779144,N-summer
sample_10178.jpg,0.4535852945262643,SRC_061,50.0,43.110277,N-spring
sample_10179.jpg,0.4738568952708295,SRC_013,50.0,54.051464,N-spring
sample_10180.jpg,0.4272501060742523,SRC_144,-35.0,76.731052,N-spring
sample_10181.jpg,0.474515334069639,SRC_030,-25.0,67.936804,N-spring
sample_10182.jpg,0.39679700800413015,SRC_104,25.0,45.102036,N-summer
sample_10183.jpg,0.4045258784683048,SRC_103,-35.0,57.090396,N-autumn
sample_10184.jpg,0.40516940252558253,SRC_134,-30.0,69.607895,N-spring
sample_10185.jpg,0.4794351687225492,SRC_004,30.0,61.107468,N-autumn
sample_10186.jpg,0.3955529127873799,SRC_005,0.0,55.846781,N-summer
sample_10187.jpg,0.3781198862449041,SRC_123,0.0,54.598149,N-autumn
sample_10188.jpg,0.5100431720328357,SRC_129,20.0,41.057252,N-spring
sample_10189.jpg,0.5097741946638036,SRC_142,-30.0,34.276784,N-winter
sample_10190.jpg,0.49259807874155187,SRC_077,-5.0,34.299081,N-winter
sample_10191.jpg,0.5067042192668842,SRC_095,-20.0,56.495654,N-spring
sample_10192.jpg,0.38960308380362874,SRC_157,40.0,44.22455,N-summer
sample_10193.jpg,0.40110868513084696,SRC_045,-90.0,70.559818,N-autumn
sample_10194.jpg,0.4471828326321069,SRC_113,-35.0,36.668707,N-winter
sample_10195.jpg,0.39218704159746676,SRC_027,35.0,41.369436,N-spring
sample_10196.jpg,0.3770650710226566,SRC_090,50.0,47.196626,N-summer
sample_10197.jpg,0.5108927327472795,SRC_111,-35.0,79.069883,N-spring
sample_10198.jpg,0.38959521042286777,SRC_092,5.0,57.429528,N-autumn
sample_10199.jpg,0.4493920549240265,SRC_111,-35.0,79.069883,N-spring
sample_10200.jpg,0.4791807461363636,SRC_006,-15.0,65.638079,N-spring
sample_10201.jpg,0.5066475794238327,SRC_111,-35.0,79.069883,N-spring
sample_10202.jpg,0.3886733154404355,SRC_003,0.0,38.090051,N-spring
sample_10203.jpg,0.509420872688368,SRC_166,90.0,60.094207,N-spring
sample_10204.jpg,0.3867837840545708,SRC_074,0.0,50.25459,N-spring
sample_10205.jpg,0.4396716576997698,SRC_094,20.0,66.934532,N-autumn
sample_10206.jpg,0.44325046888638975,SRC_051,20.0,63.609319,N-autumn
sample_10207.jpg,0.4106367140069399,SRC_123,0.0,54.598149,N-autumn
sample_10208.jpg,0.40235183092323484,SRC_153,-40.0,43.960452,N-autumn
sample_10209.jpg,0.48610234167802363,SRC_108,-40.0,68.856247,N-summer
sample_10210.jpg,0.43422781982046377,SRC_134,-30.0,69.607895,N-spring
sample_10211.jpg,0.39043001481998135,SRC_121,25.0,67.446292,N-autumn
sample_10212.jpg,0.41709117273336116,SRC_038,-15.0,32.097448,N-winter
sample_10213.jpg,0.3707065268059401,SRC_063,25.0,41.329237,N-spring
sample_10214.jpg,0.3952070401625653,SRC_171,-35.0,63.65778,N-spring
sample_10215.jpg,0.3986537733373578,SRC_121,25.0,67.446292,N-autumn
sample_10216.jpg,0.43577218203472645,SRC_052,5.0,51.705435,N-summer
sample_10217.jpg,0.45430538356517863,SRC_070,60.0,58.788969,N-summer
sample_10218.jpg,0.5060420079548997,SRC_141,-10.0,55.206291,N-spring
sample_10219.jpg,0.39948277759569745,SRC_013,50.0,54.051464,N-spring
sample_10220.jpg,0.5081384785795409,SRC_131,10.0,60.540464,N-autumn
sample_10221.jpg,0.4153720683852741,SRC_040,90.0,57.651744,N-spring
sample_10222.jpg,0.3964494991524557,SRC_004,30.0,61.107468,N-autumn
sample_10223.jpg,0.45471402251166,SRC_051,20.0,63.609319,N-autumn
sample_10224.jpg,0.397561753807825,SRC_127,-35.0,47.507974,N-autumn
sample_10225.jpg,0.42271386966262725,SRC_148,-15.0,49.227137,N-autumn
sample_10226.jpg,0.39410535024438464,SRC_108,-40.0,68.856247,N-summer
sample_10227.jpg,0.39119095921043257,SRC_158,-5.0,35.954137,N-winter
sample_10228.jpg,0.4944381151193474,SRC_048,-25.0,61.920556,N-autumn
sample_10229.jpg,0.42397152033437735,SRC_142,-30.0,34.276784,N-winter
sample_10230.jpg,0.5113003292665865,SRC_141,-10.0,55.206291,N-spring
sample_10231.jpg,0.3771313091924909,SRC_037,15.0,44.468297,N-spring
sample_10232.jpg,0.3923879400323585,SRC_040,90.0,57.651744,N-spring
sample_10233.jpg,0.41846502841605454,SRC_069,25.0,48.120522,N-summer
sample_10234.jpg,0.38471982819118844,SRC_014,-40.0,38.480327,N-winter
sample_10235.jpg,0.4132927587298846,SRC_024,10.0,53.725813,N-summer
sample_10236.jpg,0.39964200986334797,SRC_013,50.0,54.051464,N-spring
sample_10237.jpg,0.4065824863776939,SRC_030,-25.0,67.936804,N-spring
sample_10238.jpg,0.39003103472490885,SRC_003,0.0,38.090051,N-spring
sample_10239.jpg,0.47367562988549583,SRC_102,-10.0,52.255853,N-spring
sample_10240.jpg,0.3788473908117366,SRC_041,15.0,46.712049,N-summer
sample_10241.jpg,0.45418672137713384,SRC_142,-30.0,34.276784,N-winter
sample_10242.jpg,0.47309991615048563,SRC_058,30.0,69.060883,N-autumn
sample_10243.jpg,0.5240816104776896,SRC_066,-10.0,61.81065,N-summer
sample_10244.jpg,0.4795404884442417,SRC_056,-40.0,74.660587,N-summer
sample_10245.jpg,0.37417866047679277,SRC_086,15.0,43.648742,N-summer
sample_10246.jpg,0.42120007349253796,SRC_106,25.0,40.638999,N-spring
sample_10247.jpg,0.4008572654039259,SRC_115,25.0,41.8845,N-spring
sample_10248.jpg,0.5272750350181388,SRC_016,10.0,55.552023,N-winter
sample_10249.jpg,0.41449083988902036,SRC_134,-30.0,69.607895,N-spring
sample_10250.jpg,0.3797956966541397,SRC_063,25.0,41.329237,N-spring
sample_10251.jpg,0.5034024832834987,SRC_151,-15.0,63.408071,N-summer
sample_10252.jpg,0.39658926018246604,SRC_021,-90.0,68.040851,N-autumn
sample_10253.jpg,0.4013179595312823,SRC_051,20.0,63.609319,N-autumn
sample_10254.jpg,0.4082301255682935,SRC_054,5.0,37.41608,N-winter
sample_10255.jpg,0.39053713940342577,SRC_109,50.0,54.137665,N-summer
sample_10256.jpg,0.39822238165696683,SRC_103,-35.0,57.090396,N-autumn
sample_10257.jpg,0.3939214560826492,SRC_037,15.0,44.468297,N-spring
sample_10258.jpg,0.3981631956344017,SRC_109,50.0,54.137665,N-summer
sample_10259.jpg,0.4979464963384984,SRC_116,5.0,41.203028,N-spring
sample_10260.jpg,0.48155919582660306,SRC_058,30.0,69.060883,N-autumn
sample_10261.jpg,0.38819053808465187,SRC_082,-10.0,60.444036,N-spring
sample_10262.jpg,0.3854810858431283,SRC_027,35.0,41.369436,N-spring
sample_10263.jpg,0.38539775660365283,SRC_013,50.0,54.051464,N-spring
sample_10264.jpg,0.5245129976208147,SRC_011,-20.0,70.371153,N-summer
sample_10265.jpg,0.3979212815047083,SRC_003,0.0,38.090051,N-spring
sample_10266.jpg,0.48483405827444875,SRC_074,0.0,50.25459,N-spring
sample_10267.jpg,0.4874990969082054,SRC_061,50.0,43.110277,N-spring
sample_10268.jpg,0.4812426501966492,SRC_028,10.0,42.894848,N-spring
sample_10269.jpg,0.4766270364384201,SRC_066,-10.0,61.81065,N-summer
sample_10270.jpg,0.39618258639334386,SRC_096,25.0,40.422288,N-spring
sample_10271.jpg,0.39437104461216893,SRC_022,20.0,41.513642,N-spring
sample_10272.jpg,0.39673811989777863,SRC_153,-40.0,43.960452,N-autumn
sample_10273.jpg,0.41105448215727636,SRC_094,20.0,66.934532,N-autumn
sample_10274.jpg,0.399176891343719,SRC_013,50.0,54.051464,N-spring
sample_10275.jpg,0.5126961874675062,SRC_095,-20.0,56.495654,N-spring
sample_10276.jpg,0.39358463907093627,SRC_051,20.0,63.609319,N-autumn
sample_10277.jpg,0.4959716450824322,SRC_037,15.0,44.468297,N-spring
sample_10278.jpg,0.43789182920405123,SRC_115,25.0,41.8845,N-spring
sample_10279.jpg,0.4027437610046035,SRC_006,-15.0,65.638079,N-spring
sample_10280.jpg,0.4170470156952903,SRC_076,25.0,63.632584,N-autumn
sample_10281.jpg,0.456045979400614,SRC_110,90.0,59.038071,N-summer
sample_10282.jpg,0.4425834917822421,SRC_052,5.0,51.705435,N-summer
sample_10283.jpg,0.3716197535127303,SRC_090,50.0,47.196626,N-summer
sample_10284.jpg,0.42094782724491003,SRC_074,0.0,50.25459,N-spring
sample_10285.jpg,0.4023845476759079,SRC_065,30.0,68.700871,N-winter
sample_10286.jpg,0.48405068189584777,SRC_005,0.0,55.846781,N-summer
sample_10287.jpg,0.3956796231012445,SRC_065,30.0,68.700871,N-winter
sample_10288.jpg,0.42081683845226314,SRC_144,-35.0,76.731052,N-spring
sample_10289.jpg,0.385266533094221,SRC_013,50.0,54.051464,N-spring
sample_10290.jpg,0.38887988310706956,SRC_046,0.0,58.061031,N-autumn
sample_10291.jpg,0.38688873927072487,SRC_041,15.0,46.712049,N-summer
sample_10292.jpg,0.4770632038320712,SRC_134,-30.0,69.607895,N-spring
sample_10293.jpg,0.40355271827096806,SRC_042,10.0,36.92431,N-spring
sample_10294.jpg,0.4659463007959512,SRC_066,-10.0,61.81065,N-summer
sample_10295.jpg,0.39056926835076505,SRC_014,-40.0,38.480327,N-winter
sample_10296.jpg,0.4965712722513723,SRC_066,-10.0,61.81065,N-summer
sample_10297.jpg,0.4765820319720421,SRC_172,55.0,47.744159,N-summer
sample_10298.jpg,0.5123878542328104,SRC_133,-10.0,48.887369,N-spring
sample_10299.jpg,0.38755275515635085,SRC_121,25.0,67.446292,N-autumn
sample_10300.jpg,0.3732135908531891,SRC_056,-40.0,74.660587,N-summer
sample_10301.jpg,0.5005543205729148,SRC_041,15.0,46.712049,N-summer
sample_10302.jpg,0.39589127864704193,SRC_058,30.0,69.060883,N-autumn
sample_10303.jpg,0.4056652040800997,SRC_088,0.0,53.004483,N-summer
sample_10304.jpg,0.3957753517191142,SRC_009,-25.0,73.827745,N-spring
sample_10305.jpg,0.3963287921245359,SRC_021,-90.0,68.040851,N-autumn
sample_10306.jpg,0.3847409506909182,SRC_024,10.0,53.725813,N-summer
sample_10307.jpg,0.4927576060159553,SRC_090,50.0,47.196626,N-summer
sample_10308.jpg,0.455130611206333,SRC_132,5.0,51.83727,N-summer
sample_10309.jpg,0.3745447904473889,SRC_063,25.0,41.329237,N-spring
sample_10310.jpg,0.4724485809142346,SRC_129,20.0,41.057252,N-spring
sample_10311.jpg,0.5102184440679942,SRC_052,5.0,51.705435,N-summer
sample_10312.jpg,0.37154054581592766,SRC_042,10.0,36.92431,N-spring
sample_10313.jpg,0.42853596118825343,SRC_065,30.0,68.700871,N-winter
sample_10314.jpg,0.3981291164049034,SRC_103,-35.0,57.090396,N-autumn
sample_10315.jpg,0.3784346816041049,SRC_020,35.0,42.075965,N-summer
sample_10316.jpg,0.39829849557347297,SRC_165,10.0,42.451267,N-winter
sample_10317.jpg,0.39395198815168625,SRC_171,-35.0,63.65778,N-spring
sample_10318.jpg,0.39352418303211617,SRC_037,15.0,44.468297,N-spring
sample_10319.jpg,0.49475231271561587,SRC_094,20.0,66.934532,N-autumn
sample_10320.jpg,0.4366561557329174,SRC_009,-25.0,73.827745,N-spring
sample_10321.jpg,0.4854918221198181,SRC_024,10.0,53.725813,N-summer
sample_10322.jpg,0.401275533173113,SRC_082,-10.0,60.444036,N-spring
sample_10323.jpg,0.4887748871516834,SRC_080,-25.0,69.726065,N-summer
sample_10324.jpg,0.38829058888600654,SRC_114,-10.0,58.176498,N-autumn
sample_10325.jpg,0.4912439964485421,SRC_083,0.0,55.378885,N-spring
sample_10326.jpg,0.40743544955162736,SRC_051,20.0,63.609319,N-autumn
sample_10327.jpg,0.5061421152632467,SRC_104,25.0,45.102036,N-summer
sample_10328.jpg,0.4059695453490676,SRC_059,15.0,48.046698,N-summer
sample_10329.jpg,0.5147345961848251,SRC_044,-90.0,81.862162,N-autumn
sample_10330.jpg,0.39268184695426966,SRC_051,20.0,63.609319,N-autumn
sample_10331.jpg,0.5085436725825716,SRC_072,15.0,46.966801,N-winter
sample_10332.jpg,0.36817869277075765,SRC_141,-10.0,55.206291,N-spring
sample_10333.jpg,0.43722801711445214,SRC_029,-5.0,45.485648,N-autumn
sample_10334.jpg,0.39001206503883684,SRC_086,15.0,43.648742,N-summer
sample_10335.jpg,0.3926990348067657,SRC_021,-90.0,68.040851,N-autumn
sample_10336.jpg,0.49478073435076286,SRC_058,30.0,69.060883,N-autumn
sample_10337.jpg,0.4538866718296344,SRC_047,0.0,48.028677,N-spring
sample_10338.jpg,0.5152180401768021,SRC_081,-90.0,74.772433,N-autumn
sample_10339.jpg,0.409722951171975,SRC_042,10.0,36.92431,N-spring
sample_10340.jpg,0.44065553062583024,SRC_038,-15.0,32.097448,N-winter
sample_10341.jpg,0.48437718954043707,SRC_087,0.0,54.65824,N-summer
sample_10342.jpg,0.3882388169652429,SRC_091,-40.0,72.511342,N-summer
sample_10343.jpg,0.41762613249264036,SRC_115,25.0,41.8845,N-spring
sample_10344.jpg,0.5027778798165843,SRC_065,30.0,68.700871,N-winter
sample_10345.jpg,0.37541364957704654,SRC_013,50.0,54.051464,N-spring
sample_10346.jpg,0.40572079801882593,SRC_020,35.0,42.075965,N-summer
sample_10347.jpg,0.45453239484688873,SRC_066,-10.0,61.81065,N-summer
sample_10348.jpg,0.3892075319412419,SRC_004,30.0,61.107468,N-autumn
sample_10349.jpg,0.3998201250713804,SRC_076,25.0,63.632584,N-autumn
sample_10350.jpg,0.39226558025583125,SRC_169,40.0,48.615664,N-summer
sample_10351.jpg,0.446908021817087,SRC_104,25.0,45.102036,N-summer
sample_10352.jpg,0.3837204101349626,SRC_042,10.0,36.92431,N-spring
sample_10353.jpg,0.3879585832728395,SRC_093,-25.0,43.343655,N-autumn
sample_10354.jpg,0.39604763981589436,SRC_091,-40.0,72.511342,N-summer
sample_10355.jpg,0.437235744019858,SRC_009,-25.0,73.827745,N-spring
sample_10356.jpg,0.3852305250165965,SRC_022,20.0,41.513642,N-spring
sample_10357.jpg,0.42865339976173117,SRC_112,-30.0,67.516648,N-spring
sample_10358.jpg,0.4025321340317191,SRC_130,25.0,37.507656,N-spring
sample_10359.jpg,0.39368951695521714,SRC_103,-35.0,57.090396,N-autumn
sample_10360.jpg,0.44896849425479335,SRC_019,90.0,60.00919,N-summer
sample_10361.jpg,0.40204838006275284,SRC_087,0.0,54.65824,N-summer
sample_10362.jpg,0.3809822988420176,SRC_022,20.0,41.513642,N-spring
sample_10363.jpg,0.518580436343516,SRC_066,-10.0,61.81065,N-summer
sample_10364.jpg,0.3995839408314968,SRC_029,-5.0,45.485648,N-autumn
sample_10365.jpg,0.4915122031008308,SRC_012,-90.0,85.677016,N-autumn
sample_10366.jpg,0.3980904512703945,SRC_059,15.0,48.046698,N-summer
sample_10367.jpg,0.41293634489164066,SRC_092,5.0,57.429528,N-autumn
sample_10368.jpg,0.39970561622180184,SRC_124,0.0,51.928413,N-summer
sample_10369.jpg,0.5329619016221709,SRC_111,-35.0,79.069883,N-spring
sample_10370.jpg,0.37410270275142776,SRC_114,-10.0,58.176498,N-autumn
sample_10371.jpg,0.4002608673313904,SRC_013,50.0,54.051464,N-spring
sample_10372.jpg,0.4039471489574358,SRC_150,10.0,50.798821,N-summer
sample_10373.jpg,0.4010196362586192,SRC_096,25.0,40.422288,N-spring
sample_10374.jpg,0.38804003082161326,SRC_005,0.0,55.846781,N-summer
sample_10375.jpg,0.3748165690580132,SRC_063,25.0,41.329237,N-spring
sample_10376.jpg,0.5289212526811701,SRC_081,-90.0,74.772433,N-autumn
sample_10377.jpg,0.46554371973089415,SRC_140,35.0,44.85556,N-spring
sample_10378.jpg,0.41982936318916453,SRC_112,-30.0,67.516648,N-spring
sample_10379.jpg,0.39849971601547896,SRC_103,-35.0,57.090396,N-autumn
sample_10380.jpg,0.4409706263742274,SRC_143,90.0,68.916652,N-spring
sample_10381.jpg,0.39299845932681066,SRC_096,25.0,40.422288,N-spring
sample_10382.jpg,0.4885952153988061,SRC_011,-20.0,70.371153,N-summer
sample_10383.jpg,0.3910399610035688,SRC_029,-5.0,45.485648,N-autumn
sample_10384.jpg,0.38703912220912895,SRC_027,35.0,41.369436,N-spring
sample_10385.jpg,0.41913200334665984,SRC_144,-35.0,76.731052,N-spring
sample_10386.jpg,0.5020415271650742,SRC_075,-90.0,65.329336,N-winter
sample_10387.jpg,0.5010093902620143,SRC_041,15.0,46.712049,N-summer
sample_10388.jpg,0.3839083863094542,SRC_109,50.0,54.137665,N-summer
sample_10389.jpg,0.440518507393839,SRC_148,-15.0,49.227137,N-autumn
sample_10390.jpg,0.44316169171734493,SRC_154,0.0,54.770875,N-summer
sample_10391.jpg,0.5049458098341614,SRC_131,10.0,60.540464,N-autumn
sample_10392.jpg,0.421712406404594,SRC_095,-20.0,56.495654,N-spring
sample_10393.jpg,0.4688435820259965,SRC_145,-5.0,52.15166,N-spring
sample_10394.jpg,0.4246226046805974,SRC_109,50.0,54.137665,N-summer
sample_10395.jpg,0.4818517837882542,SRC_135,5.0,41.328761,N-winter
sample_10396.jpg,0.39096958161202217,SRC_158,-5.0,35.954137,N-winter
sample_10397.jpg,0.49339885985020143,SRC_171,-35.0,63.65778,N-spring
sample_10398.jpg,0.393469801094838,SRC_139,40.0,53.533251,N-winter
sample_10399.jpg,0.39247741379134743,SRC_091,-40.0,72.511342,N-summer
sample_10400.jpg,0.4946535348972475,SRC_051,20.0,63.609319,N-autumn
sample_10401.jpg,0.4414518145551967,SRC_069,25.0,48.120522,N-summer
sample_10402.jpg,0.39185589947677996,SRC_091,-40.0,72.511342,N-summer
sample_10403.jpg,0.3826419018250758,SRC_062,45.0,81.508965,N-autumn
sample_10404.jpg,0.39190296993001217,SRC_124,0.0,51.928413,N-summer
sample_10405.jpg,0.36706036806074444,SRC_090,50.0,47.196626,N-summer
sample_10406.jpg,0.38393977119704953,SRC_109,50.0,54.137665,N-summer
sample_10407.jpg,0.39090101993401644,SRC_093,-25.0,43.343655,N-autumn
sample_10408.jpg,0.4041714184798342,SRC_022,20.0,41.513642,N-spring
sample_10409.jpg,0.46006118178127425,SRC_099,15.0,42.024472,N-spring
sample_10410.jpg,0.44433074869254685,SRC_156,10.0,48.737382,N-summer
sample_10411.jpg,0.4182594438340491,SRC_054,5.0,37.41608,N-winter
sample_10412.jpg,0.3800744148844072,SRC_139,40.0,53.533251,N-winter
sample_10413.jpg,0.38104527444906827,SRC_121,25.0,67.446292,N-autumn
sample_10414.jpg,0.5094128465270107,SRC_091,-40.0,72.511342,N-summer
sample_10415.jpg,0.4065139981874905,SRC_085,0.0,39.187341,N-spring
sample_10416.jpg,0.40499970766310434,SRC_030,-25.0,67.936804,N-spring
sample_10417.jpg,0.38514993451139296,SRC_104,25.0,45.102036,N-summer
sample_10418.jpg,0.39021237495655925,SRC_113,-35.0,36.668707,N-winter
sample_10419.jpg,0.43088915391412846,SRC_059,15.0,48.046698,N-summer
sample_10420.jpg,0.515192800083884,SRC_134,-30.0,69.607895,N-spring
sample_10421.jpg,0.3791126387501299,SRC_042,10.0,36.92431,N-spring
sample_10422.jpg,0.38601494496908234,SRC_005,0.0,55.846781,N-summer
